problem_name,solver_name,run_id,final_archive_size           [archive solutions at the last iteration],final_igd                    [IGD of the final archive],final_gd                     [GD of the final archive],final_hypervolume            [hypervolume of the final archive],final_spacing                [spacing of the final archive],final_spread                 [spread of the final archive],final_feasibility_pct        [% feasible in population at the last iteration],final_front_feasibility_pct  [% of returned front members satisfying all constraints],final_feasible_front         [objective vectors of FEASIBLE front members only; for honest cross-algorithm HV],p_red                        [mean relative error distance across all iterations; 0=ideal],run_time_s
DTNK3,CCPSO_strict_archsentry,1,100,0.004415,0.008742,0.650624,0.004535,0.747431,16.0000,100.0000,"[[0.759173249642161, 0.9299863656053837], [0.8943146464978116, 0.6663691625351955], [0.770952744599461, 0.87560839944597], [0.04211783583493553, 1.238350937226745], [1.0193001207243215, 0.2742256938402659], [0.12710758918113574, 1.1681570735725584], [0.11026548949198128, 1.1847466105849225], [0.5517628367130953, 0.9801985706443879], [1.0387089735737374, 0.2420042142053947], [0.1840582883264855, 1.1337297503889414], [0.7311917601640489, 0.9523668391109414], [0.9314911074475458, 0.3879444421835762], [0.5297323507525166, 0.9881539688943077], [0.9337254391089723, 0.3778801729861947], [0.09848656469742907, 1.1955034562135232], [0.49095826536285964, 1.0366422723692466], [0.9781146406892591, 0.31916633861334953], [0.830361218121265, 0.6967667935366584], [0.86993817071025, 0.6764645826558795], [1.0249538869370847, 0.26371933172038653], [0.509698661269846, 1.0243779710470213], [0.772557721430509, 0.8696083537261314], [0.7652295268411566, 0.9058492993775678], [0.9875714813920099, 0.3059636940777912], [0.8061652681426286, 0.710839538829878], [0.19110470173308453, 1.1298381563034807], [0.1390754519943077, 1.1555990388374824], [0.45698209031900405, 1.1125008518958397], [0.8964037103039444, 0.6654251635723285], [0.7388926512773846, 0.9463868285202786], [0.9111574446864352, 0.6613153150188233], [0.47671656182278105, 1.0776752129025047], [0.7742758416746323, 0.7850035899118017], [0.8841318049849695, 0.672443749148742], [0.5026262304475761, 1.030589474118906], [0.48447277476721345, 1.0606961829514576], [0.6255440414780209, 0.9738356517599243], [0.45659884241847976, 1.123100493537256], [1.005430471650698, 0.287738018136435], [0.17438535465765959, 1.1338621179407768], [0.5699468695098349, 0.9775922360256699], [0.7791994409553578, 0.7587350651257143], [0.07892899109592263, 1.212984289664329], [0.19867729533431494, 1.1295191961655087], [0.48101532851327555, 1.0702068925561186], [0.5148567488010221, 0.9994831244617763], [0.8201310284031441, 0.7007344503313357], [0.7997140085596759, 0.7203852822105303], [0.7287159030119206, 0.9596807419565638], [0.9375162135959924, 0.36640593327676885], [0.0663387004058182, 1.2234568322540615], [0.9136965604006184, 0.6586845610916587], [0.10440388836533851, 1.1889218912994823], [0.9532926440272071, 0.3422348611366827], [0.1342051487755211, 1.1632944368436593], [0.11500487142192756, 1.1784253902461876], [0.9994672891642282, 0.2939400761642852], [0.5113508101906863, 1.0031883986447816], [0.7728239197508392, 0.8525807739691464], [0.7830873769210438, 0.7473661314502018], [0.8443891881151706, 0.6941167737167262], [0.8123777652635349, 0.7049271981800476], [0.5460746535605319, 0.9864374449083126], [0.4697984939962756, 1.089082994382869], [0.05829928433337913, 1.2287941256924841], [0.6999806690042356, 0.9672065427864303], [0.7613627150119557, 0.9119459487148938], [0.09136566012655764, 1.2025637499770896], [0.9606556224733096, 0.3360523666885358], [0.46330525213226487, 1.1028648326269141], [0.08493030690050607, 1.2079995399443455], [0.16407902000606395, 1.1392792808694707], [0.12256429514310295, 1.172660032969775], [0.9651587141253927, 0.3285252121242528], [0.9440111554886647, 0.35619986126039893], [0.157704277098505, 1.1464098763351593], [0.9930820838903156, 0.3004156500002242], [1.011823529935956, 0.2815259796662579], [0.14774145417561152, 1.1500193417234679], [0.7149207309384853, 0.9640491492295582], [0.7863617224601627, 0.7318919948062281], [0.9714829025109858, 0.32262072940075226], [0.7759112565213879, 0.7628687533014415], [0.9284420814880838, 0.6557508153526561], [0.7566704366776345, 0.9446167738837312], [0.7708670379897526, 0.8935749001777711], [0.9491230494906664, 0.34855117570810096], [0.7920302882856444, 0.727507320906043], [1.0305577974060027, 0.2559702729937374], [1.0344220214003452, 0.24943525657295873], [0.9298342225314226, 0.39600478938026706], [0.49060522789367017, 1.0568311379665882], [0.9423039987224667, 0.3626140249210673], [0.9830921846019622, 0.3104436739108336], [0.592868011789349, 0.9741866319456789], [0.46718625951412013, 1.1024483841143793], [0.051065810488245295, 1.2338069271571757], [0.8513099428384512, 0.6878546226018392], [1.0190345595190218, 0.2807548361897999], [0.07227782697453614, 1.2188826425003965]]",0.022205,20.54
DTNK3,CCPSO_strict_archsentry,2,100,0.004146,0.007895,0.702617,0.004198,0.728166,22.0000,100.0000,"[[0.49748112557519414, 1.0265257372196543], [0.11190740594922086, 1.1817658272062501], [0.724866192694854, 0.9606007341609597], [0.4713142411243402, 1.0869101247869453], [0.4771794176341495, 1.073806209821057], [0.5726610920787047, 0.9758016404617957], [0.9316014720844911, 0.384198799809847], [0.9356569475669821, 0.370457345745388], [0.45782028592338836, 1.111877438643746], [0.8766142911270893, 0.6764518749205926], [0.4848988858609125, 1.0529808275981283], [0.8550167069167025, 0.6896150074724667], [0.9563392493288032, 0.34308555495029813], [0.4528985652872171, 1.1253027114723246], [0.7994805347611661, 0.7229489881197451], [0.9307746674135398, 0.39213969194305165], [0.7145597798701502, 0.96099739325498], [0.1401294235209599, 1.155062404069964], [0.9963809291888007, 0.2974258369070877], [0.7653045847540372, 0.9197765776670037], [0.2021191260210642, 1.129117584949521], [0.88633614860342, 0.6704149219658847], [0.09798747280520897, 1.1965332726046878], [0.5282159163765037, 0.9885412992664557], [0.8183636785182845, 0.7007269137270766], [0.04174557563782733, 1.2384824996860233], [0.49040002749726097, 1.045517302752143], [0.15364829632300464, 1.1454985383804213], [0.8642615607002899, 0.6796494819002921], [0.9255631164869206, 0.6514917256359576], [0.7303195506701876, 0.9541086323962402], [0.7750024049244627, 0.7956188086471698], [0.9232860949852891, 0.6619208974805895], [0.5376263644037262, 0.9852833626784281], [0.05840790846005462, 1.2300879939335618], [0.5126920123465759, 1.009490272412619], [0.5467627314355348, 0.9799191304162782], [0.9782875717129531, 0.3161816786266648], [0.6770483598568554, 0.970552992670926], [0.07768780048552743, 1.2141250787473739], [0.4930572198416681, 1.0361246667713566], [0.7734611853662279, 0.8174543871705315], [0.9848018804571925, 0.30890246118892917], [0.7780673961320882, 0.7769254128652117], [0.9123175128356493, 0.6629098961065554], [0.1798120945909879, 1.1342024073427623], [0.1339744700937251, 1.1616453739020467], [0.06504114268088387, 1.2263977699400346], [0.9004523762156441, 0.6672452134172662], [0.4691041582469662, 1.098991104011146], [0.8363657048984172, 0.6913430830800869], [0.9680018127975822, 0.3263881998485792], [0.9477480735306628, 0.35562183618000165], [0.7869215375879572, 0.7325511909616109], [0.7812802187383936, 0.7475115656671041], [0.9490961714946592, 0.3473204587826207], [0.4804934207913255, 1.0680941613078485], [0.5069475128258691, 1.0209874506127279], [0.7739555384410595, 0.7972710088790755], [0.9407389105635364, 0.36090281288420584], [0.8307638805165304, 0.6970856819059259], [0.16152295453187454, 1.140789757399017], [0.9905275023568046, 0.30413538949056723], [0.17088474154350386, 1.1359203402587044], [0.07135193680747189, 1.219290338778437], [0.5617241364079066, 0.9776200952428109], [0.7903149749403859, 0.7266189914276933], [1.0383633450037861, 0.2419778712258404], [0.0928864289824698, 1.204065586360511], [0.7041810195942296, 0.9682078362965851], [0.08509871246602307, 1.208717864194594], [1.0186463755794306, 0.27453511196733393], [0.5922183631332341, 0.9735247093473911], [0.6693605696646169, 0.9713803301940414], [0.8077090361141104, 0.7128412819447545], [0.7684160108962113, 0.88808695620837], [0.5848479270025742, 0.974567838561623], [0.7433874258997024, 0.9416746483681948], [0.7025998891889985, 0.9697832225922185], [0.7788514891482068, 0.7703137739318102], [0.146429818244176, 1.150814334920831], [0.10523746449513711, 1.1894096743088223], [1.0288370789048424, 0.26055955941516135], [0.46501988765873353, 1.1017604253575155], [0.9295131040229686, 0.40307468222377524], [0.521050446151163, 0.9943714266373338], [0.19010147080476797, 1.132904974264696], [0.7790355639628415, 0.7594064176212985], [1.0103328949627994, 0.2822647181788976], [0.9624675334845187, 0.3315338381587874], [0.5166224581006832, 0.9977254295334304], [0.050589922188799194, 1.2345054610936632], [1.023663904077163, 0.26907839464994543], [0.7581889798032981, 0.9307559535921806], [0.9725525337548633, 0.3208924072284517], [0.1265228157362951, 1.1673033670362416], [0.8128995484367418, 0.7067181984192132], [1.0038503861618064, 0.2904459671399824], [1.0351755362774384, 0.25152726293491656], [0.11884972770288997, 1.1751575625885282]]",0.023362,19.06
DTNK3,CCPSO_strict_archsentry,3,100,0.003964,0.009472,0.798397,0.004887,0.738937,21.0000,100.0000,"[[0.7741761435065124, 0.7815046372208245], [0.8706083201282939, 0.6843448216152084], [1.018438890245046, 0.27461522208196176], [0.7739569766700644, 0.842637650231473], [0.9510278664264815, 0.34472900663817435], [0.7437211702531258, 0.9408364537052487], [0.9314673856088458, 0.38370113505520015], [0.8433867728806669, 0.6904232046249039], [0.09242376654351958, 1.2011469635785048], [0.9907035010191027, 0.3032926523823533], [0.9052730484241759, 0.6612068967937186], [0.9415462192438, 0.3586134030990441], [1.034004329485273, 0.25033799838545767], [0.9754173431721033, 0.32356487589783384], [0.6221600533874985, 0.9733089753647177], [0.6909057395603173, 0.9727883259792642], [0.48386037242099483, 1.0522660097154948], [0.929872160751876, 0.39409764062739094], [0.5699012647462834, 0.9779793240883967], [0.1421411945618442, 1.1539296668628367], [0.7711580273544316, 0.8887348400646016], [0.7724796981351869, 0.8555899374211484], [0.9240299858331931, 0.6544116596346522], [0.47600063248460883, 1.0712477478415308], [0.5094405242980462, 1.0051951631734568], [0.7674173148361018, 0.9043301346798305], [0.9383643963781214, 0.36584508990993087], [0.5299785141807754, 0.9907936610699635], [0.6981746062121723, 0.9723009862994993], [0.8217594842492244, 0.7004219658787576], [0.09914716066406548, 1.1945107899122342], [0.48046718556761564, 1.0651212988509446], [0.4511697977624466, 1.1292001658412714], [0.07935903722346693, 1.213511186031427], [0.7978958447984215, 0.7193070935022312], [0.9634310949370103, 0.33160371088414364], [0.042974394718668166, 1.2389019429945418], [0.8495069299032135, 0.687397297382081], [0.13459381408152266, 1.1595417227371052], [0.5493547801658087, 0.9807480614813935], [0.8982909938287574, 0.6643020177084802], [0.7934295952020319, 0.7287751214281055], [0.5219811274601526, 0.9968808812680532], [0.1893110422549414, 1.1299596614940075], [0.1157515013231105, 1.1788659202865888], [0.9571953950574918, 0.33915359711526194], [0.8879376273730151, 0.6687798455838228], [0.9354338738047142, 0.3728650176792508], [0.1853656635692296, 1.133695569672917], [0.9834502986726696, 0.31053189311286833], [0.05720593464665294, 1.2294907549478349], [0.9963205769447432, 0.2985592350896078], [0.08511685728094281, 1.2075329174700842], [0.9791829927872473, 0.3166038157622218], [0.4642046949852489, 1.1069559004123624], [0.47258462162894166, 1.0853306119722586], [0.7813822910180468, 0.7434903810066606], [1.0007646706077962, 0.29267295913270264], [0.8058226646808921, 0.7172059132488655], [0.7346865771140874, 0.9487224337388056], [1.0299224069386121, 0.25852851456471626], [0.10466876329497618, 1.1905210451463024], [0.878391844861717, 0.6765135124092421], [0.7839145287539012, 0.736453796715679], [1.006055804641085, 0.2883694137807206], [0.050139914929540244, 1.234151400501218], [0.7567586693930228, 0.9364512222702472], [0.14863307576649917, 1.1486627980451067], [0.5431731564991793, 0.9900179403716913], [0.8677831352591161, 0.68549494447052], [0.17386517409358312, 1.136308917736427], [0.7631002711702057, 0.9134194368502246], [0.21110771951482432, 1.1299372529970566], [0.9464988729155002, 0.3516279050152307], [0.913510773343607, 0.6593982601435164], [1.012898411207659, 0.2810272193989685], [0.505238415788638, 1.019354949080474], [0.49530987098047774, 1.0321956632592737], [0.9666671001423109, 0.3270130039297557], [0.45570071074953616, 1.1164485758562708], [0.4709261067624451, 1.096481563292498], [1.03841964937048, 0.24302220565315236], [0.5821899945461664, 0.9762120916394732], [0.5010297721776271, 1.0260337216152513], [0.13064059390290284, 1.16683908816729], [0.07480345686276998, 1.2195936323219931], [0.12521746205903928, 1.1702058446865602], [0.8336438293151488, 0.6952542006309733], [0.10905813038987368, 1.1849677769397602], [0.716581124635227, 0.9691878817916062], [0.8115179275295148, 0.7049797740081056], [0.7575410386119192, 0.923209827284805], [1.0285005607180082, 0.2656215912478417], [0.0663666253279248, 1.2246605539865845], [0.4885325853684851, 1.0417210560394592], [0.7211587775932748, 0.9584787690570871], [0.7792605112116162, 0.7517808679473053], [0.5587415031900377, 0.9787331178554532], [0.15309282161009172, 1.1451452252417629], [0.16258849243816842, 1.1402037776124405]]",0.017060,18.47
DTNK3,CCPSO_strict_archsentry,4,100,0.004124,0.010626,0.774850,0.004102,0.708583,24.0000,100.0000,"[[0.4850126950134171, 1.0553748292436278], [0.48711015230396737, 1.0483969421493164], [0.0860593089901375, 1.2069041245686196], [0.07374135750397834, 1.2174652234303867], [0.05916090507906556, 1.2285012369597932], [0.10323030170297268, 1.1926261881752918], [0.9551892655447066, 0.34296069381493], [0.9388863330303936, 0.3627434757251704], [0.8258833145682603, 0.6972846454593058], [0.9480866549118045, 0.3491269075479779], [0.7912751630256236, 0.7252964164972733], [0.8911263918401683, 0.6714893429340383], [0.7735686622629763, 0.8317851946591364], [0.7137959628924674, 0.9605928533645709], [0.807274549924232, 0.7119332013092798], [0.9678515807525844, 0.3258421367538923], [0.49558413722709255, 1.031649157486656], [0.504800625557668, 1.014626777758271], [0.990948966846966, 0.3044181684370063], [0.5525348551759588, 0.9783735257095691], [0.14636330712641415, 1.1514644860574372], [0.4748486161613411, 1.0811163332463987], [0.13259402749526655, 1.161667453770292], [0.9028839994243449, 0.6641718978950206], [0.502938303328262, 1.0238000353661794], [0.74979850501993, 0.9515168455087473], [0.91688565124179, 0.6554088441091005], [0.7797716825835801, 0.746549015204701], [0.7584125008143503, 0.9436869276349646], [0.9966589023730993, 0.2994603434622114], [1.0384569792739602, 0.24173368870812506], [0.1385969467460087, 1.1566130148639633], [0.4692306736738726, 1.0900571275161368], [0.04268366373645284, 1.2388599269418776], [0.5135983796589383, 1.0040644483886259], [0.8609411341912185, 0.6809389174959315], [0.7050462772898601, 0.9705139598789774], [0.8787578143458846, 0.6734044398253781], [0.8181978240657297, 0.7038393233896951], [0.5254779050607007, 0.9935459411594443], [0.7649093580302749, 0.9116673053128708], [0.7712260900967887, 0.8831696410753984], [0.9279051064179351, 0.6502925268241305], [0.4663622474349873, 1.1019132661252156], [0.1858808914412613, 1.131125446327989], [0.5628891940222236, 0.9757954596159346], [0.17909877742289365, 1.1353358360861954], [0.7744840685653966, 0.7776026136515579], [0.7729402824560994, 0.8623580704637299], [0.49180831266847563, 1.0412250790911644], [0.1973291280506643, 1.130927640101503], [0.9451827635365228, 0.356634903145105], [1.0294496224206464, 0.2572729733560999], [0.799930377833704, 0.7207449326284965], [0.7878680601437932, 0.738706087140655], [0.6933565341858731, 0.9729156706865965], [0.9151337568238533, 0.6600633901285171], [0.46227494539390107, 1.1091094040520648], [0.933707281540942, 0.37441433104899996], [0.47998046371701486, 1.069030405964564], [0.8734978294312539, 0.6788926642329929], [0.5402233484439634, 0.983834571992434], [0.9292913464843379, 0.39572235145511536], [0.740495508785864, 0.9605182098883003], [0.20562645591993098, 1.1299166940912335], [0.4589514296386739, 1.1167687826023251], [0.8381856574964336, 0.6906197844866174], [0.0803722858319642, 1.2142618056700936], [0.984960286012236, 0.31397454900170546], [0.10827602201611852, 1.186496384303603], [0.8449353327708488, 0.6884646045036426], [0.5886027446636134, 0.9734107425249583], [1.0056487129037779, 0.28775882781967677], [0.06618977379094465, 1.2231893540203045], [0.9613883504280041, 0.3338204141914941], [1.0345016456883365, 0.24972131269303047], [0.11380280126975485, 1.1801736833662162], [0.05189684232588334, 1.2353760389272126], [0.5289370490884208, 0.9891973712904443], [0.5793552878100542, 0.9753020174982245], [0.8550681929911541, 0.6833708439040604], [0.7720906053446884, 0.8674808475183633], [0.9768111112807598, 0.3203810235398306], [0.7753143137101723, 0.7664844345073196], [1.0004248881852025, 0.2933774411672888], [0.931239839947802, 0.38448121977302907], [0.11817353875200112, 1.1769214296402306], [0.7781171119135024, 0.7565875301871783], [0.6533788800475181, 0.9730108968571842], [0.44950135851377343, 1.1261908067446535], [0.12680876430059168, 1.1714862691399575], [0.1675727596217179, 1.1374292431319515], [0.7686295142355499, 0.8870636737290136], [0.7743450110978964, 0.8217394756044414], [0.1555620755364604, 1.143588485729822], [1.0126781390574593, 0.2801663910619034], [1.0248516624898194, 0.2648127456853677], [0.7593100619847096, 0.9230277397931581], [0.09597958188337911, 1.198094290361387], [1.0201558792230652, 0.2734562262767233]]",0.028332,18.69
DTNK3,CCPSO_strict_archsentry,5,100,0.004316,0.008157,0.767889,0.004204,0.711445,23.0000,100.0000,"[[0.8520725580565136, 0.6876616357975416], [1.0177961680006196, 0.27347258655008017], [0.11857092263307259, 1.1768772693109748], [0.8620531861580383, 0.6809867376742065], [0.08914373804303981, 1.2039719236727868], [0.9947697691827451, 0.2985189456300652], [0.9601790454038321, 0.33473145980341057], [0.8179832952938224, 0.7011520963329112], [0.151937048767361, 1.149708527915986], [0.7717449848139326, 0.8848121246821432], [0.9066567157597358, 0.6640256048871931], [0.569532819613496, 0.9756230731261244], [0.8150626557561527, 0.7070567763743483], [0.7276875906791782, 0.968875668265498], [0.8894147251134799, 0.6735418457913975], [0.8947134453020313, 0.6661932074988008], [0.4591665210117244, 1.1217285383483617], [0.7494098019312568, 0.933032423540749], [0.8057305056276665, 0.711159695435293], [0.45252745268492517, 1.1251430862271732], [0.9887566261996286, 0.30482905788333736], [0.5560033750681852, 0.9781036758829129], [0.936579469012631, 0.36808563610434314], [0.9314672284405792, 0.3831608461859887], [0.7323865475804445, 0.9509342716667031], [0.520768272366811, 0.9955131491608218], [0.7642295931011709, 0.9113909837921985], [0.48601320415717125, 1.053959875499675], [0.1672791786758519, 1.1366425870268986], [0.14323595052608018, 1.1521529259201275], [0.6747715552464638, 0.9731057881955154], [1.038802776520245, 0.24279241008341707], [0.7737623990931383, 0.7883649705963962], [0.5157565287211564, 1.0064598908549143], [0.053559646095356954, 1.232185731033102], [0.7754099644074597, 0.7689885724212442], [0.966828662509502, 0.328061595687674], [0.7967884230505864, 0.7206458501658393], [0.7804955844227669, 0.7522762106456222], [0.7718241907870238, 0.8661383598258552], [0.5791985785998305, 0.9749127500091384], [0.5006020481392988, 1.0226948920582835], [0.7414234910145391, 0.9463390608883202], [0.7579029972102964, 0.9204823484890847], [1.0126981028506847, 0.2806413134134875], [0.8737529854336845, 0.6752620702472012], [0.8322322710504606, 0.6997041313481658], [0.7682595119274779, 0.8968817825066069], [1.0334291087882768, 0.25105407578144345], [0.9721137937783988, 0.32174031866084085], [0.16148032521164857, 1.1448101602088359], [0.5034670855055544, 1.0141237035489283], [0.9292389142363313, 0.4046484027850402], [0.9548011715455778, 0.34394213522610584], [0.4655047512115071, 1.0964544448065818], [0.529481307222933, 0.987580482945654], [0.7805816817269629, 0.7481325874854503], [0.4773101373402116, 1.076365755952936], [0.0832156074694787, 1.2104569053994503], [0.9489874970225518, 0.3484666385165858], [1.0261295721445383, 0.26290312518685693], [0.930441878896221, 0.3935819855886042], [0.7036527934280916, 0.971707966827257], [0.933940665586884, 0.3755627882926642], [0.7861607275262288, 0.7377901390171011], [0.47308468665773007, 1.0865025581893133], [0.12435607370222931, 1.1714911659229197], [0.9258497595381774, 0.6524301519161939], [0.7745163960447596, 0.7784882704618454], [0.9175049260489798, 0.6565956908043515], [0.48845295202805444, 1.0440813059834415], [0.46174247343230457, 1.1056737339038596], [0.2003140960596209, 1.129507785544885], [0.19410493111376131, 1.1316605640088027], [0.1742170328454076, 1.1339936954162593], [0.4939187323813338, 1.0325725113376965], [1.030482828243562, 0.2573221752127053], [0.791804837934046, 0.7255967101679575], [1.0055866840355703, 0.2880966286915321], [0.607304722095198, 0.9731110558523346], [0.13680728306024337, 1.157744611326902], [0.5415601529320622, 0.9831329559760964], [0.1837228845827379, 1.1323834042812821], [0.10224437020852886, 1.194558340166389], [0.4821495753921354, 1.0650196204831062], [1.0000257695863388, 0.29360644028614674], [0.9424819675565843, 0.35719139564128577], [0.043069265632733576, 1.239210541502975], [0.50945315051741, 1.0077090172783292], [0.9793460348923027, 0.3147594218502978], [0.070410865551965, 1.2207626258686233], [0.11263832966085496, 1.181052959468377], [0.07847238858595193, 1.2157188296335903], [0.10684657966959575, 1.1884545791604781], [0.9841410817313471, 0.31181311933282674], [0.8373656270696299, 0.6904141185555526], [0.09346853445914421, 1.2000210483582257], [0.7733880891344089, 0.8541679980468975], [0.13035622517800516, 1.163788395321127], [0.061866051133986896, 1.2276740625666505]]",0.025695,18.49
DTNK3,CCPSO_strict_archsentry,6,100,0.004730,0.008628,0.986796,0.005327,0.728490,18.0000,100.0000,"[[0.865895791177234, 0.6794135319416188], [0.07619504841567364, 1.2178599366362488], [0.08137364126708077, 1.2109214308461784], [0.8489936229428444, 0.6905566467965731], [0.4610707225350712, 1.1075468627053449], [0.570185598759712, 0.9765785886772316], [0.8225293865300938, 0.7006076533140964], [0.7862535394795882, 0.7316177872342586], [0.7716932419048235, 0.8644966583975826], [0.7443039354112045, 0.9412812528805732], [0.8912905966157137, 0.6699916918783779], [0.9263202477151518, 0.65253622032514], [0.04182311783907525, 1.238527618742429], [0.7270889559295376, 0.9550841105716144], [0.7843883564032427, 0.7440795076054654], [0.8288733885117789, 0.6954817932781818], [0.9053082169801225, 0.661966151563429], [0.9378982254975478, 0.36454523232026537], [0.5073234271923728, 1.008438195914193], [0.9196529891602208, 0.6539986100939783], [0.9605781444524356, 0.33731491286041104], [1.0347189272912227, 0.2497583999168411], [0.9783290558503842, 0.31661823280248574], [0.5893284026245852, 0.9738222598665112], [0.9412005550881454, 0.35870520518215526], [0.7948478631297022, 0.7253634233962281], [0.0502019900120829, 1.2349461656523033], [0.5611438787844412, 0.9802242821637288], [0.7506902261031945, 0.9326430199013473], [0.202632753476938, 1.1293972340380152], [0.11519248107431662, 1.178859789967647], [0.6107743232012707, 0.9735003789388097], [0.4768454221413702, 1.07283985559616], [0.44748272961288754, 1.1284882443295412], [0.778261097837494, 0.7615964778663944], [1.0007949247367975, 0.2926507896656259], [0.8155550962525655, 0.7046511914092539], [0.9845999904663071, 0.3092168183083908], [0.9296922830385921, 0.3969551905826919], [0.9961384865380153, 0.297591908703801], [0.8096485811338363, 0.7077324222165406], [0.4918073977900013, 1.035957248557595], [0.1266908921374768, 1.1675220508985296], [0.6981378165365131, 0.968223416942867], [0.8382616018035003, 0.6927429771382836], [0.8800498139036799, 0.6742746345544101], [0.15763526435029399, 1.142350844833259], [0.5294728644391871, 0.9873977782772441], [0.7650588588089515, 0.9303683405662873], [0.4728136010246728, 1.0798125816472632], [0.14299543569386408, 1.1529934706774552], [1.0138497012555534, 0.2821148223773941], [0.10967699886836751, 1.183956897075699], [0.6663574855799734, 0.9726043758279628], [0.7704587439292773, 0.9107677516903863], [0.17496982025793947, 1.1333617401170468], [0.7400546770787797, 0.9533365190302339], [0.5440260873166989, 0.9805194623650852], [0.13236844657431296, 1.1636176609738187], [0.09650249618248405, 1.1966591231365225], [0.4830288207698034, 1.0654443374233074], [0.5352239506159333, 0.9848961729067278], [0.1885452725863913, 1.130185208614152], [1.0065892776320355, 0.2871022240413629], [0.5006851489597528, 1.0231143090650603], [0.773165067482706, 0.7996201249420387], [0.9911857487333806, 0.30346740372691267], [0.45533364503851353, 1.1236252999777856], [0.4945185755814141, 1.029023805968557], [1.030653223007618, 0.25543499356446203], [0.724636438963252, 0.9626633795442674], [0.9321815473071563, 0.37837705300723745], [0.9719395660811524, 0.3222039864700714], [0.15045417580146467, 1.1475670298829337], [0.5247651299924081, 0.996972846309913], [0.47258527350569807, 1.0911335030433176], [0.12028580139893971, 1.1734193184988169], [0.9301864221251213, 0.395332145076135], [0.5169718597154076, 1.0014355077178378], [1.0256176843672673, 0.2643508522106482], [0.13699615345798488, 1.1580799369206394], [0.8016398360391048, 0.7191537327506021], [0.10452220502890597, 1.189711023891106], [0.586098279342933, 0.9745738980541054], [0.7120776322339031, 0.9651233843876286], [0.9038141980460145, 0.6693841241620924], [0.1671917034012779, 1.137002343960555], [0.49119876474752083, 1.049989080781468], [0.06791427918113341, 1.2271793637733748], [1.0180436488582212, 0.27298912442336637], [0.947244940738103, 0.35077980727605906], [0.6608170731111704, 0.9729097528865946], [0.9529242103948895, 0.3447233580011458], [0.7749055979954816, 0.7694552101030219], [0.4877791365531721, 1.0545125982980084], [0.09091576663384629, 1.2062645754599792], [0.9655108114374519, 0.32866380506306825], [0.464668058815188, 1.0984836210708369], [0.058850707549428095, 1.229695066617335], [1.0386033795204903, 0.24238694348359568]]",0.025327,18.62
DTNK3,CCPSO_strict_archsentry,7,100,0.004838,0.010279,0.792322,0.005479,0.760897,19.0000,100.0000,"[[0.7492683968786337, 0.9329381962893344], [0.8809046372425884, 0.6750110393142628], [0.7920940644131914, 0.7293601189359273], [0.150339043424362, 1.1480323174738025], [0.48767266480988236, 1.04474261364612], [0.7747157410884461, 0.7782268234429885], [0.7156338508849209, 0.967814781680119], [0.04248676403031664, 1.2388691369640206], [0.4798505723271153, 1.0686517344827338], [0.5388025718235003, 0.9837567775085434], [0.7673308132285572, 0.9085039247605711], [0.7735026894488632, 0.8000319785331824], [0.09989172209630293, 1.1957741363506402], [1.0011929316012058, 0.29290143759359755], [0.984942365070197, 0.30926867062834457], [0.5034966010835207, 1.0196063997040614], [0.9401422170406404, 0.36041377174336914], [0.8034783937931751, 0.7146846303339836], [0.08676539481444948, 1.2059830065970674], [0.12904588332504036, 1.1646169038724525], [0.46520564392013153, 1.1082154519560308], [0.45158588525146626, 1.1266715401493355], [0.19265196046710265, 1.1312348393470943], [0.47090468493638277, 1.1038752627858028], [0.182925662497652, 1.131808386754211], [0.5470965411777882, 0.9801872922260919], [0.9280573580898961, 0.6491707131513338], [0.8534204555488303, 0.6854003817031968], [0.10418192398098294, 1.1893179928003634], [0.8235099472775218, 0.7011886015538895], [0.5288825053860406, 0.9896190120820869], [0.7245363971783009, 0.9557536546290983], [1.025603163570492, 0.26348644593407344], [0.15723279038116533, 1.1435179386288516], [0.8136205462896782, 0.7066314787746815], [0.8031773216375072, 0.7209098120313628], [0.7735931107457457, 0.7999534623632008], [1.038909091773208, 0.24254288006641617], [0.6131251587431734, 0.9792541635041174], [0.8446714074020247, 0.6909061052100174], [0.51426331476416, 1.0025855149189242], [0.09257315340460189, 1.2013613836450017], [1.0206886227619183, 0.2702057940626077], [0.9558728182135801, 0.3394914952598532], [0.062038349278295456, 1.2268742245589992], [0.9051496543871994, 0.6607251106366192], [0.7734046020069192, 0.8390943666367308], [0.7779746144007607, 0.752371060075192], [0.9695498920900313, 0.32467723094702794], [0.9165802683206804, 0.6559852442784053], [0.8640262381803292, 0.6843977373220711], [0.9622043003475749, 0.33222854780159583], [0.9802289392875814, 0.3171515408659931], [0.8934214600568503, 0.6681789874166683], [0.7686495234718601, 0.8932181529569296], [0.0807841503579231, 1.2121117350696593], [0.9353969461065565, 0.3697954010694067], [0.7400948333969161, 0.9442362643942857], [0.7382820245332548, 0.9461517182556178], [0.4915636333789255, 1.0353436444330133], [0.06846212036367424, 1.2220963562552625], [0.4776558683125008, 1.0754984012290456], [1.035073887544061, 0.25033646096796625], [1.030365639756506, 0.25699209307859505], [0.483466328709794, 1.0606408961306666], [0.16549814497103724, 1.1372947195153709], [1.0154503197507248, 0.27712584302021437], [0.7762618819027514, 0.7635030657086612], [0.9295484029873035, 0.4064188112681066], [0.14230987715649135, 1.1537831141184927], [0.8702478171310564, 0.6778310036026569], [0.2075679166676655, 1.1296448726305603], [0.615795198133698, 0.9734621810823094], [0.9520744188511793, 0.3444475570322074], [0.7073406890179629, 0.9685687165381438], [0.12347315304321638, 1.17080421104641], [0.1739179272427821, 1.135794068035095], [0.6797329807613068, 0.9716663714152867], [0.9470594664148272, 0.3536301676548145], [0.7658210432045771, 0.9124508842368761], [0.13437319510982437, 1.159942385899161], [0.5242295577891123, 0.9972950408256347], [0.8340597931144573, 0.695100217665894], [1.0104903779434196, 0.28311086812661246], [0.49763315332052876, 1.0261011941402376], [0.11224548548827587, 1.1835764856960365], [0.5093149996848461, 1.0107312081348507], [0.9346081174894997, 0.374992773906882], [0.11792935446846581, 1.1786410565715009], [0.753621283105814, 0.9315409231909004], [0.928975737270098, 0.6474806979894001], [0.9923627841929292, 0.3036230192457395], [0.785926079966594, 0.7318758686217277], [0.07463334134512802, 1.2167734799210617], [0.6809997463333655, 0.9707987233729498], [0.6002039565341561, 0.9797235254337755], [0.0561977645661002, 1.2333117757531187], [0.46457630894341045, 1.119319923400051], [0.9960064318229689, 0.2973679096137514], [0.4731041933826034, 1.0804968851069063]]",0.021101,18.98
DTNK3,CCPSO_strict_archsentry,8,100,0.004087,0.011033,1.009021,0.003514,0.698863,22.0000,100.0000,"[[0.6711914626450243, 0.9720811971228671], [0.20288808608455705, 1.1298861591183562], [0.460670965138, 1.115736817396971], [0.9616551526792909, 0.3336780394247336], [0.9728113539690745, 0.32310454675006856], [0.7851826205502053, 0.7424317972477119], [0.5648588413589712, 0.9781832758360371], [0.8332836336139262, 0.6952314055063487], [0.12121761068593674, 1.1740258978637184], [0.8798589189215905, 0.6750138704497488], [0.8538628081717028, 0.6835307729820492], [0.7062182806681214, 0.9706853851497774], [0.08761570754581421, 1.2056731377066692], [0.8094988309322967, 0.7136682739197533], [0.5143895258898791, 1.0006870599695992], [0.6855396765978541, 0.9718501455917343], [0.7745893087537843, 0.789729277712496], [0.7651184281821595, 0.9039967158893722], [0.08162112301792701, 1.2119173709873754], [0.9897200081991081, 0.3044225229787757], [0.1482207306179075, 1.149849616643288], [0.4965370872762218, 1.0301157711603377], [0.4912534434938239, 1.0381789809969237], [0.7669449156470769, 0.9011416493846653], [0.13491266784116257, 1.1615234757502122], [0.984168121419587, 0.3097580229239899], [0.7741547284758841, 0.8672714035939497], [0.7716580656976162, 0.8674490812681825], [0.7586398148082661, 0.9188548727979107], [0.6473038696030182, 0.9730703705542822], [0.46312421433855744, 1.1025029409954679], [0.5217222454629045, 0.9954499440136728], [0.745960630377408, 0.9391118740214124], [0.8643983602533755, 0.6790272157457717], [0.06701394265190497, 1.2231403455332004], [0.908619425040489, 0.660215262760742], [0.9430626719868516, 0.3560013632656872], [0.16325699153910467, 1.1430510179094382], [0.7522787240214066, 0.9305736173386512], [0.9673863295226548, 0.328614473295565], [0.7210540324712691, 0.9638216998430644], [0.18753748269174025, 1.1305741802420048], [0.7706876657813859, 0.8875990699141347], [0.5426171899131691, 0.9818927690519714], [0.7358284526529736, 0.9543843124018194], [0.9300682566317349, 0.3917798357167358], [0.8225384514754751, 0.7017070842656266], [0.10799692512223073, 1.187527781076499], [0.16876227686779993, 1.1358651094202383], [0.05114552455062287, 1.2334383251957015], [0.0597228838299701, 1.2280627488116505], [0.8400814439118132, 0.6908036000450275], [0.47651424315856705, 1.0793325229827302], [0.5740445173734756, 0.9768403861344643], [0.501571586890327, 1.0176185549575303], [0.9482031722015424, 0.3490035805978141], [1.0150708517599063, 0.2768662637645048], [0.8929432475453063, 0.6699632056483735], [0.12882155049968752, 1.1666539069106043], [0.9318766333042916, 0.3793038055410525], [0.47927543531695466, 1.063646416938794], [1.0393149583845012, 0.24329841502303282], [0.9056093567702587, 0.6663221071648762], [0.486042777258987, 1.0496649611429276], [0.6063700964486465, 0.9764974853073962], [1.029501148695087, 0.2584651204095214], [0.7928509941695017, 0.7245727399041515], [0.9395769800602587, 0.36411306493095663], [1.0344250802319028, 0.2513408811457053], [0.4520367933418506, 1.1223527237067794], [0.10075619635181196, 1.1939191106377047], [0.7747666807865623, 0.7829439441681119], [0.5331487827558355, 0.990827913123665], [0.48586810199725655, 1.0554859261851024], [0.922043770428968, 0.6552757360720004], [0.8126702588935119, 0.706348177508777], [0.9351315167732105, 0.37175675140643993], [0.093878891682318, 1.1994381122573525], [0.4731892086934311, 1.0933546102275558], [0.1422406803014039, 1.15818869554919], [1.0230480385536544, 0.27297795989732093], [0.980404816537892, 0.3161696865740804], [0.7116202522860663, 0.9644931186620529], [1.002872174997095, 0.2901574990676516], [1.0096158289052675, 0.2834689155074032], [0.17880783720944707, 1.1335694077258747], [0.789157138499598, 0.7267571948399099], [0.99613192399855, 0.2993570792100641], [0.6169517052810103, 0.9754383641638913], [0.7252352303825071, 0.9564315879462613], [0.07419528421000544, 1.2181255400402569], [0.7772515300285738, 0.7596118000135619], [0.6360113971877626, 0.9746585726506356], [1.0248735672188107, 0.26410339209293887], [0.15371969625884063, 1.1444915622805234], [0.5069952018318596, 1.014933506366253], [0.04229732590311475, 1.2384924843419411], [0.805270438478555, 0.7215768606597275], [0.11444241365730011, 1.1807000865966548], [0.9549025434340486, 0.34029946429961455]]",0.025916,19.27
DTNK3,CCPSO_strict_archsentry,9,100,0.004370,0.011029,0.919987,0.003422,0.688208,21.0000,100.0000,"[[0.97725000678402, 0.3162171309351809], [0.7634180643950369, 0.9090334732648311], [0.9315165527940057, 0.38365302794124356], [0.11088279528564432, 1.1834076677639762], [0.8736595063273946, 0.6767616416837228], [0.17460549701054295, 1.134206160225785], [0.9738009542496573, 0.3233011634855047], [0.771840132962704, 0.8675016254182704], [0.9295957850388595, 0.39985680245815647], [0.9591268638447088, 0.33528715214581944], [1.0181605279215964, 0.2728631651275202], [0.478423360992865, 1.0795188917108032], [0.9097206359574579, 0.6586426244634249], [0.07518005521792599, 1.2164060500029357], [0.6616727292286115, 0.9730360778893645], [0.45808882169176385, 1.1213575429557177], [1.0384511442389373, 0.2416788402463912], [0.9185475459475119, 0.6537209962343248], [0.7747637704844472, 0.8232894785180991], [0.8207599045227724, 0.7074126323517476], [0.896700058881798, 0.6675314214320625], [0.7711123873943676, 0.88812270679987], [0.07026410545521156, 1.2236622504083028], [0.77412467800372, 0.8540296358709969], [0.043872516482376285, 1.2395327061561419], [0.15084598279008918, 1.1472633705276283], [0.7518546947219684, 0.9429528841890846], [0.9988202580975309, 0.29509485464389396], [0.5814529804145179, 0.9757180211250203], [0.5394998731145815, 0.9905271584752464], [0.5596819166934992, 0.9770714535061171], [0.9346350866070078, 0.3741582424971315], [0.7970728932572916, 0.7359512657760037], [0.5018657891841125, 1.0204663776951752], [0.9551674306346014, 0.34130536474642054], [0.938853716743719, 0.3660640953714522], [0.9505565436112035, 0.3486742781934803], [0.18821841376447881, 1.132542187938159], [0.104952018907733, 1.1898280382242121], [0.6169383810310531, 0.9740374233203344], [0.9047128201341462, 0.6633153376108856], [0.7360085757689933, 0.9482666350401514], [0.48338429884922524, 1.0544390517055886], [0.5236866381870547, 0.9921284753007444], [0.7773430560519055, 0.7609386075354256], [0.47205555714975195, 1.092096000778914], [0.7659307834219333, 0.9005098401744975], [0.5504798876416139, 0.9788520772015834], [1.0347027652313505, 0.24929401097464698], [0.8872934525121831, 0.670118840423904], [0.5463535356625818, 0.9859376602335677], [0.6273291617708752, 0.9734004171965209], [0.8040134972886994, 0.7265545412950043], [0.675331616580326, 0.9707667664996262], [0.518160169434501, 1.00092420783486], [0.7815512392830688, 0.7517475326969654], [0.4812937018491192, 1.0669560029957466], [0.9921492794346779, 0.30129715493069453], [0.7613490771945693, 0.9171391891775578], [0.06063453866245364, 1.2276106055157805], [1.011772819062903, 0.2804193451242709], [0.09794751073548758, 1.1952575170858064], [0.49473347346095903, 1.0314018694746379], [0.08692826297267214, 1.2060626615953107], [0.16572367486287054, 1.139547549323832], [0.14495789393533015, 1.15180531883886], [0.4885648781113685, 1.046699750787154], [0.19801993974879584, 1.1291246048032164], [0.9668389369638556, 0.3267445992998812], [0.9442541841420462, 0.35465593696752995], [0.7765494798410182, 0.7774153448683163], [0.7303148969858451, 0.9527779068579114], [0.4607752470419415, 1.10918622521924], [0.7757106861317269, 0.7894653495134738], [0.12373208161787838, 1.170982405959298], [0.9849851605639242, 0.30875229214194133], [0.8653386694818678, 0.6783547899778506], [0.7009358891462079, 0.9665871689828913], [0.8069765733726509, 0.708802239412087], [1.005327484986961, 0.2874050225019183], [0.7865028411757056, 0.7417522137017083], [0.15669013518707994, 1.1433229091814852], [0.839276060877231, 0.6902455459529975], [0.8797147570310765, 0.6732532823902622], [0.05484129707145913, 1.2318425193319775], [0.7234529693835388, 0.9558451965558794], [0.5089961515549236, 1.0071751456192508], [0.09170815090665314, 1.2021546274542116], [0.1386228736079545, 1.1575808749382501], [0.805079522149632, 0.7216546639495811], [0.08106115820922069, 1.2128803078936916], [0.11809091744584124, 1.1776278990176947], [0.6983803512145881, 0.9704904920804625], [0.13079822516270478, 1.1666118498913374], [0.5908343722528074, 0.9744607112202914], [0.8322113579153232, 0.7010018065486401], [1.0234401382947587, 0.26670546686070534], [0.8590735378012149, 0.6842429021123337], [0.46527635883409246, 1.1023659533956867], [1.0317553399312174, 0.2582737270958071]]",0.028016,19.30
DTNK3,CCPSO_strict_archsentry,10,100,0.003763,0.010020,0.773245,0.004115,0.686037,24.0000,100.0000,"[[0.5780821008773307, 0.9757627711167132], [0.5210972659070807, 0.9989170418380966], [0.09401985312838929, 1.1993485157437382], [0.8308574718149188, 0.6944194973912892], [0.7694963936998899, 0.8908084320891696], [0.4754970114048915, 1.078294594896051], [0.7487606314513798, 0.9340258677749405], [0.9317507517323969, 0.3836806057923811], [0.7285627117617446, 0.9593559937518015], [0.8472421502420932, 0.6865404077902877], [0.08229033612973899, 1.2116692185260332], [0.10544588245984443, 1.191173311308028], [0.46265614517099257, 1.1026492954389167], [0.15848210758522957, 1.1427296049803426], [0.626518351698628, 0.9734719176859392], [0.7800873324073769, 0.768390217055154], [0.8639672133379602, 0.6801721849524462], [0.16652683376807992, 1.1382641130440863], [0.7990873778871255, 0.7200309448011553], [0.744687635521042, 0.9462696749516142], [0.9811876212883941, 0.3122733879132164], [1.0304643295658733, 0.25705935489498316], [0.057406041327477175, 1.229741931628418], [0.5306182517290232, 0.9873822636574272], [0.8913397929650586, 0.6695099491242322], [0.5150094237986924, 1.0085366371949427], [0.5535300718509053, 0.9822553643678011], [0.7735660009646443, 0.8521160233152305], [0.7676523417689746, 0.9099203607780613], [0.8431373248908545, 0.6920874799715252], [0.8582900131832656, 0.6818435320003986], [0.8803372281439875, 0.6765437402052839], [0.4691371186609002, 1.0953689921917678], [0.7158080717565576, 0.9607948080094799], [0.5410230019877392, 0.9865521106279378], [0.9556097280079612, 0.3460516035995689], [0.13686434915711787, 1.1586113887315332], [0.8056050851571106, 0.7155579419807718], [0.7021628205942707, 0.9662070747087175], [1.0014770137332245, 0.29412834273047994], [0.9150555068575155, 0.6556298897323499], [0.7623207073893958, 0.9111532405383775], [0.4713970595513248, 1.0858256494007574], [0.9669210475124184, 0.327695954411753], [0.9356327582624074, 0.37265934421544744], [0.4584341972038562, 1.1154874117113318], [0.7759173429295609, 0.779760470223017], [0.943478080742738, 0.3561849778900641], [0.08760668502087206, 1.2055552200846023], [0.5629273276125388, 0.9792790359688424], [0.4998916356389654, 1.025939490537954], [0.6900819175587715, 0.9686191374306978], [0.7560551466384667, 0.9249584819595684], [0.8199336368551489, 0.7003611457859504], [0.9487907995316144, 0.34788864213660464], [0.04986791755862561, 1.234368417135962], [1.0248333237103622, 0.2640686897960935], [0.12738609438938786, 1.1685123346873416], [0.60905611118071, 0.9736425121898153], [0.20029015299035696, 1.129108030724069], [0.48413442521633415, 1.0547024556436733], [1.0378431427650108, 0.24294517714644798], [0.5272735649152596, 0.9938283392725302], [0.9951458846884309, 0.301259498187571], [0.1132232051159161, 1.183426050708575], [0.7747930757329458, 0.8214982414957497], [0.9384962663155576, 0.3632733194604352], [0.47949904157928075, 1.065646400455419], [1.0207910150555006, 0.27147768859310695], [0.5042080521859517, 1.0138775504816708], [0.9591915164227276, 0.3352680822359223], [0.18514017300732877, 1.130817663857899], [1.014754461820028, 0.2776916052213837], [0.4963594007269295, 1.0346386551674525], [0.8144644794194128, 0.7080257597921225], [0.48989357465064914, 1.039664868646454], [0.5979159464221449, 0.9738655749718141], [0.9265176537456652, 0.6497689974502893], [0.041838036282944586, 1.2383961416119575], [0.9009743230532098, 0.6650041462619833], [0.4491358601085122, 1.1288371323627906], [0.733895596450735, 0.9576221354352048], [0.7876982910010654, 0.7301127097749354], [0.14365847676516047, 1.1522113627071486], [0.9293774691487708, 0.39363823934970055], [0.9291005582780213, 0.4014002736877627], [0.17311228156597339, 1.134072004026711], [0.7808201028410109, 0.7508260500881847], [0.784906642162271, 0.7459466561193313], [0.06624237823176074, 1.224754639599352], [0.4890611041022372, 1.051479618260952], [0.9111235695429342, 0.6593396889762622], [0.15126337063453085, 1.1481747359281202], [0.9776186098070745, 0.3226374493432081], [0.072205454328458, 1.218489164409183], [0.11899700449867598, 1.1751788253241133], [0.9867303731563666, 0.30755417077367303], [1.0099255132599043, 0.29001433388686926], [1.037283624803167, 0.2508855798058305], [0.4534471383596795, 1.125697376902332]]",0.023704,19.12
DTNK3,CCPSO_strict_archsentry,11,100,0.004528,0.009229,0.792004,0.006202,0.747697,22.0000,100.0000,"[[0.5781422695860405, 0.9741000441011687], [0.9626535635549945, 0.3320135324179756], [0.9936702852140691, 0.30064077583284], [0.16683990450995473, 1.1389765432156207], [0.7761224701163659, 0.7632910576464389], [0.8056449632034665, 0.710382474886208], [0.9181830702036031, 0.6541924351560358], [0.09673863279440761, 1.1971238426393054], [0.4914017049248077, 1.0365348789038809], [0.9794584163750433, 0.3145869863706672], [0.8996673812877802, 0.6654407855577074], [0.937252068979454, 0.3666190925875454], [0.9338320155093297, 0.37621449052341693], [0.47299849125676857, 1.0936311438888486], [0.5383985726119749, 0.9899011790190717], [0.774047979156202, 0.8118126931087841], [0.7743379018649372, 0.7979798450553941], [0.7295675614415353, 0.9580347476220987], [0.9256572576567247, 0.6501200539731435], [0.5134626723791706, 1.0159350297340999], [0.14569000035303314, 1.1518585015772134], [0.15376405649629488, 1.1463904065716302], [0.8268825650921061, 0.6959744320240141], [0.9331932206465311, 0.3883717345583393], [0.8435133981863312, 0.6958977140740736], [0.12474623783492983, 1.1700654410007323], [0.04192740772575384, 1.2385562594735096], [0.9292725241871422, 0.4015060517461437], [0.06639459242040242, 1.2244356123254962], [1.0128863571243254, 0.28203605721022307], [0.4567926783003084, 1.1157593116357505], [0.9733139080072033, 0.32024390484686005], [0.7879938014624035, 0.7293605742961307], [0.773271384583919, 0.8610048916214945], [0.7760142398492084, 0.7872845588873496], [0.13884938004572023, 1.156401551371056], [0.772437236331289, 0.8824548001856352], [0.08059195079427375, 1.2121961942085857], [0.20247161924689533, 1.1295865956125835], [0.04795148994919341, 1.2355553697888642], [0.8568170728285152, 0.6819464538771991], [0.7955555308258004, 0.7188871829916488], [0.15962131861743578, 1.141245540359649], [0.10372370199426541, 1.1914752509911912], [0.7087143055995597, 0.9660877741249194], [0.46138904556755284, 1.1058364385955441], [0.19352166978147956, 1.1302345756204217], [0.13239167162385218, 1.1633179128283326], [0.09159725340990846, 1.2016041975051197], [0.1753830421934263, 1.1336697691106217], [1.0376913011375042, 0.2432337271509817], [0.11705119844648992, 1.1785332103906632], [0.11110909699950708, 1.1826375937771005], [0.7694573277302975, 0.8855687851020266], [0.5538674877311006, 0.9835483707645272], [0.5015688444785433, 1.0193697442273846], [0.0865487555424857, 1.20624959167131], [0.4817704406784608, 1.0658390846263792], [0.8812447375979832, 0.675607703566522], [0.905946270146414, 0.6629226708703297], [0.47894903330765354, 1.0734289017215637], [0.054362638053333676, 1.2319407843269026], [0.9445994828594344, 0.35587270083390077], [0.7023252460749102, 0.9681672159454504], [0.5638585089999592, 0.9766650822806697], [0.5503586330648093, 0.9871920190161465], [0.7521171395409494, 0.9301883169942728], [0.7840328250055176, 0.744445717638458], [0.9555827231005021, 0.3412373488901871], [0.4947124712291425, 1.0323725769162673], [0.8681863884459168, 0.6780543632018694], [0.0601105713031962, 1.2279430838868275], [0.8507099079859897, 0.6848473300984406], [0.7277078513920516, 0.9638810979094496], [0.7785277466321969, 0.7550237239467552], [1.0334831249127503, 0.25122696429569924], [0.5160207272454793, 1.0014771190041853], [0.9883133536861706, 0.3078442346422875], [0.9491899642568326, 0.3478590048259025], [0.6429065868070749, 0.9733738632558435], [0.8133834377787756, 0.7037915137564936], [0.45629183230705045, 1.1226038318007237], [0.9686923196672915, 0.32541579871132753], [1.0072575393476622, 0.28844270501396885], [1.0000828956962282, 0.2949191501355301], [0.07352178671247614, 1.218087540149378], [1.0283218459543457, 0.2590624948241772], [0.5236362753404188, 0.9929346495715277], [0.8268378759456413, 0.699724899656462], [0.4664786355072765, 1.0961997271733956], [0.7664231757395077, 0.928521336425413], [0.8902115800648461, 0.6691532185924431], [0.7371151993591358, 0.9507092591369262], [0.18468922967140383, 1.1325031848321745], [1.0245037218792876, 0.26873260921376835], [0.785619500317692, 0.7393029530941739], [0.4871421039827945, 1.0542425796287962], [1.0170607201871924, 0.27494891639402647], [0.744505809591083, 0.9453345452649176], [0.4749335473454336, 1.0799802095166917]]",0.026944,19.17
DTNK3,CCPSO_strict_archsentry,12,100,0.004308,0.007993,0.759792,0.004849,0.718047,22.0000,100.0000,"[[0.7742905311524286, 0.784096378831086], [0.4501840636406966, 1.1242032299175853], [0.8822760939243328, 0.6712960735120697], [0.7768796324011032, 0.7705791537705984], [0.9334267465720731, 0.3769095293345068], [0.7722922651432884, 0.8755121310218053], [0.47368687554171846, 1.0790660450997058], [0.14728320911996567, 1.1520256912515157], [0.16057243182071881, 1.1427244964401275], [0.9591331449497208, 0.3362487136925622], [0.9289433870002026, 0.6472813431214448], [0.08200490760989332, 1.2125925825275898], [0.4922020206647237, 1.0377685317712089], [0.5113500242154033, 1.0066044767600817], [0.9922465241264427, 0.30277816098579957], [1.0185293004677536, 0.27346219534221716], [0.8586666251892329, 0.6868611627073806], [0.8727277909565148, 0.6776078787432098], [0.11416489681006325, 1.1841609564682092], [0.08643967316465417, 1.2063568463468621], [0.20478383547441834, 1.1301461521525855], [0.8494749847229554, 0.6901825104568005], [0.5107328475516324, 1.0149776888341333], [0.12602594888091545, 1.16919650416886], [0.7468585246689643, 0.9364856680539004], [0.8248816192939876, 0.6968898333534124], [0.8957794824549289, 0.6673510640764102], [0.4670577105416792, 1.1128267355243933], [0.09205780153492932, 1.201148763703676], [0.787289358321212, 0.7345085607558881], [0.9302809009957909, 0.3876916506336862], [0.8643968106337713, 0.6845258160465688], [0.6121988497319254, 0.9740709429489938], [0.7994139936473781, 0.719524833960967], [0.591751317094855, 0.974181067031505], [1.011023653162899, 0.28110973441927894], [0.7930402237390032, 0.7262119133759319], [0.9983156754265348, 0.29769140064292404], [0.6586484343284229, 0.9728049599132029], [0.9381068412652205, 0.3690858695899993], [0.07019333050193126, 1.220336602225597], [0.1186901135366154, 1.175198213165842], [0.9425011689060254, 0.3580666044550403], [0.955938929764321, 0.34339704704313284], [0.13192959025866227, 1.1633759189990067], [1.004919980780355, 0.2901010018700687], [0.8228419758692941, 0.7051669762650683], [0.6841662175625737, 0.9708368517130725], [0.7554633908499229, 0.9259287419990143], [0.918227857464644, 0.6564612105643012], [0.5375851684402103, 0.9908793204849264], [0.1525144068609208, 1.1456341745187912], [0.48578343584265743, 1.0480163247373464], [0.6991398204205171, 0.9677831039948557], [0.1682753979877813, 1.1366064861438787], [0.7732159128440079, 0.7969153669850957], [0.7393259872163502, 0.9452432581505552], [0.13914908654987945, 1.1574483815031265], [0.5217483540972011, 0.9974132490403473], [0.9488454669484716, 0.3498440553400646], [0.044037438684100476, 1.2382505039223919], [0.09896454757094367, 1.1951431952896805], [0.7769149129162297, 0.7563991631695455], [0.46813902172193667, 1.093280038984674], [0.9855773372389822, 0.3080574049149919], [0.7649560832023053, 0.9091162764942122], [0.5032484978374844, 1.0167396501386499], [0.7284944979361835, 0.9539278978423229], [0.10646519836177681, 1.1898079419232737], [0.7831007031170525, 0.7426335711336436], [1.0386701604708677, 0.241961426030453], [0.7205510637514357, 0.9648988344015113], [0.8388193313961181, 0.696530583863215], [0.4814920570739803, 1.0625316078847007], [1.035325039716049, 0.2481265588576802], [0.5469276533847998, 0.979562833466856], [0.07535819831559826, 1.2158790124320025], [0.0651070685964569, 1.2263110696359667], [0.5187781213454424, 0.9992245522943863], [1.027607184114004, 0.2605174738972856], [0.18248370499570837, 1.1325992370139255], [0.47091311170889333, 1.0850799002439402], [0.8102631423869209, 0.712363755038683], [0.8139525371479841, 0.7057568446372606], [0.978041627488881, 0.317751365301545], [0.45607538439430084, 1.1175674827724102], [0.05804915153708188, 1.2310280176574373], [0.7364663723151518, 0.9492569117688472], [0.9646936644486265, 0.32905765966946676], [0.9697963408621868, 0.32397416999043466], [1.0316214489980227, 0.2545948064265151], [0.04993291097273727, 1.2345615520620303], [0.5600227953062733, 0.9766064626735289], [0.4834337874961135, 1.0611456944795667], [0.497410744004047, 1.0264686646754344], [0.906916654813787, 0.6609805555268466], [0.7227470080915603, 0.9567030724400756], [0.6708823196635657, 0.9722888185140148], [1.0244383343191799, 0.26795454438728383], [0.9291690421914138, 0.399929889872512]]",0.024255,19.15
DTNK3,CCPSO_strict_archsentry,13,100,0.004275,0.007392,0.758362,0.003145,0.742012,21.0000,100.0000,"[[0.8875713339928101, 0.66983340939026], [0.7734549356752363, 0.7962364542688054], [0.7913044879129935, 0.726273326352286], [0.16101808206104645, 1.1403220739857414], [0.46386943107805956, 1.0994997055675282], [0.7883885339789024, 0.7397073021487137], [0.7291331567703616, 0.9623338466842954], [0.09054866106982593, 1.2027307661863602], [0.6503004050115714, 0.9734690146440912], [0.7571011794056819, 0.9248086652622269], [0.9292501691154875, 0.39702802473655047], [0.76617367718669, 0.9158522968150637], [0.8365639883223672, 0.6952616057364815], [0.9630248630450149, 0.3352430342856695], [0.767619602035583, 0.897995136214305], [0.17005786955061178, 1.1374525518785537], [0.08336173940609241, 1.21064442425345], [0.9736303304067968, 0.3198409609459456], [0.13504467213155144, 1.1618089711228292], [0.9899100658675642, 0.30548463842008766], [0.6999905721245163, 0.9682454641556846], [0.5163211122349696, 1.0063403667316502], [0.8662068968981785, 0.6789476137264222], [0.9948595227927579, 0.29857755365092487], [0.7764481111253003, 0.7666226925300099], [0.9795884083345217, 0.31513943860368065], [1.0388397892915586, 0.24238706800324858], [0.9676431191396404, 0.32744190135877205], [0.811220818010548, 0.7051255510036933], [0.5303325958027137, 0.9902708270599379], [0.49314313921152797, 1.0344572036176176], [0.743080228622541, 0.9518953306463771], [0.06235939624088032, 1.2265942257165958], [0.9367467439248165, 0.36723891357179766], [0.05465724284092423, 1.2314134606022304], [0.8223615957018076, 0.6996468703852121], [0.6837645958931668, 0.9713707385770429], [0.9542894303169092, 0.34231569961077735], [0.15622824757814874, 1.1435299000179242], [0.6754100662127077, 0.9716816711154528], [1.024142249118195, 0.26574991091548944], [0.44867925729044134, 1.127985539766908], [0.48713224323114496, 1.045126208033351], [0.4781424748567376, 1.0726354838342829], [0.12720066663617158, 1.1668224914575367], [0.9838642973116046, 0.31082106079187255], [0.8766229763289275, 0.676877962827076], [0.47384582982875284, 1.0838038414588], [0.5786767490234204, 0.9739394900805589], [0.4672395356329313, 1.096662073192334], [0.1817148687049021, 1.1323137388744156], [0.5217155028444055, 0.9973239224289039], [0.12010359529196718, 1.173372236935816], [0.7799101860968267, 0.7458787655811288], [0.14823359793087998, 1.1496434293157058], [0.9351097881310281, 0.37854778046140614], [0.9083534526397155, 0.6593497947735719], [0.07738905595709082, 1.214648903189333], [0.9477714588124081, 0.3512428351877239], [0.853285438035748, 0.6906993919839444], [0.4599009376457173, 1.1076207373244171], [0.8577553545652035, 0.6864664705967038], [0.7319419017276638, 0.9565528526608615], [0.5686954182423586, 0.9757960754398511], [0.506103914218827, 1.011961468830949], [0.774705317976296, 0.7883032301407673], [0.8990003173746977, 0.6642523630397925], [0.7479699474558632, 0.9501578889302094], [0.041848973688458364, 1.238478047107495], [0.9178325607288896, 0.6549603416653635], [0.4798095852384025, 1.0647152545274776], [1.0191232868093723, 0.2714328151209628], [0.19532528568519741, 1.1293820023329928], [0.5465572719855005, 0.9798774748725354], [0.14147017411929003, 1.154929541646347], [1.0150736916177254, 0.2777459125644825], [0.9427994604347758, 0.3589877123696342], [0.7788580381361846, 0.7536981309481035], [1.0022456537164424, 0.29253929122139194], [0.8052714428157908, 0.7112791863760515], [0.7690465434149498, 0.8880664199131894], [0.7196039639510057, 0.9650814733145516], [0.49879056390607585, 1.0215790955732529], [1.0294450157865285, 0.25915212715052904], [0.10359883932624228, 1.1931577701471483], [0.7726006459176411, 0.8759370568998219], [0.7524260336439221, 0.9425765669401163], [0.7983270844067508, 0.716443729393694], [0.04843032105150562, 1.2351073679120863], [0.5407554419274607, 0.9857078809950002], [0.45474662771654634, 1.118543536368512], [1.009412423921928, 0.28437938123681183], [0.0960737262338631, 1.1973106928539319], [0.9300945343335587, 0.38708970438444], [0.8432706341107448, 0.6924062054275606], [0.11179767871323129, 1.181640555219708], [0.10918131228303174, 1.1894245570230293], [0.06977332174175904, 1.2216552069499664], [0.707662477769001, 0.9661442521040253], [1.0343177951433287, 0.25115449426369507]]",0.023434,19.21
DTNK3,CCPSO_strict_archsentry,14,100,0.004312,0.009182,0.655041,0.005745,0.770003,19.0000,100.0000,"[[0.9666452022109785, 0.32779863256087144], [0.8197807360318128, 0.7015653389316541], [0.7729484079524418, 0.8592436960268446], [0.9902647340596882, 0.30510786814686197], [0.6109569535064232, 0.9749232403984351], [0.536520695599676, 0.9836795190775369], [0.7392710045233191, 0.9475970599362917], [0.8472609592739464, 0.6863594615468837], [0.47402446753463195, 1.078538015081498], [0.9839456631961926, 0.31207616294941243], [0.48845642103619535, 1.050392408595313], [1.0207947935855461, 0.2695709016080301], [0.7671326279680015, 0.8937754421690063], [0.8884982236570456, 0.676227098317757], [0.18504671623813598, 1.131050657345164], [0.706920485413957, 0.9642738933649018], [0.4804948277846615, 1.066594917727334], [0.4907272473894766, 1.043366631506942], [0.14771480698494496, 1.1521326731738875], [0.9567636402376468, 0.33865686196985734], [0.8360641792623624, 0.691684720097601], [0.7930493027722331, 0.7303700477630002], [0.8692459338112855, 0.6812756925408994], [0.8002556229836861, 0.7141258485465614], [1.0032895126347519, 0.2922903260510306], [0.11141108406169753, 1.1820338850677883], [0.10159195761890354, 1.1921280055276093], [0.1066952996126539, 1.1872869594987057], [0.5103707964604729, 1.0068513678994655], [0.7751596445778313, 0.7862528544445397], [0.9294934786642399, 0.39184288121759775], [0.94364791186977, 0.3558773047277417], [0.07850533520525195, 1.2132082708966718], [0.15432623783007557, 1.1449288922559078], [0.9253389332186649, 0.6510570145029753], [0.4953338163258128, 1.0319791246930807], [0.5719660841148138, 0.9751129172681863], [0.8517075394319344, 0.684813054498262], [0.5268391923740979, 0.993520242921283], [0.11666927719304426, 1.1780037198332445], [0.20086571234835937, 1.129060987973752], [0.7861431686510465, 0.7407609991524562], [0.16050030249517597, 1.140939424881925], [0.13080979065377724, 1.1638647362648677], [1.0383411045048032, 0.2421802776102681], [0.6196094595096959, 0.9734446557840384], [0.12615179424339087, 1.167486729418982], [0.5247603372415912, 1.0057298477270904], [0.6539020027476796, 0.9726085043864572], [0.08911343001226904, 1.2038594930966637], [0.996813456394799, 0.29752671735370395], [0.9782629053347037, 0.31734920315366844], [0.9171091271087317, 0.65971764091169], [0.16564435836288735, 1.1382653973969485], [0.4844943266464561, 1.0600099326754147], [0.07324529231042688, 1.2191361954369972], [0.45562822184199003, 1.1193102418453256], [0.44797767077929623, 1.12802365233868], [0.17507475635701206, 1.133298702046948], [0.951120739168938, 0.3481550404669081], [0.7289085634547727, 0.9525114201390414], [0.8997953913654972, 0.6664337947117531], [1.0087539192538844, 0.2845116967449663], [0.8960736203268256, 0.6738227472627933], [0.7436361595454616, 0.943173380935683], [0.0962165679749433, 1.1976055649666226], [0.05040748729212987, 1.2344152184823078], [0.9344284404237224, 0.3730093224815433], [0.9294284945741986, 0.39790119157235415], [0.08423654751932072, 1.2088979699806528], [0.7595068598235549, 0.9400104661465818], [0.4637823283049735, 1.1032340479879656], [1.0149468765167537, 0.2770277990426521], [0.5017557280288869, 1.0176492435883377], [0.5609480125202042, 0.9771813896293744], [0.4714958682988779, 1.0831033000345096], [1.0251631294321015, 0.2634413338018913], [0.932004341855514, 0.38099414198258263], [0.8275481559206498, 0.6968215440467664], [0.5083946659145723, 1.0139226987649177], [0.7991897372746812, 0.723971919541599], [0.05864184771594924, 1.2287893431302457], [0.6995156399238469, 0.9723479305309617], [0.77620539149568, 0.7609812127980864], [0.973005199109221, 0.32265364835753924], [0.7611950249881769, 0.9162280314475502], [0.13797281283128965, 1.156865015952966], [1.0343701257276072, 0.25029074460310713], [0.9382235370188459, 0.3664930938266562], [0.783419953692656, 0.7500470991685011], [0.9273798907392439, 0.6494036776774239], [0.9085478624944776, 0.6647402502376305], [0.9623718306521054, 0.3358989251470459], [0.5491766304001501, 0.979115063678319], [1.0302754633783402, 0.2580584432742229], [0.7908385332672023, 0.7355126491717043], [0.06757780565280389, 1.2244640451710316], [0.04223882794102831, 1.2386241327463137], [0.8177782990845588, 0.7032882880190428], [0.12186450108648568, 1.1726600845707047]]",0.020796,19.13
DTNK3,CCPSO_strict_archsentry,15,100,0.004237,0.010434,0.850120,0.005978,0.738031,20.0000,100.0000,"[[0.10656781349762123, 1.1868691567408884], [0.6038938074402272, 0.976450402128135], [0.7625595201031585, 0.910136306914995], [0.9806478570178078, 0.313264185448599], [0.9909071786353064, 0.30310434174519574], [0.8094823367681094, 0.7122670572821233], [0.7998618004598478, 0.7168178707700179], [0.4494356266562796, 1.1270280628980878], [0.9276610645575939, 0.6544998849760593], [0.7912479058223272, 0.7238332238601621], [0.45694223276789164, 1.1188688031639074], [0.48237663347819865, 1.0705111794492097], [0.7442909630763477, 0.9457146965919998], [0.7401733832232735, 0.9540678557679856], [0.542859204706528, 0.9822253550407056], [0.04246560193803141, 1.2384617212137965], [0.7206145718410342, 0.9604295971045809], [0.8369495749498244, 0.6967489361186918], [0.9169689699933401, 0.6555357850496657], [0.8231779324532099, 0.7013647711821], [0.12459679929691655, 1.1719628680872476], [0.514796788768513, 1.0063266339331252], [0.07989919523049024, 1.212504876774877], [0.9296090814698725, 0.3972550708031961], [0.5877595669336789, 0.9773453212780308], [0.47176548638976906, 1.0831415161388487], [0.6658057670688817, 0.9725060921340614], [0.49407863164942584, 1.0385814565786795], [0.7757511237731748, 0.7716889863186938], [0.8682348272320123, 0.6777341464147721], [0.7804409331067121, 0.7458181672143274], [0.6101126305497342, 0.9739535950145344], [0.8513966567685032, 0.689499685838856], [0.9747026467371246, 0.3193598950903332], [0.468488719954203, 1.0891138174036719], [0.16397399929854586, 1.140950209598723], [0.7308274081346693, 0.9552257498087438], [0.8653364730943431, 0.6813838232706104], [0.7086380286956986, 0.968003025176053], [0.6785155430492111, 0.9713320081972014], [0.9326252315754452, 0.37714544732931143], [0.9955446393274774, 0.2978547258324599], [0.7687258505062465, 0.8866762215245527], [0.4651844711480425, 1.0994440417080777], [0.7738976224129663, 0.8343443953360643], [0.9451355121394119, 0.3530044734981285], [0.4970100017039772, 1.027134772233419], [0.8809369187152685, 0.673748080281066], [0.941013664737158, 0.36193399792510983], [0.6323708742744754, 0.9731011953173732], [1.0074380453316232, 0.2853946956224123], [0.1288743201531106, 1.1665089237485797], [0.7588223602828305, 0.9271678430893329], [0.5171516909238962, 0.997478271723097], [0.9861662681588842, 0.3072664221029054], [0.897474391757332, 0.6714543893703703], [0.15201934925309732, 1.1465933942484416], [0.19885875388294827, 1.1297479517127254], [0.8173919771259248, 0.7081594514674998], [1.0244999562854449, 0.2664955019399067], [0.17495015162865524, 1.13350686547784], [1.0390063507654113, 0.24261749027974255], [0.9512942945844071, 0.34512372818594744], [0.5286193879444624, 0.9952893015717703], [0.13562262347362833, 1.1595988929863654], [0.5591015595646436, 0.9798361747269346], [1.034177714470883, 0.2507999460802539], [0.07357964901904629, 1.2180384629893528], [0.48836439619782607, 1.0441400832819374], [0.09356685148063698, 1.199627013930653], [0.8553463883115373, 0.683671614401872], [0.7495418763291073, 0.934829278975682], [0.9684410155630134, 0.32580709919167883], [0.7152210293573922, 0.9642845319558526], [0.9311959055177166, 0.3880024261037587], [0.9367899426529778, 0.3676344675118467], [1.0185704624562002, 0.2734918939119147], [0.958795032033352, 0.3405435683305397], [0.9623715992835452, 0.3316477374232005], [0.7905851775512134, 0.7297046946722114], [0.05809162405153102, 1.2290956047176922], [1.0017701585406638, 0.29234251076363915], [1.012579413907321, 0.27959433765629277], [0.06662375287921136, 1.224432649674181], [0.7822463799650632, 0.7405608699562529], [0.051132261836037037, 1.233900263276508], [0.08681905787889814, 1.2059734497416184], [0.9106851302025584, 0.6627151954310382], [0.1116084679002237, 1.1817430234935435], [0.4798306488135546, 1.077166615942732], [0.8998907004660379, 0.6662230159675647], [0.1854407566800354, 1.13146219000811], [0.14340307365504704, 1.1527563140781552], [0.4630048107634393, 1.109974865972014], [0.5037164434660348, 1.0211170201289543], [0.11846767061395837, 1.1762241877638244], [0.5063952539441715, 1.0102410888493085], [1.0288060456669805, 0.25859960443038804], [0.4843907547133897, 1.0604158233815966], [0.10098779118636453, 1.1949682937203268]]",0.019413,19.09
DTNK3,CCPSO_strict_archsentry,16,100,0.004320,0.008847,0.675667,0.003324,0.752077,24.0000,100.0000,"[[0.9567027148282544, 0.3411928195092948], [0.5213099210920447, 0.9936051285886567], [0.47235763137219805, 1.0809433008227325], [0.7717555804328855, 0.8819338818863589], [0.9161350132822097, 0.660493954159536], [0.8627717809732611, 0.6795579126276043], [0.7615387402099199, 0.9178521240273663], [0.4525146227077184, 1.1281803207636598], [1.0149319320963668, 0.27713095665820564], [0.043256967759482304, 1.2380633528799838], [0.7878465339500519, 0.7286388787027263], [1.0382302913862222, 0.24211425379747514], [0.5564717687482387, 0.9771684385791084], [0.11947869595044869, 1.1750551260872801], [0.9509125231146527, 0.345537299890346], [0.4882182534244585, 1.051830638351687], [0.5382687972294653, 0.9859562238775674], [0.8836702544525126, 0.6714600659908507], [0.8516821198588586, 0.684358111151528], [0.47219823879097794, 1.0931248530581705], [0.45797355163759607, 1.1104599634217238], [0.20188147268233536, 1.12944692244279], [0.8933544109969342, 0.6683383975395831], [0.9298398318917648, 0.3886809365781657], [0.7673856014903626, 0.8972300391924042], [0.7400285651995896, 0.9564457355362703], [0.7825734214246023, 0.7577830331842226], [0.9780050189667974, 0.31568652792842666], [0.99804115486592, 0.29565338499029814], [0.45331387973633835, 1.1195128818969058], [0.9890239134961055, 0.30624961574327003], [0.9034983572689181, 0.6617844124709584], [0.07593335073278523, 1.2164306755538516], [0.477189524869878, 1.0681533329725672], [0.4971427179834978, 1.0271876675983573], [1.0034291526231527, 0.28955043197058794], [0.9478672962277418, 0.35274005587762103], [0.46425380315215165, 1.0980335114002544], [0.5357726605741692, 0.9897018377643108], [0.5134772190932964, 1.000531593560986], [0.12593847740023106, 1.1692634132105966], [0.05147560470052826, 1.233593055509812], [0.7504855002478555, 0.9338022755389002], [0.15044159187747186, 1.148042891091559], [0.11399732937221838, 1.1794798216954934], [0.10743454374659792, 1.1858803826033502], [0.644683191785039, 0.9733834390709744], [0.7747134621624606, 0.7775949547894336], [0.9425994058357361, 0.35682934024895707], [0.9252387322563862, 0.6557327817998315], [0.6924158490719128, 0.9703385445126138], [0.13998555345067704, 1.1550631324671266], [0.6695424990001299, 0.9722755442348212], [0.493892375813458, 1.0352037203373927], [0.6000858030257672, 0.9759170012085805], [0.7567587792069681, 0.9246356759187102], [0.875784853403075, 0.6755449894727222], [0.06558360959248108, 1.224839937856807], [0.9662782656558779, 0.32985583351973735], [0.9839372521637388, 0.31047660554322604], [0.5481225024973058, 0.9826340933408655], [0.793276229678878, 0.7239606582037017], [0.4817669225659183, 1.063718427487418], [0.8460987019684023, 0.6879460717398302], [0.8190123785045661, 0.7042107185429107], [0.17108017547939772, 1.13662400813179], [0.6632589688714282, 0.9727114222846938], [0.8085572877446492, 0.7098034305176544], [1.0343191602996906, 0.24955408747303343], [0.972398938316288, 0.3232932308454768], [0.501644813229244, 1.0197724530221113], [0.6123827762824492, 0.975845561664417], [0.7715863425750632, 0.8949261603964256], [1.0250076781295507, 0.26395462423329674], [0.7846618111063501, 0.7424634690762537], [0.9402865392443196, 0.364587608851757], [0.08699527983822003, 1.2062409443144697], [1.0205992934644654, 0.2707102202180398], [0.8344241801992264, 0.693315485981821], [1.0300638705032406, 0.2569447796001904], [0.9932951286448258, 0.3003225211557973], [0.6985687779004017, 0.9659048179335632], [0.09335442097666284, 1.2013529274391417], [0.16280963337689264, 1.1413180477438878], [0.17999467268953573, 1.1316896448393168], [0.9350410918846661, 0.3716599357852031], [1.0090620653271132, 0.28332019559972677], [0.058890251275586336, 1.2285650897039742], [0.08195222160112652, 1.21139724707214], [0.8237180349523079, 0.6992174724886431], [0.9342048563362024, 0.38091341713424504], [0.13263788083695105, 1.1636658452981843], [0.9290990318315666, 0.39831444189488524], [0.9625852798160291, 0.33585617386989514], [0.5092756422335736, 1.0078406363714483], [0.7185480667783133, 0.9646921771581976], [0.10082392583111419, 1.1950843431531588], [0.743758985334318, 0.9448919795625146], [0.1598746439562519, 1.1447590204763474], [0.7226934397940629, 0.9577608675781475]]",0.025700,18.82
DTNK3,CCPSO_strict_archsentry,17,100,0.004015,0.010032,0.895347,0.004092,0.726922,22.0000,100.0000,"[[0.9476574608901345, 0.35119676801413735], [0.6107537693687279, 0.9737661145101981], [0.08859667515732919, 1.2043568195816257], [0.18899125041532994, 1.1297957203784643], [0.7880319423201609, 0.7500139404930835], [0.050204009509797747, 1.2340843260337206], [0.9988125366791024, 0.2960635428933175], [0.10496595688588396, 1.1886463185285576], [0.5309376328445672, 0.9914388878628007], [0.8911345505303694, 0.6696559200852401], [0.9365133149488774, 0.36808490259595483], [0.7737779871916196, 0.8051374713514581], [0.7753797274140197, 0.800170118625448], [0.06728823006560643, 1.2233760342057551], [0.9097182482445397, 0.6598462596818453], [0.1605326875220891, 1.142740363034413], [0.7404830226290903, 0.9516014177794687], [0.4527167235045006, 1.1229198715778832], [0.09491323287324208, 1.199721715504575], [0.8830707052416067, 0.6769395299285679], [1.0165337293193166, 0.27668401753838257], [0.0752921332138346, 1.216317609030086], [0.7766335972120418, 0.769400788124863], [0.8202481051145856, 0.7036322321198307], [1.0256670429941466, 0.2636203681868618], [0.9423981464960075, 0.359098359053567], [0.4639401116003041, 1.1101192109920908], [0.6949909487352122, 0.9667510680481455], [0.9928775466764361, 0.30450466905347373], [0.16851508290802833, 1.1381501806106773], [0.5226375693460115, 0.9927568788958461], [0.9742093919628967, 0.32084610154358045], [1.030569868483391, 0.2559947632388747], [0.7732282734788211, 0.8365308751922051], [1.0203657665645207, 0.2699744347293814], [0.7406888126649256, 0.9436204257914387], [0.45764822701403757, 1.111586010735849], [0.4775767652126164, 1.0685171300857248], [0.5823726560744715, 0.974719204984275], [0.8546759335283189, 0.6859456204918699], [0.17514149776698648, 1.1345313859809596], [0.800482048601897, 0.7172322801413022], [0.9519514445773507, 0.3441877551865167], [0.5446196513606951, 0.9808553112292309], [0.9282732037271311, 0.6579425702546984], [0.062286786927146225, 1.227833914528314], [0.7772671519935433, 0.7563878527473131], [0.04204905132134585, 1.2387664573703492], [0.6790402557668311, 0.9715158540528195], [0.6496886822643525, 0.9729045899952131], [0.9665326701182616, 0.32967032996260554], [0.1177151250299904, 1.1788643304584332], [0.08302441183274362, 1.211303411910585], [0.1228233237768783, 1.172936559469995], [0.7933942900136237, 0.7230802443382525], [0.90413348604241, 0.665839663770066], [0.9852880510549932, 0.30950136430504505], [0.9590046016552475, 0.3362945417100006], [1.011576843645837, 0.28069251916320864], [0.14518478263607415, 1.1518858829648848], [0.5131549416763258, 1.0045562912407344], [0.11033721939477131, 1.1832310743571641], [0.9339782785440344, 0.38010099927064067], [1.0389843316017968, 0.24270401370805614], [1.034612264337321, 0.2491664091333881], [0.772621458588322, 0.8858237312559547], [0.10110309345135882, 1.1940340546941284], [0.7923169344206341, 0.738476592108696], [0.7677759356636751, 0.8932509097492478], [0.731463408158581, 0.956618790775837], [0.4848533493613062, 1.055359128057107], [0.7075531275027568, 0.9661045917379731], [1.0075898237652172, 0.28797101603456227], [0.674456553897403, 0.9726559520751599], [0.4975830626581388, 1.047135724106588], [0.129111996476832, 1.1646080439806437], [0.5044448744984111, 1.0161893685806167], [0.5361321738208518, 0.9872773539252635], [0.5012853143609899, 1.024303766087644], [0.7599533616015339, 0.9151946327288785], [0.46428097695415516, 1.0996707073430716], [0.1373807924348187, 1.160783691510771], [0.4684961082985563, 1.0926434809939316], [0.9790286817518876, 0.3147845787688536], [0.8079439703019364, 0.7104270527895968], [0.49124238000643566, 1.05099403583161], [0.8724732790132121, 0.6781484266735567], [0.845342650690334, 0.6911144598444718], [0.4746640714573227, 1.0748365542811813], [0.15203671112234168, 1.1479202778502322], [0.751793815155434, 0.9372771596111493], [0.8261829018489009, 0.6982374357629939], [0.839256540734394, 0.6942081208650301], [0.18141444321863937, 1.1313232764108487], [0.569054504545642, 0.9761506302838276], [0.8705418191775688, 0.6829909034127468], [0.9292009463241354, 0.39569743245677425], [0.7584813953357754, 0.9345483508787209], [0.9330884252893609, 0.3899286684177447], [0.7766221544131222, 0.7824953559728685]]",0.022481,18.77
DTNK3,CCPSO_strict_archsentry,18,100,0.004703,0.007965,0.806457,0.003295,0.784737,19.0000,100.0000,"[[0.18371060704317566, 1.1314731790308323], [0.7047866943396973, 0.9675392785691697], [0.4849238674494112, 1.0599983743966663], [0.9807090327120553, 0.3136883964386743], [0.6167442439308137, 0.9735940729535506], [0.7689153024891964, 0.8852153627644819], [0.7738235668969454, 0.786698990743594], [0.166363783426832, 1.1371051459478625], [0.7481841661437045, 0.9388551489199795], [0.7915750311254637, 0.7292295604668535], [0.79547430753912, 0.7195320938318348], [0.9235368426971362, 0.6506505360234812], [0.9768562221740382, 0.3173426467153205], [0.043370928398788096, 1.2388578454771448], [0.1145511712788151, 1.1790350413605162], [0.49068112810517306, 1.037148945276483], [0.887720623571922, 0.6698730664230024], [1.0386238121279658, 0.24249420750322856], [0.5802275318969488, 0.9754529617821395], [1.0208976352496004, 0.2694952799954906], [1.0003448133451633, 0.29436895840530214], [0.9543547106171402, 0.34199845666042006], [0.5599754873235386, 0.9773680312998894], [0.9322169330364115, 0.3844142489017087], [0.19392747585414122, 1.1296101847201465], [1.0045902161785942, 0.28922420118434855], [0.7677205897451824, 0.9047638271567406], [0.9298153304339591, 0.40857472271884215], [0.5202917331307266, 0.9997838676021167], [0.15384464306115408, 1.1456403318750292], [0.9646030144651645, 0.3310381739165962], [0.14151652813504856, 1.1567326557937871], [0.4668526357431581, 1.0941082472395236], [0.6936343041629227, 0.97062642520183], [0.9391893848884368, 0.36300587857227684], [0.4895884135480047, 1.059540433295756], [0.7789508559361555, 0.7617254357775727], [0.5398171359094662, 0.9857851283569734], [0.828190337498369, 0.695319811294989], [0.13552207944075656, 1.1595318832123247], [0.5286494314337309, 0.9948437024023902], [0.8569112124513633, 0.6850821390074795], [0.8807852020276208, 0.6749970962856369], [1.0284532867181093, 0.25953984730046364], [0.205050496073213, 1.1295123781118266], [0.7610999136999488, 0.9120843001202628], [1.0102125590131659, 0.28308829877436403], [0.5089862559371323, 1.0147009242481866], [0.8127592615790403, 0.709208976880924], [0.1230904454460652, 1.1711949054566897], [0.457182736891307, 1.115470653034213], [0.09045599660891297, 1.2034359269897554], [0.7865058633792172, 0.7332306062206881], [0.9954895341615029, 0.299457507765746], [0.4810233642261412, 1.0840042346657526], [0.9585597008893293, 0.336537055957279], [0.805678160834825, 0.713543277006139], [0.9345347907171229, 0.3749531381040345], [0.07103792436085961, 1.2203320696704987], [0.8732774311592001, 0.6790357430442542], [0.9491097575302114, 0.34813551740721094], [0.9299220817633614, 0.38988035413188654], [1.0315824203936939, 0.2539573244756474], [0.9439043594868952, 0.35503710999109594], [0.8226003151105343, 0.7035262735092604], [0.9906062026802274, 0.3053977445704215], [0.7236400291157126, 0.9594615336448771], [0.6106403214069932, 0.9739731523625432], [1.0160963083292922, 0.2758856917754085], [1.0249462479010267, 0.26412135849774826], [0.10938065103923815, 1.1863961500856417], [0.9862844693398636, 0.30901792209433143], [0.1303971967059747, 1.1635622863705608], [0.5932043968538478, 0.9751382992956747], [0.573903728339966, 0.9766866222735369], [0.7438620824058271, 0.9426465184695241], [0.7745304426539181, 0.7750421095441349], [0.1595113134575938, 1.1406518501426737], [0.47139136870682247, 1.0853321092650943], [0.5154781752959099, 1.0066181754789116], [0.08417113518075714, 1.2094086399145971], [0.07829246671093629, 1.2149621785196425], [0.9713340276703575, 0.3251364401299607], [0.7144358704402405, 0.9616015365279222], [0.10319358596594216, 1.1917754024009057], [0.09622000085252, 1.1972999773852524], [0.7338460210934143, 0.9519407971879723], [0.1754031660970301, 1.1341329579874175], [0.06388564269489397, 1.2253658120309434], [0.7726415421473176, 0.8812266948762093], [0.050796285522715263, 1.2350167046391507], [0.05741834263788933, 1.229668326167465], [0.4959451215943114, 1.0319163190116822], [0.4653612038210276, 1.1108433208287032], [1.0350268049166003, 0.24841165761846792], [0.9105957699470225, 0.6615988561045194], [0.14786645060001613, 1.1534789303898692], [0.5017178220955321, 1.0230897315401262], [0.8452149961063896, 0.688675146934784], [0.5402750590231099, 0.9821878217225881]]",0.021324,19.04
DTNK3,CCPSO_strict_archsentry,19,100,0.003842,0.009044,0.876965,0.003598,0.699576,20.0000,100.0000,"[[0.9157536769055409, 0.6575175950723594], [0.9777897385811336, 0.3160657497535416], [0.717838909698812, 0.9604552271264499], [1.006146343584695, 0.2872099223359079], [0.4996889837390524, 1.0297609873343538], [0.46534094295362155, 1.1006335086221044], [0.9990645114499006, 0.2946807680365665], [0.7673226466794567, 0.9117568579511242], [0.8709085728646757, 0.6772057119130992], [0.18659985224123482, 1.1303025360336718], [0.7734576571999254, 0.8206111821707422], [0.4913703336226169, 1.0471329277829957], [0.9507232597827826, 0.3475997752172702], [0.6962584900632116, 0.9693196115662543], [0.8950647424534182, 0.6702047287409432], [0.8192911243600809, 0.7013213265620126], [0.8838583220844982, 0.6764774581355699], [0.8016381476850852, 0.720057929305038], [0.13994523369477055, 1.1551264357376456], [0.9921249297257486, 0.30282085445032686], [0.5054522872578566, 1.0186407623486062], [0.12624130323021265, 1.1694460133031566], [0.8282732784798006, 0.6950019931355953], [0.7349942657739706, 0.9602731367117339], [0.4950017744879467, 1.037861358673911], [0.46070511367861183, 1.1211971574094541], [0.16863605294607192, 1.1359743344303934], [0.11040113393481948, 1.1829248562948291], [0.7518171854876488, 0.9310312451998815], [0.7482281413457781, 0.9385646881440863], [0.9488438024502704, 0.35634219853008775], [0.8472590761982534, 0.6878764634168257], [0.19802186266606886, 1.1292753183980262], [0.4677247269739211, 1.0923931013811798], [0.7881364785762471, 0.7287942480065481], [0.1476485529774251, 1.149148378198677], [0.7732382100198805, 0.8460887115571769], [0.7854163503047972, 0.7407809008269914], [0.4802028441424498, 1.0658125181336606], [0.7585288304528289, 0.9216447946427762], [0.7689669021691508, 0.897118076947631], [0.061100567041063175, 1.2268372338014983], [0.5832977502154685, 0.9758693370372664], [0.4737209212081972, 1.0830013770091627], [0.7766143430052336, 0.7751213204056406], [1.0292147177878301, 0.2589545414565834], [0.0960831333546549, 1.1971760499837854], [1.0242421526263534, 0.2648386832086336], [0.8600315500396835, 0.6854842835452782], [0.5354450373645574, 0.9868788900111585], [0.11570709478783811, 1.1787034116493205], [0.0885991107139952, 1.2046927922450534], [0.5771332479965425, 0.9775873543170357], [0.5193051198152852, 0.9949262702524175], [1.038444053943631, 0.2417819593743553], [0.7799721828876881, 0.7484992506517489], [0.4766794194325859, 1.071311075933385], [0.6683322604657623, 0.9737477523842073], [0.939749711752636, 0.3628783580545486], [0.936002935812923, 0.3697313208362588], [0.547542572108857, 0.9822791335207364], [0.12036429968688445, 1.1731352569876123], [0.9299671528390407, 0.38815538946080896], [0.048432266477631665, 1.2350461761193092], [0.9602621373035893, 0.3347589685340775], [0.9685050567510539, 0.3258830535440777], [0.48415301519780574, 1.0540049033023289], [0.7422607682301583, 0.9470312056545671], [0.6072127048051128, 0.9741736075528851], [0.08244183568991642, 1.2115320692044884], [0.1766658732726642, 1.1330033189506807], [0.9350280171262357, 0.3818726254274958], [0.5318751915814961, 0.9940560016322608], [0.5525430218446953, 0.9790791534570937], [0.7738061861264152, 0.7955133229895952], [0.7369818639500855, 0.9504188299271714], [0.9847717225220265, 0.3099827326035107], [0.04172439916595398, 1.2384292106369346], [0.8379967378292981, 0.6921529904231933], [0.9076813136704776, 0.665256503394323], [0.71071755875272, 0.9673829431043091], [0.8121018793020072, 0.7096199833063719], [0.7719017121984784, 0.8831152569040588], [0.06819534149208153, 1.2220547841484168], [0.927329097490582, 0.652568640216652], [1.0334214491033766, 0.2517148768474154], [0.7793453213512775, 0.7625631886267508], [0.9561773087157014, 0.34075678781502644], [1.0140023853120113, 0.28271501609497435], [0.07573049504867047, 1.217465226554602], [0.7969501108352377, 0.7286822054475446], [0.8082943749570468, 0.7115662727119412], [0.15918062287762724, 1.1416802469816842], [0.1359964642901528, 1.1627736009859586], [0.4567241486029156, 1.1282097015320927], [1.018349495443804, 0.2745414902959831], [0.6853548455195417, 0.9718320508247296], [0.5098628956427869, 1.0072569658199364], [0.1042115455308381, 1.1901252108737035], [0.05608205366384704, 1.2317318767294712]]",0.024784,19.31
DTNK3,CCPSO_strict_archsentry,20,100,0.004135,0.007435,0.588888,0.003770,0.767862,18.0000,100.0000,"[[0.5141120461272375, 1.0046249999620032], [0.7872543752193891, 0.7298880749882637], [0.9588226477884845, 0.33572803113949906], [0.0925500786721356, 1.200944075233048], [0.07809976358810011, 1.213848810607883], [0.17561865335754734, 1.1337311192459112], [0.7606248045037616, 0.9135876940279841], [0.7733635420753714, 0.8145968831021957], [0.7203446591428339, 0.9681345966527413], [0.9664416218163014, 0.33108875932044496], [1.038827124780256, 0.24248124956046183], [0.9471124673562783, 0.35144405498758524], [0.7206351380407273, 0.9570247787366482], [0.7697243624917534, 0.8976811040024602], [0.8343661322875865, 0.6921879900133756], [0.0727209658841402, 1.2191525921700361], [0.448326686960366, 1.1270014514658941], [0.7800373238248601, 0.7472643185683692], [1.0255470824685893, 0.26383575055057373], [0.48592898957308867, 1.0561716947716713], [0.4821012863590188, 1.0648241844950501], [0.8075422729635366, 0.7102678899809423], [0.5987475244747374, 0.9734911374291997], [0.7077554882968938, 0.9704228373927886], [0.46671857774109443, 1.093829056237891], [0.7302272823571688, 0.9532717515061815], [0.8989260094446458, 0.6661240302508196], [0.4608775197784795, 1.1057755781892007], [0.13032884320086482, 1.164330492671717], [0.9878360920732441, 0.3057624492681833], [0.9694904550719913, 0.3240066130754582], [0.10592050674299773, 1.1900339999612999], [0.4570574534930229, 1.1151611283060923], [0.18679421594814052, 1.1305704733202644], [0.774161930584143, 0.7810630006360368], [0.4709939352346188, 1.0853736744694928], [0.5071431909516683, 1.0129596512939623], [0.5479358280241997, 0.9798888095565474], [0.7446129736938236, 0.94375065356385], [0.9422028515691708, 0.35717301096435566], [0.7513866966827087, 0.9360454455167151], [0.872540167578375, 0.6797719663691024], [0.15235329768009026, 1.1461176417969632], [0.764153722791182, 0.905804516205938], [0.8825052146670447, 0.67148863798201], [0.975216617156462, 0.31923572590726634], [0.11590289564607734, 1.179002868255158], [0.47436342578945984, 1.0750546678929798], [0.9087604442471604, 0.6595572048315077], [0.8176632896668058, 0.7053619888566083], [0.12437342816382474, 1.1691804912530406], [0.45079693975935975, 1.1243181475657404], [0.4959964901460503, 1.0352825230975102], [0.7736196319851472, 0.7911199104160931], [1.0208838503472726, 0.2705401971357252], [0.929818038629204, 0.39951108040989125], [0.11027248295512597, 1.1849394172931713], [0.845840012783289, 0.688708286614718], [0.16771366555334433, 1.1389700648743935], [0.9305355766882782, 0.3866850797603078], [0.5041411121697812, 1.0234143905779123], [0.9213392104306329, 0.6526838968815565], [0.48982374865401057, 1.050550780670938], [0.20233175781045237, 1.129560303898105], [0.7768137575335612, 0.7616080351774042], [0.04200423185582377, 1.2386807520224723], [1.0118254183117006, 0.28429321702984145], [0.8266949451656578, 0.696274195149971], [0.0992561010808097, 1.194850733676051], [1.0161127830220051, 0.27778163308377674], [0.8003143875283013, 0.7160993802649323], [0.14507488995747284, 1.15348062761912], [0.9819269406494917, 0.31185358883230174], [0.5776113991290599, 0.9794945864677163], [0.9382002865255648, 0.37236357075073523], [0.1607484699545364, 1.1430374987147158], [0.7365603982422364, 0.9517852851362987], [0.4966771033721133, 1.034698126859219], [0.13681239181747223, 1.159294582496363], [0.8511832822615026, 0.6863231272496689], [0.06581884071658968, 1.223982836012614], [1.0344314297803, 0.2492339849067353], [0.05791035911196193, 1.2293488452654433], [0.05034620908742372, 1.2351020524012877], [0.8629110598971743, 0.682844709729826], [0.9365696593331163, 0.3820608104648483], [0.5281005193136457, 0.9887626142924033], [0.783575950067309, 0.7395209753142633], [0.7581804768536412, 0.9204391934421834], [1.031318260065552, 0.25790795054484456], [1.0008884587352893, 0.29224012078519923], [0.08519408258806026, 1.2074877898742296], [0.9531033053853664, 0.3433581607309869], [0.5477914712502312, 0.9834582804032845], [0.596010047481945, 0.9735772241549874], [0.2082290781881787, 1.129501682811482], [0.5198673630004662, 0.9958135931879712], [0.7766770629378679, 0.7745609284780843], [0.7996084360764749, 0.7219665356187004], [0.9939108032433341, 0.30035439742715897]]",0.022397,17.86
DTNK3,CCPSO_strict_archsentry,21,100,0.004874,0.009489,0.834007,0.004314,0.719746,24.0000,100.0000,"[[0.6881784957640007, 0.9703532787660374], [0.5927697652168341, 0.9760481340635105], [0.8246976700406571, 0.6993025100776555], [1.0252015150431537, 0.2639113214197794], [1.0381138658981504, 0.24239264016103806], [0.9196843448968149, 0.6534427241443053], [0.5116119088266751, 1.016523185210443], [0.9407430314403795, 0.3662051211022658], [0.8959789791706393, 0.6659091801623509], [0.5090782244384355, 1.0291500211095288], [0.9305805947565238, 0.40195406704946984], [0.49602719289891783, 1.0368929179243394], [0.8882424956204145, 0.6711616617279497], [0.1884525613499214, 1.1311675562295602], [0.7512336600765606, 0.9422940064325416], [0.807496091194681, 0.7109106742759861], [0.7608443082494905, 0.9294869149660441], [0.9514523435890176, 0.3451750546062964], [0.722390809306497, 0.9572658366849065], [0.48489400782551895, 1.0689237473607456], [0.9998034309927728, 0.2941467696055929], [0.06395215041477254, 1.2253753997874535], [0.7709616539905477, 0.8715925958095962], [0.660153633146487, 0.9735533972860764], [0.11462683540939571, 1.178713057061755], [0.9463981458418003, 0.35075079709995866], [0.12159585005170297, 1.1732318392496335], [0.8721329734497777, 0.6783880843337158], [0.1267599727116024, 1.1671195701432764], [0.5255909606984815, 0.9930056624595895], [0.7082370002059588, 0.9648723271851187], [0.48832731779051036, 1.0440792181793794], [0.9938140259769642, 0.300328929213323], [0.04253688341127613, 1.2390352734837828], [0.734018100427746, 0.9525594475241088], [0.8373264266836209, 0.6961598836188956], [0.956692034223916, 0.3402904758607571], [0.884963451750355, 0.6751916420055236], [0.7812044669310007, 0.7469512381332528], [0.15393182632463803, 1.1451048334760991], [0.17353680880392713, 1.1354510018642625], [0.5559961850875097, 0.9776551740925048], [0.0693053964406615, 1.2211413810190666], [0.4717552828327926, 1.0916137552647132], [0.9610320649011577, 0.3350724472469468], [1.034782086159599, 0.25024664369812116], [0.14569202592486907, 1.1509346889684766], [0.7769636223829809, 0.7676074869117471], [0.5396695385832511, 0.9823014502457135], [0.4731161444595833, 1.07795029796526], [0.1813031355840154, 1.1334700208760475], [0.7762160917709254, 0.7874613171344891], [0.5185669876587382, 1.0093408825631751], [0.9128973510788478, 0.6570632576173434], [0.8473381803381808, 0.6882802217989268], [0.057080957171933934, 1.2304216595635196], [0.5364907740963812, 0.9876228674365053], [0.9788162897547887, 0.31462365655760205], [0.10044552897582239, 1.1935120654640694], [0.13913663696138925, 1.1564033959314137], [0.9858626228173057, 0.30793770048524993], [0.9306445825608092, 0.38772416719462816], [0.7644643879462163, 0.9189732527277996], [0.46265833860030764, 1.1047181626944895], [0.737637628817323, 0.9454889311647752], [0.4661935501233327, 1.0980748955374426], [0.0749559379512778, 1.2171178216588536], [0.7808594698139082, 0.7522530697227405], [0.16589641327014137, 1.1372503241649718], [0.7841401666094572, 0.7369681976631399], [0.0804688280349778, 1.2118280038136922], [0.7981806303129236, 0.7185103705103111], [0.2074377001863313, 1.130427370088333], [0.6057617948841394, 0.9740753847754668], [0.10803824029186715, 1.1875961480467883], [0.7680859755110354, 0.8919097517605978], [0.4493427634105901, 1.1267236149123685], [0.8547440858723319, 0.68394307922425], [0.45866423318799315, 1.1176101612682543], [0.8149977165005329, 0.7068138192944218], [1.015201497999682, 0.2783589365819759], [0.943748618433902, 0.3580346752304192], [1.0209670650354181, 0.27013355419703317], [0.9033155298916333, 0.6627986233735301], [0.9743959771139665, 0.3227958140866403], [0.773471276191189, 0.8390620773984743], [0.9661717462751568, 0.3284892468104462], [0.0867866736466285, 1.2061568754198915], [0.8200882454670981, 0.7052139592305642], [0.051672833056087004, 1.236331868882391], [0.13353912012647373, 1.1631457232593583], [1.0028949283743827, 0.29026059381322955], [1.0091714624968635, 0.2833240662147521], [0.09351008928459943, 1.2008524922011252], [0.9337844058314959, 0.3763456583168869], [0.48017190150552336, 1.0723846874881053], [1.029120932531549, 0.25783116025553765], [0.16083430062258786, 1.141036571252632], [0.791124052700161, 0.7290552347379833], [0.6726681956303053, 0.9730210963656079]]",0.026934,18.68
DTNK3,CCPSO_strict_archsentry,22,100,0.004239,0.009340,0.880385,0.004212,0.714843,20.0000,100.0000,"[[0.48312035480901044, 1.0558299988373514], [0.804676429286639, 0.7144104264318532], [0.7293718811085207, 0.9539865558727836], [0.7509416404170042, 0.9307619417709361], [0.7724286681694335, 0.8539739081342403], [0.1290597440264473, 1.1674738498570898], [0.541724590511653, 0.9897180521011075], [0.4647474404342962, 1.1076758366379464], [0.7679851745469425, 0.9081537137474898], [0.49474793515687093, 1.0297327670015033], [1.0170041544940471, 0.27405171301778747], [0.5218705965147709, 0.9936939801790887], [0.8744628386172458, 0.675968709348183], [0.5022630318746445, 1.0167919346698113], [0.6969396423154712, 0.967051309710983], [0.7442868972016933, 0.9417986067447364], [0.8559518302458764, 0.6863520195579398], [0.9794181648420647, 0.3156819437926811], [0.14951384873113627, 1.1483720483258182], [0.5665473651476994, 0.9785340896670416], [0.9296495485255385, 0.4067636066473888], [0.9656071904306744, 0.3282880055610585], [0.0967956316193192, 1.196565793348373], [0.7695040455395937, 0.8826093115576688], [0.7398836948954609, 0.9513314760511056], [0.19476549856864034, 1.130125079076225], [0.9125550629103356, 0.6609127394764676], [0.8234526520176308, 0.6986123090752012], [0.7746503154651594, 0.7861383374364015], [0.7836017350693345, 0.7425594611269628], [0.8705764355472739, 0.6842069474551051], [0.04318790945763829, 1.2395840190347416], [0.888261047198075, 0.6709024894652846], [0.9617220746560619, 0.3371602096144696], [0.799161873263965, 0.723405251922544], [0.9423898998153534, 0.35772100294769416], [0.8979333751495394, 0.6642503986022155], [0.48152469011732024, 1.0580944301796151], [1.0059324590459306, 0.2901531254517315], [0.7189908396246805, 0.9582860052119742], [0.07055572975366603, 1.221733020109606], [0.1346306058694059, 1.1601486258557205], [0.45137349107307667, 1.127610201638993], [0.5484770863691564, 0.9809684964430005], [0.7805388638854722, 0.760675009502731], [0.1106014935035497, 1.1869676079071623], [0.9542662479034124, 0.3427970569963579], [0.47170463327351975, 1.0818055982538688], [0.520863147474538, 1.0012936192880153], [0.08238631727211759, 1.2125690299612506], [0.511626370090371, 1.0068735280776657], [0.93887794959626, 0.36359041521334895], [0.4788998478131114, 1.0729627837285143], [0.9360306872940574, 0.37514599703163776], [0.7788748970689171, 0.7767871378899132], [0.15626925386129537, 1.1437264790523385], [0.8372250320871533, 0.6924347583955117], [0.9713286982127647, 0.32315340316563246], [0.16397649571781708, 1.1408248520626885], [0.4590960474327866, 1.1170632810768406], [0.9241407320962971, 0.650288072581859], [0.07620058398649698, 1.2161828876673895], [0.1209569956330652, 1.1752837479487184], [0.9991539920521159, 0.29498319831786557], [1.009913862834865, 0.282408679906143], [0.7591158859988192, 0.9291963729310793], [1.034287153225515, 0.2514040030027911], [0.17168576846137718, 1.1355385305719665], [1.0235514596102375, 0.2665240396280377], [0.11429785054249092, 1.1795707733575183], [0.18116264130197354, 1.1316515019670945], [0.4710416764606912, 1.09673994667907], [0.6086998990106725, 0.9732105497366061], [0.9356482041751456, 0.3846446982412642], [0.7850660815648722, 0.7348895053142253], [0.812775725567586, 0.7058331588282076], [0.7178306000938237, 0.963562507513406], [1.0284409834632158, 0.2587873852117448], [0.7910303146770844, 0.7295331250599753], [0.9209920728066326, 0.6572960897680584], [0.680999890134802, 0.9712432370129223], [0.10416827408414117, 1.1926027252915414], [1.0385980633397636, 0.24274238134214768], [0.5886879758510724, 0.9741529298910097], [0.9303593165762603, 0.39177091846618683], [0.9482581484126459, 0.3500304952501554], [0.49382640272179473, 1.0308783886058361], [0.7735511703266683, 0.8336223493844068], [0.05685191906584058, 1.2315060450917779], [0.05101232058952992, 1.2374043941007862], [0.9895201847513937, 0.31025112775017083], [0.5699962820020784, 0.9767053575360714], [0.6934226537786413, 0.9683618638802425], [0.14412752041312987, 1.1525177406758607], [0.7625875096126595, 0.9108073200328866], [0.09168007720852905, 1.20208900347972], [0.06386224043754973, 1.2251977705624346], [0.9944498573511973, 0.2999758953003453], [0.8440423066176784, 0.6890446191976014], [0.08803142184168927, 1.207782668610713]]",0.021377,18.64
DTNK3,CCPSO_strict_archsentry,23,100,0.004469,0.009173,0.799001,0.004777,0.763992,22.0000,100.0000,"[[0.7764548604661516, 0.7684062280869757], [0.8892306852662983, 0.6711888312574644], [0.7372747373931244, 0.9585657017980782], [1.0042792163376104, 0.2889045480007869], [0.8084421078564548, 0.7113005666787995], [0.9291315708900206, 0.3977642418894586], [0.7251228804887662, 0.960817123311744], [0.4943414359623305, 1.0341242118383513], [0.7781503835895809, 0.7561035008704946], [0.18959645951861454, 1.1301385356144362], [0.9681406780944064, 0.3262029672026841], [0.500119614702641, 1.0212544111670339], [0.4954354176154249, 1.0292196705472556], [0.4859995903562096, 1.0563989494928567], [0.16518018090194342, 1.1376025724408119], [0.5638946750648131, 0.9786758345734434], [0.786463216297848, 0.743170040411349], [0.9927055006861384, 0.3011132940481041], [0.4717374987742039, 1.084727621363061], [0.7736291192794271, 0.8146991339501639], [0.17499247730066464, 1.1342657836436518], [0.9486577529555013, 0.34829721055758633], [0.4571745120925426, 1.11629658239191], [0.4859277035587228, 1.0681173659352774], [0.5308652651757384, 0.9937735233135776], [0.48799057079208336, 1.0458419678852255], [0.88326317448604, 0.6733558999101623], [0.519684298271994, 0.9968769237578936], [0.04196647878122584, 1.2383319356246418], [0.7879414691803862, 0.7330462707924832], [0.9307681696555471, 0.38416019460759876], [0.541880563554604, 0.9905372420569829], [0.8709101059327322, 0.6797066653903894], [0.7754559053642266, 0.8037935479820812], [0.8336813406480725, 0.6991948027520839], [0.5489997112926475, 0.9864706722034402], [0.8653022105448622, 0.6799633991132756], [0.6413991621383093, 0.9728906356557556], [1.0210639208301278, 0.2699118435040442], [0.46244957577209467, 1.106769862987739], [0.942146586013452, 0.36251426953386645], [0.5801127208723096, 0.9746266909672219], [0.06509615170390576, 1.224121068992168], [0.9392588440295788, 0.3718986460232875], [0.9194195796580524, 0.6536336906188067], [0.13221353972691374, 1.1631417433960207], [0.1395459352472295, 1.1556779464665397], [0.8444382309688352, 0.6894420426750822], [0.09229905826346028, 1.2028395937722731], [0.7708679912610036, 0.875242745962598], [0.2075979758336252, 1.1299474582130145], [0.12608917365981875, 1.1689786331736662], [1.0148878761904656, 0.2768766587264333], [0.0845582638274017, 1.2086416171097605], [0.9744167137038275, 0.32118717737964314], [0.6843493294081997, 0.970131542000161], [0.5559920626330971, 0.9801104389632351], [0.11173123775693115, 1.1827310662933441], [0.7384306218825685, 0.9456246826512], [0.07712545501390769, 1.2145394727784087], [1.0252546825520554, 0.2636481581272373], [0.14968227381820104, 1.1476196427212613], [0.508608409716761, 1.0138063637595898], [0.9546029715987776, 0.3406577532486156], [0.1573877382723089, 1.1429526174426325], [0.750185238336064, 0.939759580324832], [0.47743511825782053, 1.07303963408901], [1.0302142073278548, 0.2575530542673151], [0.9449592368242438, 0.35476906192268043], [0.7677897056854947, 0.9034940882393372], [0.9823644003886021, 0.3123648177158737], [0.09837428929706463, 1.1987700080130765], [0.987706237727042, 0.3070084220750345], [1.034342903654986, 0.2503528193855249], [0.9137350511210488, 0.657144531668415], [0.9341419630119456, 0.3730779199653851], [0.18517910833215112, 1.1316697856782567], [0.7113575530276155, 0.9633495842274165], [0.11879935946453796, 1.1764091533446432], [0.9621727963810915, 0.33176294294632036], [0.9275302577775097, 0.6512601549153094], [1.0393102841025355, 0.24273932640129292], [0.5124875294829637, 1.004986484938388], [0.752227611638799, 0.933534805426192], [0.9983060851851518, 0.29673185385591483], [0.8560441626203554, 0.685442261392743], [0.7055525066662949, 0.9639432345269159], [0.7949748258477426, 0.7236097947661113], [0.6758361900193522, 0.9712977969096317], [0.0587747975505272, 1.2295728932267709], [0.10473783886839716, 1.1889971100497911], [0.07203452204123874, 1.2200934382160111], [0.05151240577537326, 1.2344966589893918], [0.4690129725728533, 1.0970549548525148], [0.8169887273645723, 0.7039549465607646], [0.8393826772465384, 0.6918222967106222], [1.0094609842400748, 0.28395427475775936], [0.14417561297284262, 1.1520949511628256], [0.7801827979427165, 0.7446899035313275], [0.796828476799305, 0.720097570647781]]",0.022518,18.75
DTNK3,CCPSO_strict_archsentry,24,100,0.004008,0.010275,0.599780,0.004116,0.680251,17.0000,100.0000,"[[0.7551252508071886, 0.9243433419190796], [0.8596009811438847, 0.6828264126948771], [0.08169269000319329, 1.2130791547206545], [0.7731178919121833, 0.8705898955992557], [0.9306858087238847, 0.3868124728320378], [0.5865174688948812, 0.9745182877456755], [0.9339419715696899, 0.3768036195018942], [0.5356953454212025, 0.9873248232362424], [0.5669128505298817, 0.9760014754274473], [0.7940865048418074, 0.7232580909661968], [0.7878766346618218, 0.7310483981559737], [0.9848737605259175, 0.30954817470704166], [0.9298698883465855, 0.40179685254078423], [0.13755705363420087, 1.1591921207593912], [0.7831729470664333, 0.7560227013757874], [0.8268043721254001, 0.6974831300885476], [0.4957950744321001, 1.035913519123982], [0.7848470575997273, 0.7351671538047839], [0.7771120271572227, 0.7621894389738046], [0.20203991209133826, 1.129158841267806], [0.47248669381526603, 1.084019590927121], [0.6054688699962212, 0.973786261338593], [0.16679063353090332, 1.1367696391168396], [0.4821638142854819, 1.0700067516080347], [0.4855503139839365, 1.0560667175188134], [0.8397849104864621, 0.6936988970155338], [0.6897587806280117, 0.971616909688088], [0.9422365763570644, 0.35833311883512897], [0.7480508375791003, 0.9358498910750788], [0.9986235140628607, 0.2981691710748776], [0.5236694730318621, 1.0013871677585933], [0.06776975309972011, 1.2238614907188197], [1.0221518380054264, 0.2688383571183727], [0.816205840442326, 0.704116214621207], [0.17640875293459246, 1.1331992443654504], [0.09315897796219602, 1.2011018543694398], [0.4523612600850477, 1.1285709276138134], [0.7738485974857507, 0.7892220426835543], [0.991952741410856, 0.3032550086140203], [0.7991354977483277, 0.7148790927113029], [0.19032255793972885, 1.1302070764806287], [0.7272813094276169, 0.961432511048623], [0.5479790196373296, 0.9791858393708668], [0.9101291461831599, 0.6583473855333433], [0.5277414319795732, 0.9919643042642254], [0.11262114355977544, 1.184389248858031], [0.9367909871893646, 0.3686310521908288], [0.7657032345476339, 0.8991231133331814], [0.5108556687990986, 1.0040386810042516], [0.7690898589390256, 0.886472846768851], [0.1257986224400378, 1.1699277467913043], [0.07419674984580257, 1.2179344456071957], [0.7732676167018552, 0.8341168693290797], [0.9796841838895443, 0.31587859433334625], [0.051216324313054444, 1.2338114300841032], [0.902647909623566, 0.6664464930944856], [0.7755071076004465, 0.7881140619481126], [0.16297878004600624, 1.141267615874195], [0.05898435660248318, 1.228286839277998], [0.7320732229558664, 0.9531994468023512], [0.8743787944824759, 0.6760331349612363], [0.4601268705604251, 1.1093970940340796], [0.5031100913407109, 1.0246086816655302], [0.4905407116330566, 1.0444642754499232], [0.583727373650665, 0.9747380087360458], [0.4655997903773842, 1.101406813421033], [0.6631713137273547, 0.9719772117743535], [0.8900997224600513, 0.6711419819190318], [0.4705575373001844, 1.0975447495488424], [1.0105168463219156, 0.2852431480788626], [0.9544168150166512, 0.34150038888697076], [0.9492674670223482, 0.3492922971577531], [0.5048223505498458, 1.0138371104203787], [0.6994504108563074, 0.967912842986822], [0.8481738428374049, 0.6896145047793111], [0.47546666558378914, 1.0737117509757517], [1.037934286624571, 0.24306121682816523], [0.10446337751127027, 1.189842166397982], [0.7191234525992277, 0.9648536349481449], [0.8664767558171301, 0.6809818855998113], [0.4555908968678027, 1.1192202786220125], [0.9735181671294951, 0.32612841536152165], [1.0158999299569356, 0.27631400084773405], [0.1000867007617383, 1.1945265974128176], [0.14573080550023873, 1.1511103767593642], [0.7440913098172869, 0.9443659445404111], [0.9666689529394623, 0.3339919105007838], [0.9226898239345136, 0.6525625375207496], [1.0340367414749385, 0.25017783729215426], [0.11824924080309646, 1.1758859172472773], [0.7606147204209712, 0.9170222991812373], [0.13044132077072806, 1.1638876343925764], [0.15439867676602712, 1.1449074276551576], [0.7357408291056643, 0.9469836395134321], [1.027312891765001, 0.26164899698134725], [1.0033588088262992, 0.28992890323402176], [0.08738608611377717, 1.2057555635432171], [0.8077521136069252, 0.7100544615030884], [0.645114821396934, 0.9735344234776033], [0.04224832714025587, 1.238304319591409]]",0.024000,18.44
DTNK3,CCPSO_strict_archsentry,25,100,0.004474,0.011122,0.847698,0.003166,0.701564,29.0000,100.0000,"[[0.8958269844646399, 0.6672051600170967], [0.4882346795807432, 1.043275873519063], [0.7281544712147927, 0.9539965576084721], [0.7717178493905967, 0.8717416654514194], [0.7107426644637159, 0.9635504945199957], [0.6535184374614744, 0.9726627264064911], [0.5999528998601693, 0.9738043820014997], [0.975337041056122, 0.3198659137280025], [0.11446413748408152, 1.180334549817342], [0.8654256009084331, 0.6784358447086962], [0.7723840118977133, 0.8632467113151556], [0.7479623018918264, 0.9532668041031023], [0.8068547095978132, 0.7119939893611986], [0.5647092796669133, 0.978998783820751], [0.1455302041552123, 1.1563944706949552], [0.7812299722839963, 0.7465683451665581], [0.9896769512217506, 0.30404486119887864], [0.7754659513719343, 0.7919311198456638], [0.8295217290862886, 0.6982642452764731], [0.10919702492039497, 1.187227695896733], [0.9318404670346644, 0.38341389474697074], [0.5135121540000659, 1.000698013720037], [0.9601460935129082, 0.3349729417312851], [0.770171570474727, 0.9045927756401013], [0.4769075066591929, 1.083503860155797], [0.4838583714168928, 1.0585454334696147], [0.8195190069397975, 0.7029696129451966], [0.06138037635703544, 1.227404497709399], [0.8164000183930311, 0.7064042468780929], [0.7984997336757967, 0.720323160978771], [0.5869338868337122, 0.9758346048023361], [0.9467457561635301, 0.3505619562880079], [0.13626940739484658, 1.1618234383144574], [0.9540441299867117, 0.34287625692578816], [0.7682696234538555, 0.9147050697532786], [0.12074295674735439, 1.1737667523872086], [0.968483386200074, 0.32963403227824817], [0.05543044898771731, 1.231358197267147], [0.8295630851594094, 0.6943192760210493], [0.8610889091269026, 0.6835081927823939], [0.7583232582522925, 0.9229130950994102], [0.7914449033211397, 0.7253261682619847], [0.6672607925086924, 0.9721503725104133], [0.042181237014401726, 1.238791363113509], [0.06686799775112254, 1.2229030370934395], [0.08890561477986869, 1.2045904389343476], [0.4771349156213552, 1.0741874986708744], [0.49305926306456765, 1.0344168611525701], [0.7858895988635461, 0.7330959663771879], [0.5220264768612222, 0.9960300085642644], [0.7187019005790708, 0.9615437490297185], [1.0173195110129079, 0.27500129796536765], [0.1267060974972864, 1.1680512753390595], [0.17995450944691463, 1.133153610503537], [0.48055237924263444, 1.0636918548185315], [0.7777343439580273, 0.761395945078559], [0.08179924744274678, 1.210714903855924], [0.9293895577129844, 0.39376093167325293], [0.16767980602601382, 1.136554627788296], [0.9218349528632683, 0.6552908366656234], [0.6872883059595045, 0.9689550936522009], [0.8851689607415205, 0.6724361088578872], [1.0229511209991689, 0.2668832961526466], [0.9159002142491721, 0.6605303413563717], [1.010234308865373, 0.28271017702598367], [0.14933383133874362, 1.1479219937388028], [0.9375152332214302, 0.37141372802717376], [0.8748768027912112, 0.6747526740691189], [0.6987784716407228, 0.9679397192159076], [1.0289799631852272, 0.2589515218264798], [0.7750441227601238, 0.8226698081972363], [0.1615391570685581, 1.1401835243496343], [1.0341052491525833, 0.25196194834238483], [0.9944258445357732, 0.29928710432730254], [0.4551421467586661, 1.1158063342671942], [0.15493575128016723, 1.1444958322252792], [0.9047355723538975, 0.6612364209493065], [0.46571638886069683, 1.095613955104241], [0.4481340903965703, 1.1281742166220257], [0.07575948816791118, 1.2173744054218745], [0.7493987608778587, 0.9466313861022215], [0.5083749219358982, 1.0142331262406825], [0.1923609195394853, 1.1296542213524985], [0.20521561022291496, 1.1296190700595339], [0.4725097332772566, 1.091566103953721], [0.9405032344894952, 0.3602886664906295], [0.7735461948322541, 0.8358107920661388], [0.09615958211659748, 1.1982855390221192], [0.10095849428193963, 1.192568453092728], [0.5458932079859329, 0.9804966796632388], [0.4999406795701956, 1.0215019641012744], [0.8490892845892147, 0.6887354243534702], [0.49680538316970224, 1.0279633189669757], [0.9826213588021111, 0.3113200011236721], [1.0054262282410888, 0.28847408847873884], [0.048684161424996784, 1.2349255735242488], [0.7756833071759806, 0.7718568968592854], [0.5430952921235714, 0.9838193555765209], [1.0383058209999914, 0.24231910003051027], [1.0001300324291038, 0.29358585121453623]]",0.020360,19.31
DTNK3,CCPSO_strict_archsentry,26,100,0.004163,0.010404,0.910798,0.004958,0.725576,20.0000,100.0000,"[[0.7696076824153874, 0.9077836513920561], [0.7474920122859219, 0.9382687890200005], [0.9100868564141215, 0.6611679245617902], [0.9899899474918106, 0.30384624778492947], [0.5672127083289855, 0.9764419105101361], [0.1339228494532438, 1.160207705985965], [0.11843248885002476, 1.1749920649810286], [1.0202874590788837, 0.2702432040199457], [0.5204918441103561, 1.0032971684270886], [0.7743152284140785, 0.7956489273442449], [0.7832186097148596, 0.744692252290057], [0.1234317929530957, 1.1703162353823504], [0.45195341125621197, 1.125386377977554], [0.5022834548896943, 1.0245929380822945], [0.14807642595108012, 1.1511329308623888], [0.8179497501979105, 0.7060151678272137], [0.5328566753133602, 0.9985899273032428], [0.8815297954095638, 0.6722837396166756], [0.5385988812244058, 0.9826287393446649], [0.9847970337262197, 0.3096791496956337], [0.800784130869121, 0.7148412547323797], [0.4984521293887914, 1.0351343909257213], [0.8525400104332138, 0.6869637674385813], [0.45590391161652855, 1.114439968450443], [0.7373194205271626, 0.9591161918917053], [0.6225607763674685, 0.9740183207247601], [1.0075681405637735, 0.2863166873161303], [0.7521455702967041, 0.9349569984047694], [0.9399084974158487, 0.3615290804937759], [0.4720483666454885, 1.0850510052709141], [0.09160251676136599, 1.2019580367038534], [0.9956989213017868, 0.2990454696230442], [0.9002956191239819, 0.6657297005735008], [0.5362134277162165, 0.9917393111599289], [0.1831481735028157, 1.132034492580029], [0.16244548926614544, 1.1393303170017381], [0.7921056903196865, 0.7229589829093375], [0.7790140560000365, 0.7572385992138593], [0.8725069395568754, 0.6799973493638407], [0.7898594112256053, 0.7334727498656297], [0.15555671963379353, 1.1457809295487804], [0.7640006257099533, 0.918359099437206], [0.9598627836271506, 0.3344560957290046], [0.17401045422721323, 1.135293615168978], [0.46316205304749986, 1.11181164754378], [0.9190835050670315, 0.6548795531090963], [0.7573950806254535, 0.9256330544774836], [0.949815395699799, 0.3512679541810999], [0.4776681409965114, 1.0710960467940784], [0.05191806980846194, 1.2354713742723398], [0.7052592357196786, 0.9668126831377424], [0.9700051558602479, 0.3242971048826563], [0.8057851432870937, 0.7118748719974601], [0.5752586392210287, 0.9763522986522533], [0.7713534435253788, 0.9054896807409223], [0.06619029183445466, 1.2246286749103876], [0.7731819394485706, 0.8342662660939524], [0.9370193068310917, 0.3750179124371044], [0.7381155650106362, 0.9536832535010136], [0.09910607209764227, 1.1971267187140626], [0.13036410450337457, 1.1675026951148697], [0.48411912483477276, 1.0582342535883584], [0.9547598515297956, 0.3417071858470125], [0.8263166863947669, 0.6965864679683731], [0.46417674285763905, 1.1011261759650943], [0.07924551220343634, 1.2139939429654956], [0.9777332776675051, 0.31668524258300756], [0.1394188436542924, 1.1555695699973454], [0.4467295524140264, 1.1293560018703082], [0.7748425994483976, 0.771705453129484], [0.8616156020904135, 0.6801896120428934], [1.0306641062627504, 0.2554163541384411], [0.5028330396776048, 1.0149585328130104], [0.5089337848918813, 1.008801039991922], [0.4883348664318237, 1.04302252128322], [0.07163860732149879, 1.2189366881502093], [0.6946446702121325, 0.9685836507974295], [0.5485850603608767, 0.9789142226036154], [0.47563506458535715, 1.078995868899274], [0.6443763244843714, 0.9735023377830063], [0.18960867283524038, 1.1312122704223744], [0.7719509248772556, 0.871803234951571], [0.1043165208115226, 1.190098750951658], [1.0380738685756539, 0.24258735853904653], [0.8908020107624622, 0.6692699676925015], [1.001389882289983, 0.2918314315869942], [0.9445191841442284, 0.35869032016413027], [0.9310515052463584, 0.3836789902916084], [0.05692117413897519, 1.2297931154562385], [0.11402520726000373, 1.1852388542706271], [0.8369950345534094, 0.6916597768703485], [0.08557604717314002, 1.2082904352781503], [1.0161648219597343, 0.27714895556348546], [0.9295512673777119, 0.39562897888575466], [0.04178528271082844, 1.2384662806454871], [0.9645500821966867, 0.32999227967441436], [1.0262060898153373, 0.2634739658718019], [1.034638015184796, 0.2497000538263477], [0.722262755474064, 0.9658409290448433], [0.2005452936056247, 1.1296013834006429]]",0.024109,19.11
DTNK3,CCPSO_strict_archsentry,27,100,0.004168,0.007462,0.634344,0.003843,0.761609,21.0000,100.0000,"[[0.4837455743872277, 1.065855090631869], [0.7561098072845748, 0.9342578661132019], [0.7901233574425583, 0.7312079184533535], [0.5970041728852334, 0.9740812699910579], [0.14974885030307797, 1.1470607141941356], [0.2017035310773857, 1.1295341807148673], [0.9107106616280609, 0.6601941931567532], [0.7382157605686992, 0.9527673446466467], [0.5579743120951749, 0.9780467554917982], [0.4989492713768838, 1.0213901558458929], [1.014025973456229, 0.27821473780819583], [0.7933977496104105, 0.7217428457737369], [0.9237253017928612, 0.6540670589979072], [0.05820943178210416, 1.228963288219744], [0.5167453287547948, 0.9982223844802014], [0.5219114287806599, 0.9949427668961133], [0.15776819484098364, 1.1436836189104123], [0.5064460446254802, 1.0141419874838438], [0.8891074240452086, 0.669644141034367], [0.47442881707038026, 1.08585898890889], [1.038198127639992, 0.24289463153190494], [0.9698151105098779, 0.32507566126321213], [0.8136558367552239, 0.7034529924540887], [0.8786829687435606, 0.6751474579638597], [0.548155734617559, 0.9798489449780752], [0.1793026309848821, 1.1332773470043516], [0.4642068327386018, 1.0991643262866764], [0.483991476289565, 1.0539655369562377], [0.936016701023994, 0.37482235718449086], [0.9326655586329261, 0.3836733954696435], [0.11547578691632837, 1.1781408789581942], [0.1438632058371066, 1.1520964078970735], [0.4968513971864415, 1.0449837750758297], [0.9652409249331871, 0.3319724465989085], [0.7658693162410586, 0.8989595285251049], [0.08789971379493963, 1.205979566711435], [1.0303712159804863, 0.2561737987954289], [0.13795569020712, 1.157334687010635], [1.0099392801120024, 0.28359079213830524], [0.9501042892619611, 0.3461181989231572], [0.7856231507989884, 0.7400721719266747], [0.9987472106915533, 0.2945948558600956], [0.9577806157585435, 0.33959200358355474], [0.7750858837319461, 0.7722448075973158], [0.7643445681472846, 0.9148735137632986], [0.7475638205883177, 0.9358699527516021], [0.1273657094436173, 1.1693478913815687], [0.1893561769134094, 1.130774734124172], [0.8619382703517943, 0.6803202871582097], [0.4498603330606649, 1.125140119031749], [0.8072632022240007, 0.7149211336554091], [0.7109640624916941, 0.9641550977963478], [0.8192907110219476, 0.7030550693964721], [0.17043457901099857, 1.1351925882502123], [0.5136180600265312, 1.0080136462015856], [0.7992254215443831, 0.7162792241538614], [0.8394050323222133, 0.6927444517518297], [0.8289652130579955, 0.6976296632125265], [0.9944271475252221, 0.30011680427427473], [0.4562139830190551, 1.1231176898830286], [0.9882992354800312, 0.30562003898561246], [0.7732804905436592, 0.8237993828709276], [0.4784151053442965, 1.073880271444699], [0.4870676380200077, 1.0468640714237434], [0.9295060411932962, 0.3930290937433639], [0.7246532609061871, 0.9552807868226114], [0.16359650659782318, 1.1395157616511908], [0.7695617812625228, 0.881476819394805], [0.7418852893235833, 0.9442845751788449], [0.09505353746178735, 1.2023984473435658], [0.974129512672944, 0.31922115748947144], [1.0040488946103594, 0.2893901458109611], [0.9416929432796117, 0.36280097673721823], [0.9806962901256708, 0.31518671045330665], [0.8611142427656814, 0.6852543721950988], [0.7722765371763387, 0.8788332930520666], [0.7808032514522298, 0.7540950335960919], [0.701962064869586, 0.9723822898166139], [0.13221781629207957, 1.1623424549216859], [0.04257512688151764, 1.2392148638678817], [0.08284629576483223, 1.212708737855803], [0.5392281398364114, 0.9896427494300313], [0.7747403817738041, 0.785752984342061], [0.9455512739144957, 0.3548204620987031], [0.09951343871573504, 1.1945820726106242], [0.11149200181131488, 1.1847450445197518], [1.034361888453668, 0.250187215006906], [0.9068997987603998, 0.6684334210633369], [0.4658288470050928, 1.0960564078293604], [0.7733491674668787, 0.7992503665344441], [0.5668962110177191, 0.9756076190160139], [0.9205468382137552, 0.6579598896187289], [0.10522169833455056, 1.1882957896810364], [1.0237134587207923, 0.26543683516375144], [0.07501900843864688, 1.2183108264959366], [0.12141812364502111, 1.1738378378493395], [0.4600646071570435, 1.109921312772564], [0.06436217282546877, 1.2253860953530216], [0.048773075163557764, 1.2347761435961662], [1.020946289597065, 0.2711882575502236]]",0.024266,18.64
DTNK3,CCPSO_strict_archsentry,28,100,0.004376,0.010797,0.963873,0.005596,0.733655,20.0000,100.0000,"[[0.7702269989437904, 0.8941806333374], [0.532604032753289, 0.9928198528467553], [0.5154526772902805, 0.9987419717808712], [0.757713744237122, 0.9313038261049131], [0.5234059543223286, 0.9968640785475749], [0.7714555685742763, 0.8718019226575278], [0.1592494650047628, 1.1411277712113903], [0.7735441843312738, 0.8522423667455181], [0.11489333986039546, 1.1809962280544946], [0.8714307199269493, 0.6785875665570239], [0.8026458638602241, 0.7133362136251948], [0.8253811180824904, 0.7013100007067787], [1.021603386592963, 0.27237357769069115], [0.5703659801582288, 0.977693601151439], [0.7846945081343943, 0.7412939575676418], [0.45882022906523945, 1.1131055723302614], [0.16567102069127693, 1.1376719395617783], [0.1263917937232833, 1.1683774617894318], [0.20025449807642576, 1.1297184061302379], [1.0103107813346028, 0.2824685746575799], [1.0000409798946575, 0.2932963873723286], [0.9853606206841474, 0.30992506095375466], [0.7213220922584096, 0.9572878408822474], [0.5096963262295744, 1.0092280774948206], [0.9386324386572116, 0.36394174956117975], [0.7477129268732392, 0.9369164746837075], [0.7990307659730805, 0.7232185323785911], [0.7273579270765994, 0.9558300024992925], [0.5355917193235885, 0.9839066609811118], [0.09696271252794916, 1.1983210339208341], [0.9591865318524031, 0.3353492117418768], [0.5975564078110016, 0.9732638377195164], [0.7667161123072639, 0.9034749869564223], [0.9532295900895772, 0.3421135210997804], [0.10947427558949177, 1.184103208676255], [0.0648927257954996, 1.2252428223947123], [0.9263022585684246, 0.6520719917969243], [0.13895031039473754, 1.157386949869502], [1.0389109215947256, 0.24460789940147937], [0.1866282592931668, 1.1313820737290026], [0.47441423549362405, 1.0756221268229036], [0.9347096170876743, 0.3725301099594691], [0.48306580083418793, 1.0615545735575977], [1.0321654990808242, 0.25316618105151545], [0.9315924678354267, 0.3803522479528342], [0.9809301558085374, 0.31621221573161395], [0.8495453925676293, 0.6860961915682664], [0.9646800977358931, 0.3296906140797486], [0.042682299962767505, 1.2392854713640242], [0.4937759239631821, 1.0359482283410746], [0.6910327503870626, 0.9681235076187749], [0.050379343350543136, 1.234202470096465], [0.8974630715405828, 0.666550423391302], [0.7767153089504051, 0.7646757268157274], [0.5036573238987776, 1.016416718612007], [0.17559599158411782, 1.1336702392050118], [0.9924563542491182, 0.30132967189905063], [0.5456370057390908, 0.981264737973599], [0.7743102041721093, 0.7752658708243954], [0.1463205762028399, 1.1520586533933241], [0.07793668109901249, 1.215684898814429], [0.6545713504905586, 0.9728377198336784], [0.7589126056444637, 0.9198224370114672], [1.0291350694708554, 0.2601664755169674], [0.7403215388032047, 0.9438667389884332], [1.025833862564747, 0.266565601464812], [0.4473148136572875, 1.12900279668772], [0.4683970782646624, 1.0942985861120549], [0.8352761806666754, 0.6981726971399422], [0.4993254691709581, 1.0283105473680547], [1.0160771020748185, 0.27902530014020904], [0.4544104773744483, 1.1203721456436766], [0.12000512679371994, 1.1737829685136005], [1.0050588857572493, 0.28785643417086854], [0.10351141913148128, 1.1921958893188371], [0.9736706771970687, 0.3230190784976573], [0.7807327534447405, 0.7586583630697545], [0.8606739211860084, 0.6816777419091898], [0.9489146477943802, 0.3485363692994568], [0.1532255363776267, 1.1462742338680312], [0.20543275006913203, 1.1293538173864135], [0.48967160131362203, 1.0550989930009675], [0.7919688399265192, 0.7283143454061449], [0.5544063212160497, 0.9779694527294549], [0.09068286714270084, 1.2050254151220847], [0.8824452028749045, 0.6722406430021726], [0.13327690789171712, 1.1626462382360467], [0.773627236924037, 0.8501780730099875], [0.9439701088394448, 0.3541691936843665], [0.46329196208283796, 1.1053266781987574], [0.8118585717886102, 0.7075127474569824], [0.9297091809349702, 0.390979172947283], [0.07121171924891045, 1.2202610337872943], [0.8899909206635577, 0.667935119637767], [0.08420726782352232, 1.208658520683193], [0.4910238427340215, 1.0406131145773698], [0.7739642913616716, 0.8316386616350067], [0.842000211702355, 0.6897346593309323], [0.91764954851616, 0.6630033053883915], [0.05769512895510398, 1.2298353349241504]]",0.027089,18.97
DTNK3,CCPSO_strict_archsentry,29,100,0.004264,0.007078,0.858053,0.003922,0.777464,24.0000,100.0000,"[[0.7951501944226989, 0.7199179999266898], [0.5598831882023105, 0.976942553071185], [0.8043272447502456, 0.7149995490600336], [0.8170764576645908, 0.7112306856519466], [1.0392741646952637, 0.24395989581579183], [0.7698756280133638, 0.8811946239788646], [0.5372540049016921, 0.9847389599938929], [0.04226608981440348, 1.238400032583216], [0.6992441371868123, 0.9690613125472354], [0.9070558344289362, 0.6615468765284291], [0.7874729905597666, 0.7399367228045246], [0.9303849281710284, 0.4003212368920679], [0.9474390689085139, 0.34930318085809064], [0.7742552844158652, 0.8041423961577578], [0.10283861150071347, 1.1924839880508518], [0.5164091277768039, 1.006304365955822], [0.5199431920922695, 0.9963846863960266], [0.5483209689125936, 0.9797005931372695], [0.7746871481843646, 0.7745269701241391], [0.7379370859363883, 0.9451379200171712], [0.08916450452364486, 1.2038700001578135], [0.8418881518941685, 0.6911706254536023], [0.49255664323894877, 1.0542189657155756], [0.7736742824319811, 0.808450101285275], [0.19331902398377715, 1.1311434143470824], [0.8209383044157814, 0.6998419874009316], [0.6838892943178421, 0.9731496090599467], [0.8912102822620406, 0.6685808015144323], [0.11253429335374607, 1.1810122748885283], [0.107228884799641, 1.187665922915304], [0.9628142974642971, 0.33278147665994096], [0.9928852880934891, 0.3005955174662534], [0.8494777297247647, 0.6852378377108539], [0.9283785753712992, 0.6518929237438331], [0.4552296040191995, 1.1177803616804716], [0.8282507931870478, 0.698892760117457], [0.9431367296067363, 0.35796217568654953], [0.9374919311931335, 0.3654530709967029], [1.0311762132742799, 0.2575836056277361], [0.5899780810357731, 0.9736179058192374], [0.9773096069222801, 0.3165664505688283], [0.7332296023305109, 0.9545498695397505], [0.9831515352971243, 0.31098406104156545], [0.16979326076818496, 1.136340457873528], [0.9323961808291347, 0.38305805516567776], [0.08265567248527199, 1.2116158523133644], [0.481106169868512, 1.0600634772653854], [0.45212440114412605, 1.1246622522300356], [0.9319097061691585, 0.3973860006193871], [0.9684088851596713, 0.32641827081299457], [0.12589537447433402, 1.1692326509213073], [0.9991213070614127, 0.29606398933375255], [0.20047815686114118, 1.1295408166049337], [0.9160975057806157, 0.6594817526790975], [0.9883198354515736, 0.3054927347218115], [1.0076560613487406, 0.28483306700947203], [1.0346845454437352, 0.2503993067477867], [0.47573768235496405, 1.0734069318576707], [0.9741199960276735, 0.32249484898645525], [0.46812393468361996, 1.0982882615794003], [0.1536757132422341, 1.145716895826889], [0.5016121430244419, 1.0296926168381375], [0.4724976007799683, 1.0857477420731927], [0.09543090930460796, 1.1978232199197365], [0.1781283552143208, 1.1327886792291397], [0.13221656425451606, 1.1643151295239635], [0.858767115760478, 0.6825681967198003], [0.1429952437332359, 1.1528363172120988], [0.16208539392206694, 1.140878669552338], [0.7501412593141701, 0.9352157030616071], [0.5267350780401804, 0.9894519540585722], [0.49462900465699017, 1.0307398330335895], [0.7628771145360032, 0.9077941220009267], [0.7890468259006715, 0.7332281281265396], [1.0202176213530523, 0.2719891420741046], [0.8318528606191826, 0.6938762992052481], [0.07619103750815334, 1.216670411476869], [0.06316544310794861, 1.2253989104037601], [0.05773089411831801, 1.229553972329227], [0.5052697212536221, 1.0132469077243937], [0.8836599701582264, 0.6747450867332623], [0.5101737145978393, 1.0087809186395682], [0.13727626562720116, 1.1588242011810457], [1.0155939659991562, 0.28007247945991465], [0.9339556312823998, 0.37433862152668196], [0.4612459511761184, 1.10741084575663], [0.875221161391034, 0.6775234810518445], [0.0498786137770687, 1.2343630413718445], [0.07151272522309163, 1.2225784141321192], [1.0026072971297193, 0.29031538567930343], [0.7073433609782126, 0.9635042035513213], [0.7798390967522604, 0.7510548058859874], [0.9538723679347922, 0.3423494693642525], [0.7301808645300923, 0.960098107074598], [0.7689979814482473, 0.8986911862084872], [0.9573809197159859, 0.3379153643018792], [0.1175010169814858, 1.1765137909715115], [0.8970350456028672, 0.6679597025591311], [0.7771203530255184, 0.7634808370588808], [1.0252866567949512, 0.2648648419578562]]",0.021804,18.78
DTNK3,CCPSO_strict_archsentry,30,100,0.003636,0.011636,0.789265,0.003677,0.657727,24.0000,100.0000,"[[0.483865145704579, 1.0599187483698496], [0.6856923748850244, 0.9698246324988522], [0.7613183291461271, 0.9135069901393775], [0.8738378183395954, 0.6762467059483194], [0.8008604348886115, 0.7172945574979848], [0.8104691736403653, 0.711912128032334], [0.8984091057815682, 0.6661387074477207], [0.47198862017032855, 1.0837474050400926], [0.09798105840137367, 1.1966619843577324], [0.11893671939483307, 1.1773939654474124], [0.9318822074759215, 0.3808434327088875], [0.7444290196342668, 0.939940571812909], [0.46237130381688907, 1.1065049758703216], [0.8162190332376827, 0.7031914358752431], [0.9735758880455099, 0.32259287039798945], [0.8656724340128786, 0.6806650459606121], [0.9392243566805627, 0.36427585877128366], [0.9295895716530425, 0.39656165448738867], [0.7909925586514868, 0.72629308507169], [0.9118649399624941, 0.6595383326293469], [0.13590852452033722, 1.1599028812932521], [0.07983942575728699, 1.212657797208201], [1.0062873760513413, 0.2867239322692805], [0.7332857400139629, 0.9583123280991752], [0.7099501444688983, 0.9647591458018077], [1.0117219069753045, 0.2814213075393066], [0.7847780918408631, 0.7382524655589906], [0.07224663614198268, 1.2188254710072677], [0.494357629218373, 1.0382625375961227], [0.6968641372376212, 0.9688308820746139], [0.7167885330179156, 0.9596062224682573], [0.48842609708681345, 1.0442924671184999], [0.7398901666868591, 0.9497498136349243], [0.7818156208328482, 0.7498059738457281], [0.1414326098718809, 1.1537975551755844], [0.7735759868141713, 0.8300650263702729], [0.44853724309085036, 1.1276519149470474], [0.7774287434972779, 0.7652982431769617], [0.9206290153109211, 0.6529553864668773], [0.5161544476189381, 1.0018047819941522], [0.9806564210638016, 0.3152667269556531], [0.45845091735089594, 1.1211296619701097], [0.7737508872488614, 0.800794525771563], [0.5791957746345127, 0.9761597079244813], [0.5368654066537354, 0.9858487897824375], [0.8515363371233761, 0.6872621354137521], [0.995901100298705, 0.29843922765436676], [0.09269852225077505, 1.2014232711649233], [0.12546813603456308, 1.1711320821410323], [0.4955985534495883, 1.0272999616545901], [0.14983709618320934, 1.14875514055474], [0.16755118325263882, 1.1378171416470504], [0.48692530713171067, 1.0517605422802085], [0.10260742626540326, 1.1907110069819986], [0.20359166508171675, 1.1292725347328956], [0.9532185744922252, 0.34612638986492805], [0.9433267958250879, 0.35557680238444206], [0.6595807769411142, 0.9728788966850261], [0.7733459109407818, 0.8408025665629388], [0.5587358529913624, 0.9765356572901587], [0.8264507107382143, 0.6998290351609009], [0.9655608704979396, 0.329926324280161], [0.15843616815656653, 1.141716562463013], [0.9040182021858932, 0.6660628373619366], [0.7733435709357017, 0.8684355347111872], [0.5925257132362649, 0.973397772441766], [0.6354862585174703, 0.9733563585336591], [0.7587523831058623, 0.9255914623366828], [0.5438050957646916, 0.9826847172811362], [0.7486823502635365, 0.9357668999165398], [1.0028527432167962, 0.2926979015276244], [0.05123845894397991, 1.234772529342517], [0.7749706169535295, 0.7768192065534847], [0.8438327471361677, 0.6980892604648601], [1.029575337497724, 0.2579774056722182], [0.5157975487958373, 1.015116268177584], [0.05830518971806877, 1.2301753540132399], [0.46870244666229205, 1.0958347846565808], [0.5580591820162212, 0.9796321035110593], [0.043632525611474265, 1.2392313978815024], [0.13004462412728696, 1.1656902775010614], [0.4774627551609452, 1.0746995177274103], [0.9877729547989292, 0.30554864804865306], [0.8845730586362529, 0.6742929690167618], [1.0255221159466255, 0.26591853569606816], [1.0384054537407397, 0.24204315824797268], [0.8539763047150901, 0.6838983272644151], [0.0859761470984829, 1.206691613873496], [0.7720012758759175, 0.8870423294758945], [0.5054566982308325, 1.021299790077632], [0.5258053529684285, 0.991448146678169], [0.1912828703618386, 1.1318115600380358], [0.9595014065595364, 0.33634067143982316], [0.9356251488066152, 0.3701162067364252], [0.06488479614703996, 1.2245014151396705], [0.7702480141178095, 0.8938359010662431], [1.0339190230844826, 0.25033269324454804], [1.017787230435689, 0.2758142331565492], [0.1084930513845021, 1.1849553692679804], [0.17884743534559067, 1.1332513235233215]]",0.021356,18.84
