problem_name,solver_name,run_id,final_archive_size           [archive solutions at the last iteration],final_igd                    [IGD of the final archive],final_gd                     [GD of the final archive],final_hypervolume            [hypervolume of the final archive],final_spacing                [spacing of the final archive],final_spread                 [spread of the final archive],final_feasibility_pct        [% feasible in population at the last iteration],final_front_feasibility_pct  [% of returned front members satisfying all constraints],final_feasible_front         [objective vectors of FEASIBLE front members only; for honest cross-algorithm HV],p_red                        [mean relative error distance across all iterations; 0=ideal],run_time_s
DTNK3,MGPSO_feasarch_archsentry,1,100,0.005866,0.009670,0.498882,0.007726,0.798236,3.0000,100.0000,"[[0.8815256438924759, 0.6727025138337404], [0.12528931224241266, 1.1794873237976444], [0.09523805883323419, 1.2009449857571188], [0.7222810628615565, 0.9612618674018152], [1.0335147291302555, 0.25142185189532357], [0.7002782555191527, 0.9705147554347187], [0.8520909924497755, 0.6864745360494307], [0.9757436220818887, 0.31925973331295016], [0.19214722718768396, 1.130003915229827], [0.5024252584058453, 1.0218052620968667], [0.5206289669437132, 0.9956250607022166], [0.5341375233209043, 0.9881179630944681], [0.9439783994510414, 0.36556259892373505], [0.7888386772391577, 0.728735671491509], [0.6890554714569088, 0.9714538822068151], [0.5621222679991114, 0.9773498649532018], [0.8654636550076747, 0.6795313767217341], [0.08727054645898788, 1.2077395416049823], [0.9179365182130619, 0.6601558523630804], [0.16477067912017654, 1.142433678022396], [1.0130323963495194, 0.27883995410797546], [0.8615815930038563, 0.6805252304787768], [0.7718892402067467, 0.8765935547398214], [1.01863566319279, 0.2765679618579697], [0.1322254608459748, 1.1617877723336962], [0.7725888610868614, 0.8575620715802483], [1.040933359541384, 0.24556865420645774], [0.1415976829180612, 1.1601357880242518], [0.8029242345807388, 0.7208954804514525], [0.8258274529717834, 0.699236452735921], [0.775232733466, 0.7782303332516023], [0.8220177984711845, 0.7035428249127331], [1.02657969019178, 0.26356310060747257], [0.4568243242467429, 1.1163911943937068], [0.873106995602406, 0.6764400749042627], [0.06435344353902397, 1.2260412884826397], [0.08544700669815283, 1.2142755911133942], [0.7187582010204853, 0.9641555196597893], [0.9382211991146954, 0.36694524802985046], [1.0332467284151348, 0.2585233295994767], [0.4934630961207296, 1.0346116497780944], [0.995107520860695, 0.3045509982721477], [0.18550411238478323, 1.1392813125457113], [0.4485806884253684, 1.1266550206047554], [0.7612580959308263, 0.9508481460466485], [0.8201952733441292, 0.7103568351434197], [0.8327940332364678, 0.6961753591402573], [0.7822877911162688, 0.7475485219945663], [0.11341762935512059, 1.1806301124579903], [0.9566882927125198, 0.3515517554727784], [1.0049148852023002, 0.30222650275852175], [0.46604400286185665, 1.095417796238459], [0.07395956686952995, 1.2231441890278483], [1.0088667524523953, 0.30215806772081144], [0.10749520186298381, 1.1865055876876605], [1.0400895708885154, 0.24801372748339795], [0.5246096412020542, 0.9913057428940935], [0.9740736702453674, 0.3209695255009655], [0.17697889679980608, 1.141914328285092], [0.7614443422490152, 0.9433733249101686], [0.5056020631735216, 1.0165427610693434], [0.8108104934626056, 0.7166911697262353], [0.9874083125474868, 0.3066569351826308], [0.6333001900048723, 0.9733153166538611], [0.7433984338901498, 0.9547622917036656], [0.7778931665185231, 0.761667862044672], [0.9801972094802918, 0.31440650278266774], [0.048708791668521184, 1.241969858495876], [1.0218748237195967, 0.26934217404735017], [0.16103236903086643, 1.1433708934523632], [0.48232770492322863, 1.0580251053217335], [0.45537803530928894, 1.1192874356502616], [0.7888105110627631, 0.7327052817047284], [0.07908935156883704, 1.220591017407467], [0.9665301956596641, 0.3377305359998617], [0.18680095616089795, 1.131804122838103], [0.5105621225168397, 1.0078205408918173], [0.9219485107307014, 0.651836407405621], [0.7777510656365244, 0.7748547200286631], [0.7688758602430652, 0.9220596998492445], [0.9663460478214213, 0.340144118171135], [0.9044501129546503, 0.6660320623854143], [0.9299827479307563, 0.3903047056800626], [0.0534421076913868, 1.2354878483232359], [0.8071010927063698, 0.7193033072179291], [0.061780892195705525, 1.2302868175662962], [0.5895488450152466, 0.9738217346958391], [0.7022456229729849, 0.9665656305740784], [0.7732701958192623, 0.812238500641294], [0.1445264593314011, 1.1512351978157207], [0.8902137039562866, 0.6696756687561769], [0.47701344227332465, 1.0870015282109893], [0.7718022477263626, 0.8959526317671092], [0.7936751018117285, 0.7239365261381268], [0.5415605728388099, 0.982368983197593], [0.5398827172373566, 0.9859998707634354], [0.9470078805291535, 0.35222209730564596], [0.714059154914616, 0.9660423564995448], [0.5161173700779601, 1.0004547783438849], [0.18470730136593513, 1.1413930763710352]]",0.041413,14.03
DTNK3,MGPSO_feasarch_archsentry,2,100,0.005383,0.011305,0.881393,0.005413,0.725451,9.0000,100.0000,"[[0.14978690299002986, 1.1556252574950583], [0.857511606226633, 0.686110736834984], [0.13462105172234773, 1.1648633542528348], [1.015811697713084, 0.2815226866281038], [0.9520741473538425, 0.34598942350555023], [0.478984923839137, 1.0771498545557663], [0.08907209696658519, 1.2052980547304766], [0.5241702955091203, 0.9915157319853765], [0.08414877470949148, 1.2168437452216694], [0.46509088366443896, 1.1094855243878554], [0.13791359059980665, 1.1576523152984826], [0.905951421440029, 0.6661015019759573], [0.5890214618695178, 0.980693417041616], [0.17269237133459173, 1.1346713567397146], [0.8798511700205633, 0.6744900640999902], [0.7199584563869512, 0.9626023078983019], [0.92636520536839, 0.6534713176864417], [0.935094303881208, 0.37179159435005615], [0.8143413116705254, 0.7088413730085759], [0.9522237367782852, 0.3438544527247053], [0.47170519689467544, 1.0867885061148415], [0.7786472277981165, 0.7680040416245926], [0.15293068467784152, 1.1520219247377113], [0.7338638548884444, 0.9497353174164755], [0.11647344287430392, 1.177124874665522], [0.19300213490476825, 1.1313550694447212], [0.759964443829996, 0.9183184070075299], [0.5120513744147597, 1.0081359064336106], [0.9658805698109432, 0.32880850389081706], [0.6569886803967306, 0.9775043607437977], [0.7414497664903175, 0.9468035415598224], [0.7909186529681445, 0.7291470290843072], [0.8328914899287735, 0.6925596915371206], [0.21183530830735034, 1.13034069081254], [0.8867597797229162, 0.6709604588609508], [0.769927387555759, 0.890506014020735], [0.9472075577954571, 0.36312647142758253], [0.8208472913452942, 0.7048567789532101], [1.0108647970401834, 0.28971001582746836], [0.510285658101027, 1.0084012998509626], [0.9598587247106056, 0.33683254243640437], [0.5058913470292906, 1.025939373121452], [0.5690509230118465, 0.9838778238835348], [0.5189150383936824, 0.9985237231903439], [0.6665942077758982, 0.9724187625953935], [0.13210830292984832, 1.1706930523908463], [0.8120876726846139, 0.7162518618903564], [1.0210541563047364, 0.27595739488923876], [0.06639947603147986, 1.22629131580015], [0.7815791706159891, 0.7539643527007247], [0.15573948874393964, 1.1461618069973654], [0.060492402276735996, 1.2308261018613023], [0.16375941195396806, 1.1405117400276796], [0.5354059207513931, 0.9885700917276525], [0.07419433522990507, 1.2205735412578476], [0.9343396034383527, 0.3789271823466986], [1.0011754880330535, 0.2932206740240969], [0.49712624635914104, 1.0449671314167635], [0.8474525131014107, 0.6877661790405778], [0.8253307575176951, 0.70173948125943], [0.7734230645849534, 0.857892368654819], [0.8650224071581931, 0.6787547195112061], [0.6046411334141575, 0.9787459679056594], [1.0343855127510055, 0.2563142172000429], [0.6932332304414782, 0.9705136419205949], [0.7662012359632626, 0.904432758070647], [0.983316050903285, 0.31631257957149356], [0.48548042068275843, 1.0508186781968938], [0.4529249203094325, 1.1208256350163974], [0.6372266436523184, 0.9782017566970753], [0.12107892245686563, 1.1725616167309576], [0.04878801706866085, 1.2381204886906532], [0.8022259991392066, 0.7279763574938589], [0.7735742739815124, 0.7966808759586241], [0.9917196090788715, 0.30159991596116514], [1.039602959190539, 0.2524180001420818], [0.0843133956446159, 1.21120521666928], [0.053454604972105274, 1.2329302965621332], [0.9238774744204392, 0.6574861667398234], [0.49747187879731625, 1.026038394542069], [0.998462393690642, 0.29474812251826066], [0.09663056556115104, 1.2014199396095442], [0.18200903624440748, 1.1321468194790514], [0.11044111662549222, 1.1874631087227807], [0.8055789592878076, 0.7217249547886593], [0.8404357077079039, 0.6922730217277574], [0.7493297589604463, 0.9418523816041962], [0.448440410471172, 1.1287985825365947], [0.48257712234143857, 1.0683437059741363], [0.48401366571704707, 1.0601682280453695], [0.9305327724067953, 0.40485101674962015], [0.7726285153490287, 0.8617444007160284], [1.0225180759149093, 0.267766270030838], [1.0282860352399474, 0.26119391522378843], [0.9726743903023994, 0.3222803051062489], [0.49483652084114227, 1.0478327971203691], [0.10409281278827023, 1.1926715022539849], [0.932371491263163, 0.39412735381706454], [0.9486438693761206, 0.354437489031449], [0.4679025201304567, 1.0933295558785927]]",0.037152,14.94
DTNK3,MGPSO_feasarch_archsentry,3,100,0.004481,0.007624,0.766746,0.005519,0.775150,12.0000,100.0000,"[[0.5282423114755611, 0.9884774761694808], [0.15796732747826767, 1.142203133571176], [0.45476701644492296, 1.125469475774987], [0.4672317734634932, 1.0934557073115678], [0.9854200883701644, 0.3107381116981498], [0.9023285530974734, 0.6635716667060082], [0.6933266070352679, 0.9716433769958288], [0.939401900082103, 0.3674813324081157], [0.9655266686067173, 0.33438761843272996], [0.5948946331949468, 0.973275828283777], [0.7823468981529956, 0.7464874709190261], [0.5411355416427026, 0.9816231706910752], [0.11153329518290048, 1.183398427696481], [0.10671776606227154, 1.1881141268843738], [0.5004593363118865, 1.027358204073929], [0.10064639686606061, 1.1957881503444399], [0.06923012423692058, 1.2210206747440047], [0.1744914569116228, 1.1366069452496208], [0.9284378149271028, 0.6480673842411826], [0.48558501413805133, 1.0518092393230365], [0.8742722529743745, 0.6806344643924014], [1.0321486657571106, 0.2554723649444344], [0.1942856587040447, 1.1301513328612307], [0.9532570065751623, 0.34185522855284045], [0.053871810363717354, 1.2325585155045489], [1.0255645504280704, 0.2691546940061397], [0.8078076670322918, 0.7155952939069932], [0.12751158041560964, 1.1664633286518187], [0.046700753713415616, 1.2390608401966678], [0.9158952012993249, 0.6559303172534935], [0.8372719122858544, 0.6945015945397817], [0.5101769640958944, 1.0049081988750683], [0.7248047603782993, 0.9554627208808757], [0.7853331214215113, 0.7394576925727256], [0.06613013971850067, 1.2280888814990658], [0.9302217636652371, 0.40138814651541077], [0.9330919887274916, 0.38252392842864646], [0.9771466700451403, 0.31695815413783407], [0.7741647291611707, 0.8454365930959398], [0.4605967605799062, 1.1074515583460567], [0.09539129280131561, 1.199666190259036], [0.11727376059713965, 1.1771009536672368], [0.47951884214044055, 1.0779324452172776], [0.9597318285681388, 0.3417449135828356], [0.14518432236532716, 1.1574139257320148], [0.7158979074616683, 0.9632358672042209], [0.8509648252226417, 0.6863457118100423], [0.747222469463662, 0.9454198028594718], [0.7211131765934126, 0.9575316855109834], [0.9905041926207903, 0.3032722825211694], [0.7742639917054062, 0.7946764445046182], [0.5205368590357226, 0.9946727632888313], [0.7692049654215916, 0.9013543603842982], [0.8684202309746238, 0.6841554388532018], [1.0368359471111508, 0.24581496572288236], [0.1355180828341817, 1.1602553915017924], [0.1552150516308373, 1.1495567679111225], [0.4814528986500225, 1.062603868989963], [0.17798687130238283, 1.1327236840716066], [0.18979292252288005, 1.1308752550300893], [0.5807067855558872, 0.9774577283390491], [0.940658797608076, 0.36058784957596723], [0.7926712752796192, 0.7218564564687], [0.07386556277633968, 1.2195605442792403], [0.4959706705882197, 1.0370216200808904], [0.8165343117714082, 0.705157105733949], [0.8038546729333307, 0.7180381575024513], [0.935266766157622, 0.37536511116831317], [0.5634094928366533, 0.9783041550565459], [0.09020420021263544, 1.2047001798564032], [0.5179887524998813, 1.0034383544525585], [0.8290609491102665, 0.6996999106444679], [1.0302122716155917, 0.2660681929102781], [0.7109695503505358, 0.9697148306840637], [0.7600863379115116, 0.9246738878748324], [1.0127749169707652, 0.2793652980040793], [0.9496792905722015, 0.3473371690339102], [0.7515061781443999, 0.9327427329905449], [0.8948615394105645, 0.6678230494406278], [0.5527390911335721, 0.9807529914947166], [0.15214310452774185, 1.1549854913890714], [0.5084420781355651, 1.0245249516506787], [1.0232432676151018, 0.27552316218865447], [0.07913912451338742, 1.2131807824794123], [0.7731208006683183, 0.8921985151439447], [0.7347559608972449, 0.9510512830007527], [0.12232747471454272, 1.1735295602495248], [0.4562267624673307, 1.1199105026559486], [0.060070342326303566, 1.2284244810121385], [0.780076051799868, 0.7782014157766426], [1.005185995864092, 0.28885068896123595], [1.0107714221037165, 0.2818800066994039], [0.08494503097049698, 1.2085834941207068], [0.16491330063355944, 1.1378289529785477], [0.4950283632835367, 1.047949813256294], [0.9314375856542634, 0.39670841463558393], [0.9446786673296328, 0.3547012436771505], [0.7361472944366312, 0.9474262556213366], [0.4757496173398492, 1.0850372965210144], [0.8881248809898369, 0.6717317076962837]]",0.031119,14.74
DTNK3,MGPSO_feasarch_archsentry,4,99,0.005858,0.008683,1.104926,0.007685,0.838887,5.0000,100.0000,"[[0.15779253442000782, 1.1443930823653874], [0.8871732716839682, 0.6726911970901357], [0.5413525338081582, 0.9878339737956698], [1.0304475128432222, 0.2603319567400827], [0.472781824346705, 1.099755692182001], [0.14304539351114903, 1.1526189675347458], [0.19376633326792622, 1.1321537693970807], [0.5427238887249595, 0.986507768953653], [0.4574278169096705, 1.1127110686903832], [0.8091279250618796, 0.7154947793813993], [0.5241140048585864, 1.0013073338800316], [0.9481721393633077, 0.35231348638217486], [0.5150728473986521, 1.0028981076325012], [0.9839482515449942, 0.3107109429896221], [0.7229024576685396, 0.9576274023080353], [0.844165902204628, 0.6933581393450003], [0.058095109047316656, 1.2288861891668221], [1.026727050522944, 0.26768673709027935], [0.7720111106114405, 0.8666526540838146], [0.467905611825073, 1.1067537901191493], [1.0088954931958258, 0.28481204005886623], [0.14237343886534695, 1.1616396012131747], [0.9603467851628096, 0.33697966127967915], [0.9349125742361802, 0.37967147256890244], [0.7718009777714633, 0.8793593662842494], [1.021604627368474, 0.27166363895103585], [0.9558830204323963, 0.339314005864965], [0.6881838209210792, 0.9699686855968979], [0.05713141627810717, 1.2295694392760637], [0.19052421571943906, 1.132300056366138], [0.1203840184596687, 1.1746469371072792], [0.9210604941381852, 0.6537303045593512], [0.4482371840129503, 1.1316743999981154], [0.7458842303041193, 0.9411847637730157], [0.9464567681811642, 0.3564507124009974], [0.5978132950187562, 0.9762322117101498], [0.11264340850859968, 1.1823782172710642], [0.04990544176016479, 1.2374177461826203], [1.0047446826123816, 0.28847491192147123], [0.7519210610580294, 0.9322150924556551], [0.1667097903632056, 1.1385486905422275], [1.0133830654444853, 0.2783937145023535], [0.17482586253537263, 1.1369798410382692], [0.9201719591757983, 0.6621112516347898], [0.5025500069813552, 1.0150577667407779], [0.1495230476328742, 1.1479133976001503], [0.7995428846038719, 0.7302914529820275], [0.8142405995639883, 0.7074683214282393], [0.996765622296945, 0.3024607697928574], [0.5320473562132811, 0.9895746220177979], [0.7386145918176188, 0.9468917866708519], [0.04459860249647671, 1.239068582305133], [0.11720552837545697, 1.1802023769025796], [0.807838337727871, 0.722250728830923], [0.9526596826124106, 0.34558137107203524], [0.7707885752539704, 0.9153869861831829], [0.9931204317670275, 0.303759775009487], [0.12864896764212305, 1.1680985133192041], [0.5758175507134554, 0.9768459708823323], [0.09779117657407019, 1.1956098709178544], [0.8333438263922925, 0.7025442639578674], [0.9986203672248867, 0.295855103884174], [0.7872554175814397, 0.7375212756263716], [0.48149256934572204, 1.0623896131564026], [0.07603581173680321, 1.2204611911518553], [1.0317557931001358, 0.254007857595387], [0.7951390183044467, 0.7366749061433648], [0.9638451125335386, 0.3308253697016894], [0.4988167922128658, 1.0331050903252945], [0.8651027106967505, 0.678843971663935], [1.0170545823521808, 0.2758083598211025], [0.07453287449738724, 1.2263165049616955], [0.7731334957113513, 0.8021517868624468], [0.08720225772618581, 1.2060931057778062], [0.5708166101991871, 0.9819610810222983], [0.8591752126273621, 0.6833553451997996], [0.09193211317440814, 1.2043964820174005], [1.0374888411268794, 0.24829657936352606], [0.9397955992513916, 0.3625844109012318], [0.642516333756624, 0.9758156362954962], [0.9022248900929996, 0.6635498791576487], [0.979083942244867, 0.32014827810004487], [0.12632284774705135, 1.1698169254124706], [0.9363785357963955, 0.3711160788085524], [0.7813668046625649, 0.767423231910688], [0.9714505331767561, 0.3237393865293131], [0.10315979063309855, 1.190653083428652], [0.8501671224655913, 0.6854661338870687], [0.8320367890817872, 0.7070207855044337], [0.9307737075339809, 0.388146506112559], [0.13749676710474693, 1.1647478189100813], [0.07951900559735167, 1.2124394882843124], [0.7756786549682831, 0.7726471362224405], [0.8069860051188871, 0.7278702668796313], [0.9681775782655366, 0.3304440047334458], [0.16173045762096488, 1.1402768778765398], [0.7586150732258019, 0.9277650926852341], [0.4944877369794523, 1.0386469309436384], [0.48919646416755125, 1.040313087263893]]",0.034302,14.20
DTNK3,MGPSO_feasarch_archsentry,5,100,0.007035,0.011965,0.771674,0.005633,0.777447,10.0000,100.0000,"[[0.14663035683916267, 1.1509301173491664], [0.10912062406521453, 1.1847032286619177], [0.5044014817486233, 1.0139623813390117], [0.5424887913245893, 0.9841037064220128], [0.07393713242685138, 1.2173255555912832], [0.5233874059343884, 0.9942078815081814], [0.9537041227880771, 0.34532075422078184], [1.0319225575147701, 0.2615975891311882], [1.0249151818922873, 0.26767898537665585], [0.05437802650729709, 1.2357842721941725], [0.7549451219008432, 0.9244589685654359], [1.0200363758300985, 0.27664847121654107], [0.9373069820371301, 0.38454090745048464], [0.9869561863818089, 0.3106534656376068], [0.7810014270955905, 0.7434194710665964], [0.6825353352874537, 0.9703778407923818], [0.5169978568126956, 1.0009245683978951], [0.859234199610158, 0.687017711596942], [0.09465126398002063, 1.2007520743621776], [0.8368280019726697, 0.6963329815334669], [0.8849937247557877, 0.6818369580874808], [0.18416115904776373, 1.1381042088220252], [0.13225788369155286, 1.166345984537833], [1.0292625452800188, 0.2657839793214828], [0.7047394113913468, 0.9641107450116428], [0.9300673807924702, 0.40220296148316576], [0.901466144339842, 0.667797440685223], [0.06571959518882173, 1.2281471899988594], [0.8976510451970803, 0.6716940696175917], [0.19059903081217852, 1.131803122550856], [0.7729298055048648, 0.8784348815402891], [0.5964156018316163, 0.973255281167335], [0.943818180797584, 0.36181655946824076], [0.9313293632924788, 0.38519385133138484], [1.0025893036954088, 0.29509823705833904], [0.10832737272410926, 1.1887355624805396], [0.8415809998243966, 0.6956869042494409], [0.8129740435639701, 0.7058776090100389], [0.9251973746431301, 0.6594960568513895], [0.7461138496550722, 0.9388971521535967], [0.7648846571166326, 0.9144143155294775], [0.49236413656566447, 1.0439538415837788], [0.797004016218077, 0.7172470583294899], [0.14292682013653282, 1.1629323618146852], [0.7721195855439195, 0.879006158895044], [0.4647104830356504, 1.0974579151354338], [0.07576576238584531, 1.2167259262882495], [0.9988489988161864, 0.2987580286317675], [0.9905092914225213, 0.30311404506899414], [0.9181019738818289, 0.661585698766123], [0.5238630488716376, 0.9914469210670089], [0.5371151997082892, 0.9911821949493438], [0.7787332622987897, 0.8410475629062533], [0.6140175812007125, 0.9732056924556778], [0.9434069809169947, 0.38068826764526076], [0.4940987409124091, 1.0373872834902529], [0.8044174622862124, 0.7131735693330594], [0.9677715932070642, 0.32783622438650756], [0.5585341449801231, 0.9769648493148868], [0.058282785601186354, 1.2342153068748978], [0.4819170160862656, 1.0585952067684907], [0.08945428846129036, 1.207671540424304], [1.0322286430097671, 0.25596702903127116], [1.0066842413464516, 0.28776554291681633], [1.0369075586340137, 0.24626421583516206], [1.0384479476529263, 0.2418469315159954], [0.8478669832155176, 0.6932246119506915], [0.21040010740579915, 1.1310704352841796], [0.06941582674047242, 1.2238478547178075], [0.980817612152812, 0.3163737159342125], [0.11901879841062263, 1.176323388772196], [0.6389769166387057, 0.9730185812285188], [0.5032694610025901, 1.0339585401172429], [0.9457129899511716, 0.35572246718152023], [0.12120014827198689, 1.1738037702987425], [0.773822431843217, 0.8515341040592839], [0.10001904023868462, 1.1974280278767582], [0.1592212571751825, 1.1411249002537216], [0.9771411898395741, 0.3183539781014244], [0.7871321548744628, 0.7329195027286557], [0.05100861088553052, 1.2410426074009078], [0.7358468004837954, 0.9613878793771584], [0.45663192899790406, 1.1131570159583746], [0.5445513466060747, 0.9835120553382923], [0.9565048535695172, 0.34225023733464754], [0.5539098791935941, 0.9821514746085551], [0.7921158929889518, 0.7266592108131802], [1.016714126863968, 0.28042378812307284], [0.7393855043152138, 0.958558542563265], [0.7718147500016439, 0.9103296070254967], [0.7436675308274385, 0.9474852128070368], [0.8691972063831831, 0.6822245065064276], [0.9611413903081658, 0.33593817086279], [0.08158048795614334, 1.211112092827927], [0.6598264502748266, 0.9728064233527283], [0.4709417894284592, 1.0894086954581592], [0.9673573542244409, 0.3311075342336958], [0.679096605234245, 0.9717877499829588], [0.5777635695612487, 0.9753615721108193], [0.14875865051870255, 1.1478364895924642]]",0.030918,13.94
DTNK3,MGPSO_feasarch_archsentry,6,100,0.005714,0.009363,0.832283,0.004879,0.782509,5.0000,100.0000,"[[1.0335009290924577, 0.26175084616428657], [0.1791115309191955, 1.1344321329481077], [0.9376824142053244, 0.36541504522114654], [0.7717759775665287, 0.8800342362148752], [0.1628110978252753, 1.1397963801122049], [0.8658714841657412, 0.6900069361751601], [0.4665754885867691, 1.0939404568315265], [0.933291048273764, 0.39445501754406537], [0.46420010304178, 1.0997137135103006], [0.4824851723753575, 1.0741454444208083], [1.0199324079009187, 0.270984408178428], [0.9899278216660641, 0.31500689570967605], [0.14932052794517672, 1.1476393699374814], [0.052793645577114426, 1.233036509003161], [0.8684437882863231, 0.6801281701576076], [0.7761866161120248, 0.7658145669512795], [0.518254563770681, 0.9977114127016671], [0.11786484790008829, 1.1784892948333765], [0.4731693449273868, 1.0847284012698952], [0.7946962150231178, 0.7208878812319062], [0.1355974739465294, 1.158752193991751], [0.7565258208339214, 0.9222560467154519], [0.7734028830994918, 0.8774759352075463], [0.49581382859249135, 1.0311580749099292], [0.7439119519397295, 0.9395457076687037], [0.9500243728830774, 0.355321125558568], [0.523068878492027, 0.9948303850249807], [0.07041146664555958, 1.222073460192445], [0.04976843793421991, 1.2359644013921545], [0.49315402943340975, 1.0419100129287315], [0.9477627382452551, 0.3622084723083755], [0.0951918847505272, 1.1990344176300722], [0.5019942767686425, 1.0202425337419798], [0.08812694796413062, 1.207512718468341], [0.5109277043317816, 1.0041365801541737], [1.034709001716086, 0.2498084176512102], [0.5841783762394159, 0.9756931500699757], [0.12474160493997058, 1.1731827118914986], [0.613929425729091, 0.9753879982826819], [0.8205170550931118, 0.7004942697981857], [0.1088818049830832, 1.1852845926646067], [0.4838631842288872, 1.0632688913266182], [0.7737859320986213, 0.8604447296295401], [0.4862933431498253, 1.047919718377213], [0.7900559117980898, 0.7399443239508519], [0.4534359905947689, 1.1191994450763767], [0.9004663578710554, 0.6643350896556032], [0.5581426456142953, 0.9780401964251126], [0.7387689172061244, 0.9535087639083455], [0.7690548995414579, 0.8998613315803397], [0.9807620383327649, 0.31539846309939074], [1.0364517859629987, 0.24738592489158917], [0.81282471168844, 0.7074940995733245], [0.9324166663657525, 0.41026641605293596], [0.07633925719895047, 1.2160891399572835], [0.6787345353481475, 0.9709123421045689], [1.0176613957146168, 0.27574159035469437], [0.15462900286023987, 1.145506308155674], [0.578380052629637, 0.9772607061159109], [0.7780568158890132, 0.7650105114575787], [0.7740162753465054, 0.7903973274878342], [0.9582828703807439, 0.3383027450317265], [0.8903372606477606, 0.6682104639209692], [0.7540181751446122, 0.9290246993589595], [0.1430307494827587, 1.1546567974332502], [1.0072666899661238, 0.28830474768550923], [0.13245155097588934, 1.1659746979492225], [0.20952348696645273, 1.1296487551950034], [0.7316397553201813, 0.954836507440731], [0.8357725911747838, 0.6932180566518955], [0.7907530562108369, 0.7261224019856372], [0.9516110968410207, 0.34493345145305826], [0.08362412409376772, 1.2126449550741853], [0.47566987690747126, 1.079008341744837], [0.44923036981990344, 1.1280705315670503], [0.9117716845802085, 0.6579832993689668], [1.0159813701072111, 0.282962959832436], [0.9302086050654264, 0.41372922573902904], [0.5328573316662588, 0.990040216524269], [0.04208236447834826, 1.2384026171464144], [0.6676512922572138, 0.9751813357181294], [0.06138529775512211, 1.226850209986022], [0.1870173894612109, 1.1305161194196096], [0.5013191391564427, 1.0278015330711643], [0.9929653849634519, 0.3027144837148628], [0.10037213235582297, 1.194393783924299], [1.0288674672274598, 0.2666130842973069], [0.5086999621983924, 1.010633924303603], [0.8597249478423495, 0.6923014013566668], [0.5414596726564409, 0.9878413690983454], [0.17045523997537626, 1.1362272222483332], [0.974833995413765, 0.32182389419319096], [0.9621525316291747, 0.3347603912352792], [0.9660149040973718, 0.3289396842204514], [1.0034922909541464, 0.29220539559839576], [0.7880840057716395, 0.7417689067876498], [0.9706964683712345, 0.32363797102699543], [0.8796787231876817, 0.6752431306960537], [0.8063717702947746, 0.7139485745188965], [0.10392496069353813, 1.1907097989699127]]",0.029338,14.63
DTNK3,MGPSO_feasarch_archsentry,7,100,0.006411,0.008140,0.806270,0.009753,0.886025,5.0000,100.0000,"[[0.48826888127853785, 1.0435930505212825], [0.08755247797624996, 1.2093033830957687], [0.11502283330227786, 1.1809012597503379], [1.0109051568263612, 0.2914040259996637], [0.1009193721683785, 1.2016622578279577], [0.8141947328971646, 0.7122699665993868], [0.13386050990847073, 1.1625856057046176], [0.9084584296873954, 0.6601895176120156], [0.5968694184762937, 0.973448071256773], [0.15974452131322395, 1.1413200914732406], [0.9378481697431775, 0.37534807347811705], [0.9488749339189727, 0.3520569004235554], [0.8635496238757469, 0.6818049156231036], [0.9659546382695641, 0.3306039637465191], [1.0392674201739602, 0.2429995643007773], [0.08264196156958467, 1.2166332790119567], [1.0064537175289834, 0.29179437342518105], [1.014752471083584, 0.27766498240473], [0.9775926219899382, 0.31874731834042636], [0.1504019138306599, 1.1510716928033113], [1.0117339912027203, 0.2817010639979311], [0.9621245993946654, 0.33485198292010604], [0.045384909527675155, 1.240160196284593], [0.9569056585898396, 0.3381700897186689], [0.12627732818771584, 1.1675034756588094], [0.8490350366722155, 0.6884955334630096], [0.5306439279914107, 0.9902693888466858], [0.730038951333426, 0.9545653578710829], [0.9521210371359448, 0.3459625952365614], [0.5201518242065517, 0.9995392581623799], [1.0235395946573758, 0.26569755350431257], [0.4984389767538798, 1.0239410894738923], [0.7656324579947258, 0.9198447901993967], [0.19534128061695635, 1.129615681319384], [0.7734331896005273, 0.842498451568902], [0.8187028213463451, 0.7095806242449996], [0.7264596482598371, 0.9562321554641002], [0.07357836777506355, 1.2191731744218035], [0.991817788846971, 0.3038765362236713], [0.967793651352456, 0.32637131018124466], [0.9316202666448399, 0.3909299522246147], [0.9461335287843425, 0.35692255991520083], [0.5606647489250294, 0.9771493042111965], [0.8220154018859537, 0.7003835338077862], [0.18188527442223115, 1.1346315748428666], [0.7882198981415922, 0.741968627703093], [0.45745740606665286, 1.1129212693419828], [0.7668005248758676, 0.9036879950529269], [0.8063976577567101, 0.7129313398393224], [0.48105643014258265, 1.0721250732734657], [0.9791513508263028, 0.3165087129345858], [0.8392626230872827, 0.6921410710683187], [0.10504683906272247, 1.1979917461326195], [0.8327693103665562, 0.6974805018986387], [0.7847112286386514, 0.7454794077023048], [0.17396453484526167, 1.1364203734732201], [0.9346682243786777, 0.38034570443058474], [1.0321063551458174, 0.2534409110740915], [0.5079819656143112, 1.0132333611855024], [0.778452975110051, 0.7502502703538299], [0.7586385339271389, 0.9199945158152494], [0.9238427687851638, 0.651456962429576], [0.48097063069136115, 1.0758433658659519], [0.7756388511034027, 0.7730858918610259], [1.0358387474004203, 0.2493485938080519], [0.9998994099328542, 0.29506490342260305], [0.053718166934349526, 1.2326931095148104], [0.7318895522967805, 0.950008317092961], [0.47645414373920686, 1.079985224808631], [0.15516192767582984, 1.1450600041165804], [0.941322412018262, 0.3677195610954197], [1.0197785296804418, 0.27232516301963183], [0.4865315997285199, 1.0624461842904098], [0.11891956136460441, 1.1752463683587113], [0.9309316354984822, 0.4111748930471162], [0.4677643394178456, 1.095667812340057], [0.5050950545905406, 1.0199503869790523], [0.987077930072422, 0.3084389168790503], [0.774221953312966, 0.7838456754362724], [0.920889075835502, 0.6550101173386746], [0.9964376425479862, 0.3003413479640973], [0.10948170996054055, 1.1860945976351713], [1.0288232761313372, 0.25918392815740204], [0.801002877437668, 0.7216326969486018], [0.9436564037129327, 0.3648556919967878], [0.9316723575927714, 0.3823385727984736], [0.528244822974054, 0.9963142355215322], [0.803164716211803, 0.7130741179913402], [0.1890429704583896, 1.1338065532089108], [0.9715147865265407, 0.3231178964410709], [0.9158004995319874, 0.6557019728692922], [0.06540276626605081, 1.2275742548340476], [0.5111602069376272, 1.0070475527406064], [0.7910017174929862, 0.7338997002353769], [0.6693298658059255, 0.9717048990953159], [0.8759875433903337, 0.6740420616251495], [0.7692913508597709, 0.8901539177125437], [1.03844548225044, 0.24888057279910022], [0.08577928626080106, 1.213280296766386], [0.7964816696769, 0.7319975750389507]]",0.033185,13.89
DTNK3,MGPSO_feasarch_archsentry,8,99,0.005502,0.009692,0.745919,0.006361,0.821055,6.0000,100.0000,"[[0.09930626146843183, 1.2027677684407911], [0.8814061404805803, 0.6808823115545823], [0.10479783270162261, 1.191476495739958], [0.5394350904286429, 0.9881323950133483], [0.082870390907847, 1.2103987598814259], [0.9873068262823699, 0.30917389042690946], [0.562749959901403, 0.9775987917148778], [0.17009582460555148, 1.146010369688361], [0.789172616392702, 0.7366634883887921], [0.9701635908951141, 0.32626869170441875], [0.12354213435948183, 1.1746987125329422], [0.10228041104757733, 1.2007612429137053], [0.9771363453173744, 0.32011205999952874], [0.12918159941317803, 1.1740022559694996], [0.9967331266611315, 0.30156768131558925], [0.5731876423524267, 0.9756492595117738], [1.0218217990993466, 0.2710456308829776], [0.8114350510470005, 0.7143388656406195], [0.11240617902600256, 1.1824657657124347], [0.7774362257112164, 0.7604622765911735], [0.09031351102157606, 1.2038149570075578], [0.4926548690438013, 1.0429836083565072], [0.946300704127392, 0.35893359701806327], [0.8416922260024229, 0.6892655502316589], [0.5107200510223868, 1.0040303242214543], [1.0255837508324999, 0.266571830892869], [1.029864002271324, 0.26266949962286523], [0.9366341782376305, 0.38243272813960066], [0.9194278730930645, 0.6575404691513163], [0.5402435845317696, 0.9824480192941321], [0.7522622754563093, 0.9396482779442694], [0.7998181939584079, 0.7325191679048937], [0.49486546981042756, 1.0308740308599635], [0.8709296838235245, 0.6828062446995402], [1.0032772686770706, 0.2910464676020456], [0.7586755697891449, 0.9240521864991684], [0.7782542964162887, 0.7537135659736047], [0.9376317283851285, 0.36677509867991287], [1.0155177929740276, 0.2880826941689475], [0.7716409185408539, 0.8684336013388159], [0.4777408969183906, 1.0747602353874235], [0.719002870833036, 0.9641814155241628], [0.06296591189022643, 1.2274344860837385], [0.6193011386883137, 0.9755813863250857], [0.17822415585213516, 1.137037330702735], [0.6945093491069403, 0.9688779636062677], [0.4729812632859255, 1.0782813693617375], [0.5166591833001389, 0.999418162420129], [0.8085012233402574, 0.7197290323262475], [0.05989894769617467, 1.2299360920104934], [0.7293683511281168, 0.9526714207740206], [0.8933309429164858, 0.673999266177745], [0.16560267069412274, 1.1469873121150578], [0.7740207476808739, 0.7847734060950862], [0.7734021993221725, 0.8374879138141751], [0.812305824172237, 0.7079329232308902], [0.19026563782316966, 1.1348709312856875], [0.7562428976723795, 0.9280945630858475], [0.1964041881587012, 1.1331215167101025], [0.46193054861696914, 1.105547591078096], [0.8004270247834488, 0.7236075233789607], [0.18378849349664403, 1.1362623240970569], [0.9910781034965093, 0.3034334972488751], [0.7006735776532524, 0.9677976406250879], [0.5315987551740808, 0.9925710294512111], [0.9102950790120541, 0.6601265154329441], [1.0193923691236808, 0.28062241466061066], [1.0378350137334176, 0.24388644482680452], [0.9293839858141747, 0.40006744067043176], [0.7810781783100791, 0.744272141378328], [0.9821623324247826, 0.31655951619079403], [0.14625948306092604, 1.1511567656177795], [0.9305977494007902, 0.3933444581620009], [0.8381064676290929, 0.6984011770019353], [1.0106609477475907, 0.29047828849170376], [0.04453477086160533, 1.2372764609103497], [0.20534797272005198, 1.1305840460008656], [0.49979236152657713, 1.0231865531132724], [0.1388060380222609, 1.1603250243168113], [0.9571180689640082, 0.3400909659332175], [0.7493823573618869, 0.9490187808644521], [0.7675196286916995, 0.898413747123068], [0.9598125514381456, 0.33718090320583727], [0.7667508352577541, 0.9167977980435085], [1.0362741202851526, 0.2581021060243197], [0.9640394124968726, 0.33251265046267175], [0.17738179854788708, 1.144070080699316], [0.0875564362047524, 1.2062381482809772], [0.9987672490965632, 0.29565417817505857], [0.950638556430785, 0.3451942403155185], [0.4609698201515379, 1.1119228557309608], [0.10777305440484411, 1.187074385077487], [0.9318239120457864, 0.387210484221243], [0.8154470630834163, 0.7032293613749647], [0.9224994190435643, 0.6534039922593697], [0.8966308056128565, 0.6660952084480853], [0.13294890589817202, 1.164816271550617], [0.06791377840875025, 1.224775048333043], [0.48071343648634424, 1.0663307893081224]]",0.032913,13.99
DTNK3,MGPSO_feasarch_archsentry,9,100,0.004817,0.008705,0.922459,0.007113,0.803247,11.0000,100.0000,"[[0.8426853169669424, 0.6888536723973169], [0.8863247978808724, 0.6701588245127179], [0.7463824031293489, 0.9377154454791274], [0.9516165421200182, 0.3482227661810815], [0.7693997161748145, 0.9028299641693838], [0.08120497805265108, 1.2151492812139686], [1.0227313031269554, 0.271542938914844], [0.5006196269212051, 1.040717854963888], [0.0441039480507224, 1.237744487635361], [0.1850802799101283, 1.1323334880734357], [0.9701759255255746, 0.3244966628427419], [0.8332338489229039, 0.694566736727307], [0.14158022430825135, 1.1569764319463642], [0.13575364972522877, 1.1620598026786875], [0.1521805747442552, 1.1462403100187684], [0.1686605836947448, 1.1358577580439106], [1.0082065429163487, 0.28771954152410395], [0.49384441607241375, 1.0453171957029537], [0.064748435637137, 1.2277244554082287], [0.9755814156282564, 0.32045176083244936], [0.9995806429683061, 0.29983703427569236], [1.0035379523858818, 0.295508345107243], [0.7796785165405886, 0.7533052507270408], [0.7867577915207093, 0.7407409873159663], [0.7759000949917589, 0.777215689804672], [0.08615952280369207, 1.209815948547199], [0.9405519620510785, 0.3630024812386552], [0.9331034825922782, 0.38292530623658133], [1.0337458817314475, 0.251590043443783], [0.8176559949068587, 0.7036619312447638], [0.10929336701139092, 1.1924376984264062], [1.017168364252607, 0.2741909150394252], [0.49068226604939696, 1.0520159578440742], [0.8143231120502945, 0.7063591904341362], [0.7882455506985968, 0.7293598431727852], [0.9011655140762606, 0.6647192199485641], [0.9829511125848482, 0.3115832886071022], [0.9565608401729008, 0.34246724804134177], [0.7732228441357669, 0.8000493877299308], [0.5632496197227487, 0.9823453350368239], [0.15014372908307275, 1.1569355744649024], [0.7707568170544348, 0.9018412102953581], [1.023999964298521, 0.2652070889484111], [0.9689162870167073, 0.3300504752479043], [0.46192933390727664, 1.109258194490619], [0.1315354075493946, 1.16964919716344], [0.9448789424056298, 0.35397082542678476], [0.6936431590425328, 0.9700888335880273], [0.6333173628351452, 0.9730894349172488], [0.51400302649915, 1.012313290049173], [0.4710196083333125, 1.0856672713838436], [0.17572200697724177, 1.13344978379445], [0.9637108978822333, 0.33448950396568006], [0.48064568781066624, 1.0634919940338043], [0.5152642872122825, 0.9998417028691369], [0.7632439219832431, 0.9109498927886621], [0.7995560059969588, 0.7157683610882299], [0.7728814762818808, 0.8717063054809495], [0.05435113854311824, 1.2315806859531293], [1.0281297662568722, 0.26113488278607166], [0.07329966120516662, 1.2223227425224876], [0.093273464448302, 1.2066794045870664], [0.75977017545163, 0.9155347485806671], [0.6613635357796175, 0.9723375606520399], [0.16413288102634846, 1.1397248466314163], [0.7581703184311258, 0.9224566945778776], [0.4513151062785312, 1.122798445494906], [0.11007690077369392, 1.1841593992325758], [0.15779399386099416, 1.1423501125370756], [0.8789360590465137, 0.6748467610257489], [0.8705166543124283, 0.6785336459693418], [0.5006598781908969, 1.0304076101810855], [0.829960492913205, 0.6957817459110633], [0.8080495607011262, 0.7127783381010464], [0.09750458118246569, 1.1980544651206553], [0.5751737538119222, 0.9772213381959658], [0.9361493469231645, 0.3733062675208232], [0.5255464229720315, 0.9998071653077587], [0.5394093868765819, 0.9875791956489859], [0.11910085874428657, 1.1818647960987907], [0.7852356024720795, 0.7465281600546878], [0.991514545734147, 0.3029548506592709], [1.011831649945476, 0.28042995360829137], [0.12262299834942628, 1.1711651309249242], [0.9270948509607793, 0.6510232634905133], [0.5018281510641114, 1.0257904244276548], [0.20033874496030027, 1.1293825091937253], [0.9794845283900172, 0.31564337499288037], [1.040919373028736, 0.24543114123446547], [0.9076735396050014, 0.6631935052384025], [0.7507835870760983, 0.9366239149589268], [0.4854203046013853, 1.0541956060847892], [0.8531007221515584, 0.6846338362388655], [0.8892295124844105, 0.6683454782759275], [0.9308927099491935, 0.38824312432231833], [0.7180690839418957, 0.9602769104216333], [0.1032031084092985, 1.195464136811131], [0.050885083146984575, 1.2344126586509472], [0.7944483329482468, 0.7243846365500737], [0.5903140990651226, 0.9755728982892828]]",0.036973,14.82
DTNK3,MGPSO_feasarch_archsentry,10,100,0.005163,0.009456,0.913075,0.006213,0.783604,7.0000,100.0000,"[[0.5176158356851481, 1.0008679065306765], [0.9425684388644717, 0.36430094758864995], [0.5833055152771378, 0.97821321249444], [0.7716000617159979, 0.8826335271086692], [0.7612020905470674, 0.914419576805295], [0.647119449495353, 0.972729337403534], [0.9051371596177521, 0.6626657913165357], [0.1028316564395873, 1.190829989841348], [0.7868444176641718, 0.7312630746585533], [0.48967042017318074, 1.0478525674337422], [0.9321114993986066, 0.3814237062697649], [0.486426565850528, 1.0509376173060228], [0.8268084904283659, 0.6972441729727379], [0.8859765838315499, 0.6741928871079319], [0.056897401975519596, 1.234704004315872], [1.0440167103262712, 0.24959791779883223], [0.9631394753160983, 0.3313788303457349], [0.7773720925234351, 0.7561948531852227], [0.5988773567258071, 0.9757643421809188], [0.152666558761256, 1.1468978745440608], [0.776732122929157, 0.7773744535676421], [0.4681168031876289, 1.1048430470130344], [1.0047616572434817, 0.29005209024858697], [0.5467552236495824, 0.9834021562604118], [0.7394288746280712, 0.9468602234129466], [0.4814586849815554, 1.0776969757301669], [0.48316198176176467, 1.0696142883604092], [0.0598899401892719, 1.2277394027242232], [0.18112415868052492, 1.133367339077653], [0.8515766713128922, 0.6845930800794258], [0.4692542274376894, 1.0896287451728357], [0.7738499744186065, 0.8805824599596739], [0.4987279870597915, 1.022414562439701], [0.14079886095377844, 1.160642924210727], [0.7849266952600269, 0.7440332881495473], [0.4735099858240778, 1.0834497305496769], [0.11997019484751005, 1.173653527851232], [0.14571612793196267, 1.1532552544806849], [0.9522162037014149, 0.348626523169], [0.7600622075772301, 0.9155900038281561], [0.937070931961753, 0.37210778618249485], [0.07279446276668514, 1.2271216465413268], [0.5289494335702418, 0.9894150569114566], [0.16032927029284608, 1.1440432831222762], [0.7138223101235484, 0.9607478816741157], [0.4969302116269422, 1.0364675344872243], [0.4599916857074398, 1.1223976742091262], [0.899972716328808, 0.66333716453876], [0.7490223256078075, 0.9407964802009534], [0.9925167904309324, 0.3032383823663557], [0.945541044059464, 0.35614350660674354], [0.12849140633720005, 1.170072916490999], [0.8801342095639055, 0.6752523367167502], [0.9734069630184876, 0.32711063646726224], [0.8012923773844929, 0.7202766559070626], [0.9225113091176592, 0.6556132253186244], [0.13501497550295563, 1.1648674069837337], [0.16848281951790936, 1.1397265075618572], [0.7747588232463251, 0.8196662894993829], [0.5218087385714286, 0.9944458102413718], [0.9171948364248207, 0.6586306472504511], [0.04351946195550395, 1.2392732383727834], [0.8918355866136878, 0.6691330319304243], [1.0295573380631278, 0.260132438830423], [0.5360538433758424, 0.9863942640528549], [0.9894545973385316, 0.3075548638157108], [0.9830105809905604, 0.3126666339064362], [1.0090646737309892, 0.2891671571738902], [0.7372078345993105, 0.9481766197383614], [0.11047087117526508, 1.1834943173805137], [0.8098609557549701, 0.7066212114361532], [0.09821499502716033, 1.1970471337207251], [0.9594301496952017, 0.34090105166603935], [0.0889823755687221, 1.204712889283724], [1.0200614541415285, 0.274919267946603], [0.7926731933529714, 0.7303640954899748], [0.047973943112880196, 1.235550232879139], [0.8727157530982675, 0.6787977203268121], [0.09595252766321685, 1.2038431510364676], [1.0009117258777183, 0.29635783874355043], [0.930564998482153, 0.39292272849801546], [0.7831576998280705, 0.7443095549685212], [0.5579071656119091, 0.9800413274684499], [0.511219059741995, 1.015729701717908], [1.015545129414912, 0.28352092666388173], [0.45248487148752303, 1.1316137650590414], [0.1982599928216, 1.1332085929048583], [1.0282491514412415, 0.2705339504903634], [0.8229448394169397, 0.7034924404628202], [0.46695457339501145, 1.118750898292796], [0.5948776757667101, 0.9769273283904403], [0.07781720083533131, 1.2238826759841708], [0.48350798351791013, 1.0612765267382653], [0.9249656982017987, 0.6507015505570642], [0.11987057729497938, 1.181586527916451], [0.9778226777255796, 0.31904201230166407], [0.6521839047064305, 0.9725611987457141], [0.7534791528643784, 0.931022842795777], [0.08309187785530622, 1.2107630997356662], [0.7703414299501359, 0.8974433506682744]]",0.028620,13.84
DTNK3,MGPSO_feasarch_archsentry,11,100,0.004580,0.010141,1.012666,0.004796,0.791153,13.0000,100.0000,"[[0.7463109209831231, 0.9385715386549045], [0.8258263380241534, 0.7001811715212816], [0.6935847336497809, 0.968710339141927], [0.7261047663340677, 0.9617228647666798], [0.04323801472465347, 1.2381530768106528], [0.5760093359907683, 0.9742796129645279], [0.985556132410109, 0.3080754368271111], [0.49860449339892454, 1.0280413387084308], [0.7845871731754366, 0.7377463530523611], [0.7520550915498576, 0.9354705885044077], [0.7762826030030185, 0.8231736270637504], [0.7630992280288506, 0.9190402621839746], [0.7934287404653161, 0.7361609830782387], [0.7777187025146471, 0.7842673970489065], [0.18472428571861527, 1.1341759792870112], [0.5712025345080298, 0.9805871889813937], [0.4684796908346838, 1.0939801978416628], [0.06917191518185553, 1.2245410136056536], [1.004299513536669, 0.2890818615220133], [0.9743377103271346, 0.3217879769488502], [0.11656127613343611, 1.1784820265872973], [0.17248739654947512, 1.134595938746633], [0.07345719937594267, 1.2176389110298917], [0.16763072012745847, 1.1387990241683161], [0.4728299070361205, 1.0818768978770266], [0.9374231459379525, 0.3657757523211798], [0.5089841646852478, 1.017749454806215], [0.8781706552005115, 0.673948813593646], [0.11123683965770521, 1.1888150205981982], [0.8052414475442282, 0.7137533740308], [0.8908984203853156, 0.6678823169211793], [0.7636434150575854, 0.9073709431566401], [0.9548558424115895, 0.34577661385909536], [0.4820408681309769, 1.0635662542294673], [0.7109378641132501, 0.9623206014131398], [0.14147021912459762, 1.1537546070842093], [0.9707975918681293, 0.3285621341699749], [0.8284364803253489, 0.6957629841499766], [0.7053989164896345, 0.9669638028847785], [0.9059378317735381, 0.6617448733082146], [0.9522488105719017, 0.351002300858815], [0.0498013506855782, 1.23659182458814], [0.19833647575052624, 1.1317958251938594], [0.08916831562779046, 1.2079890869438323], [0.9996932872550651, 0.2978347162338484], [0.5383053117679173, 0.9829861663849915], [0.4901612694691166, 1.0442427250248956], [0.7806518306058837, 0.7473693744703478], [0.7738147630996931, 0.8730075167396041], [0.45396191458602586, 1.1247373349765677], [0.7290431588389712, 0.9602072626994103], [0.8375199716618118, 0.6907068479370968], [0.9285264104019271, 0.6554794672212017], [0.8498646385555844, 0.6850154397991104], [0.8017005349599196, 0.7248935695620371], [0.774997346489871, 0.8392439679275507], [0.12272031201022274, 1.172087455058943], [1.0256586647115367, 0.2641047647449628], [0.9439993372898524, 0.35509043950653824], [0.06455074393242541, 1.229705763960651], [0.9596866915579259, 0.34073890668752227], [1.0307473054415286, 0.2577762289003387], [0.5062725768060901, 1.0248575654059822], [0.08347427695552262, 1.2139313509564502], [0.8142581684414212, 0.7043689799857582], [0.05455507152138395, 1.2312474763554195], [0.9151287921886216, 0.6584637175968174], [1.0240843898843497, 0.27261019008423315], [1.0373379564240297, 0.24867622721843174], [0.7958594739664558, 0.7264552670590023], [1.0171529230580185, 0.27645919009697917], [0.10497769993951842, 1.1952635194088228], [0.7789172480633436, 0.7608978140763578], [0.7399780749237109, 0.9491249781175066], [0.9647976339737907, 0.33437128975386626], [0.7599380280328312, 0.9237317694517275], [0.9343691602730047, 0.3815932616177782], [0.8707368256042309, 0.6777891656518809], [0.7759459764370417, 0.827460927038451], [0.46485196993321076, 1.1047701924828157], [0.993238689266688, 0.3040273688209319], [0.943564117907799, 0.3634976499378717], [0.9294486601663232, 0.39259532705255507], [0.1577001357214953, 1.1423138448091625], [1.0104517525141534, 0.28515841656824414], [0.13210537440204997, 1.1696847877791974], [0.7413948217435676, 0.9432431966527561], [0.4868842323781095, 1.0504986982423772], [0.1574339077255668, 1.1522050906073364], [0.8475275574983088, 0.6887642461584531], [0.5106393260205058, 1.0059612516865524], [0.9357225897127307, 0.3777079459804571], [0.13698629521693284, 1.160503848653176], [0.5293979817582389, 0.99327672354137], [0.516742543238381, 0.999067197678057], [0.806798002365243, 0.7087121320367837], [0.9807726025813809, 0.3181992623360352], [0.6857981327144367, 0.9723350600798395], [0.09377871001472236, 1.2007893959829872], [0.5117042358903245, 1.0052258531192086]]",0.039348,15.01
DTNK3,MGPSO_feasarch_archsentry,12,100,0.006675,0.010538,0.841743,0.008608,0.801933,4.0000,100.0000,"[[0.5691746567715814, 0.975544784150409], [0.9549508853371111, 0.33993463743611496], [0.10759015514604528, 1.1892202565086196], [0.043471201459860116, 1.2398806737317216], [0.08660349059429617, 1.2084965144658995], [0.9093054393222544, 0.6656524080371768], [0.7387576341435623, 0.9580572226623041], [0.766520217180754, 0.8978321175337405], [0.5367441824055795, 0.9851574722642333], [0.16007252846898326, 1.1404810736741726], [0.989436901891947, 0.30661832238908576], [0.8894576264479803, 0.6747787413157633], [0.1015094466047694, 1.196181049531632], [0.772857763585862, 0.8698898681175249], [0.47495567231932195, 1.0742551190933207], [0.0514825033688206, 1.2349948050940007], [0.46647898123672504, 1.1003241694174677], [1.0360743817384328, 0.2501271051382438], [0.9374852058428944, 0.37106700457409636], [0.15687891349715424, 1.145478226163467], [0.04372378283394143, 1.2391540321013], [0.08849213272137743, 1.204275735512575], [0.48966410990380477, 1.0487405161851724], [0.1584415825186739, 1.1414945373277754], [0.7437480668122275, 0.9542824814654829], [0.8951020553184301, 0.6700863181652441], [0.7192933680132653, 0.9582737796425078], [0.657182651293646, 0.972966606397508], [0.1329471295021855, 1.1640301456981244], [0.4774219423066305, 1.068698062849425], [0.5291364544319694, 0.9971184934461055], [0.04946069976911968, 1.2375464645040868], [0.1992468483501771, 1.1290845118844253], [0.970995053113154, 0.3264690938426749], [0.7132769611710232, 0.9687335933872465], [0.9541985198837769, 0.3430270170116082], [0.5311262647335315, 0.9945690644793257], [0.7530833673575659, 0.9386142107804214], [1.013659324691168, 0.2838444113414635], [0.9979044352828383, 0.3005598705337947], [0.06836686421654209, 1.2261989890372207], [0.15499246617995324, 1.1463592091839583], [0.07586708973622668, 1.2155059371028412], [1.0274051745669535, 0.26552697925252267], [0.8436532814076807, 0.6876458611774718], [0.4795446714086802, 1.0629897886217572], [0.823601900680618, 0.7072791843337953], [0.1448601933294966, 1.1566217072110505], [0.5520477895144311, 0.9799003542884057], [0.08201437434598242, 1.214974029498058], [0.8436099730798582, 0.6948405037865137], [0.8003364616173534, 0.7217580036423403], [0.13067938826243172, 1.1681599660496704], [0.8381589567116619, 0.7019646045177801], [0.19622814118500462, 1.1300618059419207], [0.17286227872971616, 1.1361492076223534], [0.7571384815650564, 0.9228255764054429], [0.7728889813691471, 0.852813225755823], [0.1802781132999345, 1.1340258491229476], [0.7524215897699554, 0.9454016082930115], [0.7890224556511426, 0.7481327537352376], [0.13700305760743944, 1.1617820910845869], [0.8574587245116283, 0.6848225392045464], [0.7742696600411817, 0.7816495116929778], [0.8208980907167307, 0.7159905805554407], [0.8698805654060757, 0.6769940884701702], [1.0246816770609488, 0.2819284269507836], [0.7977333766410787, 0.7309503797362948], [0.985412558115916, 0.3115905232637142], [0.1188243836615362, 1.1816417365084577], [0.4973374487402417, 1.0255882474186326], [0.47703976494913075, 1.0713687833396361], [0.9310766917815658, 0.3882755136993714], [1.011051186605279, 0.28978466765069444], [0.06924366768840948, 1.2227602649848528], [0.8173665162898145, 0.7190144255137256], [0.7741715056487195, 0.8366506513036909], [0.1528236911101728, 1.155468042064595], [0.9853896417811552, 0.32591997476250906], [0.7910805183754399, 0.7422060182407533], [0.7767515397546704, 0.7700556273868788], [0.10980159160506443, 1.1861574780857345], [0.5175524257877943, 1.0038744488913547], [0.12365433967656239, 1.1716987920017974], [0.9579869121514737, 0.33900236962233554], [0.0629390905523095, 1.2275522691107073], [0.9498997898731757, 0.3476638830983358], [0.057530447711750476, 1.2318952610255431], [0.9292974354457448, 0.4051248705422159], [0.8336488614349558, 0.7068086126669018], [0.059521488213138046, 1.229398421201701], [0.4517458016760484, 1.1230426445755437], [0.08605483195912228, 1.2136862095874972], [0.1737219888778815, 1.134782880637747], [0.5847918280083216, 0.9740616255909931], [0.7872759881422879, 0.7678341448271953], [0.4709566006442789, 1.0943458990320682], [0.19335273504138148, 1.1330465558608562], [0.509554016095795, 1.00587431939454], [0.0970240882091166, 1.200662976908134]]",0.045048,13.16
DTNK3,MGPSO_feasarch_archsentry,13,100,0.005565,0.007881,0.871163,0.003451,0.815449,11.0000,100.0000,"[[0.17773747213047975, 1.1352559881883948], [0.06845012796970437, 1.2230841981081537], [0.7290138250909266, 0.9558041728073754], [0.11018843934687103, 1.1833264725233137], [0.0790620752043677, 1.214330481996786], [0.07451334471992517, 1.219042175883059], [0.925216644473714, 0.6525091969742782], [0.8764184139942015, 0.681586246687786], [0.5222220455621399, 0.994248695551897], [0.7719250771313911, 0.8800473016338664], [0.9836129622163577, 0.3170163645247963], [0.935808573080324, 0.37346020364393395], [0.8098713647863354, 0.7074966789966852], [0.8185149973557423, 0.701816376946446], [1.0380037126300579, 0.24645016676743292], [0.8897694504746195, 0.6701254306958924], [0.955905486346362, 0.3400053214482472], [0.7543986161879972, 0.926808048495303], [0.9674361622608054, 0.3299800172436847], [0.7466073639682651, 0.9421539459417341], [0.5520093442807329, 0.9828782647705692], [0.13210844160875648, 1.1623290816293277], [0.8466399591792185, 0.6887683996454748], [0.5617273483315237, 0.9782257563207466], [0.10432546815922332, 1.1907787120388629], [0.14860539723311997, 1.149818364279184], [0.7707792692204555, 0.8803397898034349], [0.8016534671885941, 0.7167378968916793], [0.7690583288160016, 0.9168940674579653], [0.7763656632549443, 0.8662042840966329], [0.0861315249719792, 1.2101279321406093], [0.5180873137117257, 1.0074968061017509], [0.7432527358969373, 0.9443870680317574], [0.4876043844223201, 1.0512614662347628], [0.736703145579803, 0.950236985016333], [0.45895984764339715, 1.1134671455980918], [1.0101512926417107, 0.28257978199462436], [0.47723348360583007, 1.0721878010948758], [0.20068077994621225, 1.1310839072501113], [0.6960445545696063, 0.9699391795542796], [0.6073664664505563, 0.9736144492328489], [0.7585986656832536, 0.9244206146605762], [0.8336428803703715, 0.6935380279495531], [0.9331937299738262, 0.39706656953509367], [0.09074739850677488, 1.206402778501486], [0.1397781891795569, 1.1563977482047336], [0.8409372176069256, 0.6901735533350473], [0.9500586312756749, 0.35895735826508146], [0.45452888356686105, 1.11765605032704], [0.8978563440634232, 0.6660346692103145], [0.48340695077803864, 1.0606136035272102], [0.9969977499485629, 0.2987373931087163], [0.051019201749848635, 1.2343464518769658], [0.7167369570915509, 0.961284345834386], [0.5140779915619664, 1.011814082270377], [0.5449457306932182, 0.9884226116578287], [0.9915775101770259, 0.30266987514851673], [0.12591778748185523, 1.1794493192901039], [0.8292173170160482, 0.7001404782828049], [0.9729904987110815, 0.32072173409687943], [0.7847013812758048, 0.7471072094133986], [0.5756010709555177, 0.9758530290797787], [0.8767520304308917, 0.6748993681698813], [0.12859725684879678, 1.1678189299244872], [0.5083276759952315, 1.013042435517346], [0.7791394888614689, 0.7520552931532507], [1.023339156349902, 0.2707109120542458], [0.9511855045383248, 0.3473116685274709], [0.7059457153827201, 0.9679588401667567], [0.9298457183614292, 0.4039207474844816], [0.5404110536634142, 0.9932178682653381], [0.9639809845764666, 0.33873827970865955], [0.4949734501137927, 1.0419761438171364], [0.18631994433177387, 1.1337129621014312], [1.027303133748174, 0.26155093750639996], [0.8693453591623606, 0.6830435656648264], [0.15709733732938833, 1.1462207934147888], [0.7893166189411098, 0.7299641600754985], [0.85332122911402, 0.6856493158830599], [0.45220701920202855, 1.1307389764091862], [0.06157190953540333, 1.231306129751709], [0.986494311937785, 0.3088416010926404], [0.46497408935958245, 1.1066261886352744], [0.5000966725865259, 1.0278796002577162], [0.1659796262440049, 1.1403488569113605], [1.0317296779185392, 0.25495315576340416], [0.9335595336489495, 0.3837792451703715], [0.7952871838121406, 0.7247964287913262], [0.7864428029517807, 0.735013333786124], [1.0195399061394121, 0.28193471353106947], [0.47293209978269257, 1.1049196902673888], [0.18942463057273423, 1.1311848264465911], [0.6073755200937849, 0.9731711381277799], [0.940524898913476, 0.36100164866655693], [0.9168424459428042, 0.6554304568398049], [0.4748240489281758, 1.0750174813106996], [1.0034444942219225, 0.2901435154598126], [0.06529023327974695, 1.2287031538310482], [0.49879656561257796, 1.0377764667700085], [0.7613124500984486, 0.9174700214455278]]",0.027436,14.79
DTNK3,MGPSO_feasarch_archsentry,14,100,0.004669,0.007731,0.943054,0.004499,0.825935,11.0000,100.0000,"[[1.0364807718130238, 0.24632439355509134], [1.0340834625048885, 0.2560134374006465], [0.1084540401529697, 1.1854301698291307], [0.9103766818479074, 0.6617964087218577], [0.13137419154789456, 1.1667187233627825], [0.7996632090073874, 0.7155237901173106], [0.5862770492035145, 0.9744444498260036], [0.7892514136351636, 0.7317501726752711], [0.8102942472556824, 0.7079495887287868], [0.1458720559076859, 1.1503926868199532], [0.09613047861285287, 1.1981608831604207], [0.7318204133844773, 0.9568476438680473], [0.5793440223095322, 0.9754820644303746], [1.0124648936794467, 0.2795690286161059], [0.9350026951503596, 0.3761856088994378], [0.04375731738035496, 1.2378427690018043], [0.9248864757729067, 0.6527809482515134], [0.14104968613374727, 1.1645496207858301], [0.17504049072974007, 1.1350047301243913], [0.48632181333148217, 1.0539058570043487], [0.49641972374897, 1.0336201402348044], [0.834268985703853, 0.699547083045384], [0.8807276258726727, 0.6736853626175024], [0.8999128561338037, 0.6644002405147424], [0.8071856079091392, 0.7103842584133906], [0.08520947257630936, 1.2076126145204356], [1.0065719190372935, 0.2875063986919569], [0.10343111726324822, 1.1956880308337994], [0.4782463612655309, 1.0682862134524795], [1.0200366219796666, 0.2716583975560614], [0.764383312331834, 0.922455083251974], [0.5401323589676396, 0.982251509425337], [1.000152982740567, 0.2934614507861481], [0.7742624911261538, 0.7759898702424737], [0.11954281871076913, 1.1760371780520358], [0.11332327694997249, 1.1808804273067461], [0.46741182183385516, 1.106784172118076], [0.9311254044129391, 0.3829890209699664], [0.7157216922392156, 0.9641413608490741], [0.08920526662938086, 1.2037209159055726], [0.8399120113000623, 0.6926993005161122], [0.5038483180347355, 1.0129133588237171], [0.5233507311942271, 1.0014294807507123], [0.94199137942399, 0.3632215504336423], [0.4618227136797166, 1.1113859569844737], [0.5139224598312431, 1.0071317484874593], [0.5932931213849475, 0.9732826253897848], [1.0284722174709935, 0.25956414432738584], [0.9536538272944831, 0.3467949788615996], [0.9899970045503603, 0.30649727635068963], [0.9764968331286143, 0.3168314646264779], [1.023905525659049, 0.26648249055870626], [0.5377648817790796, 0.9932011222792274], [0.20302434280195666, 1.130322126793415], [0.7682994177831575, 0.8987771694317146], [0.7332480838574871, 0.9556369481359872], [0.48044842610790095, 1.0640808093233405], [0.7215766972335218, 0.9602859055111128], [0.98312783393126, 0.31214136961919065], [0.8466720175361071, 0.6886622145633194], [0.7727492033428455, 0.8545980450023554], [0.49581476829757243, 1.045170724413625], [0.12522046129437484, 1.171571847067677], [0.9670737840615209, 0.33640354104110437], [0.7733478905071873, 0.8541027037809286], [0.8561203437631419, 0.68306686164716], [0.47550026776655113, 1.0786488284070426], [0.6921294210958892, 0.9675292134240829], [0.14396396510659235, 1.1603491444263538], [0.07104675948868971, 1.2236984168111291], [0.16977351533299598, 1.142940851082888], [0.7416797994411386, 0.9437777273669139], [0.07882429919742709, 1.2203909939596225], [0.870165854997727, 0.6766835914502831], [0.47094623917386397, 1.0894826092608891], [0.9367712597731909, 0.36940906809564983], [0.9516728956232665, 0.3586693965367725], [0.7837796832735284, 0.7383139542880215], [0.7975590502963023, 0.7181709942995316], [0.9707811011022094, 0.32795045407698215], [0.9175286514476757, 0.6607085474632122], [0.4677487279986583, 1.0958970221610764], [0.7735815867124584, 0.7851514182089865], [0.7824763080530228, 0.7715860341657328], [1.0166795318424615, 0.2759014570423463], [0.06410974161146792, 1.2249272394600588], [0.782681368658726, 0.7564752938141401], [0.15291335646605395, 1.1456708379992482], [0.525798134400145, 0.9964040652489707], [0.7957108850109029, 0.7275147573360714], [0.0540900364932905, 1.235028192875952], [0.8184262581665407, 0.7034525932920332], [0.17894034004379736, 1.132343860772787], [0.9574334518178922, 0.33787022620973506], [0.7727385334035958, 0.8805936554348797], [0.9944946011709723, 0.30091491888673777], [0.7545352349126133, 0.9298285717718695], [0.8588559553490631, 0.6829335324249883], [0.058036790799240665, 1.2308453002980875], [0.9756528786680452, 0.3235010573797143]]",0.038023,14.78
DTNK3,MGPSO_feasarch_archsentry,15,100,0.005186,0.010346,0.813659,0.006218,0.754288,10.0000,100.0000,"[[1.024929157614003, 0.2657776639775685], [0.5378805623606273, 0.9885412254653487], [0.9626479759539472, 0.3332450133474588], [0.7820828885091746, 0.7426910695101256], [0.10914619849187479, 1.1891055440463802], [0.8368376491559444, 0.6939490848509462], [0.9332817825946066, 0.3761892087137766], [0.05401360218697514, 1.2350637695477757], [0.5117044106395973, 1.0079392692521025], [0.5678521033217734, 0.9750340715499581], [0.7363489109203878, 0.9470477224644243], [0.7722572813657853, 0.87474488062783], [0.9004119575312717, 0.6712129536170583], [0.09619859624305688, 1.2043506958849042], [1.0173800485570927, 0.278792642094311], [0.12356263700389897, 1.1724541752762514], [0.11415732026043748, 1.1818986014582042], [0.07119208736738097, 1.2230399178271578], [0.9026910116672962, 0.6652934389381764], [0.06865148638276293, 1.2287497020576135], [0.49091199071783165, 1.0523349353818998], [0.45071442277146756, 1.1262456366729414], [0.13694501796471628, 1.157542674314786], [0.9313660641623063, 0.3862514715204074], [0.7807100134962903, 0.7701172716672715], [0.9923837393666424, 0.3048831312527871], [0.8592102209532988, 0.6816878756452134], [0.14525697059904338, 1.1520094025901557], [0.7971869240594049, 0.7248751826980726], [0.6742750388829561, 0.9716101893278097], [0.9540700691559568, 0.34205821677154774], [1.0413058191494216, 0.24603321163447664], [0.0455552382134974, 1.2401767768475618], [0.7930177958533322, 0.7281783539736275], [0.47542646559244106, 1.0837968824666155], [1.0108354139727276, 0.28242072049113975], [0.5348480230329522, 0.9906150497771269], [0.9823249982842397, 0.3184179863667698], [0.9586722295785706, 0.33951426227994735], [0.9688990270426167, 0.32623955465672677], [1.0327119495676933, 0.259081570839953], [0.9447200291283171, 0.3667189069376966], [0.9142574729266125, 0.664263433303943], [0.5240779313251303, 0.9925571815136156], [0.755035106326786, 0.9257753224178058], [0.7494410956428567, 0.9386644107143669], [0.9985913548994447, 0.2970373428573382], [0.8821907827272901, 0.6762303640814926], [0.15702883986142327, 1.1427539326666454], [0.9226718485133434, 0.6560319638064245], [0.7722720912822604, 0.8593111064774193], [0.15525297310678662, 1.1447177400693116], [0.7257248083043137, 0.9655921857725405], [0.4552262841915319, 1.1218611109022985], [0.47799120097755154, 1.082595769882906], [0.845848978562358, 0.6933919648883473], [1.034911596543243, 0.24944566576947347], [0.8673336128393184, 0.680433180251812], [0.6320036228206132, 0.9738014427973132], [0.4713800161113042, 1.09400742678896], [0.832278297545079, 0.6975905458607699], [0.4805578979870741, 1.0715404749618496], [0.4612492873128079, 1.1070603756482644], [0.7733455541480564, 0.8389197214293447], [0.49767912216658994, 1.026679584872913], [0.05827650441192157, 1.2310749887713166], [0.10333381699617551, 1.1972515122261953], [0.12229789990520837, 1.1780318672167758], [0.7735049458283545, 0.7875720582700647], [0.8031737893659961, 0.7173441564464103], [0.7295412019470291, 0.9598835712217997], [0.9461008455022226, 0.3512271773401215], [0.7642855683721337, 0.9172251760875634], [0.9279098051022111, 0.6504593869332134], [1.0059208103319652, 0.29502235748397176], [0.9388959420808457, 0.37138921665903923], [0.7697780601467614, 0.9076780718998803], [0.07795557358363639, 1.2164799106572393], [0.19822501954137975, 1.1299792852325303], [0.8113106563747291, 0.7156242595905202], [0.8113516610452614, 0.7053557652183478], [1.0061888392853506, 0.28740226594303503], [0.7875055922374434, 0.7329626102191567], [0.6974149515056179, 0.9662710287168021], [0.13418944700115112, 1.170167596648242], [0.9894681685223556, 0.31185317588972183], [0.8251332954284328, 0.6991066348954775], [0.4823095701030874, 1.0606763301948543], [0.17146891829577887, 1.1386992664711928], [0.0854618911591962, 1.2084451366887417], [0.7532750029328505, 0.931602710297543], [0.5438001346248292, 0.9811447687878336], [0.1786471788879084, 1.1350653603629992], [0.4982966813820027, 1.0254038374190813], [0.9301933841294152, 0.4023322227535996], [0.19781054928150715, 1.1345180642786183], [0.5083799639077176, 1.0150836696876386], [0.5140388054669485, 1.0000265464362579], [1.0209087202938116, 0.27622806639644065], [0.4576660862975397, 1.1163210264309522]]",0.034758,14.57
DTNK3,MGPSO_feasarch_archsentry,16,100,0.004657,0.008807,0.813821,0.006553,0.773055,4.0000,100.0000,"[[0.9900693995016154, 0.30755146315482523], [0.4982209348416875, 1.0256426532097487], [1.0421882348391485, 0.2462024357880458], [0.6226048226829287, 0.973519192127773], [0.5196375076661369, 0.9967261743438043], [0.9256637987611193, 0.6533439268400258], [0.10822451211935592, 1.1852530899569862], [0.8187067956998068, 0.7011245298585878], [0.1544440832096822, 1.1514467605134366], [0.05545027543561022, 1.23112038763306], [0.09652221864633696, 1.1999342625526555], [0.7263575585593136, 0.9634816374420754], [0.9433607429332226, 0.3555522854368768], [0.16080519088835912, 1.146395045183919], [0.7542810397253318, 0.9334456806601046], [0.5408678036419344, 0.9943146055943712], [0.9937735320166946, 0.3002337358163608], [0.8968814450372727, 0.6673046668786402], [0.5482394463736318, 0.9801902501516995], [1.0088972264561578, 0.2947253767197273], [0.062153012869096996, 1.2278563233163842], [0.9328232509768418, 0.39286411455668724], [0.4526699394770919, 1.123470149297728], [0.9137631642965308, 0.6598989023074306], [0.8030778069514445, 0.7207805859944794], [0.8796649582891349, 0.6775680067705678], [0.4961988300201113, 1.0356270122928302], [0.14952255505375225, 1.1517000365730126], [1.0219564155215424, 0.2692651664947045], [0.13962460266546503, 1.1591870877553787], [0.8590295566564983, 0.6907536716880893], [0.4813160059014864, 1.0599160322311232], [1.0280265565453215, 0.26177681429574134], [0.9414354444695547, 0.36385238353254484], [0.8472034344796094, 0.6912579157699827], [0.16143761577842305, 1.1433229689335747], [0.4665049813884638, 1.10228614911746], [0.1266212158385189, 1.1669153196082205], [0.7452473662549459, 0.9398375066195039], [1.000507509801563, 0.29529764311134565], [0.7078143258805046, 0.9637364871544862], [0.4771646278897572, 1.0746090295383453], [0.08331192742684776, 1.2091035150207223], [0.5128817615696051, 1.0103965269769226], [0.7772290148445622, 0.7551007318008216], [0.7754390965096276, 0.7683391823705996], [0.11252790036560026, 1.1838866587734382], [0.7737377376096847, 0.8252769193524951], [0.14375677010417323, 1.156056522705165], [0.5860228432584171, 0.9770502541923407], [0.5874532941673848, 0.9755870902683528], [1.037956118400884, 0.24690047642879648], [0.6676964027107464, 0.9719900852020376], [0.049085276380762544, 1.2378504109906794], [0.1326334851730675, 1.1629410376242104], [0.07823365796523957, 1.2163208504046559], [0.7723612957960229, 0.8818678550753456], [0.10244682548993214, 1.1919457222132004], [1.0173998091310632, 0.27505247640145764], [0.8914319603534115, 0.6694878869579872], [0.507674652281436, 1.0226579786560173], [0.06964219893092613, 1.2217461648766657], [0.8094833092702021, 0.7065441756693223], [0.6901520542334697, 0.9692218263686547], [0.825495990727613, 0.6967752228359129], [0.9298899471486259, 0.40212908897619715], [0.49279678930242854, 1.0377052390013008], [0.9337446956349195, 0.37747186582223713], [0.9825481762427252, 0.3110956969395625], [0.7753380386960986, 0.788867108607068], [0.9620969069065479, 0.33244562859377025], [0.1725110015420299, 1.1410110602377832], [0.1183920125305899, 1.1756726748279949], [0.8625910832366896, 0.6798625676000354], [1.0095023611743688, 0.28500268096604947], [0.5091782116153643, 1.0167426919662175], [0.7568671858675027, 0.930987038956385], [1.0110654643330457, 0.2818290585258585], [0.7913184661383725, 0.7336846842735301], [0.1734925195413591, 1.1347784895759907], [0.8387104377326677, 0.6953918782161574], [0.9665017082099286, 0.3296558456256225], [0.5428532341762977, 0.9829149958329919], [0.9364555445932349, 0.37035945518307384], [0.727140312594039, 0.955554744127965], [0.48524091187330226, 1.0547077236907074], [0.9769107343991424, 0.3175115815077699], [0.7605254015379329, 0.9159138585472171], [0.8062513529578994, 0.7116853707343462], [0.4589653816925194, 1.1092119271751328], [0.9731439305944143, 0.32263541586660754], [0.9572633720161451, 0.3420064922561078], [0.8756768111463353, 0.6795094929857637], [0.1816565387076224, 1.1312855570798062], [0.9495790771607108, 0.34701554836187765], [0.4718759915417302, 1.0885988498134345], [0.5257864778713033, 0.9961287876257445], [1.0342660697634414, 0.2517187633373617], [0.7750223893967756, 0.7962329270020223], [0.7863061149902713, 0.7343988819097342]]",0.031800,14.89
DTNK3,MGPSO_feasarch_archsentry,17,100,0.005720,0.007312,0.804973,0.005768,0.814151,8.0000,100.0000,"[[0.48860854609788923, 1.0448374456661225], [0.145715324840866, 1.1590009408889212], [0.1661001406304182, 1.1399481709320929], [1.0143245076452816, 0.2822322731710352], [0.7900327083716183, 0.7356322033939597], [0.08273683421256518, 1.213832596630795], [0.9575290871205892, 0.3371098479262953], [0.7695658759173937, 0.8812901077406656], [0.11040943682598613, 1.1948253371981108], [0.12102173927815077, 1.1790670839624833], [0.9808127964745286, 0.3141985411735747], [0.9765994221034031, 0.3169311983776253], [0.9620637538617479, 0.33300152704540853], [0.048831891582133496, 1.2400336533661482], [1.0096244760790751, 0.28744580294781596], [0.8371535789775653, 0.6949995575596378], [0.5194132785942511, 0.9964108740218631], [0.9332520058461868, 0.37689099891846056], [0.45706744493726126, 1.1305349993467761], [0.9910270451464734, 0.3064293158578187], [0.7241733782916313, 0.9562069179784243], [0.9297027699445334, 0.654211625710065], [0.7592602353811528, 0.9277476184431843], [0.7109190167105626, 0.9702295929750371], [0.7822995789685979, 0.7401048386658196], [0.5906172535053051, 0.9753783525053439], [0.8992204674400559, 0.6640229996336605], [0.5371765747341607, 0.9832025856803521], [0.4915819868929898, 1.0351549499727495], [0.9701029463930371, 0.3275415989631755], [0.8792906739730535, 0.6750453438328918], [0.1297808187375043, 1.1716187941134828], [0.07606838438899169, 1.2195101667430488], [0.7736074654756229, 0.8028817587479908], [1.0226660064554487, 0.2695207909384605], [0.9522834987781627, 0.34657698925702873], [0.7800056917463455, 0.7826091807017372], [0.9455332870777682, 0.3521421238664757], [0.8733450929789957, 0.6788477818071048], [0.5316398544258877, 0.986204423752205], [0.8151288758592388, 0.7051752875654784], [0.07370630988857577, 1.2226363491315595], [0.9361965450864206, 0.3728302387212199], [0.9986797531209208, 0.2977889883617115], [0.46816171491684, 1.111192131269206], [1.0038539738651615, 0.2900003027292568], [0.9224582102435561, 0.6576313254101933], [0.48203918789512246, 1.0635015327693282], [0.7801811209266958, 0.7655578715815776], [0.46241363070526154, 1.1165171178225177], [0.15757336047692141, 1.142540737036202], [0.09392990716624143, 1.208282201321166], [0.9117394470032814, 0.6580993361298246], [0.7508434645089445, 0.9512376268375988], [0.8059381567628489, 0.7118967304399311], [1.0205248651346015, 0.2755839404020262], [0.5610695068798404, 0.9789133651914312], [0.1058356694520157, 1.2076852684978], [0.4788714210913469, 1.0933855752169328], [0.11707778606030518, 1.189108517344108], [0.18393550668297523, 1.132583257367972], [1.0273545449750452, 0.2621150830176245], [0.7682376193293908, 0.9056010942000996], [1.0384047610400522, 0.24252765472374888], [0.7541512864927465, 0.9371231767747432], [0.14355146120960238, 1.1595361031950904], [0.6834076866365761, 0.9720434678358079], [0.7399695158713158, 0.9516820088801874], [0.7805675191771194, 0.7506689658637911], [0.1554765704937234, 1.145508712979288], [0.9738175721003735, 0.3223151586913367], [0.13119541599561066, 1.1697068566507498], [0.9315408656518007, 0.3912421190749461], [0.719333498555639, 0.962790436837937], [0.6630754907887112, 0.9724429787667652], [0.5096558623555149, 1.0072554053686196], [0.1187764200224373, 1.1820543722473549], [0.05821167850525112, 1.2318920277420078], [0.832317166059484, 0.7048585355595722], [0.18085611426918874, 1.1365214199722946], [0.8540313034689515, 0.6883069631881669], [0.7512558067070871, 0.9449135408229874], [0.7985025972425305, 0.7206677280459528], [0.9379566406055913, 0.3679414579365029], [0.7637864807027763, 0.9091095678106202], [0.9845987474297622, 0.3105098675669296], [1.02976345986013, 0.2568541668247508], [0.9298139031128484, 0.397933474679977], [0.7924764156755223, 0.7243008791272634], [0.46088095012085817, 1.1265305138734603], [0.13434706714304614, 1.1625387776043392], [0.9430685562186516, 0.3621925515640575], [0.056595464347921356, 1.236386216653144], [0.8821078207809165, 0.671848213348657], [0.9952473358769167, 0.3017366518565209], [0.9657920241500612, 0.32949884849306443], [0.7552007518480255, 0.9300359402712441], [0.554742469214027, 0.9802304329840406], [0.10780502414256773, 1.2039670749064544], [1.0362822223856845, 0.24839640986605147]]",0.034076,14.19
DTNK3,MGPSO_feasarch_archsentry,18,100,0.005709,0.010345,0.669589,0.005534,0.797621,2.0000,100.0000,"[[0.07143379783114408, 1.2228121836311798], [0.45929910239190463, 1.1172042681341325], [0.93038936068053, 0.39233671946049825], [0.919201273423011, 0.6619523292154788], [0.7002480875455865, 0.9673576649563203], [0.800166740132336, 0.7309011401658014], [0.963257710780017, 0.335477379549969], [0.8363778109195756, 0.6946128904935812], [0.9872711233363236, 0.30788347229925334], [1.0304673604457601, 0.2636196676850368], [0.0818033334611587, 1.2146539794847169], [0.09924702942538624, 1.1964700845063192], [0.1292898014693203, 1.169459614105647], [0.9381030230987709, 0.3656500589428342], [0.5161793187374477, 1.0006739904637862], [0.6834470272993376, 0.9699648181292833], [0.7808319622444735, 0.748437549293435], [0.5068319251941996, 1.0130376484826598], [0.11054472748650829, 1.1832609965529326], [0.9611899115270408, 0.3376182556426499], [0.5561200746440249, 0.9854892104252306], [0.14042202287178537, 1.1575263355466834], [1.0364815021364755, 0.24812035546991343], [0.4707306501852963, 1.0956194528163354], [0.1622620032407395, 1.1411374361696236], [0.9795984138010315, 0.3153340089625914], [0.557771846002119, 0.9776599508098474], [0.15550833247655774, 1.1478693690325608], [0.9427354103621777, 0.36495868644137053], [0.0914026754314268, 1.2019315766565666], [0.8899697389174089, 0.6702917901787568], [1.0011514653700522, 0.29427360438165445], [0.07746247653775054, 1.2195394158985373], [0.0676089898791053, 1.2273144541602825], [1.01286129848422, 0.2834136194677053], [0.8576073928823793, 0.6869214693018142], [0.13558873732105511, 1.1651750972781885], [0.9513433089441143, 0.3469681711035685], [0.18910664599730434, 1.1313038067085512], [0.507485702148474, 1.008482484599346], [0.17487076187436898, 1.1406934614700777], [1.0203156377848293, 0.2743422763531704], [0.5027909520107747, 1.0310527414893158], [0.9971769548924789, 0.29912229572344873], [0.7508212762272161, 0.9371997478024647], [0.10620554280646945, 1.191184727344586], [0.48370299332168953, 1.0554245598406193], [0.4943465786058273, 1.0312507859314994], [0.7174359128072713, 0.9664288509958929], [0.7752750838204364, 0.7781296142500602], [0.11378697613511615, 1.180179689815635], [0.5445426877864186, 0.9878432571685287], [1.0050296878205076, 0.28798739568808984], [1.0266555799937622, 0.2672224874174984], [0.8645001321931169, 0.6831183498160762], [0.8020985035953434, 0.7223591262298854], [0.910516554002527, 0.6654028345221215], [0.7684361791625594, 0.8903931182701916], [0.4910982778350924, 1.0507455784784019], [0.9486759935471607, 0.351057725734444], [0.7366788555531094, 0.9619303536715778], [0.4644013606233919, 1.1018350910020451], [0.8419066417367939, 0.6911565854995196], [1.0137937414257079, 0.2781503637203989], [0.771691836663403, 0.877937721304201], [0.8797780009936097, 0.676712328750485], [0.5255345068140476, 0.9919276062360014], [0.9359243305078377, 0.3737111540826735], [0.04467242625964901, 1.237620723491309], [0.1499683407242289, 1.154519543006723], [0.7859503593013217, 0.7398840601251937], [0.18014486523975884, 1.1358373691901342], [0.7267523922122102, 0.964189652175262], [0.5437704843197301, 0.9911866153019293], [0.7725288017627053, 0.8547796423622323], [0.6350963480373742, 0.9766489140571952], [0.7453903976173359, 0.9613682813834505], [0.9302582196123586, 0.40498119357368784], [0.8266391695452868, 0.6983844777560997], [0.9674386379915805, 0.32764386096154624], [0.6663827190354562, 0.9759419591439966], [0.8670889317952368, 0.6822961429692772], [1.0317922122436325, 0.2548256271110146], [0.06103785898936377, 1.2291414452006706], [0.47804857841932724, 1.0810600414394993], [0.05275886724893523, 1.233536936603697], [0.8176586343602554, 0.7014424930912624], [0.5292734226949449, 0.9913434001091059], [0.0859846104883139, 1.208901670111837], [0.12176159616777706, 1.1792721888290145], [0.9872384953972062, 0.3131642425575504], [0.7739481711344202, 0.851476572888072], [0.8046604487047293, 0.7135084750380947], [0.76650216960311, 0.9205508910421574], [0.9938322503888437, 0.3056082329014761], [0.7501882921428069, 0.9448896037426007], [0.9586823546515911, 0.34659931233215197], [0.9320383043603994, 0.3815463363507812], [0.9038798608508327, 0.6689586607867559], [0.5115067019232352, 1.0044850583727338]]",0.027941,14.71
DTNK3,MGPSO_feasarch_archsentry,19,100,0.006090,0.008422,0.728697,0.007028,0.792079,10.0000,100.0000,"[[0.7748923238567355, 0.7748597021867611], [0.5616342253207212, 0.979186438515915], [0.7919056707255325, 0.7269086748663844], [0.7886203086888297, 0.7287675267902405], [0.7794555995484278, 0.7586479938268387], [0.5976099780846238, 0.9771340079255582], [0.9669863437221571, 0.331512300766401], [0.968492908775598, 0.32556545904876333], [0.8354179572492061, 0.6937504970584565], [0.10480234018228707, 1.192052144278719], [0.08954568402910332, 1.204982829829137], [0.0673881666767334, 1.2247903821514077], [1.005019142679079, 0.29057409926300604], [0.1456955205359821, 1.1513010354887412], [0.13907394792625388, 1.1639928891121578], [0.999440759307701, 0.29496805643487245], [0.4611417272967666, 1.1211910569667893], [0.9292532780748546, 0.39715278529589315], [0.7723362457549454, 0.9055102409225428], [0.8673090854998594, 0.6797705666251252], [0.9259344757870485, 0.6496538597279982], [0.14156375058224555, 1.1549462829796258], [1.0370410990702665, 0.24982904286879343], [0.774879190008188, 0.7761202371844336], [0.12341450095394771, 1.1831079163124554], [0.5421733713476548, 0.9823671569182459], [0.9466074132167897, 0.353939645118506], [0.46266100371110447, 1.1019823015782182], [0.7084505436602155, 0.9708321851474486], [0.07359408950749195, 1.2181063040442446], [0.7431189351215175, 0.9436178266065076], [0.04641247454645994, 1.242189382082187], [0.713779424809541, 0.9671523896153351], [0.9890077133813497, 0.3079783904523841], [0.5437575725237973, 0.9807349201483386], [0.11002229726105006, 1.1835973670708473], [0.8851561401206127, 0.6783235616637975], [0.7639876989238983, 0.9267288918923282], [0.4971789520819662, 1.0566060443799044], [0.8145008031320806, 0.7123800796561173], [0.5345851516734993, 0.9857319289977968], [0.5169629313103402, 0.9975611944865288], [0.1644491225097968, 1.1435253635999103], [0.05529479709585686, 1.2339625104186156], [0.2039199862929133, 1.129372970211726], [0.08477290751801966, 1.2118504927978637], [0.1324946132876527, 1.1650574488491714], [0.48056957595265215, 1.063866989478333], [1.016533393174926, 0.2750121575633741], [0.6137659692025672, 0.9759674118413415], [0.9802842932139663, 0.32203705889909484], [0.16722529136841746, 1.1370298953754476], [0.9388062910659074, 0.3706886594189664], [0.8345134248567527, 0.7102752306814097], [0.08089795849665027, 1.2146154619415084], [0.9745424163019392, 0.32233953884904176], [0.9132083017842019, 0.666783758951763], [0.7383345438439134, 0.9601817012904785], [0.842665332266435, 0.6880197740966685], [0.9426660669654369, 0.3575784969774886], [0.7560371588571305, 0.9380073935205715], [0.09975054735213848, 1.2005036331314463], [0.9360296923694404, 0.37783393220264677], [0.45165210155355384, 1.1253498709137484], [0.49839583381895125, 1.0268739908325724], [0.8947020094318608, 0.6699593319321013], [0.9422624298468307, 0.36353913369545615], [0.09925337881665633, 1.2009879726890003], [0.467914555599813, 1.0906679222438842], [0.46749728193465545, 1.0914345482735501], [0.661995155504814, 0.9720895189681569], [0.47899359877762265, 1.0732837731866283], [0.7850048444796858, 0.7394115817483633], [0.5072532214042864, 1.0082878737039658], [0.7738851668133478, 0.8721823615899136], [0.9930007189086416, 0.3013770591833], [0.9618893648290585, 0.33287347053779875], [0.12736872949496322, 1.1699949080133774], [1.014534590083956, 0.2826156594699622], [0.9104782318511844, 0.6675788027875031], [0.15391627937182992, 1.1504240788601479], [1.0367928086157803, 0.25755610392689443], [0.5222024228880399, 0.9938831081949497], [0.8004494635733663, 0.7137475093673926], [0.7411223916508143, 0.950097886664379], [0.06274018378927357, 1.2323369166859535], [1.0230601477782615, 0.2662826670655087], [0.952937432389783, 0.34743879852991977], [0.9157136963585158, 0.6552880497964795], [0.04813210167726081, 1.2361657640405306], [1.0307302867928005, 0.2622329296648671], [0.7804828161970854, 0.7449454097410595], [0.8592854513709071, 0.6848374535259727], [0.12623390064577902, 1.1740196862068881], [0.7270207399062828, 0.9609174635364715], [0.5920145927016998, 0.9781757282576551], [1.0092977733467734, 0.2857135778083928], [0.9811582758383461, 0.31231867354450016], [0.9579487369759064, 0.3388306752926473], [0.19698002430201214, 1.132356427222958]]",0.032995,14.21
DTNK3,MGPSO_feasarch_archsentry,20,100,0.004755,0.009909,0.755840,0.007262,0.772363,10.0000,100.0000,"[[0.08226567663097659, 1.2105774594102205], [0.21424354952777389, 1.1313548065647854], [0.06647730577722638, 1.2240381610477349], [1.0195061058704702, 0.27996116696992], [0.790741033380989, 0.7293565906796229], [0.14402692032094608, 1.1556598291300826], [0.45551771892414056, 1.1196454122010304], [0.4542449936521187, 1.13009869680316], [0.844088577308957, 0.6873886091296944], [0.8769236893092678, 0.674924156430313], [0.15979134776087814, 1.143648715865382], [1.02903619800674, 0.25999968196997914], [0.7779432658785015, 0.7580270122556463], [0.48883858668552055, 1.0439898489332875], [0.824419775566708, 0.701471081747105], [0.15186196008916483, 1.1520066982997674], [0.13386522222377667, 1.1603599698281801], [1.0261491982317437, 0.2675257797864809], [0.7797138545718483, 0.7515108503352659], [0.19610906975770062, 1.132068983800679], [0.9973054506679396, 0.2996348289405264], [0.9501937052802378, 0.3526825432317069], [0.9709018927185662, 0.32650105024696174], [0.9833828684961196, 0.3101993153428094], [0.06038412828456255, 1.231427507959782], [0.7341915895617073, 0.9584963353155089], [0.5224531913556941, 0.9999381527108102], [0.712917599823014, 0.9671031933792003], [0.07650138011832593, 1.2171687014612307], [0.9409125354734913, 0.3605439904973685], [0.4922074932053232, 1.0363509835639024], [0.12456915214056025, 1.1694523003669146], [0.10524074169939529, 1.1966488856044533], [0.4808031844812849, 1.0616995081772458], [0.7965488556731866, 0.7186004809900741], [0.7704835176080365, 0.8846716249126414], [0.1224261629280256, 1.1766790718680336], [0.9891342234571499, 0.3062915281553257], [0.11766111748871241, 1.1829766375380693], [0.46800990118214947, 1.0961753075447858], [1.0134088857681434, 0.28131820953502096], [0.8433075772131082, 0.6934809017356156], [0.08734504002863035, 1.205427412235528], [0.9304809410933192, 0.3986140640091332], [0.7232197856830853, 0.958629636353548], [0.7522032865073132, 0.9371109223869971], [0.9285680808355399, 0.6583755801092868], [1.022210697006115, 0.27135326931152415], [0.45910427979637203, 1.11634995843542], [0.552788202039238, 0.9803185050160739], [0.8953315545993629, 0.6664374353171905], [0.7736109564461551, 0.7909010684135491], [0.5629516500660352, 0.9765038268839323], [0.5024341668618314, 1.0215444649172203], [0.6371349713364848, 0.9735841085552559], [0.4714114892180147, 1.0955171947636457], [0.7174299874880193, 0.96243049417296], [1.0035737037589674, 0.29350531346630987], [0.5296158580748613, 0.9925152379059992], [0.8845767891136868, 0.6727166967408382], [0.9377075070408938, 0.3677221911165808], [0.703910664858321, 0.9726979833973639], [0.7689561653828717, 0.8948428599850764], [0.17962623252695606, 1.1334867751002218], [0.4630986091684079, 1.1051577405436304], [0.7592023660392442, 0.92721542436878], [0.4786132694537444, 1.07401578778862], [0.056449872872688045, 1.2341028136389147], [0.5411318224692585, 0.9908206694279447], [0.9674431751744402, 0.3294116072369516], [0.5764052864587206, 0.9758747137696269], [0.9459613993209584, 0.35783372086709553], [0.9157325065255947, 0.6619071585752244], [0.8680660819578667, 0.6787079098098854], [0.8118837121857059, 0.7045442915340927], [0.8317394727086742, 0.6961080405461949], [0.7883433253169125, 0.7421497576125649], [0.7480954896007457, 0.9429985231219504], [1.0078918367339336, 0.28614257508214447], [0.9328424546433919, 0.381012755416428], [0.8061276432355983, 0.7101105004161197], [0.05158941617632565, 1.2409146227744927], [0.1293459065124126, 1.164647331998914], [0.9533764261751185, 0.34488859044623715], [0.4838623802689096, 1.0584249347489831], [0.09456478462671687, 1.198912520744513], [0.1696586951696557, 1.1370449579770876], [1.0323295479479273, 0.25576505195696797], [0.10893805188393975, 1.1852154261661911], [0.9298636424747323, 0.4068113780184301], [0.9754011459317333, 0.3181921730788271], [1.0426125235486303, 0.24844265504091007], [0.9606168434140516, 0.33562689085627], [0.7645067352549103, 0.9033701861129881], [0.5121307160604253, 1.005245709427524], [0.7346833078991443, 0.948888737881423], [1.0388781506142757, 0.25037280591833344], [0.49715161997026147, 1.0296058695573072], [0.7730848988650911, 0.8487169418455476], [0.8652233405282421, 0.6797782931941565]]",0.025270,14.83
DTNK3,MGPSO_feasarch_archsentry,21,100,0.005236,0.009507,0.813901,0.004902,0.741090,5.0000,100.0000,"[[0.13552532763364436, 1.1599538516936831], [0.14088273845880586, 1.1564302284251367], [0.8307851491689503, 0.6958791525475775], [0.4768735501007568, 1.0693694226336086], [0.1073864862125529, 1.1935158141876845], [1.0083344295651981, 0.28710655418966047], [0.8765351752472988, 0.6754782119770477], [0.5814207348052935, 0.9771823187299671], [1.0190651654781935, 0.2715053560250099], [0.5020809193066691, 1.02762255201085], [0.05359196361692188, 1.2377440463501197], [0.7282859656709733, 0.9613541773877035], [0.9721110550338885, 0.3275272541587767], [0.9333540961236101, 0.3850865598080587], [1.026007759421998, 0.2632717335869262], [0.47216558369886985, 1.0812366982546389], [0.9357605778442872, 0.38223508403345674], [0.14947583819890045, 1.1502403529536176], [0.7950919633258209, 0.7264218774797302], [0.10129701612129118, 1.1986070777599087], [0.7813942247529613, 0.7546627147135072], [0.8687816577924651, 0.683715077657628], [0.17774068254082825, 1.1341194381233963], [0.49832502452103333, 1.0399901309926165], [0.9155997540389431, 0.6608939611055429], [0.9108978981912927, 0.6638321722208156], [0.937916961443401, 0.3663558598230028], [1.0129861086354235, 0.2796913557704964], [1.0413819660028591, 0.24534415284758687], [0.9938341266612908, 0.3017095994868456], [0.9890453509957132, 0.30686400922723917], [0.7549219330373332, 0.928639095370779], [0.9001393869363727, 0.6660772431624076], [0.7610643768907079, 0.9166767736759833], [0.9304496895142136, 0.4142468193046023], [0.07033853827875475, 1.2199473810183692], [0.8054407858231692, 0.7174715276147541], [0.45895478490885533, 1.1172108676404298], [0.5048376766766934, 1.023043470071846], [0.9826904086827379, 0.31100441653511623], [0.7719213078049265, 0.8812211835853887], [0.18995102522362753, 1.1303957522146233], [0.9651700004013526, 0.32908031016975625], [0.5256191866007226, 0.9937637927236518], [0.04386247961180235, 1.2397543481810167], [0.9309023160935392, 0.4008375248602762], [1.033389085428862, 0.2563487413956144], [0.06325371951849208, 1.227688263262705], [0.1202018047425098, 1.173559546121645], [0.4840655055027633, 1.0608363857088685], [0.4515286945469694, 1.129084871252401], [0.791268828194506, 0.7369326433157359], [0.5239245968491749, 0.9976984433423302], [0.9747362020026032, 0.319210592162811], [0.7319048858679491, 0.9560344550246827], [0.05821095382784549, 1.2299591659271347], [0.9596295259692876, 0.33702567543656514], [0.4858746920656271, 1.0516857226957836], [0.7866844770902546, 0.7534143188534059], [0.9999818375405858, 0.296660203581696], [0.47143714914444845, 1.0851704504085238], [0.7711766426568798, 0.9059220599592723], [0.08217619949783975, 1.2116733243811308], [0.7518259984978262, 0.9527437575517665], [0.8222263407329329, 0.7006613286762957], [0.09583555472040485, 1.2001567369643438], [1.0369904400522687, 0.24895867222192256], [0.9313401496242086, 0.3963383380732679], [0.8946527338486743, 0.6671928440208178], [0.7759866174522633, 0.7963663634626754], [0.9287184187274938, 0.6571424923413414], [0.9477442020812508, 0.34996977878393143], [0.6913896239409287, 0.9701701730093621], [0.45963541785300643, 1.107369238723221], [0.7740504996527973, 0.8080449823360751], [0.4576808786555119, 1.127151958140553], [0.7138066583217108, 0.9624274031037507], [0.07696185330237382, 1.2189986033947096], [0.16343715589998228, 1.138472352866987], [0.6988240325436801, 0.9673737897359713], [0.7783769932514303, 0.7754088163332435], [0.956692013648682, 0.34435483839424424], [0.5230717725609055, 1.0103504036320832], [0.5225737641421944, 1.0205766979020154], [0.11236025468322627, 1.181606787051159], [0.551760915523154, 0.9819476868836421], [0.12652574449570136, 1.170298995718787], [0.7581476195282328, 0.9235774244514425], [0.09044844930034915, 1.2067241499031474], [0.5362261980892261, 0.98826715704124], [0.5627104820612799, 0.9777029217402948], [0.7734270831577589, 0.8317398761701109], [0.1545911806121233, 1.1455374148973867], [0.6041112169056613, 0.9735098657210519], [0.936794981002117, 0.3693930867157796], [0.8146359470672363, 0.7053115952008857], [0.942276062311391, 0.35714976179331986], [0.8446021180756458, 0.6914065590855929], [1.023485166441513, 0.2658170566848346], [0.9522166741867988, 0.348055495837261]]",0.032403,14.26
DTNK3,MGPSO_feasarch_archsentry,22,100,0.005428,0.011303,0.758875,0.004561,0.696855,7.0000,100.0000,"[[0.14345150866854448, 1.1580624240040447], [0.7759939831902024, 0.8032370005882716], [0.050164526301237494, 1.243879044606775], [0.7772590305489124, 0.8011304671198016], [0.4700059187272585, 1.113148878329895], [0.1280924997825407, 1.1768437707172947], [0.5449322684175044, 0.9889730914488517], [0.7132167917897803, 0.9628024545952338], [0.7973228516655099, 0.7166067942365926], [0.943264641019411, 0.356323956170961], [1.0164196802610475, 0.2801795177657954], [0.4746629429680609, 1.0774513157748744], [0.9684935388989107, 0.3285405498953845], [0.7933440546374592, 0.7287702522969246], [0.7101688475780352, 0.9685081185438629], [0.9782077103686103, 0.3164154829732697], [0.21156789234543955, 1.1304609898397453], [0.627024154255188, 0.9742646736764882], [0.2090341729464623, 1.1314508619493822], [0.06737047091622053, 1.231801480617321], [0.9680250424274406, 0.3364502991685808], [0.9728348380534202, 0.32292974024751436], [0.769053540435374, 0.8900534094434385], [0.8419271660768103, 0.6939068246819542], [0.45057133667247706, 1.1297688773498324], [1.0195395155900964, 0.2715542511302399], [0.18860307648711414, 1.131983442539692], [0.5908141846829303, 0.9760668128092986], [1.0364676154041872, 0.24759825164928817], [0.11111638915272039, 1.1946608559556862], [0.8505455656743339, 0.6903358138884919], [0.4611579763035172, 1.1267472351158396], [0.6059735608571918, 0.975435713359746], [0.13110438809402927, 1.1656558883606745], [0.9578158104964396, 0.33852185920542277], [0.7846722328436075, 0.7468887395755903], [0.7747455361180212, 0.8251542279407547], [0.16317770248834704, 1.1459119871449028], [0.520134233024359, 0.9957036529105137], [0.8908502170476363, 0.6723127564781811], [0.508864012497632, 1.0173266716107754], [0.8635578911047185, 0.6811598595708894], [0.16812947293811167, 1.136772595969679], [1.0412621398922812, 0.24718494546151826], [1.0317764532089893, 0.25602091568568724], [0.8278661945019575, 0.6960087892740943], [0.7623334505787134, 0.9141657826399061], [0.5566630968765527, 0.9870993142740447], [0.7562202950011327, 0.9307750859257935], [1.0095540775122291, 0.28533169734748265], [0.7743559932379732, 0.8872746762002246], [0.92168059111189, 0.6580807820353944], [0.48344436341492036, 1.0750629891086698], [0.1384549092251602, 1.1614780906448456], [0.9511562742155522, 0.34721724777596896], [0.9281030364738323, 0.6496784042510593], [0.8137195889231388, 0.7051656130989639], [0.15087730131547364, 1.1507461378597872], [0.5304963349038908, 0.9917543568198552], [1.027268823264924, 0.26268160841040544], [0.7900936243257591, 0.734579709490994], [0.7276757929242083, 0.9621092146549208], [0.07984841743121672, 1.2130324428136225], [0.9313205364473717, 0.3829898453310753], [0.5151147850245904, 1.006805524657581], [0.6916819446707171, 0.9690819430558824], [0.5584582258545054, 0.9769610755853775], [0.988872274270289, 0.3096377849577794], [1.0037929283752272, 0.2893195927122021], [0.941208229823672, 0.36794259142383956], [0.9302317397929798, 0.398109379165058], [0.4644115392583257, 1.1146051042682485], [0.6619948893592409, 0.9729270221974662], [0.07286216894980355, 1.22680340052372], [0.08593074576582954, 1.2069437071984068], [0.9969572371983146, 0.3006898453750629], [0.7574863346492342, 0.9222596726456644], [0.906986605865996, 0.6644070709063962], [0.938217308266166, 0.3694654829893716], [0.8819006671683577, 0.672781546467323], [0.7664073754527987, 0.9043938161968645], [0.11600960559642251, 1.179420135983343], [0.4984294156289199, 1.0231366287894683], [0.8245475430037014, 0.6975815984562792], [1.0010583536529731, 0.2989767879215405], [0.6806967782160784, 0.9704881411652797], [0.7410874549946178, 0.9499450654727482], [0.0657467684610579, 1.241042789928297], [0.7487900752541679, 0.9368009144030056], [0.778304930704169, 0.7849166870422652], [0.09118906697348991, 1.2054768414650592], [0.8963507467128309, 0.6664281764014186], [0.806463013884676, 0.7106531491355639], [0.7815250682146946, 0.7488559832139465], [0.877206945176371, 0.6785072916633048], [0.9118923140264511, 0.6601093037451629], [0.8574775671281218, 0.6878535496239401], [0.1026302757952576, 1.1967412509216786], [0.48959047410130085, 1.0417419956179466], [0.9298762501649138, 0.4112922795428707]]",0.037393,13.79
DTNK3,MGPSO_feasarch_archsentry,23,100,0.004908,0.010533,0.883675,0.004391,0.740120,12.0000,100.0000,"[[0.7741743784783168, 0.7823613405889942], [0.8923622562683924, 0.6693774429359185], [1.0127172153250639, 0.28391047903812594], [0.4802110684621673, 1.0638727602056615], [0.6877597039577178, 0.9706819654339625], [0.644522871353804, 0.9737121462050213], [0.9817461659391973, 0.3137530816286422], [0.8311967673582827, 0.6939181778995844], [0.7701713532794646, 0.8846121834021825], [0.7291506623142672, 0.9641197123828806], [0.057766672464201474, 1.229443652471909], [0.5144990338240305, 1.000629181756397], [0.9687636206111189, 0.3257548496071605], [0.7665691282388212, 0.9132734869850778], [0.9580476200453814, 0.3504963962386639], [1.0063960129475753, 0.2890309882143032], [0.919820295396403, 0.6534575874072872], [0.08159761400647163, 1.2106355562283677], [0.9180881531068195, 0.6657270776128461], [0.8218687843178238, 0.7114331234144537], [0.4947987237863877, 1.0404345189982505], [0.8271559994992111, 0.7024191213843978], [0.9320905025294097, 0.3803150073649598], [0.9624211945916747, 0.3338927037134758], [0.051756545251076175, 1.233824871928796], [0.7932883447140611, 0.7245874118036579], [1.0402727109562746, 0.24399761759413813], [0.199011978931417, 1.1291295075873364], [0.7883780180923523, 0.7352342811693622], [0.9399668814863178, 0.3697789596017138], [0.9306265448185425, 0.649424562981002], [0.10888009216736377, 1.1850795266482759], [0.4640049193572229, 1.1019342706659359], [0.5286017011384974, 0.9892967023073322], [0.8784423956524688, 0.6730132019859945], [0.8018488008255337, 0.7218813354641103], [0.1421048473424628, 1.154576877157663], [0.5552137515964846, 0.9810785277596874], [0.8439696513629136, 0.6898288548928326], [0.7436568527519388, 0.9401886396749863], [0.6230242448114062, 0.9743165351850467], [0.15209576034494407, 1.1462641284681916], [0.9435931247479398, 0.3576054745558131], [0.6877534884599099, 0.9729791663841296], [1.0340704466426183, 0.2527145798978947], [0.47599095207660236, 1.075716988993038], [0.16623739044827465, 1.140166357839187], [0.9955858427401664, 0.3022892862705964], [0.12070949155688412, 1.1769628209278846], [0.11314099101113327, 1.182383507497706], [0.8391005385261401, 0.6938534878798983], [0.6215942052564928, 0.9744830137086418], [0.9320499475820578, 0.39580175141876806], [0.7683654198855241, 0.9045717442549273], [0.7340351591837642, 0.9554322016640695], [0.45534503076717575, 1.1160431045504247], [0.4896245200038317, 1.0566998366086688], [0.7740049289058, 0.862424601964433], [0.5380975106416039, 0.9869878465967861], [0.4727143401521891, 1.0831750508509475], [0.46873788251092263, 1.0941627292154055], [0.19280542731166422, 1.1303641046949557], [0.15682238778725607, 1.1436336205287334], [0.09384756705226045, 1.2009459076661848], [0.8027124443769887, 0.7115933886620718], [0.4820729907791578, 1.0587305045147923], [0.14580061104018158, 1.15027946239281], [0.7533571833082777, 0.9282098270429806], [1.0262448906472494, 0.26506038002776655], [1.0178452692524176, 0.27455987482143857], [0.9607473264256521, 0.3498429658288332], [0.49225490423302376, 1.0484101631518925], [0.7784661909798956, 0.7660624268937797], [0.1340655444960149, 1.1613069019118611], [0.7712550761141193, 0.8725600318716122], [0.06887771765139764, 1.2222194800964115], [0.5689999628185665, 0.975291021468428], [0.7591029237561651, 0.9212928550100354], [0.07613713705665642, 1.2180061195628227], [0.8673962607701342, 0.6792123816177569], [0.9776661600565957, 0.3196536100210645], [0.17864999771067572, 1.1367166625898106], [0.04350189858507726, 1.238938542493506], [0.5095000638277856, 1.0063274717526982], [0.9612836154367512, 0.33710359072399093], [0.4977607713099857, 1.0273331500710705], [0.8609071388861378, 0.6886003131234718], [0.12574077627995958, 1.1690151654590737], [0.543463897247076, 0.9841669601205429], [0.4495701895150468, 1.1278279005381853], [1.0011718142100379, 0.29576622986310425], [0.7860698536542108, 0.7469299746428228], [0.08966824775098123, 1.2076869952870013], [0.1056932399235275, 1.1928339321069947], [0.06405040318400834, 1.228601327908308], [1.031825302847955, 0.25834893542724113], [0.5269921261383249, 0.9967233615165525], [0.518747601744577, 0.998936548474781], [0.9482255529156569, 0.3536645911919963], [0.6684704222389678, 0.9732914035913491]]",0.029779,14.78
DTNK3,MGPSO_feasarch_archsentry,24,100,0.005538,0.011201,0.681355,0.005597,0.736575,5.0000,100.0000,"[[1.0069591517184413, 0.2862065353173263], [0.6631532691067918, 0.9739066671489003], [0.053929155847708105, 1.2368687235383906], [0.4774145887021435, 1.0860496194358724], [0.9854701998842006, 0.3095130008625102], [0.7778614233740674, 0.7598056148085275], [0.10629578740111748, 1.1904309477651094], [0.9594508763295908, 0.33557449116375426], [0.7851185862112052, 0.7397558048162609], [0.5192898342278438, 0.9966723076446908], [0.7730634146095547, 0.8703585629451749], [0.09980554667783599, 1.1949201665788236], [0.4930127656307184, 1.0332462189776914], [0.623623806708247, 0.9740135567600694], [0.8690030990680732, 0.6837897418927676], [0.06310361447696203, 1.2263113437152684], [0.1916094129433993, 1.1296624817558616], [0.11114926365631972, 1.1846366474226204], [0.943124104338953, 0.3559586246748115], [0.996565382418828, 0.2980593576275241], [0.768012457238908, 0.8956085647776104], [0.825785465496123, 0.7050316024482652], [0.9328380543080277, 0.3809144400425617], [0.13492002922178845, 1.1602907004929892], [0.9419976478866614, 0.36458906759303805], [0.5020385980227, 1.0285906314940267], [0.5144471461172687, 1.0025726999299116], [0.7633458653067189, 0.9068200840924103], [1.0216154955919579, 0.26986064769793805], [0.16945217862763204, 1.1395271292627984], [0.6997112512609227, 0.9674387198494148], [0.0895879124440109, 1.2128888973176855], [0.7940479328757499, 0.7288646146939712], [0.8096337726746072, 0.7136304640708062], [0.5618729125676377, 0.9771557968646387], [0.746647552922155, 0.9396787014032755], [1.0175003962076261, 0.2783234249620584], [0.13322182297836874, 1.1665088827826458], [0.9561164587452913, 0.34263482886635793], [0.7736339705434122, 0.8534020943577492], [0.9916517259709257, 0.30305198232147496], [0.908214783427103, 0.6687929596539974], [0.14882734872904804, 1.148058744014191], [0.9762872587156199, 0.31794633248937487], [0.5103150322581018, 1.006831940407232], [0.5021552536898555, 1.01810949697656], [0.7316830581758798, 0.9647726439165456], [0.4802389699578543, 1.0761396601232898], [0.7187168247690614, 0.965690516311476], [0.6983852615661094, 0.9678791171191852], [0.9276876375672121, 0.6556339369073894], [1.036833966275353, 0.246758465127779], [0.45724088485020437, 1.1288243727077956], [0.9660032003693413, 0.33036173101303135], [0.7623574468927535, 0.9264713730754564], [0.8923511618000434, 0.6707401910793337], [0.1984877104028501, 1.1294925550228367], [0.9302711255246889, 0.3957041919957249], [0.9313175837568539, 0.3851890296176092], [0.5436490442230214, 0.9921529483272282], [0.04793415609850732, 1.2414052675337708], [0.852908899049358, 0.6885317860333593], [0.07018840992202452, 1.2242492083717016], [0.7817150265388915, 0.7406778888390624], [0.613987225026636, 0.9745578434970388], [0.11604723253299168, 1.1776536431099114], [0.15506457916770497, 1.1436038369301935], [0.8912445250561957, 0.6775677161107518], [0.918802460442856, 0.6581762091138017], [0.9299216068283455, 0.40311941219107267], [0.8566022440639793, 0.6872055765147309], [1.001470658380053, 0.2915129195817703], [0.5279421212581454, 0.9938166561007202], [0.7750823437946179, 0.8287739016884019], [0.8319747670583156, 0.6959771665355259], [0.46922992567682476, 1.105954523479525], [1.0108177188096104, 0.2816185290679015], [0.9364184801970618, 0.3704335004217788], [0.8390585834646973, 0.6900975492508699], [0.07436609835601712, 1.2169302077018964], [0.14579232804555128, 1.1544865729131346], [0.9493339320728407, 0.35306179176329466], [0.17451084690216004, 1.1349260542899355], [0.7802373302140335, 0.7587382611484392], [0.1594441742878713, 1.1406263838324628], [1.029519662056284, 0.2643223003315138], [0.969329498848887, 0.32566345535164065], [1.0334741309345215, 0.2583518462274232], [0.7752427327495351, 0.7845575778321763], [0.12530879757984462, 1.172454192262736], [0.45855097206995615, 1.1097309505400952], [0.7348109259186913, 0.9499328931418203], [0.09386795940878159, 1.2021371405244567], [0.4713598131503803, 1.0929603948597673], [0.982664013778556, 0.31139191425910956], [0.5356808227056606, 0.9923415052339517], [0.48624346751204806, 1.0680734857283474], [0.5510307228553073, 0.9808940933384565], [0.48993085520617263, 1.0481178934954762], [0.9082761562057486, 0.6607063935118046]]",0.035418,14.33
DTNK3,MGPSO_feasarch_archsentry,25,99,0.004468,0.006161,0.698454,0.004562,0.847617,10.0000,100.0000,"[[0.9042298787436639, 0.6622560465551999], [1.0111470303262666, 0.2809403212143972], [0.46858811027638414, 1.0989729242610342], [0.4745464313869218, 1.0779716770016028], [1.0354247118814714, 0.25265532087460896], [0.48116732578828114, 1.0707440663331043], [0.12471565415601493, 1.171164962916253], [0.7642877913268733, 0.9287631720758238], [0.13827569279110777, 1.1626936512622974], [0.9509568536404333, 0.3561306857272251], [0.748231526625569, 0.9390358545298225], [0.5071906532939976, 1.009740409340236], [0.8199413463309733, 0.7023466089843384], [0.7392668901066051, 0.9457493243187656], [0.8403969421241615, 0.6970490590699863], [0.8476232357822222, 0.6859469401884652], [0.8339449679787132, 0.6988432678482703], [0.5334579158397503, 0.9895909875469828], [0.8447855583861009, 0.689435938013858], [0.485578123353841, 1.0515458516960425], [0.5334408245397587, 0.996711093460938], [0.9132895266045334, 0.6580494771192587], [0.9407557885983018, 0.3752355687411598], [0.15954907110318053, 1.1414342105990627], [0.5393939742358744, 0.9855815593635537], [0.9422152206412431, 0.3607843187034716], [0.49953855100609523, 1.022571586899597], [0.0443095234005423, 1.2379930488529354], [0.9554011279507291, 0.34388501048338865], [0.7896835648417646, 0.7338134228776823], [0.8007092377844431, 0.7142430895986074], [0.49652569106411837, 1.0263501708003373], [0.9621677114415437, 0.3317178144370633], [0.5192842936166238, 0.9972762680922476], [0.7200934966200891, 0.9618170148828278], [0.9689480668709296, 0.3246970408405663], [0.1956027703846503, 1.1297342593899522], [0.5175123400486447, 1.0056739909633439], [0.4931649422267257, 1.0322834352590942], [0.668028338505624, 0.9737131552944702], [0.054947239779011545, 1.2319849464536763], [0.1777276522320283, 1.1336109992488101], [0.1848610265117669, 1.1320052183442437], [0.1317791134550826, 1.1654410165409144], [0.6907633292247991, 0.9696927933120814], [0.11204045297616545, 1.1817289030485012], [0.8794848352679138, 0.6802520880043901], [1.0304509484720565, 0.2605698306653269], [0.46453190442272874, 1.0994237880534845], [0.5475548878115267, 0.9836904233032029], [0.9620515348742729, 0.3356257187691285], [0.9325098853295912, 0.3777886447375193], [0.49042414590660344, 1.0432370075338486], [0.9304151014882941, 0.385896840353652], [0.04840099125086392, 1.2349582216803525], [0.9826299655684229, 0.31463196050656567], [0.8840712202819886, 0.6705500033380453], [0.7825098331910343, 0.7576180836086168], [0.7782697159053917, 0.7631400473135226], [0.7132711795881665, 0.9670649392928763], [0.5799138021984289, 0.9741037344655308], [0.9989439694386116, 0.29861082145870793], [0.97991158991502, 0.32085253640412975], [0.16924062600178874, 1.136973947676076], [0.10221334284793299, 1.1922768541476256], [0.46207515166955604, 1.1127231346259185], [1.0162039499672528, 0.2751147006364583], [0.08585677121639854, 1.206920052555234], [1.036519994092344, 0.24592405541162315], [1.0071466564444733, 0.291916059427368], [0.7664737577530741, 0.9026001885745079], [0.11948417441920153, 1.1761926841821195], [0.46009805512486857, 1.1193199445406548], [0.08139992358471701, 1.2117418409661465], [0.8772855927265311, 0.6813618812864238], [0.06461906696539935, 1.2291595480789055], [0.8934449602976627, 0.6666252979802189], [0.0696918837157015, 1.2213470446122385], [0.9847137560694557, 0.30958551215402197], [0.8988303436261049, 0.6662718552144379], [0.8173092698813795, 0.7032612405877428], [0.7758216507143298, 0.7810201310612772], [0.4540351855317249, 1.1243824276509817], [0.15066936425659197, 1.1524542627623766], [0.11116274226873193, 1.1873698927510523], [0.15653964647247356, 1.1443625680541192], [0.0783537239628336, 1.2181603326664463], [0.7349286251621493, 0.9617587666800804], [0.6718809508579808, 0.9727690734847798], [0.796609726121982, 0.7235959027940013], [0.5739369511499874, 0.9752419562901731], [0.9509680350189129, 0.35117691475488777], [0.8595854025707357, 0.683614027497957], [0.14215907388392532, 1.1604002724771045], [0.48342789824426274, 1.0679640372197647], [0.09557885505351513, 1.1990635641769183], [1.0057346850827815, 0.2937813162210408], [0.9911797505781093, 0.3028755842426963], [1.0214634053722422, 0.2685394432400382]]",0.033614,15.51
DTNK3,MGPSO_feasarch_archsentry,26,100,0.005317,0.007572,0.819633,0.005969,0.818797,4.0000,100.0000,"[[1.014436349126038, 0.27995713906458325], [0.15027585642836722, 1.1512956401138037], [0.9806304700095367, 0.3155622483078315], [0.7684127698625938, 0.8882333756765499], [0.04602924944833495, 1.2399440302030287], [0.12481872190766166, 1.1701182926814986], [0.8960931370635321, 0.6729292924885002], [0.9919928297153309, 0.3058850170268066], [0.6888231988204726, 0.974583547657186], [0.873000983356682, 0.6772102003677887], [0.44966599989549183, 1.1295631750413397], [0.4723112180529741, 1.0943430385272335], [0.7584113703150721, 0.9278260032077372], [0.9604291252966017, 0.33585459934777895], [0.0701409062299049, 1.2209834377358109], [0.46331417096409616, 1.1021592062964771], [0.592829561853143, 0.976712896237812], [0.8223930369995678, 0.7043355111065484], [0.7974294243224511, 0.7247801868428765], [0.7876219744908266, 0.7392161001588025], [0.767984601774659, 0.9179609554039918], [0.15668067550768075, 1.144629153286791], [0.7732266936345387, 0.8066857167937997], [0.8612960297647109, 0.6840550426380205], [1.0077955951672384, 0.2881843545156393], [0.776996304875841, 0.776149080353645], [0.713031947692182, 0.9638857973148534], [0.462531844278922, 1.1116497666159948], [0.5108592717375858, 1.0182708992491742], [0.055131243193660834, 1.2334049368170883], [0.5525237498076709, 0.9839046016893265], [0.07683896954229721, 1.2174256437702606], [0.19696455385355197, 1.1306121789216064], [0.16534064847288543, 1.1382807806360404], [0.9040474399045791, 0.6679529477778308], [0.4793201301554173, 1.064475267090161], [0.5429351521321342, 0.9877745730267136], [0.9579767495017382, 0.3415556261224105], [0.8116411498768031, 0.7113724076120134], [1.0223804376608596, 0.2740030691198198], [0.8891178987432483, 0.6751884873382614], [0.9766018195669592, 0.32335759745540377], [0.7288183012302545, 0.9628695977692088], [0.04422061366178101, 1.240231666819623], [0.5241003483630234, 0.9982104227366073], [0.7504076170815597, 0.9352098276311305], [0.5218537731500318, 0.9994652287671488], [0.658355725213662, 0.9749828011435357], [0.9469495023697856, 0.35291540485149836], [0.9648422194309413, 0.331412296992304], [0.7427094761035657, 0.955928503324551], [0.5804286147980822, 0.9796396163404117], [0.5047414341293857, 1.025573753243746], [0.9867029299153338, 0.314530081488201], [0.7336840414925911, 0.9594569475004429], [0.059825554662423924, 1.233261161175048], [0.17647824439214077, 1.1377814468291074], [0.7909331476021364, 0.7272962464810251], [0.8242314257504756, 0.6984209716059981], [0.906099166434267, 0.6620674182586779], [0.9677376904238449, 0.32603013176645707], [0.7829973124405707, 0.7454664839972238], [0.513146454011729, 1.0064642358675182], [0.8011534193309148, 0.7191919946669432], [0.9418276784680526, 0.36207939783602083], [0.49614270265919524, 1.0409152540100335], [0.11045689530989647, 1.1912978479461906], [1.0378385402200667, 0.2476782227143715], [0.12251023330418945, 1.1819902235764301], [0.8163476602457361, 0.7062734473427452], [0.8065595305749393, 0.7182915075242362], [0.13374239378127864, 1.162568249758626], [0.9330091876020221, 0.39076471635713705], [0.9546499315644699, 0.34828191710087403], [1.0337711103086271, 0.25120140357909804], [0.9302187388129285, 0.39433764140899674], [0.12957942181035162, 1.1685276732920562], [0.7702569197453626, 0.883518343108423], [0.9347971862978295, 0.38190399308279965], [0.4910761587660973, 1.0460996354480834], [0.4877418890121371, 1.0547779243525433], [0.10530585528553502, 1.1961715896244574], [0.9995835903482441, 0.29883337517676517], [0.46873137712012536, 1.0972207220146748], [0.11622094995648805, 1.1852685964103116], [0.49682880821631037, 1.0312589434186443], [0.9355644200283288, 0.3708451772642958], [1.0294868193046767, 0.2608512184772401], [0.929610157486022, 0.40672702369776764], [0.8620993403801167, 0.6817831174661682], [1.0022100510101293, 0.2926649675242888], [0.08536057425459304, 1.2105237644527618], [0.4567754696721649, 1.117197060127209], [0.7648154512517293, 0.923454003468323], [0.838901965250215, 0.6898650620663458], [0.14955706619800954, 1.1578589628306786], [0.18140721038711263, 1.1355235159677013], [0.09259289850177457, 1.2015341320678117], [0.10388908677329303, 1.1985520686295532], [1.022486427323812, 0.26740570443812073]]",0.027251,14.42
DTNK3,MGPSO_feasarch_archsentry,27,100,0.005521,0.007543,0.746247,0.006157,0.822436,8.0000,100.0000,"[[0.9198090137697696, 0.6615381724876028], [0.46513272723376453, 1.116429258055927], [1.03561528077971, 0.24826257845627625], [0.8711315011536807, 0.6806220949968778], [0.47676779927409685, 1.077753378647163], [1.0387124689609815, 0.24387326422066838], [0.5544334325212963, 0.9895030427541389], [1.0104847822014962, 0.2849587988834074], [0.11679975597675984, 1.1785202084827062], [0.07492173059692177, 1.216312717140272], [0.7781081005434526, 0.7575295055759725], [0.16048768418312556, 1.146261979988971], [1.0014248860649904, 0.29783864775082003], [0.961045114857437, 0.33395479811230705], [0.823230379252331, 0.6976362250285117], [0.809159985065443, 0.7143650073448677], [0.9402633130104077, 0.3732424387076117], [0.7544102348700867, 0.9423580032584071], [0.7925547410829952, 0.7253817097926774], [0.9567333244540148, 0.3469349533454069], [0.7741150779689413, 0.8060719094624147], [0.7606657486813992, 0.9268518900991412], [0.4944108136666736, 1.0371586117629539], [1.0060363457142483, 0.29294989493801493], [0.48076817447554465, 1.063288417856775], [0.45177934692622423, 1.126455999899694], [0.9221193934822154, 0.6514717038742421], [0.5767558548259551, 0.9768027611401695], [0.985062424581378, 0.3090633124218366], [0.48672868076547615, 1.0512003133344812], [1.0294096255527663, 0.2628315560339627], [0.09255273302457269, 1.2008923046048636], [0.7739875390929714, 0.8998499810959644], [0.4563549611554534, 1.1219306663210629], [0.5168374941348955, 0.9995970428559497], [0.9058985578934666, 0.6634133916651181], [0.9502030161544736, 0.35088522946799444], [0.13564984004325437, 1.1606053502571243], [0.18874247235357827, 1.1326119319755013], [0.8260160122278386, 0.6966363197339089], [0.7215923871505205, 0.9581751939897618], [0.9763947514656173, 0.32724172393265427], [0.09759461595579774, 1.1960933532131597], [0.07027465189884477, 1.2217375724787882], [0.995284168047845, 0.29814330325879507], [0.7457552096316663, 0.946869162029597], [1.0244447653114435, 0.2655811422576806], [0.5118848747038673, 1.0041423821446125], [0.7073486105172047, 0.9672614609951757], [0.9294460784541914, 0.39457935709420283], [0.11201721215601788, 1.1834890918088998], [0.1675744434326288, 1.142585074872184], [0.8801307867321824, 0.675767493054486], [0.061653981376288886, 1.2284360803173127], [0.7683689374905551, 0.9030794502253832], [0.4725798714649886, 1.0865078192549735], [0.940433817428892, 0.3620280527033824], [0.806774926206937, 0.7214268867042528], [0.7346612800474867, 0.9487511877523729], [0.7862780537402412, 0.73546237173888], [0.7182058041052586, 0.9617228917167229], [0.17177550577189185, 1.1360789546525918], [0.087082629530541, 1.2070326083297631], [0.7900741633507111, 0.7285434822349945], [0.7748081558534456, 0.7978326301756218], [0.5308045117763842, 0.9946258047650622], [0.18940799326809157, 1.1298068422930523], [0.866163315231067, 0.6818854967762125], [0.5931346585740738, 0.973752326502364], [0.9780588572785219, 0.31575755146844237], [0.04809530917680212, 1.241348116995301], [0.5439015622276963, 0.991948405077826], [0.14362734789755707, 1.1522055488508318], [0.4936735817138085, 1.0454827967181781], [1.0165369228062708, 0.2789695311667578], [0.7570081457765282, 0.9357981272571709], [0.9644020939575524, 0.3299924242657203], [0.9351125860628903, 0.37497509565847564], [0.7840534837902788, 0.7433764267628551], [0.12745680359416028, 1.1664913253416442], [0.12500565278820397, 1.1736747891497747], [0.9114594760467468, 0.6631113426227863], [0.5641259651307324, 0.9815735487061898], [0.813099166024537, 0.7046107467106151], [0.07865038186260409, 1.2138310085178652], [0.4858180974750928, 1.0535890029850257], [0.054807721734515466, 1.2363470758154669], [0.7305567866921354, 0.952455779900983], [1.0194926825054063, 0.27137175169699596], [1.0327911266592542, 0.2543363468959257], [0.4657294832917531, 1.095408187436319], [0.989557197501, 0.3042716774125305], [0.8369771684636339, 0.6921297184876349], [0.7633905444372489, 0.9085150334139369], [0.14837492157486667, 1.149087936581458], [0.49980924939617033, 1.0232874791865894], [0.1379418794184667, 1.15810669041817], [0.6554968896224886, 0.9730626810699337], [0.10506097313015965, 1.1893617397905296], [0.8912906674432178, 0.6755852622648368]]",0.031513,15.18
DTNK3,MGPSO_feasarch_archsentry,28,100,0.005441,0.011215,0.867551,0.006521,0.763798,6.0000,100.0000,"[[0.6137695313916272, 0.9756783651460028], [0.7813551188591636, 0.749738538433848], [1.0207499492698382, 0.2712027015700225], [0.19736348322421285, 1.1317486445118923], [0.8068284590351796, 0.7090133252735877], [0.7896876632441483, 0.727795334352193], [0.5888489347411842, 0.9804643087696714], [0.9340050715382824, 0.37510404541628134], [0.5236101750961415, 1.0024194484312767], [0.9730489409956884, 0.32147619339239175], [0.9313947624246277, 0.38930769949092786], [0.8459554617640028, 0.6922647374608714], [0.4963002173121628, 1.0314047727974591], [0.17370018610799512, 1.1420063636958058], [0.7587079236180712, 0.9199139009676927], [0.8937052091129936, 0.6716405984858601], [0.5523252550751024, 0.9819704881942066], [0.769656618725046, 0.8839273139289683], [0.10769403313713553, 1.1896737466375515], [0.12388819330846601, 1.1745541717270913], [0.15326301308549026, 1.1523832193044117], [0.48644850583614246, 1.0517920306412458], [0.8268314128428622, 0.6957636429134502], [0.9951013889329032, 0.2982078396486172], [0.6505821601554848, 0.9736208835116571], [0.47152333326283735, 1.11050591671714], [1.0320485056015922, 0.2558960621951357], [0.6475643798104795, 0.9739625383497248], [0.1951297296993217, 1.1372552023094633], [0.14461973210449278, 1.1551643629402926], [0.15821760868875107, 1.1447389526750145], [0.7574941728832911, 0.9329071454451372], [0.8619262440817399, 0.6806523524327], [0.7851157231532861, 0.7415146300405144], [0.856246160146294, 0.6827760380321323], [0.07237013629477271, 1.226202391152306], [0.5883991443880637, 0.9805166483648193], [0.8750482631670788, 0.6765921469084045], [0.5168066058140959, 1.0093230163742772], [0.76187654846684, 0.9177039973006065], [1.029683390325335, 0.26047349182101603], [0.5275059672748202, 0.9915234692198034], [0.5159731927160989, 1.0153540759663515], [0.47766459322841714, 1.0712890350541981], [0.9578718119355952, 0.3409539348640528], [0.7804455395569765, 0.7709954634349079], [0.9497792037041803, 0.35016864626617217], [0.9127725879262905, 0.6572029535069865], [0.47652376464819735, 1.0884647694658613], [0.12846410842180148, 1.1703903363300157], [0.537103525501543, 0.9859467661245185], [0.501438310276618, 1.023707847825029], [0.14220954065765948, 1.1648382882516735], [0.7441190291391654, 0.9444577034081942], [0.8770515614999465, 0.67442935083678], [0.7729289758245763, 0.8442676229142176], [0.9260810266452006, 0.6550085995616094], [1.039275706853135, 0.24721451058029564], [0.945929304527795, 0.35580988932838736], [0.4929920950057313, 1.0419288570380487], [0.7867557379063295, 0.7359693123956217], [0.18111635782579336, 1.1376568366357296], [1.0109314467493664, 0.28214933186160956], [0.9391387633265741, 0.3668401133874618], [1.0041983093998166, 0.28886718384202087], [0.10515453191525767, 1.1965409427335834], [0.8007193089853002, 0.7155304624437124], [0.45978203154890984, 1.1222351936229231], [0.09256478739786, 1.2169075715633026], [0.11322242540068625, 1.1807635803048993], [0.9930013335952567, 0.30542594548192326], [0.8950936741529292, 0.6661584909994647], [0.45787778625071274, 1.1283812565295537], [0.4652824310208481, 1.1203704169503645], [0.9842193785898975, 0.31728399106695404], [0.7732310629579426, 0.8105811887116086], [1.0168343635723995, 0.2756544984421148], [0.6953081669922114, 0.9683322172079716], [0.7408621151925218, 0.9455701256817148], [0.9850455666611537, 0.3097117779514714], [0.2031745171416899, 1.1294953769629141], [0.05857437958463588, 1.230697719258166], [1.0015351872530678, 0.2945983975885059], [0.8477070399660592, 0.6905041265548248], [0.07809268444038789, 1.21875276481844], [0.7235303542477325, 0.9585007393310647], [0.7322846232319925, 0.9555756750140381], [0.9294568944645153, 0.3959013441364292], [0.7947484118496144, 0.7205028468579107], [0.9640201049709585, 0.33455323577353085], [0.1365003539877612, 1.169459707934571], [0.95224006329294, 0.3445453232032646], [0.968179380657795, 0.32813922759957537], [1.0359372043874109, 0.24860898831684883], [0.7647066215526297, 0.9049753524494601], [0.7749029651274607, 0.7810430205911125], [0.7807839857142077, 0.7686783893570515], [0.8152201370996196, 0.7039297298228593], [0.04676936788382505, 1.2360932257446064], [0.9644679765053779, 0.3316319766021329]]",0.032791,14.50
DTNK3,MGPSO_feasarch_archsentry,29,100,0.005346,0.008017,0.867000,0.005910,0.817192,7.0000,100.0000,"[[0.7739938758047538, 0.8095169861463285], [0.8842735817929078, 0.6747126287338462], [1.0230732950028174, 0.2665314223387064], [0.7606459706520129, 0.923159643926017], [0.8156959064626567, 0.7107497731415444], [0.9529695612375098, 0.34490455661971303], [0.9373684159930069, 0.37936288496028], [0.5259126119112756, 0.9949634791160236], [0.7722007464454236, 0.8867972199918603], [0.513386300196494, 1.0019642207023476], [0.042139773574721276, 1.2385876511767457], [0.9702625125338511, 0.32963776331414246], [0.12543716013327136, 1.1799241850806363], [0.9891860459104507, 0.3052502145200208], [0.06408368562896008, 1.2305120081941625], [0.5008748038980013, 1.0289836263455352], [0.17276175667448415, 1.1378293196295561], [0.7770876267246651, 0.7722286149875661], [0.5484320602907382, 0.9790113557969178], [0.1348906573549765, 1.1665683406800278], [0.10112147842926197, 1.1928597215935346], [0.1566897418527821, 1.14608406856173], [0.08307917117753745, 1.2130040900460972], [0.4833395647608021, 1.054957116902166], [0.8002174999499018, 0.7156687671040092], [0.536908115446101, 0.9949171674967268], [0.8373960114447463, 0.6922557430645868], [0.9971726611531139, 0.3022415136014801], [0.9209252236714454, 0.6630034352101246], [0.7497145321520319, 0.9582378226203101], [0.7529218256692638, 0.9483284838552453], [0.6872397271847404, 0.9735930324038449], [1.0420958370457865, 0.24767438086691604], [1.0189423491169989, 0.2800296643555885], [0.5677062228849492, 0.9776036282531382], [0.16826147938771738, 1.1438581624344928], [0.49460218876483475, 1.029494030689587], [0.7649393363162902, 0.9022713379099836], [0.8955931084513503, 0.6666312836554824], [0.1310757167835304, 1.1711041534725353], [0.7733747320677404, 0.8817040517515906], [0.98687790916829, 0.30864684554142313], [0.8253520569852932, 0.7031591646263982], [0.4696863718283506, 1.0972524144944757], [1.0356515840901093, 0.24862737963184406], [0.4625549246993664, 1.1023876278883924], [0.7549704339378187, 0.9306107682998763], [0.05561207524210662, 1.231370343225779], [0.07772980018022241, 1.2157516499460599], [0.9312068686612363, 0.3987739389535318], [0.8143438659825428, 0.7112187947703625], [0.8521890720214669, 0.6900622191537058], [0.07333569119136474, 1.2283040151144833], [0.9473781317375103, 0.35316124381567193], [0.4783672351154119, 1.0785023667490343], [0.8925278204049535, 0.6735047269008697], [0.5023904269056018, 1.0196742967045187], [0.9648172610875736, 0.33561746895865263], [0.9562298492414179, 0.33949824431808195], [0.5163688731303863, 0.9998264704302955], [0.47304657871261696, 1.0858771710549375], [0.1795279011409678, 1.1331606185497025], [1.0133017356792728, 0.283320073946414], [0.9812185109369789, 0.31622858727310005], [0.12568826598032296, 1.1718630908714238], [0.7654389881453729, 0.9013250462398996], [0.774537918823508, 0.7787360688359037], [0.9305858563560712, 0.4007862803068041], [0.05175008976100384, 1.2342955186484563], [0.08862889486936519, 1.206982535741169], [0.09569211102226913, 1.199453522266023], [0.18587645967670954, 1.1303266467150597], [0.14384713541608043, 1.1554519266188135], [1.0070962967140125, 0.2877855852150702], [0.4919177201647207, 1.0350208517078934], [0.10513286692203763, 1.1889408051847845], [0.4796716790187964, 1.071339819694571], [0.08929808287795166, 1.2044346849723966], [0.15239130252917596, 1.146531814094133], [0.8819200491039167, 0.6815761990450941], [0.9810202183088471, 0.31991083008177634], [0.648958914946383, 0.9736223396821309], [0.5380588568065071, 0.9862462888775525], [0.7158552857095777, 0.9595961661444485], [0.4904715355871331, 1.0483501494385261], [0.0755646338644084, 1.2206721072970257], [1.0306916957152872, 0.2581120171836605], [0.6880013306907007, 0.9696821402699645], [0.7810872440513013, 0.7461850112684403], [1.0193793630454455, 0.27251600490238376], [0.9400281104731676, 0.36936945100398383], [0.9987989714824793, 0.2979532966472861], [1.0052375551878383, 0.29011110883322583], [0.5060323746063418, 1.0184616807591287], [0.4603189767452664, 1.1240300554481508], [0.11193375757022134, 1.1850828591904006], [0.7877923230443908, 0.7317808002859072], [0.5770009068598002, 0.9748810733347879], [0.7238248860690364, 0.9592602211330548], [0.9274980085859363, 0.6501849969049742]]",0.034931,14.58
DTNK3,MGPSO_feasarch_archsentry,30,100,0.005548,0.009680,0.842464,0.006409,0.796129,10.0000,100.0000,"[[0.05147788189968872, 1.2343316344467439], [0.47678665069572845, 1.0841236405732078], [0.8911090821033092, 0.6716419290969764], [0.5888421185994601, 0.9737266755834633], [0.8417749783275675, 0.6889877471048373], [1.0066521988783073, 0.29014158659327216], [1.030946029262976, 0.2550752650663184], [0.6362613894525128, 0.973259909866165], [0.8022640316219796, 0.7149427040669611], [0.13092611091394948, 1.1682092325721536], [0.9520067523982036, 0.34364634117846765], [0.5390110720303573, 0.9847673557181591], [0.20248453955325915, 1.1337419077687292], [0.9344623979239841, 0.3779216050712904], [0.45131534999999645, 1.127527295461801], [0.6639354511769673, 0.9728307550839843], [0.14622463914286998, 1.1580183588721007], [1.0371810508085668, 0.2527768903650643], [0.7738075860526692, 0.8632426613540021], [0.9421445104986717, 0.357142090330303], [0.45568967436818136, 1.11849941978295], [0.16625731625851572, 1.1427006999807943], [0.11475852855358651, 1.1794618368408538], [0.5543832348527702, 0.9778967880088096], [0.9801114645550432, 0.3151417980196449], [0.15225177589372157, 1.1509518262625662], [0.9307369847624842, 0.39158818612501056], [0.8598693841334192, 0.6810091046193183], [0.5368279887087168, 0.985408188031434], [0.5052658159164835, 1.0209598756631668], [0.7922732517377256, 0.7359467520904195], [0.04582269034240319, 1.236677214370946], [0.7415939272771057, 0.9519316291465614], [1.0147109661451412, 0.27841354160034004], [0.9306559041409928, 0.40351983728548463], [0.4937001395841179, 1.037834052329159], [0.0834906910278983, 1.2135233294837153], [0.2025991244718734, 1.1304353721879263], [0.7438674181280109, 0.9393548916704806], [0.07432149627981152, 1.2198570921020826], [0.06395536339923305, 1.2277429632883572], [0.07644096793963706, 1.215413660444242], [0.7808319276978378, 0.7546782179168254], [0.1382859994879994, 1.158059412979117], [1.0104499762806107, 0.28475178331201456], [0.5110195937322678, 1.0184391165471594], [0.5031220075748408, 1.0323507459538843], [0.7759418446886789, 0.7689810236069103], [0.19054674622414938, 1.1339046595005777], [0.47840767640886606, 1.0710946422436265], [0.11167880291961421, 1.1874794465650098], [0.98891692762731, 0.3100724531996178], [0.5263997529006776, 0.9902931090458562], [0.9450474443239192, 0.3536694820179246], [0.09365943236900343, 1.2014684706258003], [0.13269086581022307, 1.1648754506346448], [0.7607584811324195, 0.9178190740112586], [0.9626127533179216, 0.33119687022524186], [0.05786899802573979, 1.230815868017214], [1.0193614238812918, 0.2738391267344562], [0.9375502016209329, 0.3689905537573766], [0.7720249997376466, 0.9021300577893152], [0.4842028341760449, 1.065997751113894], [1.0040482842926757, 0.297041169676523], [0.7169309002499755, 0.9618014657412206], [0.7526888760314725, 0.9313580785213833], [0.6968125835135578, 0.967021272508445], [0.9722978376929418, 0.32184391272997304], [0.7660491534521374, 0.9116262865843481], [0.08529534661997903, 1.2073507506452752], [0.48700648162330346, 1.05984871779051], [0.7851798961873705, 0.7395975142181523], [0.4955965662980337, 1.03269080446857], [1.0413383677176244, 0.24546533714451096], [0.1563245215676608, 1.1450391484700755], [0.9008038236892107, 0.6643131033161735], [0.4762640767561882, 1.0948650536882487], [0.7744864121640499, 0.8024744080407409], [0.16952534024615964, 1.1379570060899264], [0.9941152561950709, 0.3021744185677708], [0.5211085421300297, 0.9992843970999565], [0.11996706523108547, 1.1742954698908274], [0.46086324725654665, 1.1153441356600562], [0.9384764339394326, 0.3637654934562775], [0.5838196531738427, 0.9770514615336916], [0.17582230119436268, 1.1374443874069233], [0.10036716773072986, 1.194033042063593], [0.5128468543354145, 1.0060429659586905], [0.10545906271545352, 1.1911162952974992], [0.4896215835740137, 1.0490261346484098], [0.9490193158785222, 0.3477206863736404], [0.8105693031569952, 0.7148438284588334], [0.7800709676592297, 0.7617277393853485], [0.46222992625484993, 1.1028059453178292], [0.8240885435369091, 0.705005851005795], [0.8164315626166346, 0.7062299338608107], [0.1274288385927815, 1.174273930885168], [1.0256686293764141, 0.26315849129718477], [0.9587149431209621, 0.34133442284025955], [0.8879986445743556, 0.6768344939222505]]",0.030696,14.90
