problem_name,solver_name,run_id,final_archive_size           [archive solutions at the last iteration],final_igd                    [IGD of the final archive],final_gd                     [GD of the final archive],final_hypervolume            [hypervolume of the final archive],final_spacing                [spacing of the final archive],final_spread                 [spread of the final archive],final_feasibility_pct        [% feasible in population at the last iteration],final_front_feasibility_pct  [% of returned front members satisfying all constraints],final_feasible_front         [objective vectors of FEASIBLE front members only; for honest cross-algorithm HV],p_red                        [mean relative error distance across all iterations; 0=ideal],run_time_s
DTNK3,CCPSO_strict,1,100,0.004402,0.007451,0.474449,0.004605,0.750120,20.0000,100.0000,"[[0.9172696481633698, 0.6601288695548907], [0.9670574534105019, 0.3268007871486801], [0.9210543080106809, 0.6547392641715559], [0.7615519021666932, 0.9217555030854605], [0.7973727257773555, 0.7185471459941188], [0.47424066234523804, 1.0857589668818584], [1.022336893519292, 0.26795165264896337], [0.5554533962720536, 0.9797846267653134], [0.11754514305572714, 1.1778667634478046], [0.4893053802847485, 1.0508427344468914], [0.7859569496834552, 0.7508271212384383], [0.10179295973550112, 1.1933973193275047], [0.8492141906393543, 0.6898800329158843], [0.6701456558502958, 0.9730387077655092], [0.905535450993808, 0.661486551865232], [0.47724663868392675, 1.072017032546005], [0.10607263095181022, 1.1875824520993246], [0.9613397897164336, 0.3336088710964742], [0.9316663085482334, 0.38046215578441833], [0.04207247777906163, 1.2383976091545905], [0.05481215565820567, 1.2314292174881805], [0.15832742537611566, 1.143631246605482], [0.45858702235445503, 1.1098300266156127], [0.7391647337377081, 0.9529080573236686], [0.7708754142441148, 0.878673696430103], [0.5624315773234352, 0.9788707321794066], [0.7739026140064575, 0.808627717661583], [0.48095077775136635, 1.059397015980824], [0.4558244478925055, 1.1254299924893834], [0.8828603430692998, 0.6753363760402515], [0.11259804914128681, 1.184853796974748], [0.9772925367615131, 0.3185226681841268], [0.20117071211377285, 1.129211759262502], [0.12099275921533258, 1.1726733554145103], [0.6045106588375312, 0.9734584279529783], [0.7958376760910603, 0.7288802342429834], [0.08321707085310477, 1.2095211769102], [0.18638440963035646, 1.1313532520841163], [0.13287379940510521, 1.1612304270582348], [0.7708854277954158, 0.8751983003594552], [0.9850779002762449, 0.31379041302740157], [0.7892802239451425, 0.7362804607155868], [0.5310908824870836, 0.9879677623762679], [1.0383570026451845, 0.241991393806462], [0.8291058217694238, 0.6956206707896031], [0.543101250831507, 0.9851558275992518], [0.07710993192962547, 1.2144987470019926], [0.4693157081146767, 1.0972709344553009], [1.0177770026791884, 0.27309443530939514], [0.12712935868963285, 1.167218629738786], [0.8038697080013804, 0.7137279304849145], [0.6984336536540409, 0.9718371536226236], [0.7750080549128141, 0.7773521213024817], [0.5167977344051002, 1.0026722175340228], [0.088698539923557, 1.204252988270636], [0.7474104444765433, 0.9352407665882725], [0.8130023766160852, 0.7074728295667885], [0.049117606683213653, 1.2360446955407862], [0.7766574815972909, 0.758150420435366], [0.7461495947354045, 0.9431288743943995], [0.7694838775763737, 0.894744429066616], [0.7181110218605096, 0.9632984599602641], [0.5261313053045464, 0.991043767771894], [0.929251222464613, 0.3978017806185373], [0.17533687572953038, 1.1334844666481925], [0.7751863971643037, 0.7765030213448174], [0.9352083515836981, 0.3706892977859539], [0.9279695843023162, 0.6513554600258433], [0.7318245259994426, 0.9570936936641627], [0.7606000776826602, 0.9282368047655409], [0.9417832135850364, 0.35808197221985216], [1.0076837157254162, 0.2858115441974257], [0.4686032648831898, 1.1045124433229527], [0.503385661793488, 1.0249873856299447], [0.8386554096418022, 0.6946703474521891], [1.0011625316291255, 0.2921129458478221], [0.9395839062104764, 0.36640744833100847], [1.0265750628703203, 0.2628615941294696], [0.9481071791402863, 0.34863632795437166], [0.8206427267639731, 0.6994240603205533], [0.4934181021957163, 1.034240677454585], [1.0351470542355155, 0.25009666463708125], [0.8748032611540325, 0.6758197017621257], [1.0122954814263605, 0.28003171714986863], [0.9303259322426646, 0.3913696173776151], [0.06958129080597664, 1.2217903078192471], [0.8963933755709155, 0.671168290812657], [0.14877441183910367, 1.1486616914720036], [0.9949214150105727, 0.2988187934337132], [0.7052928685327744, 0.967387421681033], [0.49176798599573807, 1.0382157465726432], [1.0319685229954467, 0.25698060003146117], [0.9901401288007026, 0.30502588489796856], [0.9565720028288074, 0.34294699126142436], [0.14159206187462747, 1.1546455242266094], [0.09635052287998754, 1.1991627575946087], [0.06276268312102179, 1.2277222560287244], [0.8705373630588538, 0.6863485435858481], [0.5888858937900593, 0.976051481694238], [0.16708143754337307, 1.1374310752396692]]",0.023657,16.88
DTNK3,CCPSO_strict,2,100,0.004780,0.009287,0.774122,0.004526,0.722566,34.0000,100.0000,"[[0.0654498581602144, 1.2237452054666078], [0.9406012819271696, 0.3605180792751091], [0.4706509192743226, 1.0891242737799502], [0.7188552917091878, 0.9584929732308329], [0.5211369249658468, 0.9942882979835115], [0.7534396995541466, 0.9359866113418718], [0.974324823608016, 0.32127001720332105], [0.16088707314578024, 1.1422932006295727], [0.9885913460530873, 0.30503814095392867], [0.5754832737411968, 0.9741852298602669], [0.5583320060053915, 0.9785416285735244], [0.9507720854716477, 0.3455798690874111], [0.7742867714389781, 0.8567654571135375], [0.7906559257935328, 0.7310867806773216], [0.5535221577965015, 0.9834889852043689], [0.8010484401678026, 0.7264542805256218], [0.7839264876276257, 0.7471919834033154], [0.8036489630811289, 0.7211579901094627], [0.042392658502247986, 1.2386676076031926], [0.8497582210198859, 0.6867747101766475], [0.49616562503860545, 1.030426845134318], [0.9325891962241416, 0.3879357832573654], [0.8771447918594377, 0.673788419330661], [0.15379098671024968, 1.1459762927881756], [0.8222420923588876, 0.7120647114388194], [0.7655148903602611, 0.9016924702991655], [0.9442502224850157, 0.35373068098125265], [0.7761068800315684, 0.7629250979633779], [0.6403914033072052, 0.9731400081790811], [0.12408733961895, 1.1705240098097052], [0.7727010218803665, 0.8675319740556728], [0.8407758392599551, 0.690156724180593], [0.7570663523885777, 0.92342397737911], [1.0161973614194995, 0.27523350883115216], [0.9604112090019925, 0.3346591943723367], [0.46810453956196596, 1.0995169823935989], [0.7709491251756252, 0.8828949589381996], [0.7779313957749231, 0.7582903066457058], [0.05143297262822485, 1.2334884716741625], [0.10656130535046407, 1.18685327492743], [1.000350538242593, 0.2957808452000067], [0.7696885240964337, 0.8960818160688744], [0.1351901549459727, 1.161208541885286], [0.6944942601773545, 0.9684837450460086], [0.8576940971900492, 0.6827458014856287], [0.09312533447378, 1.2017364939474624], [0.72787492464266, 0.9558389754619954], [0.929045268150219, 0.6482904714064623], [0.05944158606175439, 1.2284056810092063], [0.9936280776104784, 0.3003905701859654], [0.8917010450182905, 0.6678818241510358], [0.9291505735648712, 0.4027152069367056], [0.8728180431714976, 0.6767731876636647], [0.4817147784248737, 1.0614863909215604], [0.9549429785424314, 0.3407793670493568], [0.5023088703586364, 1.020999865622013], [0.07214740268567821, 1.2204202843794754], [0.8257258340360054, 0.6977716126652893], [0.7756920167128937, 0.7963587195798876], [1.0114690523747385, 0.28056232997056124], [0.9063162964346051, 0.6613684336700907], [0.4632265484080535, 1.1087565548392364], [0.9367697505174796, 0.36757633024267566], [0.14733642991330534, 1.1500643213597146], [0.9337305926606356, 0.3757356701617014], [0.811154836183544, 0.7135001331485742], [0.7863162195737176, 0.7385011681896083], [0.11349498150838724, 1.182774472434462], [0.5364200387449326, 0.9894234367452366], [0.5828395010294747, 0.9737251442820838], [0.5109132855646431, 1.0109977706091702], [0.5152236494763976, 1.0013124812597811], [0.7625044776222174, 0.9217756935952519], [0.11865312568065113, 1.1771017646581972], [0.4765524750168197, 1.0811200607450149], [0.45778134253372166, 1.1186708478911334], [0.14231441386053323, 1.155060442627746], [0.19231417732350065, 1.129911098870916], [0.8302806957937641, 0.6958292285298213], [0.9661274463855692, 0.32874563457996464], [0.48971913962115937, 1.0390847194287756], [0.9837301017896809, 0.3138465138862798], [0.7437324055755347, 0.9431245047998018], [1.027639450661758, 0.2601563136976044], [0.17107332717325588, 1.1350277033389695], [0.926028210821614, 0.6582346006051671], [0.5966168316918643, 0.9733452286983375], [0.10058716497741765, 1.1939543827305636], [1.0338180391334286, 0.25146872929853287], [1.0219653618332294, 0.26806953870664535], [0.48067321450838, 1.072206836381647], [1.0076612128144073, 0.287140929956453], [0.48715752754714925, 1.053520424244132], [1.0386277970639983, 0.2422213878532679], [0.6760479752866344, 0.9719214610895421], [0.07882601023365526, 1.2167480435675992], [0.18129628221211586, 1.133110437853016], [0.08514482798858414, 1.2119621846565818], [0.5450972094208201, 0.9860188648782977], [0.13004862652100968, 1.1664786114595547]]",0.022166,16.42
DTNK3,CCPSO_strict,3,100,0.004075,0.009113,0.585112,0.004533,0.721038,18.0000,100.0000,"[[0.4589440987585087, 1.112585128061264], [0.19660725728606987, 1.129840488122827], [0.4857402540501409, 1.050522760249562], [0.10679405975298224, 1.1889436960222728], [0.6156945160473949, 0.9734570502801871], [0.7893595894433818, 0.7338733913508835], [0.5193768405796592, 0.9950634442463784], [0.7667903457191579, 0.8950413324899937], [0.5328310068508673, 0.9876339473303133], [0.9244988831385605, 0.6503053708209379], [0.6749462970373776, 0.9727726414084181], [0.1170045397377138, 1.1773603478219778], [0.11063195896829221, 1.1834679918135842], [0.151774302930829, 1.1464510607076042], [0.8583131680243747, 0.6845337629728152], [0.09645116385510547, 1.1986265194287402], [1.039045957026751, 0.24333735879842824], [0.5433163261012154, 0.9864009835269487], [0.7834288991844145, 0.749484570795864], [0.48996333495918537, 1.0422376285706576], [0.9666901403009396, 0.32788658430129336], [0.9557613512092653, 0.33899381199599643], [0.14438096300353068, 1.1518317566825405], [0.13890025880128648, 1.156305804985546], [0.4817282870017471, 1.0574720713478283], [0.7382158164405027, 0.9523125319876016], [0.9427820718010554, 0.3568414382364231], [0.9856234688787864, 0.3089806864186341], [0.5761861942932148, 0.9754150283878276], [0.15991125660849353, 1.1403988382486583], [0.07817249866128352, 1.2137736947884925], [0.5090657294317378, 1.014969878265389], [1.0352264114082437, 0.2525719817940948], [0.10181702381614854, 1.193810868994589], [0.7412157966078329, 0.9458350021204736], [0.9347944402878876, 0.37262628139166376], [0.5613705599276786, 0.9785019049746997], [0.7868946329437218, 0.7449682100592645], [0.47191967732804335, 1.0903619888076204], [0.7616187801990745, 0.9125520937143985], [0.8653742827683798, 0.6792387031395428], [1.0293868394878711, 0.25971604651940616], [1.0042994302505759, 0.2895958589600942], [0.4747596795666275, 1.0788803262884517], [0.4778919927775473, 1.0717548435741369], [0.9726159340446581, 0.32105181439254743], [0.938774362383662, 0.3659947373098006], [0.7129787156165222, 0.9633968157858417], [0.5125721114394449, 1.0073253613299493], [0.7762207689147509, 0.7693272135033777], [0.7735017941822931, 0.8165765982758215], [0.7731096679032823, 0.8512449559749593], [0.9983870286401958, 0.29478677483521715], [0.8767050695772916, 0.6742885628841917], [0.5150074649043996, 1.001589522957955], [0.08537093202621594, 1.2090230481884285], [0.5011195492541658, 1.0205155389041192], [0.05738870195588368, 1.2297459010311178], [0.45998953979203633, 1.1067920097192405], [0.9616584421342474, 0.3334179687221629], [0.9792282044053332, 0.3147168706035108], [0.5257235774681807, 0.9927345530881924], [0.8153512319873414, 0.703253334765185], [0.20352622913845678, 1.1294964351234225], [0.8992332062322129, 0.6669033949041745], [0.9924316124803729, 0.3026433221128813], [0.49801097396248595, 1.0320174894971605], [0.9292589038869906, 0.3976732872794201], [0.0730841111284321, 1.2199649209966654], [0.8914307971864812, 0.6739852350349171], [0.18224520435721697, 1.1317060924018347], [0.848507633410383, 0.6888500118041816], [1.0112691934512101, 0.2814109742664802], [0.6900659149224591, 0.9713793648282507], [0.7751172216483031, 0.7856657287576543], [1.0236753734055009, 0.26713438048126587], [0.16895121228839374, 1.13569877749882], [0.7742398649677114, 0.8017724066439562], [0.792465161017609, 0.7232730790537529], [0.7222240376312999, 0.9588221856806396], [0.7716729197411627, 0.8755549109017724], [0.8355149437059401, 0.6922097325560923], [0.7687351241314706, 0.8917415552076324], [0.8061035709850599, 0.7122986688073751], [0.12536830204750465, 1.1686910476745558], [0.06706998392289165, 1.224972270415807], [0.09051155530293528, 1.2037545830059806], [0.7966521865882004, 0.7176362514605654], [0.7495655074013098, 0.9347811812253215], [0.042604399689728095, 1.2380779227290646], [1.0179008063589492, 0.2753559627966987], [0.13457687247995226, 1.162221614941757], [0.7646026922898835, 0.9072280538615114], [0.9035804496607888, 0.6615156319514717], [0.9492221706622881, 0.3483202470551584], [0.04991732017465821, 1.2347683973677308], [0.9219534300920711, 0.6608016354040483], [0.9308193215574009, 0.3834078572220127], [0.13116431180073407, 1.1639187312683736], [0.7310208853595279, 0.953575770180954]]",0.024359,16.40
DTNK3,CCPSO_strict,4,100,0.004923,0.008216,1.022329,0.005854,0.773906,28.0000,100.0000,"[[0.5532373706274263, 0.9810258462082904], [0.7740614092665148, 0.8220673985126679], [0.4630591441019998, 1.103211755686469], [0.7826403749215989, 0.7433869727295763], [0.11620916063615279, 1.1780369862970135], [0.9244087217869426, 0.6501889506040182], [0.976011509958072, 0.3175917548434225], [0.7628679510222629, 0.9228136080515128], [0.4719519858411216, 1.0833113396889418], [0.7783219138188893, 0.7522324848207818], [0.5138198112167687, 1.0004700954749872], [0.9381519225487215, 0.3641665996517136], [0.4870841492028946, 1.062436149356265], [0.47749021808067815, 1.077785585116722], [0.7961826576589948, 0.7182653649722637], [0.9720762947576977, 0.323119785742984], [0.15914286145992074, 1.1429400762036146], [0.9987311051361429, 0.29729191174071445], [0.1955106679147302, 1.1302758345888333], [0.8641572082154334, 0.6820323407596569], [0.06314755298171006, 1.2262885353590094], [0.13079340985613386, 1.1659874587691224], [0.9490639152027378, 0.3485307973288869], [0.6185788957309181, 0.9732511317901278], [0.772090190425694, 0.8752766499818305], [0.8750164195016444, 0.6761825966835534], [1.0196093477981323, 0.2709825403564904], [0.4796146585599727, 1.0686236871597883], [0.6787256244179942, 0.9708761378813768], [0.8964572801655786, 0.6666254362246296], [0.9815599404975757, 0.31279199444887773], [0.9548773364215571, 0.3409523062150632], [0.08490038061593697, 1.2095331491891281], [0.5447547938627959, 0.982856394028848], [0.12199026133449803, 1.1724875252152587], [0.7934282976385357, 0.7269503971875253], [1.0383933479640672, 0.24181997730051208], [0.14267449212037572, 1.1537575472163293], [0.8169851309946017, 0.7033616529767852], [1.0292162739382074, 0.2585223319004013], [0.7445121367064543, 0.9398570688463663], [0.18104811083885214, 1.1319264592952267], [0.9154660216290782, 0.6567280950635677], [0.05022779279141671, 1.2347820666698106], [0.7069401558562722, 0.9691076396172826], [1.0024796716666717, 0.29106435877959197], [0.7275663798396798, 0.9647743690293036], [0.46776353194369946, 1.0935699557679277], [0.09138457272137482, 1.2031246237415172], [0.8098421883734711, 0.7090554626413688], [0.7114184936450267, 0.9668332748166546], [0.7426505769346721, 0.9583581813312143], [0.9303367352680096, 0.3870396352167031], [0.9348881397048064, 0.37104324943155564], [0.11175648567215388, 1.1847008561984178], [0.04166436666882882, 1.2384498520518394], [0.8066845326297732, 0.7138816843209781], [0.9342870249723538, 0.3811107721339481], [0.9863386320346161, 0.3073398307824453], [0.9936702554799066, 0.30440855625432367], [0.13569909126339028, 1.1594790268768354], [0.8272210837677267, 0.6969910263620236], [0.9422199595042154, 0.3571736786320209], [0.9600401801617338, 0.3363839912960287], [0.5051019445186318, 1.0116083212958973], [0.5265560707186143, 0.9907340902215156], [0.17102117919197501, 1.1363018613880633], [0.9092669603139389, 0.6623934005709446], [0.48769811632467525, 1.0500788958895908], [0.07068598190814146, 1.2211048900122101], [0.15113335210653056, 1.1486431493795084], [0.44953699133088026, 1.12785988886742], [0.5663542291109059, 0.9754064912344376], [0.4899620044543011, 1.0393420621511487], [0.8443755303773025, 0.6880209019908792], [0.7694681701051644, 0.8876867486185693], [0.5340620923328776, 0.9864732068375013], [0.8575126500030572, 0.6867416550859802], [0.7751860753276083, 0.7941605022530198], [1.0241021314483707, 0.2650131096376496], [0.4598566563506808, 1.111587650929566], [1.0110474840556045, 0.28149740785867017], [0.7645097640886781, 0.9101952476997408], [0.9649549793796512, 0.3294282556879865], [1.0092436595612722, 0.2868610538528918], [0.0993604585541878, 1.1983426377755895], [0.7853355417373535, 0.7332187239443686], [0.16626415618217938, 1.1425045151702446], [0.49453966789342335, 1.0314978074564696], [0.7612658777939056, 0.9335576660879907], [0.7511223741251928, 0.9378529537259197], [0.056309654022217596, 1.2301943284495818], [0.8878546794501917, 0.6735502051390152], [0.0771768252439334, 1.215103136713156], [0.5024448355956479, 1.0236706216412148], [0.10506021528544901, 1.1904777303469796], [1.0345255309086756, 0.24995553906769247], [0.5653292665263097, 0.9789128707203676], [1.0178856052656373, 0.2793502193669418], [0.4560678992462293, 1.1191897397289043]]",0.022936,16.69
DTNK3,CCPSO_strict,5,100,0.004088,0.009990,0.694642,0.003660,0.704435,24.0000,100.0000,"[[0.6790475600826669, 0.9719954244751126], [0.7435306443367113, 0.9455962854217004], [0.1282972849015138, 1.1658422061752038], [0.48864972067188744, 1.0512103789343277], [0.5127295183382335, 1.016902790875016], [0.7655399678201984, 0.9117039081373488], [0.9319912871815207, 0.38108161180652317], [0.7726093454232229, 0.8589048665426924], [0.9294294769112342, 0.40519861132333146], [0.5673248133382782, 0.9765301581188421], [0.7918800314545169, 0.7262719286393962], [0.46294037476376987, 1.1080448475107536], [0.9019997504671391, 0.6657126937405494], [0.18208042410058342, 1.1312946902487155], [0.8704323322788934, 0.6830430567708563], [0.4750410834156124, 1.0870453540394245], [0.5384689440759232, 0.9844042084579696], [0.09589855099867203, 1.2003359433226404], [1.0179628724093202, 0.27322182776822423], [0.7361551881096173, 0.9535398360852656], [0.8142775995288157, 0.7083944684247054], [0.7745885976433378, 0.840573383776223], [0.46825587989717093, 1.0917135316731594], [0.7213379399315378, 0.9627222377825193], [0.514642969566173, 1.008325332464129], [0.17093977431156607, 1.136390667660398], [0.7913624713327443, 0.7425780711027539], [0.7726993802698641, 0.8520294714460444], [0.6726314861444109, 0.9724486630750493], [0.10752859415252342, 1.1861729521591604], [0.20011125181244843, 1.1290910994931145], [0.93826529450298, 0.3660716260184343], [0.15682063662381454, 1.144692036898889], [0.48128324653371785, 1.0585032712809486], [0.971715338577314, 0.32383728597299133], [1.0385946888136572, 0.24188689373727743], [0.13506443222838838, 1.160852260961525], [0.14912033963317312, 1.1484619963814062], [0.4549015817803427, 1.1179304515961352], [0.9266346075048189, 0.6491876882952079], [0.7749716974882581, 0.7802591267569579], [0.9600247521714357, 0.3353671516181009], [0.8206336426307665, 0.6994033948530216], [0.8006145747226497, 0.7143844163542443], [0.8813370592103276, 0.6755148106072841], [0.4945243510314202, 1.041449922163298], [0.042382919241707326, 1.2385146255707913], [0.9164476595421834, 0.6555870764669871], [0.7838342469018004, 0.7457897673704101], [0.698222149487198, 0.9677210098509408], [0.7532465359893589, 0.9430430769035341], [0.8274127306135722, 0.6986771448222286], [0.9669719974389541, 0.3308888555845457], [0.7746106361147425, 0.8027241298663166], [0.065131745843722, 1.2243233499349435], [0.9461563184952572, 0.3524852635801785], [0.9426162941752312, 0.35916965495490527], [0.5203365957720406, 0.9946449057731581], [0.9535862930941595, 0.34162957998681365], [0.8504606597458235, 0.6915931813412316], [0.7687123031290475, 0.891093250797387], [0.8378421226360291, 0.6933309296008625], [0.5770409956393047, 0.9741801326859771], [0.49661430593195416, 1.0261576268850763], [0.9953788982777901, 0.29784194666479213], [0.07730910683780146, 1.215331073745862], [0.05839373625658195, 1.229206286215402], [0.7777643770261087, 0.7568546493128314], [1.0020914463122201, 0.293893577269941], [0.4770188718049296, 1.0698426379227992], [0.7567461527699237, 0.9325311063890189], [0.9899792614659294, 0.30594513693018255], [0.11645841286764246, 1.1769580588822015], [0.5013530482163645, 1.020749642653154], [1.0075612072362243, 0.2886354974727046], [0.7759950697361349, 0.763938274731796], [0.5526077716476504, 0.981056312270767], [0.10341357230734115, 1.194318277041208], [0.07319525143150127, 1.223825839518342], [0.7599063339045223, 0.923943578810984], [0.9342675502608524, 0.37345039465262014], [0.9295250061207339, 0.3929457715542723], [0.4529942924997706, 1.1261210379270656], [0.7976771152178455, 0.7175442350955454], [0.16109856563164268, 1.1405777447999088], [0.14007379246774965, 1.1549297453481737], [0.9050079745123146, 0.6610533023883711], [1.0243162792610594, 0.2680312780439684], [0.051284167636651425, 1.2342385354616825], [1.029272232561344, 0.2583587924957973], [0.8544817643950404, 0.6856971446674687], [1.0342782322779014, 0.24955981010963366], [0.5330646189737869, 0.9862471612340038], [0.7222678890641836, 0.958156937777257], [0.1897492712602343, 1.1300000170702003], [1.0166683502003475, 0.2832979948909675], [0.09057466599495292, 1.2090466889889002], [0.8888629937136949, 0.668857835719403], [0.9803057062783312, 0.31515292832149483], [0.12409594029292703, 1.1709991093939167]]",0.016958,16.78
DTNK3,CCPSO_strict,6,100,0.003959,0.008924,0.738869,0.004036,0.713213,25.0000,100.0000,"[[0.7802925175372185, 0.7452056168955781], [0.7156863774015958, 0.9634093654988769], [0.9563510411038341, 0.3383951260531868], [0.7422248599092031, 0.9415881655214369], [0.7560484927344067, 0.9341354506723343], [0.16081774992862924, 1.1404006795170605], [0.9062358158165419, 0.6637908406786575], [0.14374034121182044, 1.1528829807355867], [0.7763002931592367, 0.7839964786945148], [0.5141280537632316, 1.000797260431112], [0.12177366556834765, 1.1725749068717946], [0.7868590797515445, 0.7334631807734426], [0.9940637564190352, 0.2991727911398343], [0.7221961638008731, 0.9584646869536382], [0.842385249837709, 0.6912425469700951], [0.8725183429613289, 0.6773063638387935], [0.5595783555010225, 0.9777700800134494], [0.930904128370127, 0.39937239634822563], [0.6750125129471851, 0.9716744556109453], [0.5075342283647997, 1.0204645288773868], [0.7737989857657229, 0.808526556555248], [0.8602324985964733, 0.6837043370037762], [0.44703383195105334, 1.1297463724846968], [1.0130656321157545, 0.2808340942953963], [0.9204835968158422, 0.6531367671842048], [0.7623354048324356, 0.9104564271417999], [0.9353457487857249, 0.37289752735429477], [0.8105118977426533, 0.7127131295045632], [1.0164761776892246, 0.2749055343492599], [0.8727293597488965, 0.6756505134857838], [0.7946553223352177, 0.7265773426748225], [0.9124402306017083, 0.6614189262721337], [1.0389429472315022, 0.24284102568491966], [0.08034727642863451, 1.2117408180122162], [0.7683219063201718, 0.9014648553866769], [1.0072424935070539, 0.28578931031450927], [0.5763314746668341, 0.9757471426958713], [0.7315315998605223, 0.9543277209414491], [0.12943367864945865, 1.165122909407087], [0.97398851018746, 0.31965846635430084], [0.9493004968745011, 0.34742186170676226], [0.5132275760843483, 1.0127408168467575], [0.7993387188322062, 0.715472499434044], [0.5865770851329617, 0.9756774703789517], [0.9266174880860216, 0.651107438859501], [0.704688815382869, 0.9651840600553763], [0.9672950675577628, 0.327654189893938], [0.07412865182923264, 1.2170927271783265], [0.7509022103901499, 0.9355085437137591], [0.8920706527554605, 0.6737867196789825], [0.49849327749980865, 1.0241176516433381], [0.8471408151045408, 0.6883959122668251], [0.8170095155567842, 0.7017562845640068], [0.9399182021767688, 0.3658879506035232], [0.19171223882188204, 1.1302530369508952], [0.47057492264203477, 1.0925292549681263], [0.4580662426656305, 1.1218989455230057], [0.17816443572957857, 1.132490676918417], [0.7716039382512261, 0.8771511497727971], [0.15073472350749167, 1.1476380408319378], [0.10432976463658858, 1.1909939586348786], [0.169753613188957, 1.140250479195824], [0.042369191041341875, 1.2388407183962584], [0.4836439241973516, 1.0526829196784129], [0.9890217921640575, 0.30584674199082695], [0.11445078903777053, 1.1804819468981578], [0.13685888339659816, 1.1611313709565672], [0.9302384480607031, 0.4110611722872226], [0.9435805776950353, 0.3574831392668014], [1.0216122903410654, 0.26849372359801355], [0.08793405393201453, 1.2048343962630053], [1.0024254324326138, 0.2935623409159351], [0.6173595015391671, 0.9747151218932515], [0.9618747385522551, 0.33215967631540033], [0.7359243754349185, 0.9474120103596182], [0.46480800612880496, 1.1027516808627595], [0.9818480096406845, 0.31400326304752685], [0.06634936441049166, 1.2230375472093626], [0.5267415936015701, 0.9953127970492455], [0.4784466066876845, 1.0730646282848268], [0.6185494952212574, 0.9733323407788299], [0.8962764625589948, 0.6678048354920596], [0.4938468965036075, 1.0365751302472586], [0.5337279640565097, 0.9848584634882056], [0.47371126316097123, 1.0795538112358138], [0.7599028933074363, 0.9202268824727666], [0.8296965617425764, 0.7009662369050067], [0.6875083236751727, 0.9684936659544763], [0.7780956083597048, 0.7619614856068213], [0.05065627561239601, 1.2336914653638689], [1.0263632146417923, 0.2627902188035398], [0.4899505703780035, 1.0399615599465302], [0.0968092029398964, 1.2001459603952809], [0.10854576526460044, 1.184866941507244], [1.0350061557709305, 0.2539834002735533], [0.45906530754329916, 1.1094149129762996], [0.05854060618584676, 1.2287365918242268], [0.9317058288300548, 0.38028405966545575], [0.7741727971078978, 0.7874826351917796], [0.7001335345218409, 0.9670204917793026]]",0.018287,16.51
DTNK3,CCPSO_strict,7,100,0.004441,0.011609,0.889508,0.003304,0.681005,27.0000,100.0000,"[[0.814951845528012, 0.7067909586638208], [0.7156721714549563, 0.9627270753968309], [0.6261341368222395, 0.9737315217073603], [1.007933431419042, 0.28655461693592243], [0.7700819924595171, 0.8806506113442718], [0.7842982932795622, 0.73808502555025], [0.9291774901044096, 0.3963327157720348], [1.0384339331926475, 0.24213145368578226], [0.19178442248197813, 1.1299413857010252], [0.11665069080049151, 1.1789803762711795], [0.4767995833287906, 1.0781851592593859], [0.7513484698665427, 0.9461990074023099], [0.7809181207957041, 0.7485166977892646], [0.9282563561809523, 0.6497929694835156], [0.5488229538812412, 0.9797902181180929], [0.5145745958303667, 1.0154619750992446], [0.16796167675059348, 1.1373746028210487], [0.5402217981836311, 0.9869836761990556], [0.9889853691148804, 0.30642000487404775], [0.4937698628600388, 1.0421957135665258], [0.9741853602971979, 0.31972682096756155], [0.955918828621932, 0.3390475440496762], [0.7621979519812067, 0.9169291837725391], [0.45661706395001805, 1.1138903304062464], [0.9629246918094628, 0.3323326847319242], [0.8355313217417738, 0.6940537579621961], [0.7486458427748889, 0.9472877767645858], [0.604921246273757, 0.9747825145030948], [0.5218018327665737, 0.9957495997752959], [0.9315685226006064, 0.38144062041161036], [0.9075817769205986, 0.6641415311922185], [0.9346627526839077, 0.37388202582659874], [0.572063263731452, 0.9765684426545931], [0.7743222427371288, 0.819113697003053], [0.881236479739511, 0.6722316126752014], [0.09652841824312847, 1.1978753124069526], [0.4674063741153144, 1.1080621394889147], [0.9814029301868906, 0.3124666446396176], [0.7344267914706726, 0.9504635753882591], [0.9430371312378772, 0.35859923013156136], [0.7753148976381139, 0.7775618766333687], [0.8012676884855747, 0.7210467291282694], [0.861451877381664, 0.681674983324863], [0.6896490644575134, 0.9704352734583614], [0.9195005655067302, 0.6554855685256504], [0.49651990891843273, 1.0283614929934537], [1.000666673311577, 0.2940200351281623], [0.842974818525085, 0.689573228698084], [0.07603768763645943, 1.2153880453004173], [0.14015958284518104, 1.1558924527887198], [1.0347192790292805, 0.24915232071556037], [0.050252171666297384, 1.234382942323824], [0.9943681673370218, 0.2994321447824989], [0.06790372214598546, 1.2226423036973189], [0.47218398230591635, 1.0952660746441796], [0.20593038333263697, 1.1299048391709527], [0.7779099555702933, 0.7619267814143116], [0.9396585110529778, 0.3668663125221094], [0.6730289199872125, 0.9714056759590919], [0.773372299085829, 0.8349445897807273], [0.5782337208676835, 0.9749504185197984], [0.8082839858245467, 0.7114182024482265], [0.5043128853830317, 1.0211193936797176], [0.10379407619071504, 1.1896119569374237], [0.7549851371028335, 0.929810520224134], [0.8725165343988055, 0.6773160949191812], [0.04255321311163245, 1.2385828437509103], [0.7221080019570444, 0.9620924778167288], [1.0301567644208134, 0.25629759433017485], [0.15944553211385956, 1.1411679299561426], [0.8922285132683272, 0.6701827123084583], [0.13456697751733782, 1.1596749002552706], [0.45187510283624216, 1.1281645234122402], [0.7001849873792625, 0.9690556027437316], [0.7945724934633895, 0.7307534041244224], [0.0846098261254067, 1.2095422831183331], [0.6227992673765603, 0.9747742204812946], [1.0131123494538679, 0.2794388590984185], [0.059246324442218175, 1.2293402511103544], [1.0184991124820293, 0.27326292510857836], [0.8509364127281743, 0.6853153476636695], [0.8960543636922899, 0.6657176021797455], [0.12768038922678832, 1.1671364227002723], [0.17954558105464904, 1.1353696976675827], [0.1484803113613839, 1.150853145103367], [0.7718798094810322, 0.8746905068387749], [0.15737944179658575, 1.1478078733083872], [0.09065734967593717, 1.203572985445734], [0.48570979170438533, 1.0481674814433761], [0.12188254018705663, 1.1718550280721913], [0.10875486218375607, 1.1856383906634338], [0.5298278304136602, 0.9884042075920567], [0.5154450455566761, 1.00640332398793], [0.4819475816288377, 1.064180273384119], [1.0258874927453212, 0.265818774921209], [0.830262176115851, 0.7014267344402794], [0.9491757677598107, 0.34941720871614174], [0.7679056342107831, 0.9112298399035628], [0.4739149276123705, 1.0856704890208546], [0.969886548985832, 0.3268890991896476]]",0.024428,16.82
DTNK3,CCPSO_strict,8,100,0.004371,0.008753,0.616424,0.004368,0.747978,22.0000,100.0000,"[[0.5068376539610232, 1.0202389936758132], [1.0055343615080163, 0.2871907115787615], [0.8566577939066622, 0.6823414679529386], [0.49108841435516576, 1.0407224205448187], [1.0177169555079788, 0.27397252759058016], [1.03849055228746, 0.24181736833907033], [0.9397300819269037, 0.3690221611217683], [0.5281062908389338, 0.9945902729538121], [0.639880280369381, 0.9742380262772647], [1.0315045869057573, 0.2546493406824255], [0.8239260648965665, 0.6974563377154152], [0.7757110159015065, 0.7783344302693633], [0.5714583687489532, 0.9758689816211439], [0.129617897957323, 1.1647382729865474], [1.03497820265925, 0.24824568692657756], [0.08625651429215406, 1.207009833521123], [0.46896715262826244, 1.0890729868441045], [0.9751230590573347, 0.31875009479770733], [0.5351896613093846, 0.987922938767255], [0.8076211330234898, 0.7081508803434118], [0.0994199728463232, 1.1954603495859426], [0.9478822190867726, 0.3499579292167221], [0.49711600842237086, 1.0315821857133567], [0.9422280915217367, 0.3573524818462279], [0.0417806262199736, 1.2384276672523535], [0.7543911280144853, 0.928616282639394], [0.596164446937337, 0.975380094667792], [0.9518212717324853, 0.3448235155866667], [0.983055723776924, 0.3157143383094123], [0.775788310004563, 0.7707458030878558], [0.5213527664015295, 1.005629609524231], [0.04915067398136431, 1.2345897029780393], [0.9656139919416207, 0.3294512883938081], [0.8380985045473804, 0.6909808965634339], [0.8724497171472562, 0.6760625463022958], [0.15716148749345227, 1.1462774222976362], [0.9713706274190497, 0.32284381158012176], [0.0747875711471433, 1.2163483109945321], [0.7904820796213288, 0.7369033487542773], [0.9164707795844432, 0.6575413176985904], [0.7953084107289232, 0.7264792683185], [0.9066155590766936, 0.6612345325190158], [1.0244004966883045, 0.2680007848328096], [0.17457577236788943, 1.1338766785968828], [0.7303618228373263, 0.9590995210643269], [0.5090527446034728, 1.0066321813312133], [0.6705783465377473, 0.9726586655603982], [0.9564582324769805, 0.3400042738564829], [0.5835516335339423, 0.9755211980289842], [0.08029552793350712, 1.2120391113213296], [0.18529843804595386, 1.1311290619628833], [0.9233231257929887, 0.653295902347938], [0.8870408068742479, 0.6706057424801484], [0.5408369822802066, 0.9830567934656576], [0.14779978191707566, 1.1499053310866574], [0.19822374624901612, 1.1293710321527688], [0.46340146415695266, 1.1134870367857033], [0.8696069560895804, 0.6776426701137508], [0.5581527731734349, 0.9777638135046092], [0.4879264026674792, 1.0537666904492426], [0.45482904893256804, 1.1189651328119383], [0.8222218076926237, 0.7074644874280522], [0.9851834732384459, 0.3085945096658763], [0.7514833719910858, 0.9332308175870712], [0.48428490633281057, 1.0637688327756312], [0.056205494833369264, 1.230462089439436], [0.46650269365975816, 1.0944100603836724], [0.8959301531856653, 0.6659066440109653], [0.14154816131648507, 1.1536598671318596], [0.9598144424674696, 0.33428551798611744], [1.0280320234784055, 0.2609510160823323], [0.10691343263263334, 1.1878766017048699], [0.5514461661563558, 0.9809659912500075], [0.47843701410975426, 1.0764103222838148], [0.12349894675873324, 1.1728142611915093], [0.6970577085742649, 0.9684687414000659], [0.4996995532107337, 1.022102505298628], [0.7065166584406681, 0.9680278196044436], [0.7689624609858278, 0.904589328412247], [0.11487157964329422, 1.1792198649737182], [1.0125044805907617, 0.28164430482685787], [0.9335141153133417, 0.37759447837671944], [0.8442986524879377, 0.6887592870461625], [0.09235850761863534, 1.2007060953518596], [0.9297574456452267, 0.4005381902074412], [0.06405518982048787, 1.2257543715921362], [0.13634828012531344, 1.1583649109534226], [0.773796878499674, 0.8128814633057617], [0.9307394713288347, 0.3906753316616395], [0.9917918408745121, 0.3015695603380355], [0.9984925011261994, 0.2953245303054946], [0.7617943238922231, 0.919607942259431], [0.783295182790507, 0.739925167913466], [0.06913454602358109, 1.221245664379872], [0.1644588689487342, 1.1396852092002607], [0.7810474835481622, 0.7601028917126744], [0.6818869976015483, 0.969562214171044], [0.7707326280918025, 0.8981203141023935], [0.799209665997949, 0.7182774353006105], [0.7110568144556783, 0.9642313704746668]]",0.020328,16.27
DTNK3,CCPSO_strict,9,100,0.004659,0.009161,0.769630,0.005823,0.784801,24.0000,100.0000,"[[0.7059285277129983, 0.9660072272081697], [0.7794618040206873, 0.775178205105173], [0.49687999269245675, 1.0279738092477604], [0.7975518592327768, 0.7187901380792663], [0.14886520525002805, 1.1478115943499563], [0.4629448067846391, 1.103385044922269], [0.5437534396390344, 0.982327132197033], [0.12713443352538087, 1.1678569541145747], [0.5900633061585019, 0.9743314727980033], [0.9210971120249849, 0.6588736098718619], [0.8770904010562708, 0.6738112992500765], [0.8088197822348118, 0.7073240991144554], [0.8747985380840761, 0.6796077616177442], [0.7728065592469505, 0.8584240928944025], [0.14262665461569476, 1.1530944977547923], [0.9305868229404093, 0.3850986155751804], [1.011304180389561, 0.28084185300734915], [0.7853831392645009, 0.7369966698975494], [0.07947875467449367, 1.212587861753047], [0.9225117683978068, 0.653035600403338], [0.04192988052797033, 1.238331468382757], [0.9489694495457605, 0.34910101343280286], [0.5067407876027008, 1.0170653112702188], [0.8028156646778013, 0.7148098229509887], [0.7182442670008227, 0.9658143176416005], [0.7440474841735395, 0.940678761034953], [0.15885355580837845, 1.1416965450393668], [0.5280713732926706, 0.9940986784149619], [0.8345824407927473, 0.6945852133170645], [0.13517137580793612, 1.1590829779192857], [0.9019192238952423, 0.6683666209751651], [0.47837543716751246, 1.0761068627254073], [0.7834732819037487, 0.7487707473357728], [0.9656623287420446, 0.3288325666951575], [0.4692118455156567, 1.097943489352104], [0.06111501267432088, 1.226811313366145], [0.45360437856523245, 1.120838390958204], [0.17460562740495228, 1.1335861141611958], [1.0308963392221941, 0.2550142485193832], [0.8274923318279016, 0.6972609954774684], [0.8590420725555141, 0.6813342315527606], [1.038555283959606, 0.24183841852362423], [0.8215146675156915, 0.6994125560383866], [0.6886391981090689, 0.9708629445057659], [0.7527630360046227, 0.9350871442513811], [0.04804611015599745, 1.2354573627588818], [0.06808295602118139, 1.222836332205115], [0.11069984584532949, 1.1846922977390495], [0.9436425456066169, 0.3559535120312531], [0.19496101222987772, 1.1296920936307806], [0.6477398152357642, 0.9733987329234335], [0.933537215709947, 0.37446317065734], [0.7373435379501003, 0.9484252002693183], [0.9093655122199865, 0.6646322560316437], [1.0022666069031478, 0.2943775578516604], [0.6950746191201691, 0.9672604280098078], [0.12091495150349926, 1.1726015081468886], [0.11606354229838445, 1.1794435821678277], [0.18411545529455836, 1.1312570705820908], [1.017626960984194, 0.27484435382765665], [0.9297135632354669, 0.4051500880379984], [0.5545607077339997, 0.9773445083446259], [0.08487416433138692, 1.2085239687826372], [0.7309665256533846, 0.9595592051346513], [0.7735493024307567, 0.8019154511032909], [0.9129067554241542, 0.6613293343090767], [0.7628601864921115, 0.9156228252534631], [1.0213406948190258, 0.26880320825030946], [0.055276468850740675, 1.2326296394530525], [1.0266664673832626, 0.2623217908469797], [0.16505734591408053, 1.1382985180461953], [0.9830055645258934, 0.31067602630001895], [0.9893461148529373, 0.30462662656919776], [0.9953323297241641, 0.2983873410519796], [0.47082355405980436, 1.0833650865566888], [0.791478535727093, 0.7272064830007889], [0.9728152146074296, 0.32527448317235175], [0.09188242107741897, 1.2029393506535295], [0.07492255385277208, 1.2178434385664019], [0.4883441118019723, 1.04611892907313], [0.7731492103794948, 0.8498327706550002], [0.9304643649640594, 0.392634690536383], [1.005531907675302, 0.2881650734911542], [0.8419043124945165, 0.688814653528022], [0.7574280782174867, 0.9267067728840104], [0.9542373294536718, 0.3425142392327062], [1.035098313207558, 0.24855506532892852], [0.4860788402351111, 1.0475229409366769], [0.7663281739791054, 0.9062678146357801], [0.9379310127264423, 0.3661482456057732], [0.5229658657734211, 1.0060921259888744], [0.4848796782675577, 1.0639709846308387], [0.09714360160726224, 1.1977242871057012], [0.9588587825057587, 0.33733134902893286], [0.49947769998548264, 1.0252394742783495], [0.7241742060271518, 0.9637155164782658], [0.5408726018923233, 0.9847051229771797], [0.9791416854677001, 0.3183170349715907], [0.4578992075665046, 1.1111239908032386], [0.10427683170600505, 1.1908814465197521]]",0.025489,16.37
DTNK3,CCPSO_strict,10,100,0.003852,0.009801,0.776890,0.003914,0.685349,19.0000,100.0000,"[[0.7744789006009708, 0.8059252219656936], [0.933225112148144, 0.37740623003355633], [0.09245124035298713, 1.2024263230359462], [0.5940192833272859, 0.9740492305970747], [0.8278356344126074, 0.697055546498331], [0.19763934542309425, 1.1296625933819524], [0.8564232242039768, 0.6851254430555034], [0.475695757506381, 1.088216691680614], [0.16628196875240467, 1.138367612802222], [0.5721543091921015, 0.9775400513026318], [0.8080009268128615, 0.7191450834081274], [0.7827517010460696, 0.7460626309965981], [0.49546666954906865, 1.0274365709270783], [0.9197829437466707, 0.6535332335420081], [0.931320298646181, 0.39006753793690047], [0.5292117121651386, 0.9961103428586211], [0.9871552029947979, 0.3080474820954389], [0.9420237110653857, 0.3581651568157696], [0.056786983908277626, 1.2308114413187683], [0.49168400931205714, 1.0382975264490077], [0.9290155988113127, 0.6478487705458155], [0.9657077294588907, 0.3281065343965454], [0.6787075802731382, 0.9730086771766324], [0.1570082371943913, 1.143471232048899], [0.15111336085654037, 1.1494758154836846], [0.7742144415962149, 0.8679496774388002], [0.7188834037512973, 0.9579197140635067], [0.1283819064114659, 1.1654525278762218], [0.5010063490053575, 1.0214597479951073], [0.6999003290051459, 0.9725693627628158], [0.868106677220678, 0.6840055726717731], [0.766948140722081, 0.8982471463306905], [1.019508437752898, 0.2730378091554702], [0.9296799654398691, 0.40126394932776244], [1.023991163263668, 0.2653724911961247], [0.5462998378256885, 0.9807332241298938], [0.7652589575175301, 0.9143872162890807], [0.1356949149309286, 1.1588826457023351], [0.6429609787475952, 0.9740162296204451], [0.46476711456517755, 1.0992091479967288], [0.7946772790654182, 0.7204663882073989], [0.9934871768504604, 0.3018442859930671], [0.11824612468554949, 1.1767941948305272], [0.9733810386132873, 0.3210464687608694], [0.7461600803646101, 0.9432600876889123], [0.5324692295612443, 0.9899778665221663], [0.9516671986298295, 0.3438522473215732], [0.12468185261534419, 1.1720756386696547], [0.9487440232048318, 0.3555391989414551], [0.7750422850886692, 0.7751593877885778], [0.8448001844248383, 0.6890920754516597], [0.1790025407443282, 1.1326648308399216], [1.0343059378105166, 0.25037764776907884], [0.486493493702313, 1.0549899966593281], [0.8106445590434227, 0.7077469037570334], [0.7352613657670056, 0.948233756590827], [0.7696440248797844, 0.8827272989327697], [0.7865664182262024, 0.7360731710943194], [0.9796289514284002, 0.31390411149226816], [0.4594937850329211, 1.109711506019657], [0.6458191403955871, 0.9738955198071859], [0.7274379247524569, 0.9545619643335401], [1.0386353955866126, 0.2423123502646019], [0.48271442915418733, 1.0668983314070293], [0.7906096349413307, 0.7303674418769153], [1.000965122921113, 0.29525947193598456], [0.9104085418072616, 0.6606070445354797], [0.7134817900593541, 0.9651740942450995], [0.9375051588801011, 0.3675173581453442], [1.0295730851651108, 0.25834242343900626], [0.5065399159314135, 1.009789761279649], [0.8881970916817831, 0.669454619709161], [1.0062222027651353, 0.2873583349556672], [0.7562424723015917, 0.9246248178704606], [0.07679505213804177, 1.2162533405013642], [0.07049778389897896, 1.2199275346554332], [0.5794156138780995, 0.9748940872963214], [0.44795497674902596, 1.128499318682912], [0.7781440900343514, 0.7574954393611688], [1.0133354696793102, 0.27914240656693984], [0.06434853507994193, 1.2258891956180202], [0.562506867743799, 0.9793446805176163], [0.8179279595384139, 0.7057997463377901], [0.8950996467728195, 0.6680340774316071], [0.1430608858040989, 1.1530127708397515], [0.111642880890749, 1.1836912674922042], [0.45612601190037655, 1.1220409100298803], [0.10309344371156977, 1.1902773613278548], [0.049014755339845346, 1.2345609512513267], [0.49003744292622975, 1.0461617450222163], [0.47658943610590654, 1.07478060330831], [0.8403734209348592, 0.6920404295868963], [0.47162616834482485, 1.0950908146121245], [0.0992737845379337, 1.1995277243177098], [0.8763851038550052, 0.6754025951710559], [0.5173084848681124, 0.9988190185332877], [0.9631684431637026, 0.34215659955873684], [0.04173342348792617, 1.238498356929568], [0.08420069044252965, 1.2100280595718746], [0.19405528705379935, 1.13125497416354]]",0.019823,16.56
DTNK3,CCPSO_strict,11,100,0.004063,0.009242,0.665846,0.004996,0.707336,21.0000,100.0000,"[[0.4534448242589671, 1.120387392942986], [0.795707849768946, 0.7212848765275646], [0.7396788140055806, 0.9617726798995399], [0.914913495207278, 0.6572851419738166], [0.8347738571413389, 0.6933357894024346], [0.5080324772961764, 1.0122021644520312], [0.6903223791943595, 0.968379736183846], [0.8203694411363275, 0.7105178096695961], [0.9264186213079965, 0.6548728185107331], [1.0384429220860552, 0.24215980595489822], [0.9992378526520447, 0.29439543953642877], [0.5175883396777047, 1.0074242747186224], [0.5942980155118502, 0.973275928425628], [0.8486640226705066, 0.6876253093419871], [0.723808139190975, 0.9619395308098255], [0.7720103194511982, 0.881036329377068], [0.2002590141328144, 1.129362460102011], [0.09607199728101387, 1.197640030017434], [0.759381506352333, 0.926550323813282], [0.9298480433869131, 0.39718451550812334], [0.5672829293904895, 0.9771315120819872], [0.469107498213665, 1.1030979903371798], [0.9390597113119153, 0.36217488201502596], [0.6338979522520325, 0.9731253666869064], [0.1827091745180637, 1.1312090751609114], [0.48470292357621525, 1.0532351117507268], [0.8985572377332208, 0.6678399607281771], [0.49701963813748934, 1.0437684512256864], [0.48053457521537396, 1.0651562218590436], [0.5494955640301503, 0.9825520517844772], [0.929486027304621, 0.4027934823031821], [0.5032590996934904, 1.015204000398275], [0.14483299473894964, 1.1536265362830498], [0.6758701386719049, 0.9726647124196433], [1.0212571612010923, 0.2703330928253487], [0.9789283526887586, 0.31444299568414613], [0.7615606269021812, 0.9134255758616507], [0.08447852299232388, 1.2113934562476512], [0.8864363395972874, 0.6724020897120626], [0.9562616219017971, 0.33974915996113014], [0.16573701711335037, 1.1382322288608302], [0.13286015328220702, 1.164191925846634], [0.17392063738303182, 1.1340239828183247], [0.10381623806591928, 1.192717080530111], [0.7717781545829673, 0.8928213221170158], [0.9646353059045166, 0.33376994220202083], [0.8114310376465672, 0.712619690090665], [0.9870844985963908, 0.3081357537556835], [0.8233617573823878, 0.7008066093599923], [0.1378587506367225, 1.1576946297071637], [0.8622802091847754, 0.68190337723476], [0.4714656221463304, 1.0849778961656105], [0.5375443129401276, 0.9869755259404502], [0.0895685929148497, 1.2034847438404614], [0.5183800356401836, 0.9987459926373192], [0.7062967923409631, 0.9633867689799471], [0.7412110119087513, 0.9459118701633054], [1.0269887599409786, 0.262112463043629], [0.9692139496221452, 0.32455784329618953], [0.0499372173493658, 1.2345344508331086], [0.7735472227971983, 0.7896022432392915], [0.5812016683131984, 0.9754930565779505], [0.9454126605608342, 0.35338384129222244], [0.7772374145329666, 0.7561547867535292], [0.5294286779120384, 0.9901683161428301], [0.46066178284936526, 1.1139222465453684], [1.0155623291476406, 0.27603690398302444], [0.8012123787297681, 0.7146687161478833], [1.0080464547536165, 0.2854452160848232], [0.06357757468418, 1.225354957640382], [0.07091667255635385, 1.2216555280127754], [0.05724093578341514, 1.2300314991090069], [0.7677021032503305, 0.9080144334054971], [0.49774789819868576, 1.0265611591054937], [0.15628389000232146, 1.142868812456921], [0.9939976560666373, 0.3025425419176575], [0.7853215772634246, 0.7549738493222571], [0.47802676223399443, 1.078034279377827], [0.9319694333753433, 0.38562346271491843], [0.7508514459218977, 0.9428895510090503], [0.9514406561839177, 0.3483301125157743], [0.9349285823825481, 0.37531254671206205], [0.8675267027399465, 0.6803716299923406], [0.8773665842444972, 0.6754461366733877], [0.9737735163169284, 0.32142614853522666], [0.11771393315281875, 1.177314252365919], [0.9061558429757397, 0.6621023074087582], [0.7734436242569449, 0.8553814624993796], [0.7557195837408808, 0.9326848631674467], [1.0331107709638907, 0.2539269604072357], [0.1250699736322149, 1.1694887781792516], [0.15016390702422489, 1.1486074298474895], [0.5542166814542683, 0.9799991371304626], [0.4703032363634127, 1.095228709087753], [0.04190540757849153, 1.2384229302216516], [0.07605254108355042, 1.2153069858646508], [0.4901354744182555, 1.0453943678013276], [0.7879020384656455, 0.7322062361921517], [0.678906448523448, 0.9703353251866578], [0.1117022723950129, 1.1852182122196477]]",0.019129,16.39
DTNK3,CCPSO_strict,12,100,0.004248,0.008783,0.623513,0.003924,0.744106,24.0000,100.0000,"[[0.8390965208555138, 0.690879535803683], [0.8678985502354919, 0.6796942069456808], [0.7990890602619773, 0.7243459367717062], [0.7568500753582839, 0.937295913517961], [0.07757680643474055, 1.2147255637198493], [0.9414506205992288, 0.3582314993469563], [1.0219053732124181, 0.269262245770502], [0.5448016720436214, 0.9818306908320023], [0.744139717038133, 0.9390369813641295], [0.1862725572041022, 1.1344200089863543], [0.4730742940455406, 1.0815639285369563], [0.5154199881530742, 1.0057040579458592], [1.012379329974252, 0.28058980234391545], [0.07166448233902387, 1.2189279372676565], [0.7895034077834505, 0.730425936746933], [0.4813624382408667, 1.0640083864016092], [0.7199958409447772, 0.9600959884799758], [0.4883406540816882, 1.0561879887811711], [0.9312759504656205, 0.3828509823095851], [0.4920216240952185, 1.0383917493462225], [0.9385512274022306, 0.3656880225925407], [0.8030934090156692, 0.711470297100139], [0.9710465111699057, 0.32573370850068756], [0.7742037717622551, 0.8612951868292842], [0.4604463952204964, 1.1109795623206062], [0.5067686610977965, 1.0146292613425383], [0.13382968569242754, 1.1624454898955974], [0.9192393019547319, 0.6588906779887476], [0.17679340562021462, 1.135374307628545], [0.5399029782827626, 0.9863874527025265], [0.7751138247944779, 0.7868857633992887], [0.8914450386399602, 0.6691216597677226], [0.7809108426413846, 0.7460651070676156], [0.48946800140644203, 1.041307862920091], [0.9298492833503819, 0.3945999822638079], [0.5531306176944916, 0.9797416044606979], [0.9582411790529068, 0.33768681513810817], [0.9767027682788529, 0.31815863313337134], [0.15176375905623432, 1.1524942893348316], [0.4705655191509268, 1.0884764852345261], [0.041790268487485654, 1.2383920175126788], [1.0177335477758347, 0.27587757833903076], [0.530585677486825, 0.9913894636109903], [0.4650066969318259, 1.1004579905133924], [0.7746726476223529, 0.8487582309073058], [0.7771436261728998, 0.7587802766001719], [0.767270535932583, 0.8953715524953412], [0.7595704329612061, 0.9184500791855408], [1.0346813464341553, 0.2491248942987434], [1.0268195258077086, 0.26267147747913644], [0.8511429786232689, 0.6863503664489303], [0.12619476060985385, 1.1681243910949768], [0.7398192654387863, 0.9526747184459716], [0.9472069912030461, 0.35345225716604134], [0.5714669262447967, 0.9757095291223838], [0.4772716416162009, 1.0740466268175142], [0.083357562511834, 1.2096275715746918], [0.7118968285657661, 0.9662245547409871], [0.9079818959758111, 0.6613024818211344], [0.7576368607292351, 0.9310191059418855], [0.09451570850590346, 1.1999973800284915], [0.20685375515716833, 1.1293852191264135], [0.9349966277538115, 0.3736024919127818], [0.676610770352029, 0.970924500625344], [0.963541544837835, 0.33136189538736627], [0.12091748769608432, 1.1740073213073186], [1.038444114660291, 0.2419985765716553], [0.5941384626444649, 0.9748187294130746], [0.927668430753817, 0.6518523394834509], [0.10698250297606769, 1.187603725265121], [0.45630197587977456, 1.1222547440229813], [0.6084298742213035, 0.973983378347302], [0.7276199647318766, 0.9538943949407463], [0.057557444062812914, 1.230173432624448], [0.142108906298935, 1.1574293137125689], [0.6694991022372665, 0.973655992300585], [0.8766691845009656, 0.6741933921651813], [0.9523028767568459, 0.344306432179718], [0.9954217274637617, 0.3014783833052491], [0.049992082390232104, 1.234339246255302], [0.49670155197259797, 1.0265670657398747], [0.5672644800616061, 0.9793303957425288], [0.9817700380709681, 0.31160842252304494], [0.1562326340339869, 1.1448305456803536], [0.8262623729162784, 0.6962056412611379], [0.5237636029287174, 0.9999596147748544], [0.8630679733355247, 0.6808366882152037], [1.0063080396733042, 0.2885628576242803], [0.18771160926579697, 1.1300630755960916], [0.11498545362955553, 1.1785678316687294], [1.0012338375311236, 0.29552773545167044], [0.10212537147064699, 1.1918301116560344], [0.8136911305260609, 0.7082389612128888], [0.1641274132770248, 1.138504669906742], [0.9009358100854548, 0.6637811696450192], [0.8220865826766384, 0.7006228875073435], [1.031847323051943, 0.25619410810352994], [0.9889281371209272, 0.30496701416934535], [0.08870682286374229, 1.2042520660053224], [0.06407726036566547, 1.2262179861905926]]",0.020226,16.65
DTNK3,CCPSO_strict,13,100,0.004914,0.009655,0.856898,0.004857,0.724048,18.0000,100.0000,"[[0.656285945968528, 0.9732185340307491], [0.8775158631115563, 0.6795306542462911], [0.46466212821538067, 1.1045227979758958], [0.9465845190303124, 0.35877939690449995], [0.7892118149881553, 0.7384947931651886], [0.4762954168370841, 1.0714405400975506], [0.8116418848944864, 0.7110286221466258], [0.8865630114968917, 0.6697689248091965], [0.8331704699900011, 0.701556010295987], [0.7603369891578704, 0.9207434056526818], [0.15047156494995534, 1.146751777426021], [0.9669124499208999, 0.32699218333080815], [0.5504541424287263, 0.982213718672933], [0.17323825739006693, 1.1341424661605288], [0.8171471707051984, 0.70168026445297], [0.9384370371675566, 0.3641343601553704], [0.06907146389020954, 1.221148755495921], [0.46439155053188585, 1.1169711135463676], [0.4657917957513629, 1.0967201828606947], [0.8451329723082492, 0.687717319381906], [0.5380352881079026, 0.9831828959840831], [0.5141932155674045, 1.003448243014755], [0.8059237070744281, 0.7125472315625121], [0.7019671833914687, 0.9696445920621664], [0.7759902899112434, 0.7664804897728466], [0.9295560778987761, 0.40802517903721813], [0.5014007463757502, 1.0205979250129504], [0.9495231766946043, 0.35113609129960904], [0.4947945315679864, 1.0386072924744163], [0.7103170898406376, 0.9653506571611266], [0.5008091223082216, 1.0305831753983812], [0.7633556561271624, 0.9120134585412947], [0.6750313040221642, 0.9708535276311503], [1.0384285334308232, 0.24172869447949016], [0.5319826088183509, 0.9950403846518519], [0.774616220448481, 0.8025499536733711], [0.5595388982063029, 0.9801115840272205], [0.6079737770047677, 0.973423599043407], [0.7206051269001791, 0.9587041262381544], [0.06287084586697497, 1.226223755169633], [0.485314147072314, 1.0528011355530686], [0.9924049920681294, 0.30192057415134477], [0.5213977662390514, 1.0009107091534186], [0.5726228184485206, 0.9777466804337429], [1.0301979696649546, 0.25726599836442066], [0.09119789326871741, 1.2033248045123022], [0.7549447086691424, 0.9301726669865287], [0.07499868089901854, 1.2163148917959303], [0.4752952581822468, 1.0932181553082567], [0.8042280645460984, 0.7247312224891902], [0.9076632778525112, 0.6616590297587404], [0.7781745158661467, 0.7634334991853822], [0.7386511750831959, 0.947370204935732], [1.0127483989833237, 0.2791042902360399], [0.90262612632339, 0.6659992158733437], [1.0343170820527228, 0.24984714045888448], [0.7735413253012565, 0.8243672561672957], [0.11102981372986867, 1.1825317038575192], [0.788005588098213, 0.7457557053056796], [0.767518052841939, 0.8983570165952326], [0.8915425696792627, 0.6673253751623973], [0.5035591466779308, 1.0133751224328127], [0.9862246593551377, 0.30851349409885015], [0.8391585413760012, 0.6935526421989379], [0.4590251030641081, 1.122742506602062], [0.49082885032607076, 1.043688782930372], [0.1610516474218682, 1.1398339729845415], [1.0186915333807127, 0.2727722060628759], [0.934852362963461, 0.37154830464386795], [0.4490128543071049, 1.1296066770626687], [1.0079910101078193, 0.2863999108600931], [0.05680973223082443, 1.2312851482457132], [0.9295852580489176, 0.392415502658608], [0.9188801122030074, 0.6609991796249], [0.7967732727725719, 0.7318970048334368], [0.7724199470001865, 0.8772956836360035], [0.10018073630718372, 1.1977640824297446], [0.8555450857392377, 0.6867477617624516], [0.042078560859910755, 1.2383255963814843], [0.9738026996274818, 0.3203498498965043], [0.1166689107145821, 1.1768199785184645], [0.1879375019523144, 1.1308553784754527], [0.858472283215563, 0.6814614524683154], [0.10490991910758213, 1.1895766109106727], [0.874397546982697, 0.6799618030504688], [0.14052376103090075, 1.1550060693154889], [0.12597123121639017, 1.171991769295425], [0.9792673314890562, 0.31540143900512485], [0.9534209088767177, 0.3422941753351555], [1.0245609697869755, 0.26507579941323145], [0.13425025259482945, 1.1624851863508776], [0.7320639245278826, 0.9568594748610544], [0.08273202060590812, 1.210536971438652], [0.05069707162413454, 1.234676609462208], [0.19917820697512514, 1.1306481534649768], [0.5728845742163972, 0.9747536276039424], [1.0013448183460762, 0.2935455346424587], [0.9318332662547949, 0.3814308673211305], [0.12687768249409556, 1.1685667873803771], [0.9606323240138893, 0.3361150637480797]]",0.020630,16.78
DTNK3,CCPSO_strict,14,100,0.003468,0.006520,0.841408,0.003764,0.758499,19.0000,100.0000,"[[0.4722886431044904, 1.0816565761948604], [0.7190650652236826, 0.9614200226077123], [0.7918346346167603, 0.7232909074540177], [0.16784367493920743, 1.1373306165034431], [0.8473203161066976, 0.6872653905474764], [1.0251469051989495, 0.2636317647212463], [0.9346751830289075, 0.3731390101037868], [0.5000426705361745, 1.0197146902675531], [0.09948226761704579, 1.1940447828667298], [0.7423091919316627, 0.941419731531439], [0.16268308492430505, 1.141484965631544], [0.46638052208598507, 1.0998765062665334], [0.9097356433102797, 0.6592378186043387], [0.9300728322274074, 0.4020096070895624], [0.17749338491543648, 1.1350120137049016], [0.06199110583183736, 1.2270689800767318], [0.12193575523788078, 1.1719970284539702], [0.8370018207562249, 0.6938302333164412], [0.9724294623100467, 0.32166921687772604], [0.5691130170008166, 0.9771231553528763], [0.5141770210419687, 1.0060638655357752], [0.5442479890566309, 0.9834656527026431], [0.5066337019888482, 1.008860919880177], [0.9034866742738341, 0.6634813652253726], [0.45521088973855606, 1.1233574969734095], [0.09388198899255722, 1.201988554156822], [0.48586859983233005, 1.0612915786774906], [0.8938753011049761, 0.6674521971852743], [0.9785360732681658, 0.3171559163355224], [0.4882632232033529, 1.0491883460916887], [0.1949096991312117, 1.1314126666109976], [0.8574526970211211, 0.6824697963424684], [0.7215818115253099, 0.9586699467085757], [0.5215178147216859, 0.9929655625403295], [0.08124962013055625, 1.2112565720153115], [0.9405836650382626, 0.3640469806952348], [0.8667331266098726, 0.6780787059521896], [0.7681815376530159, 0.8889141180991731], [0.05544465235523955, 1.230873355771323], [0.9291418608621871, 0.6493059425920454], [0.049494435047310194, 1.235242698536438], [1.029808691526455, 0.2570475481954485], [0.07615022656659734, 1.2187486444377846], [0.4592373647004597, 1.1135026608327148], [0.06809441229477525, 1.2227898629917804], [0.13950307741855666, 1.156226724968995], [0.9543137717567101, 0.3434488342585464], [0.7736565322946568, 0.7960563012631572], [0.20267498585931032, 1.1292182958791455], [0.1518211055619959, 1.14565751168852], [0.8068025199791361, 0.7089284986582538], [0.8163766930109408, 0.7029101275514353], [0.9302355769930674, 0.3878053291644431], [1.0075361013677284, 0.28847931573194785], [0.7398338307624577, 0.9529246626418861], [0.14674961042569168, 1.1518793717921374], [0.92007255092038, 0.657272604086977], [1.0384505199671188, 0.24166628075271157], [0.683755514752482, 0.9699340147776121], [0.8250233032482848, 0.6990883279705418], [0.7452361449028744, 0.9393285675276779], [0.7562120908700796, 0.927628908464631], [0.13296797039698238, 1.1616268310241047], [1.0209418646646506, 0.26950747919940055], [0.9313952697759007, 0.3813919691408617], [1.0341331945250678, 0.25052033030582405], [0.9971370966060202, 0.2980618203212988], [0.10820809848401775, 1.1884710558038407], [0.47609209366135946, 1.0758631453465672], [0.8007642393157759, 0.7145774976025501], [0.7752105591152004, 0.7765776672507665], [0.9595528436420927, 0.3351550432337391], [0.8791193180354583, 0.6757894642153803], [0.9478176049488176, 0.3510604789972634], [0.9664493112086155, 0.3273106921874269], [0.7839658232876935, 0.7369171148748526], [0.18389925720492883, 1.1320808445699408], [0.6686244834246651, 0.974046358246142], [0.9854017877513543, 0.31159516364425566], [0.9434112100972455, 0.3561449907970651], [0.5858972011049348, 0.974471987625376], [0.7905449480720217, 0.7280770351213361], [0.7821306698586551, 0.7514141273962212], [0.7764565269608155, 0.7602477092985742], [0.7592041262872812, 0.9226493433362934], [0.9913252222575262, 0.3047076826939551], [0.08701984227965695, 1.2069717008487315], [0.7723790233018224, 0.8707033009855865], [0.12725165822901618, 1.1674943837537526], [0.49247846454576005, 1.035182025216007], [0.8888923944945556, 0.6696918854256715], [0.5774060543129736, 0.9753609360307689], [0.7619739164991206, 0.9130420709878995], [1.0135226108629714, 0.27925105550471485], [1.002122532824077, 0.2929214983429838], [0.5339095789139353, 0.9848101350884786], [0.041847581938848195, 1.2383732484078656], [0.46427344471302073, 1.1015697436258467], [0.4796915523009095, 1.0716375010999735], [0.1157203221591789, 1.1801097354975272]]",0.024343,16.80
DTNK3,CCPSO_strict,15,100,0.005161,0.009712,0.621625,0.003537,0.691712,19.0000,100.0000,"[[0.5090822802799657, 1.0178647185824483], [0.8922007919234538, 0.6671759667674677], [0.7737594203190679, 0.8487131965485288], [0.4620399850315818, 1.1151802965002031], [0.7746377683658485, 0.7977203241803261], [0.10971699032756552, 1.186045247484826], [0.7786923187062306, 0.7595720544218612], [0.9182521880714153, 0.6541775181933648], [0.7504490304002461, 0.9485616496508125], [0.4801994943374534, 1.0648407407081506], [0.6039985789033679, 0.9736227093782743], [0.4784600148194696, 1.0760228963651421], [0.7196669835558671, 0.9660973679538103], [0.9502705416255015, 0.34625956519971424], [0.7685209732508405, 0.8871625363646216], [0.09059826737946225, 1.2030571614472485], [0.08515788430387133, 1.209132946953405], [0.6743877054833951, 0.9731304181596758], [0.9746335701885667, 0.3202876591048307], [0.10314920840590563, 1.1914139121006946], [0.06845618996664635, 1.2221959903468376], [0.5708103556094146, 0.9784142230518178], [0.060040926817812305, 1.2283162199400712], [0.12651912894359071, 1.167089234339961], [0.18135153714340557, 1.1314867377222526], [0.11611161719964425, 1.1790343948805178], [0.8130369011491476, 0.7132608884060798], [0.8754482129809924, 0.6780981393056553], [0.9382712064528622, 0.36380287398553635], [0.16778411241324337, 1.1372947036461818], [0.9322815593700078, 0.38023240301315414], [0.7608548117717301, 0.9285425237215625], [0.541653742877229, 0.9814417180379151], [0.9345614360750185, 0.37332369429579065], [0.14001002186581887, 1.1551823375531316], [0.48640913295506466, 1.0581857222203057], [0.20822842345342393, 1.129667398606465], [0.8182917319054204, 0.7060177770701359], [0.7565647130957351, 0.9395351252510868], [0.19186282737128546, 1.130592094522954], [0.7331039770121768, 0.9602953809399426], [0.8711146427520955, 0.6818335276040287], [0.9820124656707323, 0.3146889859898703], [0.7905215545931145, 0.7328590723225672], [0.7742118106339353, 0.808388195327028], [0.6872334470788636, 0.9708830995141933], [1.024381753021197, 0.2646350784874557], [0.7648943546540978, 0.9158404016098609], [0.5239521203462905, 0.9927314341320268], [0.4725948489369425, 1.085812632304577], [0.9303481181314077, 0.3898943082493658], [0.9589259479553258, 0.3358839791766545], [0.7732835743671846, 0.855904296117479], [0.9091542021799471, 0.6589640794167071], [0.04203551943900496, 1.2387237482099631], [0.0966804797389757, 1.196633177151287], [0.17500933938507468, 1.1340754897709455], [0.1339748005124265, 1.1626364975610342], [0.585175873448755, 0.9748011279271103], [0.4994660843958837, 1.021790866442087], [0.9297426139349266, 0.4057942498078016], [0.696610848259211, 0.9701021309823414], [1.0139998707864732, 0.2775793038292297], [0.7837428424224567, 0.7436248239134382], [0.49451940661420685, 1.037846956636298], [0.9950724378916443, 0.2992207681943687], [1.0038635621072967, 0.29083729845424], [0.4487204386511861, 1.1277120851917983], [0.46512814639730676, 1.1096172684755983], [0.9051145775298151, 0.6658656483682817], [0.9664760033031892, 0.32874000855555274], [0.9453466072329577, 0.35376521422883955], [0.8514064433829764, 0.6901875497902497], [0.5355479270585763, 0.984370950701652], [0.149037643514989, 1.1481031912783286], [0.9564243997150642, 0.34322388159801276], [1.0383726827757775, 0.24188763914165434], [1.0291780984297214, 0.25798198790489635], [1.0339870877201336, 0.2506067543614897], [0.7670820191631791, 0.9083432957863926], [0.9877197309097653, 0.30623095631087627], [0.7947505920213093, 0.7194372020728952], [0.7037121427392506, 0.9682756354071125], [0.15702409047152865, 1.142467139717569], [0.05007324735015402, 1.2343033975474524], [0.448418876371854, 1.1280435095826669], [0.48658240659263524, 1.0470677593688869], [1.01947213923154, 0.2711538464048746], [1.009838519933245, 0.28322600315802643], [0.8256611142334987, 0.6977161878137476], [0.0790109461670378, 1.2152768705155925], [0.885240566766386, 0.678008342291158], [0.5494240342696892, 0.9787609876667502], [0.12095289386435443, 1.1735143304695415], [0.5118105489641185, 1.0090080916952386], [0.46772161772998827, 1.096264737202672], [0.5171844343934255, 1.0012760537520864], [0.9252691191149837, 0.6505756511805443], [0.8639619802870182, 0.6861067938834524], [0.835885299605595, 0.6924009071860462]]",0.026902,16.41
DTNK3,CCPSO_strict,16,100,0.004917,0.011116,0.987019,0.004509,0.768770,21.0000,100.0000,"[[0.9375646002201807, 0.36701122659204755], [0.8722294471531138, 0.6825976600363084], [0.8298155965172803, 0.6970433799173239], [0.809950542038584, 0.7061822982745138], [0.13822967303655406, 1.157297822637364], [0.08847328276304613, 1.2053695867215155], [0.47126214695335, 1.0885025176869714], [0.1198396857261038, 1.1776420232537805], [0.8414751121976745, 0.6936583943415169], [0.7358295658907712, 0.948354173325852], [0.9963125929519538, 0.29799680211104357], [0.9027419185566453, 0.6621615723469778], [0.9335088327909049, 0.375682174175123], [1.0382710286996852, 0.24350701960346202], [0.09372238985242828, 1.1993728110237414], [0.9779314639210965, 0.31571521741355074], [0.847928981308625, 0.6864632899750791], [0.5345190319927506, 0.9869811860584481], [0.5139835298109282, 1.010707014842775], [0.15400101764232368, 1.144363890076025], [0.4832776028541555, 1.0594770868652335], [0.7272935525994029, 0.9610982158579282], [0.7811633135816849, 0.7559340283117346], [0.9198208907245344, 0.6555761035329464], [0.581183421658406, 0.9744235209969563], [0.8164656064345118, 0.7018625788439963], [0.9570677049198141, 0.33880431419914936], [0.790447454256141, 0.7323691238420649], [0.9505262476391259, 0.345607668581443], [0.08278219561163574, 1.2099541350718337], [0.7716474099908887, 0.8659984152896223], [0.6388548374950288, 0.9731532432706345], [0.7862707483116825, 0.7377216084790359], [0.04216642931754273, 1.2387802226325564], [0.7761191131397422, 0.7608985754926103], [0.5440666483335898, 0.9859190218483924], [0.13085015525716714, 1.163512598350558], [1.02054450528467, 0.270117121583382], [0.6277321037507269, 0.973821167488822], [0.9292165133818386, 0.4022966882301232], [0.7408274824257075, 0.9428985213757703], [0.0721809257775207, 1.2196638423402946], [0.9843095682072647, 0.3116697652928757], [0.9907289098926906, 0.3056258790152876], [0.4968024298680597, 1.0341165448729297], [0.16726560423770528, 1.1366132777031666], [0.9299002593740471, 0.3951415968567692], [1.0297995776258595, 0.2567100129089152], [0.522060537173558, 1.001388468106616], [0.49879459884497723, 1.0270854557320004], [0.7607646423284304, 0.9146562112967263], [0.9715187176794716, 0.32302913797266036], [0.05916827534721791, 1.2286595037911352], [0.16172627890612332, 1.1417507014271338], [0.7565162678170316, 0.9310530012935925], [0.7295536627196743, 0.9547392558948349], [0.4913055684904863, 1.040285806755215], [0.4770949957195935, 1.0709359767003663], [0.9434853900274162, 0.35736698338136497], [0.9470603130138288, 0.35106162613585123], [0.4535266344749452, 1.124447138732058], [0.9128900627687404, 0.6608093771906793], [1.0340245332981879, 0.2503219893219293], [0.6984347750729567, 0.9672302279901417], [0.7627675404617591, 0.9115437980362928], [0.12393960310025534, 1.1701817613355758], [0.06540369538753782, 1.224440602947445], [0.9308096990861942, 0.38372365745248005], [1.0029811318396316, 0.2922947826040959], [0.10034792216929239, 1.1948656341397002], [0.9618422682981983, 0.33256064116831974], [0.19286500863967582, 1.1318668827019112], [0.07753278620354133, 1.2149053866764965], [0.10780422930769512, 1.1873157360542048], [0.5300013702135561, 0.9965751569114425], [0.9666158031109717, 0.3297902316239984], [0.4654534168313915, 1.1008149685412516], [1.0148496086627188, 0.27760374469090243], [0.4851750930125059, 1.0508942093881521], [0.7735651525912107, 0.8346702633928864], [0.8045863266103854, 0.71997199836799], [0.875516789669325, 0.6745706165836267], [0.8645200185533507, 0.682853719190266], [0.5630617378724667, 0.9804793363274804], [0.4623831887546412, 1.1174550863272703], [0.1461449834528773, 1.150832127442943], [0.8025963540662597, 0.7256756117542307], [1.0101611117839047, 0.28525992460529365], [0.05140882860679228, 1.2336672835330642], [0.575691585276739, 0.9787350481735977], [0.17333592332948292, 1.1339752057159096], [0.7736656560732862, 0.7843692293735551], [1.025766192742925, 0.26310318271949384], [0.20133300894142203, 1.129129423889689], [0.5066464344893973, 1.0129573762351682], [0.7054565003500195, 0.9638617489001169], [0.11278469026007355, 1.1809956299151398], [0.18704297709740214, 1.1322744808998069], [0.8881545999381482, 0.6695408510296204], [0.10544326882482288, 1.1880195295601443]]",0.024337,16.80
DTNK3,CCPSO_strict,17,100,0.003853,0.009347,0.703392,0.003943,0.675951,20.0000,100.0000,"[[0.4568779993804759, 1.1148968336005158], [0.7435435104197929, 0.9504739581565702], [0.1964638407250356, 1.12928997586206], [0.07423492603477141, 1.2175020729420991], [0.8131218813339978, 0.7046227623010137], [0.7852502849466195, 0.7509734548563691], [0.4941938831514648, 1.0320342474878323], [1.017501814154209, 0.2745036072110182], [0.4678666294974455, 1.0900642070641093], [0.10940071003674677, 1.1857602958248608], [0.10430696280548368, 1.1917968528763425], [0.12017387844426497, 1.1757598634802247], [0.7733440751496834, 0.8484560301661377], [0.9296950565909413, 0.40205709675551193], [0.9531233224765149, 0.34257430668848454], [0.7719466339278805, 0.8617834414107668], [0.796655683092478, 0.7194701395359642], [0.5688243590730399, 0.978052664793895], [0.1546387043923075, 1.1442763919278642], [0.8467572953524107, 0.6889254291215747], [0.7629816604340234, 0.9113100978735997], [0.48399617618394003, 1.0588526893846524], [0.4621533924641334, 1.1023217025407788], [0.7915912858704921, 0.7234566756417782], [0.7793585591560763, 0.761750624037344], [0.9271030031815679, 0.6516035861277574], [0.824061693924417, 0.6974617889286916], [0.13113253604239739, 1.1637048744355967], [0.7061474904546003, 0.9690210421597727], [0.7892816750294125, 0.7342157032781498], [0.5146004167765996, 1.0058405488826538], [0.12527172272593357, 1.1683794835358745], [0.09753444379840226, 1.1962396358514724], [0.47668006959873216, 1.0752922823745081], [0.08327563967093837, 1.2092718242801244], [0.9335524393651988, 0.3768819320552709], [0.8842364322087182, 0.6725193796768949], [0.7755256052865616, 0.7918871768803875], [0.7760249786104324, 0.7676265385675596], [0.7071420447937227, 0.963050692858703], [0.7577433926063084, 0.9255667792142321], [0.49126506789423025, 1.0409670329467622], [0.969728963124753, 0.3248007679294363], [0.8557418955999437, 0.6855345088959224], [0.9386161804967532, 0.36828092277511604], [0.9954177497945962, 0.2980487894180608], [0.09101448208772978, 1.2028656290855677], [0.8063864438828462, 0.7131087310803923], [0.4831844314144841, 1.070447980660946], [0.7504014607378139, 0.9393997394903846], [0.5062124997889699, 1.014630941991838], [0.48492247242338676, 1.0515924421079643], [0.06741128113439689, 1.2232571464935122], [0.4982217051262977, 1.0226196460540502], [0.9584537833222664, 0.3365868845930841], [0.043944959218825234, 1.2395254311692292], [0.11443251590056251, 1.1798769655525445], [1.0117530177037872, 0.28046861656680777], [0.7313311199692613, 0.9537994792037943], [0.8940487895223311, 0.6673349295700521], [0.9504006514777879, 0.35046772329261927], [0.9649557352721814, 0.3311637132360901], [0.6131506299606961, 0.973810034664081], [0.6738595369161602, 0.9708225062521063], [0.9317788227088267, 0.38897354681027874], [1.0056263098211462, 0.2870367173504547], [0.991498177092632, 0.30473553384656954], [0.13965337108118048, 1.157580819509859], [1.0220790119963035, 0.2682730468644722], [0.5497021656582454, 0.983262118110982], [0.6884760817300368, 0.9694306159665942], [0.8730624591034821, 0.6803773013192407], [0.7673758983633532, 0.8957256925658355], [1.038722831055291, 0.24225002744302215], [0.9841733328459116, 0.3102962398121323], [0.5245518959466254, 0.9936750418943665], [0.9173477063372166, 0.6570577452848452], [0.5324617379871777, 0.9891526448312062], [0.9437228320821173, 0.35804228014257816], [0.8364201558143101, 0.6913540515136809], [0.583537065870961, 0.9757660153637338], [0.7220775871665215, 0.9563086295404206], [0.7708742433313158, 0.8797359214174272], [0.061015704580162804, 1.2308779144782351], [0.14690397641562813, 1.1520209771652914], [0.4531327862191098, 1.1283214949792022], [0.7750578175356635, 0.8137244928967211], [0.8987264847230414, 0.6654600404827062], [1.0338785641302382, 0.2506335252342915], [1.000819735012954, 0.2924367063033426], [0.5432994283763986, 0.9865700154444985], [0.520629569614512, 0.9983294194700023], [0.04967105121617187, 1.2366246529955018], [1.0282886530300985, 0.26056140706029146], [0.17171250791348286, 1.1345755645986673], [0.18758129538948648, 1.132919390795979], [0.585313448533126, 0.9740786121544105], [0.976072818859105, 0.31857225019956587], [0.476433256882805, 1.0845600873598422], [0.16751900971720635, 1.1385570811877668]]",0.016795,16.86
DTNK3,CCPSO_strict,18,100,0.004797,0.011200,0.752665,0.003350,0.744919,21.0000,100.0000,"[[0.5709223197747997, 0.9765535149154936], [0.811180565015676, 0.7070460984668632], [0.14623583533091083, 1.1510729491490184], [0.9300867126944161, 0.39183438199751225], [0.9208401726943274, 0.6567801512199563], [0.10444401044360078, 1.1890088240138001], [0.7117924766310031, 0.9701945210762595], [0.19484504290312066, 1.1302443157663007], [0.560942666115039, 0.978800067480718], [0.9622591819461732, 0.33616499402815303], [0.7821338451379471, 0.7421813517265143], [0.09239831345108762, 1.202092182152464], [0.8413738636618879, 0.690396740610205], [0.11801847920819902, 1.1766484216756574], [0.8856147879864658, 0.6765432554555582], [0.9654730799200281, 0.32844287463789856], [0.9466053973279951, 0.3553639353020285], [0.9501536570999156, 0.3476516668436062], [0.47105396557065443, 1.084083191628987], [0.8321448208284821, 0.7000665109164366], [0.48106356390438426, 1.0594592807660588], [0.08839393736625534, 1.2075488379433728], [0.8903188377928708, 0.6685692783481516], [0.4771759627381663, 1.070173963538098], [0.5239733443132023, 0.9921548275161929], [0.9550541923743041, 0.34205974894110014], [0.7548170913450906, 0.9319621282781583], [0.9911060352177592, 0.3025272870814662], [0.2026788034083084, 1.1291253660742395], [0.5422237566434028, 0.982720325265293], [0.7769307945478343, 0.7649579354342881], [0.10986477748362158, 1.1841956795386677], [0.5188667278052634, 1.0014957301947962], [0.8490007401876575, 0.6873695290980004], [0.4874597251895157, 1.0547168408915368], [1.009926303397993, 0.2825029364380289], [0.491741238800607, 1.036856822716025], [0.8969648323246286, 0.6653908796150667], [0.7734105542690126, 0.8231620455420552], [0.7999020752718176, 0.7412844599649857], [0.8650218969573633, 0.679549182995268], [0.8380844796878028, 0.6953080983404516], [0.7461300462814066, 0.9401579714720039], [0.44886727149376854, 1.1277125097894622], [0.49130014734596583, 1.0439754951091451], [0.7781438919978249, 0.7548243668124903], [0.04206882765506698, 1.2383341197212332], [0.4558506806785748, 1.118466091378168], [0.9408219061216205, 0.3620027368173093], [0.501949935615576, 1.017027988142477], [0.12634026861117092, 1.167918485310176], [0.13876151368754935, 1.158114260209872], [1.0214403455779602, 0.2701195811735442], [0.730397564325326, 0.9558071454816979], [0.07515768517675828, 1.2163145581204404], [0.7730599591096926, 0.8347701640770773], [0.7669929631810344, 0.896466887649717], [0.7236935592578608, 0.9571396750358909], [1.0267886166921927, 0.2619316882622554], [0.9363025567419121, 0.3725297475733045], [0.6472127556056556, 0.9730455368676885], [0.985805413842618, 0.3076322842028232], [0.6806126738254709, 0.9702493949689899], [0.17852199929534707, 1.1323542785010687], [0.7722915120086616, 0.8847553749413468], [0.4691837067043405, 1.0909771435583098], [0.06355512173639397, 1.22551141611598], [0.7386788382098651, 0.9490041348780931], [0.773494596299463, 0.78761159473167], [0.8210233927919062, 0.7035908310484882], [0.9788082031875822, 0.31492051485346], [0.06833318006123262, 1.2215837429513634], [1.033278281515173, 0.25411620393477763], [0.5085940761192689, 1.0095659242161874], [0.5520771482694091, 0.9797805141549747], [0.655523203364053, 0.9726825217317396], [0.8063608847843207, 0.7112782836867684], [0.932746267844716, 0.3816449239964802], [0.8009768100481471, 0.7159182809778151], [0.09934987074689905, 1.1966660176505548], [0.8762225030645365, 0.6793599146022629], [0.972730800416144, 0.3231142637621892], [0.7162732962890047, 0.9673009608949559], [1.0386898420691764, 0.24354639576843568], [0.17085155597100893, 1.1372528242509974], [0.46305292271635656, 1.1075473819090722], [0.6012948205520434, 0.9733491698162497], [0.593313680149008, 0.974730630203597], [0.04931441333487055, 1.2343600652530933], [0.16062900158897286, 1.140752224110846], [0.15267369443287526, 1.145270153651949], [0.9087026020342903, 0.6594450517886801], [1.0161904332206322, 0.27563663673787464], [0.13567870073534746, 1.1652697162302965], [0.8574066932732745, 0.6840942788609125], [1.0062252845636834, 0.2885073348126973], [0.9985217215648292, 0.29461421933222265], [0.533296612058781, 0.9898290225355346], [0.05697999619078139, 1.2306141179458001], [0.08099513225611374, 1.2112596611376663]]",0.024839,16.91
DTNK3,CCPSO_strict,19,100,0.004043,0.008132,0.675333,0.003386,0.715034,25.0000,100.0000,"[[0.1963251485321164, 1.1302180388610077], [0.47724531258233166, 1.069932425768048], [0.7108411396590452, 0.9626283197231202], [0.10196365673805756, 1.1939192264729734], [0.5305550369501806, 0.987092153890748], [0.7946405606268299, 0.7197193427704762], [0.8226412621960552, 0.7022221302056082], [0.7645189909356344, 0.9086671806162332], [0.6925925416490332, 0.9688689223442841], [0.1324484073231057, 1.1639751501709314], [0.5176490143042307, 0.998419610577201], [0.07479764379228439, 1.2166311111816268], [0.9082974906439585, 0.6595839562353469], [0.8855630593852138, 0.6702201417065867], [0.5046857267349397, 1.0154845131363526], [0.4739731508405605, 1.0859805555523452], [0.9619786011135333, 0.33509242496073754], [0.7884105510168617, 0.7292448643927945], [0.45347083662838217, 1.1295350253715173], [0.7749115851575494, 0.7828901047584904], [0.49544307070598453, 1.029305052546481], [0.14094219815592862, 1.161056045925551], [0.786691887482863, 0.7455649902087622], [0.9447935794066531, 0.35835986696300326], [0.4918631653017719, 1.036761949077833], [0.7697372459939231, 0.8912184316209535], [0.5736455505924565, 0.9755665454794875], [0.5690620904616083, 0.9764999742237102], [0.8124935485431275, 0.7082929238537996], [0.8020034789847897, 0.714333581508525], [0.7749902576665098, 0.7729907628772155], [0.5565009788055575, 0.9778998962412306], [0.872084582617034, 0.6758720078955509], [0.0564142001735996, 1.230036915800622], [0.18839269675729714, 1.131083775816836], [0.9354737041236759, 0.36988682454690613], [0.5146859506441048, 1.006518502968751], [1.011268223653933, 0.28334250188261145], [0.768072027007479, 0.9010261796028436], [0.2087040804854337, 1.1297168737471903], [0.10729030306972051, 1.1867425362111355], [1.0215052002831286, 0.2695577065778463], [0.5455742467921156, 0.9838915941693596], [0.06996156098892317, 1.2220114459690903], [0.06337490704075996, 1.2265959230405843], [0.6707002092794223, 0.9710295070716393], [0.9392146715630805, 0.3623107031791093], [1.030914466368368, 0.25531280280052987], [0.46773422603306664, 1.0999746119152707], [1.0163328654417807, 0.27550381941087976], [0.595112735696322, 0.9734889631880008], [0.08928316470199023, 1.2050692328538462], [0.7770436109666712, 0.757608287572018], [0.04180429829913092, 1.2383860660041073], [0.04900867040008955, 1.2347079149754], [0.8661264230487097, 0.6832919990461503], [0.9310075680938028, 0.6483558517050954], [0.6641096603808974, 0.9727694350954388], [1.026418408585762, 0.2618661085415831], [0.45688464846107435, 1.1137473796658357], [1.0388004977301781, 0.24254649724793295], [0.9842977492421439, 0.3166228616377614], [0.11998954629400482, 1.1748310741574601], [0.1138243103814792, 1.1810870954301615], [0.7221369777530607, 0.9569600967988885], [0.7730448331908001, 0.8588762533782612], [0.5000133466669359, 1.0214561636663257], [0.1754811795066855, 1.134125595763659], [0.09508516377260376, 1.1989911779038551], [0.7328012525754686, 0.95624551212353], [0.9734379268811013, 0.3204351261518142], [0.7451421082173361, 0.940823684901559], [0.9545308424763527, 0.34243185826658595], [0.9675392148661557, 0.3268664940120377], [0.9319994566288679, 0.3820328718736579], [0.4827776923410042, 1.055212679996157], [0.771983903750348, 0.8751652329407367], [1.0054356980583348, 0.28785531205662646], [0.14731376544529673, 1.149881281797375], [0.1657037694577934, 1.1377454606649486], [0.7032258439588159, 0.9673340698091093], [0.15815010749088448, 1.1430807004109105], [0.9940009733257504, 0.3003956720079147], [0.4869963388285475, 1.0456626333486219], [0.7734129137404381, 0.8012288174605424], [0.8415706327497532, 0.689735972801061], [1.0351258430562793, 0.24881993586370682], [0.9216502707981352, 0.6554860060226453], [0.4665042540020247, 1.1102719408402988], [0.904971660288263, 0.6696575613671087], [0.08223982513091463, 1.2105492548193193], [0.8536125032489237, 0.6835676316537724], [0.12570439428215846, 1.1684003299730028], [0.8379195955933051, 0.6989577661422237], [0.9511748815379141, 0.3520760268171611], [0.47047091463519125, 1.0941800818993221], [1.000038567158017, 0.29383948552692274], [0.7806002785944571, 0.7474555560045144], [0.5265784901146489, 0.990798302411487], [0.9856097315123964, 0.30781056519385674]]",0.019753,16.78
DTNK3,CCPSO_strict,20,100,0.003781,0.009106,0.728521,0.004350,0.693985,21.0000,100.0000,"[[0.9302316604288349, 0.38950244464845307], [0.4822328646819109, 1.0624751323735242], [0.5397179984022721, 0.9832164145196445], [0.976180892245358, 0.31953293258540016], [0.45741200594485804, 1.1194196809966028], [0.9443574514367553, 0.36258837375550257], [0.7418816760391748, 0.9434340412273334], [0.7689303263708208, 0.8983611438722305], [0.8307969347244166, 0.6960770218720864], [0.20552502451057303, 1.1296003042897553], [0.7738373502852306, 0.8086728634095612], [0.6022636439399454, 0.9734531674848621], [0.548416655893039, 0.981776983682147], [0.773487769312122, 0.8121284142192826], [0.569556981964696, 0.9799130791071082], [0.1383452528381928, 1.1570794533902082], [0.9327313882702177, 0.37715016323843054], [0.09577001006904626, 1.1980785313141975], [0.8690734615876374, 0.6774828875931982], [0.178628586930149, 1.1323051736871044], [0.7916174706760724, 0.7274358811984194], [0.4976049813555552, 1.0281046418625126], [0.8891644605269311, 0.6738747802101464], [0.9234231884353982, 0.6507298688389778], [0.5604617220230048, 0.9806463141250099], [0.9875746378244994, 0.30758302018149203], [0.7734080422472558, 0.8831760571804725], [0.1612151920161025, 1.1402435590175821], [0.8415143102914271, 0.6945290266206006], [0.1887059663081353, 1.131061679086951], [0.48785379474670626, 1.0504887661826663], [0.467745406807053, 1.103042704977706], [0.7566638433537747, 0.9256292282106817], [1.0039575767531415, 0.29232942584567434], [0.5119555101581148, 1.0023465529262192], [0.9186230812932006, 0.6576575304065271], [0.11342179621908949, 1.180616851152576], [0.5391959396318924, 0.9936353104596531], [0.5065554459719775, 1.009785946966756], [0.5873165340903603, 0.9758464997281808], [0.1515861323676243, 1.1467809937678304], [1.0384160339343, 0.24182355270777764], [0.9298875336861533, 0.40165795978298585], [0.7759700064751934, 0.7648766637431641], [0.7757678859868161, 0.7761749614951092], [0.9367766282360149, 0.3688314859790471], [0.17157406325600125, 1.137175175176087], [0.9123076453074295, 0.6612618230747234], [0.12376492459062483, 1.1703316475863703], [0.4995967527582151, 1.0214500327699614], [0.8585463887716496, 0.6824398769644566], [0.8833217334744579, 0.6752858913506286], [0.12077549986477326, 1.175731778638573], [0.8455208645974929, 0.6879666518456629], [0.8977085896979324, 0.6662092488915692], [0.7321742954420329, 0.9536731208719471], [1.0181613072237126, 0.27315833770994064], [0.7220148964594152, 0.9602297803740636], [0.46912847451685286, 1.088795872323254], [0.8044416624344314, 0.7180375050760026], [0.9815342645584871, 0.31349164643210553], [0.6432191733534172, 0.9730206713734657], [0.0794333476226538, 1.212645676486144], [0.6938273613126827, 0.9684754047919368], [0.6805152032715038, 0.971869652554634], [0.13031282714301784, 1.1643915231617852], [0.49359710606275475, 1.0389066447831727], [0.14348297568801535, 1.1528016796705092], [0.7449111403734012, 0.9411493765786916], [0.7632081369168188, 0.9085791511234722], [0.780092214151986, 0.7551782373842291], [0.8158722275118789, 0.7053063050914101], [0.473871896178366, 1.0793667379358267], [0.8211311782740686, 0.6991723077564161], [0.9477185935457573, 0.3504640218005337], [0.9622474093739595, 0.3327893048303816], [0.05059283232284576, 1.234735739646713], [0.784538338081727, 0.7391547001926757], [0.9695550391900584, 0.32497756152702145], [0.4529940567147764, 1.1224891684960292], [0.524981495772078, 0.9946797320091052], [0.04212857125309319, 1.2382779851218637], [0.0723163229582708, 1.2195974527488829], [0.9949444219360694, 0.30012722081318755], [0.9535191632760978, 0.3418174946570646], [0.46113311268067547, 1.105628596849664], [0.1015710391664415, 1.1924364379077717], [0.8073094882898537, 0.708727056561306], [0.08959458019293781, 1.207613159568827], [0.06491073765721593, 1.224991524254744], [0.10757575817877582, 1.1881639509197035], [1.0335991701352512, 0.2513595791522396], [1.0282946093587204, 0.2591466611564355], [1.0125099738252188, 0.28053879057047787], [1.0260696431021812, 0.2675889109963484], [0.47657017915840433, 1.0726115744480849], [0.05737488594604303, 1.229513881544382], [0.7080815684844618, 0.9630849595935336], [1.0073195730025062, 0.29038495229704575], [0.800457093342724, 0.7252047938947976]]",0.026342,16.70
DTNK3,CCPSO_strict,21,100,0.003951,0.009630,0.571939,0.005077,0.686622,26.0000,100.0000,"[[0.5181203839937556, 1.0030201449870542], [0.9632912855358812, 0.33447505576455105], [0.7864455683018365, 0.730878298985937], [0.8353918685442063, 0.6940557049346159], [0.5488910588829004, 0.9794858808861651], [0.775249977194381, 0.7851506327362028], [0.9054280786452402, 0.6614062276854998], [0.49317753188069285, 1.0343773026959602], [0.7724863389977958, 0.8554640930160344], [0.9478948607073757, 0.34889067619529807], [0.1817784057120347, 1.1312424093354045], [0.9877441531220974, 0.3063860092217967], [0.0423344645893983, 1.238314008033376], [0.4918206926948307, 1.0481771761454086], [0.4653769878830995, 1.0980602999059916], [1.0388451063813713, 0.24256110604049433], [0.7609719331718869, 0.915534812802802], [0.559677110419409, 0.9770681942526434], [0.8676302642197544, 0.6782619277343338], [0.7791938080932922, 0.757227964903771], [0.49815400508534796, 1.0255380197128428], [0.20260362702194878, 1.129935334258813], [0.4692937860034147, 1.088143117774431], [0.8272638419147263, 0.6957064628030678], [0.9419208985807108, 0.3592190327988388], [0.07913790921464353, 1.2142379028550152], [0.9308902220514168, 0.396725044572195], [0.5063082404596894, 1.0094975877392702], [0.1700652747031995, 1.1360900783596473], [0.707717013149978, 0.965577060986194], [0.4828255990564381, 1.0581023774661678], [1.0099898975710728, 0.2830701978584596], [0.08405477157629809, 1.2086833736441112], [0.7693866209954051, 0.9099328789486665], [0.8529944810162089, 0.686631736696049], [0.07309137958871367, 1.2184387711944102], [0.9151042335782549, 0.6597281653634808], [0.45564930310059654, 1.1179060589327565], [0.7722363595576324, 0.8721666160912882], [0.14012403810581456, 1.1552153839044736], [0.1348819511842212, 1.1607128325619582], [0.537356288528975, 0.9849989744868339], [1.026894384948833, 0.2613357275515982], [0.15714160784870038, 1.1427036825735344], [0.5011366774767156, 1.0183523533990815], [0.06559349184589883, 1.2237615383060723], [0.9555805054856399, 0.34196670780673905], [0.5351730909053274, 0.9870072480362815], [1.0160369210135307, 0.2755419442369527], [0.4781553671512025, 1.0681642665217246], [0.8896650177395997, 0.6682268373534297], [0.8807880986997013, 0.6748805962261308], [0.7746678243815348, 0.8033486828525598], [0.6953925108224153, 0.9684978412371834], [0.18526420389406972, 1.1307936269369843], [0.9663841686873536, 0.32749397418483217], [0.10853015713973707, 1.1868581005698087], [0.8623554564268977, 0.6840335744121181], [0.4755666046689941, 1.082458488031416], [0.9322714387891705, 0.37883967444432637], [0.9245567696805788, 0.6507177512611686], [0.976731406789257, 0.31707586689712763], [0.8198537259166696, 0.7019736789624051], [0.8150943812568133, 0.7036885786029248], [0.7768700351904235, 0.770646646173049], [0.7377733277972381, 0.9505086740954685], [0.14686984302497652, 1.1508916484280103], [0.46117495281586807, 1.109325001940319], [0.7286238601582162, 0.9562170188244863], [0.9829114104582708, 0.31076483037357105], [0.1279697584403348, 1.1670990024257772], [0.5875736315165333, 0.9741396545609935], [0.8066479341034679, 0.7117570729886651], [0.12386953284032373, 1.1718558252392874], [0.05754389449263269, 1.2293065273700545], [0.9953101135625609, 0.29855563712658606], [0.9728508952585924, 0.322995539852302], [0.7706160674025468, 0.8885644176760426], [0.6598002601162636, 0.9722739021747349], [1.0031378841432899, 0.2913004797018174], [0.09013860506758048, 1.2042354049543214], [0.7820775539481815, 0.7399785963533212], [0.7998701486519479, 0.7209251923518913], [0.09634151861261012, 1.1993951821953752], [0.8450759983751202, 0.6907707781846721], [0.7733205421807685, 0.8135041315140483], [0.620114912949275, 0.9732907746398747], [0.7948080706067691, 0.7228181832731768], [0.4548865982676218, 1.127753226890456], [0.5190930596535028, 0.9969417694746818], [0.11596040113549727, 1.1789105429290374], [0.5754465428837102, 0.9759364589298607], [0.10144121504082274, 1.192319096736334], [1.0221228527319244, 0.2684759345841436], [1.0357960304624338, 0.2483898451652354], [0.0502154108200662, 1.2340103646551934], [0.929198023465027, 0.648835525558823], [0.936473093138072, 0.36744801390357834], [0.9297293268042951, 0.39869940889548044], [0.7563791314456288, 0.9365132105291794]]",0.020179,16.41
DTNK3,CCPSO_strict,22,100,0.004480,0.009859,0.623667,0.004684,0.713873,17.0000,100.0000,"[[0.47317310148720093, 1.0867836263948878], [0.8760272297097969, 0.678040458460998], [0.5355409416473473, 0.9884156612429391], [0.9067102075393342, 0.6612752294568445], [1.0124518411278391, 0.280536847713616], [0.8983722029606896, 0.6640916166082964], [0.9318494944732688, 0.37959520111964506], [0.8164575005686523, 0.7039329843913948], [0.5515056831874535, 0.9816522504726526], [0.9669667619067037, 0.32896297981419925], [0.6787879528079455, 0.9731377897142732], [0.5708911453230162, 0.97496379460673], [0.9298269729901566, 0.38960473837474396], [0.48118278320099866, 1.0791132294667383], [0.7787787182989252, 0.7496918423101486], [0.7738258811950138, 0.8549895741785278], [0.5292999829187974, 1.000979657780163], [0.4572471069618465, 1.1145556545795658], [0.12269646928790573, 1.1725569163529876], [0.14306603339596163, 1.1522736554595823], [0.7748870433701255, 0.777848142745196], [0.9832964908345114, 0.3129134754949836], [0.9198102873072875, 0.6580405521111481], [0.6964946724168077, 0.9694795429134442], [0.9358920351216196, 0.37065812227284456], [0.15050889214816765, 1.1466674065511098], [0.04206247556305541, 1.2382959624783565], [0.10364489139628318, 1.1904563078785144], [0.764388814210232, 0.9130506638565867], [0.6352772960205795, 0.9734780743795797], [0.7896796982633641, 0.7273603782615916], [0.08356759845718989, 1.2093163942012881], [0.07838816017563724, 1.2157548417309332], [0.7739147516296041, 0.8065765886538394], [0.7481602686129823, 0.9376755665101677], [0.7699661494313683, 0.8814348936244998], [0.9506988230349919, 0.34717718121193686], [0.9626277843631191, 0.33678735370633767], [0.1095366168771524, 1.1856965398135175], [0.735229633375884, 0.9482499056622402], [0.6811031069658712, 0.9696422731936891], [0.9967102707714339, 0.2981917051602424], [0.05570301724997708, 1.2304662119926528], [0.4675396395518031, 1.0981477905980184], [0.4971971971379771, 1.028025991310942], [0.7949705958714052, 0.7221477798828724], [0.46209584391967023, 1.1026518427334797], [1.0384745464002378, 0.24175555712836136], [0.8926615493388199, 0.6709437480557409], [0.48145073151651696, 1.0619229222244515], [0.8617553719693782, 0.6799713885245553], [0.1779063827426734, 1.1351501088388065], [0.0917610142623059, 1.203874417773747], [0.7017751385555756, 0.9672210008212123], [1.0072483318014207, 0.28585063284221857], [0.7195044087652691, 0.9583240359430563], [0.5453110957643714, 0.9873207686996566], [1.017249367660387, 0.2737596453289957], [0.14006330259914263, 1.161176317399494], [0.7581210397051451, 0.9353935300203253], [0.9704623704397898, 0.3229485001576856], [0.16676568894593308, 1.1372329092410995], [0.9397965160340213, 0.3626339430956954], [0.04919078113726084, 1.234452327106619], [0.7165664674750392, 0.9598075005033739], [0.06307147555342796, 1.2256953140357771], [0.9558776010747263, 0.34079546043155273], [0.4989254207724823, 1.0211819178590724], [0.15736061194992523, 1.1428607293299067], [0.48403465782680866, 1.0542202742864382], [0.11541443667751469, 1.1788544509593397], [0.5075008061382345, 1.0124497088777789], [0.4952040902061174, 1.0446200283867573], [0.9249516921417046, 0.6510713232079237], [0.8392785695414086, 0.6901712807954927], [0.1868866825990992, 1.1336061382673024], [0.9770791939765737, 0.3171309691166477], [0.7857470608585431, 0.7375369244268337], [0.7712936807650738, 0.8804935406765169], [0.06877420515915178, 1.2212479715507503], [0.8551504499061984, 0.6879580170611269], [0.1299757299001102, 1.1644962130050434], [0.511581524489134, 1.0043317244288306], [0.7384089747890432, 0.9455499136079502], [0.882093320364851, 0.6722705305607144], [0.946046503425922, 0.355208016521424], [0.8060789463048692, 0.7121042259704384], [0.9914106446061303, 0.30513027269349047], [1.0019212606784191, 0.29105770720369906], [0.9297401106516443, 0.4053706470703077], [0.6024789322718092, 0.9740477483845384], [0.1969705247001973, 1.1293686327718169], [0.5616408863322044, 0.9798066530598759], [1.023300983158743, 0.2666437325992428], [1.0293571400113544, 0.2603203756660604], [1.0328239965645827, 0.2525602113126749], [0.7610084944538458, 0.9192753696131599], [0.0972028822505403, 1.1960526525259096], [0.7742378546761272, 0.7940677881475706], [0.8318098641036689, 0.7003491247215785]]",0.021628,16.46
DTNK3,CCPSO_strict,23,100,0.004736,0.008018,0.935779,0.005002,0.786922,23.0000,100.0000,"[[0.12541098229725614, 1.1691699866733056], [0.6117298778300695, 0.9733151022414732], [0.09128684381941403, 1.2044063500003164], [0.7361276857915294, 0.9536746276450319], [0.776427721500984, 0.7915040164156801], [0.7812881765882794, 0.748913054193391], [0.8223399164899903, 0.6995258602160559], [0.12945381664582525, 1.1658557453670033], [0.10408466789773445, 1.1904601859562447], [0.9604330966463718, 0.33463326928532483], [0.8163694327738154, 0.7109085926760561], [0.5095796260677956, 1.0094308661179399], [0.7341924747234136, 0.9613183229609841], [1.0269666961388635, 0.2642268375049161], [1.0158353257104076, 0.2775569287794177], [0.9293044523360828, 0.4018656877998412], [0.07193039272736516, 1.219048683815723], [0.4713418060198389, 1.0838374725030553], [0.9652808058842096, 0.32865752052728675], [0.9294367057296294, 0.3987641884929559], [0.5018999910142138, 1.0174365483833314], [0.2105870854942446, 1.1298677759861573], [0.4687755667277623, 1.0972182111549882], [0.7732916789954742, 0.8169509179671803], [0.13484235276735523, 1.1602439138818261], [0.12007059050654939, 1.174562773623507], [0.7008006469867145, 0.9654539062386145], [0.16445504573097008, 1.1391959560955263], [0.09525114195390882, 1.198507041283566], [0.47833312805999784, 1.0731354788508949], [0.5158953587632934, 1.0023433414465717], [0.48825292752700616, 1.0537795068260374], [1.0383807721921257, 0.24193108470922303], [0.7775316414082966, 0.7804461194293406], [0.9979669258637258, 0.2958922077125328], [0.05288804758406431, 1.232443136134783], [0.57923833173999, 0.9773372017405033], [0.14581450360818413, 1.1516609429031424], [0.11500659575343289, 1.1793318398453398], [0.9542974456928012, 0.3411108001845637], [0.5985140651754628, 0.9755753995902487], [0.8731295636929477, 0.6779630121310348], [0.9423791190845668, 0.35759059862189624], [0.1529683821210312, 1.1481453240128414], [0.49490033841065667, 1.0287225128614044], [0.5528036158801727, 0.9782490965265132], [0.9918274920322495, 0.30153075542131974], [0.9475492472723336, 0.3504372364019351], [1.0098855676861473, 0.2828326185021835], [0.7840985925105131, 0.7370398019384823], [0.9832894098450525, 0.31439385039572965], [0.05898811752074009, 1.2287209559957302], [0.08455290651149432, 1.2083185148086617], [0.9131780758440109, 0.6674957602162819], [0.47501331878142866, 1.0821078460313283], [0.4983997460856834, 1.0253345821529205], [0.9862623167610436, 0.3070765363207699], [0.17971696049419011, 1.1320292980928042], [0.5394696543788365, 0.9861928881779054], [0.9705792968659934, 0.3233624143242996], [0.8416175075500827, 0.689938830738811], [0.5245260186334135, 0.9930598157686745], [0.9308182112358905, 0.3862294277832857], [0.7989818672088624, 0.7185901896488354], [0.9770851194533895, 0.31863328324132906], [0.04193188172932769, 1.238644656037024], [0.8303116776330589, 0.6988406852669268], [0.14210731823561829, 1.1569428834579267], [0.9386297339004308, 0.36684353473336617], [0.7791919835809432, 0.7733061785719613], [0.48220089813216926, 1.0599779327024623], [0.7151722435567289, 0.9618626989646344], [0.8907755721707229, 0.6675258578102882], [1.0042991755630422, 0.2893468438842832], [0.17203302724747832, 1.1361890818893088], [0.924844882727821, 0.6498164529189652], [1.0348551751034984, 0.2496002823481241], [0.07912342627962696, 1.2131093912640134], [0.804169561995085, 0.7169783609410907], [0.1943646485298748, 1.1312558746131236], [0.06460145170872093, 1.2243519191980994], [0.04801398628979719, 1.2355945081585513], [0.7466121707737762, 0.9424152836119486], [0.9358781707620546, 0.37871978013593843], [0.7910236358182798, 0.7285346364739238], [0.4616147546262575, 1.107730030165547], [1.0307098376057338, 0.25567702661710295], [0.10031313744604148, 1.1936611271328244], [0.8149090075402441, 0.7122118872741576], [0.15580783158665817, 1.1433293320800213], [0.5313047660065247, 0.9886585018997245], [0.10934824512292472, 1.1845905656309161], [1.0212514489938134, 0.2718838149665718], [0.7606995138086257, 0.9228174975382046], [0.5142143358508596, 1.0080432891624134], [0.7668042726351747, 0.8947363653328968], [0.8633852594231172, 0.6873578735666254], [0.9200382941410404, 0.6564606412287479], [0.49125544994300635, 1.0433236157981314], [0.7544696856450769, 0.9267070243964604]]",0.024033,16.88
DTNK3,CCPSO_strict,24,100,0.004021,0.011723,0.826205,0.002974,0.676783,28.0000,100.0000,"[[0.9352019148397511, 0.3706615739257986], [0.04201668854180736, 1.2386500947710324], [0.7721391084484572, 0.8760117744967986], [0.4991281418441275, 1.0315403159530303], [0.1398133145976519, 1.1573291276380284], [0.6296202568494166, 0.974523172192501], [0.4838504758775846, 1.0575427910053137], [0.9532065198203838, 0.34398255208558615], [0.9134705343275074, 0.6568013207342633], [0.8989156394133054, 0.6670755656063639], [0.4810342918271465, 1.0639216571647503], [0.5203558722415306, 1.0022519388088096], [0.974544006362936, 0.3208550359775647], [0.12427190834845543, 1.1697019838543556], [0.4650438371115219, 1.0980944944787585], [0.8244679593463674, 0.709946126474579], [0.7931177444933026, 0.7326885322956787], [0.9297025057338678, 0.40042382079577576], [1.0292606467185907, 0.25960163364009725], [0.7724642860939532, 0.8599394017496638], [0.18980340572154247, 1.130340735170024], [0.10585699962652671, 1.1875964536911237], [0.1792693640841703, 1.1327571553368976], [0.7743320201074199, 0.7809607046115026], [0.7087655419656308, 0.9666231488947703], [0.09475450008329842, 1.1990574419912952], [0.7954715157223566, 0.7195486373511879], [1.038597000543758, 0.24211034843062434], [0.8704906648628858, 0.6812084082695631], [0.11857365035478368, 1.1778390189356345], [0.15382043735030385, 1.1462194009102848], [0.8289131007613542, 0.6976021869623634], [0.9269424280893395, 0.6518348822585947], [0.16010460046105934, 1.1408854887736217], [0.20276776224999338, 1.1293751571059099], [0.7676435867294633, 0.8993270241475746], [0.8585984401450995, 0.6824762381269192], [0.4478096048633543, 1.1285331709478066], [0.7330954493847499, 0.9502785704257646], [0.5130482549281301, 1.0069046733736495], [0.49415543628438036, 1.0418430350698964], [0.692155961188928, 0.9678121018374226], [0.6805463722942484, 0.9697708160216603], [0.16920827780563116, 1.136221091038883], [0.931380047741034, 0.3852627932413335], [0.844899886833724, 0.6903474440189686], [0.9677892913327039, 0.32679649542487027], [0.47453032921473104, 1.0755558645319279], [0.4687888099258622, 1.0894140497712579], [0.5631054274417913, 0.9795925760113189], [0.9441235815532631, 0.3595758362859377], [0.744619936930537, 0.9398571660608561], [0.48703961123196976, 1.0461393941822807], [1.01544076931585, 0.2778954317454648], [0.506666339584016, 1.0191817953789353], [0.08083884087882079, 1.2117561451665102], [0.8394586284203078, 0.695284324905951], [1.0247193874146558, 0.2663111378337851], [0.5261661477372297, 0.9928641691885871], [0.08781475431792495, 1.2056229629336208], [0.7730010105480081, 0.8385574507695783], [0.721135305521901, 0.9610062855993597], [0.543299121082528, 0.982825109063826], [0.09864182700826626, 1.1946697330986207], [0.45238361268330896, 1.1227762151038154], [0.784782685430824, 0.7422078309964533], [0.4565986586238119, 1.115926200977992], [0.616894595547948, 0.974754459455206], [0.056279480604831116, 1.2305268696278433], [1.0342966964649587, 0.2510155780392733], [0.8054464300042172, 0.7117310106121424], [0.9845701743042861, 0.31423883081738613], [0.7710188901509416, 0.8865086300635889], [0.7811986705244685, 0.7534800798413626], [0.9042895683431148, 0.6618837366958101], [0.7788244565344257, 0.763374615368418], [1.008557773436175, 0.285497143691377], [0.8788133956805314, 0.6732169390653797], [0.8527392410849793, 0.6854578685318722], [0.11204000925627497, 1.1831538539383124], [0.5323631400461641, 0.9923687475535647], [0.9889615573417896, 0.30523990333329465], [1.002854611092381, 0.2913993220781754], [0.5774654975650481, 0.975963886450351], [0.8875647152709152, 0.6694828795734025], [1.0190911803606144, 0.2716075984276542], [0.07450387316522566, 1.2177618322885535], [0.13121447210110335, 1.162668959407015], [0.06501890900867288, 1.2243959623015497], [0.049295722818680075, 1.234523219281728], [0.77374058775306, 0.7895924333784858], [0.7728723584704404, 0.8460199054394177], [0.7497622306493883, 0.9346980703172565], [0.14675998060082449, 1.15274723706705], [0.9477049400361246, 0.35066731936882267], [0.7629899416585555, 0.9145178806368532], [0.9943453347297534, 0.299136743616979], [0.9613039253263127, 0.33828851964677525], [0.7239422742323474, 0.9557003770359231], [0.8111754539980477, 0.7110901751667706]]",0.027897,16.91
DTNK3,CCPSO_strict,25,100,0.003615,0.007314,0.721373,0.003873,0.754637,20.0000,100.0000,"[[0.09506938155189543, 1.198722743475678], [0.057271087053759655, 1.2314907149450247], [0.885725708123351, 0.674679091409663], [0.9392134826441308, 0.364532056009171], [0.12528709679418432, 1.1691897071409576], [0.7784909175786878, 0.7557504200757232], [0.930568874025367, 0.6474142240342435], [0.7840976668775803, 0.7444193891962061], [0.7698815305317273, 0.8827540773919218], [0.9305781140038478, 0.39376128552468137], [0.4872934441639968, 1.058545570941277], [0.7744515198499444, 0.7760726810313194], [0.8610893800618781, 0.6808436501284469], [0.9517251264720676, 0.34509197210713144], [0.8294039811889682, 0.6949523313390886], [0.1716729849275837, 1.1387330748833244], [0.04337597375319179, 1.2394788804003527], [0.901524417075943, 0.6693015105735829], [0.12080627520901042, 1.1746900580996553], [0.7203569350595663, 0.9653525055952892], [0.7732400541359539, 0.8550980963721022], [0.5222923712912242, 1.0019405717415493], [0.917627579773994, 0.6573429856023302], [0.5256715342512615, 0.992376820025817], [0.13274417128644173, 1.16330455292495], [0.8476653144358148, 0.688134126368747], [0.9934507795349267, 0.30269501709374513], [0.8011878087060904, 0.7134140004548697], [0.1900458289216171, 1.1298656844722819], [0.677140101905584, 0.971263305289908], [0.7468678507988008, 0.9462088055404312], [0.7089501984358554, 0.9682647652672247], [0.8571800942423651, 0.6866965937454926], [0.17832987874686845, 1.1326434090625124], [0.5049454523109899, 1.0186556045007684], [0.9222280098724561, 0.6547808440020447], [0.10839846755068505, 1.1879685548268184], [0.9769485920953124, 0.319645014122076], [0.04930861397515028, 1.2356623388328358], [0.9329615178001525, 0.376211284484142], [0.4745352179673708, 1.0901781342612833], [0.1519086637380624, 1.1468210278430198], [0.5090547948280635, 1.0116497820059946], [0.07753303528229874, 1.2145628639865134], [0.9618053454568114, 0.3334014581096145], [0.08230137214072338, 1.210239563196041], [0.7934475899390285, 0.7212578458360273], [0.4911639554699595, 1.0358495428021837], [0.5481223673341871, 0.9804143776885696], [0.8869377695954703, 0.669466984577934], [0.7899135777564744, 0.7383418519975491], [0.11490761670820239, 1.179545665289989], [0.957703309277904, 0.3398622259005234], [0.8740831761687671, 0.6766132045370294], [0.7650680542604288, 0.91145425835927], [0.7316752274901318, 0.9641028342740134], [0.4966961533783461, 1.0251390751778777], [0.6920889725626063, 0.9704726183033592], [0.48102831623190645, 1.0648656460384593], [0.8118018618459277, 0.7092237479862651], [1.0341822545678525, 0.25002906492369126], [0.5385180069259008, 0.9865624356044971], [0.578425117046421, 0.9756591838691016], [0.9987843502595817, 0.294910511878124], [0.15774814177488655, 1.1424118439710005], [0.453004865302852, 1.1248514777534995], [1.004198926730907, 0.29000599550117634], [0.7597982507031255, 0.916352637354519], [0.6155355230429572, 0.97356286201341], [0.9059031656516006, 0.6662332944328895], [1.021526894530942, 0.2692490631154569], [0.07155129442724793, 1.219799171888155], [0.535790203373849, 0.9872102208546458], [0.8222135792257671, 0.701779261862042], [0.45553636797566205, 1.1209977365577046], [0.987522617850953, 0.307861955783886], [0.9449450926395752, 0.3534731138353904], [0.14593696875814388, 1.1523734542711397], [0.0631538182585735, 1.2260266065798406], [0.47670777682782434, 1.077702068704517], [0.7349351571700158, 0.9514102054009725], [0.13900559586490258, 1.156384000896214], [0.9689454771811223, 0.32616152737063264], [0.8703148091737462, 0.6805979121633627], [0.7487398010953453, 0.9349830947088609], [0.9824546543702483, 0.31545619112786705], [1.0165716725318956, 0.2788080361182889], [1.0298555243449805, 0.2567491329034427], [1.0384776500269701, 0.241833626783304], [0.592787107491236, 0.9743921867740519], [0.5146422899326973, 1.003256608184437], [1.0103509893492941, 0.28524985847311785], [0.7687366387425123, 0.8917438881807767], [1.0267951419351167, 0.2623588491891576], [0.4607913082939748, 1.110618254074241], [0.4674347298121964, 1.0958849112967644], [0.9321738600085515, 0.3829543716237116], [0.08930576499194662, 1.2047002691238045], [0.10188916531645836, 1.193303819405005], [0.8393107491980708, 0.6940667878494499]]",0.017263,16.77
DTNK3,CCPSO_strict,26,100,0.004562,0.009249,0.640696,0.004704,0.706012,21.0000,100.0000,"[[0.6014252891239154, 0.9741096981065738], [0.8425220227525854, 0.688611514930981], [0.12464206602143824, 1.1696013434173849], [0.736046463635757, 0.9475162758094127], [0.8921404451216816, 0.6744052721054075], [0.9737073163307024, 0.32149860361020755], [0.7636094697084981, 0.9179728967554859], [0.4604260166961806, 1.1198315623416717], [0.7866352488466232, 0.7358464923794681], [0.15720276103458658, 1.1432147422764976], [0.6783061295948384, 0.9720206640348168], [0.9603963752190388, 0.33421359079090796], [0.9411603984274186, 0.3585833222979057], [0.9304056217549713, 0.3953534187988048], [0.9493057691599877, 0.3496395150317232], [0.9559993030064335, 0.34100031331776515], [0.9223357836304649, 0.6557757348515036], [1.025635331110728, 0.2637459478041894], [0.11223594296580398, 1.1814254700680924], [0.6617082004298349, 0.9731313806747655], [0.8068859437282675, 0.7154064033988399], [0.0779961200005468, 1.2136966823591873], [0.7241642586281476, 0.9574411535197596], [0.7510517656936826, 0.9373276546787279], [0.4629458485971798, 1.1076760078319299], [0.7148394671019114, 0.9638480256625355], [0.5601212240514781, 0.9773641263178126], [0.14015231866508104, 1.1548401297965634], [0.14840353618788993, 1.148226880209538], [0.5062560537148332, 1.01407376497956], [0.08370040740472948, 1.2106087401142316], [1.0395008727712862, 0.24291211151076744], [0.08841895671008265, 1.2050811136719337], [0.937445705152839, 0.3700066069764805], [0.9683866577968547, 0.32894135115322876], [0.09450358885783175, 1.19898277800665], [0.792756503187772, 0.7283185810528823], [0.8815988419855255, 0.6757936563511409], [0.8217107464701622, 0.7052226238771278], [0.05697374555719489, 1.230531728222512], [0.4989859798881424, 1.0229623256695166], [0.487070345954144, 1.0467883905693278], [0.44686976909131676, 1.1293868973220131], [0.04913226798417244, 1.2346624678935374], [1.0295178091612733, 0.25728515887294623], [0.4910907106291474, 1.0386333664230667], [1.0212310611673598, 0.270447632064338], [0.8098169346663067, 0.7065593802209131], [0.7658620376179058, 0.9034275705456847], [0.10149994090684099, 1.1936988556886963], [1.0104575009273535, 0.28446305188353077], [0.46795615486367664, 1.0913004498435108], [0.16773816091633864, 1.137701277057618], [0.5752511097640444, 0.9744730192435662], [1.0138029487798865, 0.2785567922692168], [0.733717287860323, 0.9487313267840789], [0.7793443818780228, 0.7519528856550353], [0.8630787397472481, 0.6825214192895717], [0.19955387889856296, 1.129772113270053], [0.9294466093456484, 0.6501470289658877], [0.7074769820741095, 0.9687302796336352], [0.18750601428770275, 1.1325312238596807], [0.875293693232475, 0.6821546651171813], [0.9323665738886117, 0.38387144966731146], [0.07124430933420839, 1.219346509531826], [0.5444826011123622, 0.9827930970321903], [0.9936369151268685, 0.30231175226682827], [0.7742318757932285, 0.7806044508476087], [0.9794699832823502, 0.31562536968508337], [0.4768983997832463, 1.0755253983081716], [0.17414362300003064, 1.1343004967894286], [0.06407221849358745, 1.2250301826854373], [0.5264667525759892, 0.9900375887449955], [0.9871302451564463, 0.31224210426057536], [0.7782918571187478, 0.7668461327720477], [0.7740734501731821, 0.8024353849936052], [0.9089145548113678, 0.6632651738788231], [0.484414799419098, 1.055016852025725], [1.0034845614969645, 0.2912707941533885], [0.9981974928208909, 0.295866868646388], [0.5360618654368642, 0.98556756448494], [0.4737342307362059, 1.0847053672842208], [0.1212118394681873, 1.1772809512294684], [0.041734586956537804, 1.2384329174668298], [0.7957673703888788, 0.7247250553790103], [0.8968149382732932, 0.6658394213375961], [0.7715756434146835, 0.8710549904190343], [0.5730397168640551, 0.9754819916081963], [0.10677856121166102, 1.1875474648326165], [0.13398012717017135, 1.1619115566123943], [0.8318515366579362, 0.6986233330324971], [0.9166641622433416, 0.6603557685050965], [0.6420800613553124, 0.9740930550134372], [0.49626517067183545, 1.0334319410265427], [1.0341677607373236, 0.24974128729044598], [0.929904400886048, 0.40265846804924726], [0.7572683304860339, 0.930914723011488], [0.5141895172930362, 1.0063807087279562], [0.9342902966102276, 0.3823723212314386], [0.5212074528486367, 0.9983806927865428]]",0.023086,16.90
DTNK3,CCPSO_strict,27,100,0.003493,0.009427,0.570548,0.004026,0.733114,25.0000,100.0000,"[[1.0252716103390949, 0.2661760226494214], [0.8579930795657822, 0.68388613708003], [0.7615977893003866, 0.9189013071353167], [0.5750206990365598, 0.9742623823211412], [0.45237964818188287, 1.123306421727896], [0.0958202472367258, 1.2001238303054196], [0.8024902996802157, 0.7184955524961849], [0.7460854017071621, 0.9394126300417656], [0.9060431055403222, 0.664983680392865], [0.11609040739557415, 1.180393671081261], [0.9981672615001526, 0.29725398282735344], [0.5531512596150194, 0.9873394965112845], [0.6947654595937457, 0.9678312552077046], [0.7690226315968495, 0.8961739329314304], [0.4964708307138645, 1.0262084568738639], [0.7035383267758916, 0.966694137399819], [0.10997079396932422, 1.1856980927280476], [0.5101438636716126, 1.0073527463258016], [0.938409820907335, 0.36694094200203764], [0.7749747063764484, 0.7746125276792923], [0.07952067144250524, 1.2128007374324214], [0.7364261070314968, 0.9508196095161481], [0.18710163683210498, 1.1311930014892686], [1.0385019871239232, 0.24182002089154336], [0.16218332956185175, 1.1420099752470756], [0.46696566675941287, 1.0929769666358482], [0.9501684238901423, 0.3511110765574814], [0.7669150751337938, 0.9092635584552524], [0.7730889272924795, 0.8586929705047452], [0.47920520408027845, 1.0705529986526918], [0.9908709227178236, 0.3075679465759208], [0.06424330617914953, 1.2249029907334488], [0.1364612212126587, 1.158112169630684], [0.9353515929769889, 0.3798791863103417], [0.17556522148826498, 1.1331339252263999], [0.6841627310500221, 0.9708985225948461], [0.9755989959862974, 0.32083913565062794], [0.14578023962945, 1.1534414237994561], [1.0097364168280487, 0.2850121345214872], [0.15286973012939098, 1.1455659121940884], [0.7122364886639568, 0.9628875542757283], [0.5678407384318024, 0.9811359556787025], [0.8199461462566657, 0.7021476180932336], [0.9297928471137892, 0.3956657521171178], [0.9843404121099416, 0.31110514354484486], [0.10193268598045216, 1.1928078588372801], [0.47446724179587363, 1.076692363483392], [1.0198937853028394, 0.2721412527860723], [0.4893197431409199, 1.0449959232247052], [0.7566552771038644, 0.9233161125281191], [0.9328419571143333, 0.3897689707615869], [0.6178916779474535, 0.9737659566279728], [0.04182576686844787, 1.2384958960431682], [0.7794085851359407, 0.7505116911854572], [0.8510588360316076, 0.6882254451713352], [0.7779689682989196, 0.7651957597512293], [0.5230834927441246, 0.9940481188453869], [0.9189977764792355, 0.6544375575807101], [0.9436071384386262, 0.3583111174460098], [0.7930241660754442, 0.7255038714255917], [0.08772510673916473, 1.205495977556769], [0.20191984129476706, 1.1291181989122208], [0.5037727087230137, 1.0138936187337457], [0.7271354482848285, 0.9548523083315548], [0.80437975999259, 0.7102339189239391], [0.828375041822151, 0.6971864890006717], [0.48543698574516775, 1.0510792557874806], [0.16984316950363965, 1.1387875991539127], [0.4618313987472704, 1.1046396947190005], [0.9663100665116093, 0.3290884454133344], [0.13142371042416703, 1.1651434004252044], [0.8954283542076624, 0.6676331512040616], [0.4716567736328669, 1.0833103162281004], [0.7863754562551335, 0.7414882968330292], [0.9562754989146237, 0.346472012091884], [0.494591111262048, 1.0342008479394222], [1.0149377252749163, 0.27835766035400056], [0.9580807454509424, 0.33632816505213553], [0.4592532789586555, 1.1145165778429817], [1.028737678812615, 0.25854735365964016], [0.7225585615308208, 0.9576065662986486], [0.5144314578257835, 1.0010645281222106], [1.004091332710573, 0.29017235639391503], [0.9802783271729979, 0.3191270643299621], [0.1251969584745708, 1.1719185101217977], [1.0337847999432181, 0.25035512944885885], [0.6622458019185767, 0.9725562122208737], [0.04967367228193807, 1.2345240488103688], [0.7900730337919845, 0.7326840313253191], [0.6293115381429634, 0.9730916922118482], [0.836325137694438, 0.6917103227261151], [0.8787459053036927, 0.6741066893982881], [0.8715517844621787, 0.6792986094055106], [0.929080331815181, 0.649054169942483], [0.9101706080263776, 0.6600011938918113], [0.8890502554773144, 0.6707070080491238], [0.5325673677574978, 0.9893876532017594], [0.05606486368867603, 1.230423420162752], [0.07032922177649985, 1.2199794573282774], [0.48274653479863755, 1.0650096915132123]]",0.020089,16.66
DTNK3,CCPSO_strict,28,100,0.004316,0.009899,0.597187,0.004869,0.745161,25.0000,100.0000,"[[0.9479164525930591, 0.35066994556558834], [0.13082540104905652, 1.1644745728761485], [0.9333310283923087, 0.37679039926144886], [0.9039064105903947, 0.663493051090258], [0.1941315017572966, 1.1294674589847968], [0.7427293605856049, 0.9442554791143336], [0.7471738761306076, 0.9361970443288801], [0.4972793322476931, 1.02543986441584], [0.5181989432896994, 1.0055723452758711], [0.4676506188924257, 1.0929409577164222], [0.9787797419664896, 0.31462481347291194], [0.7198396085870117, 0.962659768862985], [0.4480627173877519, 1.127398381234684], [0.17117237858350132, 1.1352074472335165], [0.11009787697568606, 1.185826639835743], [0.930230801005413, 0.40240817329921447], [0.04169410104308329, 1.2384573076894583], [0.5268887504447637, 0.9902177324817003], [0.8503196448130073, 0.6872723335077171], [0.7965480641088964, 0.7175621852032117], [0.7677483438987356, 0.890912142527831], [0.9209840088924466, 0.6545358482760575], [0.7856166135846392, 0.7399787772692121], [0.4915648635325593, 1.0443520774616082], [0.9618950074649988, 0.33288843610249697], [0.14148168233168185, 1.1547788152286738], [0.930624497216938, 0.38541504591691], [0.16416278133962087, 1.138465293579152], [0.08385409872999547, 1.2090328102952188], [0.09595933761393757, 1.1981190019325647], [0.8789509254369934, 0.679849720298128], [0.5036302917543807, 1.018563176394696], [0.9858035348422897, 0.3103280264107166], [0.7641162973380449, 0.9226952196586924], [0.899505525796737, 0.6679058039505363], [0.7022623627169774, 0.9647621992374875], [0.11711604979362661, 1.1785954593122698], [0.8009076640856241, 0.7141160583200008], [1.009438677595328, 0.2830479277555016], [0.7810698564662828, 0.7460248275993215], [0.0511903937391352, 1.233594612189773], [0.9146495960413988, 0.6583850069561141], [0.8570137945718052, 0.6840510113150527], [0.05882366266594347, 1.2287690393016006], [1.0349754117713557, 0.2485520762722082], [0.9574828923180749, 0.33793507420868424], [1.001320742599551, 0.29370216696924356], [0.10395390314525056, 1.190161797111391], [0.7272966608714342, 0.9560425052032078], [0.6444100679712528, 0.9741353616922188], [0.0659430996388996, 1.2233499204575111], [0.7760880214210061, 0.7822799169261934], [0.1826829694229223, 1.1314563902110315], [0.5654226544396797, 0.9764469133051268], [1.0385046091230377, 0.24186133032392257], [0.9291904940920778, 0.40273371309890715], [0.8388849964112746, 0.700317479076398], [0.5382715793288072, 0.9873061440737316], [0.8887240587962367, 0.6724422470895233], [0.4950948242954531, 1.0324108055336372], [1.0209487789360563, 0.26991655448227503], [0.9966837312836885, 0.29935692213415127], [0.7746981455980737, 0.8262994228261253], [0.15637355402121472, 1.1446821396996432], [0.7910007082525974, 0.7303259962075799], [0.461933675913972, 1.1078450253341212], [0.9535911346262056, 0.3464976689356692], [0.5867206871893598, 0.9750877869477799], [0.4787693052400114, 1.067875027579837], [0.51264111276812, 1.0126965370866572], [0.45612527390324825, 1.1164803408798545], [0.9368119836011035, 0.3667773440418116], [0.4757302106211366, 1.082699682131145], [0.7775730779407819, 0.754830531400486], [0.8203071749744351, 0.7013703139071741], [0.13583983423226598, 1.1592787850842643], [0.5925258502093778, 0.9750624997977724], [1.0159446064377404, 0.2778653964506227], [0.6725590629800584, 0.970990654414966], [0.07303600240721984, 1.2188420693269866], [0.774727261794434, 0.8164162958466012], [0.8429973095678251, 0.6884074813021661], [0.08957217236841726, 1.204903917359138], [0.9746318741010294, 0.3224702182682171], [1.0313532548705084, 0.25643678342480203], [0.12501361049151818, 1.171333066205194], [0.7725953067071, 0.8792721231720007], [0.8679193652138595, 0.6812269955440826], [0.48312838173490175, 1.0541768779722038], [0.0779477297096029, 1.2145156816137004], [0.9689279730875565, 0.32565424883601823], [0.4668842598589283, 1.1018522270574573], [1.0267604713790892, 0.2630797191387655], [0.944824236274225, 0.3569032019264376], [0.8114358044345318, 0.7066464442370806], [0.9918874383629326, 0.3043946519980385], [1.0059243769882407, 0.2884907861068947], [0.7322968093727967, 0.95029969741862], [0.5543208597127015, 0.9807291826019331], [0.1462798661008622, 1.1510429078646807]]",0.020959,16.98
DTNK3,CCPSO_strict,29,100,0.003903,0.011305,0.670114,0.003910,0.700121,20.0000,100.0000,"[[1.0224043706339372, 0.2692509808228718], [0.7666105094267522, 0.9104470783839598], [0.982822866489026, 0.3128290740510895], [0.5036139567275292, 1.0151123223808456], [0.10619395777545704, 1.1872546132513953], [0.7023565823276083, 0.970448798821274], [0.9585933117061692, 0.3375541416307685], [0.7607027759695688, 0.9154995221571869], [0.9697966626163814, 0.32366893156906495], [0.15028240103025642, 1.147997674740307], [0.7926997912894167, 0.7332213801952217], [0.6353749415146365, 0.9734270526264133], [0.518097920924407, 1.0002355039963662], [0.7388962412112555, 0.9496739173740394], [0.4523492311259875, 1.1267197546101266], [0.7824234460819823, 0.7395627758545973], [0.5640506717052564, 0.9767708116113756], [0.12168381561524967, 1.1726838991194182], [0.7437689378961108, 0.9469244047068985], [0.953823860561675, 0.3436961393279768], [0.18320129485400688, 1.13133140751251], [0.9312507516899935, 0.38630095109461154], [0.946249958788036, 0.3513993073758427], [0.7730476320016176, 0.8646030957750916], [0.7773592400913727, 0.7718495461899735], [0.8037845019441445, 0.7159087393807693], [0.6508076467439461, 0.9732498168495953], [0.8379075657741596, 0.6908561715755872], [0.05981462803386533, 1.2280074301793544], [0.1676579959644874, 1.139681094880646], [0.8276741614966698, 0.697021870788346], [0.7466400185828652, 0.9372803676080979], [0.48628567035674847, 1.0522135854040817], [0.9063063045877278, 0.6679970954619849], [1.025794293819537, 0.26348498224630745], [0.49896428125680353, 1.0237093209004715], [0.7248765063022777, 0.9589231570627121], [0.4619925096241277, 1.1028586039418067], [0.0981941612618713, 1.1989493472150672], [0.9864000897666455, 0.30769811540745384], [0.907952539412374, 0.660724595741282], [1.0172916823530986, 0.27421988902945893], [0.10359638567200054, 1.1934110032333518], [0.7720641602834545, 0.8892764950970378], [0.8722393117141551, 0.6763821149418026], [0.5294677479671145, 0.9914458620951869], [0.5427358306412399, 0.9813559034311972], [0.7741789429156607, 0.8138787221604418], [0.9379888441776327, 0.3663549329616348], [0.5083618177129615, 1.0074406155279414], [0.15899163890930346, 1.1412503321363499], [0.8164079812341546, 0.7057180476806917], [0.04319423024394221, 1.23789081059071], [0.7740991576357301, 0.8328970889855345], [0.19632889925718408, 1.1306865699153157], [0.9977783426656763, 0.2964817934873394], [0.4829663311371103, 1.0604824297374216], [0.46906146460242015, 1.090973092933094], [0.7751503572323285, 0.78743108159338], [0.8578828713315914, 0.68149689363674], [1.0391210583011226, 0.2425032468306897], [0.08427119405751168, 1.2083361471323506], [0.9778245496406319, 0.31802659398185507], [0.7791440317798746, 0.7557658190962695], [0.49112661389859347, 1.0404276098726781], [1.0297701751512052, 0.25706192170653275], [0.7568662729875876, 0.927740614497722], [0.9301227646342528, 0.40256547914188046], [0.825515027536497, 0.7031157216928556], [0.7748776154113715, 0.7918045185614626], [0.9331416137627594, 0.376383357937929], [0.848246648649444, 0.6861444013959835], [0.8115228470106471, 0.7097373843305883], [0.09079181391793441, 1.2040411007576823], [0.8908805938142643, 0.6699656437965851], [0.5802623463669657, 0.975956410936851], [0.1297125498393247, 1.1676076985326753], [0.9423195301571743, 0.3587043318526241], [1.010097542005615, 0.28231595978942603], [1.034265446032143, 0.24953263084692787], [0.9924047076889918, 0.301980349008568], [0.14235694027095247, 1.1533962125766721], [0.8793121532114468, 0.6729232015740967], [0.47202666380852054, 1.081982437243415], [1.0065564511854355, 0.29113206912334605], [0.7568433689101609, 0.9325525735339735], [0.4981812008830959, 1.0309652810225307], [0.4771528231469905, 1.068461352846697], [0.45770156266799256, 1.1170998808567272], [0.13681964556874637, 1.1592203358838804], [0.532033008737925, 0.9889856371463364], [0.11311812031445878, 1.1806833520451316], [0.07975501217897897, 1.2183116143470325], [0.9648530581003285, 0.3309460111095821], [0.05276498147860059, 1.2344188438413675], [0.7112698950136723, 0.9627656363458532], [0.9201996867637751, 0.6554334896006512], [0.0690239180884897, 1.2210126613535905], [0.796259213929336, 0.7193539119206533], [0.17478752765825425, 1.134583181091964]]",0.019942,16.58
DTNK3,CCPSO_strict,30,100,0.004550,0.006748,0.531360,0.005476,0.780895,25.0000,100.0000,"[[0.8113746176846383, 0.705383599737226], [0.9190094294328554, 0.6613418723686879], [0.12536840061614862, 1.1684006597985264], [0.1460114934588503, 1.1500046232135137], [0.6906298371769052, 0.9679081987842493], [1.0111280727043135, 0.282616974134256], [0.965563191658329, 0.3302372618519614], [0.1324448561002489, 1.1624541492823026], [0.47940770412172634, 1.0637554581194029], [0.4751622864425095, 1.0738509788267474], [0.5586384046468053, 0.978563758797105], [0.9914475337249422, 0.302584934801751], [0.042179284168163134, 1.2386279603830785], [0.9436862787063831, 0.3593074152300464], [1.0213618686523245, 0.27009931738325754], [0.8786008799796428, 0.6767030668356846], [0.8017372943019738, 0.7232702187594056], [0.4533279803686579, 1.1279170246681312], [0.5493712959345589, 0.9799917345881641], [0.4640445580467452, 1.0990801043420297], [1.0168066805467142, 0.27619202970883616], [0.09553106326065061, 1.1996880636539562], [0.7687212107653416, 0.9121431594601905], [0.9463837974495671, 0.3511589183001247], [0.6769222825170897, 0.9713319917648449], [0.49735594714464076, 1.0316810509204204], [0.7759308979097262, 0.7859966048907425], [0.11979554096538922, 1.1751851245612965], [0.4733943346190212, 1.0907355331438802], [0.19293732655487766, 1.1293620329917011], [0.5065055433428921, 1.020409404639923], [0.9713451669724277, 0.3243187245400604], [0.8921410107104966, 0.669548029190348], [0.7924566439582181, 0.733292166396526], [0.1615331865658483, 1.139990596898911], [0.49398884051172887, 1.0392454330318175], [0.5279911435461038, 0.9881995221742434], [0.9997449869640245, 0.2960825317297263], [0.7092337959980745, 0.9634652339709764], [0.18055072508375394, 1.1330846523268212], [0.5150668799816313, 1.0015057874654927], [0.48666613322274715, 1.0469203945522694], [0.7461183799257873, 0.9375734417846062], [0.7727618586970506, 0.8593931046843706], [0.07181672464021602, 1.2187846054771023], [0.05431318997795278, 1.2317590637688107], [0.5415005639332603, 0.9836687060151825], [0.7668613579186369, 0.918752643582095], [0.07898799099403764, 1.2135954866242364], [0.9259244303419221, 0.6506696186222569], [0.15362933659466924, 1.1448812083808455], [0.9384470244093491, 0.366332785064574], [0.7287535548060964, 0.9534889344538378], [0.7575786832022633, 0.9201990341351884], [1.0253854426512363, 0.2636674546543938], [0.10102441743455164, 1.1929497672047278], [0.8209278412152932, 0.7020134373853739], [0.8321950105119735, 0.6954519007734397], [0.8508844220670728, 0.6878411326417513], [0.45667701434607627, 1.1224279011582818], [0.5809699446326488, 0.9743165529993913], [0.13974763221668185, 1.157411685753736], [0.46009895872218964, 1.1102799980611322], [0.11293767567439059, 1.1804124434619117], [0.16937393767252573, 1.1368390173787102], [0.04858718534245322, 1.2351251230889218], [0.08703780505921307, 1.2056217670172311], [0.7830077408325975, 0.7404415742477555], [0.4833547456853425, 1.0537873753000744], [0.8407408237731362, 0.6913736543682576], [0.5700918427242705, 0.9754078745276002], [1.0352281206898233, 0.24986296488101375], [0.9043450875574888, 0.6615711375979603], [0.773209142164988, 0.799812532699872], [0.721120197267215, 0.958661924019804], [0.7781513127708104, 0.7748710098587168], [0.8612303828953727, 0.6824960230882102], [1.0056664463828002, 0.2872528960631086], [0.9519653176635278, 0.34472865010672427], [1.0384664521144977, 0.2417164172185534], [0.7398387482964459, 0.945396953489585], [0.9291997017268887, 0.39800738700415916], [0.8073687346847118, 0.7091904514371861], [0.8007493018715965, 0.7234311385294014], [0.9346316614446933, 0.3713528474394744], [0.06719797042986692, 1.2242648405923093], [0.781049018167088, 0.7708992426241277], [0.503734048683963, 1.0259944632903972], [0.10756926990061766, 1.1868026789344615], [0.8694231249977356, 0.6792653598801501], [0.7546329863626808, 0.9345871765120799], [0.9824017353575917, 0.31207686210266816], [0.9582817382330635, 0.3365176155482863], [0.5209792946816416, 0.9948512515875756], [0.474800708357332, 1.0791567063824092], [0.9328454364713796, 0.382140592285538], [0.9781879801907125, 0.3157902310957824], [0.05911568607734048, 1.2284521557881523], [1.0310971780397655, 0.25622706475201307], [0.8873922416005406, 0.6743940583154124]]",0.023228,15.75
