problem_name,solver_name,run_id,final_archive_size           [archive solutions at the last iteration],final_igd                    [IGD of the final archive],final_gd                     [GD of the final archive],final_hypervolume            [hypervolume of the final archive],final_spacing                [spacing of the final archive],final_spread                 [spread of the final archive],final_feasibility_pct        [% feasible in population at the last iteration],final_front_feasibility_pct  [% of returned front members satisfying all constraints],final_feasible_front         [objective vectors of FEASIBLE front members only; for honest cross-algorithm HV],p_red                        [mean relative error distance across all iterations; 0=ideal],run_time_s
DTNK3,MGPSO_feasarch_archsentry,1,100,0.005536,0.012921,0.497697,0.005139,0.732350,7.0000,100.0000,"[[0.8815256438924759, 0.6727025138337404], [0.6360586341318168, 0.973045731281339], [0.1744620059140356, 1.1367729198661103], [0.9395136556266029, 0.3620680238261292], [1.0346107421676296, 0.2562977730828373], [0.5741995120431035, 0.9754351920427331], [0.4706992251792932, 1.094317612483859], [1.0420527894546672, 0.24967344247050627], [0.7689698833233087, 0.8895756174436269], [0.04684982964222683, 1.2387692936409922], [0.7513058703935606, 0.9504170663242952], [0.7759790883796956, 0.804224489071365], [0.8234448647562462, 0.7031627065125552], [0.9469888534918356, 0.35075842643115157], [0.7973332891359677, 0.718943845298669], [0.5379472264038645, 0.9848958861623884], [0.8397743328688525, 0.6916883276320815], [0.4732395991930187, 1.0836740466218777], [0.560267853058575, 0.9775780846926108], [0.8245395534876166, 0.698353948069667], [0.5228726809037888, 0.9929705159107634], [0.9117530612902871, 0.6625582322612311], [0.8693801284290585, 0.6812562959370125], [0.4540364669546628, 1.126024304420075], [0.7733952106164436, 0.8387917037681667], [0.846464989171741, 0.6864669520848288], [0.08061194583668685, 1.214030616330297], [0.05526633994123694, 1.2385709856882234], [0.9756366068413094, 0.3201326279748828], [0.1323465886467546, 1.1670431652454827], [0.05633005899767662, 1.2308088597877627], [0.14390761165729762, 1.1603471375444734], [0.8654526034620977, 0.683741407159892], [0.7735670422512206, 0.8324109831293898], [0.5030317040637957, 1.02777280149413], [0.1521825879899043, 1.1536375792553584], [0.9920593264306092, 0.3143190227679526], [0.08972867297990017, 1.210287169992529], [0.06933945050698206, 1.2241461136017207], [0.8051091632361512, 0.7137325476177048], [0.1086696309346933, 1.1899258500796623], [0.9165693036384448, 0.6580039302774503], [0.7141169179589065, 0.964104911887057], [1.0144448515721405, 0.2805243196939585], [0.4829918923483219, 1.0589768913593505], [0.7146697287452639, 0.9600909101286585], [0.747546488545102, 0.9561628936632227], [1.0123708191319185, 0.2870274919941588], [0.7703516014928568, 0.8768137257217066], [0.7962382186124481, 0.7276685792056554], [1.032115648726238, 0.256828638026441], [0.19649483309967797, 1.1295623552772165], [0.5096896068697825, 1.0213726212057832], [0.5339243367320587, 0.9902589429096338], [0.5536517423695426, 0.9776560654421922], [0.7048834961967018, 0.9668058032821292], [0.12311938720834445, 1.17465815299699], [0.7372598931905594, 0.9579937535635958], [0.1363201931305034, 1.1620063125843132], [0.9325612835010398, 0.40277802354814896], [0.11832012317565649, 1.1845391211814706], [0.10214961335686851, 1.1999758325271492], [0.6182410148009814, 0.9740913874339487], [0.7780540161700971, 0.7719807561825822], [0.1564640402109519, 1.1450537745109481], [0.18625729734037721, 1.1342451413477472], [1.0205102938842472, 0.27356027750783307], [0.9966804134289411, 0.29696069519586266], [0.6965718806563735, 0.9669681080342671], [0.7874455629020003, 0.7324191545714884], [0.5456261621329873, 0.9838092739979429], [0.764521632257336, 0.9120313310860002], [0.5145269491608132, 1.0040317554609353], [1.0050814774804586, 0.2910948587026434], [0.6022179556756335, 0.9742108511843237], [0.8109701303990053, 0.7072792767383054], [0.45851045657493633, 1.1109455873329863], [0.4939690030514966, 1.0478864964505616], [0.09783032372471745, 1.208666879854382], [0.9336769884152147, 0.3801749467243986], [0.16291742395887587, 1.1437644071573814], [0.959006777853471, 0.3460343597055942], [0.8912583532534601, 0.6684759525200208], [0.9359391593411188, 0.37856315687905656], [0.9617440847144724, 0.343848983894856], [0.2036919204907613, 1.1293761048362374], [0.7840809405599032, 0.7390021010246193], [1.0260318297642244, 0.2643704812981137], [0.9641620364264079, 0.3312391318271504], [0.7615626831727597, 0.9331276347996909], [0.5175002343034292, 1.002532979440991], [0.7757790924772501, 0.810789129198618], [0.7660091028387468, 0.9062974204247249], [0.9839912290491732, 0.31855994945528576], [0.07211321426463874, 1.2209755425768953], [0.9466302914757714, 0.3540177407182706], [0.07966687488426469, 1.2164214032646892], [0.4811958673067674, 1.0729342044558243], [0.10365018099756905, 1.193549333124851], [0.9953463099676204, 0.30626523634035313]]",0.041478,15.19
DTNK3,MGPSO_feasarch_archsentry,2,100,0.006373,0.010659,0.708129,0.003527,0.784211,9.0000,100.0000,"[[0.19532206313418593, 1.1293047337035518], [0.4686633352483357, 1.0965822429806527], [0.9310451183139027, 0.38787265394761505], [0.9566562036479824, 0.3428254483441276], [0.8737066254886097, 0.67826315510637], [0.7877541629789349, 0.7291659003785707], [0.11045556263094151, 1.1876681187041855], [0.9767993146576468, 0.31752996464816474], [0.529859618581458, 0.9937597185995335], [0.7373791411804087, 0.9482771481668679], [0.0805020277424678, 1.214277041516706], [0.9080243223260129, 0.6703388252696596], [0.8334292570584075, 0.6951274977009165], [0.12877587163430998, 1.1696591373899066], [0.5837387330316971, 0.9790687944110219], [1.0346648747538083, 0.2508819478808798], [0.4865325323147708, 1.0460653687066908], [0.930616568121268, 0.4022197873967556], [0.5226162875917895, 0.9967275169255416], [0.07572174110212178, 1.2185963040337826], [0.8822821668809033, 0.6763751189617253], [0.9499555211909385, 0.3595386347318661], [0.8065212096945414, 0.7263314753844883], [0.7513046663941747, 0.9321029166544568], [0.779338707302263, 0.7594459346691558], [0.0893056548637173, 1.2065944355131726], [1.0227042930131682, 0.2725027644844623], [0.8218141762554209, 0.7025507840159972], [1.0261720372440664, 0.2647503592573964], [0.048780941991810774, 1.243543857438322], [0.7926945529338105, 0.7287195241654385], [0.7763521220629173, 0.7633725845032096], [0.5138922484703953, 1.0120951303409176], [0.964874587879061, 0.3328429555549855], [1.011728688198665, 0.2888621245602131], [0.9631260018766066, 0.3377336572782169], [1.0017609687283935, 0.2914233963683553], [0.5909761981757142, 0.9772095766717321], [0.951540713200581, 0.34393316568373894], [0.5006449790271228, 1.0388581795145662], [0.0689364265858621, 1.2268103929498775], [0.45377516533305273, 1.1265641559383692], [0.05758429875694772, 1.2310269273871757], [0.9123298300723204, 0.6634864006773546], [0.13485961515192596, 1.1606667042669836], [0.5329106996649753, 0.9869961874181163], [0.5203635226422152, 1.0029151228021247], [0.815938075509556, 0.7056197785093064], [0.7760223943822444, 0.7934906659889902], [0.1037144876133622, 1.1915507380829513], [0.6118566619768263, 0.9751424403166724], [0.6266267529305904, 0.9741864175591928], [0.8630627438734951, 0.6830902629296962], [0.7457740549677113, 0.942821252386778], [0.8344357265804998, 0.6940519004877408], [0.7604124882366061, 0.931331785182768], [0.47360181874020896, 1.0875417371457208], [0.7739495002885066, 0.8695702464066548], [0.14036514535615094, 1.156167346556895], [0.984729822234453, 0.3127964251075452], [1.0148016169813054, 0.28344086701381127], [0.4843772461855574, 1.063002303536865], [0.4603603975170503, 1.1207204977523948], [0.9020778398373981, 0.6738088372326321], [0.12460893074970142, 1.175865389172778], [0.11666729802782072, 1.1772324672971513], [0.9371369497903119, 0.3800047546139195], [0.8522684780458268, 0.6880420168526153], [0.05339649964818179, 1.2374888015330077], [0.5546781853622612, 0.9798999987528034], [0.1616874564402785, 1.13962008250326], [0.7740187101886247, 0.8199611095678663], [0.7709656155861633, 0.8844928486217567], [0.9155859158990727, 0.6559362867905515], [0.9977784429059007, 0.30325879059826927], [0.14424583370454963, 1.1523825363017133], [0.46163475943004056, 1.106408741803548], [0.8123878060667844, 0.7087454637817296], [1.0334581329136086, 0.2611645178748048], [0.1689256498216848, 1.1357187846845729], [0.5440341715395516, 0.9843953716593801], [0.7043686461916946, 0.9654518601522721], [0.09900543224931496, 1.195316465608703], [0.17705007343145288, 1.133515538196702], [1.0409068598333153, 0.24930564521718432], [0.09487858098820734, 1.1990670032307542], [0.14884948016369143, 1.1481407330370128], [0.9917538632030797, 0.30403361225474257], [0.9395276589416746, 0.36977470268408114], [0.5137285843223132, 1.025637364781847], [0.495455621146967, 1.0444327944023573], [0.7739525402699551, 0.8570618351165025], [0.7740490334794186, 0.797427829081798], [0.5045800252906306, 1.0266211917187573], [0.18306030341341123, 1.1321161084010865], [0.9431617398941796, 0.3662400608175539], [0.47786075722936067, 1.0815737199043913], [0.709721349772822, 0.9624772514325481], [0.08660541446971824, 1.2139628682996606], [0.5029902437477037, 1.0361368433830525]]",0.030143,14.61
DTNK3,MGPSO_feasarch_archsentry,3,100,0.005975,0.009728,0.476667,0.004619,0.797962,3.0000,100.0000,"[[0.4658542300348192, 1.109408446322486], [0.09592524324538924, 1.2067305532295025], [0.786521557200298, 0.7320518315303088], [1.0125248714843815, 0.27939831053734093], [0.9400518803966527, 0.36578809864601664], [0.7792621924208554, 0.7536846056558244], [1.0175624091928712, 0.2757695445542845], [0.45636683707577114, 1.1153587468457142], [0.5192596113890516, 1.0078468846849047], [1.0364414162823876, 0.2513968869594904], [0.5650340002300631, 0.9793317669590673], [0.7819907888470444, 0.7514515367011212], [0.8760452197409412, 0.6746571387646267], [0.9375618726743307, 0.3689699259374279], [0.6457679399293779, 0.9729306864579101], [0.17885286729933353, 1.1328620318588127], [0.06575767220246236, 1.2248995903386983], [1.0323007057299205, 0.2547622277633981], [0.6256621124924691, 0.9734813036704193], [1.0287998062365735, 0.2655805661347965], [0.7642803413422764, 0.9268157657247988], [0.5073275093268371, 1.0244245136909533], [1.0266752526577152, 0.27210966271371423], [0.12188655607877721, 1.1754698440258502], [0.0494357718944173, 1.2418296157103985], [0.9142848776440113, 0.6579629002151923], [0.9370078152550548, 0.37880884838869733], [0.10373969162526911, 1.1919772263375472], [0.9832071405392693, 0.31374363449626197], [0.6044104902329176, 0.9743578161293012], [0.056861607447080624, 1.2333057818454285], [0.987404183289178, 0.30891268190250565], [0.9306145470589846, 0.38965069276906145], [0.1746543285282709, 1.1388158922879494], [0.58284704458542, 0.9757617330675679], [1.0040283018344043, 0.2949401372019363], [0.5260537756637655, 0.9932240606838467], [0.5487621975653325, 0.9829315551643891], [0.7851667117443643, 0.7359593254553238], [0.7913861905341364, 0.7256070569856541], [0.5568412407353633, 0.9796585122955799], [0.48860819292932073, 1.0594220819757645], [1.042940542548785, 0.247452414837232], [0.9633528963005423, 0.3318909847800256], [0.061429970644039204, 1.2301352763016762], [0.9475754259825977, 0.35848575380902337], [0.0835302122733543, 1.2123850752061434], [0.9701893053916151, 0.3247910258130108], [0.5351279721047268, 0.9915489221748448], [0.8399378685188966, 0.6902203507666722], [0.7513695824817309, 0.933709662773277], [0.7931387639468517, 0.7231287689015233], [0.891780459783273, 0.6703465826684576], [0.4741196544609219, 1.0836868251671898], [1.0088303288179459, 0.2848300810318721], [0.7194956095243734, 0.9609174933988203], [0.8934622911067125, 0.6670075409864844], [0.9907124829839542, 0.30530249718840075], [0.4964913467025341, 1.0357702138744167], [0.755059837160143, 0.9310993201895443], [0.7731103764427119, 0.8053978414252476], [0.1601022328964923, 1.1436875492534333], [0.8494082350245479, 0.6863537574743337], [0.2102052777864515, 1.1309726655419146], [0.08119600959577943, 1.2154726752399732], [1.0299026827498834, 0.2590399148580025], [0.8170935293618028, 0.7101432677871125], [0.9539054682184908, 0.34378866735587194], [0.12944688316151606, 1.1734800388613158], [0.4712533340370794, 1.0892162625764301], [0.13896113991130865, 1.167125040697871], [0.7660656342564578, 0.9102387073722344], [0.775121408873989, 0.7935383714140167], [0.9945632270881779, 0.2987064061612899], [0.15387378319936368, 1.1470088833346939], [0.5239152725329173, 1.0021887993468865], [0.9715001937262396, 0.32388898287608436], [0.8032752928224478, 0.7112119000047772], [0.07438778514174421, 1.2205205393603955], [0.14676973437851631, 1.151806793282126], [0.731686987080707, 0.9552488252545166], [0.7432575971141215, 0.954339569598524], [0.11578544071817415, 1.178179998567312], [0.9203638375453197, 0.6574718556020933], [0.7156810851942651, 0.9652250058338798], [0.1319119010245441, 1.169863074793322], [0.09048705309992773, 1.209049304605227], [0.7780861377497468, 0.7660603439967051], [0.09978667375440266, 1.2031425958686643], [0.8705067766494468, 0.6783172423773154], [0.8272838968299128, 0.6983400069506766], [0.4507152907594758, 1.1233936824364097], [0.4989041147894186, 1.028358447850159], [0.9605043785249158, 0.33799492538309056], [0.8584916120047741, 0.6813933159216287], [0.7086420206899721, 0.9677094082994122], [0.19309251381500298, 1.131569863733579], [0.8343072119671899, 0.6945421752246763], [0.8030780195813905, 0.7215082521101679], [0.8243679691302992, 0.701244046538561]]",0.036855,14.57
DTNK3,MGPSO_feasarch_archsentry,4,98,0.006213,0.008513,0.947276,0.007908,0.827869,2.0000,100.0000,"[[0.542297840271768, 0.9870895342787793], [0.7469406862381585, 0.9482897103214745], [0.5195959132725527, 0.9957574442123667], [0.14853719408693414, 1.1520148324893504], [0.7318530069556659, 0.9523411404158848], [0.518342029404106, 0.9961036522536519], [0.5270820011424115, 0.9923820554561387], [0.7604799209607358, 0.9226893582529936], [0.4650632375194395, 1.1112189385334152], [0.4774252518266546, 1.082175927678931], [0.9269447292711974, 0.64895393834395], [0.5817073809769608, 0.9780713938046874], [0.9921579209269589, 0.3133765772716254], [0.7810628393527569, 0.7584999063288913], [0.07862737257183662, 1.215532895804897], [0.9138953016713216, 0.6606067767322579], [0.49448533163874275, 1.0337676346688225], [1.0120804833116261, 0.2904172853369928], [0.5266916846356702, 0.9935522176853988], [0.8852496569360507, 0.6700663359270569], [0.7668699383913662, 0.9192012986337394], [0.043817931169992545, 1.2391411776057557], [0.9649630865110658, 0.3327307466939045], [0.8462970685410147, 0.6919210859728809], [0.08882606510348645, 1.2048493720259648], [0.5451728043844889, 0.9852679136724156], [0.9470571050750742, 0.36336500248846126], [0.7841688582311608, 0.7400365763098462], [1.0119812495310527, 0.290613566525211], [0.9367194528640814, 0.3806063588198696], [0.4863057846675956, 1.05496487872023], [0.9362393422404385, 0.3824296304571935], [0.050964024761909914, 1.2353877650562477], [0.18917084041094628, 1.130312258424155], [0.5009915667496808, 1.0195029176877026], [0.10874633798110446, 1.1853670281364168], [0.5859700522312062, 0.9755257983942103], [0.9999465944218877, 0.3017047653192059], [0.7570936470799499, 0.9328537972466195], [1.0284481061489978, 0.26018308187099387], [0.1571384462803103, 1.1436219859848609], [0.8022570707651557, 0.7191874154821076], [0.9950277045729494, 0.3087262432229385], [0.145035404902097, 1.1547966763095248], [1.0369152465900124, 0.25711345447736506], [0.9396061099979744, 0.36525901796717236], [0.07573842412617293, 1.2246662864424114], [0.9716707173140224, 0.32249104322792066], [0.7774532902029285, 0.7612744943898562], [0.7381431210700695, 0.950438461781542], [0.9917868430147367, 0.3152930503816267], [0.5880055672442746, 0.9743385217595459], [0.9595958713165998, 0.34477112065433824], [0.9923280833595405, 0.308882325701409], [1.0382069278288135, 0.24753248031894687], [0.8156586702458895, 0.7021858117944899], [0.04933128363061872, 1.238182822991248], [0.8516424265295206, 0.6894391752205034], [0.13034139323753763, 1.165550666526245], [0.6854063526482401, 0.9691384127286851], [0.7735276735709882, 0.8228356409098472], [0.9510100548942954, 0.3579944458141849], [0.16886708299935, 1.1360654532271979], [1.0015069120448454, 0.2956323835667099], [0.9306591785127654, 0.38530332105693665], [0.980770157592431, 0.3159913510149398], [0.46749368377692735, 1.1022633293473663], [0.4582496528639278, 1.1169978717525217], [0.6700281580969053, 0.9711245478013932], [0.4501902887364461, 1.127033449463949], [0.13745559326662524, 1.1570456537104705], [0.4692060959067745, 1.091366641805573], [0.18762788705796846, 1.1329119429852696], [0.15881221044659294, 1.142840678322932], [0.08824739698039381, 1.208003823912139], [0.8328360434497286, 0.697877224812927], [1.0164638142228857, 0.2754797125678424], [0.45250873765503447, 1.1204679960726516], [0.10322898352838171, 1.1926686599522112], [0.7705439947291236, 0.8801963837324296], [0.49603485276735026, 1.0299993616297247], [0.5467608587951812, 0.9804560517448946], [0.4833358141180088, 1.057951929328806], [0.7837157740708557, 0.7499777010699527], [0.19985232955403753, 1.1292527083337462], [0.9616789053328678, 0.33364979226500313], [0.8060047302902464, 0.7189968565276428], [0.6650120460667417, 0.9732477088928004], [0.4778970120731088, 1.0690745263727213], [0.06227468019995835, 1.2294259414687239], [0.7293296504239413, 0.9673123201697493], [0.12743683048849686, 1.1833713842547104], [0.100468159376507, 1.1944597397727454], [1.0381415580223678, 0.2502872669694701], [0.9511346355368128, 0.34737678461366217], [0.9305365036741392, 0.4046893614868486], [0.8584095187571905, 0.6823194211487331], [0.7741296059728906, 0.7864712784968722]]",0.040415,13.31
DTNK3,MGPSO_feasarch_archsentry,5,100,0.005447,0.007504,0.856274,0.005701,0.830252,8.0000,100.0000,"[[0.920831314202956, 0.6544667663531083], [0.5033842916511647, 1.0263068303353569], [0.9363588113127159, 0.36917553403324443], [0.968277483692715, 0.33087497522501863], [0.6481772889325451, 0.9739916471057286], [0.7677536811385015, 0.8999104546079428], [1.0023054899786052, 0.2916868992995742], [0.8132461444761447, 0.7060828898355014], [0.9000857757952246, 0.6677257857310429], [0.923175577016299, 0.6513550658061025], [0.1366507100665857, 1.1594374520096382], [0.16552137009381446, 1.1376385932792343], [0.759682424173999, 0.9191403797215207], [0.471414259148422, 1.0872826713966084], [0.9087083258356171, 0.6611905355364881], [0.7902525372386986, 0.7376598200595956], [0.19634680385278552, 1.132447339956796], [0.9770047403239523, 0.32069646682031294], [0.9531289712275233, 0.34242275732879673], [0.054949652840261896, 1.2364742349283395], [0.11961640402191173, 1.1824317959533954], [0.8659368918198043, 0.6870059800183377], [0.5117785350555583, 1.0037589214972709], [0.523046572450041, 0.9964754236763314], [0.09028957980512467, 1.2062898335958627], [0.8471922981191947, 0.6874156657471073], [0.9711775943069347, 0.3278091994407308], [0.9412156775930876, 0.36481049303123014], [0.8757087254385338, 0.6799858668349452], [0.17223082104717624, 1.13455400863596], [0.7768535580569542, 0.7631221735316476], [0.7389307602866982, 0.9506011510945427], [0.16173249261783024, 1.1447333296602782], [0.06560844964059315, 1.225067500544366], [0.14205113458925878, 1.1543539176591777], [0.8205887459477718, 0.7001892979012281], [0.5535471797219013, 0.9836721943621909], [0.8872558978442984, 0.672661516476206], [0.4874183537936109, 1.052342985802201], [0.4958961300349403, 1.02732167644514], [0.7872699156083398, 0.7405843150287181], [0.8759846380221634, 0.6772188556694615], [0.8046218246688939, 0.7177176981798383], [0.4818016932392358, 1.0577011067400506], [1.0230917385378246, 0.274536117311326], [0.49419709501089976, 1.0347881161507253], [0.5332386291774317, 0.9863344189882042], [1.0247522160477773, 0.2646537414917953], [0.5838206485772324, 0.9757798980252308], [0.7228216215160531, 0.9620207010255746], [0.775030500535144, 0.7734108670404121], [0.15459556363559346, 1.145512707152671], [0.9490298433438422, 0.34733774464860023], [0.8359216750395025, 0.6924666729543638], [1.0101714363012004, 0.2823166199079207], [0.09916140474186036, 1.200384619120671], [1.032458452749305, 0.2531963087503878], [0.1268781592742501, 1.1699620491695828], [1.028047373144479, 0.26231376476213514], [0.130206014245782, 1.165396234322002], [0.9595778543455925, 0.33958704400304884], [0.7109742020118928, 0.9642410909396482], [0.10300053136593582, 1.1929377410853912], [0.7944068266339164, 0.7286598072274337], [0.5099358144193891, 1.022354998545739], [0.7983518347131158, 0.7236001777257806], [0.7342319124033636, 0.9595014714813279], [0.9292240686437512, 0.39826923002756637], [0.6053771396418758, 0.9750964615819524], [0.10932404988541267, 1.1859225962155144], [0.5390351866046877, 0.9860875205375141], [0.47948757643902923, 1.0662804281370184], [0.5734782953177983, 0.978682091895279], [0.07871794302585311, 1.2171383300000789], [0.46743370621756525, 1.0979690864066125], [0.8271975357813199, 0.6963430435437448], [0.46352137886145584, 1.1049473942607937], [1.0421915685138643, 0.2490000664989331], [0.9167667000911741, 0.6602455779213179], [1.0006592077389138, 0.29532659444453124], [0.7731249791926905, 0.8850806681337655], [0.4762874090645481, 1.083723814423668], [0.07110391975667946, 1.220897508027026], [1.017764880216897, 0.278799405467679], [0.7589367015240895, 0.9194902690936617], [0.045425440690064316, 1.23697496912417], [0.7479593629601954, 0.943312015544927], [0.744815982399138, 0.9488251715420879], [0.9874490360260815, 0.3094237361417893], [0.9806239733403079, 0.3128156003962151], [0.993205085719181, 0.30148670562574914], [0.1208485471770146, 1.1782699174078803], [0.08154495199055972, 1.2125380228580016], [0.943398789654158, 0.3585576404533226], [0.9344875467084781, 0.37918357855389245], [0.05756544219417622, 1.2322862043462406], [0.7828330143483702, 0.7555445547028803], [0.7813331277389794, 0.760931202792543], [0.959832107234613, 0.33635109050309775], [1.007564430312203, 0.2870779340829217]]",0.033389,14.67
DTNK3,MGPSO_feasarch_archsentry,6,100,0.005493,0.006771,0.903127,0.006193,0.857590,10.0000,100.0000,"[[0.9716967216549579, 0.3261735165813329], [0.08356056399790582, 1.2099047907137708], [1.0080495091461643, 0.28459758752847736], [0.4842558664156841, 1.0541332486492465], [0.5003113316802339, 1.0244553201165552], [0.0714752310344226, 1.223597137089349], [0.586414066978664, 0.977874950530228], [0.14081442312767156, 1.154399658896581], [0.8056031665067083, 0.7124087915139867], [0.1889301023514733, 1.131816190405793], [0.7243363710393669, 0.9624448147943823], [0.7738648312360326, 0.8147542785766433], [0.47856426742270136, 1.0691721895248962], [0.9529475320870497, 0.3470687052605095], [0.9241295973559718, 0.6549344345538102], [1.0003699657758252, 0.2979813249590657], [0.9946990523613279, 0.3010481378009333], [0.4613090333322271, 1.1227056928537968], [0.18359927644912427, 1.1389693426098484], [0.09195214322722872, 1.202304093473256], [0.8665763093642922, 0.6790342698306062], [0.7766433915396955, 0.7580893598258225], [0.821743442408468, 0.7043675729490233], [0.9355959617868397, 0.38327901746103266], [0.511697878382824, 1.0077778394091754], [0.8037153191105367, 0.7167304609888225], [0.11394611115015213, 1.1812723225196942], [0.11135522691946118, 1.1846585917574637], [0.13383325190328899, 1.16154668923946], [0.16817320845538866, 1.1401577071158913], [0.9158718679417744, 0.6633959331742456], [0.8840322088676883, 0.6736452231181438], [0.12423579890942704, 1.1709062858402581], [0.7270180815938672, 0.9559313311377236], [0.8169441217817567, 0.7113550689418842], [0.9922339235656572, 0.309305758656616], [0.7510866758165046, 0.9305052726898924], [0.4508527224496912, 1.12475667437541], [0.9677208818522633, 0.3304407479581989], [0.7763338519768477, 0.7856761287261935], [0.9850781959316386, 0.3099544281078781], [1.0336731686296579, 0.2547162119849828], [0.9474145485713082, 0.35455558400575826], [0.49859782885157417, 1.034099847840229], [0.9551291717227308, 0.3397330652422074], [0.8463633475767396, 0.6922743581033938], [0.9195456138846276, 0.6600249023055469], [0.8267083730766759, 0.697719442729733], [0.9754941836719455, 0.32051118733122913], [0.4832126858148712, 1.0651231934614975], [0.062023256133780826, 1.228802133283311], [0.6046794111395604, 0.9742519730051202], [0.540859383312438, 0.9819468878774344], [0.19559827506308816, 1.1308323005510226], [0.75041098548864, 0.9540683982254736], [1.0139669012419148, 0.27983504659370256], [0.49001201913967735, 1.0430516833920551], [0.06759919558888366, 1.2237633266879133], [1.0168117615117858, 0.2751041109048707], [0.15169675658715762, 1.1485391749102252], [0.5050586433426646, 1.0133308690201424], [0.7838663665332208, 0.7386549958115605], [0.7618634006087697, 0.9116509416967684], [0.9308851217075156, 0.38809791013582], [0.7601375067494063, 0.9279334547383133], [1.0361561854653696, 0.24805876900715249], [1.020403808901471, 0.2704296635598307], [0.5301303478016219, 0.9903869532460057], [0.8986774064870255, 0.6663846301850499], [0.46310619642535095, 1.1008588107247987], [1.0310608384363957, 0.26947957844748494], [0.9606151479095872, 0.3340173303998234], [0.09042240223719197, 1.2081554847350002], [0.9296732809901112, 0.396873876548808], [0.8715948564970846, 0.6762647357038054], [0.49299132033840154, 1.040059019425377], [0.44899975907598505, 1.1273387389294613], [1.0065914385287664, 0.28849803993036094], [0.8595873651758225, 0.6847167052613556], [0.059318274738219094, 1.231817637124052], [0.11884888015201833, 1.174907583408793], [0.1059452497204195, 1.187833458650152], [0.051261762012080624, 1.2373339001551114], [1.031501446784972, 0.26693395133076686], [0.09845430247452547, 1.1950206906984724], [0.940726794149716, 0.3638242116781761], [0.5523859306012333, 0.9812065362718605], [0.15627609719030178, 1.1427230919195543], [0.791255012635256, 0.7241355342979245], [0.9808445074796182, 0.31279833341334773], [0.14533792893865002, 1.1521678130163748], [0.5220305172063232, 0.994125760070067], [0.0807758490232334, 1.2169683220401908], [0.04997339146217538, 1.2392676850212558], [0.07656857914343858, 1.2174985089995982], [0.6962687463156896, 0.970583294591095], [0.9437985446283803, 0.35784074098446944], [0.5049920093640442, 1.0179744807007403], [0.8321319563357614, 0.6936310984126455], [1.003582491955356, 0.29648990727612023]]",0.040621,14.43
DTNK3,MGPSO_feasarch_archsentry,7,100,0.005283,0.010315,0.879576,0.003806,0.786663,8.0000,100.0000,"[[1.0321518059393249, 0.2643229591354011], [0.1512854254618476, 1.146022065582507], [0.7757373072200604, 0.8080583894623061], [0.15698720485632064, 1.142813022393145], [0.11326004841842457, 1.1873152426364184], [0.8354097418770527, 0.6956109098230183], [0.45830272476953576, 1.1150336417746491], [0.9554658014113943, 0.3555245774209342], [1.0075055889590825, 0.29186267852093983], [0.8630887961215467, 0.6829243676185593], [0.8120255042420044, 0.7124960714986937], [0.18506938721147945, 1.1348082812096407], [0.9245352964552604, 0.6611779830112628], [0.7331009784219864, 0.9520018511821351], [0.7809348199098584, 0.7658127415713905], [0.5097529429036863, 1.026460848113465], [0.1373777876706062, 1.1629030347982603], [0.9911898347536828, 0.3048532271451644], [0.10502976276272777, 1.1908388364297404], [0.12359915760897341, 1.1769639869412734], [0.09023658838824505, 1.2043093805308975], [0.05337866526780243, 1.234207206944186], [0.45049344673602326, 1.1256784525596548], [0.9820136323581754, 0.31295428398864333], [0.7093402267076778, 0.9688267680786491], [0.8173682039764882, 0.7038208949772564], [0.4857326908359139, 1.0635013612411666], [0.7304492764715143, 0.9578200870087297], [0.8556763422509341, 0.6838439349784036], [0.4962485573567656, 1.0306866090968927], [0.7622329542543477, 0.9107032126134682], [0.9298667601215269, 0.38872819386899937], [0.07367614081002016, 1.2194079362671264], [0.9679891684166073, 0.32555262336782953], [0.47269909454256187, 1.0887050059293397], [0.9349451867035845, 0.38104538549398753], [0.08027039139212847, 1.2148343126462364], [0.9444547876266436, 0.36014006340513516], [0.9583401586847371, 0.33743376172228157], [0.5944706530352748, 0.9736539737222774], [1.0075647086238697, 0.28589134089089646], [0.4912185542689356, 1.0394229929118703], [0.14569749820503378, 1.1558541434291763], [0.7679796230416248, 0.9059521541500464], [0.7505556662816588, 0.9337334238457764], [0.7970477578727213, 0.7322350567230052], [0.8816486844255188, 0.6773393317123759], [0.5157937550334515, 1.0187448002730366], [0.7842720121021789, 0.7393932975543582], [0.7763412507639569, 0.7794999873895492], [0.8916074165361996, 0.6671648929447774], [0.9233294220099157, 0.6621422186167232], [0.47566472222741446, 1.079379685700228], [1.0328113475508864, 0.2535928032240572], [0.7096372825040844, 0.9660016113368493], [0.06177722981002614, 1.2265139484361303], [0.7698104987760273, 0.8956543569295803], [0.5221230125562251, 1.005348397967596], [0.7750371345251752, 0.835846820616784], [0.06982002663834463, 1.2240429636626604], [1.0146091495553065, 0.2797580501159221], [0.48123700603012215, 1.0674805678117383], [0.09976785583379694, 1.1937609801561895], [0.9394599275014421, 0.36321888291035637], [0.5851612502250575, 0.9737269517812013], [0.8684683395760848, 0.6777960685198678], [0.08700407356691665, 1.2128566800486218], [0.5700761614765801, 0.9759833633376496], [0.9766344991554816, 0.32060643596318844], [0.9916818442597386, 0.3020963728109381], [1.0181902946016703, 0.27568783321915596], [0.47205511947459905, 1.0974156245122881], [0.7838950649067683, 0.7480351468068798], [0.19411776003449321, 1.1298008591334499], [0.9571754497992239, 0.34522966265434724], [0.534259214920797, 0.9880694214674592], [0.09596528942397314, 1.2005001488050135], [0.04468142362356622, 1.2396568788940496], [0.12841860895892968, 1.1678389050285407], [0.7410611327730088, 0.9427085080256348], [0.9633877975634842, 0.3328245861308289], [0.8901541892139787, 0.6721088733028067], [0.9362502720505238, 0.37369623422940224], [0.46572988905926066, 1.1065665200033297], [0.16246089629159657, 1.1399524230171398], [0.775648915235723, 0.8186619581221912], [0.7748252803331382, 0.8541985103151986], [1.0360923887717797, 0.24697625077608815], [0.7718007163763719, 0.8856303433855564], [0.11797245681583078, 1.1783276633961086], [0.5281584025269935, 0.9893849805815746], [1.0394412445801022, 0.24286726242012763], [0.8469476311075413, 0.6941346999180842], [1.0227447940817744, 0.2683988157765566], [0.5420451560454485, 0.9835261261984414], [0.5168947715981613, 1.0065414932971781], [0.7836403787152407, 0.7616137353995909], [0.1727192924485757, 1.1351756496247862], [0.8040549326531501, 0.7133299008039176], [0.4893684078478006, 1.0602031423420903]]",0.037228,14.85
DTNK3,MGPSO_feasarch_archsentry,8,100,0.005709,0.009592,0.823456,0.004672,0.765489,7.0000,100.0000,"[[0.535315737941735, 0.9860464961458506], [0.9012191855595023, 0.6647204404530189], [0.9196961801898078, 0.6536274122518151], [0.7683809333405308, 0.9264485315530446], [0.10597832979109956, 1.1894752135855116], [0.8879911735726307, 0.6688089908533972], [0.7546484540999938, 0.9385359013291539], [0.08259471578089152, 1.2211687664279371], [0.46524580277576216, 1.102077315858969], [1.0167578025508328, 0.2826423477080685], [0.4813236543742622, 1.068154449706053], [0.07118718727469786, 1.2264500681733246], [0.8210740005928141, 0.7096136087167542], [0.9466787776816963, 0.3517571381363715], [0.4619098278926101, 1.11397534636533], [0.9504847292965062, 0.34659025836958685], [0.825127226922532, 0.7062114944194011], [0.513371317070326, 1.0106490969554345], [0.5283380489318736, 0.9920900424251768], [0.8014056453081505, 0.7211775297904048], [0.7469319017624956, 0.9447768357878148], [0.7742399414559631, 0.8230064598777205], [0.9966264655129948, 0.29784574547134535], [0.7430888558788526, 0.951415849487687], [1.0372213605609442, 0.25510785751843357], [0.1440231898178997, 1.1541383166187025], [0.05358176808786124, 1.2481220400174917], [0.5109483702624771, 1.0148980160396937], [0.47470830427565747, 1.0768777766799744], [0.9701082790923728, 0.3234563321474304], [0.12806909992166365, 1.1718842228401394], [0.7871265715447504, 0.7348286295472644], [0.8271529971797551, 0.696216107772059], [0.8631412724429164, 0.6813859917471623], [0.6895131827680625, 0.9703469310287571], [0.7718305572734281, 0.9072207760129953], [0.8542365431208582, 0.6832405335975065], [0.7932515095606285, 0.723868999324226], [0.9405984543392322, 0.36090315783616345], [0.8510579237225642, 0.6890987204668907], [0.7354862540083466, 0.9539231585609809], [0.1554559656715156, 1.1532244643305283], [0.722765826471118, 0.9676639615538332], [1.0246674547823584, 0.26972663167382976], [0.7774096181082516, 0.771142795406321], [0.7859442105173009, 0.7425308860475646], [0.5957689366834228, 0.9757242659053202], [0.773171869278834, 0.8715268989438558], [0.06332283885074866, 1.2312877004169838], [0.9544392541420378, 0.34302699141334697], [0.16645916945924472, 1.1442130111268178], [0.7800877255355909, 0.7478498012394683], [0.8040385976470049, 0.7107197200940378], [0.47273154501453757, 1.087795122015975], [0.7250267147353492, 0.9550669921022383], [0.9371440266451874, 0.37378038076663933], [0.8714146644408574, 0.6780448601995686], [1.0304029297599056, 0.2570979137369855], [0.9994466038079526, 0.29371571549018693], [1.037497523668024, 0.24475696695602422], [1.0097669017725357, 0.2829103948742169], [0.9312285821387988, 0.38169862989247855], [0.1706876445951871, 1.1390109789668725], [0.5227014863142646, 1.0015009917689264], [0.4580548613976911, 1.119949239988215], [0.183366124685948, 1.1309518870298412], [0.16371344366441018, 1.1510845946689225], [0.5017001016224265, 1.028836588953474], [0.9296042954115766, 0.39547528079596805], [0.17900279609801306, 1.136548277621087], [0.10262762075375254, 1.206088185965741], [0.4886899189435571, 1.0413663504188788], [0.132591247497225, 1.161961799900553], [0.7758229412335049, 0.8131767916206691], [0.12273054302362596, 1.1725695641177887], [0.7637182946309594, 0.9281943127138419], [0.05731847410222601, 1.2398910177758764], [0.9650191844550938, 0.33078127767717774], [0.4969147927571141, 1.0357065414606579], [0.11595667972471384, 1.1847506010196827], [0.8392954662242796, 0.6903942345965819], [0.6156513955347244, 0.9736010761855649], [0.914632251251647, 0.6644220022945941], [0.961900654264479, 0.3392048288463494], [0.07881260801894868, 1.2216432762522584], [0.5020073457557102, 1.0180377559583158], [0.9918261071162516, 0.3024110466354982], [0.20099416891752322, 1.1306007849415178], [0.1380725370154195, 1.157326951028876], [0.9834770556014006, 0.30986111586780574], [0.6761077301671159, 0.9727388461580324], [0.5864718302880507, 0.9784360515239505], [1.0188969968582102, 0.2746651981301457], [0.9758956312092529, 0.31780064900979754], [0.0865976229121864, 1.2068192811424148], [0.7621385365767654, 0.9361680624776396], [0.9859846086886148, 0.30980020343891823], [0.6795622028855716, 0.9711448762317509], [0.776944091723394, 0.7949121349482016], [1.0064047156320497, 0.29099162432579023]]",0.038467,14.98
DTNK3,MGPSO_feasarch_archsentry,9,100,0.006467,0.010219,0.558144,0.005698,0.807052,7.0000,100.0000,"[[0.0689118724756761, 1.22276665502963], [0.848227567160809, 0.6907186988367808], [0.9470571633671793, 0.3500075191625863], [0.9396848576716853, 0.3650131967783615], [0.8986843072206113, 0.6654086153154233], [0.7863259422775773, 0.7410515220743465], [0.5273027726199855, 1.0019836004274845], [0.13816120985495672, 1.1578759898773634], [0.9346845567286617, 0.37388748118610016], [0.16155395620593108, 1.1427279859129174], [1.0209471473856837, 0.2763584124454013], [0.8528008438420834, 0.6850580880870213], [0.04655543917697418, 1.239035169547802], [0.12180403300851814, 1.1757589724700281], [1.0392212887016292, 0.24364962022422715], [0.1505630991401074, 1.1479256443666066], [0.1642356422727402, 1.1398891777572853], [0.8032707687163272, 0.7126870030252466], [0.45878322001602745, 1.130359121372316], [0.09909848007372546, 1.1972993066502127], [0.7726345843364053, 0.8494121024608472], [0.9579426668132451, 0.34019345121697026], [0.5160242914390645, 1.028222773675914], [0.5070197897415344, 1.0352059224986487], [0.07586871464265695, 1.21616835575248], [0.9161370316827644, 0.6556576495241533], [0.8202002181786555, 0.7002547633829388], [0.929864756861772, 0.4034445852766137], [0.062144452346175834, 1.2297790204283563], [0.9445172633221308, 0.3601809283668539], [0.5420400164365218, 0.9846113526128963], [1.0313447343030837, 0.25499080892320025], [1.0177588792901335, 0.2802271162185782], [0.7917956800111409, 0.7362149864865393], [0.8943384835323245, 0.6672326205844477], [0.49292576127025695, 1.058874437076447], [0.7234792683407035, 0.9612117294848856], [0.515621949659104, 1.0340855182681044], [0.19338267272981519, 1.1322672345349654], [0.7743862826130901, 0.7764181947332465], [0.9815049851406507, 0.3149015945466473], [0.10566365177384279, 1.1885140092262612], [0.5632849763544586, 0.9759190142823373], [0.48330850501419603, 1.08109884314579], [0.9557327711865525, 0.3455729781526937], [0.9886633458209804, 0.3058145950620249], [0.1562559016785352, 1.1462618686141923], [0.9877225658153302, 0.31410390571736213], [0.9923404220548181, 0.3031428003683359], [0.8384923880949862, 0.6955500144911662], [0.5367336113337062, 0.9860953930270351], [1.0059909683249755, 0.2935657561432662], [0.8112767109496609, 0.708356862851248], [0.6352712192940855, 0.9732231437712622], [1.0219963488709407, 0.2697715495633075], [1.0121640131253407, 0.2842540104946365], [0.4645850655965405, 1.119482679020331], [0.827957211346283, 0.6967329081315767], [0.730658796559027, 0.9576703854812663], [1.0295439769116168, 0.26347537367514173], [0.5213424308510375, 1.008748041091508], [0.7723711752060236, 0.8786133697726823], [0.8887708695147258, 0.6711624308269479], [0.4844106366610273, 1.0808581182860009], [1.000104620814262, 0.2962559450897523], [0.6019409711793356, 0.9732294152382386], [0.11275728756727421, 1.183884454207596], [0.5566483806016554, 0.9793749954439537], [0.49518077277104744, 1.048379642050916], [0.7705962822600756, 0.9087008990007885], [0.7060041648467401, 0.963572597159398], [0.7944306380870281, 0.7205929077538387], [0.7689187075494939, 0.9135075252226186], [0.9966285129968865, 0.2995489318596379], [0.7806358514769784, 0.7579171767212147], [0.9386496750528475, 0.37115373180961586], [0.045514845571258226, 1.2415004326374655], [0.12795214249623668, 1.1683866234007225], [0.7454783151971933, 0.9493463934629345], [0.13946185113097015, 1.155886371991994], [0.9266983388571413, 0.648764791415555], [0.9743897367639462, 0.3192189664381686], [1.0065030966140185, 0.2866628357746892], [0.770636245035, 0.8968564413708215], [0.1857679867457976, 1.1374622488854305], [0.46998564680269733, 1.086939221742334], [0.9651207592618642, 0.32908901070580543], [0.7822525546878554, 0.7468771358451822], [0.968282896592457, 0.3266340820231731], [0.7503485498887281, 0.9332113011126948], [0.9298850676151543, 0.3956225864463483], [0.055262995525886476, 1.2316155865553193], [0.9337508800232026, 0.386535250075942], [0.8764303388632508, 0.6744061177894218], [0.7567749478587067, 0.9316682225798638], [0.7425536091645736, 0.9576393542109913], [0.08620955519387886, 1.2070630475444966], [1.0339370249864366, 0.2503689501680132], [0.06888484717948001, 1.2292007009371075], [0.9631474743016567, 0.335400625266531]]",0.037715,13.94
DTNK3,MGPSO_feasarch_archsentry,10,100,0.005617,0.007882,0.589351,0.004851,0.800841,4.0000,100.0000,"[[1.027507406743711, 0.26150946699254973], [1.0100306600217566, 0.2870503445550198], [0.9617959190429785, 0.33431815420105676], [1.0233719652983646, 0.278257816329805], [0.49035771104933656, 1.0453023201914189], [0.9764665197967781, 0.3196639585344963], [0.7619877926001647, 0.9160762258292141], [0.06945803223417474, 1.2216456829346294], [0.8236838511921554, 0.6990946207046588], [0.7860067122570813, 0.739147147226747], [0.5040337428226631, 1.03110314826135], [0.5327995752848151, 0.9882868285096553], [0.09042465390477261, 1.20377760686449], [0.9519189759534618, 0.36016899372617894], [1.006165027323253, 0.2903568156255374], [0.49288461473756723, 1.042712530051592], [0.9271910303409134, 0.6481600174566324], [0.7871452732101978, 0.7314071652761376], [0.9007270327447252, 0.6639646070062668], [0.8134694573885072, 0.7054915145704275], [0.8555816942748692, 0.6986982982677628], [0.798970830575286, 0.7222302864535588], [0.9849511581710427, 0.31208529886243663], [0.9299843396190688, 0.40154850384935864], [0.45815158384935145, 1.115676466748444], [0.862540581999073, 0.6842921762327183], [0.7837701569119659, 0.7570184050179674], [0.9171808530168146, 0.6572649745563036], [0.08332334012166331, 1.21136983294105], [0.49745294189708017, 1.0357186675110452], [0.1246523572638691, 1.1767738975723225], [0.5699904865373933, 0.9773379914887865], [0.135487788593897, 1.1671831148409946], [0.05636937556609022, 1.2358215903852938], [0.774297357044439, 0.7884225743289837], [0.7619306044488842, 0.9252631553786586], [1.0181954100025956, 0.2800111882167426], [0.07594307264804191, 1.2200259560734574], [0.8824957857691034, 0.6748051524548686], [1.023391446058256, 0.2679385881730997], [0.87512044615495, 0.6791064892526499], [0.9373317981433203, 0.3689946566251072], [1.0378488111811128, 0.24792934585659568], [0.4874339581889027, 1.0631087567445474], [0.5230968942508374, 0.9948232571303433], [0.5450506674904525, 0.9830820487797216], [0.45174601049156915, 1.1220092695570887], [0.21242414749575564, 1.1302196068878831], [0.8956708657376202, 0.6668999611438561], [0.1065484359424333, 1.1882000468040779], [0.17154861670611166, 1.136885383272893], [0.9969297937430747, 0.29741642064353513], [0.11803483703340985, 1.1779280417618072], [0.954696008429234, 0.3563535403048733], [0.9959859547047474, 0.3000804432679199], [0.9067785639940089, 0.6618345942628381], [1.0366003419677785, 0.25391246579699295], [0.17915204214502795, 1.134926565903862], [0.13221879751775517, 1.1762333375115008], [0.9671370761734627, 0.3271194621356719], [0.9587884837717561, 0.34792177061345453], [0.7704585873074834, 0.8977272641412297], [0.18483633802480087, 1.1310552175786324], [0.7558666292901384, 0.9358210809595808], [0.044311514993333766, 1.237723638728345], [1.0149049614354413, 0.28282068010545847], [0.13692502064253592, 1.1590994890150763], [0.7076259156611728, 0.9681505279920812], [0.4677461490191486, 1.0955037295973018], [0.7434731170749852, 0.9456791790091181], [0.5733444009932394, 0.9761247444508037], [0.48750289896811744, 1.0526930974645174], [0.10271638524210033, 1.1930827411573994], [0.9321532593780391, 0.39231643942940014], [0.9391124840360321, 0.3654251328737753], [0.8043462095970183, 0.7179358700331546], [0.8170106443434024, 0.7049766783867191], [0.15411205280735182, 1.1441552144231966], [0.7408807278476939, 0.9525839120019437], [0.7731815740867324, 0.8822286959508139], [0.9889392392429931, 0.3080588347358651], [0.16322765228202024, 1.1398712499114256], [1.0320001504059202, 0.2543202300623642], [0.8557165058115563, 0.68458269025541], [0.07848053704118267, 1.2165301967005113], [0.45908268939207886, 1.1091251137821192], [0.5054949582053248, 1.0185899143603687], [0.4763808533206853, 1.073015914269479], [0.14667754491193224, 1.155759744971946], [0.6916987637690458, 0.9686267907656385], [0.5809351098284736, 0.9746493299361667], [0.9760886370584501, 0.3259564667673897], [0.7775160491017563, 0.7703412740246898], [0.6673945002865558, 0.9727741116009245], [0.0866855561772828, 1.2069510698122754], [0.060366873288169524, 1.2292655748348433], [0.9329982613315977, 0.3916857699920301], [0.9614412015331766, 0.33820173858781055], [0.7790963196096009, 0.7697503118695068], [0.6557835121008054, 0.973535606984651]]",0.034638,13.97
DTNK3,MGPSO_feasarch_archsentry,11,100,0.006010,0.009751,0.606803,0.006063,0.799250,7.0000,100.0000,"[[0.09000757635486561, 1.208533264743062], [0.20185622560412605, 1.1298331868669504], [0.8395814027601156, 0.6997593474210995], [0.06216514669802869, 1.226715194174177], [0.929903767349425, 0.6552221626146015], [0.9896885566155444, 0.31379543900976625], [0.7773642763623864, 0.7553967360173819], [0.773686203277844, 0.8284983990039883], [0.10426480672823496, 1.1955909559388018], [0.8094257210548585, 0.7238546945413162], [0.556549260906154, 0.9789472801150887], [0.7763841009710117, 0.7986816495716147], [0.17997111967385884, 1.1329538543685838], [0.9642945123242841, 0.33217489230609554], [0.16849082807452231, 1.1401433133585417], [0.10832506624688254, 1.185960774097734], [0.6664381559376193, 0.9714993460939938], [1.0168195555219157, 0.28063232420444245], [0.1593366936660349, 1.1409132851350585], [0.9506995502709327, 0.3484610667185726], [0.8252425719613883, 0.7008588352610183], [1.0348418616879005, 0.24850442609465706], [0.9979516534243192, 0.3076016049005365], [0.8717791567693451, 0.6822153231868102], [0.9550526603824196, 0.34021088250007203], [0.8115521047326709, 0.7120520580084788], [0.45773210139119086, 1.1204714074515196], [0.8744202540749091, 0.6750834664940524], [0.08491438719799538, 1.2132246258838688], [0.7675811412702176, 0.9109030191542264], [0.11852221955707193, 1.1763614000032323], [1.0020112937239904, 0.2917932132728747], [0.5728655864170431, 0.9780505583755745], [0.48432654001082437, 1.0570366605665102], [0.9348803812781963, 0.3726691159580302], [1.0258274697807421, 0.26539526220363663], [0.14694245122494556, 1.1518399670259922], [0.4850736686853636, 1.050734744167664], [0.7868306652974646, 0.7440554768080219], [1.042397758278111, 0.2466126306540181], [0.8951942889916882, 0.667327102068899], [0.5005477389801094, 1.0350803427560096], [0.4632622505600073, 1.1152009155134484], [0.5371453281893317, 0.9917975768273612], [0.0711807894341599, 1.2224087534797852], [0.9667260116165444, 0.33007722871712525], [0.5082286659860904, 1.0118265034119367], [0.06416649208607651, 1.225559361065138], [1.0310033642783245, 0.2565828298939697], [0.11809339588131182, 1.1818848817067922], [0.9070006457836679, 0.661236208844671], [0.13609416493145993, 1.1624993213844408], [0.5109424687941286, 1.0034340113701243], [0.9336988131943362, 0.3799210654765684], [0.6998528752406594, 0.9660381068509505], [0.8205473835614668, 0.710534637102515], [0.6096639428030941, 0.9754497113083875], [0.1889150849739577, 1.1303220436211285], [0.808689896742632, 0.7272585822322566], [0.1557461310888044, 1.1443935104436447], [0.923139244153389, 0.6575360058302102], [0.6195430949506179, 0.9745604662644227], [0.4796540701113409, 1.0663947293698157], [0.10585824805932782, 1.1885571328548532], [1.021044702549477, 0.2737476415173915], [0.5431854316948563, 0.9857561015050536], [1.0093190758781931, 0.2859322424019089], [0.6880934968385035, 0.9689095754044839], [0.09771395270456487, 1.1988826560748864], [0.5302489839616391, 0.9958612984983757], [0.9373419425128983, 0.36573594966115747], [0.7358136587677426, 0.9582635713726766], [0.05118883243799326, 1.2340975353628234], [0.9917758111866447, 0.3079975774950851], [0.7053911479850742, 0.9643481411773411], [0.8885343819249439, 0.6700369895924887], [0.4961664185564694, 1.0484502961423303], [0.4730454996912861, 1.0964664944356355], [0.13167064675541643, 1.165114360648103], [0.7957084846952983, 0.7314709742758774], [0.4743755777175029, 1.0883588497788323], [0.49619559174031386, 1.046915870378315], [0.5029625296938743, 1.0185826060569618], [0.7678852550059533, 0.8915530043640962], [0.9463518023778339, 0.35382410115439833], [0.5007053503307386, 1.0204350416853138], [0.047306276783371966, 1.2381523192889643], [0.12474264347250497, 1.1700264561292897], [0.7480823023083133, 0.935877842763041], [0.9304197021053751, 0.39043262251330474], [0.46507204721795375, 1.0965470283425143], [0.08208739239522692, 1.2204091599711753], [1.001689868567229, 0.3031133746444166], [0.84195365021139, 0.6884376342665821], [0.9333371507689603, 0.38428063454592654], [0.09448259432984973, 1.2063780507417172], [0.7814897634872425, 0.7508322335666475], [0.6955107330489751, 0.9681673357868181], [0.9724470240868565, 0.32180806996556427], [0.7603571383623893, 0.9141119029207054]]",0.037713,13.87
DTNK3,MGPSO_feasarch_archsentry,12,100,0.004974,0.009748,0.769850,0.004388,0.759353,6.0000,100.0000,"[[1.0103596027561084, 0.29060177008836285], [0.7433007832490406, 0.9485581256673441], [0.8675518777578985, 0.6832941071579042], [0.9373668399084121, 0.37206686360829666], [0.7878115249297669, 0.7421072630942191], [0.6723675585217618, 0.9720050082669809], [0.874913509464818, 0.6782874223287849], [0.16634551501542105, 1.1369557526071645], [0.5866283267759249, 0.9747840151598384], [0.8290287510790033, 0.6962605980494696], [0.7771934595265818, 0.7569382546196295], [0.12497115053732151, 1.1692854146405018], [0.19241940514341987, 1.1334598878547693], [0.06664075294894001, 1.2235468339939655], [0.9814176480473027, 0.313201601325536], [0.7766356631474944, 0.7740240044974385], [0.5065767487865236, 1.0092879765470013], [0.9207455437221425, 0.6614761687760804], [0.9296710451089296, 0.4074818035262239], [0.1538542077195406, 1.1464631272856567], [0.9312915271396932, 0.39538754027393763], [0.9969078891232371, 0.29745909355644856], [0.7951679438214755, 0.7231996442633433], [0.5468938488451615, 0.9827428766271327], [0.5742515254666174, 0.976746159622724], [0.9707524136831421, 0.32644877831413627], [0.4865699168251308, 1.0494145064268245], [0.08761318110348243, 1.2066040057962368], [0.6955797815125523, 0.9712893623702741], [0.8845340497746099, 0.6758812995651968], [1.0155392427377017, 0.27843398384960477], [1.0188003615315508, 0.27196823755392396], [0.16373721000933045, 1.143953985195996], [0.48773055179848135, 1.044272636753951], [0.9333869158927868, 0.3782446741215571], [0.7729626035363543, 0.840588605158616], [0.5035630183875069, 1.0257178645440221], [0.7744076687288688, 0.7806465219107259], [0.4966427295978124, 1.0286183310662096], [1.032472972507343, 0.26322147921481964], [0.8244114778206023, 0.7051118967028072], [0.05291336178120739, 1.2323386166860149], [0.117210157636292, 1.1820482791213447], [0.05006305416135622, 1.2369172323169793], [1.0400193212564566, 0.2534081789184872], [0.9278442753346481, 0.6518091602920304], [0.7681338726707827, 0.8952413233588765], [0.7741479512083076, 0.8211870745588525], [0.697565372058761, 0.9699121893917895], [0.9375838913620211, 0.36674151127087046], [0.07611220653332555, 1.218205898312527], [0.7281143926988516, 0.952665180902247], [0.49094957810947765, 1.0387416529316111], [0.71346200893237, 0.9648438374213575], [0.5286995220067205, 0.9881690292152427], [0.13918227820510803, 1.1559408893859362], [0.7648945956385491, 0.9139731513459048], [0.8110273137355204, 0.7055955713014446], [0.46446353075072727, 1.0975466714587585], [0.8891854962409436, 0.6704280997260079], [0.8367147792180283, 0.6925914444577621], [0.9633146346329198, 0.34470003656236065], [0.8643913234121661, 0.6858616744721818], [0.7924710048378971, 0.7354954858969247], [0.4604856301135534, 1.1141900350448477], [0.4821693498766268, 1.0601732969796926], [0.4716480308521652, 1.083256466575568], [0.11900356043483368, 1.175321320594368], [0.05843791104244049, 1.2290656493450722], [0.953665447609319, 0.35723546713453685], [0.9926113950483166, 0.30751406661587316], [0.7336067003810622, 0.9490130024287189], [0.10702042516183988, 1.187893886216823], [0.6637916169125126, 0.9741249718164613], [0.5492808760925081, 0.9791849017706356], [0.9418818557389379, 0.35968761677382605], [0.1355629545504714, 1.1621214677229526], [0.5354572041649148, 0.9857523908708425], [0.17688534563172068, 1.1342720010011913], [0.45585518348645443, 1.1193214839267014], [0.8952903793439914, 0.6685799738637619], [0.5139479224992339, 1.0009391739847588], [1.0337428000786608, 0.262712138693819], [0.5959071933748636, 0.974600724358573], [0.4709291146053523, 1.0898265934896834], [0.1450352458788293, 1.155285935639216], [0.7952066224514006, 0.7215131992823296], [0.1283677921089083, 1.1656363934276845], [0.20174438240780898, 1.130891327038253], [0.7826692114194485, 0.7515567543044266], [1.0109665308996216, 0.2811048001448009], [0.9805666571348574, 0.3175783105021843], [0.5249064963801436, 0.9996096360571558], [0.7727425836199228, 0.8865086171294916], [1.0024705978109794, 0.2960070763730138], [0.09393372555243992, 1.2006856986976635], [0.7493763621178718, 0.9367965292164477], [0.10010300254367879, 1.1947503715765089], [0.08427906705743347, 1.2156411697501475], [0.10956667616036739, 1.186032701346646]]",0.027821,15.24
DTNK3,MGPSO_feasarch_archsentry,13,100,0.005255,0.011057,0.634653,0.004310,0.784650,10.0000,100.0000,"[[0.8018171445659547, 0.7168355571036449], [0.4503009642846733, 1.1278360522501252], [0.9296759569876136, 0.3933315369050081], [1.039178431813361, 0.2429495818906144], [1.0286381848021342, 0.2598381726898849], [0.4786804609248774, 1.0725185393961303], [0.5043759662468961, 1.0211047599071472], [0.14040520856555594, 1.161060578439862], [0.10997059174805847, 1.184709825779918], [0.7256702365195167, 0.9543754197671765], [0.9160614375078159, 0.6586356957192459], [0.9725490273254347, 0.32112700114453774], [0.4936962001331337, 1.0346745326665683], [1.0359138015397313, 0.2535094140914331], [0.47253869982717467, 1.0906521425677373], [0.21415816329142895, 1.1303552333661158], [0.12898146152010348, 1.1723261610127542], [0.898507576609464, 0.6734075791977425], [0.10232006642590952, 1.191196762536858], [0.18039064694173051, 1.132373458845832], [0.8687357364351763, 0.6823947427334476], [0.20621102148475862, 1.1305500146482215], [0.46918228514282895, 1.113455456758734], [1.0068452978257652, 0.29023530837799133], [0.931981668354703, 0.3807789804256669], [0.9419682245507524, 0.3671629037537453], [0.05073983060029127, 1.235516976607516], [0.765112166617217, 0.9228439731780202], [0.12003736786072128, 1.1760174260967302], [0.08653408821746382, 1.208405484005135], [0.7796741420608364, 0.7581616515586351], [0.812719971937464, 0.7051272659389085], [0.06357096817082242, 1.2284342128349293], [0.47571175549401573, 1.0784425973597913], [0.7597061739793468, 0.9523992830070263], [0.45719524312022647, 1.1148025341996404], [0.49738437036152156, 1.0239718528655126], [0.5246514288408671, 0.998312576603092], [0.09813299558493016, 1.1961280505475134], [0.5535488199213776, 0.9780261625673596], [0.07879357285185257, 1.2151183659925657], [0.7733341623229691, 0.8408632962246221], [0.1508637219821686, 1.1462729795982012], [0.9519119878311123, 0.3489289533287325], [0.48708997787952923, 1.0645841773459668], [0.5291201807195063, 0.9910943249888393], [0.6988381975855681, 0.9675632576758437], [0.7758451438865314, 0.7642886701126055], [0.8478546892427499, 0.6890924592683718], [0.056906151342235416, 1.229819309008415], [0.9857406997209617, 0.30887940775134315], [0.14511094149709597, 1.1516489257658458], [0.06846248296891132, 1.2223004778663602], [0.11499435213074384, 1.1792246332144936], [0.48943622629737477, 1.047114530844268], [0.15871539545841887, 1.143379292268374], [0.8826671057534254, 0.6780327144667555], [0.6825394991987525, 0.9711055523503287], [0.7547128940891021, 0.953607852203554], [1.0230888860797278, 0.26672157745919345], [0.5444752401788449, 0.9812840191836241], [0.859659066830878, 0.684299495932521], [0.8217424657299446, 0.6999883665408814], [0.9211066343406958, 0.6570730189400916], [0.45297144532202827, 1.121090347976539], [0.8033217281265477, 0.7129029169718606], [0.9669108366429449, 0.32812026433645614], [0.7747696314559545, 0.782624355679683], [0.7109537479896388, 0.9631527323525377], [0.5382563853955362, 0.9889490108626138], [0.8356839814976559, 0.6954266055513312], [0.9922998792751486, 0.3036575225650802], [0.9563909963153105, 0.3402423141956566], [0.1730232052266892, 1.137359073661068], [0.7737126352403801, 0.8259119494476288], [0.9607190172078038, 0.3361102437280454], [0.1309510498620144, 1.1628396226879723], [0.7663184801555022, 0.8966676512938041], [0.9437673072275837, 0.35461062353378114], [1.0008945757373109, 0.2934685788230148], [0.09371844400133665, 1.2041081833530805], [0.6986634950825402, 0.9692184301147118], [0.16641167055022554, 1.1398335200326666], [0.5719537127866248, 0.9745932062885303], [0.8777607353729822, 0.6822686562619927], [0.5072247395243841, 1.0089923092021893], [1.0193494558991298, 0.27602585776056765], [0.9360729670815098, 0.3754985973413231], [0.5161418085770282, 1.0070948954533456], [0.7614934673412435, 0.9288596915423986], [0.8457319282430612, 0.6932964808100256], [0.07502260707088962, 1.217955262419516], [0.9013294334365954, 0.6627116304829308], [0.7989064610346521, 0.7268380171031259], [0.7731894095457483, 0.843607011845626], [1.0107668776004353, 0.28246863469612027], [0.0472471827510477, 1.2429739830861737], [0.7853507628305076, 0.736004452608426], [0.983265106450619, 0.3163832247936873], [0.08539660112692178, 1.21016326458532]]",0.029794,15.64
DTNK3,MGPSO_feasarch_archsentry,14,100,0.006000,0.008541,0.687109,0.007241,0.810028,5.0000,100.0000,"[[0.8510288743117651, 0.6901328353318432], [0.7034826487463292, 0.9646435579817401], [1.0289720434022294, 0.2663581303124913], [0.7745145720854387, 0.8078566210823259], [0.4569500152763163, 1.120372786427594], [0.1307398490722874, 1.176065598298106], [0.1403056317160715, 1.1551952415567155], [0.71696743670114, 0.9630007013720303], [1.0215520985976807, 0.2755977618815152], [0.558915812470018, 0.9873152164113652], [0.939404395434622, 0.36310586023145147], [0.18789712610269388, 1.1321371478480877], [0.5901835473978779, 0.9742173182668024], [0.9957048095657335, 0.29909848043837384], [0.4640161185317561, 1.1038076497368574], [0.5585161280589247, 0.9877458397208994], [0.8015616167458354, 0.7143216305537636], [0.8918891859592273, 0.6713327345471358], [0.7488134431333617, 0.9356627405536924], [0.45174007219516066, 1.1278417276415393], [0.8131556162454007, 0.7103467404627213], [0.20356944863024867, 1.1307027052241199], [0.7865625860331131, 0.7356448154281365], [0.9792660764385811, 0.3175717171129517], [1.0341808472978167, 0.2555763995420921], [0.10029599295257242, 1.193524275274717], [0.5272761348140664, 0.989473800317918], [0.819237107999822, 0.7072211456133701], [0.8701215501760542, 0.6765599089687158], [0.9527547539286221, 0.3431984974911665], [0.514861433270977, 1.0029327216453687], [0.47507599489927127, 1.0757001365471497], [0.05535209097725425, 1.231621800518351], [0.058528688645956804, 1.2314461892807274], [0.9632713485025315, 0.331441770610556], [0.4913225947068896, 1.042174259687519], [0.7724494824995042, 0.8888848842026535], [0.9032169537710958, 0.6711618928560348], [1.0239228340808277, 0.2689995753142041], [0.17317570184297543, 1.1341717306324197], [0.13444864410844665, 1.1619775263480314], [0.4674143634677794, 1.0961130805070662], [0.9784978695781298, 0.323753677253495], [0.8608087787961065, 0.6847978756443096], [0.761489102367674, 0.9233056976985565], [0.8419838506262424, 0.6949394772229395], [0.4934233043318103, 1.032654340658434], [0.5051394127715909, 1.0191837227233755], [0.47126017529782127, 1.090051276234978], [0.7775423988181027, 0.7537550073418411], [0.09519534442755698, 1.204290744403905], [0.9712602916892041, 0.32641568582381447], [0.7419418300320387, 0.9432766048866925], [0.9817946014258423, 0.3129867457295875], [0.9330132124010491, 0.3757083481804965], [0.6509712993989103, 0.9741021930021374], [0.04862347113136888, 1.237555932814742], [0.7260967563235601, 0.9552416686570107], [0.931700685358673, 0.3929272927465498], [0.5176068888579104, 1.0009642526831763], [1.0301199402590024, 0.2605347271185745], [0.07613670644517032, 1.2153616266798906], [0.10567644702548268, 1.1898118754626457], [0.6664507719299622, 0.972720429395314], [0.06369629548948998, 1.226077813157599], [0.7806236628060801, 0.745882701272286], [1.0025698621647827, 0.2965641986453084], [1.034532095720215, 0.24991572215841726], [0.8313528475162189, 0.6978821360550335], [0.9135679904391718, 0.6685246979721313], [0.706066049820089, 0.9635341683441341], [0.4730875099588699, 1.0858719615032377], [0.1595774656845318, 1.1449446241286505], [0.7993546831211874, 0.7342147307523263], [0.9251249553717896, 0.6499712327713421], [0.4871418826195969, 1.0585360660649092], [0.986522008738748, 0.3072819782382031], [0.15498492654689017, 1.145962883583753], [0.9518446032690426, 0.3486414435061429], [1.0108512428325913, 0.2845625835282769], [0.9459778816188972, 0.35347621070768975], [0.1646705496643422, 1.1413233842136374], [0.4788131913256723, 1.0683416196023796], [0.7212606774994994, 0.9593661986417181], [1.0170786353163381, 0.2791848815658163], [0.4893352761361828, 1.0481734163740497], [0.7836057013344431, 0.743355924392505], [0.4985982481691134, 1.0235697819683893], [0.11317493475700649, 1.1858005458312741], [0.5752912540863413, 0.9757384324762097], [0.9217053205789796, 0.6576115612339091], [0.7584017661187736, 0.9310761423975218], [0.9304895403523528, 0.39714894178782933], [0.9203743700861042, 0.659758978551938], [0.12105278538385827, 1.1795742735172958], [0.8627110916721407, 0.6800590188690445], [0.08792343130938299, 1.2102198085354365], [0.2040471858702958, 1.129677995879526], [1.0412929347125761, 0.24626036342424043], [0.9923182141367038, 0.30231559335118424]]",0.034084,14.52
DTNK3,MGPSO_feasarch_archsentry,15,100,0.005185,0.008348,0.736099,0.005120,0.766087,6.0000,100.0000,"[[0.5107039625020793, 1.0086886691576724], [0.1956339271426491, 1.1337595800271403], [0.724491693012101, 0.9555423720446021], [0.7977439465939589, 0.7183202967933577], [0.9048099136489308, 0.6616867179146035], [0.866920127239563, 0.6868491586498903], [0.06890391205961321, 1.224393172536111], [0.7010880962638195, 0.9652083517694767], [0.4797180448480594, 1.0647700096567665], [1.0084336748619387, 0.2843389793316894], [0.9760499214459171, 0.31840251648200435], [0.05875734140695115, 1.2303088393234483], [0.13132524806253204, 1.1706234822887855], [0.11366020391233152, 1.1821524081331942], [0.15043522548155494, 1.1534209815386283], [0.498703407955885, 1.0254814150462623], [0.7818813416354214, 0.7456708681700293], [0.9157794292279812, 0.6552251016117082], [0.960803529633603, 0.3333625950490579], [0.9293107687286704, 0.653999834677004], [0.8290415680923552, 0.702651398620106], [0.04527617521510768, 1.2394418228016852], [0.9298302372490028, 0.4012564604926404], [0.7546113741213966, 0.926313967883241], [0.477601203137755, 1.070087808510209], [1.0031161816982386, 0.2923593848137725], [0.9137189817992674, 0.6567764002638405], [1.0174959865494755, 0.27513860397735806], [0.77169096717738, 0.8700326067828588], [0.9698319732543884, 0.3242474855907971], [0.08264390012086764, 1.212174851839181], [0.7574618964237261, 0.924569606608945], [1.0344623012480982, 0.2509480435526156], [0.8076810894209743, 0.7124477601236692], [0.7683937521914871, 0.892273490018991], [0.7978279852474371, 0.7167717929426685], [0.8736658285876913, 0.6838104896731585], [0.7774529265643249, 0.7999882696459706], [0.9899169037101234, 0.3034605018319325], [0.7962427453882704, 0.7358814896787831], [0.5673165151603722, 0.9751248647717696], [0.10130267406007382, 1.1953218557952594], [0.455212164763427, 1.1220629586422384], [0.8527931606642488, 0.6893275479699295], [0.8332063142878294, 0.6952334857141105], [0.11670390073645454, 1.178562490380874], [0.10830224374970285, 1.190414409984369], [0.7781235364626423, 0.7793840460255814], [0.9676347770364195, 0.32643340490319217], [0.718027421269602, 0.9627635436332864], [0.5295733269439297, 1.008572156876965], [0.12294205946402328, 1.1725068797538691], [0.8585938846465541, 0.6886424145178117], [0.9312016865159728, 0.3908936445034482], [0.07713285011131285, 1.2199268520806132], [0.546675662207994, 0.9817775211158863], [0.677901702294982, 0.9723437371370547], [0.7784954444793712, 0.7718530780613979], [0.7702835445082122, 0.8852339132530063], [0.7731700719444636, 0.812419293448557], [0.15380519503820184, 1.148729038472216], [1.0138873195307734, 0.27983811124009095], [0.46363990561174584, 1.1110279531591194], [0.8184786274378416, 0.7064604041428608], [0.7793826656000599, 0.7585479730752929], [0.48620570773576066, 1.059693579218548], [0.5332753161223794, 0.9959969960892276], [0.9332304909224235, 0.37959226183384653], [0.177022862297234, 1.1397682522313188], [0.14255796942559057, 1.1570160014851831], [0.9360962114102442, 0.3682942570913085], [1.041036534503004, 0.2483800657458093], [0.05340804269470311, 1.2358861584935212], [0.9584946162831258, 0.34049308217106306], [0.6568199120727891, 0.9733287547418634], [0.19882021751196244, 1.129481744806815], [0.08907348407122123, 1.206469335682047], [0.8447649298143564, 0.6934195778553891], [0.1585017975027437, 1.142668112223279], [0.9429128734455463, 0.36678027560570464], [0.7361303556072689, 0.9482878504573462], [0.7936233297644495, 0.7379844861041434], [0.9553414099727722, 0.35123393682823756], [0.8835443475318734, 0.6712307456464326], [0.7636026973996062, 0.9201135125112523], [0.8097846515607988, 0.7069905985031264], [1.0259267881219352, 0.26416126267139317], [0.9849585961383579, 0.3103827838355873], [0.8776674793977005, 0.6792387612901916], [0.9443869127379382, 0.3543335098963237], [0.474286943617528, 1.0901688247735573], [1.0306906074685813, 0.25854732374341305], [0.8971770693617869, 0.6646182145052169], [0.5090228974312414, 1.025102657160655], [0.09713468624121355, 1.2016259320744995], [0.13494077193569715, 1.1624683302553642], [0.9822799138331573, 0.3146842316902132], [0.9985620490719728, 0.29931288055507416], [0.4902932689735055, 1.042275008285544], [0.9640649853087488, 0.33040185310852355]]",0.030134,15.19
DTNK3,MGPSO_feasarch_archsentry,16,99,0.005064,0.007038,0.961583,0.005797,0.795029,3.0000,100.0000,"[[1.0078397029306545, 0.2873820902389696], [0.14301400531093325, 1.162856328938472], [0.964791349210546, 0.3291043358165512], [0.600580873018245, 0.9736490779958658], [0.07112550738978185, 1.219391252786703], [0.9292602475017029, 0.39810588086539056], [1.0354925910536374, 0.25364039960504126], [0.7185624419459221, 0.9617827733716222], [0.5498786258478359, 0.9842537964542166], [0.5179140168635533, 1.002140121710725], [0.7785348690858422, 0.7689602395139015], [0.48981486583366446, 1.0671204643687564], [0.7723201054307799, 0.8554980022108116], [0.5885130890172544, 0.9760423263338907], [0.8683037000680742, 0.6865845665544614], [0.4929336509021613, 1.0362683557599066], [0.9591073653537893, 0.3381288398875279], [0.1859843231156626, 1.1325448284292332], [0.08072953722827289, 1.2177933873744713], [0.8769207470908846, 0.6745547223374828], [0.10213482672835233, 1.1920322435446338], [0.9724975961098778, 0.32094633500075465], [0.5296609772579458, 0.9877950971448768], [0.9315608867143489, 0.38297839406493883], [0.9514262301347207, 0.347086876685268], [0.08186772735823743, 1.212117867448428], [0.9122792319122494, 0.6577566238084296], [0.9412075195848733, 0.3589929055912776], [0.81397471148366, 0.7083344289589801], [0.12097166537360657, 1.1729739328910802], [0.48064927386871037, 1.0707023970234273], [0.7522873238364899, 0.9356653110675381], [0.753684074821311, 0.9293387542257456], [0.13297056367709686, 1.1649346134680734], [0.7895380639812728, 0.7313168695981767], [0.8308287804564877, 0.6949034374581795], [0.5374937203868098, 0.9850916339588995], [0.946381218199127, 0.35155230617608685], [0.06579943521164075, 1.2252565199285141], [0.1086007574956795, 1.1880881022660585], [0.9938541151064132, 0.3031698944751457], [1.0135016923722344, 0.28332543092989465], [1.0157092281583007, 0.2774467425961752], [1.0193118916474335, 0.2726153617126307], [0.7797299584937936, 0.7510235910000609], [0.09402157927801584, 1.207330702630519], [0.8274457005700585, 0.7014804350850927], [0.4537395122826867, 1.1197535461162487], [0.8183277636189124, 0.704532651621639], [0.5234251745681163, 0.991506697536481], [0.05787387267262727, 1.229286488527207], [0.5073867054830995, 1.0116622583375556], [0.987025626308544, 0.3098961861130972], [0.462901884824834, 1.113562897135269], [0.4676660151869583, 1.091457870957703], [0.15143072365463267, 1.1481460621268824], [0.1587002306467742, 1.1464615711675064], [1.0427174469718197, 0.24812652791001172], [0.11961508211697819, 1.1792158498428298], [0.5505275249227699, 0.9786822213028823], [0.6751075676247223, 0.9710105506949074], [1.0254864171951084, 0.2657833978862492], [0.11417683777082271, 1.1836039212674572], [0.1948086439468119, 1.1292595737565727], [1.0043783260580352, 0.2949337621771704], [0.9807744389776742, 0.3174390150263928], [0.5034031370762276, 1.0190736160862424], [0.5593559517223248, 0.9774324447756328], [0.46499776492025496, 1.1048014561695918], [0.7660862327666187, 0.9169514185149077], [0.8835316376479035, 0.670874335062646], [0.7737162862903894, 0.7878171226408268], [0.7951390464631548, 0.722449291838617], [0.7852746491874598, 0.741176401058603], [0.84328660664691, 0.6911248599744158], [0.9350909023222619, 0.3789296412364451], [0.5032361046944624, 1.0330444325588337], [0.15953259532236458, 1.140757106305085], [0.7670229888312584, 0.9044390666668904], [1.03165380687271, 0.2577451867078352], [0.4765414385341046, 1.0760765399544359], [0.1753374720432797, 1.1357736064691701], [0.9216819146118542, 0.6521560906832438], [0.09824004979010209, 1.2003640427736972], [0.749308201592791, 0.9468184589505115], [0.13262051775211892, 1.1700716775514979], [0.898894699674188, 0.6656996795664847], [0.7277258019830168, 0.9534084327670984], [0.08958655343434604, 1.2091890451226497], [0.8709559306449266, 0.6773861186613078], [0.8067801272168764, 0.711889960809484], [0.7154638242501261, 0.9626989848708636], [0.7711615722991869, 0.8898846749804887], [0.7969321364936688, 0.7180323144676095], [0.9968588139485001, 0.2963870137988491], [0.93799087538245, 0.3664303444754425], [0.0514570899098313, 1.235675741830358], [0.167952875581332, 1.1366250461402794], [0.14440465032929667, 1.151300135808664]]",0.036935,14.44
DTNK3,MGPSO_feasarch_archsentry,17,100,0.006682,0.007974,0.778275,0.008036,0.872550,4.0000,100.0000,"[[0.46866171743046114, 1.1049354568880594], [1.0210149508909554, 0.27298424157864426], [0.9600402454073143, 0.33840934250151444], [0.8088200484860816, 0.7118564971226347], [0.15842734967640512, 1.1440130828800377], [0.7845856673795348, 0.735285493029912], [0.8936977442741519, 0.6712332354945642], [0.9402693600170986, 0.36217169611829436], [0.9469835477417864, 0.353345074296675], [0.5311912467590867, 1.000732419569079], [0.7603646981837443, 0.9297966647933396], [0.11985141809257344, 1.1785718058415264], [0.0762450171289778, 1.2151898276230009], [0.7744161562226787, 0.7805734218604568], [0.9492611355603545, 0.34901449324084144], [0.937448172252405, 0.3755046576141371], [0.4615503445566544, 1.1196820084494272], [0.9634206655291062, 0.3347129204248578], [1.0275655879110983, 0.2642672618788667], [0.056212788781319446, 1.2309190384054536], [0.5528024299035551, 0.978322890148835], [0.21729282457597038, 1.1313162887399055], [0.4759187311350345, 1.0818458050485937], [0.7237896057008788, 0.9566065379506645], [0.9881138062528889, 0.3103262822431243], [0.7719956724328378, 0.9067187740422706], [0.46199251775863415, 1.107323937628311], [0.9955724031693214, 0.297802713343071], [0.7633082514947844, 0.9204084872991865], [0.10511333256100401, 1.192146285341461], [0.1057870165427201, 1.1876395176088193], [0.8234286498045669, 0.7090253281261922], [0.7743601230223519, 0.8614021644373773], [0.7708003025741605, 0.9087164971894905], [0.6018438856701351, 0.9734749839321986], [0.9895150341937076, 0.3039025065512353], [0.9527594166109368, 0.3434695983827964], [0.9820144065788552, 0.31431536517121295], [1.000238389028517, 0.29653938013224246], [1.036398102676577, 0.24776065354396476], [1.0164494768906869, 0.27563047178707634], [0.13691875634285744, 1.160475757547204], [0.09754193040150344, 1.2024452822703902], [0.9006249414369984, 0.6630411044497908], [0.48576134935406223, 1.0498067257000407], [0.7987696802482457, 0.7217114600682939], [0.07906467703231093, 1.2149694126455686], [0.14151745620004608, 1.159568700988676], [0.9775043534186281, 0.3165320064192383], [0.17251877571372, 1.1376777519809962], [1.0288232265154096, 0.2594032265168987], [0.0908492641476444, 1.2041401563221301], [0.9314658553582214, 0.38087827127989415], [0.8364407684898985, 0.6936213985153067], [0.9301606287327076, 0.3986397842351894], [0.7733804258659067, 0.8951514010013535], [0.8887146849727066, 0.6739878148664317], [0.5134126985659948, 1.0116426491788677], [0.1772176353623452, 1.1335710418343552], [0.974473759616328, 0.3213176288303415], [0.49871310385836204, 1.0458467445376547], [0.782986077753872, 0.7455560345512591], [1.0225018702261996, 0.2670499588122879], [0.9724025646805398, 0.3258672569306039], [0.9399155067060441, 0.3674495225272484], [1.0078641269639828, 0.2851362419682232], [0.12375486312511508, 1.171490870598972], [0.8470641220668501, 0.6931446198079111], [0.7050922463109475, 0.9651360752525862], [0.5327556335199761, 0.9971498996836468], [0.7826222267630595, 0.7672766630884384], [0.045308982912429845, 1.2401663911756644], [0.8698388733197235, 0.6786811038995546], [1.0345972168260293, 0.2519285421587061], [0.7557740050150111, 0.9350377777828913], [0.5167656000348275, 1.0011798809802828], [1.0005676690232388, 0.29243372333456635], [0.4494437639870847, 1.1266887376888157], [0.9923352911844372, 0.30301282560938686], [0.4751013464432528, 1.0968504462153235], [0.8237709591622329, 0.6980641783384258], [0.9304811571490057, 0.3879484493460859], [0.7738452353579931, 0.8691872224583843], [0.8506704426684988, 0.6888806695099332], [1.0376447263120534, 0.24329065920711027], [0.8537827769610157, 0.6848166509149445], [0.49997792563858007, 1.0191272513237544], [1.0157187514571244, 0.28288044367286547], [0.9428140050785044, 0.3574822980106845], [0.7926810241026521, 0.7218645424675965], [0.499916017104959, 1.0434575493525997], [0.4820175074490225, 1.0610665216818684], [0.9662562107670615, 0.3297242419082964], [0.7746950017227381, 0.7763042835733824], [0.804775909630146, 0.7189374113537654], [0.9874659342177693, 0.31316453633904456], [0.1488271810138, 1.148420222279737], [0.9591907327251575, 0.34019384031272837], [0.8997443018498398, 0.6674042701436308], [0.1341588780849028, 1.1696359178843918]]",0.035187,14.16
DTNK3,MGPSO_feasarch_archsentry,18,100,0.005718,0.010120,0.806716,0.005890,0.767418,9.0000,100.0000,"[[0.4776174378995602, 1.0787657634644776], [0.5122753942953996, 1.0089365727690525], [0.5024316780166674, 1.0312148298678894], [0.9615080826348865, 0.3360056233331578], [1.0343001268813385, 0.25259912868240086], [0.04643885554632481, 1.2385315580092255], [0.9297133029036966, 0.4000921553555079], [0.9877265500527292, 0.3069320693264224], [0.9280848014887895, 0.6543500521971668], [0.8408628476843998, 0.6916120627798711], [1.0305282698011318, 0.26297120375550775], [0.14342912450854467, 1.1571496303350384], [0.5051883423282701, 1.0178722881301112], [0.46016011773070037, 1.106646540959586], [0.770480308712479, 0.8976550066961857], [0.07720711537430477, 1.2196887887130587], [0.11677268265111941, 1.1792271694543743], [1.0238518488718524, 0.27117055110671556], [0.5060410279456515, 1.0132628716620007], [1.038147286474423, 0.24300903835274476], [0.1547924595555995, 1.1437873921650943], [0.057195475437754655, 1.2322656651193789], [0.5892354767467293, 0.9749181612988367], [0.8015913420172837, 0.7246316799538741], [0.06808668063627604, 1.2265583651308385], [0.9663463745457208, 0.33052477848937595], [0.8757774143568473, 0.676676208691741], [0.7490367377035398, 0.9426025937196396], [0.9732311869526367, 0.3202685094228508], [0.4829546387266713, 1.0711682139948409], [0.4719898105272358, 1.0943373793572062], [0.8071573390231577, 0.7112653054363021], [0.7410484887236011, 0.945309308367206], [0.7826757448093717, 0.7397428684950664], [0.48843931787346556, 1.0527401634497997], [0.8587706991375876, 0.6817142072608906], [0.5295133600929932, 0.9902529590858511], [0.10759931998436384, 1.1931333020053678], [0.1652548040869114, 1.1417654432970783], [1.0249950523767286, 0.2649601108669378], [1.0153388076298666, 0.277916257668197], [0.8919373956301091, 0.6731595507175252], [0.9478055148620295, 0.3520553918742735], [0.5159816467132128, 1.0020874130882196], [0.08564678624558901, 1.208002206692296], [0.12300853680276821, 1.1711712844287265], [0.9695944577130248, 0.3238893508283687], [0.9949429964491512, 0.30100046595568036], [0.9411777830306705, 0.36370929822210163], [0.7740458288152988, 0.8350974829985347], [0.5681607486433036, 0.9751455299214502], [0.4683912200704552, 1.103508473281401], [1.0044929778779519, 0.2892167824899583], [0.9586303308923053, 0.3500289928443022], [0.8971423057608366, 0.6713952175374941], [0.9609710592340095, 0.34775090281497023], [0.7727469668385067, 0.8667106227678052], [0.7138062001715192, 0.9616844808417997], [0.7386025773987163, 0.9616525496421859], [0.6951418299847446, 0.9679539349477624], [0.19898422523841178, 1.1309969125050632], [1.0188710522604418, 0.27566316707364213], [0.7786956366460556, 0.7611534479894153], [0.12696800099267236, 1.1674391019162282], [0.5546163328340538, 0.9845344372110676], [0.8820201827954979, 0.6749021604309717], [0.09825032408271264, 1.2033938762696343], [0.780146187422698, 0.7570975151505939], [0.14763980940869853, 1.151976296998202], [0.7730949407216312, 0.8488448832211171], [0.07233181674238565, 1.2212870847507482], [0.8455121956664549, 0.6875944990669016], [0.9336268087165176, 0.3880562974913687], [0.8315700852390979, 0.6936466952942764], [0.06267832456136219, 1.2289836301295365], [0.7535865541807838, 0.9372085031809978], [0.6838596419034411, 0.9721579922942598], [1.0027790853913268, 0.2977243023625132], [0.9825284895638937, 0.31690772976286535], [0.4740899724415439, 1.089877439208172], [0.1931305389167985, 1.1414700182987647], [0.49971410559916296, 1.051368051166681], [0.9308300945115937, 0.3939338667209486], [0.1404373225466229, 1.1601205514177493], [0.908307830664884, 0.6681888695499452], [0.7610608198794101, 0.9148170483360487], [0.9213113596282235, 0.6568418147978194], [0.10984183404320329, 1.1840607552898819], [0.6860396810802829, 0.9696282922098522], [0.5375937079349677, 0.9856599294782762], [0.08857778770234291, 1.2065734603056104], [0.9360682542634332, 0.3692148798062559], [0.19254023765930756, 1.1415147892760087], [0.456843223414372, 1.1146347435623332], [0.48673041645062975, 1.056775872996484], [0.7756457745009874, 0.7965840029026265], [0.820742489565308, 0.7018488840374797], [0.7955038021103644, 0.7256890194789176], [0.1534912157550587, 1.1466808509958422], [0.9433663023573226, 0.3583442091858318]]",0.043478,14.11
DTNK3,MGPSO_feasarch_archsentry,19,100,0.006330,0.010971,0.724061,0.007318,0.818207,4.0000,100.0000,"[[0.9339936060662559, 0.4088915535115652], [0.7720532399450273, 0.8757866985650689], [0.7264120248926813, 0.9570010899335244], [0.47284495861885933, 1.0873092736053533], [0.5120877646241582, 1.0131428275272014], [0.6588202051191626, 0.9721932730142597], [0.7324131090212903, 0.9516568167988866], [0.11184534793504902, 1.1820488864720082], [1.0038369777042124, 0.2951662635849449], [0.20394809636739822, 1.1294899529802311], [0.746984724776047, 0.9389865357221514], [0.12459269079052251, 1.173312191317768], [0.04618593846608897, 1.2376224050542173], [0.14193478300891088, 1.1533450516726889], [0.6186456156538827, 0.9730841437011559], [0.7802728229740004, 0.7484671949492412], [0.5916800017452843, 0.9738114765136352], [0.1407126337038524, 1.158706212630121], [0.8926677607301827, 0.677294699236616], [0.8204089738533378, 0.7172442287250227], [0.4794063124072458, 1.0689623771457002], [0.5594269392729598, 0.9770319025090626], [0.9229502006682494, 0.6581111192254754], [0.4676941952816762, 1.1066732994579327], [0.09136988140025361, 1.2067553191326432], [0.7687522017985919, 0.895255737547864], [0.10801650586294706, 1.1862628709352259], [0.48947150979676096, 1.0426280608272067], [0.7109386746165773, 0.9624364932097584], [0.4973111361509364, 1.0401877710478646], [1.000952510959272, 0.29901604346548455], [0.7855179269554513, 0.7464622473748121], [0.2027854029692896, 1.1315200418743063], [0.15329122704333667, 1.1486058243896529], [0.8691495129644948, 0.6822635229422533], [0.08800113309629592, 1.2087465204639838], [0.08151643497661261, 1.2110467435427583], [0.8464404936141364, 0.6919138731939001], [1.0301739336587883, 0.2594836291253401], [0.5322042154569645, 0.9872675533279842], [0.9486196607585011, 0.35336258615288324], [0.9036992559669922, 0.6657487255627312], [0.8930146784955224, 0.6718505243236952], [0.4856500297215591, 1.0662363777312736], [0.17558069164231274, 1.133222174612818], [0.47086266045903574, 1.0877398663738818], [0.7364813543430644, 0.9479174068805791], [0.13337339569158596, 1.162018792573752], [0.9780241138888967, 0.3157996746730707], [0.5190151876109073, 1.0009889942129353], [0.15426191667214756, 1.1455382249687602], [0.5424629870519597, 0.9810173439315006], [0.9985761326101837, 0.3052006715842503], [0.5089907940037013, 1.0237442217399046], [0.5128136769569972, 1.005575731436581], [1.0344469815367634, 0.25641415907086673], [0.7737848946618934, 0.8617324593523599], [0.15956909400363053, 1.1409173681396019], [0.8641598501034353, 0.6845463877538251], [0.06440304181348458, 1.2246190801556227], [0.487023074654733, 1.056342855694455], [0.16432039268051035, 1.1379611645524415], [0.07128992453538682, 1.2203608515052238], [0.7750154202799295, 0.8407676875479846], [0.09314520636980682, 1.2004480177110743], [0.9440936588005704, 0.356416929602712], [1.0175123295144541, 0.27825878558179196], [0.9411756749265354, 0.3668180222371649], [0.7606349647238381, 0.9342301915914644], [0.8229711895119904, 0.6990459902943758], [0.5421950170655032, 0.9834948995852137], [0.9404403111432327, 0.36696168931185313], [1.044390867427457, 0.2528453792625604], [0.8768329585365895, 0.6788586864822622], [0.7880766522117073, 0.7298233545952604], [0.8204867390654179, 0.7068261896218839], [0.7263388284180574, 0.9581333718140301], [0.05504513222403597, 1.2323458854304377], [0.9141243730066918, 0.6629066208011296], [0.45782392696738383, 1.114824351035812], [0.5090051800088078, 1.0144008582690363], [0.14608974530071234, 1.149980280763906], [0.12790664616696384, 1.167480230687547], [1.0270281401262256, 0.2751708198124637], [0.10500111184178279, 1.1928168347108938], [0.7711414900607072, 0.8863506640802608], [0.12000065983423797, 1.1790707345663722], [0.04452172548303254, 1.2402664916834825], [0.06096768617940344, 1.2274351555815022], [0.77657189460383, 0.7748825347569486], [0.09611494316329916, 1.1990558449066064], [0.45108260085867297, 1.1269798131809503], [0.7911077923442609, 0.7264895826423332], [0.9374083524391681, 0.3743334571094563], [0.5034162076072038, 1.0262068310503658], [0.9629719802903041, 0.33247962674118686], [0.8162442739688154, 0.7244752266360999], [0.5207671879464599, 0.9982451964901249], [0.9300497764286302, 0.4098373198178611], [1.0091484755923164, 0.2905980841334169]]",0.037047,14.14
DTNK3,MGPSO_feasarch_archsentry,20,100,0.005757,0.007388,0.562076,0.005233,0.848322,3.0000,100.0000,"[[0.1102487943856224, 1.1838281858113155], [0.771222499201323, 0.87558557008375], [0.10576654169409253, 1.1950946486626128], [0.08505345553371507, 1.2111355109699096], [1.0298734563180807, 0.25773946019797483], [0.19247864041047297, 1.132368967413092], [1.0249469440920862, 0.2672914759131881], [0.5697881425896911, 0.9781270783183642], [0.7769830589074601, 0.7947110196192093], [0.7160171847197858, 0.9601025506794802], [0.9218154995780563, 0.6598727163989084], [0.9836717261594248, 0.3106976907145638], [0.7872846195085292, 0.7321248201838297], [0.5121991355303657, 1.0103412559246108], [0.48210941837807414, 1.0639563027992496], [0.9568382462367603, 0.3404281489478189], [0.95523841558991, 0.35378865054577924], [0.9314313986184009, 0.3856585322019531], [1.0332992584390177, 0.2526330570236406], [0.48842959302128147, 1.056168296111995], [0.8948186719380768, 0.6667669079199792], [0.4778456459504325, 1.0772198594264375], [0.9134037603070662, 0.6610768396447524], [0.4774606430855692, 1.0787790960913661], [0.5157285168328345, 1.0028524635848943], [0.8635288746614378, 0.6811800650685869], [0.5535202928655307, 0.9786117192623243], [0.16711586318854432, 1.1377204577131868], [0.14460536624804582, 1.156799810730642], [0.47105399848908036, 1.0922229020049077], [0.773933745229143, 0.8633100752410128], [0.8662258054086015, 0.6780429796270533], [0.4625251471524055, 1.1021459695772304], [0.7608217198928955, 0.9222983823643092], [0.06399943044628986, 1.2272935935472715], [0.4933437791478583, 1.0381339868403787], [0.8304039972480393, 0.6941098526389748], [0.15377493595650818, 1.1457237533393396], [0.8821727658846338, 0.6762191903067254], [1.0143261658429508, 0.27731447318461144], [0.7101079160366937, 0.9665343357175276], [0.7223753442298544, 0.9578472950488759], [0.45481917658824594, 1.1271979195132664], [0.13045298931027272, 1.1647918173834269], [0.9399607975148423, 0.366506473218306], [0.9808189668320235, 0.3193060239115094], [0.15735979866904676, 1.142247481113579], [0.9754284562036852, 0.32473976503756896], [0.9911965827195391, 0.3049188757474483], [0.7742899208451349, 0.8164760226535861], [0.8308652570730053, 0.693749602759959], [1.0397833884485146, 0.24388883262707192], [0.5730936287574585, 0.9744391257865279], [0.9302988369691837, 0.38898198214644597], [1.0204067088781459, 0.27021071270334873], [0.06014330173042578, 1.2373999892262983], [0.946994798851923, 0.3560647529320142], [0.4581984616477269, 1.1211525377067941], [0.7545295322576467, 0.9461493745962501], [1.0031360192396772, 0.2951631474698706], [0.1962961642376137, 1.12941309425825], [0.11956384990284225, 1.1789535513289024], [0.9370601927296028, 0.3815222132818598], [0.8244591716521057, 0.699653591420623], [0.1345783142667951, 1.1614534323399148], [0.96981725833497, 0.328231807631039], [0.499611559769702, 1.0266753453781792], [0.18384366059210916, 1.1363146710440402], [0.9958911150835797, 0.29766428850921833], [0.942754026393758, 0.3600098937355948], [0.6898712676488762, 0.9733480917186825], [0.852746732168117, 0.6891609635799985], [0.09228006035462344, 1.2031340840865006], [0.14994767636988832, 1.1470536476444226], [0.052782313460978635, 1.2400130661295938], [0.5185087158448363, 0.9995973654507693], [0.7550861685107112, 0.9278563388614636], [0.11682500075882207, 1.182047572919879], [0.18512610662102152, 1.1331022985864125], [0.5034741462063155, 1.0145688194143354], [1.0181687959958046, 0.27649527602037755], [0.8045382368180937, 0.7206352170355157], [0.8070676968486517, 0.7136867960343645], [0.7862309173278654, 0.7470004847853882], [0.9674558026504689, 0.330634783646161], [1.0084123576064883, 0.28472972441299355], [0.06916309643618157, 1.2231311889308891], [0.46132732054506115, 1.118713040158293], [0.7791888142362614, 0.7541493322078046], [0.0952509092286214, 1.1984385406338567], [0.048533297023854706, 1.2418187467688373], [1.0368279074011002, 0.24994387012468583], [0.9561928144180676, 0.3443424516389756], [0.5341948568487513, 0.9847368892865327], [0.7951128908743197, 0.7299136169017064], [0.12444169419996627, 1.169326517402057], [0.7679383620838525, 0.9161733051154985], [0.495359530816814, 1.0296511870136207], [0.7625624009527078, 0.9182774006054433], [0.10716136079896799, 1.1881934280285193]]",0.042776,13.94
DTNK3,MGPSO_feasarch_archsentry,21,100,0.005065,0.006983,0.779854,0.004447,0.767532,9.0000,100.0000,"[[0.5317937806375299, 0.9942700956854997], [0.7791085229320244, 0.7572096843929765], [0.07570122917982253, 1.217927169947476], [0.47839585773481447, 1.0654815118305465], [0.7735897146437037, 0.8029503008141139], [0.19004999408904555, 1.1313222600666957], [0.13240642441905998, 1.1632209977075132], [1.029751682394369, 0.26380201841167716], [1.037082697862485, 0.24752295455696446], [0.49308917443856587, 1.0422590023719154], [0.9959433690836081, 0.3059246472797838], [0.8412256847307632, 0.7002566926775358], [0.9679656305845913, 0.3261778293125742], [0.07031630435449035, 1.2205883041811172], [0.5924048754309731, 0.9734686027365631], [0.765957311473768, 0.9081450939065077], [0.9363818325153084, 0.3885001359899883], [0.8437692277568751, 0.6888778661813603], [0.757044317648973, 0.922273855830031], [0.8019176975043616, 0.7130874936893159], [0.5525834004047048, 0.9781883825282072], [0.7676434017259194, 0.8958835982645819], [0.15092691213092174, 1.1489572767910592], [0.45974191323534885, 1.108519244451341], [0.7756517679093924, 0.7791797844688093], [0.8511127425837827, 0.6886882870128741], [0.7232421658379662, 0.9601761185492561], [0.9794838796203192, 0.32540132115047565], [0.9484402797509758, 0.3514908338971049], [0.8661910329671831, 0.6802717640092468], [0.08136358100420911, 1.213521025732069], [1.0103587270839913, 0.29397430311615275], [1.0225623658314131, 0.27761037225203183], [0.8777221344387971, 0.6757072397588937], [0.9104922283691588, 0.6617282552304597], [0.5047787092437463, 1.0228621539013985], [0.12856468628961087, 1.167592575080591], [0.6964516846816131, 0.9669412606142613], [0.984122985515077, 0.31682647939762365], [0.16168777767278952, 1.140072168008277], [0.5811750874558252, 0.9748235628124544], [0.7850699354569395, 0.7446988488897919], [0.13908405218083797, 1.1587753949040076], [0.9988654718218358, 0.29658372099951347], [0.9452392558769103, 0.35759680622121903], [0.061822592414549106, 1.2300869233567824], [0.17034058257974577, 1.1357612377630377], [0.7633073937814494, 0.9169773943252426], [1.0120872748271807, 0.2822970490773461], [0.678075277500134, 0.9701008321545521], [0.7835966137993157, 0.7496221403396248], [0.4497717692537035, 1.1263177292851487], [0.11837387332656336, 1.1833510670046516], [0.46495994350548336, 1.105304374297966], [0.9282753465648546, 0.6476061185566753], [0.48685493727421647, 1.0554943298449155], [0.4967747736275324, 1.034510955844285], [1.0339962090328447, 0.2554915428894591], [0.7705263894320364, 0.8776366322828899], [0.11336815207856038, 1.1856088800818079], [0.10638262204076887, 1.187901741461939], [0.9428467625174383, 0.3696261172300375], [0.47023425082419795, 1.0936100026756048], [0.513397317891892, 1.0060485048665704], [0.506255657282283, 1.0129902836527271], [0.09097273192545346, 1.208887706205828], [0.9182062627410458, 0.6559443957786121], [0.5407511265906345, 0.9890746517959128], [0.4666786000122792, 1.0999156645067814], [0.5222945456204593, 0.9967460527464931], [0.8274705588217061, 0.7078594573897439], [0.7443589945484896, 0.9554240036362909], [0.9564705549852278, 0.3438498364867532], [0.9611542631373879, 0.3336873704479424], [0.12338545229687309, 1.176864905022522], [0.7551964803914721, 0.925715178699414], [0.09913376833602001, 1.196096719589178], [0.7501677246162552, 0.9320303643232155], [0.9365683825064406, 0.372760664052439], [0.15997926798348938, 1.1451114002383127], [0.1852907588145249, 1.131516416218425], [0.9360025102948879, 0.4038861242943876], [0.7020046830415955, 0.9651499711410663], [0.8926354054462831, 0.6698887285946324], [0.14437277777539675, 1.1549221638688285], [0.04597944083407723, 1.2363605692468738], [0.47637020296737714, 1.0744722577429995], [0.7771757405289008, 0.7682161606630624], [0.8586758421368345, 0.6835966217337728], [1.015623771755558, 0.27868156099748786], [0.933370030232157, 0.40953311000080206], [0.8198508608899382, 0.7095383909658162], [0.10241350253739384, 1.1938523549675502], [0.9869032830351492, 0.3069034535350665], [1.0257163717169921, 0.26791236338576996], [0.5481707924353685, 0.9840456279321819], [0.09530441630641345, 1.2042832777345571], [0.774141749300393, 0.7832553290348852], [0.06982337534660411, 1.2300323070243084], [0.4585446938747451, 1.1199514103789678]]",0.027221,14.86
DTNK3,MGPSO_feasarch_archsentry,22,100,0.005220,0.010671,0.871249,0.006103,0.730969,6.0000,100.0000,"[[0.5571782466754115, 0.9785557243074468], [0.0949909515224728, 1.1989579342772236], [0.5394621161324692, 0.9901649423736953], [0.4533543428815893, 1.1198468743618157], [0.6562993572225346, 0.9748863065705264], [0.1672700508024455, 1.1409173946143865], [0.506669608567507, 1.01246359813928], [0.7141224939491251, 0.9662569533201566], [0.14629682020115206, 1.1530538689343999], [0.7943545340343771, 0.7468861533342539], [0.12728857603261454, 1.1670210681957067], [0.7562093550829221, 0.9229511943473394], [0.4631144415632889, 1.1047973714241504], [0.9192952084543615, 0.6536664620094206], [0.08328834741391242, 1.2119611460343436], [0.853515991633831, 0.6930691385309251], [1.0361419938377527, 0.24965344492533986], [0.6783434563063804, 0.9728583381660882], [0.7707372464686257, 0.8834320453684623], [0.996940468997966, 0.2965879844491809], [0.7720659017294144, 0.8741973221080579], [0.9419348709060169, 0.363526116510686], [0.7397971604404396, 0.9508497525152124], [1.0338211800648776, 0.2549336961159635], [0.49660321796735035, 1.0415818298520072], [0.7755952249136862, 0.777165226537706], [0.7447360038483621, 0.9458962912684337], [0.9584410457960906, 0.3370315662012385], [0.7748533825927945, 0.800386301347098], [0.978243114461224, 0.32261595250648606], [0.17889971816252587, 1.1346939850533027], [0.18440791578353338, 1.1314370152867428], [0.10552551332837776, 1.1899886677096023], [1.003813224716104, 0.2950153423889739], [0.6065197769749594, 0.9751460150625804], [0.7722910768366688, 0.8616937688749908], [0.7737135517123298, 0.8474129081537167], [0.9798135338965018, 0.31709755771557324], [0.5153084011510303, 1.0105547920786782], [0.14034900843329953, 1.1577948399292046], [1.0275186007993753, 0.2631708514440307], [0.8567226336610603, 0.6851459988047608], [1.0394558196644985, 0.2430312594327867], [0.9461639348318216, 0.3539412967642909], [0.7743540347009052, 0.8304285093537096], [0.9526227270430865, 0.3446659274073454], [1.008397836917097, 0.28894207364364083], [0.48678300246001127, 1.0575770529032427], [0.9342221349999322, 0.3780181786892536], [0.4878693973330528, 1.045206309084819], [0.5477154194828405, 0.9844929711544244], [0.5277522469101711, 0.9912892708729528], [0.49859036398915796, 1.030798701526529], [0.718990753740328, 0.9624537056434561], [0.9312249883894825, 0.38682030297960607], [0.4702986614866296, 1.093031400514434], [0.7779514625749403, 0.7532804326792224], [0.46370534303196775, 1.1009205899449983], [0.459650752406944, 1.1160671777582243], [0.4767560824532427, 1.0771066650980963], [0.5055068386424846, 1.0203488216608272], [0.4807029481397796, 1.0654839813461097], [0.7518564378648502, 0.9368730389850866], [0.5027347165316591, 1.0263381253468957], [0.7343409125114351, 0.9570803906837846], [0.47315356813496934, 1.0851148523542322], [0.15739551389730627, 1.1479045712533429], [0.08834330137389623, 1.2044616053752535], [0.11297612459804773, 1.182845570610714], [0.06443176341214993, 1.2275551487297762], [0.7687845622605598, 0.8939772330086873], [0.892126053648957, 0.6743320680988758], [1.0215397902675365, 0.2702770210169363], [0.9040218898902319, 0.6622056656725592], [0.8223535102133286, 0.7010068561039151], [0.8426985709717598, 0.6957867964302713], [0.929608801318175, 0.39195234023356834], [0.7951446919606849, 0.720824960183728], [0.690734776486545, 0.9678127716511771], [0.07246232349104739, 1.2239672438580367], [0.5162384084475173, 1.0056875084662187], [0.07968864453582086, 1.2125444512890484], [0.1378907206490398, 1.166132312725681], [0.8959025811674064, 0.6675148011058705], [0.9921695607910556, 0.3063642743462248], [0.9860784502960465, 0.3081377386409055], [0.11913334992693364, 1.1792084572140413], [0.8757966598962224, 0.6748530193135747], [0.7641725541711417, 0.9038165256390875], [0.8644170934099628, 0.6794791607332626], [0.7946345713442255, 0.7379118604919703], [0.043996954101421064, 1.2375285033358754], [0.684649830033894, 0.9692392429491148], [0.8178440868346054, 0.7096402255577641], [1.0186617700276455, 0.2749553418456694], [0.9666555044051323, 0.3300244838857935], [0.16480877634171204, 1.1420864462821083], [0.8049800590645244, 0.7139838247088508], [0.9525419604874075, 0.34599823974140675], [0.7871501271868266, 0.7516054381576474]]",0.028456,15.23
DTNK3,MGPSO_feasarch_archsentry,23,100,0.004488,0.009877,0.901043,0.005179,0.750000,10.0000,100.0000,"[[0.14718147794580122, 1.150468525319482], [0.9345109885695182, 0.3747317339876486], [0.0883998489202694, 1.2076110702998293], [1.0333682117458651, 0.2522697520084401], [0.794655496258755, 0.723149228900819], [0.08459650676498458, 1.2152506003866101], [0.1264705489816561, 1.1675667181340532], [0.4602796174595873, 1.1188378235547332], [0.9511206249409099, 0.34527173395183125], [1.0267334283744933, 0.2613941288679931], [0.6312294485313859, 0.9733911084562046], [0.9996558511324831, 0.2949118375814163], [0.9302563857002029, 0.39880411008541955], [0.8221463245630134, 0.7048053241854606], [0.07027509914780733, 1.2270377462693405], [0.467086999757846, 1.1028587327626445], [0.9945868328265878, 0.2999660126281895], [0.5415010345601164, 0.9893291460806921], [0.9905925919982927, 0.30381498114187444], [0.9833895066729222, 0.31537565228311776], [0.5046132291719356, 1.0240798404467049], [0.8785355807577107, 0.6736105701553348], [0.19410306992837967, 1.1310054167561154], [0.4845266284499748, 1.0539214790231606], [1.0110454362264132, 0.28139210106684015], [0.5180918284738523, 0.9989423048235879], [0.9430565218449454, 0.35844579721712927], [0.13977016000796932, 1.157713470367792], [0.5299406218623521, 0.9943817748697166], [0.05228718022440249, 1.2330759109416956], [1.021514677419412, 0.26909209633753073], [0.9860314741926413, 0.3087001933651415], [0.05895348435501586, 1.2293459302276795], [0.8041464256427358, 0.7106192671156435], [0.5148111734912051, 1.01449171409483], [0.6122754116268834, 0.9736251254185857], [0.7985921954146866, 0.71876537138829], [0.4723721193280014, 1.0848905822052002], [0.4903805732212058, 1.0446521405420766], [1.0398275750161279, 0.24387360286812498], [0.7338956783673309, 0.956028273695509], [0.7037714104703723, 0.9652774736650105], [0.9088449065460691, 0.6673000112952934], [0.745359727716872, 0.9502402058509922], [0.47555585937410877, 1.0768337488173487], [0.7864950359857719, 0.7401379243364479], [0.5549792876074573, 0.9795146462851438], [0.10430540304473349, 1.1905634686145725], [0.9597500108002217, 0.3345616064203479], [0.724269070973649, 0.9586103405613733], [0.5866951897556514, 0.9746209439699525], [1.0191634350350705, 0.2789622526778992], [0.8638017321862714, 0.6800417885330944], [0.8273670613027156, 0.7012632277358912], [0.09525724990337647, 1.205289518763352], [0.5665145068826969, 0.9790310704104832], [0.7681626607650375, 0.8937217187914965], [0.5092608619197996, 1.017515231851739], [0.11117300334656548, 1.182244535489118], [0.15662438700608566, 1.1452148849977342], [0.8568536281597993, 0.6845304442080216], [0.17695506286794405, 1.1329384090130836], [0.47969031159795056, 1.0627250367399013], [0.7786073779828308, 0.7535920690082418], [0.12275519642129248, 1.1715192300110917], [0.8896490410408459, 0.6728736209870401], [0.7821724978532263, 0.7465194049181225], [0.7618115454624067, 0.9201341907603211], [0.04885935116326739, 1.2390675266034976], [0.4788348125373891, 1.0747576299296873], [0.9665489033593769, 0.3293932234519654], [0.4619796475023115, 1.1115575482127305], [0.7743872780598546, 0.7826306595224481], [0.9228610095479408, 0.6514045001327666], [0.16930102430762778, 1.1391889460083402], [0.7150830103616961, 0.9627168307585365], [0.9208064671053751, 0.6637407276541165], [0.93841889987932, 0.3668074476449912], [0.5471710794610489, 0.9809239901687161], [0.6573943415646697, 0.9725510883452777], [0.9318927031437777, 0.3805533146274963], [0.8352189812289955, 0.6930982783798809], [1.0050520755391812, 0.28885322250175177], [0.8484465352277268, 0.6867803947631052], [0.4964791246035671, 1.0281164857223584], [0.9749687245396572, 0.31902146622763367], [0.7733234945951846, 0.819144822720542], [0.7758978712106286, 0.7770045432629018], [0.10034714403478553, 1.1974783201426265], [0.7524830416904972, 0.9375492519720419], [0.9293172752716778, 0.40199100738652693], [0.11884594530894016, 1.1776451402702113], [0.948136565922964, 0.354702860422252], [0.45466310325511855, 1.128044865100431], [0.7361308665062858, 0.9502528359797622], [0.13659451510956894, 1.1609452025856009], [0.5718071610515483, 0.9765633589710072], [0.18873444304001188, 1.132321870690346], [0.16762278762066596, 1.1439795957688887], [0.07471118804301558, 1.2178063360390292]]",0.033150,15.59
DTNK3,MGPSO_feasarch_archsentry,24,100,0.005749,0.007134,0.717099,0.007858,0.879986,9.0000,100.0000,"[[0.48979859076066373, 1.0415043668178214], [0.9818839639426873, 0.31946087821758656], [0.13852979846279406, 1.1566406955087924], [0.12031455099037063, 1.1793140960422293], [0.973468691356271, 0.3290355053801796], [0.4791262162203634, 1.0648460421467039], [0.8427366717885831, 0.6958794973552447], [0.10786253585727512, 1.1908852069978668], [0.1024015659297493, 1.1950560084464632], [0.5515166077093231, 0.9786333653316321], [1.0067159884172916, 0.28652709107700775], [0.13401428426051604, 1.167069967756844], [0.1380188855126948, 1.1598948702383198], [0.864800803620513, 0.6802178648181234], [0.8221845956515239, 0.6997641066006371], [0.9300324899084751, 0.4094254143067463], [0.06929674422231219, 1.2252968176646515], [0.8633578216002208, 0.6845559382276976], [0.7669697050071558, 0.910794678238712], [0.04386366591197393, 1.238469037609182], [0.05774175348277943, 1.2337815537920085], [0.4557556468490463, 1.1176471939836918], [0.8078498173093855, 0.7136517721524569], [0.9791417585560689, 0.3241153314170935], [0.16610941169505916, 1.141298145607278], [0.5406806347306943, 0.9846644123597292], [0.17709688034327356, 1.1333308874647516], [0.9991912456829753, 0.30096506270900864], [1.0487647886554683, 0.25466831244160865], [0.07192047711494988, 1.2244113100917071], [1.0320122317372582, 0.2606621344764896], [0.7097220131558961, 0.9649781334675649], [1.0485264048781657, 0.25547354712531745], [0.45287010522784127, 1.1245768890133732], [0.7930129010064828, 0.723981376165536], [0.9444514889358078, 0.3552839599302134], [0.7806943912126304, 0.7467815852900472], [0.9138341962127707, 0.6627212384585075], [0.5704932340909705, 0.9747777526779888], [0.9583016260782105, 0.3402616796274641], [0.9863534463795338, 0.3175356362480199], [0.17135417407787878, 1.1411698646502217], [0.9619203955886302, 0.33779688720864964], [1.0215082457981965, 0.268345988931725], [0.8991376133363199, 0.6645989916633614], [0.476224582480719, 1.0817445285236946], [0.08959377843115299, 1.2055898229158462], [0.07525642742084654, 1.216560448390727], [0.7212359834928127, 0.9575890291572835], [0.6097084499017077, 0.9731123125788592], [1.0037374846625227, 0.28923312126506945], [0.8696163823787038, 0.6776376135095585], [0.45612868251067346, 1.115810703104705], [0.16232268927789265, 1.147412675263387], [0.7152604066821154, 0.9613852213329896], [0.9321889944615348, 0.3817403180745782], [0.9193625866149434, 0.6584117638774063], [0.5219054515326331, 0.9926041578116416], [0.7536280565597204, 0.9442016330933816], [0.7999651262102428, 0.7171308584275702], [0.14414670738635924, 1.1531093312773997], [0.5672838047603562, 0.9782293042840635], [0.7731261703397058, 0.8021244840316109], [0.4660566362204821, 1.0997777306128105], [0.8907984840074401, 0.6701107723090007], [0.4787743450493073, 1.070626645687127], [0.8832160513573236, 0.6710051104679926], [0.0976777870063097, 1.1992688610840694], [0.7076330498633294, 0.9698362185897889], [0.17526813896311455, 1.1355428847210185], [0.7761384658686226, 0.7638797150852596], [0.7677179884464651, 0.8916663099533642], [0.06338131756643242, 1.227329451526749], [0.09413453005388227, 1.2010869788216396], [0.7427679352012149, 0.9543274082491962], [0.07815136965443563, 1.2145123315137871], [0.5378868636588234, 0.9885116204422761], [0.9529655443926717, 0.3528930886086892], [0.7764404362235988, 0.7613729379702963], [0.12797817318204752, 1.1675882279829015], [0.46445530944061814, 1.1076558869924942], [0.945523638539436, 0.3533001831253838], [0.7877682765586069, 0.7357009307682241], [0.11088100131114786, 1.1889733214470648], [0.7979312235646048, 0.7183754424081812], [0.11596099190538853, 1.1833620628894879], [0.9892072691550339, 0.30516708943163473], [0.05122713671125035, 1.2383406491012854], [0.8997733619557711, 0.6636310076726977], [0.8542545952064515, 0.6849572514524029], [0.46921274119115003, 1.0906580509352466], [0.088199969656719, 1.2075892741351475], [0.12484009475558176, 1.170714521635812], [0.5032560274870734, 1.019588455792907], [0.9629723766331371, 0.33220058901193295], [0.48827947334795785, 1.0482143970383837], [0.7542497056427053, 0.9268088623687096], [0.187731323588549, 1.1305337174020476], [0.14917378019602962, 1.1489459529005226], [0.7579768045348286, 0.9223204834238485]]",0.030525,14.08
DTNK3,MGPSO_feasarch_archsentry,25,100,0.004516,0.009248,0.726424,0.005012,0.778406,6.0000,100.0000,"[[1.0333778592568699, 0.25447649503478603], [0.16490334680270424, 1.1391640167592978], [0.91386680304565, 0.6564544360476647], [1.0202818061744336, 0.27834262192404063], [0.74406330818919, 0.9556975882032734], [0.5902068336584809, 0.9742704081440523], [0.7731693423230442, 0.8736801115896098], [0.7843711988874001, 0.7397257074317645], [0.5895817329343284, 0.9751379926172659], [0.5308161502268467, 0.989227746250545], [0.9750179755996364, 0.32715568256041044], [0.4878886977407164, 1.0439361350263743], [0.12487558228247941, 1.1723045784995842], [0.8606313472848848, 0.6818898340637968], [0.11121682525715565, 1.1824925563709705], [0.9640257135358128, 0.3303226108365362], [0.773482550069589, 0.8125930499244083], [0.9857279960963543, 0.3103663075189129], [0.8204903925690012, 0.7082357135717745], [0.4995051367803736, 1.0275855413730974], [0.1535785210458404, 1.1458400254707748], [0.15155402447632377, 1.1539678376180103], [1.0279820153023465, 0.26030420574495816], [0.6941124273394897, 0.9685704564045496], [1.0230083012201217, 0.2668966264617119], [0.8827778181724154, 0.6736124498651677], [0.8549854093102944, 0.687040987712785], [0.539713880772418, 0.9857025045307672], [0.7641446855207231, 0.9081566238417471], [0.5064097328015609, 1.0118598849556497], [0.7781743377985144, 0.7563080463687029], [0.13036898271859254, 1.163515729505163], [0.6779278347451289, 0.9715778367673862], [1.037862232909243, 0.24988322229444526], [0.46205913417855554, 1.122840099336891], [0.4861025372728049, 1.0493282252283052], [0.75288105734967, 0.9396457476021676], [0.7149877263997403, 0.9613951408923278], [0.05487552433837043, 1.231835020121853], [0.7569102365251472, 0.9267535107327993], [0.9498029979281878, 0.3480578511086565], [0.9586773224022813, 0.33883629500755463], [0.17425943552646556, 1.1378393140918175], [0.9216897777597202, 0.6533490322924596], [0.08448565148010745, 1.2147569498295094], [0.9098640212394237, 0.6666706330541097], [0.4933175891666119, 1.032312262126831], [0.04787631210881443, 1.2401087864029237], [0.7871994333302481, 0.7338856634245348], [0.9424587197099314, 0.35714166643169415], [1.0131075057700816, 0.2852508323979566], [0.9385572118696172, 0.3713500480008816], [1.0023234393056892, 0.2960832011550586], [0.4709215127603874, 1.0969122707958339], [0.7428946019241336, 0.9584222693578779], [0.5229579023138204, 0.992798800669064], [0.7711692830702012, 0.8784092662152547], [0.7091039285405141, 0.9672112106951885], [0.7939589707484129, 0.7262944158618365], [0.7650776603316672, 0.9034897900145495], [0.06470624649855736, 1.2258095889020575], [0.884008508167794, 0.6719203902043092], [0.07569454297242202, 1.219296518583875], [0.801717309883939, 0.7129830631842857], [1.0074724325392073, 0.28871905223944333], [0.664046853517242, 0.9725204423282519], [0.07013698489081552, 1.2244955657372683], [0.5648423465171067, 0.9758798144588845], [0.9406144574913882, 0.3676411293588805], [0.7985528926115009, 0.7172738177007327], [0.781746643839356, 0.7495474137993459], [0.9841335564555063, 0.318219567772189], [0.11798930487090814, 1.1783498753692287], [0.5530389358059267, 0.978073676881964], [0.19248840998370687, 1.1331080390490271], [0.7761583267498336, 0.7794378800995363], [0.8313972348173122, 0.6937886310182204], [0.49165420104457175, 1.0380456588479972], [0.5142165766227459, 1.0036661166315595], [0.46417620480847044, 1.1003103498796651], [0.7477726212301583, 0.9418287515028536], [0.10530542103847398, 1.1881221960016177], [0.4761925688385353, 1.0756290806965014], [0.9316322941401249, 0.3870338120417078], [0.9758219638440233, 0.3213489821466062], [0.9472353628088559, 0.3502155691968581], [0.10159430258474506, 1.193744915355847], [0.767960099553015, 0.8985139537871056], [0.9359822980981809, 0.3802485812355083], [0.8260773504538406, 0.6988037839341956], [0.13635955668288324, 1.1583047655476506], [0.6364236728441665, 0.9730280996144651], [0.08848987325865393, 1.2055112068069502], [0.19398988474289042, 1.1302508560552], [0.8681888638482005, 0.6787570246984438], [0.09652407092989942, 1.2039961056458088], [0.9044942188175652, 0.6707760777636589], [0.9941319350451745, 0.3000932382999696], [0.7771129131489559, 0.7593181531540643], [0.47769174482761695, 1.0678115445283145]]",0.030372,14.95
DTNK3,MGPSO_feasarch_archsentry,26,100,0.005333,0.008826,0.695020,0.005323,0.775218,10.0000,100.0000,"[[0.4797003213333814, 1.0863366144413786], [0.8035036989740304, 0.7112637091855869], [0.4629810816382856, 1.1010278768924435], [0.9086169734173843, 0.6645561284976914], [0.8272661260041803, 0.6966867209117441], [0.14093602140559064, 1.1570095991560287], [0.9383436072567799, 0.365739470207628], [0.48032745296487106, 1.0731430750453468], [0.7783653790258812, 0.7585023874237087], [0.8694748584906402, 0.6801544588507795], [0.49637459228620023, 1.0267974198427918], [0.9981769041088062, 0.2985840194300416], [0.7542890256705588, 0.9350230499599528], [0.051048782680856185, 1.2369671446139032], [0.8813532808540203, 0.6761710132097462], [0.12535579338784328, 1.1700164490344178], [0.7364874586197045, 0.954210735377133], [0.5125487957696101, 1.0036011179567552], [0.9804856399262879, 0.3132120762079002], [0.8905943102915979, 0.6735297753168288], [0.7856360373958284, 0.7346265865141337], [0.9323897307585016, 0.39276287212473737], [0.8263366341117345, 0.7029285543254684], [0.9363800788944525, 0.38392283965301316], [0.9477849413676671, 0.35206751572832234], [0.7275037673752411, 0.9542614132915042], [0.6952742244145924, 0.9666410955192346], [0.522848343239704, 1.0002395873467007], [0.4623600832731262, 1.1173529303134255], [0.526116584395346, 0.9897535671373219], [0.4818504279698353, 1.061911780338975], [0.9314720618022122, 0.4065011482037717], [0.7714230349982336, 0.9095658209659685], [0.7734753144338795, 0.8257757763507638], [1.0190566932309237, 0.27165753155120137], [0.5939980820208204, 0.9745937803806892], [0.20731159575210917, 1.131029439523478], [0.09329370194158249, 1.20957149363294], [0.4904505603686228, 1.0422717863839157], [0.973069653049641, 0.32113449944357997], [0.7987226180818321, 0.7186053497403451], [0.08352739719763003, 1.2198891404935224], [0.7770393263965045, 0.7937126251831683], [0.9370327152319315, 0.37091723637496743], [0.08819276479935889, 1.2120580905059732], [0.0638438842387335, 1.2260048073530674], [0.4902959661835023, 1.0590369121195486], [0.4750302332508526, 1.1008421532838268], [0.9423535215500793, 0.357731511075184], [0.6759870895742048, 0.972750816142181], [0.1529878015568743, 1.1513089773645186], [1.0012054939815402, 0.29317559221705525], [0.9200363891781707, 0.6557341017488059], [0.11120248395695652, 1.1869739464853646], [0.592751765954505, 0.9747510319804198], [1.008528197711173, 0.2888489660833031], [1.0367444853439147, 0.2473514406171655], [0.5016512615642762, 1.021006243410284], [1.028116762190332, 0.26169115779470686], [0.7656723116287473, 0.9113850024237409], [0.9675579189900577, 0.3262687127195827], [0.819658085917295, 0.7066767972969863], [0.7936888932786539, 0.7288656552210937], [0.13876474947928197, 1.163089048850363], [1.0226798297024275, 0.2670623651063518], [0.4548627304368816, 1.118485718975308], [0.16121624475200327, 1.1433237184828595], [0.09650083999656135, 1.2023632996237312], [0.91219728414989, 0.6585041431134465], [0.1472121446712255, 1.1549753287285542], [0.7456432686826293, 0.9444126728056572], [0.7741721775520692, 0.7967716509386145], [0.9933431364456355, 0.30409187662288517], [0.7558820224900709, 0.9247500003498474], [0.1807053810753227, 1.1352547531511692], [0.960811872561227, 0.3349667486284744], [0.7724898364967482, 0.883076943184145], [0.08077965068111922, 1.2235418923229247], [0.8111515039131063, 0.7104777789516954], [0.12099369279758498, 1.1724445437186117], [0.7467180409494865, 0.9409250181590674], [0.7734344290790341, 0.8656380283377114], [0.8520993747943388, 0.6863620977041991], [0.9597347098399779, 0.34658573726269576], [0.8553608754703522, 0.6825910202184916], [1.0116106468500856, 0.2819847425052519], [1.0340348610847114, 0.257044059507102], [0.5363151668911651, 0.9843555060644289], [0.11383366432187852, 1.1806134780167266], [0.45184197173766655, 1.123337444258772], [0.9564684473380226, 0.34988056076060575], [0.17025659707111773, 1.136926814232629], [0.9859184424347387, 0.30739241591938216], [0.05736304337379649, 1.2311369211996772], [0.18133159649182823, 1.1317903517619399], [0.5628605990858969, 0.9801800732286639], [0.8357712140535508, 0.6915628683221569], [0.9328061933241607, 0.3908733545042809], [0.567094206756548, 0.9792456563268968], [1.0342284548648821, 0.25388204424736127]]",0.035456,14.38
DTNK3,MGPSO_feasarch_archsentry,27,100,0.004775,0.007099,0.900480,0.004023,0.805963,3.0000,100.0000,"[[0.9515632685469889, 0.3464562628095176], [0.08968245852032186, 1.2046551357510518], [1.0310748394989042, 0.2548023995210784], [0.560091369044754, 0.9772947006349846], [0.6951128029003756, 0.971665869586902], [0.04602141052748659, 1.239735132600507], [1.0136998636925285, 0.28029484708130314], [0.17508478193494953, 1.133511180940611], [0.985857050872151, 0.31213810526996466], [0.09515897657172709, 1.2030766947702054], [0.9914707535397422, 0.3052237021752587], [0.12436436020139963, 1.1722970548076541], [0.9381555475006882, 0.37116679036941846], [0.7854118902360879, 0.7407757888798021], [0.748862539753761, 0.9403875860273052], [0.1450461350999889, 1.1515019439640637], [0.9759171215583711, 0.32242008016956814], [0.4590256884481098, 1.1138465000754045], [0.12307206705610349, 1.1794314026456463], [0.5743764206046433, 0.9744222772031326], [0.9688289886340486, 0.33288635320583515], [0.20123711696465554, 1.1313556851500701], [0.5255250655683464, 1.000189511172448], [0.9966143359471766, 0.29787622574381734], [0.47436555636566063, 1.08286035269141], [0.11509710588161143, 1.1850678690691685], [0.4854949523821692, 1.0591712809914315], [0.0828629146427729, 1.213207631477465], [0.10694876142154901, 1.1902803597316762], [0.7625361023954497, 0.9238223690196787], [0.13640270691991646, 1.1607904281972337], [0.7517755766425194, 0.9316800836245969], [0.16729502804300572, 1.1370477258138618], [0.05366835016490327, 1.235263083322332], [1.0234510947499469, 0.27023472449051844], [1.0373344366995236, 0.24635110457698067], [0.8795012048338089, 0.6808447792850905], [0.7705916010316737, 0.8945389439040161], [0.9490262668643152, 0.3521573123163623], [0.851004263911811, 0.6843814287275151], [0.5025994793085218, 1.0224450274763763], [0.9268381003771542, 0.6496817770673751], [0.9101136774530161, 0.6678737088356077], [0.9712753465953571, 0.3270210868178538], [1.0110311402604621, 0.28544358371570455], [0.8090943049910697, 0.7072512953327215], [0.7896855002467157, 0.7330223189873846], [0.7411072942610017, 0.9445854817552528], [0.7736898981419376, 0.7832183444442724], [1.02660233572228, 0.26440311529256966], [0.9448613011617815, 0.35770667850467214], [0.12882434644096474, 1.1680198361882934], [0.544358169133299, 0.9825761062739946], [1.0053225411883138, 0.2878222610165136], [0.5142095989122645, 1.001718635433444], [0.730933820194465, 0.9546478957579838], [0.05710046571755376, 1.2304588699424657], [0.9620436072962667, 0.3367772342169192], [0.8214536313568905, 0.7034094406107119], [0.19689162234204205, 1.1327380836936607], [0.8846287860284698, 0.6704460543997364], [0.15272477433894555, 1.1466727491790556], [0.9334006235796026, 0.37717337005767504], [0.6054341756325636, 0.9740418178978494], [0.7780104919524651, 0.7591731893327283], [0.5330943684570351, 0.9895387909934574], [0.5513423637404343, 0.9782822711787897], [0.9113845847029847, 0.6585795064089304], [1.0172630506809233, 0.2761182092381158], [0.6821716455901752, 0.9723110455165254], [0.9305320361580867, 0.40151024129728], [0.8064937028910308, 0.7126360000332137], [0.702612815742879, 0.9654319738760149], [0.5926252610916763, 0.9741374912247927], [0.8434105771486398, 0.690530279496387], [0.7699409616331117, 0.895274563883907], [0.9790785218082179, 0.31545926726350154], [0.9993316221037889, 0.29385439193792684], [0.7245884316103244, 0.9636872994330792], [0.21024677441105794, 1.130440792154808], [0.7407693958103975, 0.9527460911040448], [0.8704479874545901, 0.6833380617726297], [0.46426036145347266, 1.0997819554320614], [0.10347343263962988, 1.1992469923708116], [0.4809222967197618, 1.0645444460247835], [0.9277639985644961, 0.6484037900666841], [0.49805902693422666, 1.0235150108188424], [0.9580344948397461, 0.34075767710452853], [0.8941492686980832, 0.6703230547578303], [0.07129234152563474, 1.2233201199209587], [0.7564300976060949, 0.9279259434622182], [0.47566432937700415, 1.0757347857170496], [0.767048530938941, 0.9138084604889118], [0.0643538328093378, 1.2288544568524775], [0.15969353676534848, 1.1434294768397069], [0.8539886190210998, 0.6835250336177305], [0.49573535569594, 1.0557799642505814], [0.9396673259869047, 0.3626349459318704], [0.9308631821487736, 0.38866222938689454], [0.7836151918606804, 0.7463540930115631]]",0.032939,15.10
DTNK3,MGPSO_feasarch_archsentry,28,91,0.007762,0.010879,0.513915,0.010053,0.814595,5.0000,100.0000,"[[0.9468312938599108, 0.3683219317382951], [1.0331711271157245, 0.2515473346879631], [0.5791081520624635, 0.9780312351717872], [0.5191911123189926, 1.0017198798399607], [0.06538965209212894, 1.2240548471745625], [0.5608696091203045, 0.9783295747477734], [0.7952905928899322, 0.7265078843275734], [0.13139012557692245, 1.162616766457129], [0.9801852998468352, 0.3262566438811902], [0.4990302632085338, 1.021228356884505], [1.003298821582274, 0.3018244531698742], [0.8487601493569532, 0.6925884155788198], [0.5515322181958585, 0.9797615218186277], [0.859621597456324, 0.6899989030624623], [0.68500748250312, 0.973038869125207], [0.11988364765180767, 1.1748741309396813], [0.7053164588641491, 0.9670092580075746], [0.15422309493750802, 1.158137199987444], [0.7975337486232368, 0.7239405526925857], [0.20928281379927166, 1.1298558071682614], [1.0146651027879707, 0.2805845301014116], [0.48667503252779626, 1.0649793885507493], [0.10814955710227495, 1.1876866283046585], [0.47327413641581495, 1.089477816509457], [0.4885253548628677, 1.0442557815543314], [0.533932410937498, 0.9882829480366317], [0.7776454242462094, 0.753274198044656], [0.20763564697184012, 1.1305892915246338], [0.8056431152496024, 0.715254319808122], [0.08027961420247504, 1.2135620437609653], [0.7731358709325864, 0.8195807169008837], [0.8612880870919568, 0.6818771460322786], [0.8867220199959298, 0.6727626407108519], [0.6292347829961841, 0.9731886803268217], [0.9354437801582209, 0.38430880230795295], [0.9867060258892656, 0.31046396696052664], [1.0134624687892488, 0.28988043758037807], [0.7925066959249529, 0.7399467723104611], [0.8088140277725069, 0.7080410862432684], [0.7764439604304985, 0.7646040505517353], [0.8231437895140099, 0.7062465611102693], [0.9268683185246558, 0.65279119850239], [0.1605993997644447, 1.143188397382482], [0.10262670216167374, 1.2073963952964022], [0.9367854003739389, 0.37092844124728785], [0.17086072243336436, 1.1383967498321603], [0.9067069438302066, 0.6612152600968133], [0.8484296080314847, 0.6926674975318768], [0.9700374262263384, 0.33743485824660147], [0.09780115151403132, 1.2086944774194615], [0.9838195522174324, 0.31393239097105347], [0.0947980470447347, 1.2128438204074274], [0.1558288017972682, 1.1514743151127098], [0.7393841280989901, 0.9578985770835882], [0.4699166912839866, 1.0956596728864372], [0.9716643161711789, 0.33490355494402513], [0.20140225577422194, 1.1335375548031263], [0.5458393044540859, 0.9846740205404603], [0.11276406093327829, 1.1822689771370316], [0.11768658008913446, 1.1791114713314808], [0.7694675412553865, 0.9101963838060436], [0.5157052776561863, 1.0085028569671124], [0.10663021891085145, 1.1964987873508628], [0.8200645955365462, 0.7063621191247991], [0.5100802991611613, 1.010431514872537], [0.9513512391700889, 0.3485054503359742], [0.4646874838940676, 1.1109359952827718], [0.8267843700962463, 0.6968041927860666], [0.7380440655758066, 0.9618477778893453], [0.9346898595895283, 0.38844417907783485], [0.9922944459101559, 0.3064935726500585], [0.9455492577385753, 0.3705864367033814], [0.05888502580974885, 1.2345453505071788], [0.5061609432529779, 1.015837043771379], [0.9819076594034972, 0.32288626265203724], [0.04521549243459451, 1.2390570296875105], [0.4606440592548261, 1.1185604811769345], [0.48629151713285773, 1.0835845856778326], [0.15594555804419782, 1.1433344340510307], [0.13419093000339177, 1.1623300637132534], [0.49563632985675865, 1.0316155969457532], [1.019325063236423, 0.2745822111074908], [0.9307618312896764, 0.4096587943028004], [0.7166505166496433, 0.9634213492348773], [0.8795662723050652, 0.6751349030909044], [0.9208794001495366, 0.6557651064906187], [0.7985823177896278, 0.7164963471149643], [0.9611160432780914, 0.3419182668776251], [0.19333060931018775, 1.1356277288615018], [0.9987769211708994, 0.30309460385964726], [0.766531083234356, 0.9559955374942439]]",0.040970,12.44
DTNK3,MGPSO_feasarch_archsentry,29,100,0.004945,0.008553,0.831846,0.005963,0.764739,7.0000,100.0000,"[[0.7602495115356662, 0.9153050249383055], [0.8403357943224422, 0.6901776474246512], [0.9301880513538013, 0.6515767490384152], [0.7546210089989732, 0.930473186468268], [0.9318050570511874, 0.3828627758071347], [0.5296000442788457, 0.9946977938788177], [0.4719827276617468, 1.0975741943295678], [0.08304236840852756, 1.2169348091720258], [0.517867444364498, 0.9984083432890454], [0.06447722577977494, 1.225809609001929], [0.7517922823011592, 0.950898486010548], [0.53482575611756, 0.9878505145356626], [0.9809925550231491, 0.31723858257513426], [0.7226407062216287, 0.9683744081694967], [1.0170506205957417, 0.27596406275551494], [0.07314470279639487, 1.219281996697968], [0.5619373793331846, 0.9818248053592296], [0.1696406176580351, 1.1442012630043608], [0.7957961625690518, 0.7210284406170233], [0.8885179325441649, 0.6736246775048337], [0.0587554144787973, 1.230322932322567], [0.9466964561442994, 0.352773588673605], [0.1345164154431115, 1.1624421506559544], [0.7777357162389137, 0.7683793790539932], [0.14192620923145532, 1.159256818931804], [0.1115701245776164, 1.1874324843958874], [0.9447572718127104, 0.3599437631792039], [1.0069203676896072, 0.2874800508905024], [0.7598277256310018, 0.9220829661996663], [0.9313600532813364, 0.4015801053837035], [0.16034606118667752, 1.144471553927276], [0.5472829288986815, 0.9823145025598454], [0.8546836696248765, 0.6875400266526879], [0.7774740102722875, 0.8011365187245025], [0.805655266961697, 0.7096581636604797], [0.4978126067458671, 1.04082638959377], [0.9909219664432392, 0.3025088954168714], [0.9134342816513042, 0.6572475779399457], [0.45383351555054474, 1.12314168941963], [0.04804944999297194, 1.2371233751127697], [0.7731081497896231, 0.8262952769033045], [1.0023261251987186, 0.2936282431493861], [0.9693903646509117, 0.3326061730237972], [1.0372990833331208, 0.24469881514691894], [0.9951914708796821, 0.2981685659100816], [0.2067062517576828, 1.1306179629921493], [0.6899796456706844, 0.9730383284253181], [0.5041669553635622, 1.0166563604496488], [0.8348917560266843, 0.6979890691515449], [1.014690266639363, 0.28178722518825855], [0.127274283718966, 1.1752239279714378], [0.11042526867980673, 1.1997651807146599], [0.0917592510180712, 1.2055310708973332], [0.48769597669624826, 1.0478633468773302], [0.9066218637542633, 0.6624465935397024], [0.9839303754994789, 0.31003490295883834], [0.10093380035501577, 1.2033022214416396], [0.9363690794641978, 0.37241021779063527], [0.7787111366969567, 0.7521363824326155], [0.17076452828697553, 1.1378109459808128], [0.9508244099443528, 0.3481710212846346], [1.0266388232448391, 0.2633825618081612], [0.9731302351470233, 0.32468500064441064], [0.768860183385253, 0.8955042957622021], [0.9432811501269673, 0.3654653886840521], [0.5102451035445658, 1.0107842321759088], [0.15187428883048762, 1.15619003649971], [0.4743885056254931, 1.0899429762956843], [0.5714561629697094, 0.9765842744991817], [0.79379175177184, 0.7332548849134046], [0.7837341016342357, 0.7382095512743667], [0.8785212810149546, 0.6761422505078316], [0.8952127835432712, 0.669909782529283], [0.8665621600607164, 0.6821445678708817], [0.4794933343477064, 1.0671383826226344], [0.4641059128968406, 1.100797957584989], [0.9308588223657757, 0.40301910602980195], [0.8216132925361075, 0.7013024774542005], [0.503687443523153, 1.0386895349972654], [0.7718605936202945, 0.8726975513868456], [1.0221911296784958, 0.26904670349079973], [0.18241337388981715, 1.1347125743172228], [0.9663202190689788, 0.33360378558702464], [0.95604929757763, 0.3392989974142283], [0.799644986614872, 0.7165866493697088], [0.1294223373917087, 1.1653145318704656], [0.1157075898855286, 1.1805941489842442], [0.461887792988624, 1.1155620529098973], [0.8765088257453272, 0.6802539512613194], [0.5867494857849771, 0.9742775243818933], [0.08752904728771012, 1.2109378172674934], [0.7334356576300127, 0.9511059588379884], [0.7529772469069944, 0.9399194990897506], [0.15336675676213324, 1.1486853586863757], [0.815982458217567, 0.708160818323786], [0.9036773967042002, 0.666833255017659], [0.6960592502914739, 0.9715885314168016], [0.5140721931831218, 1.0057538745482864], [0.12050780606338157, 1.1757859398743276], [0.45479973616839164, 1.120463551263515]]",0.039688,14.00
DTNK3,MGPSO_feasarch_archsentry,30,100,0.004975,0.010031,0.841591,0.005059,0.758108,14.0000,100.0000,"[[0.1979675322690433, 1.1299300019739553], [0.7267244043627409, 0.9562900757338961], [0.9187337461513976, 0.6560572694310056], [0.4698795454263648, 1.089896299198407], [0.17797981233138863, 1.134965387094573], [1.0232014427033558, 0.2706151747713949], [0.8244032802033792, 0.7018051193450943], [1.038647070818569, 0.24590885433995682], [0.15758570693237078, 1.1430877311270504], [0.08678758399120101, 1.2086521795659269], [0.06567815933573645, 1.2291276282364254], [0.4543405950860994, 1.1262486976323314], [1.0382646556418682, 0.2578299534460934], [0.6851849674631425, 0.9706437457845016], [0.868202888906805, 0.6826719552021123], [0.8868335588445765, 0.6724531756351411], [0.8279673598347883, 0.6985648400115356], [0.9129136776379834, 0.6585861673695279], [0.1131959968840735, 1.1808311943976233], [0.13245052524571851, 1.163901257356401], [0.6973487865528444, 0.9703933045906885], [1.0133283720328494, 0.28215349640775783], [0.6058640207060716, 0.9749363665955797], [0.5177800529013002, 0.9971578077838894], [0.15216203756466776, 1.1478460932538443], [0.8981558622125527, 0.6683812036143157], [0.780270764085127, 0.7451541268463748], [0.752788986896328, 0.9357283076937231], [0.4911899649360345, 1.0538112969869677], [0.792408499435874, 0.7288028566101108], [0.7730633424065365, 0.8572968560144045], [0.09339417102503231, 1.2011930820320187], [0.9755782822498159, 0.32140875533684093], [0.6326347870190929, 0.9743671040021267], [0.941347201796159, 0.36476869773070025], [0.7829194941042975, 0.7391330940083676], [0.1866002730518484, 1.1310129091858263], [0.8078466128685493, 0.7099358715060549], [0.9834884611051649, 0.3144906495992341], [0.8050503284326577, 0.7158649213695558], [0.9916821525048118, 0.3107284865152059], [0.04737027766775908, 1.2383312628647447], [0.47783425655015704, 1.084648767224195], [0.7077383769467375, 0.9645116202193498], [0.6744764382339404, 0.974244739946571], [0.7322216762451281, 0.9512853245593964], [0.4594342995466449, 1.1168778128490764], [0.9502777317274823, 0.35010002307698185], [0.05691714593308738, 1.2366934581544549], [0.8478721674583125, 0.686423373999729], [0.7576516620643474, 0.9217025965713723], [0.9599636239966576, 0.33600641229981926], [0.9687349847044787, 0.3280657231917624], [0.7649012345931032, 0.9176381814295276], [0.9223837871863376, 0.6532714141057083], [0.7440362021964237, 0.9395699296392002], [0.7041961420881994, 0.9681603761330291], [0.8006192689877609, 0.7181571153659294], [0.5061997567272241, 1.0228284113737136], [0.07001160191274075, 1.22166249511182], [0.05951699133104909, 1.2341486244973685], [0.4558070138809852, 1.1249349113084615], [0.07984682607685595, 1.212096164692575], [0.12284416087995609, 1.177968442465125], [0.4673411723058071, 1.1124132685181214], [0.5381408977318348, 0.9852462145854552], [0.8693147927384868, 0.6801840028751365], [0.49449472122360916, 1.030698612717133], [0.9499875310042594, 0.36152487808134254], [0.13741192298622665, 1.1577653359038527], [0.5633755782733303, 0.9774742233666236], [0.5028357478631005, 1.0261845168133246], [0.8865566938400162, 0.6778238382901618], [1.0305113458229296, 0.264718381601488], [0.907681017490714, 0.6665107706332736], [0.9319922998892058, 0.38549456369428464], [0.09995604490537897, 1.1936667781171495], [0.9298025329200006, 0.3966307259090841], [0.7253566493231827, 0.9591622342408554], [0.9955994330091802, 0.2978466636629539], [0.16467657892462353, 1.1419173766504038], [0.1285183613841978, 1.171662341167579], [0.7795097738904531, 0.7740925503452825], [0.10550363670404667, 1.1899895062846444], [0.7681442019762976, 0.8895562118778151], [0.8145485672894983, 0.7048004447114862], [0.5127805996997145, 1.0152923189062757], [0.9356629164274813, 0.3765861221892228], [0.7734206034264172, 0.84828904917413], [0.9391459754329957, 0.37292555587368714], [0.5530878723118043, 0.981146035188271], [1.003736884790554, 0.2901041745233198], [1.039088439735163, 0.24271408196288524], [0.5273249475509507, 0.9938416872705433], [0.47895769261423743, 1.0697223359053274], [0.7735265071998172, 0.7902174550533363], [0.09854829132191073, 1.1977040165394475], [1.0165111157751734, 0.2761782609088723], [0.7669844140274577, 0.895707787588605], [0.4715843082873174, 1.0867671540270836]]",0.037166,14.57
