problem_name,solver_name,run_id,final_archive_size           [archive solutions at the last iteration],final_igd                    [IGD of the final archive],final_gd                     [GD of the final archive],final_hypervolume            [hypervolume of the final archive],final_spacing                [spacing of the final archive],final_spread                 [spread of the final archive],final_feasibility_pct        [% feasible in population at the last iteration],final_front_feasibility_pct  [% of returned front members satisfying all constraints],final_feasible_front         [objective vectors of FEASIBLE front members only; for honest cross-algorithm HV],run_time_s
BNH,CCPSO_filter,1,100,0.421537,0.272274,3636.093152,0.634066,0.360522,93.0000,100.0000,"[[0.0, 50.0], [70.97113034708144, 8.174585843021578], [58.03417771650196, 10.645513718737057], [38.016030868713486, 15.905924304539065], [23.936123461889522, 21.391779245825937], [28.8971211940408, 19.215056144678346], [52.84333287324058, 11.810227499303071], [30.313038339043977, 18.655979970595343], [34.839180605456605, 16.981675379164045], [36.44732385282917, 16.44060485879433], [68.99575267217324, 8.514781302611912], [72.94123950159927, 7.847371288509845], [51.24034145854529, 12.194348917268321], [92.65940894002117, 5.528630008265675], [77.04346144793033, 7.228279824779094], [33.32030630302944, 17.530556619397515], [19.63154836046473, 23.59105589110355], [20.68213982920084, 23.0145687853265], [15.77890673815945, 25.869818154983527], [56.25488316353524, 11.03723521728121], [41.28242484114931, 14.899448233095278], [90.35794521901491, 5.725565861108932], [59.79711191974433, 10.269747083183113], [104.72039725060965, 4.731215958993278], [12.152859881927156, 28.399200236812007], [31.77858557144056, 18.08676499954879], [102.24077242008917, 4.8659759421104445], [16.667643418818145, 25.300518309289828], [10.505066402162317, 29.722340611951036], [3.2508562229853935, 38.06524464040545], [83.53731093820875, 6.410674411250076], [8.858241247953746, 31.173711233824513], [26.346206997732455, 20.300805103978313], [48.25436875423442, 12.968957330342977], [46.642776782145845, 13.373333098672273], [5.696546798703186, 34.570970946100715], [43.14903241579425, 14.461019550704457], [39.6802440327175, 15.409030722114112], [44.78564109046931, 13.884526890526686], [2.460695445164689, 39.52394632192413], [49.70854112886933, 12.583637997123715], [88.09104992880569, 5.935697649769537], [61.52934230539199, 9.942839185395599], [18.60924804600895, 24.15629398304759], [5.182423435414618, 35.202342062120934], [4.743023475537317, 35.92338117036924], [4.188273154270621, 36.6007418507545], [14.896020032977425, 26.433036651217137], [25.130478394601777, 20.84223180966092], [13.024197568788999, 27.754605434551227], [74.96638749177592, 7.5300655536639525], [99.81192210681422, 5.011798112178625], [17.620796911754532, 24.73911282726374], [1.8229815602800308, 40.9085448423958], [117.16627999905006, 4.2454047914315005], [63.239329617442976, 9.57849576098912], [0.27877930223052033, 46.39948650855922], [122.4001442949988, 4.124197110101394], [2.842254645669664, 38.789557450712806], [114.66078743790251, 4.319738400377894], [11.319747806308076, 29.043738910869948], [109.58842812392116, 4.505258118884778], [85.81916002063191, 6.1634454499303075], [0.0712650074349352, 48.163135463115125], [133.22772740084326, 4.004871193265841], [1.0035885019690363, 43.250218701121696], [119.76620218351255, 4.179611616372389], [1.266831006060094, 42.43664538852042], [0.017669640860238228, 49.06892070339727], [112.10762891720512, 4.407064004799338], [3.71368205172539, 37.3065545151619], [0.5916333279702316, 44.797979633502855], [6.215179764192276, 33.93010926623798], [95.02925902053676, 5.34206419609945], [54.62084264044593, 11.406275560328087], [125.03975947713077, 4.079499145098383], [27.601136352318353, 19.75141361875604], [0.7965989048582592, 44.02260251146954], [9.64448382106985, 30.46841416441877], [97.37257529755755, 5.172818545692267], [2.142503555329571, 40.20555715420825], [107.15734418447441, 4.611929717470793], [6.8033730815453595, 33.29243542236016], [81.32472120314202, 6.6693617212947265], [66.86960962662678, 8.898289175970572], [13.895221106489391, 27.157083285231614], [21.829074213276066, 22.434311887656662], [7.469287299117779, 32.60962464062231], [8.219416584194207, 31.783259246768043], [65.02976371108282, 9.241533825171539], [79.16061553461495, 6.941784238184669], [1.524560275628387, 41.65489313990936], [127.72632264270013, 4.044650647700686], [130.46261584174263, 4.019713841496032], [22.94347647477389, 21.881273349372904], [0.4160879165742358, 45.58693910257357], [0.15346494811340244, 47.268360170081635], [0.0, 50.0], [136.0, 4.0], [70.0437124733534, 8.331662151135355]]",22.12
BNH,CCPSO_filter,2,100,0.418724,0.293396,5780.580322,0.645330,0.341292,93.0000,100.0000,"[[41.2648780795426, 14.89514978144841], [136.0, 4.0], [0.0, 50.0], [33.20982310478503, 17.630741438687664], [16.06497042659714, 25.684821386812235], [28.32287092095067, 19.462873808195724], [29.55247836063954, 18.948889340511986], [30.75605513537124, 18.501515404967627], [82.87038886727498, 6.486621161761908], [53.31216137346155, 11.701818954102501], [105.3385127902364, 4.699753155643699], [44.39236188879303, 13.991141420633216], [59.62211195896401, 10.309475727572575], [8.726762498921218, 31.29567338678864], [19.897867714304567, 23.432546819701045], [23.346516429605238, 21.683298371527613], [76.44551051257707, 7.312985171694102], [20.98159843020682, 22.85662486054141], [57.928196156473795, 10.67591582390828], [8.005340668371494, 31.994740742116683], [14.089540288735773, 26.983461397214523], [18.89713165802297, 24.009159527500863], [31.9055365747799, 18.043620697344046], [110.38193237145792, 4.473002768949344], [107.83273374679601, 4.581086513126002], [51.76413271062113, 12.066614571347781], [45.97325116019244, 13.60077484330486], [17.01140258729329, 25.110524577059316], [78.54813795601576, 7.0225676238167365], [66.88242538437676, 8.908127186457879], [34.37490097416407, 17.14966951223977], [56.43942506568139, 11.02333837738076], [80.68679629531309, 6.747607352693542], [132.9523693445712, 4.005895212570507], [1.746987877509952, 41.093092443509505], [12.130783986316768, 28.404679598241458], [61.39197491684732, 9.952153653918101], [85.0895003466803, 6.240425259876141], [15.089931603057627, 26.304430701516814], [9.492889360593326, 30.587008751717136], [35.57453573655282, 16.725016597776662], [64.9344357652177, 9.254634739782901], [63.12925231300656, 9.602144333493134], [39.72327005975941, 15.368979126729684], [13.112066131819162, 27.68763534731007], [17.902712050376472, 24.56932296404257], [127.00770388008337, 4.052946976733321], [70.63868771613382, 8.232351410451654], [2.9043002027794915, 38.74186622951602], [54.86742565723551, 11.343213867458045], [25.857988923175547, 20.512588062212544], [98.22098418970779, 5.1151065352156], [113.03171119809693, 4.374072226518535], [42.86421798847928, 14.441163601152407], [47.42277032237238, 13.166908342519465], [102.92166253455913, 4.827584883629603], [11.19984561736613, 29.143772599733126], [100.53880079891614, 4.966677843968184], [36.961299546665614, 16.257740135938075], [48.8959825981068, 12.780547179481552], [2.095100448629859, 40.30483215851932], [24.587854174407916, 21.124540232741452], [74.45355379896054, 7.607923689894759], [118.48331001465203, 4.210666191834344], [129.9606876231644, 4.023511296882733], [2.4753963190180075, 39.499943235164324], [68.7098719301124, 8.566746069653226], [89.43090785821346, 5.809502705974995], [87.21070083710023, 6.02184904598607], [72.48159869893269, 7.920400213254414], [38.306632883520805, 15.825385725130221], [115.71693047939726, 4.2870635194916185], [95.94803574346497, 5.273950498349008], [93.79244714116194, 5.437439882138753], [10.339471382490512, 29.88654467200952], [50.48831955050426, 12.381343060957107], [0.35107031312867676, 45.89937758904385], [6.111263508236069, 34.05278597402419], [121.26173415583843, 4.1467931659102755], [124.10410405067528, 4.09413279209991], [27.059279184589748, 19.98474158701747], [0.7139635689808967, 44.207443147057475], [22.165594504644325, 22.300125402187884], [0.5233562703683077, 45.015477840890895], [4.895663818241191, 35.586981857350935], [0.9351837847695437, 43.39760587725986], [3.8408544426266147, 37.120217087019874], [1.1842856323207644, 42.64489544865182], [91.5946622200234, 5.617751463468543], [0.0238876322338089, 48.91600586375697], [3.4683853373315623, 37.91088389007166], [7.3731370190462435, 32.711249755953304], [4.392171843193934, 36.28860741675214], [5.492717552281958, 34.82415808017024], [1.5162459223822382, 41.85407432686436], [0.101458015786978, 47.822310119725984], [6.786358070390209, 33.31173457087566], [0.20033363703625406, 46.9017485056995], [0.0, 50.0], [136.0, 4.0]]",22.48
BNH,CCPSO_filter,3,100,0.415139,0.154300,5181.936862,0.645492,0.350486,93.0000,100.0000,"[[0.0, 50.0], [55.72061110259449, 11.172598348012588], [61.445165124154364, 9.947642382753138], [57.57692261034799, 10.744934355288478], [29.689358839775707, 18.893875692406105], [28.34642920241383, 19.4394360224578], [37.697674526780915, 16.035598980430965], [35.00822899065184, 16.93095732916002], [2.456131706696138, 39.53230911247705], [36.31895176966321, 16.466513420627642], [53.725766983505366, 11.618278124274582], [59.44643647323495, 10.344442480159229], [39.03556603472041, 15.595752365050833], [2.8361621970322384, 38.8225894954336], [33.7369131859398, 17.374540073267532], [90.74707819245107, 5.69113528119856], [48.26172715107794, 12.972497798765065], [51.791512123408666, 12.060010800590538], [71.4779503710717, 8.087802629072662], [20.580126719266598, 23.067913472359074], [23.267435707157112, 21.725953701509383], [73.53610126330469, 7.750668797438946], [113.47661647326106, 4.358752940508143], [69.44736899299232, 8.435967718421114], [88.49230385112148, 5.897289618271063], [43.450112859828394, 14.335598113309917], [40.36834333819371, 15.173703765529968], [25.742117957674203, 20.559759964905474], [14.151754204018147, 26.9448575873645], [50.06420533656897, 12.499686424522336], [86.30126962559278, 6.11362341640641], [17.266086130454497, 24.940088684668893], [44.88510596719153, 13.854151513476854], [24.46020989018436, 21.14806605032326], [18.34090605021712, 24.302954476925795], [75.58792544740459, 7.437768241750449], [31.00238023435574, 18.38489045737982], [65.34431361972351, 9.182505053490866], [5.7983606640179115, 34.44806889972833], [11.462903275627346, 28.96578950200407], [27.049452064613085, 19.994122432090105], [2.115369830873048, 40.24450960330036], [108.9148440390136, 4.533616432327529], [10.634766763512683, 29.59992074993898], [4.6404576999145775, 35.934941915482305], [93.01696331344837, 5.499451955475924], [3.236229894305899, 38.119270174358874], [46.44192100076865, 13.425352842653588], [13.182652008510487, 27.664880953447295], [102.05846497847425, 4.876436850582512], [125.5747814648703, 4.071718055228577], [120.55774385185384, 4.1617936104423165], [111.17547406817664, 4.441972921760025], [99.77559850740663, 5.014086671051755], [6.393052139940686, 33.72401029960194], [5.200220091127885, 35.1752998919134], [8.47622800655644, 31.559736105460786], [104.36128767174435, 4.751791511454812], [15.150077819785752, 26.276011752969552], [106.64447694962806, 4.635984808821287], [9.229052446476647, 30.857075753826216], [7.06146129370671, 32.98584951772889], [84.05405978229925, 6.3774970740826], [63.288412665369854, 9.570122777355088], [118.17831367278994, 4.218450833549924], [7.775779071379719, 32.232833752463264], [67.33588402683955, 8.811589724663657], [0.8187018347881532, 43.81016589705129], [77.575383801079, 7.154357818058732], [123.04906742527267, 4.112221994262389], [19.484540569224993, 23.689088876519108], [0.6137080615456583, 44.634858357085186], [16.217871665648694, 25.578275529442205], [1.556152924710347, 41.568483056907354], [1.3087644411882349, 42.24138942259957], [1.813152349744795, 40.93394092150296], [22.12567482060794, 22.44137701023533], [3.6675158629885414, 37.39767366410884], [97.5537218923028, 5.1603404442765655], [79.49695979824148, 6.898127459516354], [9.898976818588837, 30.231048674009948], [81.77296128484429, 6.615381504532959], [41.85271915062896, 14.741278307573936], [1.0592069832268578, 43.00910584125288], [12.296477845066253, 28.28040933183102], [0.4466654018967132, 45.42809302333196], [4.206429208621628, 36.66465952620338], [0.32859468623249577, 46.067735696627615], [95.25926974712974, 5.324796084771685], [130.9920896297574, 4.01607969278929], [32.35694783744961, 17.877570761773512], [133.54110723498312, 4.003826031408567], [128.2181102142568, 4.039397069971635], [0.12474042507808195, 47.79231256122529], [0.21053750769369536, 46.84624810368686], [115.80949174887488, 4.284293800973428], [136.0, 4.0], [0.07550592684998816, 48.64495939132833], [0.0, 50.0], [136.0, 4.0]]",22.34
BNH,CCPSO_filter,4,100,0.409257,0.184532,5112.366027,0.613617,0.329575,94.0000,100.0000,"[[0.0, 50.0], [22.56902192275319, 22.049876292776773], [26.086027264896558, 20.4154567601274], [23.696145936722928, 21.514570455877653], [18.350018981803224, 24.310417754571226], [63.01477902471302, 9.653473536124576], [21.5770293796959, 22.62366389130957], [51.4068521502804, 12.158855885887673], [48.339471845758894, 12.931292459420764], [57.877049225945306, 10.67481682100962], [34.81256692395003, 16.98653011429766], [52.965547752172554, 11.792014629021955], [61.216560877360315, 9.979541652293884], [87.01515416275198, 6.041341773926137], [54.655997913187115, 11.402290880916196], [40.56484361887847, 15.106235700178232], [15.353687717831123, 26.133756289624973], [28.506782305353433, 19.387480255827505], [29.71855723207532, 18.88524978765343], [13.573152601893092, 27.34469326934427], [33.53622623908745, 17.453206562579588], [45.34466667129708, 13.724168370422722], [20.4675070533847, 23.165383821603506], [46.79831000372188, 13.327494498073897], [32.24329573369967, 17.910760276485263], [56.25829556894273, 11.027659274104678], [59.5471457476005, 10.32175204034251], [19.37946744713416, 23.71803738384913], [42.231642623898864, 14.606820890015015], [14.4593071330168, 26.72929986351346], [49.89613764450594, 12.526350770898521], [84.78951829302478, 6.272632511529041], [43.85986850131863, 14.146653142677874], [108.13067000005732, 4.567779062607209], [117.9011427625448, 4.225660619663292], [78.43313473112171, 7.037923410317324], [91.64015962072261, 5.613874009500903], [12.746024149882025, 27.94580828650101], [112.91198877929769, 4.378256950640053], [11.915034231942487, 28.590427757297284], [123.01209132028654, 4.112886863211895], [24.89899104155189, 20.95443674314708], [16.28897337807373, 25.540535164307002], [93.96306041252792, 5.424027518815695], [103.52365177312694, 4.794524755365125], [120.43778637139904, 4.16442880762112], [37.67052434159738, 16.021738038446262], [110.50564446794726, 4.468085017627012], [17.28006088212942, 24.926801442521317], [82.67917785784525, 6.529284289018941], [5.51068501010899, 34.825174085502695], [105.79740503837921, 4.676930621577184], [3.876651275992035, 37.066224638509176], [98.69931417263552, 5.083379285574384], [71.01841096360042, 8.166424796153144], [11.120739502777504, 29.199831791721866], [4.376831783615602, 36.30792044278279], [2.9998219026998605, 38.57229079152445], [2.564465773037708, 39.34741431228949], [36.129638053102234, 16.52979515192981], [4.909619146254853, 35.583352563268164], [66.59823389557631, 8.944235067790052], [27.256742244366684, 19.897770875774263], [96.31119488906296, 5.247657437091744], [7.596864262769335, 32.4120781221863], [89.31015780196195, 5.820636746357277], [3.442651344446629, 37.79508508474463], [68.71711325129604, 8.564143139505948], [125.47741756741026, 4.073102540513895], [2.21056907156498, 40.04054480935707], [10.132508617580058, 30.081866682186153], [80.50167176134258, 6.770631266852563], [115.40601901644446, 4.296477255397668], [128.05706706202443, 4.04107970699799], [1.3243512176083645, 42.205341813666394], [8.43550201757967, 31.57857984293078], [31.034410723551783, 18.382275273560758], [133.4354052591284, 4.0041642883384005], [101.0855087140489, 4.93358202494412], [9.30515659905228, 30.757251267547268], [6.259569025117553, 34.041976004298775], [76.04719579647241, 7.370372070549395], [1.0720471585830635, 42.96464446680185], [0.507352390764875, 45.1166983209898], [64.75971565202587, 9.28663386018299], [130.75354578369206, 4.017669946242209], [0.35356531779810574, 45.9070873364974], [1.5919127761836804, 41.49159480333995], [1.9004625688123715, 40.72714015752486], [74.29315030520455, 7.6325578235930776], [39.15108045464862, 15.56559788295191], [0.13315126543510242, 47.650757760125074], [6.89108689804575, 33.263161070828104], [72.36987658826517, 7.939075158262191], [0.21089201431682875, 46.81137549983488], [0.7511172846087313, 44.06778145954673], [0.0, 50.0], [0.09149466181514992, 48.51046943860875], [136.0, 4.0], [136.0, 4.0]]",22.80
BNH,CCPSO_filter,5,100,0.423360,0.293298,4923.644126,0.601265,0.331915,88.0000,100.0000,"[[0.0, 50.0], [13.400539413048193, 27.477601292783568], [91.7114556736666, 5.607810437189362], [54.241723253863924, 11.483100027097741], [52.55599103695144, 11.878552855228449], [16.233981827450293, 25.575236125543757], [74.2761070534628, 7.635183220466443], [77.91403229411196, 7.107984331197238], [56.01119811154028, 11.082791459622964], [109.16705889337649, 4.52289201977135], [50.94518792166729, 12.266657759926222], [81.5240670027382, 6.645254197150132], [70.68444427645312, 8.224360706614398], [17.26632639258096, 24.94780108058385], [24.625667815880178, 21.06860528720769], [6.851815209902667, 33.21681353728052], [98.01534246440973, 5.1289253100427725], [8.228350639412941, 31.775580045033408], [4.4677680447699295, 36.18248317173878], [11.552285142519528, 28.88136462672738], [12.425833426972703, 28.181474504191147], [21.20563938925675, 22.743764700095873], [18.263268370867095, 24.359076037405423], [72.46297703148335, 7.923453424164897], [9.811106902630506, 30.310693894748617], [14.324094162787233, 26.833641961987944], [35.67538499193305, 16.694259386348282], [19.231443928311663, 23.79912345626643], [25.819632699571816, 20.544984365568737], [37.18153144974566, 16.178731328918488], [7.518039301180988, 32.49363804662472], [79.70337645206371, 6.871579466807374], [3.9578940096201554, 36.93414357560793], [67.08231410404801, 8.855855564736133], [100.18083767035796, 4.988737509058292], [49.30502558007686, 12.675569660807152], [87.46894333552291, 5.99630633117516], [26.969639037041222, 20.022098796799497], [9.032567181693413, 31.042783802435768], [38.8271614562966, 15.675126096899815], [29.27271308117942, 19.060912883657522], [68.90578307250021, 8.544664498257847], [85.43501040272221, 6.2037350346480284], [57.840043451258005, 10.684227815320211], [23.432347917265467, 21.629193816915496], [42.12903109913006, 14.63701022967349], [40.38191150859706, 15.17131312308732], [63.488957353099345, 9.545969032164884], [15.282326342432427, 26.187032959331866], [34.235540427037705, 17.185424320197257], [6.198228828411225, 33.946778099285744], [95.87601226120728, 5.2792071685775515], [3.513760818365948, 37.69564419290933], [45.87139062170951, 13.587394212903956], [61.55173095453843, 9.911933209308064], [116.45942358510601, 4.265267385035396], [10.696948164836058, 29.585707032536316], [31.71733988110418, 18.10664700627196], [119.03088496125375, 4.197078970572071], [113.91861317395214, 4.343893083100772], [5.5881541493000135, 34.68162558832101], [3.092870648093565, 38.395376789145466], [20.214169000793383, 23.26436914792989], [22.35658370918855, 22.158014124328187], [106.88382250369176, 4.624690202582903], [44.213256290137224, 14.099895981843114], [89.5779139540129, 5.796010640103854], [76.0755673605902, 7.366258710899756], [111.5135545454782, 4.42912093670682], [65.30066216775992, 9.222976351858485], [30.456180098367224, 18.590900818394665], [93.78183014280222, 5.438277246049292], [28.13195518149837, 19.54066571739233], [32.972275678883065, 17.67219341157358], [1.331047001922575, 42.17664161225446], [59.85370889543571, 10.353710166072275], [5.012143809390762, 35.42754663814391], [83.49593904138797, 6.415335976120133], [1.7641341816260265, 41.25805653164551], [0.21255868725961774, 46.80474277218589], [2.201264981370728, 40.198581046982866], [2.6362367539192784, 39.18268102475636], [131.02840587793773, 4.015844336041073], [133.55832286634308, 4.003772313173186], [47.73252921937603, 13.155129998488132], [1.0727212414964686, 43.03963185468561], [0.11368799878336469, 47.690333933644204], [102.59641928430946, 4.8457902240040465], [125.08445037868105, 4.0788329351006665], [0.015123067007872568, 49.14908694712901], [0.04955618655343798, 48.46567529545055], [127.83892461204597, 4.043417487401225], [0.37105154076810387, 46.014557465438884], [0.7045305053423272, 44.2467172896804], [122.00536787008912, 4.164126616732688], [0.5011149026140377, 45.17370121231741], [0.0, 50.0], [136.0, 4.0], [104.70897947375616, 4.731804988472704], [136.0, 4.0]]",23.74
BNH,CCPSO_filter,6,100,0.421691,0.280032,5083.416207,0.667694,0.374944,92.0000,100.0000,"[[58.411359747227564, 10.565535966186758], [0.0, 50.0], [136.0, 4.0], [71.48796680766871, 8.085860923217268], [36.23040425137316, 16.497290511596972], [19.572730595231373, 23.64073065344536], [37.41547694519401, 16.104846895481685], [53.3661531714271, 11.68670865429218], [21.556913516992623, 22.628725074086102], [14.100288239897477, 26.973949364765495], [29.878626208502453, 18.85305920812776], [31.22249856773623, 18.311925416509137], [15.844369421863615, 25.816678948807557], [75.49077323174397, 7.451851008697748], [7.084768504718948, 32.96597704895596], [51.57084532106863, 12.113756244885849], [28.529183134260336, 19.364288700769638], [14.958680023621714, 26.393106026204144], [55.06010081349706, 11.318754432980684], [65.58914291801777, 9.131375507227801], [49.773563064323156, 12.568550817140917], [119.63336537532594, 4.182701551881625], [6.4891133560176595, 33.619190936564166], [73.47203469056858, 7.760805806907837], [9.877553966815007, 30.248695722963458], [16.791659630822434, 25.244467219142017], [82.01369287905663, 6.586726417504423], [84.31853310014304, 6.323866451333309], [61.937985997327274, 9.853051110731176], [56.67431307859211, 10.940428169864642], [67.52979138441964, 8.776358924428608], [4.33448383735346, 36.366394039755235], [35.08108143523327, 16.928522103479178], [46.20879131540931, 13.48590380087791], [12.413536731748366, 28.213701757654718], [23.690724220737515, 21.51366342326537], [114.45640967878462, 4.326290981676151], [27.2715455517449, 19.907550211892314], [32.576608148781936, 17.8239821769456], [38.673731925178075, 15.702715573329968], [42.99306490251464, 14.392894621283435], [133.1766046830316, 4.0050538258501724], [8.431361345012977, 31.63721774024274], [10.703764168428261, 29.544391598937644], [69.504941330973, 8.434508824562627], [33.87813898877367, 17.378277400101346], [13.258304377139769, 27.571933662708666], [77.61395216974006, 7.1490495223878625], [63.720410925832034, 9.491273508812906], [9.125944496522806, 30.92795686468496], [117.03466116426706, 4.249038219664846], [44.622731421729114, 13.950244096187667], [111.8880655439425, 4.415138185194392], [0.45450127515012645, 45.36663632298615], [47.97843564277724, 13.016854321464532], [18.633372994917625, 24.158823878678927], [86.71983804020269, 6.0710287341193725], [122.27173644107492, 4.1266441731139585], [60.16158756110164, 10.205892640145986], [3.857300596677165, 37.07674382219979], [11.559660972938058, 28.85113354725027], [109.35101304023868, 4.51515027978806], [0.2979980484538235, 46.214495104772], [89.19483836746628, 5.831313754123275], [41.39186884262451, 14.8568066282524], [4.836570710655218, 35.68239910079404], [124.94103045398037, 4.080981441025758], [106.8289854316815, 4.627267320472679], [1.408334383962285, 41.96257985700822], [3.392030471603288, 37.837304266713346], [5.901622391072143, 34.29760786354967], [94.15833424871452, 5.4087776931983225], [91.68672957694952, 5.60991160506499], [79.76278296009123, 6.863973199809113], [7.73130805592319, 32.29989593323353], [22.562542775528463, 22.058324573821835], [0.6466754789894096, 44.551743910753316], [127.66112628465798, 4.04537289027761], [17.662831234337496, 24.704050574288573], [1.7470823151849304, 41.097859128988745], [2.5029490036486024, 39.44535239589216], [96.67378268047014, 5.22175688901891], [5.353754935298246, 34.99476344601604], [2.101153837026845, 40.2870635616779], [24.803220676034897, 20.98912714348583], [26.037028434692218, 20.430127007078816], [0.07912656717419304, 48.08285434818127], [2.9354155677654163, 38.6379657832741], [101.69925744611828, 4.897275130125982], [40.055652042727715, 15.283082924845738], [0.019891849288995504, 49.03405206872914], [130.3977404124662, 4.020185311547568], [20.533473482534593, 23.118569189294966], [104.18141229434167, 4.759334770065983], [0.17529125389809366, 47.130513363540985], [0.879715286504577, 43.65850120158405], [1.13176069623661, 42.771032140876656], [99.13892550254982, 5.054728385910089], [0.0, 50.0], [136.0, 4.0]]",23.17
BNH,CCPSO_filter,7,100,0.419937,0.254103,4604.645027,0.650505,0.355993,90.0000,100.0000,"[[0.0, 50.0], [44.61783307149399, 13.924310859938437], [41.469572281920236, 14.855310609366978], [49.5030646095316, 12.624871357095785], [32.665274650657125, 17.77246986268675], [19.48014612519588, 23.66205172371053], [30.036346819538526, 18.759005335288784], [98.635313956973, 5.087590842129849], [87.0068369608444, 6.042173762679193], [34.006457354860416, 17.283663028625597], [9.936044740034982, 30.24837854302954], [105.83397947113276, 4.675131111638341], [31.375458430363313, 18.289165387735544], [46.278127943930016, 13.48066131008467], [47.975457132907025, 13.06368435875148], [67.86275304248582, 8.715045652724955], [24.02654986763377, 21.349033010917545], [75.12759429327886, 7.505871694383004], [43.031415199224796, 14.373616521675993], [35.389347254717244, 16.782426256975697], [76.89045956638584, 7.249790662891764], [38.41805562500641, 15.800452402526371], [26.487316139523138, 20.282281329166526], [36.85292102793465, 16.2895135083884], [7.132449970934829, 32.89872379596757], [25.208298873184255, 20.79994079698918], [39.91915552051255, 15.303852022479749], [1.0274184141096079, 43.096512113699454], [52.87684795529933, 11.80117849317979], [21.693141417535493, 22.491049652340994], [8.440635096151496, 31.56706258492833], [10.656855363665725, 29.59600829346457], [82.69894365909849, 6.506423233615456], [7.771427272119075, 32.23064329685181], [73.34491059155809, 7.780986447909571], [60.698180933575415, 10.106578686934432], [51.204664148327126, 12.211922513080175], [62.53624015888616, 9.753817154408598], [93.92024048859666, 5.430316163446802], [9.149362088657156, 30.90150288868958], [66.04528771672875, 9.046111811505057], [0.6106777661001311, 44.62748187807084], [110.78136400613025, 4.45723165164012], [22.855479839542056, 21.915425051157165], [0.4404102043110877, 45.43394285216216], [20.59138358268355, 23.071318250997585], [1.2808712527521307, 42.35504914279166], [0.1626089489802619, 47.19091106828397], [54.881053225595636, 11.385888685599607], [0.8018939093262973, 43.875258751403365], [18.45470880926382, 24.30297167504753], [103.41523635743752, 4.800418133971322], [5.963239916156703, 34.24028916011171], [3.3490313971869043, 37.941539193285266], [12.402714500590534, 28.198469064789006], [27.65993314880514, 19.72695225196278], [0.28338866826262515, 46.307509792400346], [28.840182582719486, 19.23625745626775], [3.8213127380077405, 37.15328604743784], [2.8915499069314166, 38.69886389413169], [14.207298706142012, 26.977521867255337], [71.45398147185585, 8.091872355497944], [13.296773878362455, 27.565712616948986], [89.29616151643938, 5.821930331730604], [1.5324478425389092, 41.634634752421235], [80.67390179992013, 6.7492063825991115], [0.019302034589890788, 49.02737823113297], [69.67266985972049, 8.413592802870193], [78.80832980808117, 6.988045018495992], [2.5150076077899666, 39.44733674248663], [108.25614090333612, 4.562229116170843], [0.07369570073773626, 48.10742014255584], [100.99946885057196, 4.938743173932546], [91.57742198877705, 5.619222369069472], [4.305228043707281, 36.414457005734235], [118.28653423795829, 4.215670820848943], [115.81536841111586, 4.284118460496416], [64.23434080764719, 9.386645461444115], [113.28224680189462, 4.365400797032914], [84.81593885859104, 6.269782684763409], [11.527753966065106, 28.894095557137877], [96.24720604510796, 5.252264653338335], [15.101734790885937, 26.297727268920696], [4.8096838424209345, 35.7044312299206], [5.408008837396949, 34.90815571388167], [2.142479708847608, 40.20477175928782], [120.85428449306869, 4.155378450011774], [1.8321736503187922, 40.907142556994536], [6.5554213333617914, 33.5376937709926], [17.610970543115165, 24.88722890540579], [130.13145761535, 4.022180628160312], [127.06073192330157, 4.05230947605166], [56.798029938697056, 10.90883581522694], [16.343034571937086, 25.523328698081862], [132.69891106014944, 4.0069255312204], [123.98579580596487, 4.096076936451489], [0.0, 50.0], [136.0, 4.0], [58.73206019389061, 10.514189744800802], [136.0, 4.0]]",22.45
BNH,CCPSO_filter,8,100,0.408144,0.279512,4102.327051,0.582070,0.306253,86.0000,100.0000,"[[21.021904754379726, 22.847766839365704], [136.0, 4.0], [0.0, 50.0], [38.004396317316974, 15.910379948865888], [65.66033174758381, 9.118979766771789], [45.02175450717901, 13.810944332514111], [13.796799587440873, 27.189418619558545], [22.163471814001824, 22.25357172560905], [49.87192145566743, 12.553528550680145], [67.31507096637378, 8.818265088507122], [10.205990552537411, 30.00080382897127], [30.352593704977938, 18.639531153892335], [16.728853271338096, 25.282248680772042], [12.871182233161907, 27.88763390883127], [23.33267189004912, 21.67714956803829], [48.20646987830327, 12.95912945745668], [46.607120198849444, 13.378363502307012], [1.9616013515797206, 40.59095410232461], [54.59844527401579, 11.401426572542047], [1.268775534126961, 42.35399600822291], [4.979305491424599, 35.46963161952385], [24.45746385462649, 21.149878015712034], [0.5108663791583665, 45.073677258241034], [11.919131518277533, 28.57609997240197], [51.443091423859435, 12.144402909936193], [62.59485542664842, 9.751906706343728], [84.25268407617253, 6.331095038700217], [0.021517537515476137, 48.968135340403386], [2.365375805372307, 39.719812069787054], [60.98321709916935, 10.043527098084072], [35.24867726377117, 16.847829851545505], [11.037409383129408, 29.279786087788093], [9.33114340567495, 30.751191972152228], [8.523751043907119, 31.48906498808197], [6.298505570797734, 33.847772703174925], [2.799140942616882, 38.871154966520685], [53.0391391066067, 11.762758143050974], [17.727748023271552, 24.662016371570775], [14.76269161022093, 26.532002250268622], [7.014754473855235, 33.03753610805862], [33.98396814518898, 17.27546738999569], [29.128274235067273, 19.120293408764297], [0.3367214688274952, 46.004360150956174], [86.24236110001698, 6.119667212809258], [92.43069454548669, 5.547490414811541], [18.784117230148187, 24.04957604716054], [88.23954412096386, 5.921421715551326], [27.96921845254337, 19.63563383500491], [36.61931150290138, 16.37138192969497], [57.778250190041916, 10.703000503295206], [26.786452726826944, 20.11327622028797], [90.3150238279263, 5.729392384483372], [32.77936092633163, 17.712827656979748], [0.08534767652052436, 47.9563505776423], [64.14717715190565, 9.422253006900046], [59.339574064354096, 10.366248310346712], [133.0459048555659, 4.005536253424296], [19.895210668887874, 23.453976599409714], [121.71242543560315, 4.137603705655827], [96.84041217615149, 5.209970936520758], [68.97395428022446, 8.532012519431138], [101.40883280384075, 4.914344507436283], [31.508684664064724, 18.18985114919776], [99.12825607075206, 5.055418025749538], [3.281561002046205, 38.01110771320224], [116.40631942998179, 4.266794414164231], [76.2968928998537, 7.334306361550841], [25.61171897263786, 20.625044919928705], [7.751117936335195, 32.25430906875665], [103.8013642755027, 4.779549154126603], [78.24875018125607, 7.0626682483859184], [0.98055629309386, 43.24819929382591], [4.387682301717654, 36.28957973439179], [111.22897312289464, 4.43992461709902], [40.69652050715622, 15.069575892263202], [80.19422206998567, 6.8091880182547735], [94.62164315850109, 5.3730247751338664], [124.4787643802767, 4.088115430342424], [0.7381379002381925, 44.15423045202378], [43.57664454622417, 14.21847296386044], [70.71590733253444, 8.218873586312476], [1.6032017971593686, 41.44765855975928], [0.18958925932505508, 46.96855918161714], [82.2064759526349, 6.563946240295088], [106.27913555766759, 4.653457846433482], [108.73072804697057, 4.54152582227864], [5.62920280047614, 34.630571717783596], [72.54823727340327, 7.909490249120626], [74.41725405963642, 7.613486622247617], [15.710819827852632, 25.90043667272353], [56.17518334755211, 11.05973957940813], [113.802441407855, 4.347764239763973], [42.044572551970916, 14.661309000863007], [119.04115859725373, 4.196828796000904], [127.28197163995335, 4.049693345831639], [39.32209074765578, 15.500324857024193], [3.8183881101178914, 37.15726906438426], [130.16027809267155, 4.021959993665517], [0.0, 50.0], [136.0, 4.0]]",22.49
BNH,CCPSO_filter,9,100,0.413278,0.236119,5414.626121,0.566579,0.317659,92.0000,100.0000,"[[22.095682178871705, 22.28848830729515], [0.0, 50.0], [85.21042351068743, 6.2275351326657145], [83.07869872365373, 6.462715210693062], [24.56264214782459, 21.10087883896645], [98.55122712686536, 5.093139907766902], [19.868420078268173, 23.493340153307404], [58.054646362973, 10.638115950956152], [54.68511290034417, 11.401644164509328], [73.07062754481697, 7.824830331818328], [40.52303432686758, 15.135083457883578], [56.28770301960691, 11.021518545209608], [80.97263213479718, 6.712339323594266], [23.413010903635048, 21.72202512501585], [10.636631952398961, 29.6004728238474], [38.93316724609999, 15.61239993890062], [49.7368346748455, 12.578512174887454], [100.81647386634721, 4.94977899046721], [74.95462575168546, 7.531835968797368], [18.838828777174882, 24.051774527949988], [20.93221741953283, 22.88809739789014], [76.90948271539855, 7.247110081334743], [27.10778041410525, 19.978615049452557], [59.888326202980664, 10.25160916278612], [34.808199569547114, 16.994975510778254], [28.388968049004625, 19.43631183067786], [5.489519458540279, 34.8107657416172], [51.32428880103606, 12.17330221938221], [25.788386875597737, 20.54181221605584], [17.865137797252466, 24.57888451594517], [30.94789044393659, 18.440340172889165], [16.908325155704205, 25.15108539059921], [78.90804094196176, 6.9748954404265335], [37.54537411140561, 16.06343425991117], [105.4652593576086, 4.693404166637582], [44.98664243498703, 13.829933446595222], [15.94836107785546, 25.74850390458424], [46.50633102791948, 13.428241237667375], [87.39126500374252, 6.003965661279906], [71.1696518517173, 8.140409720434352], [43.527440045770334, 14.248907308081527], [14.10513862968907, 26.975497750403466], [12.322334710545714, 28.26071271242713], [89.5828618279146, 5.795557729205605], [67.44416923726301, 8.808221297651752], [33.44898112869632, 17.470161301936884], [29.642368907442854, 18.933405148173208], [36.16370291795282, 16.531129943854825], [3.9492207025635953, 36.95360695824395], [52.98567808688715, 11.775476737355072], [14.997086700235066, 26.365930260667717], [4.42740515302889, 36.228789090489855], [13.194733422774327, 27.620479720366138], [6.092959036540279, 34.09086410945494], [32.20983736470846, 17.96973633073642], [42.073239989926236, 14.670995294579814], [61.78236781931699, 9.86604005978241], [6.821723558139889, 33.3524852017652], [65.75997171493958, 9.163642497024103], [118.11523603008705, 4.220080259606354], [112.81414273637557, 4.381696740373271], [110.29040509932881, 4.476660311868878], [48.089255897182156, 13.001007108442453], [91.78106412742503, 5.601905133490056], [115.43305901394837, 4.295651776365685], [7.443116528834603, 32.59425193997441], [107.84496965188512, 4.580536410155235], [69.296648026892, 8.472538123962085], [11.455034594773736, 28.936081059616694], [3.0534172982086756, 38.414612001225045], [9.280436911062525, 31.024075544261713], [130.76914672239937, 4.017563588835014], [3.481686332629759, 37.68264502956653], [133.40217472552672, 4.004273628436766], [96.15124021560638, 5.259194743525188], [1.4827762731651521, 41.775733235939754], [1.850064505610328, 40.94490554448616], [1.1600695422251444, 42.68218158714798], [4.972642901542507, 35.499354489607654], [103.12914611507516, 4.816097386051609], [93.94867380050411, 5.42515530036472], [2.236869671473083, 40.08120210540618], [0.9460261620550767, 43.600628503967044], [0.47391712709847467, 45.25700294440369], [2.6373125523916485, 39.26654877637806], [120.50147216841313, 4.163026889695388], [9.730434859986332, 30.43973842448466], [0.18771251999437272, 47.40262474389361], [125.61661522619214, 4.071127486072777], [63.37017653203441, 9.553151819953804], [123.08040697555198, 4.11166012408248], [0.6511397337407138, 44.549034263143156], [0.28660016725217097, 46.36781264456237], [128.2257229192067, 4.0393184365767985], [8.498512473755854, 31.75125809108488], [0.069346426863805, 48.17397796344632], [0.0, 50.0], [0.020926366182056285, 49.091149922719275], [136.0, 4.0], [106.33850141602983, 4.650599367933264]]",23.09
BNH,CCPSO_filter,10,100,0.411457,0.256577,5450.372470,0.580222,0.313620,91.0000,100.0000,"[[0.0, 50.0], [43.238903925145785, 14.315611937748042], [41.81686882162391, 14.734126220117972], [51.3184480943089, 12.19932938632078], [52.847845794932, 11.82057913808982], [46.40921457848418, 13.431831432116457], [62.479828857313, 9.728329903834801], [18.635190852414297, 24.139152787356096], [33.66137672953312, 17.415710560340628], [34.991888358782475, 16.934073812113194], [14.730449602328154, 26.54481337358496], [92.45505829482607, 5.54547399014853], [29.670297024969617, 18.90867525459824], [48.04557166961069, 13.001633492613191], [39.104875468925684, 15.600617669788875], [15.663028817250876, 25.93124767863987], [59.12905453696095, 10.408995793926154], [64.29862168380293, 9.386750873851685], [97.24172950567923, 5.1818847718641186], [75.52453386458455, 7.4468632087564535], [16.727744903051082, 25.320169366101414], [36.29678470902695, 16.474173188884777], [24.4313322974391, 21.18151009128369], [60.79071999251268, 10.06592414015342], [49.68095347509028, 12.580411828290682], [117.15438515467952, 4.245731938509065], [57.57517812862478, 10.74999972252197], [114.58672223969563, 4.322104352221811], [17.673372671139866, 24.6932096196079], [28.42162409411369, 19.420886828181636], [11.040517645864142, 29.26892692741083], [112.06380204179983, 4.408668423108218], [25.76966686984398, 20.565732649781516], [30.951152402690717, 18.39982052800849], [67.9284081804, 8.705581983935751], [73.57014045726862, 7.745291984930859], [6.447083007252962, 33.66189278916137], [5.271605943618589, 35.08590420644812], [119.76235615353012, 4.17970067464714], [37.665124751005735, 16.01996727164301], [85.60463643763107, 6.19203622159601], [99.60445935975764, 5.024912864400905], [4.179099717582854, 36.64032153120009], [20.705650420147485, 23.02969385602829], [44.775648305798505, 13.885152218199696], [102.00013136289516, 4.879800393427541], [40.366192871079804, 15.166231118770025], [12.028353171590627, 28.557616449936766], [3.6981980413876014, 37.32789656104187], [23.143385233794312, 21.781866363050312], [54.40687059781672, 11.449452682700182], [2.864190055588982, 38.809624624412244], [19.699746113064357, 23.581392795902374], [21.836383285708813, 22.416408971002355], [27.071309073023087, 19.984578095120895], [55.92738238985419, 11.103337266646909], [7.763474649277716, 32.25934952013147], [7.0783977668687985, 32.96423625478332], [125.11956304973356, 4.078311591357567], [90.31597593394989, 5.729307440061527], [133.23353653953808, 4.00485065615247], [5.8704794928722706, 34.33547591351521], [32.295904795787905, 17.90210740218843], [66.14562893796574, 9.083889618630707], [0.6994291528415719, 44.26707688304498], [79.61671833945917, 6.917762589866449], [3.2723489397777574, 38.06830774879058], [9.400889817306329, 30.7019563632721], [1.4384007556428342, 41.87904702976684], [104.42709546002584, 4.746437956062901], [1.203039530898428, 42.663640918050376], [2.133574920958169, 40.35702838046477], [0.9363024863589309, 43.43122822753445], [83.5022411263065, 6.41462546898539], [71.59238596770422, 8.06818283019654], [2.4434052288383645, 39.564093834330166], [109.40567995929266, 4.5128626030213015], [1.7442552300875027, 41.11875835816811], [13.858784190419492, 27.183132177842534], [10.210439540550222, 29.963603515891663], [127.68332346240291, 4.045126311410899], [81.60585068316658, 6.6354106794917955], [4.700137934265089, 35.86721059073907], [87.92182328889275, 5.952056159980087], [0.17786957312350127, 47.0911795104611], [77.59001013092754, 7.152343930653518], [0.5002513678275866, 45.26542901178959], [130.4572127892344, 4.019752888340208], [8.47016625184178, 31.556206944805183], [69.79976797561417, 8.381158060096574], [122.39118372681905, 4.124367037653097], [106.88517386179917, 4.624626773834181], [13.191170419055695, 27.64967393099516], [0.38251924158819983, 45.88856241023839], [0.016028665304126225, 49.109778356444025], [0.0, 50.0], [0.1352856020342765, 48.182825904395784], [136.0, 4.0], [95.98827205202423, 5.27101991485117], [93.98102007265501, 5.422620465031298]]",23.35
BNH,CCPSO_filter,11,100,0.421068,0.281089,5719.594410,0.649565,0.348224,88.0000,100.0000,"[[136.0, 4.0], [0.0, 50.0], [36.62497630101214, 16.382960331264602], [12.51500652455989, 28.12223923523389], [8.876495864681186, 31.15622080235498], [52.57245039042297, 11.8731335575307], [23.387397093208907, 21.669971815711307], [59.503606904639504, 10.33558279170542], [35.21549259860218, 16.852274799553534], [50.936076183435404, 12.269904419597966], [61.38566874630601, 9.945376297273434], [63.29273804173167, 9.572962517071932], [4.12299761441686, 36.67479674149912], [113.75488684085217, 4.3493559740028624], [5.166062558977171, 35.22361542275365], [9.526777138713424, 30.55871660718003], [65.22368242686004, 9.208002412287353], [119.03328609072936, 4.1970204847594434], [11.677380413659414, 28.755972206121115], [29.715829666805348, 18.885338352249548], [40.66549285104914, 15.075742836345304], [67.18784988317154, 8.844626188239648], [94.59625861254003, 5.374968121492347], [10.212517874142721, 29.959202880083502], [69.1577637789267, 8.485669453058286], [54.352333043263656, 11.490050444247949], [77.48383595564025, 7.166985648792446], [24.603482373474726, 21.0775910073815], [6.362691573957088, 33.78236085250431], [96.8279593590994, 5.210849210508921], [25.80721214753686, 20.542075086599553], [83.78156954774656, 6.3832854098777325], [20.96484619184639, 22.89363859623709], [133.05105294956317, 4.005516828978159], [55.99244414226452, 11.08851081012481], [75.40003610314812, 7.465284993565511], [10.924189506040044, 29.36391572600789], [28.458037376519812, 19.45618824941885], [19.74791593553443, 23.515543861469816], [7.588778708353953, 32.42111255488995], [5.742559287898262, 34.49248649090494], [2.4130525932020737, 39.621644871828494], [3.644536403232933, 37.41247034944229], [101.42737286963651, 4.913248894687108], [116.3728099550504, 4.267760506822701], [88.06163369790679, 5.93853435745601], [39.39751297209455, 15.513481686336876], [17.443270711945523, 24.83734764991342], [79.53998449531824, 6.892578625517073], [81.63885852485363, 6.631445535220038], [14.35046806588953, 26.810653161911922], [22.15191048529625, 22.274606979610176], [85.9078379929327, 6.154219657964308], [57.69012371456608, 10.715144385531463], [71.2553119783268, 8.140722195131044], [43.46019807630979, 14.257039595366603], [6.973444295898554, 33.07679975214305], [108.68602740753605, 4.5434564016417305], [99.08285204567889, 5.058355978098566], [31.108447362349864, 18.339302986982062], [111.1963652981994, 4.441172411680139], [1.429665222536891, 41.91661616020869], [103.8082555952669, 4.779179740894627], [2.0755025277715613, 40.36603928434988], [90.23070975476072, 5.736925900067044], [46.37325882328557, 13.44319663784546], [16.32863872639037, 25.512071144034817], [2.8067578819240198, 38.8911256288259], [92.4012921026852, 5.554829575998158], [8.230319599320062, 31.785656990088633], [3.2113775967471865, 38.145618419187436], [4.624123914212361, 35.95118236807433], [47.91436516984132, 13.053890751097818], [33.84336778564434, 17.349892341587633], [13.390353934452467, 27.47261379502206], [1.7363774544279393, 41.13775467139986], [15.402784288151219, 26.17810506071035], [127.30625923113413, 4.04941042644398], [49.45144117380002, 12.637997437054366], [0.021708596982832538, 48.9639226660843], [37.94871970539984, 15.92801640747718], [0.08603618538352141, 47.96227579029987], [121.7347367071602, 4.137157118283761], [0.5016281139444723, 45.12615733463796], [32.525517257578, 17.88907264163526], [0.9124733106285137, 43.47442275614706], [130.1526745712797, 4.022018091874599], [0.6916760448935586, 44.294477265322996], [0.19846541296877035, 46.96663217459934], [44.915626573456024, 13.839630463119217], [42.145685332058285, 14.658284237444168], [18.565150707356324, 24.181198768914633], [27.21967147250904, 19.96425272675589], [106.22946347701149, 4.655855312647789], [1.165002102309546, 42.672936417254576], [0.3229213556852802, 46.06584748797542], [124.51356297631524, 4.087567256305118], [73.29727120197182, 7.794292851660387], [0.0, 50.0], [136.0, 4.0]]",23.36
BNH,CCPSO_filter,12,100,0.419416,0.293006,4782.251275,0.632950,0.340277,92.0000,100.0000,"[[34.158307012986825, 17.213137723965733], [0.0, 50.0], [7.719909727818952, 32.28575045991475], [11.412454686353612, 28.966220390385338], [8.381784671332145, 31.627263818872237], [12.274240955813863, 28.305416702322837], [7.093359175787622, 32.95885060219757], [58.36905143477489, 10.571376626856214], [23.621678081649193, 21.53878950065937], [35.411573369759665, 16.776633218337352], [90.25608687063779, 5.734656100451964], [36.781077354467406, 16.327249231749885], [56.79696973770238, 10.909014259423369], [13.096617665455819, 27.68449316383993], [31.474013950145967, 18.19976905196337], [53.836279632706336, 11.587801594734849], [28.716770253554266, 19.28674134099195], [92.46054845769007, 5.545019847607238], [19.05802756599033, 23.896708996143925], [2.8883636478253862, 38.70591727711623], [39.761166581484034, 15.380496335764317], [52.4093195341062, 11.917643983534717], [10.584451006021517, 29.641650096602678], [27.363437535678756, 19.85320067917643], [77.51063618042535, 7.163284854217051], [3.3302914833138377, 37.932800429661796], [5.882628797037132, 34.33459863909013], [65.49225588870024, 9.149005205038382], [75.4736148395292, 7.454388191514863], [44.65612679397113, 13.911647655958653], [55.28254126367438, 11.247574641087144], [99.28277071297194, 5.045458325390976], [24.838101310210376, 20.972683535432722], [17.98086793597624, 24.513592902396535], [5.319198785563236, 35.022085476865016], [6.462984167705756, 33.64220069559033], [63.58578967624795, 9.518393439342226], [43.00389315721652, 14.381540052501517], [21.34991080978289, 22.730676138458804], [96.95637459341509, 5.2018119187638225], [101.66357186663176, 4.899361813734767], [71.48510561104567, 8.08658838565871], [15.878225864096573, 25.799499243107284], [30.05923891890504, 18.752376346073945], [20.135112131037673, 23.306872523697344], [1.4597866643619546, 41.83840664699198], [94.65671599066309, 5.3703426820577835], [73.53920082637072, 7.753881224118236], [88.12482480310322, 5.932444171066525], [108.86094793255313, 4.535924684158719], [3.792865556667982, 37.18618553774776], [47.86194815457574, 13.050746376755328], [22.427102026249973, 22.120134923412607], [0.9120808199929518, 43.47733689292785], [26.12084297258654, 20.41666840552322], [1.189602555910131, 42.64812863521311], [104.05535294509828, 4.766004067345688], [116.38432542291032, 4.267428291278298], [69.49116446110817, 8.42807518760321], [85.99851037257056, 6.144815200566379], [113.8308603907713, 4.346814973468625], [14.960279868137185, 26.449546444791928], [46.320203364483845, 13.50002711588339], [41.400009293774374, 14.865604722468783], [67.480092148603, 8.784000630852212], [0.4769141783764282, 45.24000230528423], [1.7728829072928192, 41.043206115608605], [49.41630232501238, 12.670827299498276], [38.175723142468726, 15.879291606120617], [50.90645017410829, 12.284564886347258], [61.75378583282506, 9.883183988331297], [79.58043679739134, 6.887368895976815], [16.956047703204067, 25.14077111114613], [121.57759288414441, 4.140319243030171], [83.81264328712302, 6.37981730140258], [2.4910869369686175, 39.474848807185424], [14.051052085355703, 27.10032614374459], [0.6703955980118478, 44.37864382410971], [106.43864354301172, 4.645794422147684], [9.1107276884363, 30.97110144200318], [111.33302388852807, 4.435956549089553], [81.67001415500647, 6.627706944584884], [60.07407634041563, 10.221129371725564], [4.286673732357605, 36.44276588328994], [0.17073652929609168, 47.13935321181195], [0.07139087756164442, 48.14217562074902], [118.97971235207598, 4.198327679186071], [0.019262727227999384, 49.05832059236833], [4.80021596623013, 35.712490269527905], [2.1133101792012057, 40.261332995628926], [9.843303397128654, 30.282972495662435], [0.3666117853786917, 46.13441211076116], [32.885048074788855, 17.702795001085633], [124.3302232025463, 4.090475828968397], [132.88169353402668, 4.006174040956834], [130.00096766182102, 4.023193825193761], [136.0, 4.0], [127.18327770143635, 4.050851705861059], [0.0, 50.0], [136.0, 4.0]]",22.62
BNH,CCPSO_filter,13,100,0.415505,0.227425,4724.476138,0.646065,0.356845,94.0000,100.0000,"[[0.0, 50.0], [11.668287251695755, 28.76352131833548], [16.158231623896306, 25.63954805422119], [32.072618490730754, 17.973078076498123], [44.537656860741556, 13.945693275497561], [61.088892496722735, 10.012859663930941], [59.265086433878416, 10.382229074265393], [29.763349812171008, 18.864777850426936], [8.533971998942445, 31.47731162673213], [28.69588765007263, 19.295487110743288], [74.61183892148674, 7.583747106985678], [55.72381571841942, 11.153538644426355], [54.05409057055448, 11.52599064118461], [50.859058192110545, 12.298909556663252], [46.038526394367935, 13.531237406190787], [70.59068300004246, 8.24074852069424], [57.437394188654565, 10.771346037503957], [21.458122179796742, 22.611413574980993], [22.677944664290635, 22.016838187631684], [20.346976757186553, 23.194738537824918], [47.55801122559963, 13.125997904058387], [33.24465488464584, 17.56232724788093], [78.66838584423007, 7.006575244981497], [10.853602423561615, 29.417916014237676], [41.47575303465153, 14.856615111181446], [80.72795640272622, 6.742507793876637], [4.791789383850931, 35.761145057833936], [27.57787823975176, 19.811306397934537], [62.85267261785302, 9.659727007203575], [40.19606207925219, 15.329811362059939], [30.915120104494026, 18.415792080847268], [9.297071644114268, 30.764703019319928], [87.24934479753988, 6.018012348549388], [13.373851915801573, 27.4847792661095], [19.321286630904247, 23.75776957514165], [23.870573666620757, 21.42116057273044], [96.59585659325765, 5.227293901118683], [52.48139914336085, 11.908426437167046], [7.82293451402101, 32.209843896010696], [49.21330444966597, 12.71460366163846], [72.63329765434582, 7.897603062795734], [10.076477001486026, 30.093623850019725], [68.61817750044797, 8.584212492575983], [35.73925876963813, 16.717007667827552], [14.246012932558472, 26.873854874341422], [89.48106657459758, 5.804891432051477], [15.179300006449783, 26.247852919112745], [85.03942139560817, 6.245779109620729], [108.45733970527604, 4.553396348417547], [76.64511974087259, 7.299857537131986], [66.77364276138809, 8.956412492367807], [113.1561187451404, 4.36975181621408], [110.78890923595662, 4.456936712152094], [1.8714240101898891, 40.79476027638446], [37.04933476695911, 16.253428915789936], [26.34050886218126, 20.340383691801783], [38.448977453346885, 15.766525623362703], [91.80732478223061, 5.599681062589868], [94.19625700228971, 5.405828610983031], [34.39740066660523, 17.13333034367062], [5.349451475436799, 35.00839079280411], [17.122451005075835, 25.041580408581094], [5.950135741785726, 34.24668594973068], [123.28900468190712, 4.107958742487699], [106.11864994605766, 4.6612227179794345], [7.1962233759366585, 32.850873517928875], [42.97476370794654, 14.38922017039247], [6.511061743409002, 33.59828789527525], [120.72632980539974, 4.158129243936288], [25.094214911406265, 20.853462775478974], [4.18256875437077, 36.58803650708501], [18.30791280381129, 24.337935447329656], [115.65820376992448, 4.288828603810657], [12.605352363975602, 28.1389481919718], [118.18597644141005, 4.218253343306951], [2.640885361379163, 39.16942904509446], [3.1627543670779774, 38.28971294797343], [0.7489594954648553, 44.30453894517558], [132.229812329, 4.009055471063965], [1.206887460499927, 42.556389407167174], [101.40664554653976, 4.9144738154957475], [0.33747077411198645, 45.980986481263145], [64.78849757536085, 9.281183134147913], [103.76801599071949, 4.781338311032052], [0.012190146823113292, 49.22577455481293], [128.93383928886087, 4.032360434114932], [0.9926201366195246, 43.488696094183254], [2.270100876201001, 39.969183809298706], [0.21085172679407266, 46.811396225484856], [0.5338805509704518, 45.159169017980716], [3.7524737013478515, 37.431621092775494], [1.5673883193501028, 41.66044295462349], [82.83263112661646, 6.490972360211113], [98.88304319734073, 5.071346176499724], [0.04812236245859816, 48.48611459041936], [0.12406483990432224, 47.58260654981352], [0.0, 50.0], [136.0, 4.0], [125.96135737961363, 4.066358760284188], [136.0, 4.0]]",22.48
BNH,CCPSO_filter,14,100,0.415413,0.270659,4262.360969,0.633198,0.327300,92.0000,100.0000,"[[136.0, 4.0], [54.30287481578746, 11.470714583286291], [62.591728663987254, 9.70545226800197], [84.54094488265378, 6.299570272294602], [59.20061945031732, 10.402335791614505], [17.782903535112716, 24.630645741495332], [13.786810241911333, 27.191558804732452], [51.11471880350384, 12.2378480100271], [82.33845001045935, 6.54843689104702], [46.529106162254315, 13.41321304098328], [71.92766661105968, 8.012070719285514], [57.57216721883813, 10.766216111492085], [49.616953738826595, 12.596144666080347], [60.89872035449346, 10.044959746452378], [42.12180138128734, 14.63840339202332], [117.3724099881924, 4.239773909184321], [68.10130859570461, 8.672407491026664], [5.670554888945085, 34.60497166874212], [78.0352416557802, 7.091515008644735], [66.22594754037493, 9.012678445228271], [75.92870702291648, 7.387593745774517], [133.27080195101803, 4.004719957518346], [55.93966752474742, 11.101764886634502], [26.312865670788405, 20.320941252166495], [16.751479273542714, 25.271077180331798], [25.030111958851762, 20.889739998669082], [12.86153905866421, 27.868763200500325], [15.718485385169902, 25.903036882076947], [40.73951688949414, 15.08249341538582], [48.08406522515199, 13.009709473705891], [36.3773042736306, 16.45452934950749], [39.36924990175925, 15.481088309628625], [22.4618826514384, 22.118719067398104], [105.16582793735768, 4.708459275733298], [86.78073489355137, 6.064882400794676], [33.48745647727006, 17.49774233558123], [34.94847972911871, 16.986594725573617], [122.56732522545488, 4.121049599298951], [114.85690190344094, 4.31352111673972], [93.53294888678772, 5.457998630889185], [80.15664553550984, 6.813927925137912], [125.2029908164013, 4.077080222528836], [14.781236743393793, 26.53805074928242], [43.54229746743759, 14.226050459618413], [20.015813743417773, 23.368765915181534], [64.41248367186876, 9.35550376327247], [23.72369974835083, 21.5088604015693], [130.56256521369005, 4.018998690875462], [7.508462662526659, 32.50809648147553], [12.047734978999243, 28.55170676275859], [3.1740763678906445, 38.202526074765856], [73.89877672321172, 7.693702999876136], [3.620171809141495, 37.45252132413316], [0.6858415313485184, 44.31552136972063], [89.02075437165074, 5.847512763614429], [31.987915376577497, 18.005022384965272], [4.097051815063743, 36.7167350171526], [45.00703082088825, 13.82145675356131], [21.244174195179667, 22.72897013649082], [69.99159177970218, 8.346743688317549], [37.87788065782299, 15.962339957664824], [9.614967579281913, 30.487538458792994], [107.54398317165865, 4.5941575816064875], [8.890270329895962, 31.139113357538342], [91.25335743050086, 5.647038280405795], [102.80156275999582, 4.834279191596082], [6.241531454971147, 33.89735063681452], [29.186771501204014, 19.135058944949797], [109.94721960502879, 4.490520292866675], [30.59306601006413, 18.580515864575474], [10.408361697709474, 29.8614675355543], [8.206695991072952, 31.83421073232485], [112.38905311148751, 4.396847630109581], [100.47358412020516, 4.970673765829015], [98.15206863315899, 5.119725518126361], [0.31982739666799676, 46.08146224958683], [127.86796573799688, 4.043102365998926], [27.74975986694536, 19.69158001261218], [95.7834402940351, 5.285984137974819], [4.617943801688953, 35.979774150144436], [52.71943245197329, 11.838584529884535], [6.859863393005778, 33.19591319668156], [0.48667798586895783, 45.199767884978286], [11.17979061979074, 29.16746113423955], [0.9719831548078914, 43.42788221872697], [1.78068342526849, 41.010386909234875], [1.507812632746583, 41.73898579251967], [119.94387577038283, 4.175523689798058], [5.151423589225356, 35.28568397595143], [2.82710838912367, 38.8210386049098], [0.18750013086720624, 46.99776676572701], [1.241149712656813, 42.49017657464567], [2.0732072419371304, 40.38868185445985], [2.4419663041169324, 39.56236528525908], [18.884807978318634, 23.99657553120816], [0.023063202943347367, 48.93230184590661], [0.0, 50.0], [0.08764078902859362, 47.955724593426886], [0.0, 50.0], [136.0, 4.0]]",22.82
BNH,CCPSO_filter,15,100,0.423900,0.346099,6470.893740,0.589059,0.303174,93.0000,100.0000,"[[0.0, 50.0], [136.0, 4.0], [40.87592314268429, 15.024544483310898], [44.11235355898689, 14.082579913531664], [39.36856823092147, 15.49609917348235], [64.28375148776156, 9.378521506775392], [78.29954048202686, 7.055836671164421], [82.18219907816136, 6.56680675344226], [24.990181062298372, 20.899232353871664], [42.41514180260276, 14.556489816570824], [7.961230928487164, 32.039181393046], [36.31690982539497, 16.473465468802733], [49.17263288792055, 12.710375237620259], [18.176304240920665, 24.42794900441253], [47.48889029057944, 13.144206115905845], [6.011329741792807, 34.172084999245826], [60.89748857114361, 10.044053037094402], [34.88157088150401, 16.97794556999891], [0.9904248861329947, 43.21605268368559], [100.38050677258848, 4.976394543255942], [55.91617248162055, 11.117402625971835], [19.28805907695676, 23.7758340526702], [22.585748466891506, 22.04215862209452], [72.85206515091923, 7.860065380561312], [84.23202984498651, 6.333365690241087], [12.754523745720103, 27.938151174346046], [2.9969076120125266, 38.51899737160679], [4.367378445871177, 36.31487081091025], [3.88737644379329, 37.035779198319474], [29.056344219109498, 19.149039672969394], [27.652630523285865, 19.73607231895205], [23.801007350807645, 21.51346429877922], [4.885307137183686, 35.596015148564604], [95.53491453861386, 5.30429287587977], [93.13705578629808, 5.489735312690859], [20.37612936643005, 23.17596921056619], [65.93841083690742, 9.069184255855166], [57.57530581375859, 10.73971346209532], [62.600761775133414, 9.70715206648945], [26.31421262247013, 20.341391574707885], [97.95107956899784, 5.133265839664246], [8.641442760113208, 31.383002113338684], [52.60617147509813, 11.94202971033264], [3.4259953750629393, 37.771356506365606], [76.43879159829274, 7.313946769000432], [37.83884900706839, 15.963402584966286], [45.789916905074094, 13.617029695279854], [21.446724281094504, 22.617843814155552], [6.634548325722518, 33.44756343456734], [107.59839780756842, 4.591681219140325], [67.7180714495167, 8.75299342108912], [5.458642793546916, 34.88126533130212], [7.295699259175651, 32.72784156777239], [126.14134266017247, 4.063938313539847], [90.81561600190821, 5.6851195789471465], [105.18184188106295, 4.707649190678376], [31.935748488595102, 18.024229333812016], [123.75438271989803, 4.099941045181134], [13.7766650507375, 27.221898890015495], [59.244886100911515, 10.389982984323469], [9.387744145247058, 30.702735715192013], [14.816773714632312, 26.515810570492842], [133.49374954625807, 4.003975786740971], [128.55369473904688, 4.03600827268317], [109.92824357160195, 4.491293403937828], [131.00891781162863, 4.01597041211992], [71.14167424997996, 8.145211811368927], [80.20830678490549, 6.807412919574377], [116.84448423607328, 4.254340637130545], [17.019356503527632, 25.104365360111153], [102.79309048800764, 4.83475267816703], [1.5704723942446526, 41.53656002200056], [10.15352163196228, 30.006736383137152], [54.16404125448369, 11.500995343596792], [1.8776209100003394, 40.780190653305205], [119.09383093201623, 4.195548903172848], [30.504028570467316, 18.57965013297636], [11.830691054525182, 28.640551014202913], [69.43640229377124, 8.446991391574375], [88.56936048471545, 5.889974513981776], [50.87370119559108, 12.33667443161745], [114.57674238729959, 4.322777656469963], [86.3920570701411, 6.10433276288536], [2.236927794873916, 40.00432986147548], [15.902918337342822, 25.796366044358166], [121.42737303585508, 4.1433784906045705], [0.7721415044425585, 44.06874624684261], [112.21946097247462, 4.402986425456459], [2.6225485133212896, 39.21068556175821], [1.271744476807556, 42.36436395168246], [74.6424030623131, 7.593887855771763], [33.390891951009436, 17.49002980375205], [0.22797062798955883, 46.699042330506614], [10.96195742437874, 29.333644358626646], [0.3805892487967598, 45.740365855647646], [0.5596301746347871, 44.85423149355709], [0.024706660715076743, 48.89657831471092], [0.0, 50.0], [0.09359057971447524, 47.97941445757354], [136.0, 4.0]]",22.79
BNH,CCPSO_filter,16,100,0.420401,0.278097,5467.405028,0.560133,0.326741,97.0000,100.0000,"[[33.14172254987983, 17.585209457736504], [13.248573104689026, 27.587421687052007], [40.85515724766558, 15.025038184671324], [22.291046302031678, 22.196724651391676], [12.442956094252363, 28.169892828462974], [30.592550428080138, 18.545419152987996], [19.03491575027431, 23.908763071117626], [31.814683654121545, 18.073238124257646], [21.188009677185892, 22.766589379394368], [43.80667693396718, 14.159303390056682], [23.444365295682573, 21.627673232253883], [48.709196671833475, 12.827941385817002], [45.37510413490255, 13.714643187978162], [14.128938665408963, 26.983385223853936], [16.93599997675674, 25.13606970495391], [7.169345005476518, 32.86154498003999], [29.335061580036303, 19.03820318324056], [39.30189071057973, 15.496089593309986], [47.0375007319241, 13.274450764491812], [37.83979910648434, 16.006479216116357], [25.76973080568628, 20.580904733401567], [28.118923421854568, 19.536247651039503], [42.3195600290196, 14.594546771317122], [20.151367511975803, 23.30718556632874], [24.588386943072443, 21.084411544482577], [10.143287481109343, 30.133555700389557], [7.871935183223213, 32.1687523518391], [34.65830999508218, 17.061362383620466], [63.27188342707799, 9.614082277988402], [91.04579105378023, 5.665022378449999], [50.52569761362283, 12.37398924666105], [15.974238680837761, 25.753448603548655], [106.70811956129911, 4.632969798172905], [53.828935550749314, 11.578088067252025], [64.96122619846065, 9.248840968166059], [61.3016165506506, 9.975825796788708], [15.109006089566293, 26.387220166502868], [89.11223351474445, 5.8389881673235395], [95.1524929783709, 5.332794297107793], [8.554462649102627, 31.485133255815246], [59.42582561639165, 10.37172704881612], [9.2800780718152, 30.78318286057263], [111.45629839790172, 4.43128215013431], [68.85795029393633, 8.539437282173049], [11.614904185154415, 28.805906513188404], [4.3603632744751195, 36.32528538006521], [4.927303896578166, 35.53751574733556], [10.860658743855112, 29.45445693661732], [1.1744611853097862, 42.78831481819792], [56.104813862646935, 11.11738943870979], [104.44019398606011, 4.745754115352151], [76.64341921095028, 7.2847590525714745], [3.852017030600555, 37.092298591490405], [116.3718422430663, 4.267788435311691], [57.85055515936462, 10.767036910871509], [84.76558418464316, 6.275216349405891], [99.94281334181846, 5.003578160003254], [128.62785524919428, 4.0352807449966015], [86.94173054957673, 6.048694712229064], [72.54736804755107, 7.909632395570604], [123.7932029862429, 4.099287153358226], [109.06970699628445, 4.527016422225731], [26.898252054039563, 20.05478629405225], [93.11638453126497, 5.491404839464855], [126.13520325869757, 4.064020096122097], [36.297885539509736, 16.56565628779144], [1.4356499148475055, 41.89741906305644], [1.7953680844645918, 41.097768812552374], [5.672168625965673, 34.819219470528864], [82.58407903655652, 6.519754567736879], [0.8659791125252596, 43.63910166606021], [18.02135540679449, 24.497662423026362], [2.563787100185281, 39.34493909162734], [102.00894529680998, 4.879291669484892], [0.635982745333804, 44.53145743234986], [2.166066684430846, 40.28959311291041], [52.25678191699758, 12.063750268850846], [133.51434912081857, 4.003910288648898], [70.5943206256629, 8.24011172227974], [0.16544725608107758, 47.30677034014642], [113.87118762017754, 4.345470464743909], [6.488580978961367, 33.61023612703363], [0.08067003368197674, 48.01253285269206], [2.9293529993709395, 38.63476614901662], [118.86353066816513, 4.201178815383319], [121.28543574492178, 4.146301885664232], [3.3945764148065, 37.82100195236731], [0.4246718513350988, 45.52879433950538], [74.14621072389446, 7.655243315965119], [97.50068342144355, 5.163985135772035], [66.92384783045364, 8.887654533065586], [78.69433441757968, 7.026183402046103], [0.03982920090882507, 48.85659032232115], [80.66601884288531, 6.750184280845557], [0.005686955817269141, 49.53793427520672], [0.28020262858764533, 46.38932827279503], [0.0, 50.0], [136.0, 4.0], [131.0942151253179, 4.015422376065927], [136.0, 4.0]]",22.53
BNH,CCPSO_filter,17,100,0.416168,0.222890,4974.469607,0.615936,0.347112,87.0000,100.0000,"[[9.718121538652568, 30.398731548523845], [49.37249171135706, 12.662742129505098], [58.06211520400247, 10.638968061214884], [10.501725603536356, 29.73217819497625], [46.04106616966265, 13.545040174566243], [44.478578233180315, 13.966843241784975], [8.959459778476837, 31.079504015574962], [51.06722216979728, 12.236640337468417], [43.10308042111566, 14.362602110296828], [52.860489560932805, 11.807911604908456], [63.20006746401408, 9.598738650535166], [47.653822999987085, 13.104518475340326], [59.72917954048481, 10.289853588381883], [12.06896972349007, 28.469147715505652], [65.06954177601689, 9.234960971838333], [41.8317762170192, 14.729233511083494], [14.705134669811864, 26.56705327714301], [27.034316558956576, 19.993078658872427], [17.79445646798659, 24.6482521186312], [12.856541679504808, 27.860704050460598], [18.859602392111597, 24.013257498574625], [95.84250905089556, 5.281657185013845], [29.950544370346787, 18.847912327221813], [32.9486095478117, 17.65872956686414], [8.21314878995494, 31.790384429888714], [35.92983724799136, 16.613345707738358], [61.47050782056221, 9.931066620788542], [7.534350437990248, 32.48111043055732], [38.8794765429013, 15.636267670275634], [100.32337711198299, 4.97991626130797], [66.95729172351142, 8.881122116822379], [6.9079893440386915, 33.150141330602466], [4.684423250921434, 35.90680564540284], [5.190206786968227, 35.2160042581112], [4.154219645396955, 36.670302052590756], [20.013136676842358, 23.37337083530747], [112.75582266815735, 4.3837554425918555], [34.489866245043906, 17.117697371996314], [105.32344037247226, 4.700510475179393], [78.83158195706642, 6.984974639705202], [23.30454401530452, 21.723961783025565], [74.81519751284003, 7.55287743646002], [37.371152023858244, 16.142408163995476], [11.307184886673312, 29.073050852804215], [28.520012382647693, 19.412736140204895], [98.08399931707248, 5.124299676503904], [40.326126925504255, 15.178243708222327], [117.6523603512356, 4.232242278356607], [56.416399229427235, 11.02631799659418], [107.80581004013509, 4.582298034125509], [2.4622280098929252, 39.53256636199286], [76.81970345944332, 7.259776209771045], [120.1267368772113, 4.171369982151304], [24.449837061493668, 21.149782145509285], [2.1036124772265237, 40.37869847730518], [22.13034948052688, 22.272167367306725], [31.301980847599033, 18.282471425880203], [54.54343300093562, 11.416671325630894], [80.88981304914695, 6.722523020140356], [21.18936585862332, 22.87863331409533], [13.81799124072594, 27.18915490389764], [72.82335596366106, 7.864713449967933], [102.98060297179455, 4.8243116228271665], [6.3612645238580185, 33.84056449389567], [3.2062329337714326, 38.1453226338719], [25.741547301072266, 20.560259354620566], [110.23778388333098, 4.478770522515149], [68.98042221781375, 8.530813721894798], [15.67119150778745, 25.928575774393583], [115.19393061432828, 4.302996754918069], [16.86359494884681, 25.280842798309216], [70.85992151595963, 8.193834772848692], [0.6743430916850732, 44.36367338162901], [86.48188818363917, 6.0951683231971705], [84.29716820600933, 6.326210015939084], [5.7372463186601115, 34.501107087024174], [0.8844909718447806, 43.57546118629211], [130.27884186648765, 4.021064278883667], [0.19963642664324302, 46.89054343991265], [1.1599019225427285, 42.77259597193289], [125.16967816272123, 4.077570668021288], [88.80374218338878, 5.878454951295355], [122.65886494850054, 4.119344569122381], [3.670710062839295, 37.3707830529287], [90.85353334281965, 5.6817977151769785], [93.58223238243932, 5.454079347925482], [127.69518616475038, 4.044994821441522], [2.808509162931872, 38.872485200542386], [0.1272475498198531, 47.747153831708715], [1.465885253693984, 41.818100330425125], [0.6072291755980503, 44.86507287795449], [0.043484016736757, 48.54276913728977], [0.03167643785393526, 49.118025325718264], [0.5648438336621818, 45.88411273308661], [1.7116209009099845, 41.19374959522034], [0.0, 50.0], [136.0, 4.0], [83.4613199201341, 6.4442402499409575], [136.0, 4.0], [132.8244069952699, 4.006404850546369]]",22.81
BNH,CCPSO_filter,18,100,0.421947,0.320475,5007.427355,0.570468,0.326752,91.0000,100.0000,"[[23.04858213266676, 21.817237091692483], [37.573408522469265, 16.051689378049275], [36.221767987486146, 16.49858887735276], [25.440135277758685, 20.708832331315584], [81.12284694100074, 6.693940924036159], [34.94534074707058, 16.943878522023525], [21.877862022329115, 22.40482498739547], [62.550276110871735, 9.719521387468937], [77.257824930573, 7.198329080317972], [13.501841652281886, 27.414621178666536], [75.35223825373554, 7.472378376133195], [71.5042922293333, 8.083333912814698], [40.55829549880196, 15.130168359452277], [89.67933058732838, 5.786742896127071], [55.90424887759251, 11.126736411608356], [11.849592155123839, 28.62351712624956], [24.24068404782782, 21.260820163618583], [79.19001557405774, 6.937948367740148], [64.240356213522, 9.386896829624142], [12.654141662432366, 28.016699012473147], [42.02190095796115, 14.673514816736517], [29.357140305795713, 19.03555745672055], [94.08084373645778, 5.415372256714335], [67.81049453520276, 8.734208857592666], [73.41673928216245, 7.769572969904658], [85.38567923993892, 6.208947205961642], [69.6131381393552, 8.411171164570614], [83.21971015568535, 6.446627902703399], [50.48045399120194, 12.42222031918702], [27.929775921685245, 19.61567216025228], [39.018383878293, 15.597776922975715], [91.85399263209428, 5.595733764065547], [8.100268230551741, 31.90013093718713], [15.283877052287616, 26.17821802252251], [66.02599185868733, 9.061646490951253], [57.56474963733426, 10.775261520614688], [17.356082221690933, 24.885048794364653], [87.53629210567571, 5.989682062900787], [4.3140040716728185, 36.4205103405802], [46.952640987847424, 13.330032841351699], [11.060631200706688, 29.25725040917463], [5.486673698155817, 34.846857122670045], [6.102508378460361, 34.07419243307213], [10.291978080017051, 29.89166315639544], [9.527094465898921, 30.556434486932837], [20.726105784477525, 22.99164476050707], [30.735434012418104, 18.482324001898064], [96.39122334071853, 5.241910741668233], [103.55947246435096, 4.792583393021497], [101.09062817073146, 4.933275487330699], [43.59005109044264, 14.232642438991826], [18.439022142363015, 24.246119648801184], [60.916453005553, 10.046720374663167], [7.43356929697349, 32.59696595274782], [2.909171328746538, 38.73273970135257], [98.77291074059457, 5.078548985014468], [8.805480662700392, 31.221483956481556], [19.70572616545382, 23.543095390141865], [121.63350304975735, 4.139189728493012], [45.17824000525114, 13.766761798215757], [1.5195867857345837, 41.67072695576905], [128.82617026621057, 4.033373097902729], [32.168491568937014, 17.98464118259519], [2.509760792886161, 39.4296075805108], [2.150989971533382, 40.17567337123239], [126.28486927265595, 4.062042079938701], [26.643286604867107, 20.166964178301203], [1.824228486134521, 40.915046882750204], [131.25545147111708, 4.01441321127262], [105.94186090727152, 4.66983988554398], [33.50668298130385, 17.4732197349532], [123.90749901429511, 4.0973752323824515], [108.38483268538873, 4.556569983714248], [6.7637524258182395, 33.30127808713999], [3.79219709007362, 37.19418841367541], [14.411042075739118, 26.790367027838293], [52.161562237446205, 11.985743235852818], [59.16140487478427, 10.405041283438983], [0.9575536846861168, 43.326009789949666], [48.51780834455499, 12.891450551460386], [133.64992611680316, 4.003492944935285], [119.1776533384085, 4.1935215290659915], [54.021395422433386, 11.540108065135094], [1.2256841047172382, 42.50635124119388], [116.17837692628014, 4.273404576201221], [0.18916097183366526, 46.97647879699734], [0.49477344595861417, 45.19877403402771], [4.875320568870517, 35.62715433619051], [0.02107341283518036, 49.17085710946036], [3.3056397886108053, 37.98318073094208], [16.351847271810374, 25.51200559096376], [0.05466328407242689, 48.386468581383085], [0.3638654248115053, 45.96659856964641], [110.73863105900462, 4.458904139451393], [0.0, 50.0], [0.10528066794601909, 47.89996025958021], [0.7625542021430205, 44.20121622193676], [136.0, 4.0], [113.698626898993, 4.3512444167044695], [136.0, 4.0]]",22.72
BNH,CCPSO_filter,19,100,0.420341,0.332820,4185.035119,0.622971,0.321997,90.0000,100.0000,"[[0.0, 50.0], [136.0, 4.0], [30.651334653566906, 18.51617686430644], [52.02544001902541, 12.003839007715882], [32.14345773295866, 17.94708852858151], [16.686444980795613, 25.288564163681585], [94.21243924631673, 5.404571423353635], [90.01483042020902, 5.756316398257377], [36.45028065047026, 16.424309965746062], [82.05805145127195, 6.581471645122827], [34.98462064734449, 16.92536977541376], [25.485653760036758, 20.689229399188388], [50.464633562004195, 12.385596303419383], [29.18416834193554, 19.098403849464123], [53.58108428906751, 11.639521326088026], [41.048064859618904, 14.959672956954162], [3.7916535392545994, 37.185649592810016], [126.7980827097541, 4.055506701453541], [76.54282147481452, 7.299082795472609], [37.95138842851257, 15.944696792270983], [4.268298928538039, 36.46032343800121], [44.12359477792556, 14.079024695252796], [62.53660517877054, 9.744939717786139], [72.95055245412324, 7.84415507270311], [1.5013412367290926, 41.72040407165112], [39.510287829029735, 15.474120399967568], [83.98305233393958, 6.360862934235302], [129.82829866500106, 4.024570429683822], [4.7920174073963135, 35.74823690225219], [20.85156154348416, 22.926475356963714], [17.68890060380663, 24.682618169923142], [87.99751005575004, 5.944728002484053], [45.69674772666957, 13.646393491591915], [92.1191845790112, 5.573426666715022], [33.609643915989736, 17.456109749311988], [2.160498257104372, 40.147359183813336], [67.84884287839395, 8.74482118832099], [1.8164567373953853, 40.9240444546804], [48.86263262217943, 12.795349661585728], [58.8549353765077, 10.481668968191057], [0.5081730803555905, 45.10726088315668], [60.65772241003074, 10.106474186820217], [5.320726597175172, 35.02822190631285], [42.55401756545942, 14.519724006404752], [74.75116864638818, 7.562573830480002], [19.74718050679197, 23.522651610094975], [96.27048170847543, 5.250587532886901], [78.34790161286801, 7.049342724706104], [132.89591185873843, 4.006117421295881], [2.9307957218020286, 38.64680002641369], [5.895416353979801, 34.324083146846434], [12.909767144022197, 27.82732928930502], [12.013904275847722, 28.515813697273877], [14.766845253520584, 26.521809720857625], [57.06398811278781, 10.852842809223425], [13.820314947681041, 27.17048458228912], [64.28387640506527, 9.385572730698147], [26.674328781780595, 20.164684304913962], [23.160138136875045, 21.814977274785047], [3.341349938883117, 37.91143108452344], [7.856101650641568, 32.16044368707229], [115.3151300508075, 4.299261391650197], [118.10123685297914, 4.220442793350349], [15.714559153129594, 25.907367766682825], [47.31525561048426, 13.217495757047885], [80.1727632825243, 6.811894095057644], [0.3271846535332764, 46.042788458820255], [0.021075793600925145, 48.979558951942025], [123.8479011428843, 4.098369699166945], [112.6449424332728, 4.387686964967156], [7.157227494713405, 32.87859054238747], [55.30861156941235, 11.242169596078991], [105.12958459113909, 4.7102947481865405], [2.5263127356355586, 39.3986040232126], [18.733196768996716, 24.07994656829247], [71.18024157045514, 8.13926483281914], [110.07463997717825, 4.48534732341764], [0.08387525316634875, 47.97472153904892], [24.266810314117294, 21.234450758717877], [6.517036629042584, 33.59120619688747], [8.603641285733893, 31.41628734913491], [66.06429251055172, 9.049206436673526], [120.9522758503751, 4.153289520142523], [0.94487378612344, 43.36281556479992], [21.98424992099349, 22.35109087913922], [10.328382285092406, 29.87004117025296], [107.62115743646535, 4.590647260764214], [11.093578371389091, 29.221790286107698], [27.953926048971958, 19.608146461736606], [85.97323093664806, 6.147434235036243], [0.1856814715258231, 47.00488431949118], [1.206895523141378, 42.53424143255795], [69.45547924822645, 8.443513984272244], [98.39271784308289, 5.1036488764344625], [9.636602115936903, 30.62704604997046], [100.53954223196742, 4.966632474254376], [102.83110329119135, 4.832629556640161], [0.7025316886054276, 44.24898064689486], [0.0, 50.0], [136.0, 4.0]]",22.75
BNH,CCPSO_filter,20,100,0.412331,0.235732,3955.940937,0.624961,0.349505,92.0000,100.0000,"[[0.0, 50.0], [136.0, 4.0], [32.131224797883, 17.96331022614885], [25.141417804163318, 20.83173211626831], [18.518327850953263, 24.210470851218528], [42.10084589151383, 14.678148630671522], [39.46333112300199, 15.453327276348467], [57.790578036074685, 10.697156945801808], [59.8215777338439, 10.264657913501644], [67.54296226009434, 8.773566616560041], [23.958303218121344, 21.379727535982234], [38.2567969161676, 15.832008347368436], [46.25807001363155, 13.471993819001664], [27.38029781456614, 19.849787588048315], [20.532729731870255, 23.092608949972842], [22.81292338801284, 21.92987938892518], [125.35527570910436, 4.074859161640615], [43.45393745863919, 14.257019298115805], [47.77702461384068, 13.079794187850688], [120.19103103616413, 4.1699224144641995], [56.05648161597473, 11.100266984272842], [95.96215564232392, 5.2729215890295675], [71.42288057395308, 8.096679286311229], [52.51729632923272, 11.890840277821958], [82.0047418483687, 6.587787723009507], [98.31630386342314, 5.108737778989708], [54.262263793481026, 11.478752344951346], [73.41768611291604, 7.769422708171799], [75.45154319473963, 7.457654071017451], [93.64261918103358, 5.449286543760406], [79.74029562724883, 6.866850630058728], [50.90980185950417, 12.286433145639453], [34.439361333399496, 17.114820861078996], [49.294213963293046, 12.682249265027842], [112.66327576059449, 4.387035334218429], [21.657250085248762, 22.51242989261234], [28.51311254136665, 19.376661480518862], [33.26746574865409, 17.533028309736217], [30.89841125082782, 18.425793087424164], [110.20876953971937, 4.479936366780709], [103.0147850560432, 4.822416948540095], [35.76319300988362, 16.696848683848177], [61.800054255684685, 9.863345454155393], [88.9650659841157, 5.852715417387548], [5.598669369622227, 34.7009331481984], [115.1484329591341, 4.304405714213515], [122.76248488853147, 4.1174301975392575], [117.64923742265363, 4.2323255623247835], [40.72108851853038, 15.057951231436128], [36.96720201602537, 16.251037155483992], [19.55333528436153, 23.695498964197117], [9.441044593887597, 30.655797167398685], [100.64656108920883, 4.960097674657764], [13.988595278790063, 27.119093746050545], [17.560206471715137, 24.759329568050244], [16.640770972376323, 25.3259400399258], [15.770585298157716, 25.923861832384418], [6.2389022572068455, 33.90981003319093], [8.609538278347697, 31.477644950901297], [77.5709795031397, 7.154964437632976], [29.697248633282207, 18.89278147338569], [130.6222635518847, 4.0185780207407715], [84.32228330487057, 6.323455258009681], [105.37668149568628, 4.697837553465973], [44.78592062160698, 13.875282462797694], [63.6685234886493, 9.496905641959815], [127.98119964350991, 4.041885109762972], [5.054895432523709, 35.47957938878592], [6.924345314739026, 33.12447896608188], [11.174393438942793, 29.2018555157225], [107.76198449972102, 4.5842732941226725], [86.64887308135664, 6.078207436343563], [133.30022850300566, 4.004618030228944], [26.24849563508617, 20.344047756578867], [69.49711123109167, 8.435933335822009], [91.28618455603133, 5.64420607949331], [7.728193670921113, 32.28211346581921], [0.08903655018071699, 47.93463114665606], [14.88054954574826, 26.520306357229995], [4.481047346409303, 36.1744661479938], [3.4886262416510223, 37.67190727870725], [10.27600747278347, 29.914825804887993], [0.534404253409747, 45.002535033912494], [2.3357607386674006, 39.813578248103966], [13.004281746283121, 27.766432716168016], [0.19658167585754943, 46.92739960175482], [3.9456455906315866, 36.94105996600797], [1.0157515227834786, 43.15024614274458], [0.34746307667347726, 45.939542757636616], [12.151773598003444, 28.479081931804743], [0.755508389433502, 44.042950387058426], [3.1059325528932757, 38.3917832906887], [2.016319177186866, 40.65569316357994], [1.3067856099600859, 42.25600239873273], [65.67439765841065, 9.154742396021335], [2.6881413255721496, 39.1052645984948], [1.6326246965295554, 41.477251262507444], [0.02184775231005054, 48.96928248768832], [0.0, 50.0], [136.0, 4.0]]",23.01
BNH,CCPSO_filter,21,100,0.403256,0.132473,4799.719636,0.565121,0.326610,93.0000,100.0000,"[[46.712477947166505, 13.350990690859305], [60.89336436319742, 10.04611949706334], [51.272224529133695, 12.186902916333562], [57.721280396653995, 10.710485091721107], [76.69829718537531, 7.276965771026717], [48.2089182200784, 12.957126893000066], [9.357261898444824, 30.72118949371047], [25.079312541350824, 20.865049305419966], [21.40473344716672, 22.636884108833417], [78.74434095657983, 6.9965070235347735], [26.46696088800161, 20.296397348038845], [10.109726712971845, 30.045818194065898], [108.49012412921486, 4.551964871746589], [27.76720268161956, 19.691122374273384], [18.24255300061747, 24.368350164862704], [103.80828188815661, 4.7791783316524725], [110.8401348602944, 4.45493723492042], [37.09026489383556, 16.226993234805], [59.34283597180203, 10.406791891475002], [17.241570650572356, 24.950578375137237], [19.215847291751352, 23.81030100554451], [7.898447246467134, 32.10848020205207], [38.631521006187185, 15.711634616449796], [5.993126406935907, 34.18799299726585], [11.017326477789641, 29.37075202632843], [32.661117272527115, 17.783955489211348], [92.2671429926971, 5.561071852589944], [7.210326574497966, 32.81551052658088], [14.395869290653508, 26.77202953062006], [62.69445040628842, 9.686383134580758], [11.825938677374449, 28.650155697312307], [22.66574896587833, 22.08097423177917], [34.10263626845424, 17.286213506014832], [56.13594265599052, 11.07877236587745], [94.61326061487242, 5.373666312959253], [41.6865117431375, 14.791031740716406], [40.14126175397888, 15.24697211724699], [1.8213030447565068, 40.92850589640685], [30.248201515773413, 18.689955290856787], [52.848083502104295, 11.809874751649012], [20.32710940271687, 23.225966393908386], [43.32718314965124, 14.300775774332513], [29.06718800928683, 19.15058123070173], [85.20388193773914, 6.228231092658177], [2.1793369139498795, 40.15585684897148], [31.382708567640744, 18.23370837999697], [1.500161309197933, 41.71432284544852], [35.540898611038116, 16.755263792858877], [23.857748488989127, 21.440072786456238], [64.58265671340138, 9.3202091848101], [8.618224341037145, 31.402685673803404], [3.860677498545435, 37.07220550767026], [54.44301271869147, 11.441639992613833], [6.59355257035235, 33.49451906879271], [1.216526876037701, 42.50500973372479], [13.5442780954034, 27.38749280858404], [72.13281331825837, 7.977915392889301], [0.9680754917467912, 43.3220798652449], [5.441675399825404, 34.912419584840265], [74.41678121868242, 7.613559130705726], [12.64291983557383, 28.019301936322933], [89.80768578053156, 5.775060285632218], [15.361297495168028, 26.126831681172206], [87.49086850421544, 5.994148138350546], [3.4096421507285806, 37.80070766377254], [106.13464275095289, 4.660446471800341], [82.92043014225246, 6.480862966429747], [66.41484324602825, 8.982781142642224], [16.28964778898381, 25.533996590446172], [68.50677578609708, 8.613716988430145], [3.0054559710032716, 38.50438254737996], [49.733477598109175, 12.571152329476554], [115.65347041618543, 4.28897113300559], [127.70840330402365, 4.0448485544116775], [4.869081540217055, 35.61449033994843], [80.78231027514445, 6.735784430175537], [44.974871261822095, 13.919731821318596], [120.36501808237506, 4.166038657634814], [113.2469262586392, 4.366616290422778], [122.93010830665636, 4.114368515150648], [2.5926188144195943, 39.26897693373212], [125.36625461217206, 4.074700362738871], [99.66619905581545, 5.0209989293634685], [0.35643838938163014, 45.90214540558412], [4.364443081899751, 36.3315394520891], [0.23531469956423692, 46.76046103473582], [97.04191694256875, 5.203566328232536], [117.7549677832617, 4.229515071409106], [70.37218690226595, 8.317063604354228], [0.7618026958510336, 44.129733312148645], [133.4591177551706, 4.004087143411855], [0.01972615938434762, 49.073043586194814], [0.5454017620210792, 45.04559233256241], [0.10959445730115436, 47.90257722998114], [0.0, 50.0], [101.88900195319697, 4.886230126234619], [130.66467730870374, 4.018282089212625], [136.0, 4.0], [76.1660406167106, 7.448614101767333], [136.0, 4.0]]",22.75
BNH,CCPSO_filter,22,100,0.408392,0.198787,5849.325475,0.633936,0.356085,91.0000,100.0000,"[[136.0, 4.0], [8.951475504807732, 31.10931359376048], [30.093793278040458, 18.7352369822613], [31.171973769621943, 18.31402212672581], [25.61379540980492, 20.63864358586512], [32.38649454306693, 17.9209664803362], [34.80947089204527, 16.984352455005713], [27.88919948672419, 19.630313098265376], [70.73240785051978, 8.21599833395625], [18.725965197426973, 24.12012562362638], [45.97396647118928, 13.55159002785949], [59.60257894409035, 10.338357899595316], [12.003800104629384, 28.53858555564564], [37.309367526642134, 16.140993238109537], [8.278361729096922, 31.747348092399484], [33.59451663600241, 17.42524409932029], [57.71647076036729, 10.710102214588598], [55.93361405992596, 11.108260511334027], [63.136159877215775, 9.598722608648611], [61.33890343162717, 9.956700507248286], [47.616248364657, 13.11252508161575], [7.577281759293405, 32.44019764272956], [72.72530899229227, 7.880622226451761], [36.02600863204795, 16.565189579662515], [15.62279655813538, 25.957931501509165], [22.087360768952685, 22.290031133789356], [51.02467658038377, 12.251031691991448], [14.673939806823784, 26.582242809156764], [54.23570874528509, 11.484121046101766], [76.95598908630393, 7.240564073095808], [11.171994981694912, 29.180600826070453], [41.381495519278644, 14.858398612973001], [6.9230953323237205, 33.13090963694434], [66.83443634545202, 8.906877795748098], [5.649081389476297, 34.60636964531031], [12.816351981490072, 27.897686151488728], [68.79588394604647, 8.56571194893596], [49.30637835127324, 12.677709412778636], [9.653619685572501, 30.454693586535797], [26.774164859221436, 20.125702516509712], [13.743589151123688, 27.23458805884659], [39.97021229502624, 15.287849194259822], [17.669481042614645, 24.73446805537594], [3.4947204994712755, 37.67128353202237], [85.92685840477364, 6.152244464785463], [5.056285727086509, 35.378722390366455], [29.010506954228738, 19.185653548297232], [20.927983248650776, 22.884756676526088], [2.153913657020568, 40.16631375782303], [65.02689545425065, 9.257404975104949], [2.5685439068206746, 39.33833545454287], [6.273982276179375, 33.866439380270904], [3.0064513867595792, 38.5164484683262], [88.19012541890643, 5.926164610475902], [1.1888211467444028, 42.661648791260525], [24.469121576231707, 21.13939035795002], [1.46319925832314, 41.81244037975556], [90.51421331977707, 5.711682755714566], [100.16425977249347, 4.9897666581446805], [97.65116887394399, 5.153663065528469], [23.363516322146943, 21.76581103525192], [4.012566553648352, 36.8393799003705], [43.03647437704328, 14.454421307544926], [83.63496435359039, 6.399697218134259], [10.394955204597593, 29.801133535362865], [0.3086337840857873, 46.1622723836329], [95.20373471452908, 5.328952083408623], [92.83223721936622, 5.514479871678731], [120.63803041643665, 4.16004282014764], [16.607820607961592, 25.340319188671984], [112.95875580831137, 4.376619118699967], [105.21682309250086, 4.705881560333644], [128.3151463054934, 4.038400882279105], [44.410285643241124, 13.981815657349042], [133.44403557176662, 4.004136126383951], [74.70163694627314, 7.5700893755408405], [52.67629602823618, 11.869057190903836], [4.525561439370267, 36.098355697566745], [78.8565754666013, 6.98167700781073], [107.8127802954106, 4.581984241670087], [19.817954700650937, 23.490024730735016], [0.18523764438270002, 47.03991196355189], [130.86894479836923, 4.016891026696143], [0.47563093542191126, 45.25485352091426], [123.17217255635049, 4.1100235933388465], [118.06574004151832, 4.221363523097898], [1.7923861889393895, 40.98231168991755], [38.60993848261337, 15.719914471529439], [102.6693141522533, 4.841688876126214], [115.52798627044491, 4.29276404717954], [81.15609998474224, 6.689880667519152], [125.71917444307317, 4.069690558971316], [110.35968174145205, 4.473890428690306], [0.7111637052320171, 44.25630217044625], [0.026367699961175054, 48.89079988626085], [1.0114533008212956, 43.48727415677072], [0.0, 50.0], [0.1542064284479958, 48.07509528949251], [0.0, 50.0], [136.0, 4.0]]",22.75
BNH,CCPSO_filter,23,100,0.414806,0.265990,5069.535531,0.624710,0.334570,91.0000,100.0000,"[[0.0, 50.0], [136.0, 4.0], [106.44715578196528, 4.645386972613874], [35.81446058873149, 16.64116839493721], [69.70539429948778, 8.393268718254827], [29.775273958360998, 18.877613810113612], [28.416620022175806, 19.41026277331115], [40.531931589522586, 15.137856206668541], [65.69831791866378, 9.118505476383785], [57.85633435118427, 10.679832466647571], [42.101814956809775, 14.644280903818402], [11.064816901179537, 29.24540394721248], [23.698615877594897, 21.50357253444397], [11.907210199322115, 28.597958303289438], [52.75374014920652, 11.841968904223556], [59.69709648111107, 10.294335430388657], [63.7034206090312, 9.499347057692344], [4.748224755936742, 35.782793124746235], [31.278570755778233, 18.318436218061773], [6.637178709787534, 33.44267491752315], [67.69490868413845, 8.745176875836968], [24.867472709575917, 20.970465665011616], [1.6314628629518753, 41.37994254868456], [1.3298138916168383, 42.17997116136887], [130.27091961885841, 4.02112353030919], [9.491511761617877, 30.588581961397256], [8.753963625275556, 31.313834183715198], [20.395312250207965, 23.16534976020037], [34.274429082315706, 17.172157242820266], [108.93775494536949, 4.53263697536], [19.321280845728417, 23.749857325035144], [32.72137984993073, 17.73613821107036], [86.935926845179, 6.049276708598217], [88.83071345370814, 5.865308650615193], [27.151097709662174, 19.95680685985269], [5.992508728391179, 34.204420551067436], [114.05783352663376, 4.339286189964111], [10.264086783138266, 29.927756531858066], [49.7101719789074, 12.572731857641536], [54.39734912413195, 11.457983364532257], [94.95076338571887, 5.34799060478975], [12.749484565913399, 27.952409061357905], [71.71190552919622, 8.048256868389533], [22.62472307996736, 22.03230090397838], [43.579195653563794, 14.21569173080238], [101.65619169081691, 4.899793736425261], [17.282537104439935, 24.924619502739354], [111.48028181050066, 4.430376102152158], [21.536282154184804, 22.569229547033494], [37.29111544454327, 16.14281042954406], [15.36463777513562, 26.139402638941583], [73.72619531606415, 7.720722026378443], [79.61563444947794, 6.8828416817424785], [81.43160913718503, 6.656415248415692], [116.67097281112322, 4.259232647674655], [18.312128764455558, 24.31908408504618], [5.345040392410487, 34.98859839206314], [127.48746924312412, 4.047326214413958], [85.08473519061641, 6.240934301462811], [13.594318110004448, 27.32903997450805], [16.324956259299576, 25.55214529676212], [97.12496516090404, 5.190013002762325], [2.337989759172907, 39.774797457270566], [26.01132781090405, 20.447080912283567], [124.726252275016, 4.084256278711323], [99.33655702561033, 5.042005289495778], [75.73147482769821, 7.4164147393149475], [3.6722813147143865, 37.36765108197489], [119.30300530201544, 4.190511296000498], [83.26950515385008, 6.440965352382356], [121.99326064163876, 4.132039527780224], [38.89747428222185, 15.623666507771757], [45.23844059093379, 13.791050619769607], [0.1660077522157261, 47.1635781631565], [92.84284384911398, 5.513614307126796], [3.1837801544896855, 38.18076814156061], [2.759253204229169, 38.96728233715464], [77.71223086076233, 7.135554382078448], [104.05407956174398, 4.766071617317335], [4.2071313919289475, 36.585706231554], [0.2947385155266705, 46.23963697968752], [14.452676644062251, 26.731462090900067], [46.67830916143367, 13.362432164239008], [0.01915746159163807, 49.03041331839607], [51.20966833459393, 12.201200825697208], [56.102396800342646, 11.079945300145894], [1.0730741320825183, 42.98826301951645], [90.78120436467108, 5.688138147802644], [0.07684032034728552, 48.07428749457094], [1.9711227479862172, 40.573761951880016], [61.68844684545407, 9.895664217303937], [0.48536070826099315, 45.380011532703705], [48.25864363228222, 12.943233200182256], [133.11819916302, 4.005266649592002], [8.038034441707083, 32.00456980003654], [0.6273655533932118, 44.55631457270591], [0.8370861604100093, 43.797275110450414], [7.329398248944835, 32.68970374422195], [0.0, 50.0], [136.0, 4.0]]",22.93
BNH,CCPSO_filter,24,100,0.408099,0.231076,5363.561085,0.603783,0.322059,95.0000,100.0000,"[[34.51550406531297, 17.086762967499848], [0.0, 50.0], [136.0, 4.0], [45.741387702377814, 13.612694878301493], [23.08512804162587, 21.822948127726182], [15.601079859106655, 25.975729209972695], [38.81079207711535, 15.661967492515695], [51.563388878260426, 12.129009646343205], [73.97819368632327, 7.68132330381553], [14.652749775974819, 26.60153068693995], [48.609158992670885, 12.856488037243935], [80.39652580011095, 6.783772454471743], [64.23561372361733, 9.386502994935483], [20.8104449515832, 22.950167867154786], [33.08744778999005, 17.60792590297712], [69.9591597302409, 8.34854197013103], [76.0909106423479, 7.364035867357465], [2.975174782445208, 38.55021678667037], [8.505766511923207, 31.5481428774826], [71.92112579259219, 8.013163721966826], [54.46354364746553, 11.446654708244697], [2.5481239551355026, 39.36073375961112], [57.41852244082396, 10.803614866917751], [19.720587187011894, 23.53366587449355], [82.55634948555264, 6.522980660058744], [44.31981240039252, 14.007459504481908], [62.42207603813262, 9.752762402302064], [18.657909532123576, 24.141056397190155], [47.18429105261788, 13.238778576168007], [21.932831843489346, 22.368491268149622], [11.107324819115457, 29.24982107639353], [66.11739040179546, 9.032726543424452], [3.4353732472826506, 37.753982976466695], [13.736844626384709, 27.246843677678193], [125.79468254558246, 4.06864252707975], [58.911877961875895, 10.454741758668895], [11.949509705237785, 28.56346200683881], [42.89169279191698, 14.414129748049906], [12.824262514786522, 27.898098351396364], [2.151737856414835, 40.16817435415538], [87.00056706169781, 6.042801111961541], [111.47916179702806, 4.430418389733624], [7.698699524726785, 32.30554542718056], [118.4969830055451, 4.210320847909506], [17.599437581656545, 24.76388550328152], [123.32018017524746, 4.107411295475433], [91.71697743268271, 5.60734146165336], [9.36718238655869, 30.783233411576056], [16.559493270763532, 25.365324901392405], [53.04902275481791, 11.791800819712643], [37.36893212455315, 16.1472095037442], [50.05713097217949, 12.49004245801693], [84.75681160194941, 6.276163931518536], [60.65789100722712, 10.093761107646255], [109.11392227223739, 4.525140852828507], [1.4824485058747723, 41.762089515108016], [6.318927860286552, 33.804982333000396], [116.14750025435902, 4.274306925032563], [5.67030465456175, 34.58045339831405], [120.89108828149674, 4.154592086382865], [28.992630520469717, 19.17413924907612], [94.21414446233608, 5.404438989198421], [25.342650255792194, 20.747816076925176], [104.21449883530522, 4.7575901427492555], [101.71532482665393, 4.896336579927908], [27.72282718023962, 19.703219960795312], [35.89805653228776, 16.610510717965816], [31.685027104425412, 18.12066356793778], [130.85654036146775, 4.01697388936166], [41.72977846034789, 14.849217269436458], [24.18510245847304, 21.27462323941896], [106.66969486170427, 4.634789113933303], [5.094455913763442, 35.313585766095855], [30.323243081890883, 18.648591636090703], [1.8053999293803091, 40.95348519846149], [40.1977414213806, 15.223577718623247], [128.311750126724, 4.038435523769844], [0.5020296573128747, 45.11722787758845], [0.7146561210269426, 44.3114809512931], [10.183998053766006, 29.99199825326091], [3.9876829157256064, 36.8975519019025], [113.8033054068226, 4.347735358323281], [96.64723849593294, 5.2236411719576115], [78.22034354875585, 7.066494216898048], [6.98013259582148, 33.06825792666124], [0.20136351597229776, 46.90787464252936], [133.41617722053064, 4.0042273803125035], [89.34132921159801, 5.81775803666503], [4.538777933128463, 36.07191787138023], [99.17292414962137, 5.052532707600742], [0.09387902716935065, 47.87213436917689], [0.3447804354081093, 45.99567898910934], [55.99388945917541, 11.133027615893326], [68.02070910470891, 8.691851592761555], [0.028944607384109124, 48.90552682335512], [0.9440519293045733, 43.43275358157802], [26.46187874790738, 20.241723094867858], [1.1881433739450602, 42.589461282543496], [0.0, 50.0], [136.0, 4.0]]",22.60
BNH,CCPSO_filter,25,100,0.417767,0.279573,5918.719281,0.640611,0.357945,85.0000,100.0000,"[[0.0, 50.0], [33.52928330061612, 17.44519730486673], [39.79769304167331, 15.345704468048048], [38.543681658227925, 15.751647576117643], [57.328843040776206, 10.808471233639786], [18.684487106544168, 24.10813582315997], [27.4911563591417, 19.807915419842146], [35.98083371778764, 16.58153248024598], [70.61733843880154, 8.236084135376824], [11.786958854589829, 28.680075955288657], [59.08728076124482, 10.438794952616355], [60.87497673912995, 10.049919431015255], [45.78549474839495, 13.646436891106497], [47.3244045637327, 13.188881609926984], [28.706013820611908, 19.301544518081187], [32.32719014303432, 17.886081073226173], [68.65094309063474, 8.57933044239985], [21.81123221732206, 22.432679526309116], [55.65501574429905, 11.163302134388207], [14.712527879654402, 26.599904444568025], [19.688048896814173, 23.554884412977557], [62.88607169748542, 9.66734962348939], [26.318739964291815, 20.304687723282903], [22.905879667084633, 21.88798154357012], [49.00450239064423, 12.753178916372768], [12.730743134630336, 27.971090497673323], [99.23245356986723, 5.048695146638804], [37.23948793981793, 16.159941614613047], [13.694924355921248, 27.26513308973967], [50.701628831017, 12.32587736815751], [64.7262832058039, 9.29412488300505], [44.136970417783026, 14.057501058016557], [54.0833578292159, 11.531790002832233], [85.63693044754724, 6.1824918999123195], [7.079942442383905, 32.99727446229688], [10.904454963501646, 29.380582287741298], [81.28899050792089, 6.673699921350753], [31.14478910252572, 18.379834035729328], [25.19238414577712, 20.849006278398114], [34.74296168591302, 17.008002339760157], [5.861094472595628, 34.347420932333236], [16.719068413787426, 25.291543327300406], [15.690603806467616, 25.913532310817175], [72.63052310056567, 7.896053197061623], [42.67838867655313, 14.505870408264146], [2.545695313211781, 39.368513935985334], [24.04447401765597, 21.3440332233617], [17.695278955419482, 24.70656437276748], [2.9333464393460367, 38.64095129779225], [41.19263220766925, 14.919513224593413], [3.813933422151636, 37.16134621779392], [3.3588142172837614, 37.881767314983435], [89.97765245898792, 5.759670547598126], [76.80047502880335, 7.262493990789611], [20.747298852008413, 22.9838157125349], [4.297283409416023, 36.42500992306472], [9.246839477979949, 30.8099295098716], [127.15239279804753, 4.051217070230004], [94.54948527898074, 5.378553617488382], [0.4886965808466515, 45.181354224498676], [92.27162110906741, 5.560698933329622], [0.6954243123901619, 44.304247272759966], [4.8336397089750465, 35.709951714394435], [74.68789233376629, 7.572177130024817], [87.76772644716544, 5.967035348158632], [83.43984367087991, 6.421666944702125], [1.5405591948683846, 41.61181585095945], [1.2157512113830866, 42.50796979384356], [0.31809451678550277, 46.09214549525832], [0.9266560774933414, 43.42550263848132], [96.85962768274572, 5.208616504028722], [130.04594878176542, 4.022841931378393], [124.34520004097944, 4.0902363343955175], [1.8665855708119428, 40.87345732891076], [52.42381772089496, 11.915047470348103], [116.07424784674087, 4.276454320576917], [106.74573754699924, 4.63119168533408], [6.437943790677359, 33.66803094590707], [104.29407761718176, 4.753403958794275], [111.05882630819619, 4.449428579203309], [101.82583488730927, 4.889897711769641], [5.363825670819118, 35.020892244874354], [108.85489577189568, 4.536184249390457], [2.1889575890890063, 40.088644608651066], [8.47716868680999, 31.534783437055196], [79.03489950960477, 6.958229641199053], [133.02961814325664, 4.005597933604978], [66.72313166871325, 8.966557477562805], [118.78777533388869, 4.203049920692875], [0.10781467452938423, 47.914838399553986], [10.070464406202833, 30.099415681266375], [7.769437092757723, 32.27853257371419], [113.54108811142898, 4.35656318026867], [0.024211329834338664, 48.924122631437726], [121.61391090857644, 4.139584973567795], [0.1786992856019962, 47.07658095753312], [136.0, 4.0], [29.890175492128527, 18.846702898701217], [0.0, 50.0], [136.0, 4.0]]",22.60
BNH,CCPSO_filter,26,100,0.413804,0.201278,5676.457719,0.653227,0.350171,95.0000,100.0000,"[[0.0, 50.0], [37.39157069314582, 16.119801980981666], [38.87114947668172, 15.676588016039261], [70.96309991557101, 8.175898258580826], [65.53001199042305, 9.152499775790904], [53.4595153171351, 11.665555001445126], [42.16764027901593, 14.634625264798025], [51.90276475998411, 12.043804335875365], [75.02932892309525, 7.520603479552418], [69.09638057244845, 8.498144232413875], [56.690046311116205, 10.937699704469795], [67.3059856056255, 8.816279869383155], [18.40778482440485, 24.27604477036275], [31.96766251029725, 18.014994596395432], [72.95085767498244, 7.844105849269015], [50.361157115278786, 12.413603224771144], [63.73898948500258, 9.487528970841385], [62.02366397265041, 9.879196430390905], [6.520591440067438, 33.57760131714453], [19.55733680037884, 23.63401128113613], [10.84458139258047, 29.428342656704267], [26.779097570183602, 20.11819303462184], [3.41328138541214, 37.80636640235666], [7.149385824606512, 32.88539033493939], [23.066245451993858, 21.817570829096105], [5.941318960968908, 34.25456590219112], [17.259668357720543, 24.93833800724875], [40.51361674577819, 15.142295108185245], [55.050889924516966, 11.309150603729622], [2.615983105194458, 39.21805589101636], [33.329579581004566, 17.51326091955871], [88.30153302405881, 5.915483842417459], [58.353824192234526, 10.647867620890665], [4.351948030805933, 36.37363081658008], [48.7152971963702, 12.860919389284849], [79.09683132252587, 6.95011937317165], [9.24263363593833, 30.840076640081875], [25.568079950802947, 20.659225734300414], [2.995109679104833, 38.51178432124025], [13.570983415525067, 27.34499971285739], [21.862167093949473, 22.407021608008296], [36.07866575118402, 16.573029525723317], [123.08953824333396, 4.111496698691936], [20.68010536647556, 23.014500752202395], [10.091371533012023, 30.165976289783398], [1.8810387195934233, 40.78632200099552], [60.04832504896887, 10.23226789544023], [3.868143622934576, 37.07770060525786], [100.11335913772736, 4.992930726409416], [2.2462893320727533, 39.963760148336235], [16.270816718713267, 25.54734637747267], [24.290083440748706, 21.224608667288972], [12.72461264694154, 28.008503150773983], [43.83821942061434, 14.164033839114534], [128.23232925467687, 4.0392502644937425], [125.67637057423724, 4.071194485683595], [28.25903892134405, 19.640266892470798], [34.674808822799285, 17.032124141719354], [120.46754053212659, 4.1637730153179575], [81.31200290006059, 6.670905299213551], [97.69647713179182, 5.150566753353749], [29.54894459850874, 19.010034197945757], [5.327686062941618, 35.01085376831642], [102.57142703519119, 4.847199197241325], [8.58157271373796, 31.46567813726388], [46.89122962403377, 13.30380085126171], [1.2798534158539328, 42.32122010061752], [83.63597009619147, 6.399584351713374], [92.80819089773266, 5.516443411336148], [86.02194719009051, 6.142389086034417], [30.56109561435553, 18.553624366659356], [14.445193096829406, 26.736637521565406], [112.87928158539647, 4.379404800293099], [1.5596516365012654, 41.559737363852506], [11.952859181226682, 28.741653285566436], [95.23230908871415, 5.326812646157555], [77.01518088809112, 7.232247442406035], [0.2681779987777369, 46.407675209679226], [115.28611965669722, 4.300153122598884], [15.367508811540581, 26.125421354395552], [110.10720797168767, 4.484030250244939], [1.003312188912376, 43.16991322446087], [7.909619062242777, 32.127054401068655], [107.66968246270356, 4.588446359646616], [130.7163583137206, 4.017924797436518], [117.87475904683113, 4.226353657448332], [45.53107054029091, 13.779247433642269], [4.843665870406115, 35.65941877022517], [0.7725311819480609, 43.982245534602264], [0.09994703691429854, 47.95272146880769], [133.34643293803356, 4.004460263323931], [0.03945145736042161, 48.709507081217225], [0.4230998293386521, 45.60493885750252], [0.5855446021862047, 44.86495391932844], [0.18420308855217687, 47.07026756987244], [105.1525869531436, 4.709129508094059], [90.44826985577909, 5.717532009565119], [136.0, 4.0], [0.0, 50.0], [136.0, 4.0]]",22.67
BNH,CCPSO_filter,27,100,0.415678,0.258362,5062.176359,0.658248,0.356993,88.0000,100.0000,"[[28.76670802391377, 19.276173984476152], [136.0, 4.0], [63.36552440533464, 9.558239058005558], [27.477489703997655, 19.809907201675323], [53.066905888260486, 11.766787762562844], [15.682001840338327, 25.918844067419037], [20.67482293241121, 23.039638404486805], [26.219077652537063, 20.34768503169264], [18.676070358805738, 24.13786752413119], [12.914876234482236, 27.845996012692787], [13.823327171752652, 27.182840193590295], [76.50177879391617, 7.304940776512247], [46.21554722012192, 13.494951589863447], [84.83804670603647, 6.267400010914095], [36.8107405728869, 16.301759467455806], [49.63720259667974, 12.595972402530666], [54.78044408804462, 11.371481414827953], [14.722546051974943, 26.554599009351968], [42.911750059264904, 14.408647004574835], [19.649736698127562, 23.568428746114474], [87.0456581771742, 6.038292418290132], [6.811050556025154, 33.248698930580574], [47.920623656788116, 13.030944167180843], [51.35072825013597, 12.169571495294637], [7.505967147032235, 32.51159444597601], [80.60917948003657, 6.757243035928779], [22.6503907736294, 22.010694510037347], [56.51102724368454, 10.992427881629288], [74.50847019307125, 7.599520882931625], [89.2820980478827, 5.823230760281804], [82.71754140764901, 6.504269621439221], [39.755100962225015, 15.357682936882338], [38.259516504177974, 15.828149361100898], [125.13619117753335, 4.078065340478899], [61.63639309105545, 9.92657097741085], [103.84835725282596, 4.777032176902199], [11.196396423884856, 29.15562145166784], [29.983625073379265, 18.77899282054301], [32.65320447940116, 17.758945552217416], [8.214421364599067, 31.7937422537219], [127.78469061538578, 4.044009180944258], [2.301627937523949, 39.8513554447117], [35.37634812522393, 16.797265252608995], [5.545599262566247, 34.73480232678594], [24.9853790631645, 20.907777698398903], [78.53777719522364, 7.0239485975659335], [3.5441871882480394, 37.610912425445896], [133.2145495031379, 4.0049179443585965], [9.655057002867135, 30.444336966599096], [93.86114220875768, 5.432029640830187], [41.356863393545936, 14.869520068513749], [67.03695752855353, 8.870746869152125], [2.6788902463159663, 39.097169487775844], [21.634601612084694, 22.519407074473513], [16.640147805546697, 25.31631928799453], [111.81017805783027, 4.418024286875448], [23.84664693816574, 21.47480152005167], [59.87010021598199, 10.254858642433142], [12.033300866496177, 28.490086903918918], [17.614679720641238, 24.72659421289974], [58.18724498589725, 10.611604438879745], [98.83260081691745, 5.0746413963665855], [114.4971378937299, 4.324979204125514], [70.73249838803417, 8.215982562178386], [44.49503408062289, 13.958616989647616], [119.76241337763939, 4.179699349394793], [8.924539758147782, 31.109022818470944], [6.166159847318436, 33.98284326873124], [4.486048122725785, 36.15636336384803], [1.9645560911503068, 40.58687725991619], [0.8658054708885996, 43.64744049299932], [130.48122884429165, 4.019579633110757], [1.662344617108848, 41.32303434700504], [122.44947536632304, 4.123263836665081], [0.6605126091088724, 44.42325266419259], [4.013364490524864, 36.86033065168337], [10.420793866357783, 29.800753895526054], [68.89200397123804, 8.547225514525564], [96.31785823132986, 5.247178302922794], [109.15226343628869, 4.523517622159658], [91.5426298407942, 5.6221935039336275], [101.15432129008659, 4.929466949552653], [3.0890265389395375, 38.34442409212093], [31.281449908890963, 18.282033467591056], [72.58104184653055, 7.904128767146338], [106.54215981756741, 4.640849868153745], [5.023000932760045, 35.408544575496464], [0.19622112270572867, 46.925587137621804], [0.022601225741435763, 48.94386875445823], [0.0862079340124805, 47.94561495857123], [1.1119381023252948, 42.83705226449139], [34.03499376563033, 17.263501052394037], [1.4050846745767749, 41.97946939753818], [65.17174300247592, 9.213872196568062], [117.13345250485622, 4.246308242247614], [0.33440070808112904, 46.00946607031278], [0.0, 50.0], [0.47304638368730095, 45.25604503006632], [0.0, 50.0], [136.0, 4.0]]",22.76
BNH,CCPSO_filter,28,100,0.429702,0.299199,5101.891902,0.650240,0.346329,95.0000,100.0000,"[[0.0, 50.0], [14.495799434577602, 26.70237177487798], [30.871638033696904, 18.436858085097107], [39.10392005010662, 15.56307883003209], [64.62675356488859, 9.348676126184488], [12.64877138438196, 28.01412483592092], [56.194796009393784, 11.043268103467998], [21.898530510874497, 22.385257801425148], [36.46675516495307, 16.418319428910408], [98.1582889025521, 5.119308114856087], [20.77421800870693, 23.019308330275045], [57.80021741810045, 10.696856872702309], [5.9453064608228, 34.281054857772794], [54.61403303107449, 11.405463618682784], [100.40004396954124, 4.975191999167023], [5.3317120298481475, 35.0087689026286], [102.67373105429259, 4.841440756356711], [35.12470903437908, 16.876759040343526], [46.5924475924907, 13.408053737540321], [25.54047600374554, 20.652113895274876], [19.569305684952802, 23.612441621777972], [4.271873413585712, 36.47767592813193], [24.33966674778597, 21.20413085712437], [109.67644673376039, 4.501619115210884], [43.61062360171639, 14.207258320382824], [48.2134014791807, 12.956838115557932], [17.448999755719754, 24.833333531739925], [37.79019360955705, 15.983031251643038], [7.9038826532629605, 32.1000530467641], [91.61048645238733, 5.616402157248493], [4.776720556915962, 35.74627257642308], [42.06443286446918, 14.67365176221144], [10.14190393329602, 30.016701728910952], [59.333173974119184, 10.36978284389403], [45.1361265519402, 13.812286583339809], [29.474979010956964, 18.979803577367697], [66.37393719582005, 8.991145139230678], [3.7764185814181683, 37.206136640725994], [107.29894363453892, 4.605385003351108], [28.11360652811336, 19.560847060635524], [68.26662079260535, 8.643020314346797], [93.7620630778277, 5.439837131494516], [89.34305435185081, 5.817598809372441], [6.5528071817004445, 33.54355867355792], [7.207049503295612, 32.819368938720245], [61.079685107253184, 10.017009921632411], [122.49170661404892, 4.122467888557846], [26.76001054735589, 20.11461274225502], [125.13347746053397, 4.078105500672897], [32.271560843257916, 17.901533208190905], [1.2718816562460376, 42.40897989427764], [95.9817852641879, 5.271492080913684], [87.06590326615549, 6.036270364374353], [9.391072662516653, 30.679588346205257], [1.5452436081573653, 41.60595978510592], [11.001511058686756, 29.30749232486847], [2.1895581216518973, 40.08906470434615], [51.39331137130368, 12.16017272733037], [117.24979522464704, 4.243114657361914], [0.5933399345698718, 44.71798587142488], [112.17098735110609, 4.404750965169675], [13.546853322283827, 27.361272328574987], [18.510886733835314, 24.205252769240463], [0.27366209023658283, 46.3768001184042], [0.7942515434315878, 43.93063676159245], [79.44875724344612, 6.904353655494944], [72.2879340531643, 7.952249926668706], [74.5186559266833, 7.597964089994211], [49.86528755019532, 12.599921480048742], [53.0638412571743, 11.80069133991513], [1.0175070370364958, 43.162115955447845], [11.819008490168224, 28.659813558727706], [1.8751882568574239, 40.83469792415967], [2.5453728967043796, 39.3605270221004], [0.1644406668845323, 47.26264595398157], [2.946739400414841, 38.632906827164106], [70.10079460719575, 8.32720830370313], [81.99294543221382, 6.589186890317775], [40.59792464697964, 15.109884371834877], [3.3546396494005846, 37.90205843062904], [104.97214706477237, 4.718301046151367], [77.1018765582874, 7.250461529411497], [84.5083148478018, 6.30312329050177], [133.23716494781235, 4.004837850922037], [0.07594931313748135, 48.10153163119134], [119.8471156741795, 4.1777435802909135], [15.432066599444566, 26.087934684516235], [16.532173477238857, 25.39223698306563], [130.50676891008845, 4.0193962447973455], [127.80663829485994, 4.0437692280579505], [62.67392822835723, 9.692143534778907], [23.248454460556275, 21.7267881343396], [0.022875827548262177, 48.99638756231006], [0.4214095020018253, 45.52562915685808], [114.70067638284426, 4.318468253886652], [8.670566751057894, 31.376581666021096], [136.0, 4.0], [33.662257744312925, 17.391341543870382], [0.0, 50.0], [136.0, 4.0]]",22.24
BNH,CCPSO_filter,29,100,0.403593,0.175767,3851.917798,0.597726,0.321895,91.0000,100.0000,"[[136.0, 4.0], [8.105190273998035, 31.922769745802384], [49.04190960585467, 12.751970420975605], [36.40334056831512, 16.46421495906386], [19.23283222743978, 23.851296025759858], [18.09727333137854, 24.454780640884685], [8.822576901034004, 31.20765092588729], [52.27278096623033, 11.945930311632523], [28.59986896447908, 19.344870255122167], [64.35836513780256, 9.363582303270054], [58.996351524035575, 10.436955962330746], [17.05359073309451, 25.070684855828173], [50.65739444044671, 12.337712612644413], [4.41206945989048, 36.263463323381416], [12.95249235744569, 27.795054115881662], [71.7585909157242, 8.04040404463186], [66.21217359159434, 9.022685266023224], [75.59905985500376, 7.43587301798088], [27.556783018759248, 19.837509392738966], [10.368519830868445, 29.82680583218209], [6.7866060764770175, 33.29171458164972], [83.835081022146, 6.377315318624867], [11.167520580620607, 29.162809141754416], [37.930157025365574, 15.979114752777306], [89.96598445879829, 5.7607241180486275], [26.293588872648275, 20.322585228661787], [2.6107736098913703, 39.23633507084642], [133.27986862521112, 4.00468843225745], [53.937276164379796, 11.553265082708112], [57.28820553398563, 10.808243956110108], [25.09238680092239, 20.856559976077236], [32.388572055614645, 17.872694054824063], [7.465764301140235, 32.604701789672475], [77.62036110999625, 7.1481681095378695], [20.27981494288798, 23.231589762979894], [31.14911810977102, 18.363470737328825], [69.86740234690927, 8.36899742411871], [68.02805359525988, 8.689051995681972], [21.453176164895325, 22.61227791964853], [13.955722591309028, 27.076856285834317], [62.56819137399447, 9.734590707120415], [55.58929589276776, 11.181187459839936], [6.126115258746458, 34.03235252088294], [3.903237017055404, 37.00597571363873], [103.69255590901801, 4.785395994375018], [33.672107757466975, 17.38789194914343], [23.91479472953245, 21.40004460487213], [22.70862087742778, 21.989102570734595], [45.78730157564281, 13.599826168877957], [73.66575493613328, 7.730222391783954], [98.97049921476562, 5.065648099699196], [47.33002059389061, 13.186806663570703], [81.79384732363371, 6.612886128833507], [106.04301593665905, 4.6649011619736935], [4.949412049709852, 35.51039015692305], [125.486636866764, 4.072970845139935], [101.29966325726005, 4.920812292129283], [118.05620747116612, 4.22161114332678], [1.8959811569034657, 40.779072275166136], [60.770311994103125, 10.079110327592055], [42.69147263581654, 14.474285984366166], [1.0021347634821665, 43.21552847087311], [12.027630624020826, 28.490505954766718], [85.85047271816424, 6.160184581358257], [14.948037016734673, 26.408387572816384], [96.59005780334724, 5.227706575107503], [2.2413756342506392, 40.01912636661373], [115.61796588283337, 4.290041490115348], [79.65741750389435, 6.8774744143706945], [3.0183469591824426, 38.47325074758085], [110.82347799697094, 4.45558684208229], [87.89437088121035, 5.954718889625166], [29.749505789179736, 18.869676065458506], [94.30643899373686, 5.3972832111127165], [3.4678023996412723, 37.72630855493704], [0.38252144959569057, 45.72240825950634], [0.5495293870763596, 44.895665491263024], [123.0006160853961, 4.113093627978363], [41.18372746887609, 14.919954184053395], [120.49407149435122, 4.163189465723044], [44.272381506454366, 14.023875881890898], [92.08156116739616, 5.576578664493259], [0.7751715704220659, 44.06657332616072], [130.62290384565006, 4.018573535090808], [0.2382062726821621, 46.61836190560159], [0.11749316388377391, 47.60768966485817], [1.2883403458860605, 42.30157265867615], [128.01563020164684, 4.0415185873797395], [9.66833415253856, 30.53262171280052], [108.41025405988005, 4.555456075133386], [113.19824359762197, 4.368295382230264], [39.52362585354135, 15.440066540319862], [15.985258798455618, 25.75082431150782], [5.559543739492204, 34.72128159149587], [35.09743023927818, 16.918369264048692], [1.582027201736435, 41.502464678171506], [0.0, 50.0], [0.06195710446153712, 48.77093007240572], [0.0, 50.0], [136.0, 4.0]]",21.86
BNH,CCPSO_filter,30,100,0.409117,0.193450,4096.470353,0.581006,0.331251,90.0000,100.0000,"[[18.324239505593127, 24.33142821423618], [48.48074182176114, 12.894657361413266], [56.92055491726381, 10.882053047278806], [17.29161410661166, 24.92088224058242], [15.353370085442394, 26.14907920899241], [19.37352674712215, 23.730811467153135], [31.62593510597324, 18.145437171773697], [39.43612407031771, 15.467618338013985], [16.310056737110244, 25.52255000176896], [58.78729742007491, 10.483280382264098], [38.14978479264096, 15.8639680429789], [34.26494202683416, 17.1748989674333], [36.906288959260465, 16.271434103706866], [27.840612385793396, 19.686305578426975], [3.147152653034539, 38.251927622867214], [3.9979867859780143, 36.86114202289551], [46.93283641935352, 13.302099638892324], [25.25917985500604, 20.80384113854747], [33.01542992009551, 17.65513042201797], [60.63206089044462, 10.101158064752205], [74.25637871114004, 7.638224151985723], [113.18047953329328, 4.368909162020122], [24.053521010191126, 21.358117072454114], [62.52896277020213, 9.717722213092618], [51.727775335596526, 12.09135025781697], [22.773547859509428, 21.951134680364923], [110.75072779151405, 4.458430337564331], [6.191605006320988, 33.98380010892217], [72.29383303563796, 7.952240183110336], [118.03056886945843, 4.222277895804151], [70.29143235511515, 8.293414636454106], [42.4887514198908, 14.604643138307026], [40.89172306984422, 15.006732898782277], [2.744129713360585, 38.97290954820912], [13.216960542200287, 27.629027629137617], [122.85524011740812, 4.115730638295546], [35.61060318716265, 16.70649201499954], [5.599369066328915, 34.68156546099449], [8.109288064155328, 31.906227242421885], [14.249336904520774, 26.878812443691615], [66.53853619311147, 9.071156085751278], [11.222017641660027, 29.124830467311668], [43.91251019890079, 14.162615141120995], [26.563026522104607, 20.250504866389527], [120.44156689447411, 4.1643454044644415], [9.635629399878333, 30.492632549157598], [115.59877467515258, 4.290620971871271], [91.89441352811971, 5.602763128688507], [21.663131440988252, 22.525266358260467], [50.074182836809996, 12.506478162294833], [78.36319746096902, 7.047291002986267], [12.241127977750804, 28.397242968817146], [8.832765817173883, 31.209610395019805], [76.26866726213682, 7.338367885328536], [0.8439187415117634, 43.71716931210127], [45.36201302967413, 13.73302034401268], [2.333843855954602, 39.78692218925234], [87.34817919992784, 6.038265582492124], [4.5151737908668235, 36.11943872455084], [10.41992385685731, 29.783258704865318], [29.328444527830477, 19.21459493491352], [105.86018293092825, 4.673843629021212], [101.09888845837541, 4.932781017772728], [85.23925409752746, 6.224469683424762], [125.35255904300702, 4.0748984830402195], [5.036322350802446, 35.403413969145184], [108.29292842006319, 4.560607974040541], [0.06996137438760108, 48.17590654447722], [0.28160164027912304, 46.32459889848482], [64.37770862350095, 9.380484523847432], [127.93887447864104, 4.042337974076691], [6.786893905851475, 33.283247201492884], [30.296216884185885, 18.70168886471029], [98.72624557003509, 5.081610139371134], [1.9983142242940803, 40.503856005711334], [0.6295609008366987, 44.5537644378515], [103.55270322872315, 4.792950041672713], [1.0763647902980495, 42.93509966659743], [7.465025064764129, 32.56619814997448], [1.7171767344902982, 41.16330038019365], [96.43767926493533, 5.238582654894186], [68.35836580718836, 8.647384343703159], [20.504101764680392, 23.107453002602576], [3.656949603871537, 37.56287651197269], [82.85174537381927, 6.684311999626909], [55.05379792875671, 11.308021180479862], [0.01773752251130125, 49.06733535893807], [133.1536171194375, 4.005137058763557], [1.4190234022555641, 41.97463240686382], [0.15740070411601684, 47.23637601820742], [94.17060829023512, 5.407822752685353], [0.4617754579638508, 45.37611683464573], [89.40020977658634, 5.812328864062145], [53.338625929032744, 11.696573658310008], [80.61922842353958, 6.8601781625452976], [130.45993114970193, 4.019733238292099], [136.0, 4.0], [0.0, 50.0], [84.33827628755401, 6.323006873027394], [136.0, 4.0]]",22.33
