problem_name,solver_name,run_id,final_archive_size           [archive solutions at the last iteration],final_igd                    [IGD of the final archive],final_gd                     [GD of the final archive],final_hypervolume            [hypervolume of the final archive],final_spacing                [spacing of the final archive],final_spread                 [spread of the final archive],final_feasibility_pct        [% feasible in population at the last iteration],final_front_feasibility_pct  [% of returned front members satisfying all constraints],final_feasible_front         [objective vectors of FEASIBLE front members only; for honest cross-algorithm HV],run_time_s
BNH,MGPSO_feasarch,1,100,0.418455,0.272069,5949.365994,0.620828,0.338271,95.0000,100.0000,"[[0.0, 50.0], [26.47755358356101, 20.25314957982438], [20.533648194607075, 23.0919392405605], [23.963778278287275, 21.380242924193674], [31.555398195795313, 18.16773031469735], [54.80891162875773, 11.375649463239117], [39.481357489807166, 15.446591911761566], [32.86896976213657, 17.687663465064368], [45.313471776661856, 13.748170997581163], [46.81278475826588, 13.331366689598845], [34.17110197206134, 17.240960989880097], [65.20199635481366, 9.206972289307547], [35.440407147186846, 16.78555516161346], [6.355839940001944, 33.79466552960342], [53.226425079386985, 11.751742776985974], [40.84036602368669, 15.021439643162612], [51.550869682486535, 12.120276054573669], [59.618566224508626, 10.30688851359587], [30.305853122991067, 18.650459771397855], [84.54788197234757, 6.29881541408351], [19.45990536850219, 23.700749606394652], [27.72735968843828, 19.706344263518208], [42.294189772076656, 14.590998344424683], [82.23797608295442, 6.560238116030036], [7.5760373194071935, 32.431629197679584], [8.96455745687883, 31.07633369196789], [98.32221495083904, 5.108343592203896], [48.37797963775037, 12.916265068965874], [89.09642132032839, 5.8404597122166], [21.670636304779546, 22.533138272510506], [67.11639425688855, 8.85278368061753], [36.741537743258306, 16.327514846199872], [12.2999898850371, 28.31184583072766], [95.9579652316914, 5.273226885947878], [49.97618934960202, 12.511463169673512], [25.219335343878758, 20.816674827873186], [56.35879352465159, 11.006249393581587], [4.5441381153163025, 36.06330214867968], [14.16268292184694, 26.964578060768506], [43.73758227483495, 14.182248213570915], [110.0060343405862, 4.488128591071974], [107.67025876727219, 4.588420249934926], [9.670661961782068, 30.436590371398708], [6.985064768377381, 33.0964011258057], [114.95139734123624, 4.310549917823576], [103.03091708557243, 4.8215236932095], [11.303799027405594, 29.05883253906981], [8.278052768543116, 31.744360126664375], [120.05266447777416, 4.173046006769817], [79.92907117174866, 6.842762979290409], [22.784874670576485, 21.966914056615344], [5.1151176457944185, 35.28648476768315], [13.206659706843876, 27.624422156286343], [10.475948592233733, 29.73759441162742], [91.35778899271546, 5.638039683170165], [15.11063671154632, 26.291761107518283], [16.11444003734777, 25.652908492527892], [29.07473951555729, 19.141165140312605], [5.7244963524641115, 34.54148141693068], [77.62664187857274, 7.147304509483062], [1.3008339963676336, 42.28792844944983], [72.90721589753325, 7.851149291095724], [57.88276199446133, 10.684304070053877], [117.48475142222985, 4.236735542986456], [100.69406239475335, 4.957205973502267], [68.94366578872533, 8.537630004988774], [18.322473709637553, 24.3130843014997], [2.3087821918533744, 39.86467504401399], [105.31004540894767, 4.70118392326846], [17.272231769302497, 25.037044625326285], [38.16144348185675, 15.889095850524265], [4.034764383171575, 36.805644796878774], [75.20043659021434, 7.494983133506644], [63.482163658363675, 9.53281916476487], [61.52886281656495, 9.917908843146538], [93.64350853201734, 5.449216035254233], [1.618696553185693, 41.41080979970226], [3.529251380474918, 37.622875310566585], [112.47255054286579, 4.393845033415324], [2.7261564685262982, 39.03503553103228], [127.66327583932177, 4.045348981115545], [125.10969631200754, 4.07845790499987], [0.640882140285189, 44.503716716570054], [3.1077004457712905, 38.31975431080858], [70.96920676202438, 8.174918156439212], [122.56384520174265, 4.121114675112764], [86.99802358409968, 6.043055643969731], [130.07554108053003, 4.022611938944978], [0.27734327673799053, 46.34618270006939], [0.01479181393583691, 49.14399991594788], [1.0568600465639602, 43.12145061064538], [0.16027522782859505, 47.211931694908586], [1.941483185570783, 40.67605280240386], [132.8938836091975, 4.006125481909852], [0.4744148177944716, 45.25965359951703], [0.930760890045204, 43.81123057396815], [0.0, 50.0], [0.08826362379948385, 48.003607333945666], [136.0, 4.0], [77.99470129083439, 7.0970159165784885]]",20.68
BNH,MGPSO_feasarch,2,100,0.424542,0.291345,5206.315281,0.666556,0.371376,92.0000,100.0000,"[[0.0, 50.0], [136.0, 4.0], [49.55889763221485, 12.611052787025919], [19.14327281900573, 23.865990757884475], [17.05742777134212, 25.072616063182064], [21.24906450388562, 22.718799017744615], [64.15455127744117, 9.419732202906733], [6.477966469290223, 33.62716158925986], [87.18278293520729, 6.024623994473376], [13.348283267683586, 27.507330248391256], [7.628272122196209, 32.393977880310835], [4.893632416036838, 35.62665489074017], [3.9181615849893734, 36.983854859669734], [0.4733341313389949, 45.25597574591055], [2.581533339137202, 39.28973339137635], [44.6771106233222, 13.934972379716097], [46.19329179661696, 13.49052288724542], [16.089144378186475, 25.665336972707678], [0.019799183325246203, 49.01006018657432], [25.803869123251758, 20.57708079982889], [1.8322452079054803, 40.90626417336419], [76.16281119544047, 7.353634775989782], [3.0185503906046725, 38.474200333313405], [32.25067651469676, 17.914142073872377], [89.47685007533548, 5.80527876050602], [0.1784015930108103, 47.093426442306864], [12.470857924278896, 28.149614242734245], [0.07829110848594986, 48.04345127924226], [37.59962066309929, 16.041946800451775], [69.97402060430662, 8.347604950508764], [43.149157131309835, 14.361602733187997], [68.00196657517269, 8.696990814475694], [4.381483409958647, 36.294902020966276], [40.29298754533676, 15.18935416979336], [11.683832824404956, 28.75259839527106], [62.28214377886658, 9.767067296810174], [22.278541400084052, 22.194107536377572], [5.384005791700153, 34.93964750158628], [108.89301941132916, 4.534550430195743], [2.195955429501755, 40.10573381099911], [130.23955248967283, 4.021358970394856], [94.20387105061434, 5.405236988878146], [116.5480012766389, 4.262731167273], [82.71601191442356, 6.504446685062165], [23.348991606147543, 21.669594193727406], [8.863576179358287, 31.177846263027213], [38.90208117952255, 15.622763104889941], [111.39827083302555, 4.43347886062251], [47.80308142280121, 13.063435002593796], [0.9058295243242278, 43.49659406161696], [5.924003203103515, 34.27889744954399], [58.523062152071674, 10.54848422328547], [41.71519995871387, 14.764310564247898], [14.266867478992916, 26.880474854840745], [127.40343096538662, 4.048286951328829], [84.92111797300328, 6.258462993030505], [28.25377553485037, 19.47990169699804], [27.023508991386787, 20.013445260870366], [113.94924848743324, 4.342876320889792], [36.23433889687233, 16.502345569243367], [29.569912259489335, 18.95103166039697], [7.043059252897439, 32.997212470799845], [66.02792040636021, 9.061975366953924], [119.19270484070022, 4.193158711905136], [78.30060876258273, 7.055693107435699], [33.529134099754316, 17.439677270334965], [60.34834238318403, 10.158045334300677], [54.72744755848934, 11.38723610525377], [30.90103567758823, 18.44095285629431], [15.157374555274885, 26.27562578111134], [91.81826073322947, 5.598755483466344], [103.93719451642784, 4.772287480526793], [18.07234467702438, 24.458015256476102], [121.87712658571468, 4.134325461676893], [24.518399904463315, 21.121007772816995], [34.8676944411744, 16.968319252191826], [53.0356725338065, 11.7888842350748], [74.05539083077772, 7.6693219248356], [20.215911740930423, 23.27720754113585], [101.48680681140827, 4.909742157061323], [0.6747035390654633, 44.36863327208367], [10.924604571036753, 29.36418989202025], [8.282678168929301, 31.790994371891625], [99.03742897819762, 5.061300309040074], [72.0046441651659, 7.999226034876516], [51.37896323398313, 12.213707784103757], [80.49068819306838, 6.772001817719861], [106.40099670185589, 4.647598275355202], [1.1821221841407459, 42.623004848936404], [10.23116448703906, 29.98590278580499], [96.58169847360793, 5.228301628126888], [124.62318782226446, 4.085852239679615], [56.49050645529161, 10.980119825804458], [3.469023629412491, 37.69819250566374], [9.538185571095623, 30.580141061128394], [133.1035368722662, 4.005320776934126], [0.3070331977727785, 46.15962177890075], [1.4928012503512802, 41.73647623027196], [0.0, 50.0], [136.0, 4.0]]",20.86
BNH,MGPSO_feasarch,3,100,0.408862,0.125011,5567.307105,0.625526,0.333604,92.0000,100.0000,"[[0.0, 50.0], [54.23949125885153, 11.52133196719597], [41.99859937056152, 14.684943837409397], [19.673704679528182, 23.559887778036682], [31.633496263697946, 18.15978641090902], [43.51040194556544, 14.264384849221965], [47.79686313446175, 13.074936512491515], [39.01985316584337, 15.588844501520498], [94.96863360812907, 5.346639910895483], [40.49036072239569, 15.127958636087254], [97.13069202028225, 5.189613512277519], [52.59904169456916, 11.896602766983523], [46.25434851615744, 13.473310903397234], [101.51092961440598, 4.9083212346686125], [106.14692792310466, 4.65985055345858], [50.90456165259042, 12.276019674787957], [24.68492695015711, 21.073358770264576], [27.346147640830395, 19.859853722726832], [67.62627501449998, 8.770706486560005], [55.90962136998571, 11.11355359669136], [92.84688931355488, 5.513284259433236], [86.57380204728508, 6.085820512310237], [37.45114162425336, 16.09001137065261], [32.99781665287709, 17.64801154045409], [34.46545290469294, 17.106636617684195], [49.342244183218405, 12.66601199829566], [103.80585165153896, 4.77930859363064], [1.6300385575194982, 41.379681796010786], [11.535270537668161, 28.878792087329806], [25.979004562313936, 20.464068494985202], [1.0719106307678632, 42.96087969137781], [75.85025726485622, 7.399034228129714], [59.67804884448147, 10.307418406223803], [10.112943139069735, 30.044781692758356], [80.00237939285023, 6.833450189359938], [13.141203042826845, 27.658918614053263], [57.81584283353095, 10.719972556724965], [88.61363099935718, 5.8857806564667605], [99.3066729624569, 5.043922934873665], [23.295491949256856, 21.717586910270725], [73.78926120200423, 7.710829976864822], [35.9219802350342, 16.603072272238503], [61.46654067338599, 9.938235996226801], [3.6556309463370518, 37.395893194912645], [1.335827844184056, 42.161359102408724], [8.762360497738303, 31.295772354353453], [4.211182329994884, 36.62255246197349], [14.874536352466412, 26.457634418903588], [15.935061343446995, 25.8440865490849], [18.74708135967225, 24.076663213755104], [77.93945175583812, 7.1045248632699405], [17.857072259791813, 24.715619659652617], [108.5024817537364, 4.551425861866829], [115.64864477147336, 4.2891164817907015], [8.021479964684026, 31.98073976474354], [20.828639338584342, 22.94731615327624], [65.52615747073943, 9.151753017302655], [3.188483199705889, 38.17544707049579], [13.987163384432954, 27.05224199555816], [90.71082984964937, 5.694322730329825], [63.45525013748159, 9.537557879566432], [12.349043419406302, 28.282421600786464], [9.42657769676996, 30.64841644975955], [22.04413522544004, 22.329803416882804], [30.368874702598344, 18.699417101603608], [28.902496777761897, 19.235459396723208], [4.74381356340855, 35.79402578808225], [82.14783273130257, 6.5708601101508215], [2.3522499301943847, 39.75027999652753], [0.30795299466372683, 46.290990410116386], [110.8341018348962, 4.455172457223634], [10.831008272502721, 29.45266954357548], [5.480354044087554, 34.99091465960322], [84.39422304411443, 6.315577508687124], [0.16780966452485452, 47.14656753433245], [113.23178765958637, 4.36713796137755], [69.6199636907885, 8.47215817360334], [128.29525285730028, 4.038604029472892], [71.51014122796079, 8.083094965322855], [2.7510374933586124, 38.96173827255948], [125.78315732727077, 4.068801952059476], [16.783857905018046, 25.24833455799608], [5.901624773261598, 34.35883109950228], [0.07917822334071536, 48.085826631869715], [44.89697567902911, 13.844761663960174], [7.353415136203013, 32.712143027260026], [0.6232953490025419, 44.57358686694352], [120.43885582025268, 4.164405211881163], [1.9543689255000238, 40.60923203570237], [133.43153928666834, 4.004176934957008], [0.8624915259442638, 43.736485623285915], [6.644600604715244, 33.434098417907066], [0.45310645152997686, 45.4543373484646], [117.8926258127551, 4.2258842114405715], [123.14683745378132, 4.110474121680887], [0.029760289793893092, 48.81031322313192], [0.0, 50.0], [136.0, 4.0], [130.8465499493754, 4.017040777499492], [136.0, 4.0]]",20.86
BNH,MGPSO_feasarch,4,100,0.417334,0.210895,5482.010168,0.667342,0.359359,91.0000,100.0000,"[[0.0, 50.0], [41.05098104671373, 14.963948309817809], [23.301272388945954, 21.692394216942542], [25.85624357360288, 20.519655111638254], [35.477005924029086, 16.764119748637818], [36.871148827697866, 16.297401840421433], [47.22468827175071, 13.21366825559334], [27.21818660370569, 19.931408168007387], [45.63371939131832, 13.644026634395427], [15.879009700457003, 25.793041767552683], [57.56424371677329, 10.742563285171485], [39.69658286912639, 15.375033632054196], [32.669862447665295, 17.764847454690788], [42.59463465564954, 14.50270450046552], [61.22408495178835, 9.984519598113248], [20.91429776218024, 22.892314311506496], [31.33635086389622, 18.27895170524767], [17.805129782318446, 24.614681608726265], [66.92785685707463, 8.884090352370063], [68.86280864714692, 8.53972012973656], [72.66341868939219, 7.8906921255539375], [29.90661507556849, 18.829902232655584], [59.32973466726881, 10.380697923624906], [24.541543870483387, 21.11076293894146], [44.085377388972624, 14.071939654737008], [64.99693257434711, 9.241880931111952], [38.25661421716049, 15.828539573236263], [22.182664829881503, 22.284892017107737], [85.97985655119959, 6.146747580525191], [14.190653828576718, 26.94758719451972], [79.31171057275998, 6.922111070447121], [3.05092241166622, 38.41338969220665], [14.994525946348856, 26.377173766564166], [74.80180158046664, 7.554904332932006], [70.74083359784633, 8.21219797466898], [55.7983999401922, 11.134646220101477], [77.07161712065881, 7.224333505101722], [16.812139982350406, 25.223633959581544], [12.5240756077032, 28.108447978093444], [5.362095751895632, 34.97320324628299], [3.488043252656052, 37.73774018734737], [28.51835871613325, 19.385543517276478], [10.976949351156287, 29.318207916563313], [63.12193430051252, 9.607984265840749], [7.84635876757797, 32.16036006061842], [99.99428474401199, 5.000357243374262], [81.60468001209887, 6.635551390263131], [97.58220267782895, 5.158386310322877], [13.296163892583984, 27.541949785843308], [7.1502860269520765, 32.8796219351332], [49.15336321263358, 12.75346070547024], [4.375369959155346, 36.32190446030431], [128.12595000460325, 4.040355506634563], [10.216300212819377, 29.99317725040222], [11.849439297746102, 28.711601119279756], [5.946618517037058, 34.26924827964635], [8.598853132838343, 31.42275347334086], [105.10969091036584, 4.7113034384499], [54.12958124705371, 11.528164593405425], [102.49688210607907, 4.851410313683361], [50.823795346286715, 12.297891398985357], [107.61328303803164, 4.591004869795716], [110.0892582951782, 4.484755890948064], [34.02565335874676, 17.260666598428305], [83.78483621060734, 6.382920649127735], [6.576992350263305, 33.554079024278586], [117.71766495611881, 4.23050448329193], [19.8707540536221, 23.464931803827007], [3.8841904656912183, 37.035859422570795], [9.375802627271296, 30.693359262441746], [0.12663062828198493, 47.566543349537895], [133.33012901831972, 4.004515616385434], [115.02966325571383, 4.308101067884895], [112.5147431591219, 4.392332729905358], [93.33424259778043, 5.473871467618604], [1.5272549763236494, 41.64336755712989], [88.4216577239392, 5.914890627163587], [122.97815403999469, 4.113498944062902], [0.05704650953158551, 48.35054184012099], [0.9350666573767659, 43.39989256466045], [95.46314245448895, 5.309611511901204], [52.50114113172077, 11.898424635516196], [18.821049608166923, 24.02987728716546], [120.36445482295856, 4.166051151901305], [4.860067631237556, 35.640730291883145], [0.23900141409723621, 46.77644025753318], [0.016115661831685696, 49.12110234761761], [130.7685370329614, 4.017567739122432], [0.33431196919805584, 45.9973883908291], [125.54955061624145, 4.072075487637575], [0.554888151593651, 45.007414271840666], [2.7724255194025105, 38.92060428706429], [1.9531744603120746, 40.63819206857579], [2.351376922169766, 39.75209696859665], [1.2369629166443965, 42.620220291420964], [0.7803061838509779, 44.02389474769704], [136.0, 4.0], [0.0, 50.0], [136.0, 4.0], [91.0166688991871, 5.667556130229542]]",20.72
BNH,MGPSO_feasarch,5,100,0.422330,0.288356,3844.211217,0.638028,0.350846,93.0000,100.0000,"[[0.0, 50.0], [62.685002800959154, 9.688318162196811], [59.150464708534855, 10.404507089526447], [30.872845508726364, 18.431148918648354], [9.704289698048981, 30.39851667702386], [32.21972163757944, 17.918604908264925], [12.07079021897602, 28.4518429212968], [64.4923598100248, 9.337378208293284], [11.25520932193745, 29.09967483080085], [66.3497265859204, 8.990428665516227], [16.62594496641239, 25.324265849063814], [19.849687568522207, 23.45899274132097], [10.458453652040902, 29.74722992003604], [86.82883925972037, 6.060036273497537], [37.558388768002914, 16.0563670311574], [34.85377258985706, 16.968216160934713], [41.685923257302136, 14.773176343834152], [60.88403235350993, 10.046883746701258], [8.96364947332361, 31.072105098269013], [28.33845592256663, 19.446224024222538], [15.651658372273182, 25.938231320598867], [70.24978308450434, 8.300788656181133], [12.896069859694792, 27.837770439308855], [107.1390290750859, 4.612779287211878], [20.944249669291473, 22.87628504374779], [17.645472791406437, 24.708648692245355], [29.575068770511102, 18.94068012710651], [55.776598738622354, 11.207672368701719], [104.78148427825283, 4.7280694096249185], [97.97497653002448, 5.131650523926152], [93.3848104286478, 5.469821302763361], [102.47766881931206, 4.852497766602106], [52.07631380340602, 11.993256339542837], [33.56608431312711, 17.451066307864384], [112.0678407308251, 4.408520423060809], [8.278989131310821, 31.76276499835987], [36.24759223940059, 16.52133642093991], [46.787767770135666, 13.372294044718757], [53.92924355437955, 11.5947433995393], [7.554202451361627, 32.461814327989146], [14.700901969725198, 26.570072029668196], [25.88743101833397, 20.494615157983276], [38.859858580541996, 15.643598208646608], [88.94560681409355, 5.85453574873296], [23.315518615184992, 21.68799120559379], [18.75644016635379, 24.07932564857419], [48.47704844121506, 12.890952454210993], [74.26354838280804, 7.637118779291461], [13.767693328598654, 27.206476420169604], [57.373555357619296, 10.783600726016095], [76.33581017155359, 7.32871275023623], [91.2100555209627, 5.650779223241583], [109.57716129700978, 4.505725036693052], [24.561892386345534, 21.121060462703102], [80.53225313419915, 6.766817939565117], [2.7550469404571283, 38.989549928237295], [95.65474205310348, 5.295444339866807], [117.14906238197229, 4.245878410490574], [50.32282157370148, 12.431527752078225], [82.64251089995926, 6.512966421483515], [6.87515745088442, 33.19975477941563], [68.24176793134731, 8.647484059566331], [5.682229697488122, 34.59550892655091], [84.69616050517766, 6.282722973893284], [119.73956217729753, 4.1802289847364], [125.24841775274918, 4.076414077838697], [5.091538315835173, 35.32467836281779], [40.20849223734449, 15.217991919124215], [4.605823508689898, 36.017152261646984], [3.1426018546017795, 38.30788403239586], [122.47591368652857, 4.122765219230226], [45.0705695498719, 13.827021669608971], [3.5885827264515866, 37.57394866084659], [2.4004453275534656, 39.71588243043918], [72.36847602350687, 7.9389781978668195], [0.4937976377733549, 45.2200149888521], [127.87412156030052, 4.043035723796379], [114.60634301941997, 4.32147662476713], [78.40643815497864, 7.041496610892797], [6.238538756341454, 33.899335590239275], [1.0772502440651075, 42.930402786943915], [1.6871968009635145, 41.24027559785282], [1.389816462584325, 42.14795609435825], [0.6642115064972819, 44.45213257877344], [4.20280663361595, 36.554819018800856], [0.3459124634952878, 46.03108875066006], [22.16197166360495, 22.27646084900197], [0.07062920260559116, 48.23534936348396], [0.1821828046691827, 47.339241989110185], [43.486892035928165, 14.427403588461319], [27.106101286670622, 19.992484145609552], [100.21277197470742, 4.986756923473587], [2.016939118416199, 40.461976277741876], [0.8630062631552501, 43.696983958304735], [0.0, 50.0], [0.03279267503927732, 49.102760773915804], [136.0, 4.0], [132.95308113347352, 4.005892437718491], [130.4222248643689, 4.020006701764176], [136.0, 4.0]]",20.79
BNH,MGPSO_feasarch,6,100,0.406702,0.206427,4286.563401,0.580921,0.314730,93.0000,100.0000,"[[136.0, 4.0], [51.51804159478914, 12.133374851605865], [26.707512478529843, 20.160654367485268], [49.759622181128435, 12.565117749217805], [31.419108336938223, 18.221139867786682], [88.6412872665181, 5.883163966779262], [30.163485301552278, 18.71936140108296], [65.4284752339729, 9.160776548325035], [32.705303972524874, 17.745417573827375], [9.015965697398837, 31.02806673546387], [101.80846883085886, 4.890907650164888], [58.597582739875946, 10.523647845955658], [18.716410546911924, 24.088846708870886], [62.02407031637034, 9.824249562416789], [27.811715036523665, 19.677841396808574], [20.96532510315388, 22.865786003859117], [36.91634031084625, 16.270367162344527], [46.56809208618966, 13.38921927158011], [92.80284877800906, 5.516879859530992], [8.201986925002828, 31.805113712219054], [113.71278603275549, 4.35076860207249], [25.579874623053204, 20.63323493341067], [78.39105396557835, 7.043557171174481], [128.45062093421237, 4.0370322697753975], [82.51918379324246, 6.527309311247601], [34.0594274137242, 17.24778683795418], [121.06236813699947, 4.150960913259788], [123.51933060810819, 4.103949280328926], [1.4964995942964092, 41.732816322889086], [23.32631864858624, 21.739797689423643], [35.52596973162526, 16.7651507559261], [55.133488335302815, 11.293345858630847], [1.8229589865355778, 40.91270655702269], [56.891856039663324, 10.888241541947695], [24.444049891454085, 21.151302481386274], [125.96407654326116, 4.066321840191684], [106.47391338396802, 4.644107182159181], [3.875971706416028, 37.05066277251794], [10.736558102213507, 29.531434967408146], [2.5735760600738034, 39.33223971767089], [72.42628692615622, 7.929474900433756], [4.419530195448778, 36.32394418952366], [17.604102476677394, 24.737694258322044], [16.57552003271462, 25.373917670306255], [70.60420403201266, 8.23838195535994], [108.861082036515, 4.535918933538066], [48.1948064516505, 12.967588903461651], [118.63580163602661, 4.206832296638498], [7.4446616415318605, 32.570475576823995], [1.1945617083945137, 42.57983749714151], [2.1746699083025742, 40.11723625374674], [28.98486227064572, 19.193767229855453], [43.38487628308771, 14.271276429421912], [15.521877995618784, 26.025838950014904], [76.30998834601814, 7.332423316698083], [0.9229387123731174, 43.44134485765914], [45.04732310675111, 13.8450288473311], [0.3265337760983019, 46.05515012364669], [111.27192602098135, 4.438284059037465], [53.28074667112674, 11.7151956451954], [22.07860211198039, 22.29489279397704], [133.45912581226673, 4.004087117323508], [67.10608132920049, 8.8565816587137], [63.74467607785421, 9.49031856491463], [0.4929670045480914, 45.16722725585727], [2.979788391834905, 38.53909458579986], [19.821058621241953, 23.474854417636433], [80.43715430823721, 6.778689156917903], [40.10309044292756, 15.265116107167245], [41.726669720854666, 14.779630696150182], [68.86960636088111, 8.551391072151539], [116.17299419510104, 4.2735617632110126], [6.132205900311048, 34.09659076297292], [94.99229674563733, 5.344852724649991], [5.490045026813723, 34.805061000704306], [86.58219946759905, 6.084967944074368], [3.4344366299398246, 37.79207580001079], [60.27917000274615, 10.170269188122116], [97.23362726055367, 5.182447638220571], [6.733371139618095, 33.340368585531934], [14.519833764344522, 26.68652863471494], [84.54073473087726, 6.299593142699306], [90.68970217995229, 5.696182435407467], [74.32463965520901, 7.62771113373535], [0.19612139539939166, 47.024116875396686], [38.519361914311446, 15.744499998120775], [9.854535090323047, 30.296292018844028], [0.6898828812315205, 44.30079212959363], [99.50136374672606, 5.031469467305556], [4.923239831656731, 35.54583038946467], [130.94148171523244, 4.0164106402328725], [104.12595402023805, 4.762264493625142], [11.647983988016435, 28.779341100272553], [0.020299004901103333, 48.99869900365832], [13.582478858602943, 27.37160552765303], [0.07657380805057984, 48.06496312239726], [0.0, 50.0], [12.66378417041562, 28.133299724336496], [0.0, 50.0], [136.0, 4.0]]",20.34
BNH,MGPSO_feasarch,7,100,0.416124,0.256535,5496.238861,0.639011,0.347588,89.0000,100.0000,"[[33.14328142664836, 17.577552979489326], [136.0, 4.0], [0.0, 50.0], [19.304325186280508, 23.758369306324433], [11.14542526381676, 29.183000279634655], [21.346737396962126, 22.669473476066138], [23.603994368727705, 21.550827025316096], [18.289884477573334, 24.331889055774013], [31.65116177271083, 18.15550362993836], [17.313559104291834, 24.90704934874862], [52.33361016978348, 11.93481568526915], [47.48299889947519, 13.148950422220548], [36.388806671763405, 16.44230488975631], [59.82692311169983, 10.264855881884557], [0.6788818361728304, 44.3446422711615], [30.166939723453595, 18.71829725557812], [28.753634880573095, 19.289227386432238], [75.05071581411515, 7.525829054546833], [20.301157769134488, 23.21695655992368], [16.396497844045683, 25.474618526108813], [27.371486092600584, 19.861220425529417], [91.14523759286274, 5.656389659256263], [1.4615505899374415, 41.81998033058694], [50.67550729598579, 12.336567865607567], [9.04523421172483, 30.99790954006655], [0.31633053637149533, 46.11728701524124], [122.12948431069337, 4.129385098672657], [22.42957880987713, 22.120594466055735], [77.04858731522259, 7.227561098995363], [10.435205324039897, 29.779981655335327], [41.32055353223025, 14.919336521997092], [0.1827822357654853, 47.024962732131485], [124.85413570089155, 4.082298077620835], [104.06656037791858, 4.765409695278648], [111.54947929846351, 4.427768095405476], [34.72080913713081, 17.021290902103594], [42.86943484133366, 14.43251646179915], [61.79688525802898, 9.87368577851419], [2.976511558253126, 38.549642756213274], [63.66021756114978, 9.49688961657888], [3.914290212743481, 36.988790618159165], [26.09163850817064, 20.433433426380873], [0.08322406966813976, 47.981747455156004], [69.2653709140987, 8.47827287542134], [12.79768695626062, 27.903860047451342], [89.17308959835701, 5.833332191753952], [39.63052468971087, 15.407005084066455], [3.436489701057078, 37.77562554010768], [57.91035058237763, 10.680264363013924], [83.20295099945717, 6.44853585556894], [65.49215514942759, 9.149268247896073], [71.17846133407767, 8.138898627428134], [99.49643008470798, 5.031783892682391], [67.40705366312386, 8.83076518984161], [49.04135974930985, 12.750582245038805], [73.08514008250111, 7.8234744845468605], [14.596770499376689, 26.638524970459848], [24.82837072061454, 20.97980987504708], [15.480842232243813, 26.05033281213433], [133.17917000756114, 4.005044580146675], [114.15895765184722, 4.335961957905088], [2.55418201570766, 39.33770247702424], [56.07066166489382, 11.081346393576338], [0.907845351984208, 43.50327789960109], [81.14397133016394, 6.691361070098663], [1.792393090845254, 40.984556473024156], [5.503900489194128, 34.79168053195038], [106.52985546304843, 4.641436412552407], [7.221257719728214, 32.88148951260169], [79.0725064226601, 6.953302812651865], [6.567775877523793, 33.522263770465486], [6.03390130898981, 34.14738365188643], [95.18094183745535, 5.3306602513054], [101.78441448114889, 4.892307718686073], [13.730282252349882, 27.240882030859815], [87.23861873815503, 6.019076756068872], [93.13486839919375, 5.489911919850709], [2.179435509557623, 40.14404152427768], [0.021553063249330137, 48.96737234358382], [109.01383608289048, 4.529392008413715], [0.4793349994310951, 45.22469174014451], [97.31704182970071, 5.176660981240742], [1.1662404891282248, 42.65675205987682], [7.780808019753179, 32.221156564549666], [127.59140717498867, 4.046151934967681], [8.46110122013448, 31.601346866111108], [130.37277466775592, 4.020368273578363], [11.971534245782458, 28.531900589335486], [54.16829415757959, 11.501246955169735], [85.17521108768278, 6.231283221950108], [116.79138079272815, 4.255832339185571], [4.962939763780339, 35.54110323751746], [44.440734336911405, 14.011429381764678], [119.44990017633168, 4.187016596375009], [38.033240870863445, 15.92189006901388], [9.732701692030476, 30.392174416815834], [4.438594879897169, 36.21916731515789], [45.93874079598737, 13.560007002695793], [0.0, 50.0], [136.0, 4.0]]",20.65
BNH,MGPSO_feasarch,8,100,0.420348,0.273287,5906.919856,0.574610,0.326623,93.0000,100.0000,"[[55.24456918150135, 11.270407841234025], [42.43716802821898, 14.548969607957584], [53.60942402335255, 11.64278951116761], [62.08090716731115, 9.821140163169549], [12.101515965073084, 28.42885757068032], [65.65120810940965, 9.119805980317587], [63.8125802617442, 9.473634282952407], [60.3667257631471, 10.160487419481957], [9.037262184719165, 31.003427057736914], [39.41892641728067, 15.462570021140278], [40.98790932994393, 14.977065403001689], [51.97726950907913, 12.01529408044398], [56.88058857869398, 10.891677362883922], [12.963531894744111, 27.781824485706398], [15.788645829561379, 25.857527997006816], [44.12018905032065, 14.143547233936589], [71.00426419234248, 8.168865237318313], [11.275639921622155, 29.081245927122488], [87.25971795574941, 6.016983334252231], [36.39262680224428, 16.442071995977493], [4.120872603812512, 36.67664733229667], [37.95251399211607, 15.929685751304017], [89.37653862768849, 5.814510162654292], [14.780168962704579, 26.510443978097747], [13.8441778844753, 27.153436340089932], [6.315788952184336, 33.808712069850436], [7.627407923194786, 32.38022838039298], [9.823207798646127, 30.355493534826095], [74.93771459654737, 7.534382737092351], [93.7530847676901, 5.440546007482175], [3.653185578652628, 37.40384411108285], [33.58754129463799, 17.41690036416319], [67.4906269423085, 8.814401737133043], [10.557985343097197, 29.711239305910137], [76.9285349092207, 7.244427139765682], [1.0967579164924302, 42.870022919199165], [78.96006804592466, 6.968051840803401], [25.21552585842536, 20.857006084379304], [69.22541659474993, 8.485607890674865], [81.04040336115136, 6.704027112439643], [23.89903287834796, 21.407004660117643], [4.609057581118238, 35.9822363328536], [112.08305564070326, 4.407963140016815], [91.54343678517915, 5.622124552146748], [35.06931425194848, 16.94115325731337], [109.76976503221749, 4.497777726883969], [8.335006014428124, 31.699355971100175], [1.6990016620829032, 41.29508728892138], [102.51116051957133, 4.850602720885781], [32.10615160939848, 17.961026596960558], [5.71135064771441, 34.52952044299188], [2.8101713869452856, 38.875536459940164], [58.61374256483081, 10.527307921989419], [3.209034013197499, 38.14360584557582], [97.95765566947578, 5.1328211820101775], [72.98090448159465, 7.839262691494353], [30.730338836743954, 18.53379379525689], [2.4192220373866533, 39.657406242229996], [47.02041371147794, 13.39339773080629], [0.8823205810845687, 43.63150874038081], [45.3945286549837, 13.72781938991058], [6.983298358124571, 33.06256633487779], [50.20075474269827, 12.458116733484177], [20.368798058214725, 23.202712012279125], [18.158302738770477, 24.470438916631373], [21.554789809043022, 22.560172295040438], [48.62805490716066, 12.946709601246921], [133.2815626936416, 4.004682553775334], [5.209297250331289, 35.25817029989222], [107.41814043905941, 4.599908014303636], [85.0919913949115, 6.240159184514729], [2.0014591943632336, 40.50258328564793], [28.40202697262843, 19.50840562649708], [99.96549953214556, 5.0021577326139655], [123.12986742310227, 4.110776447375351], [96.01928292095346, 5.2739061039909805], [125.49045654307429, 4.072916318796663], [1.3693300286637338, 42.06886889774928], [19.316590796482473, 23.77667182795563], [104.90228468112666, 4.721871130066377], [128.110543766999, 4.040516897416874], [29.689807124699765, 18.963467333969334], [130.54241129003816, 4.019141801051448], [22.81039703278033, 22.04772125496466], [118.2943708008087, 4.215470274111636], [114.98068194946039, 4.309632359234931], [0.6534582179176018, 44.448364556547155], [121.16647831784786, 4.148776603045823], [0.332547407254528, 46.11171170574196], [26.66014359950773, 20.342722994008398], [17.37444069832972, 25.307732654448458], [83.01659753706474, 6.469824417503043], [0.47553493437572275, 45.25704812069702], [0.10600875100514187, 47.74819018360222], [0.02680127371439516, 48.849866996067824], [0.19597922923450123, 46.920351587817464], [0.0, 50.0], [136.0, 4.0], [27.931940721603013, 19.637449455826626], [136.0, 4.0]]",20.59
BNH,MGPSO_feasarch,9,100,0.411019,0.193556,6137.669694,0.619888,0.333879,96.0000,100.0000,"[[136.0, 4.0], [31.386486744278173, 18.239413078183077], [27.54614277613105, 19.774571224456928], [76.61415663000143, 7.288920601019319], [96.18496008238293, 5.25675688328681], [12.154040248866998, 28.402265376749206], [13.017687748823, 27.744695538480798], [48.75541323616441, 12.81518296597617], [28.798410539271835, 19.265693837496016], [30.073839386563463, 18.747210816964753], [11.287140519490901, 29.066187364372997], [21.23099785730456, 22.72806969415548], [9.720304028109405, 30.43638107915457], [53.899010292090885, 11.561995950811031], [57.4304886792261, 10.771082397461306], [10.476161499931614, 29.75074592484141], [59.314976556278054, 10.380052378435416], [62.6547948958826, 9.69334537011015], [45.2786542108376, 13.753343359311332], [64.38958971121707, 9.36236142003668], [6.929412926726014, 33.13569428232353], [108.16819458154252, 4.566115877068899], [120.37029754863445, 4.165921572960828], [60.98285119284934, 10.027978167998278], [3.114349694282165, 38.30025800399585], [122.8838479524851, 4.1152091370823], [84.86865274460575, 6.264104398469582], [22.488807691784437, 22.089598721746427], [98.56005608873706, 5.09255642730939], [1.2551064952098097, 42.39586050424454], [67.59312900869969, 8.77021734509395], [125.44648394218358, 4.073545336873221], [105.76107316626789, 4.678721036266467], [78.60068625181498, 7.015570963354329], [4.635296787498728, 35.93500149048156], [110.59707879572777, 4.464469480646872], [23.7925425579473, 21.45722119320539], [1.010636011475234, 43.18493196778384], [115.45065167784611, 4.295115399476172], [25.10774647119528, 20.862700661592633], [52.243809246371185, 11.957152902031163], [100.95645955900868, 4.941329727596956], [38.79418976362831, 15.66137560130101], [40.28197879121768, 15.191865095339466], [41.91244714891477, 14.700166247363082], [117.89289239096931, 4.225877211223937], [8.949186949370958, 31.089197794794273], [35.77682984090512, 16.671971131938697], [82.77142858986028, 6.498037148721005], [133.32027119735474, 4.004549252303941], [55.63200891420813, 11.167497468968701], [80.62274524986448, 6.755557102437426], [71.05836141539021, 8.159539511385631], [0.5783060370792079, 44.77105757409117], [8.23974786052226, 31.76536572236341], [2.242314977579837, 39.9847202811297], [130.6601756154713, 4.018313382826819], [0.4130398558622036, 45.58426832772523], [72.85231995744252, 7.860024147550188], [43.57904403588338, 14.215621114062326], [34.18796317202264, 17.22811034684269], [89.33728355813948, 5.818131480541399], [74.70468512172667, 7.569626502151218], [69.3255906597476, 8.467237076177522], [3.6050904455753825, 37.47926324701148], [4.125058654035758, 36.67092328392346], [50.48021863352638, 12.380606002478508], [15.759008541437812, 25.869537248925788], [2.665006062488417, 39.12350207446951], [0.7731016202669905, 43.992608835188236], [87.09526579304583, 6.033340166793891], [6.31145280463776, 33.81415946289478], [16.741838543590788, 25.2530665955558], [32.84017908416908, 17.734361297408554], [18.85244900631585, 24.026711087314737], [113.02202592762953, 4.3744097751164475], [0.15581468075371047, 47.2937685153631], [128.03855642217033, 4.041275462884745], [14.83594031905329, 26.474606373209856], [7.569603836483772, 32.43988000393608], [5.175736735304975, 35.209955922139144], [17.75381900723853, 24.64491860596558], [93.88437453640191, 5.430202958275762], [13.937658557717608, 27.105446343782326], [46.834568433061875, 13.32488460416308], [0.27033351598325484, 46.41310502790305], [1.5506351577843143, 41.58335898117843], [91.62039783233604, 5.622184189661182], [65.97750548153509, 9.0598323485947], [0.018892268034694435, 49.078439192318356], [1.9746025715855542, 40.807246425625294], [37.289665719359235, 16.180102705481637], [0.06633431596622946, 48.19586469034479], [26.3438637071037, 20.29738602710806], [5.7380998288288545, 34.519250212472244], [103.3233243687605, 4.805435186495169], [0.0, 50.0], [20.432964157070078, 23.384882486575393], [0.0, 50.0], [136.0, 4.0]]",20.60
BNH,MGPSO_feasarch,10,100,0.410111,0.228691,5125.496738,0.604569,0.320273,91.0000,100.0000,"[[136.0, 4.0], [0.0, 50.0], [82.94522828886988, 6.4780130805174885], [9.028263580866337, 31.012328581189685], [60.753530475034424, 10.073272309503636], [28.78840373470541, 19.26695696266948], [24.81639116394534, 20.981745543200972], [47.302790409641524, 13.199863445358716], [66.27687766296275, 9.014654504617603], [26.07097253315151, 20.413274375436718], [45.90527602322962, 13.56773256907836], [40.30991480011903, 15.212019559630951], [78.67401291284779, 7.0058284629513], [64.33252504601666, 9.373737624687706], [44.56328839621777, 13.94230261786281], [50.11283623047031, 12.473287673382613], [33.09730585899155, 17.60228114238413], [100.71116948467122, 4.9561658859449516], [30.20422930028389, 18.692527664589342], [5.784977306646746, 34.47557395158716], [14.104297645580864, 26.98474486220936], [19.95753349458017, 23.405985381487522], [6.3491594180412, 33.78836892721556], [22.291192328770435, 22.187884819684758], [72.25912953603063, 7.957005342174003], [35.96917828826106, 16.597466422165812], [10.572617973202782, 29.652097908609313], [38.860294850926685, 15.64917920244699], [12.28333278290512, 28.297569806765964], [4.1474048797588985, 36.63754007471124], [6.9664156134227175, 33.080151628652615], [96.12156053919378, 5.261343029151852], [41.725201609348986, 14.758206637224337], [76.48941999997237, 7.3067063346065995], [9.774348979396983, 30.338093258268792], [37.3747100102418, 16.114813048608028], [5.2299252543490375, 35.16295040497761], [93.87227542098097, 5.431154081245442], [112.82551440028094, 4.381296055857914], [56.00542539398891, 11.094065552545791], [98.40099613227603, 5.1030984610733015], [105.41733255569409, 4.695800832895839], [18.934535903990472, 23.970702838049387], [70.21348422155005, 8.307224205951924], [103.03748459453719, 4.821160209910683], [15.032068063396032, 26.363273385341838], [115.36687717666086, 4.297674468661082], [4.666097918362096, 35.89226990404742], [80.79063987701618, 6.734755180138613], [13.202091698392, 27.63224719443527], [27.431421882589568, 19.841813865733094], [57.601562044133544, 10.748049502426642], [34.498192797108715, 17.100092033072098], [91.64577983582308, 5.613395467118036], [2.08121695808055, 40.31930598202776], [107.854617529323, 4.580102876669088], [17.923602869755733, 24.55308800035369], [130.7789592601843, 4.017496862054093], [120.46222971025455, 4.16388996319012], [3.696173494036426, 37.35733624367003], [48.695724134737546, 12.838504715080997], [85.1024366660103, 6.2390437433584625], [51.562117859346415, 12.119581394332243], [3.2556116381877116, 38.073765232863906], [21.106605583970005, 22.793337644215747], [74.34063036477022, 7.625251920805646], [8.32346267739034, 31.695659230658023], [128.17922621848732, 4.039799987991897], [16.97833393441221, 25.120058731693337], [133.38357166728179, 4.004335465904442], [117.91015292543777, 4.225424212940985], [52.99511654831142, 11.777073173118787], [0.39600219115266433, 45.67066413246934], [15.985043663490153, 25.72816867202612], [1.4183048559403315, 41.979587600371644], [0.02652239717341517, 48.864989561946885], [7.614599472865318, 32.39394298256725], [11.416950464093329, 28.991781837519476], [31.658682728150865, 18.134605530596183], [54.47691457268398, 11.429182407128177], [2.8400797496035093, 38.793672052026466], [125.576486066572, 4.071693940869798], [0.5978598671145396, 44.68777013918006], [0.8319300100429367, 43.76118201545598], [122.98656758777499, 4.11334703485648], [110.33024680195832, 4.475066180000826], [87.21628774860277, 6.021294044495834], [43.099494490626306, 14.361442492215076], [62.58864934739341, 9.745967276912793], [0.10375108647458782, 47.764930101160786], [0.22933484780794317, 46.680279167448845], [68.21018300197724, 8.65605610117116], [1.7369461081363546, 41.117341287942025], [59.16558882181952, 10.40375202930753], [23.56091113817687, 21.581750636883], [2.4559473989047667, 39.53346744190614], [1.1032511191463028, 42.85016356164817], [89.4654478829883, 5.806326452784193], [0.0, 50.0], [136.0, 4.0]]",20.78
BNH,MGPSO_feasarch,11,100,0.420572,0.268283,5414.563481,0.697047,0.380927,87.0000,100.0000,"[[136.0, 4.0], [0.0, 50.0], [47.63261684276822, 13.108423186757427], [36.793066372178586, 16.31810327400292], [50.73973349393356, 12.31738431426853], [22.188769874309813, 22.24023432439225], [54.252382109494455, 11.490890688752293], [29.156968175520362, 19.127322317949], [21.189658149983934, 22.756708024071127], [52.513299572000534, 11.891022227323678], [59.620767708815876, 10.307327699902325], [31.760603050887337, 18.10355004314757], [24.294052871308285, 21.228055121446012], [61.52597007262212, 9.919085734303831], [5.338266404393254, 34.997141944985586], [23.221277647063612, 21.731346000888106], [55.995242595102184, 11.087006105886353], [85.40198458593184, 6.2072234666613495], [49.19947209072461, 12.703256060286279], [14.096110065242488, 26.98287698106704], [65.25748797095541, 9.19345350051018], [39.51756747145109, 15.449989363280725], [87.60408222901867, 5.983029860036277], [34.28965611329849, 17.17319947728153], [30.44388546172131, 18.605263544881076], [5.849030836464311, 34.37168022795855], [17.092474171678262, 25.052624739740256], [11.301274573569792, 29.071900324750928], [41.112143464663276, 14.968228524874409], [19.131221394360907, 23.858864358952015], [13.094474035541955, 27.69452326613368], [78.9654452485203, 6.967345213809022], [2.1123352201998373, 40.253095425776294], [133.12442392881945, 4.005243755141943], [3.139664026036452, 38.259904083315504], [105.30985940252833, 4.701193277703427], [6.372920444504979, 33.74550971847734], [74.81375956601832, 7.553094963230384], [20.187998775111556, 23.291337154448044], [26.6153084837758, 20.177390508049385], [57.77087938009454, 10.699847188679161], [69.0553454874399, 8.516947197794593], [99.91792109539975, 5.005138160626939], [33.033150981688124, 17.646637626813863], [0.6836645282681848, 44.351701202781705], [12.166994076021961, 28.38272486122142], [45.90624284867481, 13.590576533764494], [97.25228086083763, 5.181152021477315], [9.700358922092292, 30.402321051379996], [44.21529560910105, 14.044662766358602], [16.101172473627784, 25.652910855992367], [3.537179815320312, 37.59423486452785], [121.8528004376585, 4.134806969338393], [81.07122760681114, 6.700252773195322], [1.1741964779123082, 42.67676789763841], [27.87543202615318, 19.63791202610171], [1.4553990067622613, 41.85118597194531], [35.585560898405106, 16.71923130938373], [70.9157895738707, 8.184155308452633], [63.3964209754202, 9.549581411555042], [3.9444133502232965, 36.95511572980783], [2.4376857102223237, 39.57934233095932], [2.786473276416546, 38.929259123511756], [8.95181284986624, 31.081771591501543], [127.46235070553656, 4.047612315246003], [42.547643169284385, 14.514299437269784], [83.1855666619324, 6.4505161263690916], [124.64926378759813, 4.085446948526741], [4.3721679513890495, 36.31210065436423], [110.80912978477852, 4.456146842889414], [76.84447220099722, 7.256277962636122], [8.239516373297393, 31.76372496971277], [0.9057010221476733, 43.498415968793864], [92.26900792778682, 5.56091654118856], [108.04121376143293, 4.571755585420698], [4.840495851511965, 35.653333367513], [119.04530524835621, 4.19672786977964], [89.85587728601985, 5.770687482038814], [7.5892014170370405, 32.426359102520145], [113.5585122195473, 4.35597268210767], [102.60130012316144, 4.84551522754491], [130.27866322850588, 4.021065613993744], [10.489853446485203, 29.720659231447037], [116.29250546743037, 4.270083650031325], [6.9966502728831035, 33.06301011407319], [18.136360441696976, 24.458925649065772], [67.16889184653888, 8.842435051096565], [15.06321028202071, 26.332053947378633], [0.3255668725942832, 46.04749305580595], [38.184929650966836, 15.85209605222352], [0.20564451313014787, 46.88024692483973], [1.7737896475777246, 41.03958237266546], [25.507755985418186, 20.66635925077167], [0.022978755631214647, 48.971579067147374], [0.4895446545928972, 45.20065425502885], [72.8335508804297, 7.863062346818997], [94.72759752661133, 5.36493266760717], [0.10001007235541556, 47.81587275078533], [0.0, 50.0], [136.0, 4.0]]",21.55
BNH,MGPSO_feasarch,12,100,0.413805,0.205944,5872.204694,0.621871,0.342348,93.0000,100.0000,"[[19.12581969882212, 23.877580842035883], [23.549235861770196, 21.582566967498515], [25.987238746455063, 20.450154445552574], [18.146267316755768, 24.41914142506773], [42.75723795740977, 14.452295367381431], [31.02335138337743, 18.370997541133647], [56.6404506098344, 10.94364574159612], [54.81842526336197, 11.350813041172174], [41.17615078693271, 14.95347820530046], [32.32706330869104, 17.87787174255005], [36.446069306155024, 16.425440382465425], [105.69425672640371, 4.6820211080621545], [16.141167139889674, 25.636484550294156], [15.14702462339283, 26.266961057285926], [29.816026827715337, 18.89505519842807], [67.41846530218166, 8.795249641753784], [112.89404355542254, 4.378886487618447], [103.32562589609604, 4.8053093235223425], [22.35749659875082, 22.16675900731951], [39.58110537235643, 15.42780410851433], [6.384647250656508, 33.753952517239924], [38.064750711667735, 15.914830454048483], [7.041239892388756, 33.00746967503193], [8.342648412795448, 31.661850627737785], [20.142476765436, 23.34633196677153], [9.032237962108596, 31.012845065276778], [58.512532270823996, 10.540402221635212], [115.30534169096464, 4.299562102926979], [110.49561435831153, 4.468482621201404], [78.93501261909796, 6.971346108321859], [82.92239528086691, 6.480637038899762], [24.761048924837972, 21.00485751877349], [14.213102045255756, 26.899696865202813], [17.14869644273424, 25.016488811336707], [77.05084712001661, 7.227244279116713], [12.540470033316383, 28.094680796936032], [96.19182280266146, 5.256261099030127], [27.2819851694628, 19.92980570502567], [1.2768477498737334, 42.333914547207314], [73.12569869456064, 7.8216703691450125], [52.94209835027725, 11.821325716862443], [21.20399969664005, 22.74990490284769], [35.08076603653174, 16.90959217520412], [48.26673614964804, 12.989757828402379], [108.10262679528667, 4.569023885064913], [80.89565973534835, 6.721803158850294], [1.5686751687802645, 41.552458490464915], [84.99476595292796, 6.2505608406788395], [75.14346028274538, 7.553958002152527], [28.479033317222342, 19.38630213474096], [65.48614401885213, 9.151484000323258], [51.37769486661621, 12.211455952750295], [120.22403260508197, 4.169181990300836], [91.5454063074825, 5.62195626865366], [10.67535760586248, 29.565568506200147], [93.7994052876303, 5.436891266279738], [98.59284181090291, 5.0903914371054055], [61.99559368437174, 9.82889696923069], [117.74111607030459, 4.22988219642641], [1.0391329736102204, 43.07834202380644], [0.8000714584845712, 43.921306512647206], [13.380289389118637, 27.492028873293293], [11.564696187192869, 28.869301533266846], [100.95740142018676, 4.941273037330042], [4.23485437510562, 36.515686590906526], [0.4422657907682668, 45.55856255280008], [63.73534093804395, 9.500262394595968], [33.676664339740604, 17.397391966567483], [87.08534014368585, 6.034330354609036], [0.08062614225862506, 48.01960763740653], [2.2896457418769303, 39.89312894637182], [0.164954604835643, 47.16963831704102], [5.766303776496077, 34.50004335102868], [3.1491444445412995, 38.23915317903125], [3.813414949074782, 37.43339701149281], [122.61570312778257, 4.120146887527834], [7.694887724321949, 32.31735953754766], [46.36100333296905, 13.444161778291743], [127.75102143440057, 4.044378615463579], [44.789382647135916, 13.949327160575368], [125.07707055817409, 4.078942741802543], [71.07546149124511, 8.156595326745446], [60.3062300246282, 10.201445220545025], [0.2757065025845577, 46.356181686881776], [1.9075970482452447, 40.710641968353144], [5.187041727113108, 35.206115303817185], [2.6950937552530005, 39.08755428566667], [133.11249752248693, 4.00528766441294], [69.29418464385532, 8.47298956154303], [89.31082837752149, 5.820574785226901], [130.40266104115693, 4.020149350833071], [9.994922516370083, 30.26604725986803], [49.68831237622648, 12.622440763075758], [0.01585818893306367, 49.14459776038531], [0.6064457385958638, 44.722061122906055], [4.780132857562477, 35.840163638533284], [136.0, 4.0], [0.0, 50.0], [0.0, 50.0], [136.0, 4.0]]",20.88
BNH,MGPSO_feasarch,13,100,0.409808,0.204271,6051.344373,0.657457,0.341402,88.0000,100.0000,"[[32.146500437491035, 17.949514366642948], [0.0, 50.0], [7.484398076383717, 32.54630423348785], [39.47944406294641, 15.440973232511354], [10.304912053274194, 29.87813248186349], [35.02264155078342, 16.915478228383186], [15.344160283505587, 26.139801555870292], [25.339410018229493, 20.743712510531026], [60.82361524500644, 10.07319005976641], [8.845666835871619, 31.187269644811906], [52.354481450294074, 11.926255422847342], [6.824771423369619, 33.23897756142277], [67.58487759532963, 8.766446270389109], [55.664154082482455, 11.203369368359068], [69.23767603046858, 8.4833561345553], [50.83916639250069, 12.313000442767722], [6.214075987232248, 33.929198216076834], [64.26122158841338, 9.413357504740619], [16.351762243968768, 25.51422454387242], [57.31192836448376, 10.803798026406863], [13.59528442546754, 27.41780735789512], [82.41261528379647, 6.539751435178672], [30.737816640001242, 18.48954297218522], [9.572248471042553, 30.52179566140211], [37.95471845585449, 15.926986900356987], [27.933993552040008, 19.61188859063284], [74.41938256982505, 7.6131602374056655], [33.623149715406456, 17.429604546499196], [62.506078939882954, 9.754808956568983], [46.037164403087246, 13.533143235984074], [14.439815061276839, 26.757982510429713], [76.27037359944399, 7.338122241549837], [36.56293845916986, 16.43418601617101], [120.47143602041285, 4.163687262917267], [24.112787619496174, 21.307829597691743], [49.215848437485505, 12.697648465680055], [87.20353871018989, 6.022560684454291], [91.92457276490622, 5.58977628491173], [99.31176361239923, 5.043596113849089], [59.092997131564886, 10.434630203760047], [12.68422084857203, 28.00678431588935], [72.6451442919373, 7.893669594337835], [102.08412309538713, 4.874959901194426], [29.353245862024046, 19.04271966406602], [110.30201499998478, 4.476195460887662], [70.901604846592, 8.186611101611334], [19.428463979455444, 23.692937914863222], [44.47406907805744, 14.021901767956336], [122.97843140114904, 4.113493934482868], [89.58398253348076, 5.795455154614702], [84.75881253787387, 6.275947772908652], [21.639709280210717, 22.52283076384313], [65.97868134271965, 9.085117726380107], [41.18828905221588, 14.947259507296089], [8.155145067130558, 31.86136201554549], [104.87271248611768, 4.723385530736271], [107.60151515951463, 4.591539536268003], [26.630419949905843, 20.16762617847113], [80.31056651232501, 6.794550383304644], [20.58405946801042, 23.079341289190978], [22.947373543913812, 21.97343885224265], [17.441179735548232, 24.834839218530835], [0.13989116247281336, 47.393370780325824], [125.50083129618311, 4.072768326652223], [53.97923550071296, 11.56133518016254], [96.79049180500024, 5.213494191907419], [11.926581439399598, 28.614226252462416], [112.87640044953339, 4.379506007985725], [0.5277816979304639, 44.99874937937781], [4.509816935014272, 36.170100797439076], [47.625570995222006, 13.108090346452379], [5.032179198508609, 35.396230218059], [115.51095900639713, 4.293280854356532], [3.018657108892057, 38.4701264947983], [3.5709768727907156, 37.70029545341728], [5.5945088859792165, 34.6746167133943], [78.35099180278283, 7.048928133905013], [11.076892186680286, 29.238996963926706], [0.25085993918443306, 46.547348779647905], [0.0616532642268377, 48.259845148741064], [0.015991593371527436, 49.11072125596415], [1.9400087389879956, 40.735946507374905], [1.0684556459497272, 42.96137215391629], [94.33188011318524, 5.395314917912391], [2.285371466201928, 39.91343091782028], [128.08457078962937, 4.040789741840892], [0.8364504738321106, 43.928325130291896], [2.842012964939501, 39.218629507363715], [18.47031117624484, 24.26938013160435], [0.37358911640124115, 45.83949600151223], [117.97012287307592, 4.223854220861879], [1.6121313621394036, 41.46662689008065], [1.425488682946773, 42.262180462358046], [133.373865173565, 4.004367909461239], [4.1031677033310645, 36.94145576372971], [42.79354795372756, 14.456268688063538], [136.0, 4.0], [130.71467019080922, 4.017936410878739], [0.0, 50.0], [136.0, 4.0]]",20.58
BNH,MGPSO_feasarch,14,100,0.430984,0.353249,5448.519638,0.594227,0.321013,92.0000,100.0000,"[[136.0, 4.0], [57.95604191072102, 10.679229512596933], [3.2356343884168433, 38.09167320078882], [54.48877115157259, 11.426795594193415], [2.8016262248695645, 38.86903007452209], [2.4023418581250393, 39.64080484041102], [30.758315544346758, 18.47602617757878], [1.1144149187326748, 42.818605947113234], [6.4101259469824186, 33.702626401071555], [5.248338649884316, 35.13108399862092], [1.697394558127905, 41.2127078312802], [29.183319045493587, 19.1025698938321], [27.8181960608741, 19.703813795570504], [23.80149506625511, 21.45671079825948], [14.259285386684311, 26.86418332694513], [26.407951270581336, 20.265610746796177], [32.32566221789191, 17.882138785022363], [9.13822686682557, 30.909202559232728], [4.177853057522265, 36.59267801286285], [121.10481167128546, 4.150068332511309], [12.40401652978191, 28.20571411559147], [56.2111149760217, 11.069610119615998], [79.33647516232747, 6.91889618677457], [46.1283676546079, 13.519728067615127], [21.489121843399975, 22.619969576927957], [7.6808871878409715, 32.32571404816028], [4.693410226503206, 35.85439348305309], [33.859450527504755, 17.329759956434522], [22.676942337371003, 22.021652423605996], [35.36994097266772, 16.789924191604065], [19.3144373724086, 23.785380293112656], [103.13410290859963, 4.815824147551977], [47.719991803257884, 13.086164212326874], [39.943886540563376, 15.312915584555025], [11.51371930799206, 28.885056486875346], [111.91322232573451, 4.414208458420017], [77.23528711070405, 7.201467826165134], [105.30122162455294, 4.701627762111831], [96.6208264699072, 5.225517924299712], [9.91082223489714, 30.217154403655364], [52.76456094066143, 11.82746063513346], [81.44081173026768, 6.655302795395588], [59.77122534676708, 10.284353783481368], [109.71126299213009, 4.500183914873449], [100.9578390295028, 4.941246698512036], [41.42046952470369, 14.84667018598083], [51.128849029808435, 12.256948792582484], [7.032169290875746, 33.00694243481968], [0.8709549376507946, 43.62044610137228], [49.43197216145224, 12.649609898910647], [75.17342603530918, 7.499017549796232], [0.46626982610697465, 45.29416724681371], [73.10309080162831, 7.81961946266696], [5.811446895194697, 34.41257909895853], [10.709769313845852, 29.544295183001033], [130.9182257150684, 4.016563881842722], [0.6542478501592006, 44.444281864835176], [133.44568962506236, 4.00413074002281], [118.74827089453001, 4.204029430624303], [15.225931863699437, 26.23206060645212], [116.4437326923647, 4.265718073717223], [92.18310585545532, 5.568081145362947], [17.232552805198857, 24.955376827066303], [38.43685264018488, 15.775984916521299], [107.5139614792351, 4.595526460204738], [61.56351843261535, 9.91088906707385], [71.1741909568155, 8.153686052496248], [87.82934503504637, 5.961036089491984], [42.955581318034575, 14.423564079476986], [3.6972350585718807, 37.35441174949898], [98.77828503389642, 5.078196792258616], [83.57399239037784, 6.4065468006264155], [13.318240634888163, 27.53397817066363], [125.94863116724346, 4.066531697450971], [25.12042061585827, 20.847110487766923], [44.48366872507131, 13.962461116511399], [85.67498546811731, 6.178504643923445], [89.98821067077785, 5.758717556132231], [114.16851391691362, 4.335648774067075], [16.272088936277598, 25.613318035327822], [123.51257059510141, 4.104065801898564], [1.3913630056845308, 42.01253145776769], [65.53929367462344, 9.294710241435011], [128.4228919940143, 4.0373102948334285], [20.367630712663008, 23.18254074990232], [0.08740373391466723, 47.98018110209628], [0.3025787883616102, 46.18617698535398], [8.420303652976324, 31.598599886653613], [69.15286447523502, 8.49895402543659], [94.39430231005659, 5.390493215906221], [36.94511994742277, 16.322325704545797], [0.17816060466941755, 47.06095985749843], [0.022501697368350174, 48.946194643489115], [2.034710331532852, 40.42246663556956], [18.241012446820967, 24.364809313228214], [67.3011322569856, 8.851575651308803], [0.0, 50.0], [63.47619878073093, 9.57600870986625], [0.0, 50.0], [136.0, 4.0]]",20.43
BNH,MGPSO_feasarch,15,100,0.425295,0.336821,6104.823878,0.583871,0.311376,90.0000,100.0000,"[[136.0, 4.0], [19.988237364114458, 23.38411854580169], [21.088636878294178, 22.822584332048873], [27.205949283433856, 19.91973227924219], [10.616315155790886, 29.63035610720828], [18.876777326916468, 24.002539671941015], [25.881444095176334, 20.51933556216254], [16.672473530932727, 25.29972984644815], [31.5158248127601, 18.198521025030377], [8.393147281816185, 31.612762613459374], [3.2107351341813555, 38.132752720332114], [40.17325986662564, 15.22775425222687], [41.77822996050345, 14.741808156962929], [104.71328645539741, 4.731582762825919], [58.12405354470117, 10.623880872875738], [93.45989687883213, 5.463820913102662], [49.61834115635841, 12.609197283545052], [72.86454772426126, 7.858045866136159], [80.83158969799138, 6.729699407732002], [43.33774628189342, 14.288953534097736], [34.391418891738, 17.13264105943536], [114.19558382737019, 4.334762518718322], [24.575046266165597, 21.096043077689366], [3.7173988371969227, 37.33188645067826], [2.773734346280695, 38.92599589935536], [13.800386756987447, 27.184283462326547], [14.704545206594478, 26.56876781115956], [44.95645710781372, 13.848194919761696], [12.983421048499585, 27.809549984792838], [5.889767464591671, 34.31224912997601], [9.866392195908254, 30.260749009584707], [4.211745635181924, 36.54956150387011], [6.462009431541104, 33.64051302517156], [37.20573074986382, 16.17148294331813], [47.949214910491094, 13.023447865039923], [7.073915174244616, 32.96210536003788], [9.128210491138391, 30.918301514381383], [121.34876881314544, 4.144993507742153], [91.33082322327668, 5.640360080093332], [133.53163654850817, 4.00385574692216], [97.83674356983133, 5.1410146576994284], [78.77968575081151, 6.991830700430234], [23.37755266148966, 21.655824145833822], [35.81220091936157, 16.64767661426574], [67.24366003645676, 8.862900752079415], [118.93303187925109, 4.199470547929259], [131.0669888068223, 4.01559623918411], [7.733089964705574, 32.28684031036463], [56.35040516479967, 11.007702595376628], [102.36606835234956, 4.85883108766828], [17.758149280143513, 24.653862736160846], [12.1398777233658, 28.407883668650307], [100.07152586393683, 4.995535875071864], [59.85016682939161, 10.267288091732416], [38.658372581658654, 15.699929285637065], [4.749390333489181, 35.78064140386717], [70.89283868708272, 8.18812939124549], [74.78169665120245, 7.557948088461169], [54.65146628906976, 11.39501349762596], [109.45496792165544, 4.510805114413812], [0.5848869680550433, 44.74153184510298], [1.350368490549139, 42.16155047634359], [65.37557504854277, 9.171684661270811], [0.8089144052748902, 43.85583658079476], [126.18896357949855, 4.06330582744932], [32.956269095859994, 17.660459644625636], [95.64682197788639, 5.296027985885014], [0.3916853955877261, 45.690412926452126], [30.08979894037015, 18.74136980923086], [87.09209433060542, 6.033656516835325], [1.988088670714584, 40.52913042710341], [1.6483518195506939, 41.34194952183898], [123.75934864636328, 4.09985727091322], [52.94821331896328, 11.789096973353615], [107.10310777227431, 4.6144475723424], [46.44244254221845, 13.424833533883806], [1.0579606969826134, 42.99634901979448], [82.89094223608677, 6.484254928272769], [76.74258821284165, 7.270686528073596], [111.82561331481564, 4.417451425030448], [15.742036069211672, 25.91838851026261], [28.64128396574954, 19.325884747662847], [61.73038472356512, 9.912477204210353], [116.5590087340437, 4.262416942310468], [63.55136606947805, 9.532615666216827], [11.36573264728121, 29.021753506241886], [22.182741977245346, 22.243937189416766], [2.3661714286327022, 39.71498807386304], [69.0792006508583, 8.512735713759051], [128.61600052853385, 4.0353965238267655], [51.291023912136126, 12.21398492015378], [84.95027269347864, 6.255332433826569], [5.306022457178763, 35.04029032135965], [0.21308720959889924, 46.79636941370412], [89.17085947959679, 5.833539248528934], [0.1103515916454093, 47.70020969945524], [0.0, 50.0], [0.05287420761024177, 48.86349893814621], [0.0, 50.0], [136.0, 4.0]]",20.53
BNH,MGPSO_feasarch,16,100,0.408778,0.227661,3690.956622,0.523428,0.306030,87.0000,100.0000,"[[10.467335149426741, 29.74140478079609], [41.61824142040832, 14.807098974192305], [23.906536851171715, 21.409635948592673], [11.238441978898177, 29.11039372032311], [58.89143361970441, 10.45909898609337], [55.67390256007508, 11.157794816778338], [25.161378868205183, 20.821094930445405], [49.31375481576262, 12.672957368080791], [96.69048921062846, 5.2205719039205745], [22.674802081603925, 22.050124803725545], [8.381582498019565, 31.629155397544125], [33.69650555590502, 17.380508704868653], [43.159494992880894, 14.33664785665643], [40.02676191756688, 15.296384299219419], [38.39835540494436, 15.790544361508761], [47.787345115782244, 13.069357991321231], [36.73707592219861, 16.330207624358184], [60.62744182500026, 10.1004845119853], [57.28225318227616, 10.828049316706602], [13.933741428189162, 27.089741574686293], [69.82027944812205, 8.378208382670538], [26.466772517294167, 20.24418539025546], [7.747083747744687, 32.30076977618272], [94.56654932275487, 5.377244834937897], [29.27832747508196, 19.061332467283652], [7.0678025527207975, 32.96873170292862], [20.286641605695802, 23.233114779240786], [27.826401792509387, 19.656210137812103], [79.74139435093583, 6.866709989004258], [62.41153826093211, 9.74331508259959], [21.40752686589454, 22.638098495110185], [14.920473475422835, 26.42256843865415], [54.11350120829903, 11.544212215391097], [86.03300468417345, 6.1412451187304775], [50.91893622746301, 12.283498857640424], [120.72832326579469, 4.158086187072278], [44.8167887274962, 13.879373425960264], [18.020631256009924, 24.495994315273258], [88.14831860571962, 5.93018328601253], [32.149456743487946, 17.9460526326557], [6.352159950539397, 33.77566552662603], [12.215278163578002, 28.400762386479148], [19.16189918075444, 23.861117813116525], [5.751425032560099, 34.55191685430853], [35.146673417375666, 16.87380353751726], [13.073459509055525, 27.790061090906747], [2.5089905089438895, 39.4342831974603], [1.3336762023684976, 42.21968712503673], [66.33197185230111, 9.00930198391939], [90.30162026036652, 5.730588516367128], [81.831608850158, 6.618938433292081], [101.41702202092232, 4.91386047101933], [52.47061280526339, 11.90463589852394], [83.88467688319187, 6.371791739695843], [4.666834314145152, 35.915727814337224], [68.0741827566643, 8.701508963607953], [0.0164594165678135, 49.11791273426386], [77.98457534788088, 7.0983910800732986], [9.844191992179073, 30.312327890743937], [0.7846620772432087, 44.00754051513994], [2.1077889227371935, 40.27787676180921], [3.3691881471969216, 37.87142956748589], [105.61200418232941, 4.686096743390474], [103.22070242407226, 4.811059435501515], [5.183162044409125, 35.207755358605795], [0.06291092305827432, 48.25218449059113], [123.22280255845273, 4.109126204636496], [16.966315400349416, 25.141955746649217], [108.14812426712331, 4.567005087531854], [1.0225382171884543, 43.12611898865816], [64.71420959584, 9.38573172072606], [9.132508673532142, 30.95184303586198], [74.03091345519225, 7.673123836095648], [111.12666996036744, 4.4438462595640615], [128.51513443664908, 4.03638960640725], [15.901648282566239, 25.82206750082203], [131.07315633043817, 4.015556766759241], [46.28924467936335, 13.478061174377292], [76.18506954485568, 7.350420045885691], [3.7362547441100293, 37.30897732424008], [99.04435301808985, 5.060851158854555], [30.902010052619175, 18.469500577375847], [4.167647750222199, 36.616025937380044], [0.625476603600362, 44.76629465332417], [72.20620917105866, 7.965754492532302], [115.94938144488948, 4.280136366226529], [0.290137131202163, 46.29781398691645], [92.16042040313278, 5.569976864035467], [1.684026598728901, 41.25375681692943], [2.984662105752835, 38.531176907000486], [125.91106467581967, 4.067043574846612], [113.68355188473294, 4.3605341605865275], [118.32352696420807, 4.2147250369052385], [133.46906346603353, 4.004055004056999], [70.97984634477405, 8.314830125824457], [0.0, 50.0], [0.43879454994327394, 45.43733671465068], [0.1355872323333134, 47.43685525734487], [136.0, 4.0], [122.79789442763224, 4.116779817359929]]",20.14
BNH,MGPSO_feasarch,17,100,0.428250,0.349757,5338.765915,0.579466,0.313913,89.0000,100.0000,"[[44.60519388208296, 13.92592536344711], [43.078330783331026, 14.383762355201327], [15.133813390605969, 26.275504082635933], [57.182189792407186, 10.843422370750396], [47.82952220024047, 13.05963714811854], [46.25503539726897, 13.491178873653336], [29.866181008823062, 18.824615245053256], [58.76777526664145, 10.498658614503102], [28.55733436860464, 19.35913828659128], [17.05262924667207, 25.063524047366542], [14.212411165059596, 26.89566626378809], [69.36865916974054, 8.453291182487632], [52.566300714198036, 11.875416500965336], [62.119518590454966, 9.804933960047432], [26.114317832853292, 20.404690879157236], [16.09062713875236, 25.65858461402908], [32.72123849731083, 17.76150767565354], [20.36309107807957, 23.219828221467978], [21.447572413184076, 22.61589674899708], [67.6148134641348, 8.77091516082406], [24.905458354496474, 20.94206256315107], [34.22330817290015, 17.259564434183908], [11.59947614070703, 28.826547541114657], [41.48014174282263, 14.828877650291776], [35.65100061016885, 16.712019572865003], [78.96680440529927, 6.967166625111707], [71.22755534379647, 8.130486028416804], [54.100070519060935, 11.53650819141394], [37.10794785681121, 16.21478385816448], [31.25566432332044, 18.29481596746445], [55.60108641591685, 11.175856822550916], [73.10630537279113, 7.819103790148042], [38.5498228086571, 15.76482322808409], [18.120668987730586, 24.439088621973806], [10.781196720404605, 29.479493861182007], [60.38480469102048, 10.149877781880647], [13.362437940755257, 27.539933017951782], [27.324503137968478, 19.884017201861568], [19.19165575902283, 23.822614491829377], [12.446633580544312, 28.16692762367937], [123.83263539170947, 4.098625295055368], [9.2164785492038, 30.837336050426334], [8.468504986305756, 31.547177800672443], [77.03081929982817, 7.230052983217158], [128.59144228305536, 4.035636998407678], [92.54978241181831, 5.537650918735119], [22.58159781725267, 22.055843900307657], [49.39534151056434, 12.661628428414689], [81.165158252744, 6.688775426315228], [50.98021526359017, 12.299056491562268], [126.20644373026693, 4.0630744921090916], [83.37317060555928, 6.4292073789467645], [64.20107431284248, 9.394127714295834], [4.5630182934051415, 36.03765914767938], [4.053840622697888, 36.780413713171924], [65.98726909811869, 9.089137360347316], [39.948450087734784, 15.29892408859369], [107.04508062294633, 4.61714819817697], [121.51823908846475, 4.141523728058058], [5.726238705038959, 34.63527490422586], [90.0999217377561, 5.7486559383192075], [114.39703232192628, 4.328208758739071], [75.0352719818481, 7.5197111012788564], [119.18136967259068, 4.193431911955421], [3.606821052717968, 37.50604339514366], [5.16129307002311, 35.278491654527286], [9.982166723227003, 30.181516266537308], [133.4398014726604, 4.004149930764533], [1.962840328220095, 40.69355812021013], [23.767974136076546, 21.50518901363875], [104.60560100351896, 4.7371511922770475], [0.6451329340238137, 44.48190641077686], [95.07075299760024, 5.338938270510479], [6.699229111664138, 33.375535339834784], [112.05128063179578, 4.40912747263966], [97.31884122059427, 5.176536353157694], [0.8825958911064415, 43.58221063556586], [130.997260065109, 4.016046075770858], [85.5878950612191, 6.187637268709479], [109.55353641972354, 4.506704910978038], [100.12346118422016, 4.992302264828457], [102.23616637466158, 4.866239289492], [2.2903966107068245, 39.91176872418534], [3.137118613225875, 38.31923044873688], [1.6066200351307873, 41.439176456293175], [1.2772849296058264, 42.48998778156631], [0.16070932154741793, 47.453600172880584], [2.646937173145167, 39.16824177012705], [0.4728403127953594, 45.64622526656648], [0.27850291455306087, 46.632781398577606], [7.640793680257056, 32.47018641829161], [116.81381411562407, 4.255201584135109], [88.43343641233963, 5.954371296729159], [7.60903744197609, 32.69556047585701], [6.166692059727672, 34.10759410820663], [0.0530709619951582, 48.41824817921615], [0.024646538646568572, 49.2212008291661], [0.0, 50.0], [136.0, 4.0], [136.0, 4.0]]",20.85
BNH,MGPSO_feasarch,18,100,0.404063,0.224595,5763.876872,0.603139,0.316023,92.0000,100.0000,"[[0.0, 50.0], [136.0, 4.0], [28.715680013243528, 19.30498917601711], [49.27159652912931, 12.683701086983092], [16.505375719828308, 25.40013665962638], [92.98640130466418, 5.5019313964137995], [90.68465471731832, 5.696626928574229], [47.77515582782304, 13.071850976862562], [43.44979690585474, 14.252719221943693], [74.10858495954443, 7.66107062297927], [80.03214180032386, 6.829675861214964], [44.89751323162504, 13.844744378566649], [40.74917982524343, 15.05638118920517], [46.36971249622492, 13.46184820978197], [9.140828878981855, 30.90715255364992], [18.68818772781186, 24.138345790382544], [59.3819763775753, 10.356161456715107], [17.561217701274096, 24.760224260812272], [110.03006002357704, 4.487153540776071], [52.33750742081062, 11.943736430569228], [102.57482526455043, 4.847007532856616], [97.72572668435424, 5.14857068682653], [62.615623941239406, 9.702413955767906], [27.374735496289986, 19.88422582248392], [19.76358032753579, 23.510192655093945], [7.618408170812043, 32.38777827797801], [20.863906873042055, 22.918930833803635], [115.1182739232089, 4.305341696290023], [4.091397489183699, 36.72574695121033], [23.378397301264613, 21.65879617267627], [0.3535002024893485, 45.884237910364114], [14.437628425115516, 26.746460184099618], [0.5422290192680778, 44.92873444711402], [55.06466930079877, 11.295478055572072], [22.12438388436109, 22.301585925287746], [70.0498084700198, 8.33106237897656], [1.3150558682135873, 42.22509421823649], [1.0246173622590944, 43.10135679250809], [68.10237371390114, 8.677046277390364], [2.764633245124419, 38.950972307840665], [72.0623770889788, 7.989615067155151], [100.12897152469235, 4.991959564027232], [78.01990342369186, 7.093595360913245], [11.62351906499444, 28.80629216696757], [31.57121730906063, 18.192993726245064], [3.6398456337826857, 37.43698768947723], [32.847359938556714, 17.688968535846698], [122.90710744287541, 4.114786063587206], [2.357701319625788, 39.73927997595101], [24.74626741635022, 21.02420852241734], [3.184512383855364, 38.19802926863956], [50.82629486187824, 12.303133019566587], [35.55118962546702, 16.74551210831489], [9.956787526485563, 30.192289139091415], [56.423039210273686, 10.992368074867095], [38.14446965894883, 15.86459387614471], [36.890810154269886, 16.28586375586181], [84.15257059134765, 6.3421160052414915], [42.10053974689494, 14.645125213736675], [86.29460771427378, 6.11430629364669], [128.1140291710543, 4.040480356074903], [34.165171111384, 17.211234203027193], [30.155765508404656, 18.759153168443525], [112.55850774798333, 4.390767595298897], [66.189353988221, 9.019559978418146], [1.6340988686828162, 41.36953037143695], [64.38645570920389, 9.364209591259318], [15.478958599539746, 26.052678453885747], [5.147701186563009, 35.25006828083322], [107.51263987942053, 4.595586763089283], [1.9861099499429367, 40.53361066054246], [105.02911970237362, 4.715397534934451], [0.7659090017073833, 44.020550155540974], [120.27453195798928, 4.16805239458837], [0.20111206404448245, 46.88751076052584], [26.03475896769146, 20.430519594968935], [0.08978757591226616, 47.90745687474448], [5.707916786857464, 34.56255313260297], [13.48680829370005, 27.423741633301226], [88.4693073223832, 5.899476493233423], [0.023353144530005327, 48.940240477980424], [39.39914677173438, 15.468966835727194], [53.71564955433811, 11.606773505979946], [95.3415986455725, 5.318650497694062], [57.897432632464046, 10.685881865521026], [12.518949999485319, 28.114028370321932], [6.948192960953383, 33.09828133664067], [10.771602763929906, 29.50350804882992], [76.05378463304189, 7.369416455549613], [133.36316967108593, 4.004403800675194], [4.60621003183544, 35.98605794111712], [82.06430189482332, 6.580731842462268], [125.50821725520072, 4.072663065417985], [130.72115323239439, 4.0178918318680035], [117.66936426195575, 4.231789098639028], [8.376033608038679, 31.638058737156957], [6.306712086018461, 33.81900153626955], [61.0030320526566, 10.023317332593741], [0.0, 50.0], [136.0, 4.0]]",20.96
BNH,MGPSO_feasarch,19,100,0.410082,0.252501,5617.588708,0.593830,0.315296,87.0000,100.0000,"[[0.0, 50.0], [20.363812767690163, 23.183668514988558], [136.0, 4.0], [21.440115495623196, 22.6259194479942], [59.03041171616211, 10.429776055955614], [10.917512333486059, 29.377453990393548], [9.270116618042092, 30.824561651334207], [28.57643813677108, 19.348377353861135], [62.28491735457379, 9.769513698442555], [24.966346491036163, 20.926392787420447], [55.837942285346145, 11.121553162667599], [72.20036069120891, 7.966722387924436], [11.717832635118311, 28.73218756631103], [14.913849932595078, 26.43323499322391], [8.473446433559873, 31.559857402938476], [54.29124442548689, 11.475961765456145], [31.043573481228428, 18.396226781024133], [17.49693709527836, 24.80435800004449], [86.79750143632171, 6.063192399789703], [73.84748469403638, 7.7017164705348335], [7.717004368504, 32.28716553933532], [27.332008288542703, 19.86744374458296], [79.11550689007515, 6.947677045201499], [42.19466794227172, 14.616868351895668], [26.15270961236559, 20.38228329377528], [16.6272455925993, 25.326643227700686], [80.99785313770892, 6.709243719810141], [70.59629476176275, 8.238214616474195], [29.770756415029126, 18.868061793334526], [68.95246754265774, 8.535996954090677], [88.77819002022065, 5.870247780139387], [5.03608325594659, 35.40478036246934], [7.016367298906382, 33.0348004664457], [75.53660682787716, 7.445080939897803], [45.630316694844176, 13.642797377535027], [13.306748711976773, 27.53335500417097], [43.90961783765612, 14.121460245623025], [114.29200817573921, 4.331616392110105], [4.429848169525185, 36.24236103961737], [65.56290238898279, 9.137150252497658], [22.59389411199633, 22.052086927389077], [63.85405057583641, 9.46448099788249], [52.5170644144675, 11.891120386769156], [67.23300701287383, 8.828560237477905], [77.32452199421198, 7.18905449442253], [109.09932495729666, 4.525759624464311], [60.63282492173795, 10.098180411171835], [101.75365857630551, 4.89409982180274], [18.457978530250735, 24.313209996689928], [50.74951015481962, 12.314032353958012], [94.96109829851218, 5.347209348433816], [23.75531389003815, 21.47703350914547], [15.751127085120029, 25.87455415566017], [0.09117150768711968, 47.888562227923], [127.7786244177909, 4.044075623155304], [84.83781740747213, 6.267424714384132], [119.63542664143628, 4.182653384382756], [5.6728779561510905, 34.605531503027976], [104.14892698689323, 4.761050059552549], [10.07342994963934, 30.076003844657592], [12.537050623450058, 28.0974599616018], [57.433915263337624, 10.770388679503125], [111.70210216470623, 4.42204804663992], [40.402936703656195, 15.154995848779205], [82.88477882289581, 6.484964326600797], [116.9470245824733, 4.251473946194117], [37.095391042246796, 16.228897873270935], [3.8731816885271164, 37.080532572956145], [99.44831232677028, 5.03485362191811], [6.3644314237168365, 33.82129435771385], [90.79602563759656, 5.686837586971103], [133.2127937028975, 4.0049241904893496], [38.75722451920148, 15.688923037191445], [35.64473348140396, 16.809285899331183], [130.48253733806587, 4.019570216005166], [0.023574344274557256, 48.92360752075952], [32.60916169206318, 17.842213678681496], [0.5461035368348062, 44.922445929291314], [106.59730778819048, 4.638224905982784], [19.37771805211291, 23.719394016810085], [97.13424284015603, 5.189365859602443], [0.8003722861577385, 43.94346261426401], [3.3547480430317362, 37.90640891518152], [1.730888215203592, 41.14692028039107], [1.1431388521630284, 42.95048560164264], [34.092078577454224, 17.297245404712584], [2.0970217828105246, 40.298444436504624], [48.9465888245311, 12.7686232332479], [47.38371741375999, 13.295892739295983], [0.20968062189856151, 46.85885202037679], [2.4886372912577954, 39.467263614871136], [1.4168453443848978, 41.96264403224194], [125.02272105626523, 4.079753920149851], [2.922499836031175, 38.64582869310274], [92.85785127607888, 5.5123901717238954], [14.111658248835173, 26.96596898305858], [0.3553727117916261, 45.87788943350715], [0.0, 50.0], [136.0, 4.0], [122.33317981581372, 4.125470043661482]]",20.68
BNH,MGPSO_feasarch,20,100,0.417715,0.241679,3998.725837,0.653729,0.342803,91.0000,100.0000,"[[52.0574079349862, 12.001280706004351], [0.0, 50.0], [71.96960027785877, 8.005069295511682], [32.345257705538906, 17.87408523711466], [48.729685161922404, 12.82762986586253], [64.37729553213332, 9.376160710998693], [55.50697133919454, 11.220083604186033], [53.748036892416465, 11.598336498744256], [73.84992282553415, 7.701335236190888], [83.77689196457276, 6.383807786543594], [39.466984379037285, 15.444487532396654], [18.56381253066869, 24.17780184882386], [25.656072816014706, 20.644656271065394], [28.390050817898143, 19.462981143838945], [24.27088644341221, 21.23484442530002], [2.8893897706172655, 38.72717712668371], [9.957396968185236, 30.18029940292423], [29.76735641134369, 18.931618934022065], [31.034335473457134, 18.42023420665665], [33.73342150249091, 17.37561770108703], [1.4862971597335106, 41.76557992013001], [2.4801257679982402, 39.48452851806817], [10.825470907304872, 29.52009318274896], [26.97545260441732, 20.038581467502386], [13.52306514972678, 27.388653865152868], [21.89560364284468, 22.389272532851116], [117.3861635172826, 4.239400780085086], [88.28907148422073, 5.916676503944089], [66.23873445677796, 9.010764478821173], [77.67670378571407, 7.140427602621076], [5.8220814840230215, 34.395852943383986], [45.47355267038459, 13.685293230763488], [14.6344131819342, 26.687640012777326], [90.59603112988755, 5.704444200705371], [4.26853085667122, 36.48544782757648], [4.758429264675415, 35.77729807296182], [62.411032258381155, 9.742178560617106], [81.68294758523606, 6.626156123189466], [68.16129694445472, 8.665049322122819], [20.82082346733054, 22.94876348502828], [79.63305790739201, 6.880602620688698], [7.698798195938106, 32.30487883603223], [19.69668747581301, 23.56476135258292], [114.80630976580994, 4.315118423580283], [50.35857237665614, 12.410986536023943], [1.7804450212733087, 41.01046357157799], [0.5879321300190727, 44.79163781185011], [36.45248229251088, 16.423397029473257], [15.57858614689303, 26.033184678118126], [95.29059862491366, 5.322455297980799], [120.02586289254647, 4.1736546342053416], [40.97683543455527, 14.997816111184344], [44.080120884286416, 14.092476119804811], [75.74725575080527, 7.414101589774598], [70.04897536298853, 8.336493909087908], [2.134817580064611, 40.2447265750948], [3.3105549802539027, 37.96365089461912], [5.27960749871653, 35.08416983766247], [7.057474556665522, 32.99685620855632], [6.417566933121759, 33.706205723409184], [11.63448760926924, 28.79564191142356], [100.08754055415915, 4.9945380636463685], [125.3223959172032, 4.075335802273842], [0.7809592932185367, 43.952514521455214], [97.69322135983927, 5.15078907226974], [92.9225075029298, 5.507123756678872], [12.778479467789582, 28.10972432877174], [106.98211051375984, 4.620086825476296], [109.65795079396172, 4.502382531660838], [86.04464790179914, 6.140041021414719], [133.49470670612052, 4.003972731164882], [47.07684394119116, 13.2528455911918], [35.15821163248751, 16.95199038629706], [23.119718980464583, 21.780333341547895], [60.66895840308402, 10.097870673295018], [58.690806721956974, 10.518583779508493], [17.569591038568966, 24.78468801012943], [1.2273475533863196, 42.4733515398233], [3.7560439474904266, 37.23913459311952], [122.67038484383015, 4.119130918364338], [130.79478527770513, 4.017389517506634], [57.02488496240997, 10.907569746731355], [8.458578628971727, 31.550849843349944], [0.2721987149954252, 46.389857573040686], [104.70098554968143, 4.732217555757537], [0.9936062682301692, 43.20917591493084], [102.3685349612218, 4.858690796815576], [38.025908523339936, 15.921341242379338], [112.24113350872138, 4.402198928615329], [9.405954535805229, 30.89380515718515], [127.97442870211896, 4.041957385840814], [16.52864135240118, 25.386337056754556], [0.41849153027919617, 45.53939760456906], [0.021956262448993673, 49.26460677993872], [42.50097565006492, 14.541396928258623], [0.0, 50.0], [0.24085791783676494, 46.93999016623964], [0.09004415418558942, 48.05550871215687], [136.0, 4.0], [136.0, 4.0]]",20.49
BNH,MGPSO_feasarch,21,100,0.416327,0.278224,6471.518149,0.633171,0.331258,92.0000,100.0000,"[[136.0, 4.0], [0.0, 50.0], [11.464778546612095, 28.93006463056575], [47.79732975319099, 13.082231038748187], [55.600407184901584, 11.174288312827677], [50.88324447201177, 12.281122449088329], [23.988480043363644, 21.36444797696972], [32.06717806385561, 17.986526952055183], [8.403344579454497, 31.602857012820373], [71.43617615736902, 8.09489775670506], [22.74569649612114, 21.97603510739151], [9.155917546279596, 30.902603897357462], [33.54786823300627, 17.44140109228311], [63.79440325765547, 9.471487708324178], [46.200012363938214, 13.487939526575074], [96.33657249733577, 5.245833268813785], [9.902245915400854, 30.226603980868006], [89.60154191466209, 5.793848523272538], [60.558875707965214, 10.119157472129878], [10.697714157631758, 29.56182444478148], [5.831721884873319, 34.38774312291493], [7.062174761983019, 32.98633820560285], [41.88506889463973, 14.719479401179335], [20.307581517126394, 23.212072611440647], [27.758394198209437, 19.68903792561835], [7.754652825507291, 32.30079105224281], [77.35826948678515, 7.184369702118376], [1.4746394567055328, 41.78196252548526], [25.148396052136434, 20.827871618038678], [75.36774864371412, 7.470075308420428], [57.24090614117257, 10.83666621813392], [1.1997521764094523, 42.585376279879895], [39.06761259284896, 15.571348771169749], [0.9333126637886762, 43.407640952399305], [26.436925675067627, 20.252679548619867], [15.949278227526229, 25.768332712268396], [79.33360854726145, 6.9192681867698855], [5.292536759840747, 35.09056359632792], [0.33002825622933357, 46.02058330648646], [34.8935845573873, 16.96627642523343], [44.777161786596764, 13.880391499444164], [111.28702993251338, 4.437708014310494], [106.05146097056651, 4.664489834937175], [91.80118643863105, 5.600200746785118], [81.27748725645499, 6.675097688917128], [29.138827524774324, 19.121514755115214], [85.37774679114898, 6.209786140556361], [87.48513602424251, 5.994712255040956], [14.982604946085921, 26.38979411373717], [127.60677248804514, 4.045979647013041], [19.251586025474417, 23.856773398233265], [58.788818248137446, 10.48064174158383], [54.044400661627655, 11.536110740356069], [67.55165876644264, 8.787515362822962], [12.266218657288203, 28.31128261115711], [36.21421076908972, 16.50516080691375], [16.96505396602833, 25.11987181344996], [83.30689132998306, 6.43672016821008], [133.17983395990674, 4.005042188590369], [49.397483316605374, 12.674062065021158], [69.48357230698545, 8.428764081450492], [103.54654248323271, 4.793283821754139], [130.3736282337996, 4.020362004171185], [0.19071702875712804, 46.9638382372564], [101.0900075473013, 4.933312645065241], [4.737814687800531, 35.79337459973794], [3.306642405040635, 37.973235990307515], [3.7493422302137356, 37.2479186125118], [94.03734898357835, 5.418213285193995], [52.43780811648533, 11.906065862629905], [43.34727955036543, 14.28936396389599], [62.14824492974281, 9.804688480266993], [6.451781286918031, 33.68567325842645], [98.70904336189724, 5.082739956298543], [2.5058700145292745, 39.442150277896275], [122.08357541936334, 4.130276425407073], [14.02458647492442, 27.028394652970867], [37.648316224024825, 16.04252807778838], [4.251018560916059, 36.52167183328191], [113.91982379626133, 4.3438528711254625], [21.516873311970308, 22.581045390089123], [124.82225264666299, 4.082783997374357], [108.65510802812497, 4.5447941390283475], [65.66312888226108, 9.117673075942061], [0.7017654498720071, 44.252795857436766], [0.021906665929141745, 48.95889501031148], [2.9091532501297417, 38.707208992125345], [40.497298806502336, 15.127645498988846], [18.0524216777888, 24.478642392312207], [2.134646735049786, 40.21629340646513], [0.5006148676493825, 45.12265436061925], [1.7966755408246744, 40.99766622057403], [73.3888209165211, 7.774005806874392], [30.567297216045763, 18.550051849880155], [13.113192116260347, 27.67245703650792], [0.08697235925050043, 47.94135518040234], [116.5935414689525, 4.261432510936858], [119.33864253639297, 4.1896602133531], [0.0, 50.0], [136.0, 4.0]]",20.82
BNH,MGPSO_feasarch,22,100,0.412212,0.227404,4560.150677,0.580996,0.338494,91.0000,100.0000,"[[18.82437580174137, 24.036307779446048], [26.49504396631587, 20.237177683665216], [17.873399411951908, 24.62827031313082], [15.893400766965588, 25.783747804484484], [14.987933740294762, 26.390362665685537], [24.186451893413526, 21.271519245410893], [39.77759647095604, 15.347804838890124], [34.192957097631194, 17.20755310665787], [29.96855439634095, 18.782760705958736], [38.43531400756457, 15.793408757925132], [16.844379402057456, 25.207913454290093], [28.800660606513592, 19.25363130759537], [54.2348931100552, 11.490147727469683], [31.30246066742309, 18.2679326670374], [27.645558784402038, 19.7477946822605], [20.838500661620284, 22.935906131287155], [52.42762953841552, 11.907742111828341], [61.26915315887943, 9.973654804142676], [35.64478704333638, 16.72158512642425], [23.017779461725826, 21.829827124490695], [84.86356607465065, 6.264651885907629], [9.056207444556353, 30.9849654695881], [42.63264767998696, 14.495007920344989], [41.21887982828099, 14.924765470692808], [19.832111614670612, 23.46852919194159], [21.907606063402273, 22.380959382821334], [50.65343422528614, 12.3412786353234], [89.24728429577432, 5.826452672427363], [12.285575762116082, 28.324248142607722], [48.91571409575225, 12.774718777742805], [7.600598915126328, 32.43465765930018], [11.443444057616562, 28.973648029499785], [10.598628981132961, 29.630021333386413], [6.942072301477425, 33.11422158616147], [6.291630859705533, 33.837083747868874], [14.067659711134652, 26.99975434139529], [47.29292172637338, 13.204355827303356], [65.10348437944873, 9.225950863364119], [91.53470036907734, 5.622871166066488], [55.990945175453646, 11.087120093162582], [87.03868717738933, 6.0389889980354265], [45.671244972776506, 13.649279183002538], [36.994648424867336, 16.24517355048252], [82.72226768320436, 6.503722536333569], [57.67805403146459, 10.719095525214971], [5.078297677232455, 35.34005928181804], [4.519357457127615, 36.09933569878041], [3.5040968532290195, 37.69142732184552], [44.22660717585363, 14.072831835600674], [13.145311610921286, 27.649493466387423], [59.46190579221373, 10.371804476692251], [96.06195667249565, 5.265664435457169], [3.9936210001649624, 36.902094071558935], [8.32179846987301, 31.69393476169629], [98.27435158426036, 5.111537960641522], [117.88555515196126, 4.226069927371911], [120.51825313163211, 4.162658576469475], [76.70601000229543, 7.275871628169693], [102.95678830211807, 4.8256332176479635], [105.49200188291073, 4.692069014331842], [5.665956503395914, 34.593555829611404], [74.75098671199372, 7.575476745574667], [9.819073056082093, 30.328436041580737], [100.58965847597327, 4.963568836150037], [122.975546281228, 4.113546050097414], [130.6730839366556, 4.018223723997852], [107.92192454996183, 4.577083705809989], [25.34966263437036, 20.743475198197785], [80.62838765531046, 6.7548561000324785], [78.7341658705702, 6.997854282511274], [73.04444417134975, 8.04632782801253], [67.13140141241148, 8.885089953560275], [0.8121724584130354, 43.84699981574555], [32.71683712034044, 17.735249142884694], [63.22572356937492, 9.588772535858894], [0.6398618906615652, 44.70284701789577], [1.7165035950967344, 41.165010170703226], [2.6559836970404405, 39.195570866109044], [0.231230757492506, 46.75629294301004], [112.79675099666277, 4.382310008772445], [93.79920661709454, 5.4369069285708385], [69.1838985104676, 8.493241028847322], [0.49145547726460626, 45.27809291084169], [115.28103732384074, 4.300309498373688], [133.3935012761333, 4.004302403400058], [0.09616429863548931, 47.86355559200092], [0.35222440096273655, 45.94688836968412], [3.0930879806476463, 38.34419000613741], [1.0969248677004224, 42.956362932235045], [1.3806014773030708, 42.04638967713461], [2.5268754407943987, 39.90202036843747], [128.45097075280017, 4.037028769215914], [110.30947267537124, 4.475897000397979], [2.2001795568419973, 40.27557056114799], [0.02454802739383647, 48.903469065220925], [0.0, 50.0], [70.85522702763984, 8.194056763618452], [136.0, 4.0], [125.89525471331476, 4.067259618442952], [136.0, 4.0]]",20.85
BNH,MGPSO_feasarch,23,100,0.415939,0.302084,3771.873293,0.613542,0.330290,93.0000,100.0000,"[[41.839799295767264, 14.75169677783882], [136.0, 4.0], [34.740584976848325, 17.00800776495217], [90.22426010800046, 5.737503095550219], [25.94489512447181, 20.46953136979196], [68.74603723495389, 8.566368474606477], [32.20385813966963, 17.927924620738743], [36.09369085644847, 16.547046344404777], [8.951005803299939, 31.094018212614344], [43.34029346864736, 14.283928488166168], [44.902111203664205, 13.846681181664236], [70.53161034706514, 8.251101098827725], [6.893689568555342, 33.16601055405379], [29.6520697663443, 18.908602927037066], [40.28488694121425, 15.191951683136399], [59.88010678990959, 10.254272187226956], [7.550658102576664, 32.461052292164304], [15.07787489673007, 26.3130905961113], [82.14689092422199, 6.570971258350676], [74.19783002478384, 7.647260972298956], [78.12849808743184, 7.0788896725275166], [52.99590441365554, 11.77281508666097], [30.900766251722267, 18.418728804706006], [37.41755840631336, 16.10083168759992], [12.176340747328862, 28.375952792387217], [33.497370997613935, 17.468470807567698], [86.13621197264308, 6.13058848308666], [121.99393134365685, 4.132026387405865], [51.333697031387736, 12.182120151255655], [19.40256692142742, 23.705057372398336], [76.15108350288077, 7.3553295623993495], [11.31969785699158, 29.04361187749226], [21.66933483512426, 22.570337947234687], [3.5393093149618866, 37.58769998757133], [8.251343066941523, 31.785569029663094], [61.61537545495329, 9.900172544927837], [84.11055718951745, 6.348397945269475], [16.16234072495189, 25.63681671300012], [22.64185165037455, 22.037355736103358], [72.37033773317714, 7.939931463841176], [108.97215337315511, 4.5311683967636345], [2.6640908575480093, 39.157002015592084], [116.71442091857314, 4.258002796413068], [80.1388177598336, 6.816178825538966], [130.26381193834646, 4.021176762436188], [99.01813529508664, 5.062552487774259], [5.075863190708336, 35.34378417519639], [106.4087870420786, 4.64722475418928], [5.667899611496111, 34.62462387962654], [24.83325639219676, 20.999542741156063], [3.0948032550126046, 38.357916360708856], [114.13277396207067, 4.3368209125360355], [92.30482722769237, 5.557935515560143], [65.24834102322961, 9.194985708114231], [96.72866425333797, 5.217866937937033], [49.7546227307704, 12.634796380870164], [9.709014996751995, 30.41201640229353], [6.267175001626967, 33.885982289471826], [23.713646021272666, 21.50797333260783], [14.11455080021784, 27.00843024778421], [38.98608928967099, 15.660112301912797], [54.68424829279177, 11.384832053575487], [63.40079552443687, 9.55106923026467], [1.5706432505030872, 41.53390440779023], [119.33884339452105, 4.189655422406643], [2.273980108305548, 39.90605184568487], [127.46873824162753, 4.047539475560338], [88.19498138594626, 5.925698206901891], [10.490368620238591, 29.72022501161978], [56.551291247578604, 11.035245661455894], [18.337926461811783, 24.30442261140217], [27.145979245929116, 19.94923000498109], [103.93490512359321, 4.77240953307004], [20.534008078527947, 23.139168886356074], [4.0247949707035096, 36.822104340128476], [111.55278102377848, 4.427643883528025], [48.00150257015454, 13.009984958108966], [133.11459945075396, 4.005279912289836], [58.13206740807527, 10.620121428693798], [17.248692157185836, 24.945473099251497], [13.18118496644383, 27.661543109716384], [66.9575570570091, 8.879138855359642], [0.7924439758985261, 44.01559287713891], [1.9079339905491208, 40.71371133245885], [4.534442872181608, 36.078211795130116], [0.611049276469625, 44.87083858442731], [28.50611160305534, 19.431880461931073], [124.7004481323625, 4.08465436586188], [94.45502511275473, 5.385813254546039], [0.3995826460869639, 45.70657585106419], [1.3812561292344165, 42.38508614103202], [46.48463868885435, 13.4491346850994], [101.45165983501256, 4.911814901087045], [0.026716525883396278, 48.86407489976186], [0.10744981654199467, 47.720591933039024], [0.22440960454260372, 46.724760606863285], [0.0, 50.0], [1.0341883879921072, 43.074784484866974], [0.0, 50.0], [136.0, 4.0]]",20.89
BNH,MGPSO_feasarch,24,100,0.421487,0.232993,5369.212195,0.637252,0.361117,90.0000,100.0000,"[[45.13984523388361, 13.786785506165119], [49.70027653074301, 12.589777864166749], [27.563031597780977, 19.771603540775402], [6.286999657753418, 33.86334046282548], [13.120226656598653, 27.67298066619012], [26.166125901776525, 20.371956947899925], [12.273742701817376, 28.30034341557252], [71.48162060402774, 8.08717975313081], [30.24892235913758, 18.715906424165127], [28.927921232095834, 19.219196424000337], [22.594851105702705, 22.080292333201527], [43.64231090812885, 14.200292851932854], [9.074683122844394, 30.977159601014897], [14.964849442514737, 26.38936452451076], [4.144928483137725, 36.65288301693946], [7.635005814500115, 32.422633657833785], [8.357313879742474, 31.670606890134906], [5.708393484155994, 34.55904298681246], [94.49973851164754, 5.382373746203291], [92.27244091068054, 5.560630670027055], [15.930971900757946, 25.772999525626314], [4.633555883721655, 35.94478302807565], [9.876784025506712, 30.309466295545025], [42.020966613762866, 14.670751491576237], [46.59507357365251, 13.381920894374844], [23.743616721345973, 21.485434931463423], [83.29151608360377, 6.438465370380534], [0.9204177987223559, 43.4666320882461], [10.665956422243765, 29.64413322678108], [14.056820053050608, 27.003756335082393], [18.050729507605148, 24.51604832109195], [5.158358294891354, 35.24792132142369], [3.71989653074682, 37.386467826532126], [76.90866708582283, 7.247224977487873], [48.12189105547202, 12.985496217335147], [39.16470603596507, 15.565909288644665], [24.925611215144187, 20.9287942889365], [2.0364837348017786, 40.42030987673252], [3.2274570510118528, 38.12730939883956], [32.87595511192915, 17.702147194355607], [87.80296238857936, 5.963603176748591], [31.596119660739678, 18.22760631922079], [21.623094693648817, 22.75180617279474], [89.9998974721016, 5.7576631069936575], [2.4105089706578338, 39.639623959415545], [11.416906875416132, 28.96870495077599], [40.57979494129758, 15.171987647072076], [0.715494629501055, 44.214308704132506], [16.877187650698218, 25.173618383264547], [79.0066010100717, 6.961941116086225], [59.79632799152067, 10.270333252047163], [55.25202501875001, 11.254973059775], [61.57110130377829, 9.94435603433616], [1.4249710038740762, 41.91604209530369], [63.77991301808382, 9.478848980724852], [35.389334344180085, 16.885647216551845], [36.85394041150249, 16.352123464350644], [53.249811460879314, 11.719348490305086], [69.76412495993155, 8.387578364321296], [115.33015158331374, 4.29880024017187], [58.27447458785481, 10.626675574211163], [2.801616156400258, 38.86499408617803], [20.04136044355311, 23.35500871545976], [67.85154176391605, 8.762946510626936], [56.83188593336209, 10.909306885970343], [122.88436117959856, 4.115853454228276], [85.55877842616906, 6.190696600146879], [51.4966184386548, 12.170601243478409], [73.13429918055985, 7.814615516654649], [34.11429471483646, 17.3537720555422], [0.5184157859036844, 45.03877679709049], [96.81449255003852, 5.2117994593208525], [128.2759135142598, 4.038802053087078], [65.7705523607743, 9.097273581911956], [107.35351520141406, 4.602873830774289], [0.12344682035678811, 47.550887619818724], [1.149533568313894, 42.74237956305822], [99.28761456379493, 5.045147060065051], [101.80301495185762, 4.891224971021852], [0.055108981222552755, 48.36653512480014], [118.06227495006586, 4.221453515429982], [1.7292887730521072, 41.167427912261765], [0.36578222007000427, 45.82868396141825], [125.61386120057752, 4.071166285471134], [120.25498870410487, 4.168489059281502], [19.0948761212181, 23.94564711374], [109.74246029249103, 4.498899929643561], [0.23397642589017592, 46.65958140678211], [112.51483445233256, 4.392329461302479], [6.969387854162893, 33.10890098027116], [133.07459613880405, 4.005428438904586], [130.60183955081666, 4.018721395538202], [75.0805852953253, 7.512913042826869], [104.48068576876413, 4.743642537278005], [0.01753689025285148, 49.15314026186954], [81.10233596614312, 6.696447624535839], [136.0, 4.0], [0.0, 50.0], [0.0, 50.0], [136.0, 4.0]]",20.63
BNH,MGPSO_feasarch,25,100,0.411723,0.156890,5605.234023,0.609474,0.329061,90.0000,100.0000,"[[72.49250629241612, 7.918612716555984], [76.17865270802858, 7.351346567653771], [24.022226447491608, 21.348513300410886], [22.78133543602744, 21.945270627134935], [97.41430715901589, 5.169936338981698], [37.86371616621116, 15.95790530657118], [50.70045572998926, 12.33272751613019], [90.79411822776692, 5.687004923468807], [56.111374470508714, 11.060253041414853], [82.07032580703441, 6.58001899986969], [84.15722390318831, 6.3416029166649395], [101.8146960819278, 4.890545417670812], [80.13971035603126, 6.816066095862366], [21.678970151477444, 22.524375983207552], [33.24196089851396, 17.54475622807917], [12.511583439324703, 28.11683703209738], [86.32270770726116, 6.111426967427525], [13.473114254557835, 27.46133500399452], [11.635652279108902, 28.82083466388829], [46.16898014922654, 13.496522455379152], [78.13225793756817, 7.078381487338994], [9.31992816257997, 30.753658237006263], [47.6556476900786, 13.135273222029246], [74.29575298802361, 7.6338789194477545], [25.25697614229994, 20.780151839117046], [29.35794961331345, 19.027755313872838], [31.920248442390935, 18.096968332022882], [115.98496402637234, 4.279084336481461], [61.31237504429234, 9.975418824436801], [64.89853323635745, 9.27452859246056], [7.373129122590119, 32.64967796832927], [59.432768587073355, 10.357877129708704], [57.778831505818445, 10.696092018613584], [95.21324561025804, 5.328239729383043], [28.315941134529865, 19.68482028636706], [113.58289231922939, 4.355147379883365], [44.54535079622336, 14.008196565826141], [10.769447076203864, 29.487484805460312], [68.75790224832701, 8.617546966128485], [39.41179083895234, 15.465296843670693], [1.9843355470375053, 40.53560970161791], [6.011428812566519, 34.21889944810562], [41.18175460063584, 15.004910576611913], [108.91101731869459, 4.533780129941846], [106.53971433840348, 4.64096641787877], [104.17821598452727, 4.7595034376889735], [49.11535658895263, 12.72577067346279], [88.5748560191937, 5.889453558888865], [54.60075984351544, 11.413728033360968], [20.62391996576313, 23.085217155001583], [70.51833922368436, 8.25342983982471], [34.765725281709464, 17.002897039083095], [30.638251666382487, 18.520079897842365], [36.23169733331456, 16.495280495308208], [26.80140932143087, 20.17626729784049], [2.3520213871587385, 39.75447816481277], [7.972953093973276, 32.02712017496485], [111.27866145005515, 4.438027124068034], [128.20645600996556, 4.039517607425084], [16.7479621121782, 25.30890042927016], [130.68845134331895, 4.0181172796272255], [52.72216738336064, 11.850654821218203], [133.29673733148599, 4.004630063929146], [66.81320956064906, 8.907348899298663], [19.715276715747027, 23.621283950904555], [125.76790573446844, 4.069013222923703], [92.99345757894612, 5.5013586926460265], [63.221560075820946, 9.71219048950335], [99.61020655857554, 5.024548129382887], [42.724462187079496, 14.475930145606547], [18.3183498928022, 24.429503148708253], [10.064063604160285, 30.08405994170092], [0.15998017550561536, 47.28323025788872], [3.420715603112494, 37.77726733546511], [3.9233402589347017, 37.13224327211562], [0.39703815987706476, 45.712475789529165], [14.585793428635995, 26.781193888747836], [4.859908558107204, 35.71409734713597], [120.5821677682251, 4.1612599078043155], [1.6258959897110357, 41.43081127396616], [5.405311977518754, 34.990110440213755], [2.7179489289467833, 39.04591354158076], [0.5560060366304526, 44.87675700204989], [1.273536816390125, 42.34936528495619], [4.295495116314468, 36.43430777145606], [1.0301418706607468, 43.17679336024201], [0.07984223196870975, 48.02200053172632], [3.106700840621431, 38.34054470490695], [118.17017243625855, 4.218660763148332], [0.25530021624212396, 46.596477505019664], [123.00255640778292, 4.113058652327924], [0.021987578477443936, 49.05108505467845], [0.7775701543112487, 44.03849615394758], [6.709935605601197, 33.41108630059716], [15.622587659711124, 26.0088662593046], [0.0, 50.0], [8.639966577892203, 31.379323481508507], [0.0, 50.0], [136.0, 4.0], [79.94964624912186, 6.840146875310493]]",20.57
BNH,MGPSO_feasarch,26,100,0.415004,0.198774,5943.968841,0.613388,0.342765,91.0000,100.0000,"[[37.936594016011185, 15.936478290331559], [39.354888259651204, 15.497878160496311], [45.37193912985108, 13.720936229400174], [14.566803163490928, 26.658097988845945], [24.849016180953715, 20.974508545172682], [22.674753086833505, 22.050693194255576], [46.91529695395468, 13.2971120882807], [29.82391915946912, 18.867580927892803], [28.59610016346967, 19.337105758809585], [10.250488588535347, 29.937073037466277], [13.67691429120112, 27.30023477452169], [19.407422794052017, 23.70294766929463], [20.418946782848302, 23.152483218342653], [43.854537100675685, 14.144057301266317], [55.0138763798311, 11.334035027957906], [36.51459349007496, 16.404421788626873], [31.083980763153566, 18.352501571449114], [12.746872567280366, 27.941640451467393], [48.503118231797245, 12.883764439096444], [23.709412445726695, 21.5015893672234], [40.78620671327832, 15.038000672160623], [17.382141161619334, 24.88437566753305], [76.30766864951411, 7.332756813774994], [18.403347753972277, 24.285392253938127], [91.7879218453055, 5.601324139169745], [33.747754092247334, 17.367779730459567], [60.40628463068367, 10.148028553971074], [78.43681931752687, 7.03743050039909], [74.224860468461, 7.643086648590344], [16.463198615175827, 25.461890893630255], [27.306982724459452, 19.882514072414907], [42.29955186708786, 14.587735660698584], [80.57233965090212, 6.7618253308500575], [50.188418624918995, 12.457134703661342], [15.497169280795639, 26.038518646808555], [11.070627571046863, 29.240506748523124], [26.065273330568658, 20.45863539580596], [51.784351546667196, 12.092371697292586], [32.388833592893874, 17.855063215064096], [5.771234944118508, 34.46290243309805], [35.119316257001586, 16.87576909782945], [9.47545292198442, 30.603516263664723], [53.344345913378454, 11.708264401518601], [70.1719833069613, 8.314724079161424], [82.70220615426197, 6.5060453399598535], [58.600408406215784, 10.520670561233278], [11.925051260357156, 28.588008793703626], [21.543606025145543, 22.57353022800551], [1.9329757181804093, 40.65314946398636], [4.076911191801694, 36.78389089408836], [72.1760347188551, 7.970750326629093], [56.660492010104825, 10.94578844706086], [98.02473889379502, 5.12829153012421], [5.170441215436828, 35.25555251994852], [66.17265981585828, 9.078342081853107], [62.22209403975799, 9.778507852837722], [115.467512648841, 4.294601843617041], [0.6057633372007272, 44.653639902890745], [122.86017937322436, 4.115640508801888], [64.40764389945186, 9.433090636374864], [3.155135591400547, 38.22865903216271], [4.5886502939007565, 36.021947719276156], [128.0683305738326, 4.040960829103303], [2.7282439330414956, 39.003610915502605], [95.9551262243383, 5.273433751777592], [0.4452614612855594, 45.43537043668147], [8.771207761187808, 31.25765917788974], [120.33833698837674, 4.166631061990012], [102.52970809116582, 4.849554364294905], [133.36643169810895, 4.004392838420849], [1.3196072180845286, 42.24740397739271], [2.325667734807921, 39.833274947064936], [6.500189943858523, 33.59714792069383], [0.8165884724230921, 43.821776609476174], [67.96446392299026, 8.697109884012528], [100.35812238131938, 4.977773471850644], [117.8826461548901, 4.227159224096412], [1.0578262223210344, 43.02882262047237], [125.14616747468253, 4.077917795657625], [110.28539069605652, 4.4768611658607576], [8.23095359054153, 31.784452552313653], [87.27274589183516, 6.015691485934785], [93.7495535704519, 5.440824873509072], [84.93665421720277, 6.25679436463651], [1.6097593092684654, 41.43306490981259], [107.89040259801021, 4.5784965199156735], [130.85074192600928, 4.017595510735968], [89.53288062819183, 5.800136420096589], [104.75185413987244, 4.729594615088845], [113.01559813705127, 4.374633890609644], [0.029941468639249267, 49.14230520327415], [0.26310123183301, 46.53406995897381], [7.384572691689032, 32.63631984256499], [3.6622802631171094, 37.500804403627555], [0.12782512584213643, 47.54518270429888], [0.08239578396178301, 48.192272258206884], [136.0, 4.0], [0.0, 50.0], [0.0, 50.0], [136.0, 4.0]]",20.57
BNH,MGPSO_feasarch,27,100,0.425022,0.256043,5479.317353,0.636714,0.354186,89.0000,100.0000,"[[136.0, 4.0], [51.925636050877586, 12.041741291111265], [25.83214566780822, 20.51915220269714], [9.218158940613943, 30.837048036005], [102.49917252552301, 4.8512807349968075], [22.418131873788276, 22.156853790867316], [19.21505732137988, 23.807813781588656], [32.995173823650205, 17.63561735685016], [12.416561860068903, 28.201888878218256], [36.00604578689402, 16.571742190774067], [34.486038798400585, 17.09983764358102], [2.5373052164086456, 39.37303925118872], [15.249672015502089, 26.208086679132816], [42.22650325536535, 14.624648396453692], [43.66381743137022, 14.193069843042842], [93.85971682576621, 5.432141763970876], [45.23357993163712, 13.751548025889207], [37.60270032760759, 16.044758042870097], [10.761848188100899, 29.51176050819889], [89.74052685622911, 5.78116642507759], [100.27956650127764, 4.9826222928749635], [46.87559351141979, 13.325934355045776], [104.7275411001825, 4.730847561804205], [3.803636298186308, 37.17656814239372], [7.808666100789965, 32.19409143036152], [50.109115850697464, 12.48484882113718], [20.24630166885921, 23.26735836767797], [48.51241089965331, 12.899210388439442], [28.58906955238237, 19.35305583141541], [106.9826579078929, 4.620061244528915], [13.325528193468848, 27.522461158025983], [17.197641665322827, 24.975886270252737], [40.74136507537934, 15.077060997933636], [95.96178655135272, 5.272948477654612], [8.500390090102767, 31.51625118088782], [5.281212763212855, 35.08068397635817], [6.489407893722104, 33.620995732878185], [55.532829058292265, 11.224410348146849], [23.470921727162093, 21.616171752038657], [4.748371424134561, 35.79716403621957], [3.355352636544721, 37.88673724999578], [2.9268302642558135, 38.63582230726122], [98.09983712980622, 5.123234342480266], [91.78107790464986, 5.601903966125123], [4.2572172108346225, 36.476567171794], [66.43836820191657, 9.008009574452164], [14.291408967990584, 26.848855201190204], [11.553538174936712, 28.8540273604402], [61.06637915758688, 10.011798938606683], [9.96755295491327, 30.182543156406908], [62.879085149597095, 9.670559059786772], [64.53350859214271, 9.335518991212314], [16.23138538986534, 25.569911785241302], [18.188218822982098, 24.393716577006074], [21.30386365673389, 22.68960935775176], [30.034742896348142, 18.809164731507714], [27.18351050288046, 19.929009819957475], [2.1710512443182597, 40.12397235717105], [1.240107224927875, 42.43612605465974], [5.87150143251783, 34.345363638917455], [128.20668065262004, 4.039515282171997], [24.667913254956293, 21.06332905948203], [87.53594606036904, 5.989716059917579], [1.5363076377356237, 41.6685988889095], [85.36443621594104, 6.21119437434896], [1.8422794208224431, 40.874452259724805], [112.11837870218643, 4.406671028057541], [114.82207609904671, 4.3146201548788135], [57.28934328706745, 10.805522578917557], [109.35161769452473, 4.515124943976685], [39.2369218522209, 15.552164815801966], [70.21837765886067, 8.305796331985874], [130.77408022173975, 4.017530023967742], [125.5999183593328, 4.071362887215321], [31.42979947005769, 18.280380748486856], [78.68504235465734, 7.020409924775943], [59.232287733853155, 10.438899291567672], [83.62060900381084, 6.401308623100595], [0.7473844684354735, 44.11613647843893], [68.25032674735517, 8.649014167648172], [76.35952326196568, 7.32530807243155], [133.37254899447984, 4.004372318172056], [0.24562065377823267, 46.561562215461045], [120.37035444787546, 4.165920311330221], [80.81353172876021, 6.733743484263638], [123.04654892150089, 4.112267212790609], [0.9855440042035211, 43.26908742590347], [0.3902749942303456, 45.73767323896452], [74.22745038239458, 7.642686889947612], [72.22622155806982, 7.962444022810752], [54.28431535500627, 11.605744609732122], [7.1347006394365575, 32.89646487163599], [0.02264769280791907, 48.959631964778566], [0.14797006048999434, 47.317011825115046], [0.12349037381878157, 48.117428246295965], [0.6984200525216838, 44.93007437343516], [0.0, 50.0], [0.0, 50.0], [117.58874859896126, 4.233941972117931], [136.0, 4.0]]",20.42
BNH,MGPSO_feasarch,28,100,0.419540,0.273194,3765.506282,0.648179,0.352141,88.0000,100.0000,"[[0.0, 50.0], [136.0, 4.0], [13.182782412158474, 27.62815425528592], [17.553916543101657, 24.79026425609959], [30.264572913974177, 18.700273971751827], [125.08091028526293, 4.0788855991745585], [18.516117331138528, 24.201984920336336], [55.026710509836164, 11.308401632405097], [20.502192656621126, 23.108219091375048], [2.3887624769418094, 39.6828582601894], [56.54048144587092, 10.977791164682216], [3.2301687873310403, 38.10171062107992], [102.38006173142719, 4.85803538664228], [88.04803122995149, 5.939847063379581], [77.4365094931481, 7.173529082612008], [2.7962585671093736, 38.89453627265065], [73.62745232461197, 7.73625323858059], [52.00022255677203, 12.026996157245918], [2.0092223038963675, 40.47970390559276], [130.49776295132995, 4.019460810018005], [16.612657664241585, 25.348059500571274], [119.78269411184179, 4.179230004391296], [27.646771722093554, 19.732857511737926], [71.70908504883175, 8.04873170250399], [42.31132630546193, 14.588076571214781], [109.64418306529974, 4.5029512312317514], [112.1297939833157, 4.406253961089908], [114.64933936143441, 4.320103457219343], [117.19598922607373, 4.244588746957435], [31.495256206029573, 18.200468970347465], [34.28936354789681, 17.18697189170768], [107.18918960443429, 4.610454190092448], [28.973929567769645, 19.194803463931045], [39.060637727961506, 15.622864872877543], [50.30598152417866, 12.424327383478012], [104.77933741154254, 4.728179854499061], [69.76151433488286, 8.388048928905224], [75.54725673454368, 7.443509357908837], [37.40891741896478, 16.114888664400272], [14.003385098862239, 27.055251276882267], [15.708771978468878, 25.91702230448483], [67.78087938413529, 8.730769911158067], [32.78280672583686, 17.710667208030777], [90.39770013352666, 5.7220267610229385], [58.320173976728476, 10.58022217349229], [92.78401222056462, 5.518419460726352], [133.2374530078731, 4.0048368350476125], [47.09133700798917, 13.25529393112284], [5.303845703218398, 35.111981088770335], [99.95426665537755, 5.002860888099492], [65.7384068372136, 9.10429855792894], [40.66120553509425, 15.07910185946869], [1.6893828751078805, 41.24582448464838], [8.599024088081649, 31.418583470883092], [5.860104520256476, 34.35027965109561], [85.78874070653387, 6.166616620226291], [61.87869459207907, 9.846881275472429], [19.49331922181367, 23.65496271994646], [79.39635144971335, 6.911134279322514], [0.886270274355955, 43.59486966281861], [10.916690899448176, 29.391275146552033], [14.862459103666062, 26.47251327505061], [53.528480665028155, 11.667408489542064], [1.1258909947233353, 42.795647450104454], [25.091175522178013, 20.865086168598246], [60.08081401170615, 10.213981781706657], [21.65811829541859, 22.507357383174835], [63.795558758411296, 9.475486265781615], [1.3920929541074591, 42.008016004492276], [43.96036646440649, 14.157627766061893], [7.130655394237948, 32.912577400695255], [9.377134557214937, 30.708062096146286], [11.640184360035494, 28.785584108943986], [48.70622941209108, 12.844363727028842], [3.702330240702252, 37.32105988203251], [4.2042580954319675, 36.5649460153342], [95.14803213184545, 5.333129122035663], [10.17498419656663, 30.007124276245847], [127.77590902593502, 4.044105381411109], [12.417113145477662, 28.197726093941874], [6.474327511307997, 33.634644033322544], [22.761024842890947, 21.97282421959018], [35.80600578744874, 16.64155265375418], [26.39412330370961, 20.29687052427134], [7.85364901437843, 32.15067252406719], [81.47348221700315, 6.651356222832313], [83.61794119563596, 6.401608174082153], [0.6820991736204678, 44.34893885396039], [122.4178525888231, 4.1238616588367], [97.56451284223061, 5.159599804749075], [23.998106477401556, 21.40987135762653], [0.20002168894883204, 46.8892851806459], [0.3633216148800632, 45.98024130199087], [0.10236632078531592, 47.76428440169009], [45.41473426488797, 13.70291960640316], [0.028979457142812647, 48.81403549784991], [4.712438044884948, 35.84198320410766], [0.0, 50.0], [0.5013377810064489, 45.24127692014791], [136.0, 4.0]]",20.40
BNH,MGPSO_feasarch,29,100,0.422091,0.312096,3750.425946,0.540859,0.306566,90.0000,100.0000,"[[48.80026213645482, 12.804900872445018], [68.08108759096616, 8.676057782575326], [22.850100135208038, 21.911592788553786], [19.760682995378204, 23.51173214552953], [27.437896141679317, 19.821755715145663], [20.831030130312207, 22.954719484623894], [47.36207599646809, 13.236794966658843], [52.05036410973855, 11.998078706131427], [23.888468273856578, 21.414948019327298], [53.81834502400241, 11.618817838634524], [28.755981260448067, 19.286285967166638], [73.45285335760693, 7.763845144287423], [40.94078318816129, 15.005386957207136], [77.25656041186654, 7.1985051209728415], [39.37315075152747, 15.489913216187269], [75.33343837381608, 7.475171518480651], [43.98470356719895, 14.104467578260156], [81.12291684972166, 6.69393238327385], [4.335798746987415, 36.3806421893964], [30.144511716804253, 18.719171415470747], [87.16721672729716, 6.026172380017281], [42.40619960627722, 14.556143654305762], [100.56508527548388, 4.965070255466568], [31.738970494819696, 18.151627233041598], [33.19799343863052, 17.558320552785588], [71.69557272063602, 8.051007179373936], [6.085033396441053, 34.13112732528785], [18.745005079324166, 24.077444640679236], [50.35038023757192, 12.413330114020571], [83.11853624699236, 6.458162558113386], [66.3313944894305, 8.993283199887756], [102.98155518806838, 4.824258806488858], [45.6202186851979, 13.653087026906281], [4.85716469486335, 35.63057995980368], [64.56167582000926, 9.325117472457084], [6.788608163844657, 33.37419077696304], [34.834324214501095, 16.98867137842963], [25.004734476862886, 20.892498737235975], [57.43926399340036, 10.78170982223927], [55.694281270530155, 11.15986080337844], [5.450172942417504, 34.854713935702165], [21.814539354224618, 22.441790080357606], [95.92908192520389, 5.275332496876304], [2.0011283689446717, 40.497595719304556], [79.11707618911407, 6.947471887697809], [93.70851877380393, 5.444068082449977], [69.87335009969414, 8.361172588424303], [61.03754146614184, 10.015653937605874], [107.75665041795426, 4.584513975927656], [7.415450002510674, 32.598522361558196], [12.332867170014946, 28.254234394439944], [36.310079980097015, 16.478836753939145], [89.32818151007332, 5.818971859231308], [62.80174201253075, 9.669830730843561], [15.399894453201625, 26.106931525663313], [105.35604801348008, 4.698872710411333], [8.207624913729441, 31.871750172183432], [26.363383011274635, 20.369788689079662], [3.3118358000262447, 37.96127611896937], [17.828404765009388, 24.74079531251858], [59.10779170238233, 10.417525344347089], [13.350026055879958, 27.620157288240136], [110.06783199343363, 4.48562290594185], [98.21688361926441, 5.115381032405932], [9.038060568402368, 31.032386994186588], [117.12095084862413, 4.246652786951563], [85.14654241446584, 6.234338098864422], [11.614245525703193, 28.825751532952196], [91.51003579130149, 5.624980244628092], [2.8644492945586424, 38.76215625102469], [128.51001102084348, 4.036440430480644], [119.25073632938839, 4.19176335254694], [10.673197082653006, 29.56733130248989], [133.6176979052283, 4.003589993165927], [121.3962450642712, 4.144016881208911], [10.020098579256459, 30.303304837042084], [3.8171194528324, 37.140341761896956], [16.55617404256391, 25.418532043090046], [2.420483547057602, 39.622322339161116], [0.020619598790189167, 49.0998036606605], [131.08822057597567, 4.0154605705478374], [125.96170540975753, 4.066354034217508], [14.353040689598963, 26.803434145189804], [1.4715723518966382, 41.79774800548919], [0.5023754227494106, 45.22975565792831], [0.6867456180861032, 44.3811404293554], [37.866031427452725, 15.954425555251408], [115.16292330995142, 4.3039565822272134], [1.7675752721979832, 41.28324545224049], [1.1268373097496822, 42.84700159175793], [0.19649824543972685, 47.186728951199825], [112.629031123457, 4.3882530162317215], [0.07612986314235057, 48.07024375547336], [0.8900381815504237, 43.55441530769752], [123.69930755584787, 4.10087266789904], [0.39245286548489233, 45.6967265213424], [0.24942575346930676, 46.58378515105328], [0.0, 50.0], [136.0, 4.0], [29.92722149460939, 19.168030304897187]]",20.05
BNH,MGPSO_feasarch,30,100,0.414299,0.273766,5751.012035,0.665059,0.351094,96.0000,100.0000,"[[0.0, 50.0], [136.0, 4.0], [11.807345153639883, 28.654725903409407], [58.19188094842171, 10.607351538744556], [40.58784614168406, 15.125100111402663], [10.958875606902382, 29.336408482991573], [93.04458157883698, 5.497213667849493], [3.071414863929327, 38.3778858734931], [10.145801226301327, 30.01365635828516], [43.604307673296375, 14.22228215430604], [42.11988273237404, 14.639425106545723], [33.05620681862456, 17.609281549758293], [75.9509123353092, 7.384361041964022], [38.92480798646433, 15.660607193328623], [70.44225068547382, 8.266802395343067], [14.483893281951403, 26.710305432102185], [68.59783907882041, 8.589211097272738], [34.34582098391557, 17.15270247955916], [79.86340446523424, 6.851124609347099], [25.58556450569416, 20.662650943840255], [12.700506294691806, 28.021548941825728], [31.827309955518633, 18.066367659788583], [59.886296146831526, 10.263926693961732], [3.501427913009082, 37.65432715319679], [84.13279602935492, 6.3442973133693314], [86.32616759557382, 6.111072633751988], [72.2759965829398, 7.954220139846581], [74.0909152370919, 7.663809824199994], [88.53513691483585, 5.893221003630682], [46.86983175745389, 13.308168739809815], [100.39369648026293, 4.975582595485581], [66.81248961029158, 8.905790745528627], [90.77434289648849, 5.688740468234181], [51.7026443240658, 12.084576816836808], [54.92167441088654, 11.343088736014444], [102.94420247432838, 4.826332190582502], [61.60279275584273, 9.908979506713434], [65.06753012673107, 9.234103791229067], [3.9577913949137766, 36.93549676468714], [30.705056401982695, 18.540544649388146], [21.633769604444076, 22.53422478577432], [20.421748020800813, 23.15408810233282], [97.85697565146616, 5.139641037736904], [53.27375643870541, 11.709969705992318], [56.58245533059959, 10.964200568653139], [9.386206775898128, 30.682983128625814], [0.4785879947741788, 45.234129007625725], [127.48591916459343, 4.047343843754224], [124.68929052241901, 4.08482680569944], [48.570645937985674, 12.89399471774004], [35.73957907980265, 16.664095112033586], [24.20861034570372, 21.26097726924491], [13.55061817347726, 27.367081599781812], [37.30114993785075, 16.141085911451515], [8.637457719595282, 31.377823241949926], [50.12249140896003, 12.473096372514316], [0.8892957573041883, 43.592352443270094], [22.875108707782008, 21.908601308459914], [119.16147819097182, 4.193911847892021], [121.91081525442378, 4.133660168703805], [0.17620668553012414, 47.08062599654965], [0.30633572589035846, 46.16365220832377], [113.65212473210542, 4.35280968673068], [0.6860647158900555, 44.373746357339115], [4.9339688375343265, 35.533404346127384], [63.364405531989874, 9.562882423264359], [0.08135127544090943, 48.003611011579295], [26.896384152742254, 20.055791818652416], [18.271500536688592, 24.388980615010055], [2.34940825519858, 39.753052139204186], [81.97678182842857, 6.591104953279704], [116.42483452485689, 4.26626145103322], [15.39092044929123, 26.137559681215897], [28.09632453102168, 19.545371291748765], [133.13400483704305, 4.005208615806632], [7.347265411611874, 32.74542866154994], [29.49826780447238, 19.179131242242825], [2.6988460240805248, 39.06022857371764], [105.55352406579456, 4.689003303527503], [7.966274407929049, 32.06201578988872], [6.662050413428972, 33.41444788225509], [19.379404380545616, 23.77229631788786], [130.29223895958836, 4.020964275440471], [1.6941280461677612, 41.24023311212248], [45.26471120023155, 13.749264096261264], [95.41871768092426, 5.312910622949504], [4.432891366350857, 36.23200671633957], [108.22498082353742, 4.563604424350954], [77.87951816258662, 7.112686305375684], [17.244232135750828, 24.949611008819733], [6.145742379103504, 34.11940354014863], [110.91859332797871, 4.451884605116787], [2.0137195537576, 40.474510776885445], [0.02189318433860747, 48.96804591735658], [1.132972760758384, 42.8227242040507], [16.36231997120255, 25.55390345283518], [1.4193307370305015, 42.05055243199102], [5.511746961641593, 34.81940890654917], [0.0, 50.0], [136.0, 4.0]]",20.72
