problem_name,solver_name,run_id,final_archive_size           [archive solutions at the last iteration],final_igd                    [IGD of the final archive],final_gd                     [GD of the final archive],final_hypervolume            [hypervolume of the final archive],final_spacing                [spacing of the final archive],final_spread                 [spread of the final archive],final_feasibility_pct        [% feasible in population at the last iteration],final_front_feasibility_pct  [% of returned front members satisfying all constraints],final_feasible_front         [objective vectors of FEASIBLE front members only; for honest cross-algorithm HV],run_time_s
BNH,MGPSO,1,100,0.422022,0.307842,4973.522148,0.603725,0.357330,93.0000,100.0000,"[[40.70738072059396, 15.062998740357546], [36.51640459895581, 16.403911485760588], [25.150543096875637, 20.82617077789833], [24.08451119552132, 21.372005815918826], [30.04843697245405, 18.78473563375463], [10.840792085428905, 29.428463403835508], [22.86298109316352, 21.908943248620957], [43.72111461323969, 14.191633278114836], [37.8703302063164, 15.957156398895613], [39.324795237505654, 15.498435655722286], [81.21393146007938, 6.682830186911639], [61.12539046820649, 10.001950440866601], [21.724981739416087, 22.503655624960935], [59.159081450412984, 10.407590096947569], [28.734631018836275, 19.27972037984253], [64.88819849648385, 9.262329392707251], [55.63318072078991, 11.16692775457052], [53.88820242799436, 11.573784199306548], [66.93896411376423, 8.90293122725397], [33.96387141893471, 17.290022387082484], [18.37994171875081, 24.309299321367753], [17.323410284761678, 24.908945437588727], [69.01884009711215, 8.523698861637003], [42.13363832799217, 14.63480485732212], [16.29627509344902, 25.53549141583192], [62.99227999475471, 9.633518858956272], [7.97888155049351, 32.02455696047833], [6.773741963604291, 33.31501195776555], [10.086526796546272, 30.072543787787865], [26.31639246643016, 20.315107547548024], [52.10473889927741, 11.984981718537858], [57.38254848002228, 10.803406505947933], [83.26947608404987, 6.4409686553364995], [94.96478759260778, 5.346930531737357], [9.36642009570979, 30.72615133414306], [92.58225160032104, 5.534975427826838], [11.676354405760407, 28.80581140937058], [13.336590627787675, 27.51267978734238], [85.54500691070984, 6.19214465322896], [27.54030438144307, 19.78127368283155], [31.303410014145246, 18.26365120707653], [114.36824942330864, 4.329140676585109], [5.081306971665182, 35.35097841048257], [50.476567911696634, 12.39616861218385], [15.300673498339918, 26.16743506975378], [20.554067159035363, 23.10306451990401], [8.66184243930515, 31.381333162487003], [2.692501840176516, 39.07607503431186], [111.96479097887115, 4.412306358270395], [109.5176106912539, 4.508197099826056], [90.21512185642135, 5.7383211241686185], [32.70203881186374, 17.748548934013535], [4.621211758828634, 36.02679250651266], [0.6455943585290382, 44.482031563140104], [14.31015013232619, 26.83362979959378], [7.357319084965334, 32.66058678279202], [0.863419365559358, 43.66981242235174], [1.628576887001734, 41.39794956636962], [35.19542301234445, 16.881119630924623], [102.17705986294652, 4.8696230303284835], [1.9507681021511196, 40.61191640829305], [12.484882522715662, 28.13634604125854], [1.3562453862627712, 42.136738203117034], [6.178098179917413, 33.9911883255768], [5.570340933123948, 34.70404338178702], [72.99429708686598, 7.837105593409465], [47.304738978111324, 13.308519705845937], [79.11176030547674, 6.948166887434139], [99.51749021314771, 5.030442136916995], [48.84444142930816, 12.805120279438992], [19.410438910011827, 23.69946142181447], [1.0918517226088387, 42.88706701881996], [77.08269314866679, 7.222782112915158], [71.11911385912592, 8.148290054783839], [75.11835342387926, 7.507254966902387], [87.91275885004882, 5.952935081195296], [3.12797173639329, 38.29748489520718], [104.61598237847919, 4.736613259880441], [4.090662147184576, 36.79683241383894], [116.80823196526956, 4.255358455848281], [127.60155257741098, 4.046038138995087], [107.04045749764582, 4.6173636639850475], [2.2762323477550965, 39.90162133061841], [124.86134197522126, 4.0821884592550814], [122.19902137978103, 4.128041304051359], [97.33558053300902, 5.17537737114556], [119.4444227991696, 4.187146270165106], [133.03515735659175, 4.005576916862284], [130.28742071930463, 4.021000213279835], [45.43490783904785, 13.696088375272959], [0.015049438923042543, 49.29799108371213], [0.48407156737552137, 45.230633406026705], [0.0, 50.0], [0.32655832707852267, 46.11488845387291], [0.10314330444217983, 47.83502061933101], [3.722159680139934, 37.44454605768381], [0.1725395633593133, 47.128919733956174], [0.07538517734560968, 48.34299669562152], [136.0, 4.0], [70.24153868117845, 8.30224961302445]]",20.87
BNH,MGPSO,2,100,0.414484,0.248914,4578.700859,0.618447,0.335128,89.0000,99.0000,"[[0.0, 50.0], [46.21735809567997, 13.496201766075355], [20.524432785425013, 23.11655856035017], [21.609960490955466, 22.56664295647613], [88.15980161081983, 5.929078905737514], [52.566147510246026, 11.874552442339795], [44.73137213413145, 13.911115603144417], [22.73378919946598, 21.97318304212574], [47.83806675926675, 13.061641903296836], [31.746529351930675, 18.096992337989587], [12.58013639538758, 28.080234242758845], [40.50899269414943, 15.131493789749076], [3.3041277240958284, 37.97315697360385], [37.599507627482794, 16.04458022259699], [75.88496796107424, 7.393968532497447], [16.240993292218487, 25.56863690306492], [36.09366141553913, 16.551184884089604], [17.270134701150923, 24.93816499892041], [49.44287612378425, 12.643135326954821], [13.401272303189913, 27.466640064163677], [66.30450737788243, 9.001791780391756], [11.78721109654943, 28.696376609330326], [41.90014127958984, 14.708881442272649], [64.48788186391667, 9.368486907405572], [33.25012703178559, 17.573325804188983], [81.68567093624026, 6.625829658010753], [79.69985273908577, 6.872031113968038], [27.498238490665784, 19.803714154364677], [90.38242338820822, 5.723386159254503], [4.779968080240945, 35.738719806960006], [39.05626413323538, 15.59063439249265], [68.19193028211001, 8.656258979912858], [24.984565202564646, 20.902458126793753], [62.51257030696834, 9.720995038324029], [30.369168319552625, 18.69585747498563], [9.47154871808447, 30.607992370561757], [55.63941077745516, 11.166599806058358], [19.453819384756216, 23.679029727161], [5.997243691450234, 34.22390283032858], [86.02165196245738, 6.142419635110139], [43.28157521163838, 14.300970802912962], [70.15534630020224, 8.317548829554879], [2.9038576121177435, 38.718342158100484], [15.26752576981464, 26.18763106913746], [5.435988010091643, 35.003344036135495], [51.041749995535085, 12.272554825280508], [23.852218046439884, 21.42887335187938], [54.109651461231735, 11.51776679540718], [92.64606777083445, 5.529725937351703], [107.24012894584085, 4.608098351316735], [117.43451608387916, 4.238091545259475], [109.83079909709272, 4.495274593339574], [4.2457342962007125, 36.498400323279185], [6.648319284387274, 33.46957370482933], [77.75269104774353, 7.130011622781147], [58.7105486230834, 10.497217538943982], [1.4131300221230974, 41.94758159532111], [104.79708863960923, 4.727266951687082], [1.7453080302771484, 41.148083633517906], [114.8704343446301, 4.313094642012697], [0.4759114165181364, 45.24110486145515], [83.84611716606463, 6.3760854003122205], [60.743607661582914, 10.18683590080995], [102.34978907716761, 4.859757340581359], [97.45456607908572, 5.167160147368333], [8.71485961092905, 31.304673625016072], [0.31065999801793254, 46.148304889890134], [95.03427605257404, 5.3416859886925145], [34.690419178724014, 17.061856379912463], [18.26834786483022, 24.344592635335157], [7.339820698036213, 32.70929605435325], [124.8691946004541, 4.082069097141658], [73.93764314285819, 7.687640198988172], [2.0964650053859355, 40.33397046736631], [14.338617662766588, 26.818491450856627], [8.008015682468011, 31.992007231304797], [99.86536988506015, 5.0084365310571135], [57.29857285613638, 10.811198660662562], [3.756474273037313, 37.23959237169559], [71.99817436989238, 8.000304281328727], [1.1514005234013234, 42.70234040997654], [0.8953428727103463, 43.53920520707865], [112.36266829807882, 4.397799150200861], [10.38535965021174, 29.90289508825334], [26.23415044951198, 20.34316221774441], [122.38204285947553, 4.124540513173198], [127.82522763819864, 4.043566527111024], [2.472577613737487, 39.499396169271606], [130.450267906063, 4.019803136088079], [119.90234633680691, 4.176474601324016], [11.017790950644777, 29.28484511140936], [133.11895437759307, 4.005263869244406], [0.05476929416068108, 48.36169913201107], [29.14840039561188, 19.148991875033822], [0.7409096433017794, 44.42615858347071], [136.0, 4.0], [0.1794980445192168, 47.26928033200781], [0.0, 50.0], [136.0, 4.0]]",20.66
BNH,MGPSO,3,100,0.415471,0.229936,4803.335242,0.673129,0.366722,88.0000,100.0000,"[[136.0, 4.0], [0.0, 50.0], [1.7233730470842428, 41.14963914048643], [19.937675119357316, 23.428007173223882], [54.900321668585526, 11.3357285442932], [60.42859736511238, 10.155511924802731], [2.0422070814167093, 40.408748611173806], [64.27942761648994, 9.378472461379948], [13.131925261165481, 27.66138595362823], [42.11219653400798, 14.649692815480595], [46.52652945492066, 13.408133869058286], [58.578582456444366, 10.542109648976012], [62.32477572854491, 9.758343514134161], [12.282874361236516, 28.294375025909616], [33.454893652633714, 17.469620402337718], [2.7651858954246764, 38.94496955867194], [3.1637147187562453, 38.213739567653285], [68.27264899548962, 8.644324881457646], [29.53330825960594, 18.95803408801807], [0.4913709161776695, 45.17468600812823], [14.90188982734654, 26.433210662232835], [49.69943930981651, 12.576487079290168], [44.98711881451369, 13.821913522798429], [28.322116199148866, 19.473041276166292], [56.71387736877216, 10.92723665326617], [39.165975318828394, 15.539902238638046], [18.871119007016482, 24.004810457575758], [9.859352461397526, 30.26199187915576], [25.857666088961974, 20.507732869536426], [14.011196640032752, 27.03472412067378], [8.456538012360914, 31.553679447720206], [48.067163442275344, 12.999909961741405], [0.6870597420719201, 44.3110653134212], [43.559240405398, 14.231077292166418], [36.257633042306836, 16.487291270030006], [5.05716926703351, 35.389906619660465], [9.154063972317294, 30.915671993671424], [34.81009855897179, 16.99204437766315], [2.3871691314782018, 39.671900149161985], [66.25592709113162, 9.008914366881957], [16.866201864415377, 25.193475892200418], [10.616401741287689, 29.61574410119038], [15.86732234994491, 25.81790661189121], [53.11074791368041, 11.748082264086982], [7.232897258469876, 32.82305624255775], [4.542148178313503, 36.07882415059152], [70.2404152528988, 8.298285759500702], [17.899161686654352, 24.572379252097704], [72.12933067771655, 7.9784931985243635], [74.07082063692437, 7.6669269531127044], [11.442265628862291, 28.954008067058936], [0.32487020346411394, 46.053709417136005], [21.067270100318638, 22.81125728755456], [96.09434738952729, 5.263714478834379], [27.081600515250898, 19.9750318616216], [6.638868585467927, 33.44107950202229], [98.75895371018638, 5.079463968075104], [86.28165494906614, 6.115634458209479], [0.9088232738037907, 43.49178285374052], [81.99535121294139, 6.588901496548857], [79.97666458542791, 6.836714274482116], [7.829375942394373, 32.19988791023851], [37.72618924267667, 16.002154061778892], [1.432038601303947, 41.90330503027481], [24.638961212306807, 21.07944972445873], [76.03338180935495, 7.372376283781981], [84.11730150605771, 6.34600751833594], [5.576053729238249, 34.69816758215091], [0.1895199733960694, 47.012511442302454], [32.131648115747915, 17.960305814796058], [22.283736406176715, 22.21390367521235], [93.4941352847263, 5.461090189595949], [0.08469190975472374, 47.98906260418019], [133.3248964466568, 4.0045334547143865], [1.1590659865511475, 42.70528289954291], [4.043699613672908, 36.79604474138582], [112.09962489568035, 4.407356746765726], [120.07141779608236, 4.172620837421892], [122.71857188415558, 4.118239458001517], [130.65751648118717, 4.0183318807760955], [101.4080955845124, 4.914388089706256], [51.40493392920231, 12.154434814071866], [0.02204281434447943, 48.9638645776202], [3.6428299101253856, 37.51259667775078], [128.00449078309134, 4.041636985672862], [88.57047110826517, 5.889869223244484], [6.10605875452938, 34.07851845209754], [40.61768191378796, 15.091928487171339], [30.813695899623212, 18.451886307136824], [117.43598399541452, 4.238051861065877], [114.7577000032691, 4.316657450418444], [77.98441403376577, 7.098412991305128], [125.3263864403767, 4.075277868475954], [106.74999019754564, 4.63099085971185], [23.40140192503663, 21.64897564924729], [91.07095453209618, 5.662835138978887], [109.39138972168759, 4.513460040823459], [0.0, 50.0], [104.05197305601929, 4.766183370384174], [136.0, 4.0]]",20.99
BNH,MGPSO,4,100,0.417610,0.261271,4458.351049,0.644147,0.361691,91.0000,100.0000,"[[33.69784246538809, 17.379631252454864], [18.11169073195495, 24.435667915387434], [21.259935267243783, 22.722952739379252], [48.873206099432345, 12.800489322367117], [16.14415296439035, 25.624726362630774], [56.90663301804955, 10.893165994961972], [58.69981003138481, 10.513579517839577], [32.354270800438556, 17.869362788462148], [50.39668571496973, 12.404159220093284], [38.00023146110345, 15.928784251712253], [19.166105762575167, 23.865943799817096], [44.141972976625034, 14.061959464696459], [29.72016079404817, 18.893287465383764], [13.513482218580918, 27.39631289506163], [39.522079763225776, 15.432013040572139], [31.01988350023107, 18.37260126443704], [47.2697911943111, 13.215936700370284], [66.23625750644666, 9.011553582586611], [7.994931493989481, 32.00507450108631], [7.306160947826696, 32.72868726289248], [17.09748161531089, 25.03712137863409], [55.216219408626834, 11.2622269013022], [27.167432374247475, 19.93636157979795], [10.159931292861884, 30.006456460429384], [12.646331855994713, 28.054004907657333], [68.14382168581908, 8.683664853338952], [15.252725892013924, 26.208171248496065], [45.65628169645505, 13.637708427831598], [20.201212719870263, 23.271732989657007], [9.409467984984456, 30.6626559212602], [10.956223210632835, 29.333979817630855], [42.66506608953463, 14.479447739871311], [6.631916465622044, 33.473761485284754], [23.51041727746982, 21.592118075419393], [22.36915263714136, 22.14936474537344], [70.06966156144424, 8.33280405088789], [28.416753833135306, 19.41064591885375], [41.05186159232335, 14.958638655156314], [60.55728191641882, 10.11773755183852], [72.06890282272178, 7.9885299203479665], [3.3363549717978094, 37.9719250580135], [4.293478192852362, 36.464202361318584], [36.567149385762036, 16.423698370812424], [62.41451518512577, 9.746268132944344], [11.81526799764322, 28.67606059652968], [74.07376844676327, 7.666469546406086], [24.665324542199752, 21.04956416755396], [52.25307195147356, 11.955340289915057], [76.17995671715434, 7.351158266493291], [26.037373932867382, 20.499934011681038], [5.397300231581847, 34.92364990886621], [35.07768800409036, 16.890062221702], [84.33734641841784, 6.3218041815998625], [82.26089386750226, 6.557542765487584], [1.2472863454975784, 42.46360122292751], [80.20510939493339, 6.807815813066897], [78.1989734040766, 7.069374894027856], [114.86785184140233, 4.313176004336817], [8.689135361407804, 31.328662811185268], [0.9822036656489355, 43.24366584768633], [93.46358174525577, 5.463526860835783], [86.55545279806677, 6.087684316789481], [3.780496329673349, 37.200464022436535], [4.83009713165271, 35.68839964988474], [119.95365345513063, 4.175300215053442], [91.16038344772238, 5.657002560270869], [2.1811417205464956, 40.150764945961164], [98.59709769046725, 5.090110601048475], [88.79641935212743, 5.868532535862082], [117.42593190143435, 4.2383236873750105], [127.92348717673994, 4.042503242277647], [14.3616918901995, 26.80163303948379], [112.26538775365304, 4.401318668167906], [2.574334498454183, 39.43504717717662], [125.28665856433284, 4.07585568295105], [96.2357770940207, 5.258329419035446], [109.64787462284664, 4.50279870835465], [6.019273451969178, 34.18376534127462], [104.3440890611141, 4.750780321776459], [2.9005189139214798, 38.68333413366452], [100.94140334373296, 4.942236243073531], [1.9054597620228215, 40.938878574130726], [0.45815648222822014, 45.40367764781692], [1.5111380050741587, 41.68616281505996], [133.18415994616925, 4.005026620470894], [106.87299896410056, 4.63103554512149], [0.6539880200984968, 44.58385440171117], [0.21086735642681095, 47.326347952993274], [0.29605263478043564, 46.236060843314654], [53.759028926957136, 11.598906956958645], [0.021378424564106806, 48.98260182684021], [0.07798558756424503, 48.09001201622937], [64.59675283902324, 9.318824549507772], [130.66651247697752, 4.018269339893581], [122.64997345585758, 4.1195096134952], [0.7907683756777819, 43.9254748326367], [0.0, 50.0], [136.0, 4.0], [0.0, 50.0], [136.0, 4.0]]",20.96
BNH,MGPSO,5,100,0.419632,0.277441,4542.261950,0.683287,0.376692,88.0000,100.0000,"[[136.0, 4.0], [0.0, 50.0], [54.2119599174281, 11.490807307391698], [57.57139618774534, 10.740590381035373], [41.3713289967008, 14.900104888462389], [30.249632660566665, 18.67240509447597], [70.55398300302909, 8.247177728665662], [55.9105654315468, 11.117548277649542], [37.307821983179196, 16.137372650651386], [4.264957600037604, 36.464178980141206], [61.10268028185547, 10.004550190334353], [66.62037919457025, 8.944246492390661], [36.052287337191885, 16.55833618600297], [68.54825121554552, 8.594166431162087], [50.69538862659044, 12.336250133573731], [52.45083825942264, 11.914286252645205], [49.03345182538408, 12.744007649508383], [72.56603710265978, 7.906580342947169], [83.48839236720295, 6.4161869997968894], [47.43409212284798, 13.164417781964943], [8.862331875379533, 31.166422712063348], [13.818641945429231, 27.169237066954786], [3.775186185074406, 37.207422871875565], [4.755674968120754, 35.76981520659452], [7.56870735074629, 32.461306773695036], [23.280149872234837, 21.727623164002054], [12.918199867174955, 27.83933701416221], [76.75771954858106, 7.268543484751511], [21.123723956391103, 22.79464247351331], [44.243989557636624, 14.041599517982931], [14.826181423632324, 26.48601987639762], [6.9993730180521965, 33.095056050652374], [32.53529815766457, 17.800803441759744], [34.860227712826216, 16.971078485437953], [17.965761661538203, 24.52496427144009], [15.853557893170722, 25.816452306713433], [29.03754534391505, 19.16755800035931], [20.06502642465287, 23.36447983336427], [5.270533864912915, 35.08418025896417], [74.64128389677883, 7.579264083872095], [110.8097484690558, 4.456122687865518], [16.913001979910295, 25.14873843918122], [95.3579274026797, 5.317433812345268], [39.894866321269134, 15.31664237062822], [26.70160261949281, 20.1782931315149], [33.75158297438615, 17.389054516171704], [102.81795604889365, 4.833363492825965], [22.152982787760806, 22.256888434352692], [62.97865184878363, 9.63861667460286], [59.35972062876778, 10.36091936136047], [8.210090602994963, 31.808266920698316], [27.829311600717055, 19.65731480018345], [97.81091475058554, 5.1427697870746565], [2.8940040135670078, 38.69587788924008], [85.81952223462133, 6.163407709459406], [11.207035560948688, 29.16388968605971], [81.18328002241763, 6.686565319425471], [113.52523633407736, 4.357100875398959], [3.320886809646235, 37.95239656294521], [18.980941541930264, 23.94221777870382], [10.387789222201162, 29.850739701116467], [130.22812680787374, 4.021445064977598], [5.827625915095365, 34.408527309765674], [31.397453701235833, 18.23836548158214], [64.78144931591257, 9.282579890694873], [38.582372307535266, 15.725054847824762], [119.0161470386292, 4.19743816005013], [42.77946606220073, 14.446425908917405], [25.509557332091525, 20.69226507797477], [12.049999746755049, 28.499401957193093], [116.26722788848805, 4.270817227366944], [90.56557452088859, 5.70713632048036], [24.372297159715167, 21.19197900892363], [6.3737807126264645, 33.746030352405256], [92.96024606187794, 5.504055479497044], [121.74751834229497, 4.136901631395684], [0.8814628728435435, 43.59952247471395], [78.94547603607847, 6.969970047553593], [45.738222754761765, 13.613265496680064], [0.29458095426564923, 46.24469148252578], [133.09606838085793, 4.005348455586638], [105.45380509587793, 4.693976506497932], [88.15609819148501, 5.929435035012965], [100.27127916558949, 4.983134696716421], [0.17284608229180679, 47.15366319148775], [108.09716006333645, 4.5692667372701115], [1.4559610834336958, 41.83273589943503], [0.6558595583785671, 44.44820737663983], [124.55256498793658, 4.086955027097887], [1.183035245806827, 42.69634410145741], [0.0910058318743492, 48.07530687248808], [0.45732393641979313, 45.357818585403635], [2.501305634837167, 39.47553672151417], [2.137421392813226, 40.24641236302376], [9.75591927007328, 30.51787779583193], [127.37101892120735, 4.0486601889237805], [0.02519172135103883, 48.94908935755541], [1.8134033809671553, 41.06048588360349], [0.0, 50.0], [136.0, 4.0]]",21.71
BNH,MGPSO,6,100,0.414019,0.206628,5668.560606,0.649820,0.345381,98.0000,100.0000,"[[0.0, 50.0], [136.0, 4.0], [18.51508225324812, 24.20555154983045], [31.96411837913123, 18.014161904462316], [10.064189061495203, 30.086125449207834], [22.74207097131952, 21.968890261184093], [12.646462058228296, 28.020477703268746], [33.36411882041827, 17.501966189949606], [64.21430364033066, 9.39063838891483], [53.90097457086456, 11.562613065633236], [17.510581909497436, 24.804766994308622], [29.203052378966927, 19.088841590074455], [34.770419500461436, 16.99719827476313], [37.87786270021401, 15.950591712067887], [102.13937832344068, 4.871784463770888], [16.479967377622515, 25.41544322298428], [66.24980284617519, 9.009832438299991], [27.89858089892241, 19.72197233224578], [15.5129275224355, 26.028548539752236], [70.08162014270324, 8.330672190588292], [11.750582178985159, 28.719735832615626], [68.13588638026397, 8.667544767787923], [26.422954334788702, 20.26534438879159], [14.577425183482214, 26.659865185982547], [104.69981639694929, 4.732277907614124], [6.382535193112768, 33.73320937667604], [78.26765614765486, 7.060123920210844], [80.30029604295059, 6.795840229387381], [112.49945781380924, 4.392880215994812], [109.86921926493606, 4.493702667666093], [25.120487641832387, 20.85240578166539], [90.50455670625303, 5.712538462783983], [92.74024386336453, 5.522000859363947], [19.553781391549773, 23.633458313401345], [5.790762132372069, 34.455899889267855], [1.5400350541553003, 41.61833729097853], [21.661419209420874, 22.513136709156505], [36.37910541309452, 16.478689668674694], [4.670343626395475, 35.92921967564111], [86.3062380039959, 6.113114235487933], [58.65863076091486, 10.51071661110996], [48.929354003905445, 12.782577713058602], [5.195541177547855, 35.181503407691864], [52.34222060063975, 11.950684821789743], [30.555268578942822, 18.55676526440479], [44.05176412757544, 14.081241767518494], [55.471993921050526, 11.21963941932117], [115.05945989427309, 4.307171630831435], [41.137966469437785, 15.021922557506212], [9.292361932134677, 30.789386843389543], [82.28037046413411, 6.555253771738635], [84.28729749254538, 6.327293331350293], [97.2687317968252, 5.1800101473721085], [60.349462678385535, 10.156011926124862], [39.450592624828325, 15.458704440403102], [125.40157956442353, 4.074190632403088], [74.07897162197618, 7.665662291264029], [50.61137620665948, 12.360488822250591], [99.71907154366856, 5.017654579406872], [130.64682035140143, 4.018406384071686], [20.63565460691265, 23.082681319950556], [0.29183230124484716, 46.256458360715214], [117.61023918794946, 4.233366980436652], [7.750084416550557, 32.2567643929926], [0.8202961587810578, 43.81686849828736], [2.8913957231266334, 38.76037647821501], [13.565031930111665, 27.356120394699772], [62.253444047630126, 9.777728635025312], [76.21404781800146, 7.346238412771229], [10.88486309958742, 29.39254097227412], [56.96515026527398, 10.872961700821598], [133.31164380928197, 4.004578793675237], [122.78063724102721, 4.117096544340053], [0.1723067882767903, 47.112193424588924], [3.721869565968281, 37.28892502417304], [95.03637086228694, 5.3415280926395114], [1.2793636142312947, 42.34903384555409], [8.512909827334699, 31.49735655491763], [72.03480119631254, 7.994203303329338], [128.0076219314618, 4.0416036876666945], [4.168606288251389, 36.640629502003094], [0.4427965699697175, 45.407673055232465], [0.6130160233087172, 44.636162643751604], [47.26788739529874, 13.211951241279504], [88.39227056220449, 5.906815050248142], [1.8494087161862163, 40.932101149672455], [1.0323752919259086, 43.074089910308714], [23.941693688861605, 21.425682392950215], [3.278137607338598, 38.01993521168808], [120.16754646328077, 4.170450388228416], [45.63789129513924, 13.644312075049225], [7.058423506678, 32.992118090953085], [107.26800733585095, 4.606811317971534], [0.08210315380438127, 48.00222705691705], [2.257519186456447, 40.003539588220335], [42.608149258684655, 14.51132005587515], [2.5903333572907985, 39.416703469241654], [0.02426404432347674, 49.04340229299362], [0.0, 50.0], [136.0, 4.0]]",21.11
BNH,MGPSO,7,100,0.416442,0.262730,4462.230788,0.616004,0.325837,93.0000,100.0000,"[[136.0, 4.0], [54.82698751148415, 11.34944127995277], [83.57038086645653, 6.406952962751247], [63.43345232997467, 9.54308668919947], [34.8506564676968, 17.02530207287569], [30.29485121965461, 18.68485540578876], [33.22285410648522, 17.54913082946669], [51.44417032066274, 12.146795280490595], [85.40981911941331, 6.206395569959926], [2.399700047536081, 39.64616467209076], [18.234513658154988, 24.395884862422154], [16.181468275100023, 25.60526508544469], [89.23113391489709, 5.827948667250315], [93.2071139846547, 5.484086213101671], [31.745109521958057, 18.09590645237249], [87.31010813419167, 6.011989855462877], [68.731497830438, 8.561103598937844], [58.14334574886954, 10.618545121968399], [44.66693318768882, 13.927425283628228], [15.20221346965901, 26.249240302662606], [36.32939416941046, 16.464475443733836], [70.53493888451857, 8.250517196274334], [17.178753894040703, 24.991414788964303], [12.421022800090334, 28.18684825645701], [53.13848623413318, 11.743108354704692], [2.053624147027017, 40.39025215179959], [9.042427444943238, 30.997505951363912], [22.661385136591594, 22.125834848735735], [39.447752371281325, 15.452761629532624], [56.47199660560043, 10.980495292551542], [59.874366438283786, 10.285059159257399], [19.280378026232935, 23.777940164807507], [13.298832719793884, 27.538245946810783], [97.28461100225839, 5.178908626645748], [61.60050996544906, 9.92602298009689], [8.32365565248781, 31.69377144329833], [4.0741444401228515, 36.748382119157185], [10.732068339372145, 29.574962705961838], [1.1676123027952339, 42.655119850474435], [113.77555520189398, 4.348663661606707], [21.438475048121283, 22.619396398263177], [37.89853027748481, 15.944740382978102], [26.149916114375447, 20.378396708312415], [4.59384394155968, 35.99672773408005], [3.6255976147596574, 37.46637756552887], [6.279402600421578, 33.881792711300434], [11.560101418712861, 28.848295873613402], [72.34419161876316, 7.94297589022818], [6.905064517980993, 33.14528457427383], [24.92727449650802, 20.93807739826184], [74.17016865259173, 7.651536735761901], [130.15436533117204, 4.022005166005667], [5.682325001843348, 34.586033794031636], [1.4336112196699864, 41.89586519480602], [95.17120428903576, 5.331390447765537], [99.44264029756118, 5.035215852900065], [0.5107581897610869, 45.08363315879055], [121.66304631355203, 4.138594877748255], [1.7291391842172514, 41.14130811799183], [103.91793263361991, 4.773314738610135], [106.2823797173499, 4.653301446411511], [14.193933980800448, 26.90857082591228], [101.65948916194861, 4.899600737050475], [5.115499680295736, 35.28616318622997], [7.68511886663971, 32.423101378027695], [9.840593170772976, 30.286117183249544], [108.75938513017829, 4.540290267804428], [0.7042029303648976, 44.242413406360086], [42.887726421080615, 14.418933356603098], [0.9222584398879891, 43.44166469997231], [23.670895008403487, 21.51668124099413], [81.56518231472943, 6.640302143403512], [3.183826742075188, 38.19120069340685], [66.94073537788972, 8.898904452657348], [77.84888119469278, 7.116864683572603], [2.776496630816471, 38.91340894056007], [124.46724189676462, 4.088297342059118], [116.34206895627186, 4.268648496296605], [127.29657971906765, 4.049523079074141], [49.785198229004564, 12.632559096074763], [46.30630067206715, 13.480322273700118], [111.25720175983336, 4.438846044691955], [79.75615386379236, 6.883699453007354], [0.34471652440816536, 45.93518884620729], [133.05880391673043, 4.005487648900314], [41.43162630065024, 14.945665365400208], [47.952606841205146, 13.022853372731756], [65.19685830529077, 9.207855075858607], [28.838138121775803, 19.255222774270358], [20.40168590546605, 23.209563959019075], [0.21074585120646389, 46.83527920101825], [119.00294586555268, 4.197760200958301], [0.030795314349939353, 48.84452199029001], [0.09453504771114807, 47.86806563363399], [27.571011978980607, 19.76798085175792], [0.0, 50.0], [91.20968749596682, 5.65081104216948], [0.0, 50.0], [75.98547993631894, 7.37933346248313], [136.0, 4.0]]",20.30
BNH,MGPSO,8,100,0.421018,0.301915,4357.984954,0.650773,0.351244,90.0000,100.0000,"[[0.0, 50.0], [34.66471644286652, 17.03421705606593], [16.349560677896413, 25.503735994476962], [22.979635373752828, 21.889360042144013], [38.902915498708715, 15.635451347097463], [24.250825957764278, 21.252562312683267], [6.742340254664478, 33.32753035719418], [12.741398142382739, 27.96778504439289], [89.83488599926311, 5.772591287137612], [15.384865300966617, 26.11100360001076], [6.147686522467396, 34.03764456367814], [13.5679522343136, 27.347614568367057], [29.366431612812946, 19.0230148212269], [40.23300417098369, 15.20735810709325], [43.27557816052277, 14.331375760351373], [51.52389809460574, 12.125673312610939], [111.13728185070292, 4.443438535013333], [58.84921928864675, 10.50731081289365], [116.36485336861207, 4.267990184784004], [18.45208585276805, 24.243510354839714], [46.4060027736206, 13.432060670072428], [33.354013295236335, 17.521351655026102], [65.56094774134723, 9.146129728373339], [44.849224199640744, 13.874917405759323], [68.98278027888617, 8.51708791920975], [63.88957614779997, 9.455923649486762], [87.70173956271022, 5.973474039178016], [26.825496567572614, 20.10087578288858], [5.510024828743517, 34.77930511452189], [49.833246252898, 12.569021089160355], [10.274362583998016, 29.904306901525867], [37.51113950641712, 16.096361935299687], [62.21938755516004, 9.788238034449877], [7.413113313683545, 32.64638358269802], [55.15058791752061, 11.29576221437747], [19.561897606181027, 23.62566580734738], [2.588518910487597, 39.27364309830962], [113.73255886070623, 4.350104752532983], [25.518829886358496, 20.662900258699516], [94.2148646662306, 5.404383057632077], [53.34994695344109, 11.690248781399191], [11.088270294984351, 29.261529379732032], [17.419252955211594, 24.861357488164828], [2.997073372527158, 38.509167825278126], [9.529669203560907, 30.55392871742025], [41.71219595579096, 14.761352512100277], [30.709300267074546, 18.499923061449667], [21.71901365727296, 22.495431927327857], [96.41670668738438, 5.24008441196423], [3.9044811015970033, 37.020227474403335], [0.5780839065249697, 44.77012338858937], [28.062835385573557, 19.55834411812323], [11.878467467039876, 28.5997809691072], [67.33589890992359, 8.844736210720752], [81.02073825391648, 6.706437100303806], [121.76308077462787, 4.136590907487811], [3.435239524763781, 37.754718281022846], [0.27144453066790125, 46.415644470453955], [1.0010867403038421, 43.1754315649886], [32.01078758611811, 18.00792425574142], [98.68982630478988, 5.084002986549049], [124.51864898283102, 4.087487289921798], [119.04468213872782, 4.196743033963859], [14.477398388751872, 26.721289108863893], [83.28824675956704, 6.438836579539242], [103.59445330835582, 4.790690335177827], [106.04709877575769, 4.664702282671006], [60.28775858246523, 10.173973902911474], [85.45652094927914, 6.201465040665842], [127.32717485082081, 4.0491674635074695], [0.7757046770605065, 43.96653920937864], [4.44607845481253, 36.31318070202291], [20.604118467360387, 23.054261658282403], [74.79765379837727, 7.561816130365937], [101.14750500028899, 4.929874069444104], [70.77740072358543, 8.208166669128751], [78.82549732979649, 7.005286488065084], [36.0659342520552, 16.5525387129943], [4.933646454151953, 35.538174762858475], [56.968696782500786, 10.882754586718095], [2.2124653771275615, 40.03997388626489], [0.40889065273944747, 45.58076345040445], [76.74484490466914, 7.270366844156515], [108.56542334769804, 4.548685297353373], [1.8791189421841579, 40.800344838622955], [8.074730447258943, 31.930118914517603], [48.07900571632912, 12.989831429509177], [0.018622911126727495, 49.051491261737425], [72.8927336801682, 7.8820788390634595], [1.2765613391618853, 42.36879166947155], [0.15536810105737642, 47.28332255328117], [1.6176888108830165, 41.60017874742266], [92.0056444915017, 5.582951610389578], [8.997195377054211, 31.20462298960948], [130.23915649269514, 4.021361951319746], [133.158598698773, 4.005118963025466], [136.0, 4.0], [0.12364949711779026, 48.177420729501065], [0.0, 50.0], [136.0, 4.0]]",20.65
BNH,MGPSO,9,100,0.421680,0.311807,4576.872276,0.564317,0.332246,94.0000,100.0000,"[[20.514867611367603, 23.101819120586704], [49.62002948183366, 12.602708377009062], [51.27707809862879, 12.1861575882694], [18.40641147055502, 24.285057362964885], [52.89664386474051, 11.796348445703345], [36.27155254523282, 16.48536782870544], [87.1315901957023, 6.029719300096318], [43.51074431183472, 14.24214784531428], [48.09942302417541, 12.985054490114532], [91.45957868612751, 5.629300582633716], [46.5579373455562, 13.391607564830647], [29.68863497850454, 18.897672816525343], [28.46374067697461, 19.404506172872242], [70.86854666895057, 8.192339178960705], [15.462455328641562, 26.068058842845048], [16.431175895065167, 25.44499597440069], [11.670702891140397, 28.76422601727058], [104.75845624073092, 4.729254606624286], [40.56847294058731, 15.139910330685204], [78.7382661526446, 6.997311318181071], [17.406551437534088, 24.85076605832208], [37.765977896526906, 16.023311816603602], [34.865123459888075, 16.964948854131176], [8.508480739887982, 31.504147748167327], [13.503421537871667, 27.39956422655016], [72.7325993503723, 7.879437461725535], [100.2111164012846, 4.9868595422713815], [102.46983851376584, 4.852941198265617], [45.03657160151175, 13.806705645271983], [14.443608610840837, 26.73930658123163], [26.096203681724432, 20.406027954108005], [22.6530582746792, 22.010059018151093], [85.00075466387077, 6.249919144194447], [19.503261286683767, 23.705563059641], [39.14237285292049, 15.557596306059395], [12.604135822891827, 28.092327698908868], [69.03352682875175, 8.523297428986607], [80.80962223762754, 6.732410699223705], [97.93160802972986, 5.134583101242248], [61.53667421913892, 9.978956940417131], [32.26969938803795, 17.900808023582748], [30.9664947017013, 18.40164907394623], [59.69011713013836, 10.300953592672942], [55.84719634196489, 11.18334733374541], [89.287189808943, 5.822759859121395], [4.695224311207117, 35.895023833445165], [23.781290026522115, 21.473563270871075], [54.15387355539605, 11.506208420693355], [93.6195842312195, 5.4511135614516615], [21.58548417058548, 22.54410255064805], [24.959045161473142, 20.928521772380087], [65.32745856213813, 9.17986808238123], [33.593279369288226, 17.44601648417422], [10.898464286918529, 29.381889400321555], [57.59601262616647, 10.788461292185321], [95.73372560157426, 5.2896331911160965], [112.41565936446986, 4.395889444037966], [9.35447330916687, 30.746283942223457], [7.040807389091995, 33.00728088908623], [27.31707713614199, 19.88701671746993], [117.45310068059344, 4.237589391261453], [5.879834016375202, 34.36240718299868], [6.475843401959398, 33.63176585959103], [7.766484363927951, 32.26210598593399], [2.710014437817345, 39.07107406587607], [1.248698739950942, 42.51345316283634], [3.112834460423718, 38.309435126945914], [41.98222285295397, 14.681311605733606], [76.63886879482592, 7.285405914058336], [10.098180539490514, 30.06562639717844], [2.4554787323234444, 39.83697676043759], [123.37717635170185, 4.106691570504733], [82.90968752548056, 6.482098286213178], [5.201911287921259, 35.176827983953004], [107.25641031813929, 4.607346509522971], [0.06335883032763484, 48.27144245021764], [3.6020410923671555, 37.51965834950461], [66.68664667721636, 8.93264844372938], [109.66259078623473, 4.502190953296107], [1.5753029907292826, 41.57763086140204], [0.5527794851644952, 44.8864799874727], [74.7106013903713, 7.568728238987351], [0.9627779090257902, 43.33566743239286], [0.3860402923797779, 45.73166961671197], [4.156975401126005, 36.724320110092535], [131.7860003578495, 4.0113388151165275], [126.14440468837223, 4.06389754503035], [1.947751561835081, 40.64209187444578], [0.270881881098992, 46.53102231503407], [114.86514030646762, 4.313261444642353], [129.2353578262223, 4.029610530903112], [0.7576362612523113, 44.14312523753645], [0.01473391042318541, 49.162023409945746], [120.31452945562646, 4.1671606341672005], [0.13280478071244473, 47.46428456532685], [0.0, 50.0], [136.0, 4.0], [133.51241366116344, 4.003916419158093], [63.69005191807855, 9.503635535365136], [136.0, 4.0]]",20.86
BNH,MGPSO,10,100,0.420822,0.199685,4298.150535,0.579684,0.336830,95.0000,100.0000,"[[22.694946615113288, 21.988490536601866], [36.39565888196606, 16.44227246401622], [33.64232362475447, 17.401665048302], [19.32477889067443, 23.805443079675094], [28.614623587648573, 19.33753802509029], [21.523759777247967, 22.588574743614316], [29.877240791997096, 18.823077929037918], [58.85160812196001, 10.472748174867935], [39.43794681931525, 15.453861672041498], [23.9758047419449, 21.370403863207176], [35.00376916794256, 16.92472826067393], [20.390709186349927, 23.16978660185459], [12.188793943599201, 28.373561537471055], [40.92494168297863, 14.996529422048939], [123.2860415286366, 4.108010853479916], [42.44018446119482, 14.558223467988613], [32.408243326909826, 17.847982821277867], [62.665277828001976, 9.693388211055431], [130.80575720682674, 4.01731529633232], [64.64815829138918, 9.326273744267603], [82.32175387784335, 6.5503951702511864], [8.245876531082992, 31.75683168178667], [9.64886282089719, 30.447761883873262], [5.267778372971604, 35.0910967212879], [128.24798264796095, 4.039088979876297], [31.163332801950226, 18.317812076242596], [13.07891376456508, 27.697377374948275], [5.869186180460639, 34.33755672680644], [120.8639656732605, 4.155171388364372], [4.69738967715298, 35.85104374694106], [8.946713030480044, 31.103393609164826], [15.127466477744179, 26.364915858833935], [17.066529976432466, 25.08042618661058], [10.440532309958702, 29.777917023735974], [84.41693464688066, 6.313094471230634], [60.65903619747503, 10.102115129106807], [78.08062605469664, 7.085365757952981], [26.31174797483514, 20.312445250054274], [7.065274369141033, 32.99481666960109], [27.50896740893057, 19.794103552750585], [1.682569781077908, 41.25681595268638], [73.70798309263935, 7.726438642086729], [11.269771927629497, 29.08078064567669], [75.88802545024474, 7.3935226076986265], [80.05570515355308, 6.826690355897191], [6.467315531448628, 33.68104186244417], [18.12447271477837, 24.43055658836299], [125.78159577867908, 4.068823567517645], [14.043472761013938, 27.024866727439665], [47.48209443422063, 13.194952346948764], [118.50799411576172, 4.210042962830068], [44.31883803969701, 14.050103435766978], [55.39959785223388, 11.356384219422537], [48.96734549604031, 12.785693002163285], [52.14188326865581, 12.053694356036207], [57.01113734620705, 10.877447162030187], [53.725241751114226, 11.646208424371792], [103.36065111774269, 4.803395387941892], [105.63750670724669, 4.684831530325447], [66.5073775944069, 8.96311101217724], [3.680591762723455, 37.355298680168765], [99.0253175750173, 5.062086242190993], [25.202802466205075, 20.8092046857277], [101.10254913185015, 4.932561937914117], [2.820348862371204, 38.84854307785868], [2.0187967914477305, 40.48025339190223], [2.404740596827765, 39.67936887296544], [110.34256677049822, 4.474573864716888], [88.62557805998668, 5.8846499815493285], [69.05094697189216, 8.692717421557553], [86.5704323920106, 6.08616269354377], [70.62628199959528, 8.234520095654693], [7.655237492793394, 32.38307017256114], [90.63257537809946, 5.701217775755475], [97.17053689448781, 5.186836413550423], [37.90531803334534, 15.94415307554539], [3.2261480007688075, 38.115120051242386], [4.164839495839915, 36.72108436177297], [94.84867398676312, 5.355723801319469], [107.9255641772466, 4.5769207088486095], [1.3336590516687012, 42.179955273472174], [113.01858651589058, 4.374529686361103], [133.35012568876527, 4.004447774205843], [0.015502624007541356, 49.15279860907007], [92.70858178111533, 5.524595139517562], [0.7405441102485713, 44.132051699051395], [1.0746438117080317, 42.94324820733372], [0.37689386346727394, 45.81471931381486], [50.371368370028364, 12.440781563209658], [115.87812756578062, 4.282249705743645], [0.12254665776608836, 47.91726721017566], [0.18809524938656708, 46.98032214936745], [0.6508477711749212, 45.047622604746934], [16.04369106041352, 25.733156787937027], [1.011482426628766, 43.38933782289231], [45.84332929776032, 13.597216338266623], [0.0, 50.0], [136.0, 4.0], [62.059325687588384, 10.018447832347876], [136.0, 4.0]]",20.46
BNH,MGPSO,11,100,0.419426,0.259051,5426.088987,0.654369,0.353459,92.0000,100.0000,"[[0.0, 50.0], [3.0532168316067687, 38.40781712340113], [7.320014744228656, 32.70969477462211], [38.561182811889445, 15.732186090118958], [13.73675057572936, 27.22677698324196], [77.4864673802569, 7.166622131411151], [3.5099143616286748, 37.64358467817789], [75.51555412512982, 7.448189316529923], [9.906547558035992, 30.220813613231627], [87.7268905276611, 5.971018200667999], [73.59003047473225, 7.7421530803922645], [5.001670555891025, 35.43888941606584], [60.17781017833124, 10.19172949432215], [29.216096335814647, 19.11188957985618], [27.937347856091698, 19.612779544370056], [6.69935147015255, 33.372751639945555], [12.113518291543187, 28.418387227703445], [56.45378199401458, 10.987121391906939], [3.9901070629496824, 36.877551520767], [9.25054308508686, 30.806269096287465], [85.60168095593987, 6.186189821460623], [48.138392280924585, 12.979706142382037], [26.720680576323158, 20.129187315593693], [24.20958240135549, 21.268155296524164], [62.111368808283686, 9.80216505823628], [89.98810079537475, 5.758727471752838], [20.74137285648097, 22.982300409134325], [71.70763607493232, 8.048975658587368], [81.50770627037494, 6.647226646613508], [7.942453791979313, 32.05808458577849], [31.74506613386651, 18.099844082535107], [25.498541168834205, 20.694148886845625], [11.360659920388123, 29.01583438435585], [8.59520720464496, 31.420654959773735], [69.82621082992836, 8.369247106166371], [46.63135891478779, 13.374979731814776], [34.438097625385055, 17.12951203489346], [16.4900742572651, 25.424709518265548], [51.32410406600671, 12.173556613809636], [45.021029534163276, 13.815943304092709], [94.60788059909069, 5.374078162657353], [5.541249322774412, 34.74852889756023], [58.30364220517015, 10.613420607074143], [39.999360424876656, 15.27951965904345], [19.685924126263732, 23.579493096363954], [67.96419267120191, 8.703437624110256], [17.506680649733063, 24.79163397737227], [18.570578308892973, 24.17397924736682], [64.04393039876554, 9.432154385029703], [30.43671868535916, 18.598783825465333], [15.551665675309255, 26.003089347171933], [23.05392070464272, 21.82183905928639], [37.14691895797199, 16.206175167609615], [83.53457736984426, 6.410982213665347], [41.64280171309658, 14.782508349354325], [54.63484245360843, 11.392815649441419], [4.476660184495643, 36.15819890913659], [104.16445373453378, 4.760229923667909], [92.2867184501786, 5.559442125899508], [21.88381276883459, 22.39289113719024], [43.46937506799567, 14.389694862419347], [99.2025587847068, 5.0506212104241435], [52.975310421899266, 11.778933211854742], [33.11701692335461, 17.587113482137944], [12.911409402579698, 27.8202540125912], [66.02856891183367, 9.103372200900292], [111.53421892715268, 4.428342464687034], [109.02884484202683, 4.528753233993317], [122.21145544685457, 4.127801813598249], [14.656989843583922, 26.602024223374375], [119.61372620556314, 4.18316082669933], [106.56114453063049, 4.639945499922723], [79.48158623571, 6.900112121380559], [49.73353440525113, 12.58005055041484], [101.66452040443883, 4.899306310109372], [2.7366450775951408, 39.17976034580124], [133.3734851742905, 4.004369182086194], [6.1211324288556686, 34.05956470516067], [1.6046390685338738, 41.451470484048585], [96.95590722431936, 5.20184473150264], [35.762501658191226, 16.66355879029816], [114.15424581965654, 4.336116437795303], [127.75490813947557, 4.044335886354547], [10.602225886312233, 29.629553214370233], [0.38761276862567273, 45.69484305709006], [1.2790443873578785, 42.35542590234816], [0.5547974788757062, 44.874173458775445], [0.8473483763125168, 44.10838266279163], [124.95937348421616, 4.080704944812578], [2.0216146325191975, 40.48823958525452], [130.63808608994754, 4.01846733727531], [0.288218639176179, 46.654676338076534], [1.084421012906519, 43.21812115908638], [0.01249834164771648, 49.44414467415133], [0.057043980279041694, 48.33809006671748], [0.2107874453744242, 47.400084205383145], [0.0, 50.0], [136.0, 4.0], [116.89743814694454, 4.252857964366846], [136.0, 4.0]]",21.46
BNH,MGPSO,12,100,0.414629,0.232100,5752.776650,0.606249,0.332769,92.0000,100.0000,"[[29.063898660914198, 19.172803935911297], [136.0, 4.0], [0.0, 50.0], [10.33115365250335, 29.854974516516197], [22.05049620272426, 22.345863772047508], [96.22086856026687, 5.254164138805634], [20.960082913526414, 22.867366583552247], [38.5774629943981, 15.7262278025237], [24.154612049401074, 21.288787575835595], [49.255397915872514, 12.687744129102256], [30.35267075943358, 18.631355167639455], [15.820695205089121, 25.829871927028858], [8.762541438974413, 31.303623976687543], [37.14764133979797, 16.190524035144207], [14.886068320353893, 26.442269380904275], [81.35496123089412, 6.665694250493232], [34.480880775107806, 17.100115327846247], [52.333483015988776, 11.929964931337867], [50.85089806838204, 12.293902245352367], [43.177107418467, 14.337199769749613], [3.492430265252546, 37.65866423903809], [7.279469975041499, 32.774149516794424], [67.41553330329938, 8.80500085862668], [41.60303756381883, 14.79560287861204], [79.42824343202032, 6.907006445295712], [65.31959440395386, 9.183903434418905], [59.3589798007635, 10.374166149896766], [1.021333371889605, 43.11007604747171], [26.4715948723874, 20.25654762390378], [17.770515593451247, 24.635490567472537], [31.763245481574543, 18.114517122573282], [69.44961200611075, 8.44458323321236], [103.58414771282821, 4.791247756862246], [91.71864657446176, 5.607199715688659], [33.11288369949797, 17.590403742463774], [16.810162519143212, 25.228195786345374], [83.34956086853583, 6.431881621657626], [47.75268080722244, 13.075103986407305], [44.72524177023859, 13.893523451452136], [13.948398089949585, 27.087640028228762], [2.3169762244937138, 39.81837307247516], [9.515206191093403, 30.569794848189325], [123.46126691439842, 4.104952392337633], [121.01828350762665, 4.151891044920038], [23.071190981695644, 21.8037074281783], [71.44817219285926, 8.09285923640228], [25.303465967122, 20.758141949419816], [19.89384998312822, 23.439675673176936], [18.81146183794052, 24.03410472486799], [2.687755444014541, 39.09247519626534], [0.7660386761964564, 44.00414688133088], [6.619955877699404, 33.46266842198713], [5.462914082514551, 34.84067901095195], [3.0812506264281376, 38.35912794710909], [128.42429341562564, 4.037296217488211], [0.20448598783787708, 46.85615810929874], [40.07182796112119, 15.260682711342572], [0.023330781645274558, 48.92589151839843], [85.35999272556205, 6.211664629412114], [61.420643828964074, 9.9696170184147], [75.4453287706594, 7.458574045226829], [101.07817986422837, 4.9340209629440395], [98.63633417639005, 5.087523625265007], [0.35620920850086657, 45.870190327447744], [13.033199710316746, 27.733695998072797], [106.08853673520989, 4.662685807357672], [46.24644899247273, 13.475575383410485], [133.46215964188673, 4.0040772999779755], [27.7038892845148, 19.708406233588192], [125.93247124238259, 4.066751637516075], [55.68369577368822, 11.167930943792706], [111.08001050378142, 4.445641550511876], [57.470802967293196, 10.777466325968122], [4.919604034178452, 35.546434357014284], [7.985733242248925, 32.01776372415452], [53.982442996306105, 11.543233276711957], [1.9726479404893595, 40.59735001143687], [73.43645612548764, 7.76644492360704], [113.57864112834366, 4.355291210667652], [12.160616868921787, 28.446527594788662], [1.298183922788514, 42.275775028445764], [77.39689163090216, 7.1790147832425095], [0.5478858433048444, 44.90303670898716], [3.9384192214999745, 36.95333195433056], [6.0642944279832065, 34.14980271299906], [4.423831354420475, 36.25294911828461], [130.93778484683145, 4.016434951284], [94.02692143928712, 5.419028460361135], [11.207878821674043, 29.13096734444867], [0.09515104300251392, 47.88958930480431], [118.522392194674, 4.209679906618025], [116.05905220799734, 4.276900952878712], [35.80031937386164, 16.641526280177835], [1.6136223687194768, 41.424485872009924], [63.41251968655564, 9.571165609465584], [87.45802678266747, 5.997381503275342], [108.62646664232646, 4.546035039836733], [0.0, 50.0], [136.0, 4.0], [89.60819951355643, 5.793239629503516]]",20.55
BNH,MGPSO,13,100,0.412533,0.272279,6327.965957,0.627045,0.336695,93.0000,100.0000,"[[0.0, 50.0], [136.0, 4.0], [57.44757178824562, 10.768052906532404], [11.882364061184619, 28.599758793528444], [18.465845904927832, 24.23130284165593], [75.28386011880511, 7.482546068781634], [37.16598377216239, 16.187402624780326], [27.570561885186066, 19.772064347408353], [0.6905148883915018, 44.30418233249276], [34.113065845057505, 17.233485076207916], [45.1009506178534, 13.792283263357625], [19.513568087250803, 23.647659818773523], [64.48951164396158, 9.343114155125235], [62.78500084810448, 9.667239498455059], [96.66528127493055, 5.222360172475506], [43.56218873677929, 14.263846455070297], [8.01552729099524, 32.00135564351867], [0.9150560588570341, 43.46500911369162], [1.1719032621014394, 42.6488131000417], [40.41071073868339, 15.17479465419523], [17.466552372361466, 24.82310833666436], [87.51226015293824, 5.992044029721286], [12.730684509586073, 27.969607252828368], [50.97667609408633, 12.262065800417714], [10.242658443657572, 29.959235427322973], [28.773386607671675, 19.269698543032916], [8.707159091287494, 31.313042504986782], [73.36715159349862, 7.777449367376383], [83.22134145270131, 6.446442244835023], [7.3541149002600825, 32.68180617496732], [41.90809225857349, 14.708560961230614], [38.794932338007044, 15.665905070130785], [3.39436137529035, 37.828476974227414], [49.53808449485537, 12.617729744574827], [92.02308053811291, 5.581486394517614], [52.46915278662482, 11.901259591441672], [54.07951794861369, 11.52221006603557], [106.39728836624087, 4.647776122954701], [14.521907169752634, 26.685275484798357], [2.9405893734046566, 38.609607510974705], [55.75619677512791, 11.139441318145767], [6.135425135395341, 34.022229598263834], [59.20965828132708, 10.405573777759983], [122.26078037781103, 4.126854152454455], [101.42248883884251, 4.91353743442904], [16.45502094087653, 25.431628775111918], [99.03092796475156, 5.061722127238227], [13.605924285501906, 27.323624638622512], [9.49003448443818, 30.64607279720198], [26.30462148166021, 20.311347096361054], [22.861979612796382, 21.907880988762436], [66.29790413785175, 9.029128234020128], [20.67326694796408, 23.035411713500743], [94.34460532939441, 5.394331092474459], [11.050383889268035, 29.261584245563732], [133.20855568851997, 4.004939283479125], [25.158072345502664, 20.841147370001515], [15.497316122340926, 26.05371694228152], [4.434756149294326, 36.248594487525295], [35.66214566437115, 16.711603534236158], [69.7795158341543, 8.378315890063035], [130.44318743857707, 4.0198544324343715], [1.456281832772667, 41.832104895422944], [79.16097986275739, 6.941736680396776], [108.97230751719678, 4.531161821204229], [77.18062860617596, 7.2090898457117145], [30.005825982664305, 18.779373317084975], [2.5301807129778755, 39.40126404968004], [23.99893386598121, 21.3595238952446], [31.258043921467557, 18.292464708717844], [111.58761447563745, 4.426334702791687], [103.87546769052825, 4.775582369646897], [127.69658623681599, 4.044979315815149], [21.76878636974391, 22.467060272912857], [60.97711140693423, 10.028307312266133], [46.488630200962135, 13.417390055239846], [85.34422357357735, 6.213334054968522], [81.16183286273386, 6.689181133281575], [0.020475113403534334, 48.99402430749781], [3.892062639701556, 37.05958009344621], [68.01723506257068, 8.68865209066944], [71.55173200657623, 8.075296416390387], [48.058007834486176, 12.995176261333135], [0.18268851876125086, 47.037703689766], [119.57660900100439, 4.184030559042379], [5.54726597405271, 34.73655726685391], [32.61320632746949, 17.777753106322102], [0.0822097583967689, 48.0048281087839], [116.88342253172317, 4.253249922896828], [124.96765247211916, 4.080580314524554], [2.131901154258366, 40.209986207371266], [1.7808142310750448, 41.01059520147092], [114.2097143138596, 4.334300419908821], [4.972378800645899, 35.48606840986262], [0.48966546862287064, 45.17646128413044], [89.76462851774974, 5.778973439104101], [0.3180872126183546, 46.10185732720671], [6.722020819795016, 33.35191694026038], [0.0, 50.0], [136.0, 4.0]]",20.70
BNH,MGPSO,14,100,0.410707,0.197467,5040.811463,0.650844,0.347449,91.0000,100.0000,"[[31.7282414298002, 18.122453870068338], [0.0, 50.0], [136.0, 4.0], [52.13392909266936, 11.985656406078995], [60.63384405129592, 10.099950927673783], [57.11379159626233, 10.847333568003108], [58.85843887459414, 10.467193510722488], [28.93652799142488, 19.20325410413445], [66.15035293727519, 9.02748431383048], [50.61447547304158, 12.350251853613976], [5.260818639168438, 35.09765872327209], [98.07565707918633, 5.124861076710976], [3.7580290990032412, 37.23487227423597], [15.54464797412062, 26.00743161222481], [21.52791416491595, 22.577965895383485], [20.502455667017802, 23.108181343008123], [84.51297567080516, 6.302615541889763], [27.617907204741122, 19.78351463971235], [9.163551438260823, 30.895500721261307], [95.71092530396999, 5.291308968335601], [125.40116733525079, 4.074196570125049], [74.0592600779569, 7.668721231962051], [110.36856265603922, 4.473536020526959], [7.74085511208596, 32.306629972789125], [62.40639057170114, 9.742093536401955], [13.500962530462292, 27.39616870324003], [12.548627873323, 28.090848364754205], [78.16514517480607, 7.073939168163962], [10.757724025733777, 29.511144523855037], [40.75670713062206, 15.073235601664267], [7.059924020093961, 32.989251407252056], [93.36664556287494, 5.471275347375138], [107.92886561484818, 4.576772880843374], [26.26500087030972, 20.34585911237356], [19.571724984646153, 23.625968202930075], [82.39316058913786, 6.542027658155588], [34.54049008622338, 17.078034904836375], [55.50660442192558, 11.225044651803644], [4.224482164356737, 36.52295737010774], [17.5527277905355, 24.763280282077023], [72.05628183820656, 7.990628852114895], [102.97109823597229, 4.824838932921866], [11.652368964319354, 28.79625948138375], [127.98552111956808, 4.041839014343436], [6.433578250602853, 33.68889504255182], [112.83414682236156, 4.380992049757353], [37.596072808692725, 16.063561654135817], [8.454067105669992, 31.614656418944165], [53.92413587167356, 11.608592554180312], [115.32918902274804, 4.298829778196545], [39.08905782219532, 15.563080529552623], [68.15244804319022, 8.686547661016863], [100.49441336688113, 4.969396411785429], [133.2935459526065, 4.0046410781641315], [24.96201569482042, 20.92002727476966], [70.09091070001196, 8.327940873154127], [2.8865219363668917, 38.71675189835448], [80.26789762226471, 6.7999120081043625], [30.350152647480392, 18.654874300669846], [1.2573331683442697, 42.41826725439019], [2.5045606899722914, 39.43585772100929], [76.10552349264177, 7.361919922181911], [117.82849884706091, 4.22757163884041], [33.160184188287396, 17.597796792154533], [18.60229367806989, 24.20401231808337], [16.524960604304777, 25.389159041622406], [42.5773681594862, 14.535932435697827], [91.10151310976079, 5.660181555019074], [120.32472080556863, 4.166933826882037], [3.322862310261895, 37.95443447392498], [130.62517309995403, 4.018557642057869], [1.8225457308475557, 40.91146635632168], [1.5254533079595385, 41.66304753330396], [14.508722768299108, 26.693444259791796], [44.19069592554243, 14.061043486871256], [86.64765163838727, 6.078331148345157], [49.08822332584759, 12.74686697656173], [2.163724822564912, 40.18313735059634], [23.78485965430954, 21.46151144240138], [0.5772970607213932, 44.77489338470534], [36.053887490897566, 16.55618104406532], [9.97364892763227, 30.18479479800743], [5.851605221712291, 34.39307906535572], [1.00953307701318, 43.152455693299565], [88.85334237299972, 5.86318347080355], [64.25960341556967, 9.383981285881354], [122.85804485960152, 4.115679453899783], [47.41436821897656, 13.173620530985906], [0.26665555323229095, 46.415978625578376], [45.79559066670667, 13.59993338692188], [0.40088544199576626, 45.633773328085674], [0.7748341232832237, 43.972314891978414], [4.730436761427505, 35.80728558006544], [0.08811779064637032, 47.9327572595604], [0.16138210106266743, 47.20568976355974], [22.63138130767173, 22.048503320197398], [105.43815039208161, 4.694759189848828], [0.0, 50.0], [0.031680746342490136, 48.75124161892177], [136.0, 4.0]]",20.57
BNH,MGPSO,15,100,0.414210,0.285302,4842.059750,0.569500,0.310314,91.0000,100.0000,"[[0.0, 50.0], [37.800446255968154, 15.977816503169624], [34.942797680503155, 16.945272596852416], [32.17867784243406, 17.933481953150324], [14.13356316102975, 26.952176721030867], [40.754076994032445, 15.047781632809816], [29.33241677139842, 19.037001399367618], [45.38767735333259, 13.711903309119858], [71.0689701610298, 8.15987608644565], [39.23384054968057, 15.524167691952325], [30.710999629779266, 18.49314552751671], [50.40654472883433, 12.398804371908152], [62.34532074214666, 9.754072716479318], [83.04681086657132, 6.466363796254786], [60.70832695163726, 10.114868287915478], [58.86946512092855, 10.473494524180651], [57.05514551792488, 10.852876323215538], [47.06378760373505, 13.25899415673888], [78.70052006601895, 7.0023125430992055], [43.79932972897197, 14.163734272425367], [9.68312572601122, 30.42968656029641], [15.13215684155766, 26.279556337453045], [48.72863157865963, 12.84345280898779], [8.918402989036053, 31.12360903638441], [80.85446212016261, 6.726878558456437], [16.123957557616162, 25.642439412235444], [26.699511911376533, 20.141566438969285], [118.62355850805187, 4.2071386793653875], [67.58779283622177, 8.78227207667737], [121.02763357109929, 4.15169351118597], [33.59565152251612, 17.45283303254147], [42.29314928395034, 14.607439547015431], [8.253440837049254, 31.804271042002824], [28.0008701101971, 19.587097469195026], [85.28093208629028, 6.220043532664436], [53.70468512295777, 11.618041420065992], [74.77282444626735, 7.559291947801887], [6.270851388266494, 33.86093327543908], [69.33955153312841, 8.454843959130553], [72.8673387204376, 7.858595708500459], [55.38837654953174, 11.222825749933165], [76.62123281513459, 7.287913889557631], [10.524603767192437, 29.696621861525518], [89.92549020000473, 5.764383907138349], [109.16016434742589, 4.523183490282379], [13.156137114992621, 27.641715361469217], [23.339225320781424, 21.696965476382495], [92.27271178540232, 5.560608115247712], [17.267798972356207, 24.940101329255775], [36.44379516103206, 16.462406982855747], [52.036072629381636, 12.02400663674239], [25.55177885192083, 20.680303219088763], [7.584302448365105, 32.47891452808057], [22.251707668834612, 22.217655175044634], [116.24851591779785, 4.271360980396954], [6.930934018115678, 33.16501914234223], [65.79592149978728, 9.094194515730006], [24.37476672639949, 21.196952950791424], [1.8246427858397285, 40.99242912973874], [130.83368671415332, 4.017127098769422], [111.51001502074872, 4.429254359858051], [106.78128483107993, 4.62951418143328], [1.4801548452794966, 41.79979913947447], [2.170784407611391, 40.143586339682955], [113.84801161309862, 4.346242790504689], [5.2296831139824445, 35.201293163942154], [18.638657500048623, 24.260600361164116], [19.838922611480385, 23.464773505148266], [21.084044181776196, 22.815306035515658], [4.13378102796193, 36.84627645900271], [11.457188241588344, 29.019916475928962], [99.39577031680403, 5.038212142293664], [63.964640922844126, 9.441831841798201], [96.7086970963709, 5.2192812688329], [133.39425939204796, 4.004299884379195], [101.8451462786782, 4.888775469579196], [0.0719519566654285, 48.1220539439058], [12.276651822521643, 28.31975701928835], [4.603714295878288, 36.0241831502516], [128.3284621581572, 4.03826521554955], [5.70444759241783, 34.541978319239675], [0.14790456134911273, 47.374443792144135], [104.334974327067, 4.75125807488397], [2.9812920927750035, 38.54524007927929], [2.590700099686395, 39.267933465762084], [125.90716991940381, 4.067096762781693], [0.9522305566465978, 43.382794099357916], [94.46283205868042, 5.385212314679364], [1.1865595912914246, 42.59717704221277], [0.621002885665043, 44.66075743296888], [0.4316946881196788, 45.53606673270349], [87.71677614451633, 5.9865795742335015], [0.27611991876712755, 46.588845617276036], [0.796552622868866, 44.168569876727005], [0.02504107696237526, 49.061404649891074], [3.5909623317190147, 37.710708386161684], [0.0, 50.0], [136.0, 4.0], [134.78620421442125, 4.000926443781449], [123.44521235555467, 4.1052306609262565]]",20.60
BNH,MGPSO,16,100,0.422074,0.309719,5089.813629,0.603141,0.331139,90.0000,100.0000,"[[0.0, 50.0], [136.0, 4.0], [50.097318712950454, 12.480954952013601], [66.21259790094552, 9.019734888534106], [22.805981710871308, 21.933266966701453], [5.7698261510488456, 34.48627486851993], [20.664036431212114, 23.030543469478935], [114.44390669465174, 4.326694277238202], [41.82021371864202, 14.733049500875982], [40.30603573002977, 15.184440207110795], [4.057584566470976, 36.777519242267786], [102.35274344588724, 4.859589198350934], [17.674911171738223, 24.69256683262828], [7.001569990006685, 33.062521500514926], [55.32650939789238, 11.235913247511066], [16.723583670106034, 25.27308972797769], [44.95127875315907, 13.830594664907345], [53.67032562896189, 11.642690765968277], [3.086968332630984, 38.36432010762793], [3.54841522418537, 37.5681322532418], [9.08743367966417, 30.987617628842223], [7.634085600452923, 32.37177201840302], [37.45303336428077, 16.09044794623315], [51.86223953185613, 12.051215688586318], [11.357377504560779, 29.009765187704204], [36.08483777075557, 16.55171746572332], [13.939397263335257, 27.101219064070868], [85.40079487659702, 6.20734920584249], [14.861588975465784, 26.493835899249966], [62.5465721969622, 9.715561307761032], [18.655017154048856, 24.140098002098114], [109.53399441073557, 4.507516278445661], [10.574515876411581, 29.649706385566894], [33.42745651692604, 17.483320260784417], [107.1212341848332, 4.61360539525245], [0.7498864488773678, 44.08195635368622], [34.78385352787639, 16.994511226390486], [9.805164272221653, 30.30956573452019], [4.596566649539984, 35.98911774890853], [12.17711921311966, 28.369280406682513], [124.77944923339116, 4.083438737893256], [13.05962773423191, 27.717897513457253], [81.72841521395404, 6.620709565024297], [133.12832016965245, 4.005229450666573], [25.181017750326653, 20.86009580054828], [6.358818342412356, 33.77036434363217], [46.655015744957424, 13.368685445125568], [68.15455323409216, 8.663598782686206], [127.51838450052533, 4.046975326003744], [30.54038935546741, 18.567981920331768], [38.753631549664576, 15.669327862374832], [79.8098060512821, 6.85796328166559], [1.0009267100135695, 43.20247646548165], [89.28217704604671, 5.823223453661031], [1.2697099764551927, 42.351326035518554], [0.19557657936893488, 46.94920396800601], [111.9738491557277, 4.411972767654746], [104.73766951369971, 4.730325447199456], [8.32766713754817, 31.67658817286862], [91.30311764289398, 5.642746437708108], [24.027284673533998, 21.392568948740596], [64.34846091416699, 9.367283367741756], [0.021689484876715858, 48.96404654093304], [75.91916235882454, 7.388984031933452], [83.54107249429359, 6.410250903021648], [97.7535767655677, 5.146672173399478], [31.929140536759565, 18.041541541421203], [130.311522790268, 4.020820760244806], [1.9041228764303029, 40.71869035640077], [5.155692098322809, 35.24060501476605], [57.08581234353072, 10.849123596782857], [70.09964026603345, 8.327461433950823], [2.2742298403465417, 39.91815148694171], [0.08656853275869758, 47.941157364899325], [29.149987358014243, 19.119615768847183], [122.1456469677036, 4.129072083283647], [48.363308570517184, 12.916285552668334], [26.400705268792525, 20.267979357536756], [1.5781906729153155, 41.530547690579795], [15.774320780537934, 25.86142876489347], [73.94308070942999, 7.686792633683263], [95.51192887055032, 5.305994690887574], [116.96454829604727, 4.250985847313527], [71.96274086312951, 8.006226265611632], [58.951599818853765, 10.448054973160762], [100.03558135400415, 4.997777710395424], [2.690482158612946, 39.16119555277528], [43.312976600377084, 14.292654149141272], [0.5325720848655187, 44.97759375631297], [0.350586818602841, 45.974929994098105], [21.727217637630332, 22.47253444008767], [119.54848774273484, 4.1846909984964515], [87.33427995780653, 6.009597583461209], [27.86807263671435, 19.654993018152233], [77.88721053877038, 7.127139021556576], [19.637472144838107, 23.585091751264095], [0.0, 50.0], [93.36951939326522, 5.471045242421697], [60.731156770470164, 10.077859324219064], [136.0, 4.0]]",21.06
BNH,MGPSO,17,100,0.409219,0.219848,5453.540915,0.558383,0.316969,87.0000,99.0000,"[[25.503090426071402, 20.69669800712729], [17.586348291754312, 24.744331786484956], [6.571789028688664, 33.51618922435463], [26.805034243517767, 20.103432848353876], [32.23597681250111, 17.912518738145305], [59.280929408654615, 10.384780206408823], [18.589122522516625, 24.167413335886053], [7.2094194762120996, 32.82010436003329], [45.652383545206845, 13.637933328166682], [56.09669266496388, 11.077982162535509], [57.64648431003328, 10.725254982573844], [49.08235187071992, 12.732072276031762], [95.89620815873099, 5.277731749915211], [93.67989436598548, 5.4463332715370925], [102.66799110689927, 4.841763207007013], [14.71482732835065, 26.554439719894088], [9.419608144809644, 30.675846494765562], [16.65898370021751, 25.312946084369656], [30.842274780591755, 18.443250088395853], [40.926729347696494, 15.004176086440967], [33.62359405760524, 17.40836783785058], [83.77419472355288, 6.388192314554234], [85.65212149131705, 6.18089962144089], [39.49082253591253, 15.468838578552749], [52.715697412889284, 11.84161303795262], [44.03737065972704, 14.099312620649005], [19.691863943379122, 23.565845443553457], [81.84341853762672, 6.6069706114372035], [7.921872577924722, 32.08854137322371], [20.802292903826597, 22.95865934934351], [29.424219146768518, 19.000618207515956], [28.127524792437637, 19.530208575895752], [54.503401293501724, 11.450644073986439], [8.652418498512102, 31.364388375968325], [35.12540048118501, 16.910512781683376], [11.91467870310536, 28.578276391177397], [66.2856278839076, 9.023448049632744], [64.59952290737837, 9.351274087953836], [68.10211235974248, 8.67228211518514], [2.4018525989473183, 39.64213054918655], [21.887152640744247, 22.39075964554341], [100.3906142889275, 4.975772295013736], [73.7579363114235, 7.71574068962944], [42.49462944905126, 14.563853142683149], [4.852803725059019, 35.65521678299321], [4.317383210333728, 36.425520403293575], [3.7918423676642607, 37.19835193420558], [69.91682519760099, 8.360129563692697], [37.95392842393383, 15.925956229600327], [61.03038557380043, 10.03990763499272], [77.92548943100977, 7.106424701034229], [24.240160900095038, 21.247250954806848], [118.15881167725124, 4.218953897134448], [87.58032415764589, 5.985359459578145], [11.008411429168884, 29.301195384915808], [5.404522091368003, 34.913276552162344], [71.72255706080477, 8.046464079659945], [10.213997170114895, 29.991790401430418], [91.62398347235322, 5.615251885045671], [5.960844473007394, 34.236695806410594], [0.8542704283096096, 43.70582393499788], [50.998559883711934, 12.352178286880326], [107.63736855082792, 4.589911449538477], [23.056332507539842, 21.81098652705036], [2.0371662724210946, 40.4279973844869], [1.7061090286460092, 41.2134062689822], [3.3133376690570535, 38.003182331382256], [47.50613333981679, 13.147706564085425], [105.20362502060901, 4.706548157986896], [120.48914247893401, 4.163297793919168], [0.25651691325694725, 46.511078734223595], [79.82770817458504, 6.8556777565781655], [110.48854700143441, 4.468762895747186], [89.68568392370834, 5.786163399019619], [2.835629975636523, 38.80921530015742], [131.01388953723625, 4.015938199341249], [0.6216304138834626, 44.58061891086635], [15.68020493450635, 25.931176961695243], [98.13932655448801, 5.120580867331166], [1.3564907666990724, 42.16485172264494], [36.485671823474306, 16.41407078028338], [133.44918286871712, 4.004119376091393], [128.3322378767799, 4.038226792626129], [0.1468494210193792, 47.38750884425062], [1.0663990697383472, 42.97960553311876], [113.11023114240365, 4.371342068915749], [13.987268674454352, 27.051629265008824], [123.00076599291809, 4.113090925585084], [0.4398818578733689, 45.456780129136526], [13.041058519582457, 27.725635234284542], [125.59994300895788, 4.071362539389225], [0.09808291593538929, 48.24293091822197], [62.74746907525004, 9.67463847442444], [0.0, 50.0], [75.42544590374902, 7.461518784919905], [46.526519143162574, 13.48418787662079], [136.0, 4.0], [115.45102017415417, 4.295104170356386], [136.0, 4.0]]",20.61
BNH,MGPSO,18,100,0.410176,0.239538,6061.756858,0.569629,0.339380,90.0000,100.0000,"[[23.920050122652448, 21.4089537635761], [52.21680351202572, 11.957914420328253], [22.863747530359397, 21.905200951396488], [28.324592965386753, 19.44859827182891], [44.0135411459274, 14.10920533994861], [20.787450409192562, 22.958513058576308], [39.07617818317691, 15.579440132100773], [36.06355532760682, 16.56174103267935], [37.71228175039927, 16.062362676763144], [76.5518513985364, 7.297795058565379], [78.65879391208743, 7.007848541106849], [21.833892688654245, 22.42257530118855], [12.83718286787137, 27.90969544849184], [70.57837518684676, 8.241709468435388], [25.00780051474644, 20.89578393577616], [8.711535148791732, 31.313464302944983], [27.201646893681804, 19.92842276123798], [2.2247205447020892, 40.03144043457758], [11.896341096152838, 28.593555565047396], [16.7623007429757, 25.26102303274352], [9.472914407411562, 30.617768489148375], [30.726734283776025, 18.502113539738684], [7.355073090799129, 32.66367826579972], [53.92432970266687, 11.555986375114427], [1.8838572251931505, 40.766215794966456], [26.08921657917959, 20.40610669364595], [10.233942590887414, 29.938384779500318], [4.841088837526026, 35.68950521658162], [18.710998139194963, 24.112382880622203], [1.3013227214942846, 42.274069730713734], [80.69787071160425, 6.746234583851562], [2.976361302978291, 38.54575042135943], [2.5928583676354195, 39.28842608209641], [50.50019930070299, 12.382759352505484], [82.83459764918865, 6.490745601138357], [1.5904355260915717, 41.5018552402079], [40.6440437550531, 15.111558826489976], [117.54406064846896, 4.2351401294921915], [19.82270325555647, 23.549282870286266], [59.054409169902264, 10.484999697846407], [42.23479241015269, 14.616701463627214], [5.418418900877547, 34.92716658090178], [14.80929534127771, 26.490901656342878], [8.03030543539983, 31.977055530620525], [99.8105617414378, 5.01188376330897], [11.072011653634767, 29.243053580990324], [57.27938212438277, 10.888657239026848], [17.797407524734837, 24.63964382409956], [6.022128197822223, 34.191655246618645], [72.57909868235232, 7.904446182643245], [60.98750867441012, 10.094522658619084], [3.4173485381029414, 37.838988320171225], [3.857006295416637, 37.11995280794588], [115.02496069605188, 4.30824789763116], [74.55171910196631, 7.593343093942872], [6.679058277155312, 33.45077294884902], [15.774520929784307, 25.880606373244277], [102.44655443577788, 4.854260615574398], [109.9506984154239, 4.4903786378815855], [45.74729627521738, 13.634903901249366], [55.56658935163276, 11.211127760107008], [104.91181926873155, 4.72138326859207], [84.84160664081543, 6.2670165062096075], [120.01196561838603, 4.173970681263888], [90.76119260027858, 5.689895246763788], [33.42841874128273, 17.517940601571155], [86.86600339450582, 6.056297752420658], [0.8016002290532858, 43.943092276625116], [94.86484876542953, 5.354496651828415], [88.84214310923367, 5.864235033892427], [68.76560171567374, 8.570777743661505], [0.5607558231290961, 44.90456000534746], [4.315705732686111, 36.39542957819022], [92.78107948937989, 5.518659259996928], [112.42871784610968, 4.395419646201499], [32.04362575509748, 18.00127749219716], [128.1249295880877, 4.040366185812604], [66.99302963510793, 8.877365378117837], [48.758873470138454, 12.814863183908031], [1.032745452462818, 43.08222912949689], [29.501591762274646, 18.970932461839695], [125.32589967508142, 4.0752849339965564], [122.6494807946518, 4.119518761881651], [63.45728375209778, 9.664471820091638], [47.45170468765476, 13.310272115276689], [0.24044551552662574, 46.78065938805389], [131.04853007196473, 4.015714682429991], [34.67160264734521, 17.033510550278987], [13.808263338266947, 27.1959014265104], [0.36070852369782624, 45.854289190945245], [97.29263419896677, 5.178352317315797], [133.60276217412587, 4.003635425304564], [65.40502442623637, 9.1661254442501], [107.42192963090227, 4.599734387218858], [0.11377447452529371, 47.68683758796818], [0.0, 50.0], [0.028743091797246545, 48.89430572942831], [136.0, 4.0], [136.0, 4.0], [61.790324031832256, 9.865686596796866]]",20.91
BNH,MGPSO,19,100,0.412636,0.243675,5452.698806,0.652870,0.352638,92.0000,100.0000,"[[0.0, 50.0], [34.28004920692777, 17.17192378495806], [41.81027801924769, 14.734030181257], [21.251900429453364, 22.718276723406177], [46.475490309020365, 13.414476223904567], [51.391270088711295, 12.157126312716247], [59.907279786249234, 10.264173068033246], [15.925794595214736, 25.766293214249448], [44.88576187936876, 13.849325272853516], [87.95694825237203, 5.948652907043307], [61.582173219260696, 9.90670234659311], [38.958530669183574, 15.605955411691953], [77.87260381338548, 7.113628930379673], [35.8482746839847, 16.64841487823618], [20.07988756936606, 23.3378294306414], [73.91736018985428, 7.690803142531614], [40.43329739875975, 15.16807838956931], [13.075889151406676, 27.70449185062049], [53.06611093239509, 11.756728826644524], [17.881594392904617, 24.569510516425954], [32.94732038894365, 17.682538981419857], [54.80822066114559, 11.366023105617678], [63.23093726895944, 9.580598351993178], [14.960791757612483, 26.392342522846782], [18.968410379222473, 23.949204299236342], [7.573787304491299, 32.45359014669009], [16.914247493614642, 25.148630452312588], [6.969525960686687, 33.09448820937578], [26.923353910064876, 20.051327564767888], [6.361379674424151, 33.75855179583246], [28.07833776499023, 19.55651879340421], [56.470604554648745, 10.981374379401393], [75.8885085505428, 7.3934521533433735], [25.790783285524867, 20.568524500062814], [13.999584155079756, 27.048024505494844], [43.36919148298432, 14.288555853464718], [58.16871531491138, 10.613045957478962], [30.38449072412426, 18.62591846284357], [85.86856842934642, 6.15830170250795], [37.33646116883398, 16.127436258374775], [5.7889447239370755, 34.447853464743034], [31.66308544575456, 18.13320165134092], [66.58406887960278, 8.951368914881602], [29.229738673891422, 19.078036591686867], [83.80002317572246, 6.381225378748747], [72.00622396054902, 7.99896278532035], [92.28690648819224, 5.559426476565033], [90.08033366908987, 5.750417363210366], [23.453916934039633, 21.618980319285782], [24.672634884304927, 21.09289220955749], [49.752453204125835, 12.58135107066488], [64.90030184907316, 9.263702638845203], [81.82285041478701, 6.6094238799729155], [70.1036830824861, 8.32170804418979], [94.71414417921179, 5.365958417080028], [97.23850357889305, 5.182108857830592], [11.324285559590752, 29.048835194926966], [10.597811829179065, 29.695475215999743], [79.84693264159964, 6.853224948159497], [4.700458700912086, 35.846269812151654], [8.299317008323023, 31.786035902175463], [4.111692360892779, 36.693947028801006], [9.714355658851378, 30.402771998674584], [48.12515906362706, 12.998253513223649], [5.238434005060798, 35.127398203853886], [1.940893156779706, 40.64471004102954], [12.244421076352038, 28.37954163164866], [1.3027354820520611, 42.25747472187277], [2.3113417148680857, 39.92384525494284], [108.13090041512537, 4.56776884125666], [130.2246040039281, 4.02147164592496], [68.33975887130902, 8.635698537929676], [116.36174865023546, 4.268079836600578], [1.6284468145536999, 41.41109308863224], [119.04237707871255, 4.1967991361753345], [133.10396143573587, 4.005319205666766], [1.0482320718250548, 43.10605208324182], [105.27599039268847, 4.702897831168341], [8.949905635139855, 31.084190725241093], [3.1705023420212175, 38.3025708010718], [99.95384005294689, 5.002887598631073], [2.695665107517081, 39.08985127331271], [110.78437184888145, 4.457114063291259], [0.42067358456013504, 45.51991988472682], [0.6053892194528167, 44.76109648011571], [102.62060306897561, 4.844428196767522], [3.6133239911783144, 37.50484239196119], [22.330352299566023, 22.203919667616823], [113.6306150725383, 4.35353504112498], [0.26239677735971273, 46.44364568390971], [122.43360111385081, 4.123563741735263], [125.19742342925136, 4.077162073761403], [0.8495916067635698, 43.93017667877543], [0.13344711331595, 47.450851008173174], [0.08311508179923323, 48.57929445038912], [0.016288053463329465, 49.14842389439771], [136.0, 4.0], [127.75348683189904, 4.04435150923308], [0.0, 50.0], [136.0, 4.0]]",21.41
BNH,MGPSO,20,100,0.407264,0.227600,6280.388582,0.598401,0.323333,96.0000,100.0000,"[[136.0, 4.0], [0.0, 50.0], [16.563536072665897, 25.373466129012904], [20.887936100390643, 22.90596610806721], [58.36429276278452, 10.574277238397418], [21.990309623370578, 22.360183836624064], [33.908074451398406, 17.30374245567127], [2.665352498179212, 39.12240675096616], [102.97730207553826, 4.824494728808508], [24.188175353805192, 21.271499634164382], [32.48604976909222, 17.81940087076869], [51.34549431623002, 12.168092641229311], [84.7694443828681, 6.27479947449693], [14.570523701170142, 26.684748867131766], [4.561102680525888, 36.03905097766576], [80.47295127874932, 6.7742161371018135], [26.449396570865098, 20.24986814622571], [3.097147872452334, 38.34448399073243], [91.44457589047519, 5.630586667336893], [110.23167435100915, 4.479015876851808], [5.687581787037159, 34.558360940122526], [31.151691366753745, 18.327171957392853], [23.064573263282043, 21.82121339090379], [49.70922532445517, 12.575794784343607], [7.630070828471888, 32.38354862863997], [35.37649056219743, 16.80509877513397], [25.333027293535878, 20.752009770924424], [36.73399393032204, 16.326804016040285], [93.69597852266952, 5.44506016606269], [39.57164999527882, 15.420663180525898], [82.59641649556164, 6.518320183449765], [61.98680464243725, 9.825824562996084], [29.90022316892581, 18.811254110721027], [11.727899917005892, 28.731694735005483], [18.762007300734638, 24.08064035172051], [95.9753815170129, 5.27195831359845], [54.75130037804869, 11.37263472610271], [3.546606354287337, 37.572304815117114], [28.781957685419, 19.263068753384417], [98.28533131574282, 5.110804666054123], [78.46183596225663, 7.034085491946642], [45.28401966713294, 13.760924789856473], [105.36825749585734, 4.698260064122114], [1.3156298082743543, 42.22016678757642], [112.70839686473546, 4.385434237350433], [72.69917075515129, 7.8848724366844465], [1.611210639399201, 41.44114373912963], [53.037988240009966, 11.765017462889212], [46.77022909210306, 13.33689724889837], [133.27877486113255, 4.004692229646804], [19.81883038526432, 23.480364189070613], [42.40141562260902, 14.556130713690237], [89.1966557742662, 5.831145155090324], [125.35670149890578, 4.0748385289328235], [69.16529948480155, 8.485517999196613], [40.99242534089612, 14.987979803490767], [17.61211221567726, 24.73438475655335], [67.40833697610307, 8.819508395802108], [86.97293443576828, 6.045567566269098], [100.62327598295772, 4.9615171660777655], [74.56667437810073, 7.590632227722251], [130.57824104506676, 4.018887760758597], [38.18759527508695, 15.854148894084751], [43.8128610877435, 14.166770114918638], [27.62687662258551, 19.756725694300144], [60.11924118462433, 10.20433299646298], [6.30063956850846, 33.8263414235131], [1.9301403439582294, 40.67184284273293], [63.83620032361465, 9.471557632127542], [6.944020289030989, 33.103545921404645], [13.596748429253955, 27.325832026251213], [5.111265189801822, 35.2973362691518], [15.542524998311993, 26.013205164259215], [0.7837183738261694, 43.95327184591567], [12.653351999480133, 28.02911530487697], [48.20516277096803, 12.958083254487576], [8.372630170667907, 31.67622650197419], [9.174322305689811, 30.922730963771002], [76.49378014269124, 7.30608336680905], [70.91184205469708, 8.184784844294828], [10.022597172382966, 30.20570101381844], [0.38565418610427815, 45.70957067020697], [56.551450326281824, 10.968138723693595], [2.270141599212881, 39.91388289468718], [107.78824704519101, 4.583089141514144], [1.0352378552320265, 43.06496936876996], [0.5703505373918282, 44.80553938547197], [120.17715816603713, 4.170234192642116], [115.2041541544514, 4.302680660357556], [127.9495894198398, 4.042223087928706], [117.68349305089862, 4.231412917723128], [4.035179628457591, 36.80492324937595], [10.878178122030853, 29.452084987079573], [0.2518722890720033, 46.62895247803941], [122.72793485290015, 4.118066660183809], [65.55025291180186, 9.138746919363264], [0.10527075731827332, 47.732078706371595], [0.026866139376376563, 48.84779153690451], [0.0, 50.0], [136.0, 4.0]]",20.72
BNH,MGPSO,21,100,0.422693,0.288103,5564.252403,0.597842,0.338813,90.0000,99.0000,"[[0.0, 50.0], [47.64902493578312, 13.105651739991895], [36.28610993908694, 16.477656483090957], [43.26911075478206, 14.305288681365315], [46.15448614581945, 13.500144914749981], [44.71060314427122, 13.911968735066255], [33.44297731813825, 17.468899945539622], [34.83019040230356, 16.97647954749994], [41.91558955525879, 14.718151622129955], [25.261879021002734, 20.776314665790963], [40.493691675063275, 15.138642550706676], [83.4764952806667, 6.4175290527735775], [59.890552030507195, 10.251083094711376], [65.70787537018535, 9.119773066471318], [81.28238300060808, 6.67450273751232], [79.12838162444154, 6.945994227513703], [92.5722656929043, 5.535797945940897], [67.58663271585083, 8.764641188828733], [87.99370812313639, 5.945095657963503], [102.44838705889666, 4.854156722660993], [12.102433404959996, 28.441149467723438], [104.89938449610437, 4.722019564831244], [11.196073922211728, 29.143591648789055], [39.07050135810964, 15.574304381591858], [32.06930020528531, 17.97926523779027], [107.32683162012185, 4.6041009339618055], [2.610726809511036, 39.23131097610174], [94.98157169423126, 5.34566255528854], [71.29932224234915, 8.11821419219675], [37.693145346401586, 16.03316834732388], [69.40206030143676, 8.445334207499943], [56.434919430823854, 10.993883364825088], [18.830795345543738, 24.082602684605234], [22.9997156436248, 21.838983152360562], [61.79538222685105, 9.93102891573157], [75.05155502730452, 7.517267052615907], [63.79178822079792, 9.493803800162162], [10.379221096469731, 29.83296054444326], [17.788081250489483, 24.626168541777616], [20.840914842646598, 22.929602962232927], [109.77343473981847, 4.497627017005802], [112.23875188148189, 4.402285424673285], [1.9018414126665308, 40.72624837957056], [29.229457726475133, 19.094330203513977], [8.123052315138956, 31.877667649151665], [30.622042897074493, 18.52859227339254], [90.26565952943201, 5.733800418600474], [14.89016837831021, 26.45200345673111], [7.46617937299024, 32.61195026730848], [4.935221744816028, 35.52648886232551], [15.897634140440157, 25.84241073265723], [8.885057573645582, 31.149295362561393], [97.40186790555018, 5.170794981349678], [119.82020856921362, 4.17836359638147], [85.70480700398286, 6.175383673969877], [125.03506085262018, 4.079569360369418], [73.13856498678214, 7.813931956139899], [13.966658211080295, 27.07932283784987], [127.72167484093289, 4.044701935569378], [51.3125418435816, 12.213958265190808], [99.90907871543408, 5.0056926786218146], [4.006725449903243, 36.91951169364006], [21.898171661942712, 22.385154249388975], [3.489363086305396, 37.6654906162094], [1.341335294072776, 42.14602564067583], [122.41037047308873, 4.124003334310279], [0.2855045610827551, 46.294973253342775], [54.78784709469399, 11.359738810228055], [0.8311717964860648, 43.82678488481601], [49.69547336472978, 12.632314373844657], [19.843096536463925, 23.491231865997506], [6.0851694180362, 34.08977755227644], [27.981216998666135, 19.600569368582235], [53.28434400475368, 11.915698413289586], [58.1480909290384, 10.618451590958198], [114.72102813850842, 4.317821309537455], [5.52929629800973, 34.821003361482184], [24.06973748633132, 21.33032083320338], [16.94456641371538, 25.2738321969529], [3.0328629691042446, 38.45482072844188], [0.6083541421004928, 44.63723408844042], [0.43501665128627764, 45.45301789028632], [4.4507054077122605, 36.20192936751852], [77.05385281146911, 7.226822925105193], [9.619363646344016, 30.48556591826246], [1.0738828278594559, 42.966770676009034], [133.21505385980396, 4.004916150889994], [6.747525595803831, 33.345794547994046], [117.26746187728445, 4.242631732826919], [1.6395005004866916, 41.435901790166525], [26.566885008543196, 20.200633527867318], [2.244873039312737, 39.974876451709605], [0.18390915716941653, 47.01674670379888], [13.066427681411112, 27.79637262003023], [0.020327043119111963, 49.29221706255311], [0.0, 50.0], [136.0, 4.0], [131.3443370313961, 4.0138718357874605], [128.65950011818344, 4.034972651143034]]",20.62
BNH,MGPSO,22,100,0.412894,0.272748,3574.570317,0.512056,0.307348,94.0000,100.0000,"[[18.593516632062048, 24.15824982470734], [6.1686842244080005, 33.9798997014779], [9.479013243999297, 30.59942054642557], [10.284321559472227, 29.89475470957506], [29.410895878161988, 19.0147436842525], [34.81204168797681, 16.988677123626367], [12.855601624915051, 27.87593041511217], [14.740877620482998, 26.557597828511494], [11.134790922263683, 29.22737387773505], [46.48016856097304, 13.41773939698868], [66.74976401212419, 8.917805473253896], [20.658949176579743, 23.054652404615574], [6.802168700574983, 33.26669819233616], [48.12970654358208, 12.97834606981878], [30.72159521083676, 18.49251748625332], [15.70098535827469, 25.91039260248135], [56.055172222796045, 11.079025176273516], [28.1209241782193, 19.53550598825678], [5.574251451345641, 34.72725195113691], [11.971892998239996, 28.54042256390544], [32.082321047433595, 17.969313001915673], [21.846321065425844, 22.442854815918714], [19.59410315459228, 23.626394610637295], [54.52083439356051, 11.440149449172646], [61.16603875623504, 9.989648948121287], [49.7454499936691, 12.591272336234717], [72.23774179482072, 7.960539374753931], [64.87520874177741, 9.264828024125045], [37.405655408130514, 16.10494750296335], [57.66772052367935, 10.720195828864963], [7.416293954420405, 32.59753054243417], [5.005880571425935, 35.4332428546871], [33.47693030435264, 17.457152064663248], [40.54946221679593, 15.141969129864783], [38.86866011654527, 15.647966352564083], [76.03920011886802, 7.371532014989958], [24.297388259108263, 21.263712203635922], [68.5238992662023, 8.6161105935693], [3.581792697036459, 37.5165522925292], [59.575579621220484, 10.385285454958947], [84.67522547627107, 6.284990108417947], [107.82236781915064, 4.581552785990381], [74.10844571577772, 7.661092202383275], [44.93958632506826, 13.838702750086437], [89.14412165235152, 5.8493820500666525], [70.36261709415068, 8.280836339033762], [102.69473395962439, 4.840261529573043], [86.92139940473822, 6.050734030404541], [52.991803711162405, 11.825644081302526], [98.07233928963836, 5.125084400495051], [1.973254351045321, 40.58067007018917], [123.2875539195617, 4.107984254391969], [16.68144389421471, 25.3279796637228], [125.75568733975159, 4.069182723414497], [80.30052048701687, 6.7958120371626745], [130.76203078054405, 4.017612059951113], [4.570092163346817, 36.13245275196057], [78.0932083843183, 7.086132775455846], [51.28522277447176, 12.182782616742184], [2.721765665626358, 39.06896448502199], [17.578781746623292, 24.7483827588447], [82.4820980970041, 6.531634069660068], [133.3510707921052, 4.00444458065836], [100.4153470053491, 4.974250718913174], [128.24349707101788, 4.039135161642882], [25.511669564693975, 20.665005666167545], [1.0148686466131127, 43.13063167957064], [26.778610797125467, 20.105236139960226], [13.771557877157267, 27.202253950175916], [36.1475570118934, 16.539311679159518], [120.9143297321763, 4.154096616006382], [93.52337309909764, 5.46601048794857], [4.0475369066860285, 36.820925779736726], [3.1458200006208923, 38.249599305629346], [23.008229988639677, 21.84441903069795], [105.18494209943465, 4.707492426685255], [91.28121229154974, 5.644634857121044], [42.01045787588493, 14.682904584458166], [43.46888728257832, 14.249101267170559], [95.79025740997761, 5.28548428365382], [0.6092977659565418, 44.93049879699042], [1.604508231172216, 41.4524445811996], [118.28901836733328, 4.215607237963215], [0.5132385198506811, 45.61838727646588], [62.94332805573087, 9.636462702865417], [115.8893567248548, 4.28191606706798], [0.7826832365396527, 44.04264277864692], [1.2930201163202706, 42.31237213517724], [8.610284266321504, 31.439645637755824], [0.06000745591410826, 48.342489782629514], [111.94021595583202, 4.413212176890886], [2.3862261367041757, 39.770389657304634], [109.88120456420447, 4.495562361909872], [113.0333238884551, 4.3740160382860225], [0.14309386590524917, 47.368103040071034], [0.026067092264717324, 49.19925144703147], [0.41256126298195495, 46.50221167367437], [0.0, 50.0], [136.0, 4.0], [94.81509559685642, 5.358273642711902]]",20.32
BNH,MGPSO,23,100,0.419380,0.248203,4682.048672,0.663960,0.357089,93.0000,100.0000,"[[31.00812922560005, 18.378613227493794], [0.0, 50.0], [19.695413580655647, 23.54532388173171], [32.56448366812483, 17.795457254190076], [6.566908553086355, 33.52176271892543], [10.035601273257763, 30.117326096616388], [40.126008010141796, 15.251575141665128], [61.679246323208176, 9.886477415326627], [68.75311987850588, 8.556945141417993], [76.71694937351003, 7.274320256230096], [41.65893570853873, 14.795280426062785], [54.76745299152749, 11.362426095535504], [106.87021834282231, 4.625328954710989], [35.526269413378145, 16.73823843670646], [66.95432641059334, 8.898960413875784], [43.25879028778005, 14.325717476640186], [34.073174355256924, 17.249768345523844], [72.63893303937071, 7.895977189180176], [8.585276389242175, 31.455481965977704], [65.13905203866912, 9.21555471000693], [18.63963075588311, 24.13160604587361], [9.322341690124905, 30.777145328991608], [29.508116593351403, 18.966018767224796], [14.857535160093416, 26.458668532154988], [24.23188204606636, 21.3011113490208], [21.898227940113948, 22.385241497504044], [16.701090380619373, 25.279961446139488], [17.682015342565936, 24.701255483673652], [46.41502011879079, 13.439781202514503], [23.010715713123034, 21.840085888477603], [53.050344624544316, 11.764082199876201], [78.8156667170716, 6.987075940486442], [13.194722038841896, 27.62337253513894], [38.60479136262806, 15.725518834373773], [49.748621961305645, 12.573643092971714], [83.379392971815, 6.428502935885264], [88.13228788360152, 5.931725775917041], [102.11547241377059, 4.873157430226459], [70.70454026549876, 8.220855291137976], [15.835333955005249, 25.88579692018346], [20.732281116247144, 22.990075690258028], [12.372770849213035, 28.23027191551076], [5.967489849175445, 34.228555409475035], [104.50358791881317, 4.742449830265279], [7.201141029008637, 32.82628302161389], [37.050011098764, 16.229470025109876], [97.41039053949328, 5.170206647500791], [1.8539056069218156, 40.83616630957107], [26.726694908117793, 20.153338405461263], [7.87572286386389, 32.12488552856957], [92.77162388983007, 5.519432582740029], [63.4067634819811, 9.557874223483136], [56.541391369502065, 10.972091744820537], [58.27031833483682, 10.596979565731198], [90.46004651932923, 5.716486415628546], [1.5549124821386502, 41.5983605589561], [10.795537354935462, 29.47401064846522], [74.64601725932121, 7.5785438463834405], [85.74615532533761, 6.171061617301976], [13.985593950828573, 27.0531762958302], [133.2741896369289, 4.004708165839073], [81.03750234462314, 6.704382535708308], [95.08249893812646, 5.338054257745112], [2.5501473407042385, 39.34704359605732], [127.94427685876617, 4.042280029134314], [48.09497097305159, 12.98580822466619], [99.78435911452134, 5.013534415079739], [5.428912060021007, 34.882545973489286], [28.059389700912888, 19.568594524377467], [125.15010492952946, 4.077859603203161], [3.8512402843641227, 37.11588974768877], [116.99899426495642, 4.25002793795175], [130.60472061387554, 4.018701136387219], [119.76377975687441, 4.179667707023037], [25.475187142253866, 20.705267414789297], [111.93782373523443, 4.413300413431818], [4.975397675519531, 35.53789287559652], [44.79889682557935, 13.889735030310575], [51.36560722280623, 12.16972091182923], [3.3941849956625743, 37.84839004097], [2.182524534679163, 40.10355236689679], [11.574747415461932, 28.863554433982266], [59.95614241495857, 10.239891804919122], [1.382586557611674, 42.18504369157748], [0.31519718354510284, 46.12086809725267], [114.45398161916238, 4.326369279029629], [0.6867975448543266, 44.45178031376702], [0.8511157125574003, 43.69941297497804], [0.10046311924565673, 47.79706154627475], [1.1289716310393816, 42.93717491697788], [0.2053820797650167, 46.918542925165156], [122.43184499994545, 4.124257106775514], [4.512419494560805, 36.298710112635284], [3.026026036341233, 38.60109306841751], [0.4704107991816144, 45.27804121923249], [109.0045452360439, 4.5297876540223605], [136.0, 4.0], [0.027651397943781568, 48.83476457669111], [0.0, 50.0], [136.0, 4.0]]",20.89
BNH,MGPSO,24,100,0.415011,0.255759,6230.864416,0.616026,0.334931,90.0000,100.0000,"[[0.0, 50.0], [88.4569216138942, 5.900655043570808], [49.01442500045737, 12.749365224826152], [101.94174997115655, 4.8831746336957575], [24.455214054408398, 21.151568077352344], [95.1135812931488, 5.335716796307319], [42.98872291556492, 14.389389602099367], [17.85267613405317, 24.588115385111955], [71.91405330908042, 8.014345847978937], [47.498109698620866, 13.148361165824632], [25.810990588076226, 20.58154624497559], [39.88504708834495, 15.325488684549732], [82.04738522502794, 6.582734460738564], [32.48594481160937, 17.83145371070124], [79.96242355321097, 6.83852316594163], [90.64260798213084, 5.700332738885711], [33.817148331591056, 17.335919577341848], [64.38865559599982, 9.360623462783625], [15.87294218935391, 25.797269708464682], [84.14646377495768, 6.342789484642379], [75.87500803546092, 7.395421476808226], [4.9458304541118085, 35.51479846419308], [52.007085255838874, 12.016911615496232], [28.409293972166374, 19.420221581559545], [16.868606054955897, 25.175293054124076], [6.7890534106265985, 33.273314958796945], [27.040864655647972, 19.990130258804648], [55.29140299248374, 11.257619937382938], [57.024926033533276, 10.863669582830235], [50.524136606542264, 12.377727281907497], [53.525378695116146, 11.64995767915412], [11.32594095097012, 29.034682884341258], [8.991413627349184, 31.055149681438188], [29.751288544600285, 18.87046183502582], [99.63180389161728, 5.023178223264239], [92.87808260757971, 5.510740968782763], [12.158976475291706, 28.387798926081487], [60.63685049566557, 10.099828289084046], [14.91996323238046, 26.42637042527336], [97.35757309865775, 5.173855777185308], [23.24614375666501, 21.723122319309148], [41.43440326495402, 14.859534860393497], [13.969045034771042, 27.067155510743298], [3.9368980592328597, 36.9639830535298], [6.142073978464815, 34.01325649598573], [38.33370424598458, 15.81013267583418], [31.14910168490553, 18.326123876524942], [66.2879887763633, 9.001208724478296], [73.85717974086808, 7.700200709615287], [70.0407614926961, 8.337959787951327], [68.21671587468762, 8.661438575374643], [7.537748877170115, 32.52118983661796], [104.31582512243887, 4.752262388393131], [122.28499255797931, 4.126390362239413], [109.19693347243587, 4.521630153215116], [3.068879510447596, 38.39480021308426], [58.78786728446417, 10.4808421248129], [21.19435982252173, 22.759813743901745], [86.28772243136353, 6.11501223096994], [13.021692782878038, 27.74877928986278], [1.9325849151607382, 40.75963515439808], [44.44118430917423, 13.983267536915477], [45.98169644962935, 13.55206172682994], [4.424503203958027, 36.239749496669006], [114.38169788043106, 4.328705063641958], [106.73781739615107, 4.631565804922552], [2.2668042496910634, 39.94559870865454], [22.229029331588134, 22.221407426923363], [2.6455829323337436, 39.16014117638403], [0.15380885829006885, 47.266801453374285], [5.522635883846096, 34.76763530228453], [0.2760578118510225, 46.39623610987809], [0.42644481185381866, 45.50876817875111], [62.512902661508534, 9.724742347259628], [9.737294947929684, 30.370420886763142], [37.05118374529577, 16.223147926283787], [3.5164855779371424, 37.62354668307645], [127.80258442170216, 4.043813497304243], [111.76770441193909, 4.419602976817929], [130.47450336811124, 4.019628072497819], [8.296696860910302, 31.750449546040855], [117.05231684197582, 4.248549100212947], [20.331015999131164, 23.356415911983355], [133.20969434793514, 4.0049352260299536], [10.589414116502086, 29.640667588729343], [0.07882070189359014, 48.1498015094959], [125.09889462619556, 4.078618248847197], [1.0899666195495075, 42.904372962848996], [77.93807283488489, 7.104712451550252], [1.3141153710210542, 42.24614291044783], [119.42094629543814, 4.187702620448459], [35.40681038047025, 16.77671812211846], [0.023563278647746513, 48.938755077465494], [19.224611243397717, 23.90496142617929], [0.63180897001944, 44.54743446844802], [1.7348500818481691, 41.56706280495139], [0.9945191262559308, 43.807813000481346], [0.0, 50.0], [136.0, 4.0], [65.91149028365888, 9.283755950713985]]",21.13
BNH,MGPSO,25,100,0.419967,0.201701,6446.251703,0.642140,0.353240,88.0000,100.0000,"[[0.0, 50.0], [10.960637248197113, 29.349786070841084], [63.08124757895449, 9.609449694724162], [12.573444101134758, 28.07030400113608], [26.088334836314363, 20.406423425986077], [24.704699951293343, 21.03026725872796], [37.63840353757778, 16.078698292444216], [5.782586854117845, 34.44517369840794], [4.738987125206286, 35.792468147848325], [5.244131023402572, 35.124755438632775], [6.355822459934574, 33.77146496415648], [61.141344420894555, 9.994892257983901], [57.41523803004056, 10.789462060510477], [52.06089147850599, 11.995202497076761], [55.57618293192026, 11.179673815652913], [115.45265646233719, 4.295054310944503], [117.86322632676125, 4.2266569635881694], [48.59567574259749, 12.85632825730795], [66.84874759415123, 8.908259791261072], [50.34363625082079, 12.425593694438664], [64.9785429118652, 9.251510060293786], [14.291686304662294, 26.843401294107668], [6.941180720760771, 33.1065476823882], [7.545050678289966, 32.473928450097475], [3.795487245747151, 37.182147253303484], [76.72373212218582, 7.27335864679479], [11.743500606522382, 28.709187385761147], [1.5969660898944507, 41.46516519932422], [10.23042254873365, 29.94741015938567], [39.15962797913479, 15.551508156974306], [91.9114202815575, 5.590885321037697], [40.688490114269534, 15.068793300450452], [2.2308190115241753, 40.031774063116266], [2.5711228803273416, 39.3073410479027], [18.43415642430797, 24.26562567551307], [78.71085472633905, 7.000942602445436], [46.93235986309256, 13.316780372088694], [4.25942493844372, 36.471500865315086], [30.23154498491225, 18.70138006462684], [74.65061530487532, 7.577844310606821], [1.0810138901440027, 42.918388747132084], [3.364550330467903, 37.878872515082115], [108.1810969410577, 4.565544674844169], [72.64324545416287, 7.8939790820800155], [98.75766630764804, 5.079548391178282], [1.8947267917649486, 40.746557121175414], [23.420361117953988, 21.648540741997735], [8.219546868817645, 31.807893892637253], [2.9644475499016867, 38.58887365838598], [27.321152826846593, 19.881831115014055], [127.93742270407132, 4.042353552600175], [96.44783303485946, 5.237856007068121], [113.05029793414678, 4.3734249320396925], [120.30944124519212, 4.167273934448302], [125.35986722361228, 4.07479272825572], [19.650628603129434, 23.56813651530106], [22.129305135227852, 22.271955391500935], [101.08423422755808, 4.933658347047636], [103.43684836691516, 4.799241205561823], [89.67652703066348, 5.786998653428178], [1.3291858279918765, 42.19218823653531], [28.964289838640962, 19.30846268843562], [53.763753409040106, 11.593834772608329], [13.434955537561764, 27.441950643246994], [0.34031614513410946, 45.96018271983807], [45.253631589690244, 13.746063467625728], [105.79141618820205, 4.677225553992724], [59.19784466835294, 10.394749209529476], [94.1844034480242, 5.4067499734473285], [20.871924974394005, 22.950917245436038], [42.23883546603322, 14.610097811731109], [16.256231016322165, 25.5603770157898], [15.284450067774088, 26.18603145987999], [85.10042363230261, 6.239258682590078], [82.89934949246998, 6.483287505861933], [122.8217759383155, 4.116342271217976], [9.537733469668217, 30.54699300055364], [110.59123930393031, 4.464699903256334], [8.880288806767533, 31.148426338915854], [0.4903812251113546, 45.171538192287784], [17.450843100349807, 24.936120344470908], [35.84624728502557, 16.63447435622882], [80.78731111622676, 6.735166464865054], [31.738545622623207, 18.09855458843059], [0.6699742435922456, 44.40356487656443], [43.71392206930961, 14.193959463976714], [0.22199283724628216, 46.72468496658931], [0.11880862156490571, 47.603206357088], [70.95062935833957, 8.178128690459086], [0.8434809822788962, 43.71671634002776], [87.2997116708338, 6.013019398741677], [34.44295241751956, 17.11949300241355], [0.03676699233428969, 48.653833927112395], [68.65506631433382, 8.591529650695108], [33.004101525711164, 17.639203520974746], [0.0, 50.0], [132.94322512001673, 4.005930919605206], [136.0, 4.0], [130.42742520770906, 4.019968871338274], [136.0, 4.0]]",20.71
BNH,MGPSO,26,100,0.419058,0.266783,5072.073550,0.657565,0.360375,96.0000,100.0000,"[[0.0, 50.0], [32.73154571668432, 17.73724241100819], [35.33620430975455, 16.80072311923135], [80.84099511511232, 6.728539176701187], [42.92421939193472, 14.419151793573644], [27.975793641093816, 19.596195558942945], [26.967923281950476, 20.069955288342484], [60.3976556270113, 10.158677327726236], [14.962474545508275, 26.393735742731998], [29.197889161673928, 19.10879651881741], [68.99188258031174, 8.523246276406026], [31.536570493414793, 18.199492276454933], [8.706607144806657, 31.323374003713685], [23.607734447522702, 21.56760374791996], [20.17742695516357, 23.297519806312046], [30.303146266523484, 18.65836989925371], [56.860173073829934, 10.90139084166777], [10.326017861747758, 29.87107918710216], [14.0312658209254, 27.02515177353724], [21.324629023131862, 22.69356315869252], [65.47135197362488, 9.176940436917524], [36.70072658675744, 16.340656467284287], [19.099374262939946, 23.9205824653525], [67.1343958183745, 8.846628949075724], [89.48382402041491, 5.804638163265006], [63.780044268898315, 9.477118986976475], [51.666876402485514, 12.099088976539885], [34.008531338819495, 17.267912105625523], [22.447801117983676, 22.14496411760988], [58.57988284208166, 10.524807858213848], [70.79628176706859, 8.204883825135138], [9.498055249576197, 30.590859057970768], [7.982649202000598, 32.059450664786795], [76.6595842738734, 7.28246192603131], [7.2695202315437335, 32.76389581501566], [39.70907768875356, 15.379057372329877], [49.89774291586916, 12.541566808934432], [46.44422849427143, 13.4360842437524], [4.79607907211157, 35.71426010473242], [1.2354776897834323, 42.45629935734256], [48.165662231296295, 12.96794280550372], [16.96370303383103, 25.12897819761028], [25.836519625976557, 20.530923063122174], [24.706948804906858, 21.0292504578848], [5.390218968064936, 34.94973088960661], [0.9720396437550589, 43.272735450721925], [85.05688934492672, 6.243910606848575], [0.14583700011877432, 47.33796646750955], [74.5922920840044, 7.586725624274891], [0.2507153724502559, 46.532315011851004], [6.010053610558849, 34.22930322344695], [53.58872012471617, 11.635764361284195], [91.82017753499554, 5.5985932892606876], [44.63666021162679, 13.920315458903627], [122.39094428299674, 4.124371580162553], [0.06660220945886874, 48.19652441233754], [72.66960578028707, 7.889684481813513], [1.8410270965296223, 40.86784508040354], [82.95434190035616, 6.47696631444656], [3.80991188553806, 37.15536046635824], [0.3834249260675805, 45.71771675328052], [87.20875778514556, 6.0220420929196194], [4.274675106590855, 36.452415378941566], [119.77346509012519, 4.179443503027263], [96.71531231040095, 5.218812577603016], [55.431695825868744, 11.280069700570584], [38.35439715285532, 15.869161980858468], [127.68447365785384, 4.0451135535067975], [0.01678586582897287, 49.08822271750205], [0.563656841963041, 44.88533742607545], [117.19309464178114, 4.244668188246631], [6.602599932189919, 33.48312420182285], [2.1734709875634497, 40.120312881763965], [62.08625264129904, 9.80615107308034], [130.450732772526, 4.019799770626616], [104.22736026160025, 4.756912625512153], [2.5427333138019197, 39.384068312976005], [2.9439840183232304, 38.66422701888611], [41.28147951662143, 14.901002609325316], [18.054731761448473, 24.529487577644932], [109.48829579136778, 4.511135248285142], [124.97139468304245, 4.080524013508387], [16.06972326948034, 25.772186975212662], [1.5633570358149318, 41.66443837164687], [94.20223937614506, 5.405363758505043], [133.2466207027647, 4.004804560699372], [3.4437753998519898, 37.909579635914106], [13.067145774022588, 27.720045433695397], [99.19565599196724, 5.051066260042765], [78.72534112535106, 6.9990231211833605], [106.85150236024596, 4.626208354389942], [112.04012350517004, 4.409536754903805], [114.62882892963617, 4.320758082292112], [101.71022995619089, 4.896634122995819], [12.272482509588967, 28.507236967182457], [11.346177480838595, 29.018343537204256], [136.0, 4.0], [0.7836396947907809, 43.96906233016273], [0.0, 50.0], [136.0, 4.0]]",20.85
BNH,MGPSO,27,100,0.413532,0.224095,4093.218295,0.638907,0.352600,94.0000,100.0000,"[[0.0, 50.0], [55.46577848625563, 11.221197221845022], [53.70092578366054, 11.613392542528807], [60.53400086153441, 10.119506573095496], [73.54324132869559, 7.74954043491993], [23.206855408904865, 21.761029092129675], [25.28955512028867, 20.76947785603696], [40.21501465834055, 15.216732709884685], [58.81559526114427, 10.475000624627617], [35.644959126322625, 16.69527456760158], [14.03507310128505, 27.022289944760274], [28.786546126573228, 19.263116858435218], [13.150984436025286, 27.653940585477606], [77.47346000193548, 7.16841934760447], [64.16974079186065, 9.411265376135132], [57.1475870463601, 10.832550956631941], [22.005916262192837, 22.331126218932262], [27.555737000602054, 19.780621549573496], [41.7716876460819, 14.752456406102663], [112.36443909900045, 4.397735248684822], [38.69216309626267, 15.700661778962981], [6.430547869175298, 33.67689722961789], [32.761565809924065, 17.71721565350105], [62.39137078912496, 9.744903448223308], [34.20770831103289, 17.20171422033558], [12.26439002612422, 28.303371432685577], [83.67387280509016, 6.395333637226157], [114.88845404268322, 4.312527258746767], [87.97817453331228, 5.946598291980154], [2.914691442661593, 38.68780377370282], [92.58046286590597, 5.535122740571149], [8.363222568895287, 31.641860056946946], [50.16451179850354, 12.472798199039149], [69.65187840088277, 8.40785005173289], [5.269361453244505, 35.087037482154], [97.39952689766595, 5.170956618670557], [51.97471723116172, 12.017729189922754], [43.37976374627094, 14.286318175950825], [31.421301717436727, 18.219208454763013], [48.38487292873501, 12.911353064627544], [26.382253984956236, 20.283994584878194], [4.759410126514837, 35.8125059115723], [16.889810120538378, 25.183570095984813], [3.297296469334582, 37.98452602231943], [30.086402976085566, 18.738118710949898], [90.25948387507424, 5.734352415850303], [7.706796830564911, 32.320441905185206], [46.7104585097122, 13.35299099983699], [3.7302894165432736, 37.288207647307445], [11.459248412158072, 28.93925309810815], [133.28393871710918, 4.004674315182441], [1.2087756840278048, 42.55175076072531], [2.5212445038716425, 39.40264427566972], [14.969082234555524, 26.433622177100627], [67.8412590762778, 8.746284980559178], [19.91537507132484, 23.42311507181234], [18.820759421605622, 24.03998576961287], [37.15884556988139, 16.191425676541492], [17.923113476550835, 24.61976143556423], [45.268020144282, 13.900965568309235], [2.1608239839364636, 40.16860204043194], [125.37531335739529, 4.074569471297144], [9.763095570160104, 30.35787614473794], [24.266362275677725, 21.25371123562131], [94.95988240043704, 5.347301247602316], [75.50131907105963, 7.450292348909052], [0.9452790464404668, 43.37034073739807], [9.076266557983306, 31.00271471821949], [109.77603738278331, 4.497520146116512], [15.99539691045673, 25.814048248838077], [5.854353795228478, 34.37859514555696], [65.90041310256412, 9.079596282999937], [120.05872563112185, 4.172908527818171], [107.17091489850378, 4.611300673141077], [85.85780912288615, 6.159421080166654], [10.603303552475321, 29.626473792825756], [20.95316108811906, 22.909434593006814], [122.71173483778486, 4.118365724502223], [0.34129252371261243, 45.95741652931632], [0.20343361717382508, 46.86246272556757], [4.244837521830435, 36.49301679197116], [1.828470172632851, 40.949739499144556], [1.5083315944078337, 41.7609947054178], [71.5582101123712, 8.074199892088643], [117.46647941101001, 4.2372282628445985], [81.56605128598626, 6.640197556019036], [0.5127385130099766, 45.08533278009304], [79.50690585111006, 6.896844014870707], [7.077189493842438, 33.00113959692207], [0.7290969740202371, 44.16842876464473], [0.026463854424485907, 48.88148259712639], [127.95177013618002, 4.042199726111572], [102.17695362098985, 4.869629119788478], [0.09735127146773488, 47.829869251564475], [99.74938250000146, 5.015740415539705], [130.58260940657576, 4.018856907522866], [136.0, 4.0], [104.62971422744457, 4.735902079845424], [0.0, 50.0], [136.0, 4.0]]",20.79
BNH,MGPSO,28,100,0.437062,0.370840,6470.833993,0.630653,0.332258,86.0000,100.0000,"[[0.0, 50.0], [136.0, 4.0], [32.746454759330696, 17.729132279164336], [31.265007527842172, 18.280147430847038], [15.697008642184517, 25.910234984728397], [10.944744587960745, 29.34382051125334], [40.334465206053586, 15.178085300120488], [41.863940780086565, 14.715986705813407], [38.79859965244715, 15.658045807029275], [14.642684495387547, 26.602692186075117], [24.77345202570185, 21.01370374816358], [37.23678934068338, 16.165613920378366], [72.70823093463684, 7.883398770669595], [114.2398179482805, 4.333317166253924], [35.6867025544799, 16.688385254086334], [116.535201006532, 4.263096834332976], [70.75198279140929, 8.212589512606424], [21.15963825350896, 22.763285401988206], [28.500663311984926, 19.38548323422045], [50.12782616299151, 12.476624268661396], [23.506292506700476, 21.5937737660043], [79.37211543919231, 6.914274161513362], [27.196613763829767, 19.92334329530297], [51.7378139597249, 12.07297192734338], [68.81331317006095, 8.549474491637525], [18.928015872190315, 23.974796843532094], [13.693458565002953, 27.288100284527335], [5.834087608243694, 34.37950842352062], [2.1914380992824243, 40.09400824866714], [63.295586673435196, 9.568462352318527], [53.37297006904456, 11.69540874599339], [66.9782919907251, 8.884166430036636], [105.04996542111654, 4.714336937448329], [111.92492650587808, 4.413776311212101], [8.572431747549405, 31.47836080950185], [25.986559550304513, 20.45045710195771], [29.920660625931895, 18.843208192077512], [54.921210739469025, 11.338736186621], [2.526962612302722, 39.400465596111765], [118.85400094441043, 4.201413669891861], [123.60908493441848, 4.102408804742054], [46.7603312860076, 13.351115351181873], [126.03793227380514, 4.065323187122071], [7.849303398588676, 32.16566436512306], [9.34744600096258, 30.78023546289831], [1.8682136142666135, 40.810290035072015], [43.452261696616944, 14.252793387296048], [86.49238036808865, 6.094099761416256], [65.15655014115993, 9.227322687389593], [45.0881223019793, 13.792543793869825], [58.121881138059656, 10.622712152172184], [102.77618217360268, 4.8356981179348795], [121.22137137338433, 4.147631847948919], [59.81248179353287, 10.273702528173155], [88.87546167120962, 5.861107761694946], [84.06639888963213, 6.351632215704622], [128.48698994961813, 4.036669253710732], [1.5773996080773984, 41.54199443788963], [7.1487546511784625, 32.88799630681352], [109.60473060992754, 4.504582959170662], [17.870525696124787, 24.583014211572262], [81.69425683271567, 6.6248006092261935], [34.224668034905825, 17.189438119221425], [100.5065971801964, 4.968649724541233], [48.45136346212908, 12.896271313678312], [74.84997861801816, 7.547619146162556], [98.20879330706336, 5.115922733391356], [16.7802340230998, 25.241835224151966], [77.10288994389941, 7.219954696113926], [5.268097324286182, 35.08808779540689], [107.32284217836595, 4.604284524157924], [0.019560875217789958, 49.02009723268526], [0.840867420683773, 43.728859740697146], [56.49203364875632, 10.977039316472128], [22.320321929448173, 22.184133892589408], [6.4804101674394445, 33.62044130530324], [130.95481774772963, 4.016323094337496], [3.29389834384504, 37.99033200481867], [4.240470848992128, 36.545997118541194], [12.739504280323484, 27.958928089640565], [4.832477392540323, 35.83214447689268], [1.0831015955602665, 42.99264017263474], [0.4431455577802531, 45.40380344006326], [1.3809683211254058, 42.26913895674731], [2.887368199840866, 38.709025913357294], [95.9664479396348, 5.272608918057017], [20.05721714819537, 23.35208671866424], [10.11332619141599, 30.04265953337439], [0.2892362497212885, 46.27436443154116], [0.07609968911449418, 48.06863200186801], [0.6186377370585626, 44.60357977775766], [93.61004202173542, 5.451870846221449], [3.8039899528764387, 37.26303444835068], [91.2473827135226, 5.647554109213548], [0.18812709138887745, 47.15704442682035], [11.828404912976168, 28.6430046312544], [133.46506789425894, 4.004067900220429], [0.0, 50.0], [61.539757431739446, 9.91436412785868], [136.0, 4.0]]",21.10
BNH,MGPSO,29,100,0.420296,0.324866,6111.761456,0.609509,0.332401,90.0000,100.0000,"[[0.0, 50.0], [30.240232060689856, 18.69424817946426], [11.748374366279695, 28.70044178076563], [37.13853840043644, 16.203980893611618], [16.18474247301301, 25.641131281645656], [31.523410842504482, 18.18671502949623], [14.321291563397143, 26.833150025052227], [90.90139421768049, 5.677611033189326], [26.561288509896798, 20.197922498890463], [102.10391616989467, 4.873821605907441], [78.51522389215017, 7.026956373609074], [32.88350416140996, 17.672883827871154], [82.40368944134913, 6.540795583800936], [18.082100695035024, 24.46029042765646], [97.48982825323593, 5.164731978437019], [13.410583028233745, 27.45966987860062], [63.39891905617861, 9.548968550655959], [35.76104254630306, 16.65511720829684], [24.374520599959467, 21.184022226119616], [56.50206606135292, 10.976013516900416], [99.77712911169074, 5.013990170397745], [93.09939049167929, 5.492778300396179], [61.6350110504805, 9.900975053902695], [40.13781316531846, 15.237782826314643], [21.12803277931456, 22.79911442793913], [19.090853051455404, 23.89466508361167], [58.18579773132443, 10.615326348530187], [65.2026130700562, 9.213165012933256], [59.93185886774784, 10.242521565374357], [8.74950377508548, 31.32158051261604], [28.960483443071933, 19.1958067081696], [9.444534326118195, 30.630482927008135], [15.224828338796884, 26.21864509044789], [74.76426393853998, 7.560588981166198], [54.82076146407424, 11.360606857070426], [46.66010427789762, 13.40915136371705], [10.994017586387386, 29.35061974443935], [20.10178235748361, 23.341750769341964], [95.2736048291119, 5.323724682753217], [34.31705092569764, 17.15735972514593], [86.56688040406635, 6.086523432995486], [4.637786702887119, 35.9327515065851], [27.728903032324887, 19.697228263864893], [106.82468396690756, 4.627469738329239], [10.195944568922368, 29.97488677133876], [38.58621152674125, 15.734335493046562], [49.85134556529556, 12.539120040163235], [109.27581772759498, 4.518306735983272], [53.13333265660363, 11.74162409114531], [3.103991154574432, 38.32187924623595], [44.99906832618849, 13.817018726811721], [104.4493823901876, 4.7452746382115025], [48.20952757784733, 12.959791043399154], [80.43847563600212, 6.778523953988129], [116.70757625823934, 4.258196326802749], [84.46756986569326, 6.307565459968112], [4.0777634907101055, 36.76663774543148], [6.554049986210528, 33.538835052717616], [25.47654724111532, 20.69566096324223], [7.238758877524576, 32.785094399284915], [12.567361702806165, 28.078720824932084], [22.214316346306866, 22.24710014327468], [23.30449612179556, 21.712824832758624], [114.20793648721956, 4.334358539007152], [5.24688029868118, 35.130975105698596], [51.458078065420565, 12.140766099353733], [119.25939219828567, 4.191555698436326], [17.120114979937718, 25.048240140016414], [88.71974428904659, 5.875754395405677], [0.9307663829873681, 43.46994956320557], [43.475970956477724, 14.312687020495499], [41.815799022877584, 14.732806759021834], [1.1987658962464738, 42.587539576682346], [124.55400254910079, 4.086932504772751], [111.71527847903123, 4.4215562953911425], [1.9183734857772257, 40.72975369735373], [2.3169289623283653, 39.81611290255805], [68.89467822284787, 8.532049910897424], [121.9101255001614, 4.1336737722896375], [70.89632964114153, 8.187524705831427], [0.1834252804689005, 47.0231480153508], [76.65155023731373, 7.283603440439512], [0.31766633825136525, 46.09566374349214], [127.07325823626682, 4.052159476048223], [0.5000710105502334, 45.170427409981386], [72.78421403377638, 7.871058028734463], [67.16347022485462, 8.878741954221866], [5.8767464054375225, 34.327705847234334], [2.7560750608264155, 38.95003629033059], [0.7032779535241248, 44.27186946903755], [7.958149174519448, 32.04345657555525], [132.93167528915924, 4.00597617673258], [1.549275600541606, 41.65371204595681], [3.5680501009218135, 37.535324941755306], [0.011980344350624063, 49.26030629342044], [129.96174589066413, 4.0235029275509335], [136.0, 4.0], [0.05634980995278804, 48.35306924326552], [0.0, 50.0], [136.0, 4.0]]",20.68
BNH,MGPSO,30,100,0.421246,0.301646,5408.401858,0.594891,0.337296,93.0000,100.0000,"[[0.0, 50.0], [50.3981134140985, 12.404060499052093], [16.419976002410053, 25.46510784081517], [15.506910677629406, 26.03531577414197], [35.23311825667503, 16.837742907912506], [20.660079073148395, 23.04480575388201], [112.18320494234044, 4.4043058033876585], [38.09296375125583, 15.888829021797182], [40.800089367715174, 15.03446468938266], [18.39843654686875, 24.27154353636991], [21.75959263406665, 22.46590048077112], [36.62759313391802, 16.364603378867052], [117.1437267229745, 4.246025285699213], [23.953681126998006, 21.390163417840455], [102.59393860419213, 4.845930011604153], [91.31251235376516, 5.64193698416], [39.44627706858735, 15.453131167088296], [6.600156469630017, 33.52913515430839], [5.966155747490907, 34.223824871613246], [13.697644087844822, 27.27262139056139], [46.99141506376894, 13.282339221352334], [27.443685078697243, 19.8197782277271], [25.015231448492884, 20.892636562905736], [4.812301279697717, 35.69233408131974], [100.24515035561025, 4.984751325269995], [5.368067363515801, 34.9591430787699], [97.9656628595832, 5.132279907696222], [3.7651002476893924, 37.22181093885733], [43.77491569286163, 14.159775298623545], [9.379671708669887, 30.69062914667449], [48.798717754538046, 12.850261443816542], [42.238697605941894, 14.609197928127042], [4.277369124659253, 36.457888451988154], [122.29172964972261, 4.126261474213075], [45.401521078775495, 13.725254755414449], [87.06279896959688, 6.03658032643933], [89.16486765885591, 5.834095642301398], [83.13311612022295, 6.456497896288275], [107.34107723766844, 4.603445634116146], [3.3492974417453714, 37.97731689852271], [17.41961855127721, 24.875776163814816], [7.219776634675826, 32.8060141738123], [109.73976854274082, 4.499010638062837], [33.95161530008946, 17.309952844632175], [85.03878717093323, 6.245846971936241], [19.492871308634065, 23.654962084191386], [14.590517821028477, 26.665003674229993], [79.36318989701942, 6.915431152443254], [63.41262526030374, 9.545809454909746], [10.172059361148035, 30.008972361812194], [95.70129403166925, 5.292017271047923], [11.001882336893791, 29.303551510835845], [114.65456026673179, 4.319936943597988], [54.34888826160106, 11.557631576718798], [32.65782009531467, 17.86976716626701], [77.39987574655532, 7.178601330273646], [124.92231477150978, 4.081264071265558], [93.49413426757904, 5.461090270669759], [81.21503960059445, 6.682695223150931], [75.46088174185016, 7.4562719725443], [119.70319659088841, 4.181073607259951], [7.902221610925382, 32.10593116714404], [8.634207661495735, 31.39401564865956], [52.351413860479894, 11.989492553766674], [57.782587808672616, 10.716192760273936], [28.718660368738753, 19.28689476904304], [31.256552179048406, 18.302657302750102], [56.1110329868432, 11.18956397714161], [73.50379594080454, 7.755777553282053], [127.5441350162562, 4.046684099136622], [22.85345239048678, 21.917484680461214], [67.71386498724326, 8.80702604435193], [61.33196597630908, 9.961168785392234], [2.3999445101261117, 39.68024881707413], [26.298515077398406, 20.35137147078469], [1.6529916728700442, 41.35839481401196], [130.3810624167951, 4.0203074424064225], [11.853183199797304, 28.623324807081424], [104.95489701872786, 4.7191815612924275], [2.8514896849384677, 38.77474106457889], [0.3025966733884076, 46.18954946471577], [59.373369322552485, 10.377994745339826], [29.93947690466829, 18.794152048511947], [71.54557278306845, 8.076339194193897], [69.49952957703084, 8.441106790695732], [65.60596517354142, 9.189368520972026], [2.071554397270982, 40.52701535869844], [133.14408847793646, 4.005171762084523], [1.4165317880108876, 41.93831597482105], [1.135286563929733, 42.75210333459251], [0.6556344231564345, 44.43849626746486], [12.754234759961856, 27.94340813943105], [0.9050790405782574, 43.50028333051809], [0.04714625179014123, 48.49456251783448], [0.012637140306704889, 49.441084105347464], [0.5528827653553663, 45.267818044990115], [0.1837474482842779, 47.535756118584274], [0.0, 50.0], [136.0, 4.0], [60.43730179175506, 10.224558890320335]]",21.06
