problem_name,solver_name,run_id,final_archive_size           [archive solutions at the last iteration],final_igd                    [IGD of the final archive],final_gd                     [GD of the final archive],final_hypervolume            [hypervolume of the final archive],final_spacing                [spacing of the final archive],final_spread                 [spread of the final archive],final_feasibility_pct        [% feasible in population at the last iteration],final_front_feasibility_pct  [% of returned front members satisfying all constraints],final_feasible_front         [objective vectors of FEASIBLE front members only; for honest cross-algorithm HV],run_time_s
BNH,CCPSO_strict,1,100,0.408523,0.217967,5633.107796,0.583329,0.317630,92.0000,100.0000,"[[0.0, 50.0], [9.665739131167207, 30.43389452405078], [38.05253791220952, 15.894027081377672], [85.46167034905949, 6.200921874593445], [27.61911429095178, 19.753910838965027], [45.89310161748891, 13.579853714748573], [39.42200589709367, 15.488360780286328], [54.06177363882787, 11.53309166986729], [55.74146795592777, 11.1435817470151], [81.30677955383265, 6.671539431295045], [22.481322924311435, 22.109481125071333], [8.90872307650498, 31.12190489479751], [79.33240989903109, 6.919423745758531], [23.694899202342256, 21.5052880351263], [69.86013437047583, 8.37030281087953], [87.6689728472592, 5.976676700121081], [49.21970823187764, 12.709368182261686], [75.44551345257725, 7.458546702377934], [77.36112381610047, 7.183973712637593], [35.428251412523366, 16.78957112661809], [71.69441052962651, 8.051202942380673], [125.72340521547794, 4.069631615321044], [89.91299540792073, 5.765514205838413], [44.14272458665991, 14.076784126532615], [13.007837080457906, 27.793290696538634], [68.24983821290358, 8.66798904711169], [110.9912300142843, 4.449069065169576], [24.961112541381116, 20.916909246049723], [5.714949271036225, 34.54875796932032], [28.900476045004474, 19.23713253283154], [36.88234046265024, 16.370639303884868], [50.79337423402653, 12.322562837046933], [14.820524899492337, 26.513966977697358], [108.62273310406412, 4.546196919083692], [57.547487080104325, 10.786546463000011], [4.12084228408612, 36.721452577374485], [94.40567861167509, 5.389615648241406], [96.60720096368993, 5.226486830594643], [21.218144803923344, 22.734591010039242], [63.09029888270827, 9.629859370414504], [42.48191875231775, 14.53358185604062], [32.675472244971864, 17.757227001317787], [10.44907424911632, 29.768214106651456], [16.869957318734322, 25.177954489544753], [33.978169430124815, 17.28121695412743], [31.40284780322176, 18.22813820078093], [26.2903681967705, 20.337440096405892], [13.864163183544736, 27.143387750786566], [30.130613555463675, 18.719925371189134], [6.289841623614995, 33.842076505252074], [61.34740120160632, 10.067987668661939], [2.2931076108742765, 39.931930124639194], [15.895429268431826, 25.87841132347614], [83.35611316747134, 6.431139237367798], [115.92950084257673, 4.280725117337579], [17.966123903791562, 24.55071057000641], [20.086382271160456, 23.330601367721165], [1.5717164643409838, 41.52806616512229], [47.58645515560558, 13.11832252053658], [2.651304772471872, 39.150648640924274], [106.17344871722311, 4.658650353925732], [18.99681455593548, 23.929785222791875], [59.322985000432766, 10.392730476780368], [4.610244556484327, 35.98729222996626], [101.3282773353196, 4.919114314640942], [6.924810459348016, 33.14235648062669], [92.12538250772184, 5.5729078232386735], [8.219993902498176, 31.800690729317978], [66.56140049051922, 8.9777846584951], [11.33699714726989, 29.12747232596054], [12.137944592243123, 28.433899179989865], [52.46057398079252, 11.922141155727491], [98.76950480992855, 5.0787722229372605], [1.9488195211657646, 40.71755488534128], [118.3983198198172, 4.212819820577777], [130.8674372842496, 4.0169010859033065], [133.3637118154792, 4.004401977804359], [113.56912011159616, 4.355613455712811], [103.667892423695, 4.786724983740303], [3.6690023632743545, 37.38438461838422], [73.56424804109929, 7.746222297405019], [64.77809847823792, 9.296096870234079], [7.58460738631193, 32.480469299965506], [123.2781263288838, 4.108150118790702], [0.08276010915508755, 48.01226234775611], [5.145399232512192, 35.25228512597208], [128.29027506085907, 4.038654948813373], [0.8049649930422627, 44.19035906496298], [3.2771766921815613, 38.02976664110399], [40.946462020348335, 15.027024281064808], [120.84221361091505, 4.155636832693851], [1.4441806811482658, 41.9578212732945], [0.028569352206350627, 48.87688103984716], [0.1673543124176033, 47.17998085776966], [0.5736899093282838, 44.99974528518209], [0.5058857376646831, 46.09327184860039], [1.2147334507510987, 43.12370042710106], [0.0, 50.0], [136.0, 4.0], [61.81736147279781, 9.86600862960892]]",22.17
BNH,CCPSO_strict,2,100,0.427884,0.247784,5819.510070,0.633738,0.351802,92.0000,100.0000,"[[0.0, 50.0], [20.73727680356702, 23.010039994793203], [51.93747523614466, 12.032851366075219], [39.16311294108513, 15.54011278777623], [19.745663480021886, 23.528657480262595], [37.6093535058047, 16.052929257710023], [14.927317321174554, 26.413488023955818], [34.393404276009235, 17.14712754298529], [40.75242872889976, 15.05879625162973], [11.284095532974783, 29.068088245487353], [32.8789587603485, 17.67924606435667], [13.961143486844438, 27.07037854592807], [8.910304427980668, 31.12945984731591], [93.8772690616972, 5.430761476035686], [85.19807209838746, 6.2288493332290535], [9.676124766843824, 30.42673534331019], [13.032140069136155, 27.73810555584411], [12.134896885708955, 28.402539285252672], [96.17441171434453, 5.257519176051728], [3.659835357548899, 37.389150746838325], [42.374188941043194, 14.577157924096378], [127.94788947941825, 4.04224130391306], [87.30235561916619, 6.012757538378269], [98.46172747200015, 5.0990658053165445], [46.88780820459061, 13.304458353514594], [130.60406888410927, 4.018705718254474], [6.176233826642034, 33.971248794087806], [5.070918787816379, 35.34573963663198], [100.7619190841815, 4.953084513591924], [16.882272717675107, 25.200093219872617], [2.839875790652335, 38.794636698351816], [4.5658678750874575, 36.032159407995465], [28.721526867950246, 19.317886825117228], [43.89309224673435, 14.15200351172762], [10.469587206487539, 29.74705410608805], [30.10280720911577, 18.75788907586744], [27.415939378860976, 19.86829538956134], [122.60432051504736, 4.120358955797156], [105.42645201962456, 4.695344415356277], [5.673370515056947, 34.676226651208864], [112.62876594734279, 4.388262453975301], [57.32054585952582, 10.820343132636523], [24.981505517221258, 20.904288224680364], [117.50060536382041, 4.2363084880915585], [4.104332045739488, 36.711291452761415], [115.05672846981227, 4.30725676554297], [31.50627253565051, 18.20192420264641], [3.246728163718756, 38.07183661667537], [69.10384196755655, 8.507991338872552], [67.08951070690807, 8.893393339547483], [18.70394389107642, 24.097070617150642], [22.74502331238111, 21.96792562880244], [125.2558506869632, 4.076305371933055], [1.792805403160553, 40.981937196132506], [50.27523559531429, 12.467026307730714], [55.53500489211404, 11.211330919416863], [6.799020477482556, 33.27345769857996], [45.34473193614659, 13.72308148655252], [62.949678479736775, 9.638278443821898], [133.28778819027002, 4.004660983178779], [0.7522985226102205, 44.058308272651416], [107.80867373680474, 4.582169101889195], [1.2194068321933245, 42.5023919060547], [48.575206989437916, 12.861685458410474], [0.5875186028802195, 44.87219286382931], [15.894523954100244, 25.789346420809554], [81.26513016221801, 6.687853358147288], [36.027876208129705, 16.56540304812213], [83.169728368126, 6.452321300085153], [53.732592453381315, 11.600441998777246], [64.97866422020833, 9.250175395465458], [120.03668934880594, 4.173408639842318], [26.17510457427985, 20.389593096497997], [103.08174008078805, 4.818713420004167], [110.22352546343535, 4.4793432437454985], [71.11034419029235, 8.160101108850332], [2.1042262429710163, 40.26992535285845], [1.5058146980180198, 41.738552466002716], [89.24686569072738, 5.826491436830594], [23.993896242471685, 21.444891318540307], [59.548835359994314, 10.623637709601102], [91.47423828492737, 5.628044575824163], [7.48539300541383, 32.56377838289259], [77.91756762516637, 7.159655190376949], [79.74832049443361, 6.865823534829678], [72.89061612800145, 7.853831150630127], [0.9719541655258597, 43.2757047926183], [75.58553334732177, 7.437865671768023], [2.4667183375392, 39.51334383606851], [0.19218086834834497, 47.00162018665324], [21.709830799705546, 22.481128907184022], [8.16912753263905, 31.83694950218701], [0.01844261043037494, 49.20176363133629], [60.94244391434509, 10.052113075437566], [17.7664763460213, 24.650762676493404], [0.3593906516688421, 45.90721955121461], [0.17403126738575742, 47.9576550692528], [0.0, 50.0], [136.0, 4.0], [136.0, 4.0]]",22.38
BNH,CCPSO_strict,3,100,0.415286,0.234582,4176.747480,0.644930,0.337717,91.0000,100.0000,"[[0.0, 50.0], [47.95736587674812, 13.024110801065802], [31.80840526992599, 18.081043817299207], [15.837961518884391, 25.820413591506192], [17.849306335364325, 24.59482329377168], [39.11294772150485, 15.555579309222221], [55.81369102145675, 11.15694008473637], [81.42488806409204, 6.657227941981258], [49.470362605253435, 12.63649856543468], [42.29249124747471, 14.672308804140787], [90.20695551859326, 5.739052371260591], [66.44895269911498, 8.980285440265863], [83.54514263413422, 6.409792712565928], [36.17386531471672, 16.515444306883523], [40.61755518054933, 15.094416300441386], [45.12131675038738, 13.813318657809344], [68.31005101729893, 8.648249156018444], [85.74553848084804, 6.171126050038431], [54.11253747782642, 11.522200095710442], [59.28657102696539, 10.376058409779223], [87.95402491602519, 5.948935991548836], [4.018600548434617, 36.83905620329699], [20.084189163213352, 23.35548450553093], [43.68651508136121, 14.19931199952351], [73.56857304331996, 7.745539434581985], [70.02875381550648, 8.340103488325777], [61.04886023022276, 10.031134743283799], [4.502909303868116, 36.171817791809694], [16.805234076488315, 25.21618147671625], [22.51056606309352, 22.162931210605223], [21.261542809031305, 22.722419912487332], [57.51808724453911, 10.752758323097527], [52.571835629761274, 11.900460010844288], [37.64237067268722, 16.040834353264156], [46.535925324375725, 13.418871720691072], [26.975708046125888, 20.0648681496965], [11.99346186941749, 28.5343541945574], [3.544948106382034, 37.57577756324459], [50.96370040270192, 12.283789300943745], [122.86447473596867, 4.115562159426747], [79.30840381154837, 6.922540550281662], [99.873049422588, 5.007954104024366], [28.431854940198434, 19.628492692827034], [125.42775834607586, 4.073814069566339], [64.61530818341986, 9.31402971691703], [102.25977209810428, 4.864890168877258], [0.15572716514548562, 47.266005123065746], [0.26860409997363377, 46.40303903714731], [94.97442252128783, 5.346202553652882], [30.51278551670132, 18.56876672601666], [2.360896659510505, 39.75286308374571], [13.804063903084657, 27.180946015239748], [112.00471858629432, 4.4108370847473655], [5.0151763195150725, 35.42465133476408], [5.559790589899787, 34.72950533183683], [92.59137154567156, 5.534224493051518], [71.77311655717313, 8.037963325389423], [18.838575466647427, 24.03389245026256], [29.343566500964577, 19.037518966885017], [1.642194428109896, 41.370917725846915], [117.73039762870997, 4.230166500112089], [7.96374881990158, 32.03907905489857], [130.64692126188345, 4.018405680459676], [2.0340409010632525, 40.52573515440534], [77.34726275781445, 7.185897056460227], [1.3270189057264965, 42.20718927404948], [0.4425788012715848, 45.569299057615716], [62.75401740128906, 9.679529744826283], [107.02707274514808, 4.617987726611849], [8.582562427795995, 31.431644931310288], [14.861344701776822, 26.456119501869978], [97.42655720707987, 5.169091149620964], [9.36076410886795, 30.73302592165492], [10.237510899462558, 30.118615079773296], [2.7305699572028104, 39.0462070640321], [109.48383549905441, 4.509602299447881], [10.945711093794777, 29.369169983509828], [25.49299942137484, 20.807358386894865], [128.03955749941127, 4.041264863769724], [75.44764680491275, 7.458230864058498], [1.0462508826504013, 43.030267365208864], [114.90529753309058, 4.311997434333471], [133.3836892568633, 4.004335073617428], [12.939826582063025, 27.901766470161533], [33.15244431622976, 17.659996663162975], [104.6762214124956, 4.733496526044109], [120.27464215911195, 4.168049934059476], [6.681338952810004, 33.39312499015118], [0.831879543644561, 43.87924855239078], [3.1113118259753114, 38.30866290705878], [34.47688276006196, 17.100105503861457], [6.159633958013699, 34.00398830176756], [0.6144842331745759, 44.68600788188084], [0.07002446115681746, 48.147653658274805], [7.395137456953959, 32.64478603610344], [23.75275146034678, 21.49141076407341], [0.03980043724163063, 48.79143648557046], [0.0, 50.0], [136.0, 4.0], [136.0, 4.0]]",22.01
BNH,CCPSO_strict,4,100,0.404681,0.204032,5042.773076,0.618027,0.340294,94.0000,100.0000,"[[0.0, 50.0], [136.0, 4.0], [67.2693852741063, 8.82849593687283], [84.33923801364884, 6.321596902428091], [49.054940891390416, 12.739116438168772], [47.32194621138247, 13.188301082218935], [33.01690083399933, 17.63033403432011], [17.505236713572423, 24.797297467442505], [26.5349868742177, 20.21400594617799], [86.46911749253502, 6.096469453969812], [21.845532782425636, 22.412859694845316], [6.333562895088665, 33.80101217663627], [72.63554625719341, 7.895234166911893], [4.536645825899459, 36.076161278346795], [29.294041689647138, 19.052492690382145], [61.848492825599934, 9.852561180683292], [65.49749138532377, 9.158475982087435], [13.70783979970036, 27.247301955815836], [82.25500920924557, 6.558234658388675], [4.013260738264663, 36.8391710549669], [14.599324697441844, 26.632997970820725], [27.896828496726375, 19.627594685427923], [69.05949245767187, 8.516180771255701], [16.511692395593546, 25.413268737414743], [54.43397964589424, 11.448688236236077], [30.57514994091555, 18.557819207791695], [70.82761207091693, 8.199441219517524], [24.15328206506927, 21.317941199182744], [63.65941336879982, 9.505821204589008], [34.29219739609819, 17.17058263408518], [35.528195616490805, 16.73849812947845], [8.972878174169907, 31.06868687458271], [15.58738922971764, 26.026063400691633], [9.719096574554428, 30.440953002687582], [20.739829460152215, 22.99273208945877], [38.091064023116076, 15.887434997343565], [12.003690837364823, 28.51179284841512], [80.1713531674404, 6.81207198733426], [56.28739147569225, 11.024281724889237], [18.560511547488993, 24.181194747902907], [7.655742790165724, 32.367857658418885], [5.104957078253593, 35.30973137512068], [1.8264470713273164, 40.90068312678656], [58.11248531865637, 10.635759788521135], [90.85230060566947, 5.681905643261988], [78.14859652991626, 7.076173896853341], [97.84849306825821, 5.140216819049405], [93.15453283069559, 5.493545967554547], [31.81851911683524, 18.079692904990214], [5.711236167235459, 34.549647390088666], [2.6272287545638457, 39.19918651078481], [22.9230017328696, 21.877203975904965], [128.32127426602426, 4.038338417363518], [105.33722293096434, 4.699817945882117], [50.806571733183894, 12.301057321956774], [115.57919157663605, 4.291212955099447], [3.057139247117474, 38.40077180506959], [133.42419079842182, 4.0042010273628295], [39.48417085230379, 15.443918604814437], [123.21241137061853, 4.109310061756407], [102.80754645951637, 4.833944881927709], [8.312143498894926, 31.722669331408213], [0.9524880954920976, 43.33967926626363], [0.022149484909343813, 48.98264190228616], [52.642090828216155, 11.88713791397424], [12.830953575060098, 27.87911577961718], [10.417296821967472, 29.783711761616495], [59.988260176024625, 10.233032199139313], [44.153488757478506, 14.059202302047508], [107.8913160545237, 4.578455550126449], [45.73881550259096, 13.616634612558165], [110.44975147168779, 4.470303164221961], [76.31740398266115, 7.331357365098194], [120.66320836133241, 4.159495902666718], [1.209606679694147, 42.52621072312283], [25.340704008709622, 20.75897601406198], [19.639650243358034, 23.582500459766347], [2.2164496959722833, 40.03546342870368], [41.079101479866935, 14.9517607785595], [0.18980158888246484, 46.96715998132025], [0.5141840864045957, 45.10869105325722], [0.32944522644657404, 46.02748602643428], [130.86647967149253, 4.016907477373925], [42.57421004981728, 14.518071461454838], [36.84256077858513, 16.29929039419969], [100.31490732760521, 4.980439048130157], [74.47519429515533, 7.604610572506528], [88.64026507079336, 5.883260636967373], [6.977814346321697, 33.06815816142286], [95.50798435270889, 5.3062868800524345], [113.01374114174223, 4.374698652032406], [1.49990667091731, 41.7149920525516], [3.5327434673698743, 37.5938244578101], [0.09529321949307275, 47.97346272311967], [118.11892396798028, 4.219984808646095], [125.77871635631449, 4.068863434803474], [0.7076799027569964, 44.2301316701559], [11.224561322487428, 29.13334968039408], [0.0, 50.0], [136.0, 4.0]]",22.62
BNH,CCPSO_strict,5,100,0.415848,0.236353,5899.334748,0.649721,0.346929,88.0000,100.0000,"[[51.354918444301134, 12.166418526141637], [136.0, 4.0], [0.0, 50.0], [17.59054134779203, 24.741221799996076], [56.77335627482289, 10.915637408313437], [9.31918276504788, 30.77980668083392], [18.57939529416837, 24.171723815969617], [53.16646089352829, 11.746918863283343], [58.66918651996896, 10.52212927924218], [71.92189096250549, 8.013035845512416], [14.661552365001285, 26.590790985917344], [21.64982389980461, 22.51171265524129], [20.59515586216666, 23.07716345451176], [127.89892111849284, 4.042767791505524], [75.88569488267981, 7.3938625091546575], [43.65734221758648, 14.195541120482396], [23.88910458269904, 21.41962067726572], [11.88786512351003, 28.602324409791166], [90.72132108083079, 5.6933997809014825], [13.693339627982269, 27.258477174379827], [107.14521222070431, 4.612492395981339], [37.68263405100553, 16.017372256376945], [10.145993676682538, 30.017630083767543], [49.70816724173373, 12.575344522091862], [42.14311032685933, 14.659719291678009], [11.002755536356645, 29.295818607151197], [130.57205133217917, 4.018931522397089], [73.91768796716693, 7.703996623591676], [8.546432001891976, 31.46534743589435], [25.070147338699627, 20.873156387269017], [31.941790805035556, 18.03939249265845], [36.20361798194296, 16.518240647920248], [19.570063987898443, 23.613842822468328], [4.3683398405565015, 36.36945297219344], [82.06813534703225, 6.580278192238856], [5.939990330072841, 34.28349748934165], [54.99365478142147, 11.320009458220634], [7.175455595521815, 32.87378888919048], [66.24956561470428, 9.062588852246595], [60.528896727774374, 10.119589896244866], [102.2315926841197, 4.86650083568406], [68.04554138895813, 8.683301856710928], [97.4820557235812, 5.1652669212215825], [33.3909963060082, 17.544579090630506], [104.67938982808276, 4.733332814714335], [27.698272850098782, 19.716300872426203], [16.592413673416182, 25.345493163254567], [79.9585507908478, 6.83901523340225], [77.90102603525918, 7.109755572146451], [117.40054038877001, 4.239011084159417], [45.15357360854081, 13.78133148289627], [29.196744891557948, 19.10591090392618], [88.53503194035025, 5.89323096755157], [133.27269595646243, 4.004713363120591], [109.67512852008726, 4.501673501851377], [22.726818287087973, 21.975317050634583], [119.97345827577261, 4.174848040204302], [39.11394568556315, 15.556431254916435], [46.66191297339952, 13.389024572737629], [122.5965526354886, 4.120503793707132], [40.55258572731262, 15.109256925385335], [95.1767450762865, 5.3309749248902545], [114.82654278319872, 4.314479073486679], [86.37148643558751, 6.106435314311199], [92.92942893112303, 5.5065607100023986], [62.43332856194644, 9.74881093336781], [15.618677295051343, 25.968770450905048], [34.734765170381365, 17.02592978489099], [26.39970849740306, 20.27052073053648], [48.20067832240674, 12.976278708125001], [99.84061459488765, 5.009992636878778], [2.0077853045800667, 40.49212245380464], [112.23397633854249, 4.402458895173418], [12.778083275652484, 27.928925062086336], [6.531937775180957, 33.57090833575357], [30.545826144798724, 18.55689150820684], [4.82667716444551, 35.67647627822534], [2.6840705604301274, 39.091183676536055], [2.335513048185928, 39.77762130429696], [64.30797387033027, 9.396454893863464], [5.370451362148009, 34.969783226450716], [7.879583284861604, 32.14158922866772], [0.192523704624054, 46.962501620432064], [0.08752276246502563, 47.9410035072081], [3.436376768601403, 37.77026317785747], [3.8664681472344853, 37.06449757799731], [84.17231642740114, 6.339939325484268], [1.502198825361452, 41.85555391418043], [0.7113198276897554, 44.21430654585669], [3.0952972234495024, 38.365668107021264], [0.021815791425479653, 48.962487626722], [0.5199675316268878, 45.06303819156946], [1.175856440841808, 42.626326119811225], [0.9416286201576602, 43.38587041140139], [1.7565692185321915, 41.16687546618415], [125.23678258873437, 4.076584405390499], [69.99125729630993, 8.346803494129436], [0.35519290877768606, 45.99257411223512], [0.0, 50.0], [136.0, 4.0]]",23.16
BNH,CCPSO_strict,6,100,0.414486,0.283815,4848.103345,0.651107,0.334815,95.0000,100.0000,"[[34.136025491245306, 17.227523380629982], [0.0, 50.0], [80.70044374386043, 6.74591570789372], [38.59461232191499, 15.721799261049377], [40.19046326146791, 15.219985954852074], [84.7526428076702, 6.276614328378681], [2.686339068708473, 39.0821980586568], [74.89398384371012, 7.540975278776882], [61.2386343503266, 9.975712515719717], [56.22480621483422, 11.046828984723625], [4.549317085835574, 36.072490032369274], [24.48133490838361, 21.13366878581285], [19.78172521260077, 23.495751645052906], [20.98976694890377, 22.857375757379515], [54.5876404097177, 11.404000632513522], [62.910019824034464, 9.64285349763071], [43.33017949487525, 14.300312981999369], [23.28063357455806, 21.702402056182365], [3.1082010682821815, 38.316833413737115], [4.0517700445614935, 36.81584922669182], [105.28259618448385, 4.702565180905636], [35.65215704006329, 16.726872282273572], [32.68415851211761, 17.760430030411452], [57.859977247715435, 10.67909805728711], [82.75588171336815, 6.499834100639873], [64.68440231894841, 9.340363158098583], [1.9439739807123417, 40.63791261119944], [102.77580417894244, 4.835719261243548], [22.119915407882417, 22.276212611412436], [6.805831443254943, 33.29928354737905], [49.73009878119653, 12.621125069823673], [5.6340437920885265, 34.63171714378235], [18.596712751654522, 24.155972675114434], [46.39288750925432, 13.435879477363576], [110.27377609519056, 4.47732658203519], [52.95299100390462, 11.785095646366237], [71.40743601991196, 8.099785119317533], [93.3151703847945, 5.47540094340399], [3.5604509219334766, 37.55139813969919], [78.71216054423823, 7.0007695400327865], [48.00442350619767, 13.031802006343423], [97.92877924493516, 5.134774551153473], [51.35960038474937, 12.20129568659426], [14.372150992650653, 26.85921236832994], [107.76841635955, 4.583983156721095], [88.92374667626041, 5.856582146867596], [86.80261964804914, 6.062676697736036], [2.302608767194717, 39.85465259150795], [91.09785965482394, 5.660498656101578], [59.55585029189547, 10.329926741595525], [69.72199535166479, 8.395177524184886], [17.497033638663453, 24.838879509522485], [95.59229564943152, 5.3000507604426], [10.20090259253936, 29.967618096984623], [41.723208384060214, 14.764326386743463], [100.3405525235557, 4.9788566641549075], [118.58593283943907, 4.208081818679898], [11.702300410716227, 28.749528466256947], [8.772897383217568, 31.28298903284901], [127.17376944761628, 4.0509640413308174], [68.05431025817782, 8.683135573795017], [15.313490389981544, 26.175531827007227], [28.584005710075004, 19.34415837337822], [13.344435970229704, 27.513220397580163], [8.050141556190564, 31.95339401548795], [10.94068883766483, 29.34671935758069], [133.00626134146364, 4.005686994771851], [12.53545513561287, 28.135969277426348], [7.4415834071985305, 32.64827489890871], [0.4796465949545494, 45.2545382672166], [130.0712563764796, 4.022645165534962], [0.3192539961566327, 46.134903126456045], [29.954076296768704, 18.863529441371288], [31.25904764880511, 18.292125965227218], [66.3300372578164, 9.0009901808113], [27.371889320227105, 19.88308995739402], [73.11307617746726, 7.818988356757612], [1.624005841288616, 41.412177671469465], [115.76910883177013, 4.285500333718244], [5.0874430288886, 35.33099977944765], [9.52530872049817, 30.55806739189334], [37.1670912521942, 16.19402782397341], [76.78534222908732, 7.2646341349050125], [44.80696108825925, 13.869430659338647], [26.017430682695164, 20.548798570906563], [0.862796560389417, 43.64760941766565], [6.220609770285659, 33.95866580464793], [16.34307994107423, 25.503036676548206], [0.07386342701707717, 48.11161796201], [121.42452753837544, 4.143436784011531], [0.17530752729876992, 47.10423901830494], [1.087769846357336, 42.89776650450861], [113.00477805458917, 4.375011323165361], [0.01894536776552072, 49.03163856283122], [1.3502528017571658, 42.12738995546758], [0.645426436043687, 44.4892604819088], [136.0, 4.0], [124.34704288121146, 4.090206888875113], [0.0, 50.0], [136.0, 4.0]]",22.10
BNH,CCPSO_strict,7,100,0.409602,0.175828,6044.207514,0.628173,0.340050,90.0000,100.0000,"[[0.0, 50.0], [136.0, 4.0], [29.82265143876326, 18.841096282328053], [19.463549495760198, 23.670103711892672], [31.158062679133113, 18.327380292048076], [36.68554195662508, 16.354857396398376], [6.543594878707772, 33.5485874915899], [33.889873170788285, 17.3083649375837], [16.598114634278794, 25.34631279723519], [62.457453079512675, 9.73171111318413], [18.50624776268673, 24.208647961361752], [60.471919856244725, 10.132106368855135], [48.72897062419881, 12.834951748736199], [5.981861080516519, 34.20575926674941], [3.0622362918098243, 38.39198656307003], [38.038137671673795, 15.900567508161377], [58.60619386407021, 10.519713518150986], [110.70857515114561, 4.460082587623333], [79.28040032074618, 6.92617954737905], [4.43111467995204, 36.237723678838286], [50.24642016403784, 12.447413752761392], [81.40188796882717, 6.6600104456402445], [66.6119915103155, 8.945917742488977], [20.505446672971853, 23.106487839734868], [39.53696828847018, 15.422525021401484], [56.75533041576379, 10.91814220196585], [23.59169383425439, 21.552911388576547], [120.48609491130928, 4.1633647918698005], [51.76207337857603, 12.068474163614749], [5.4437583235906315, 34.86472076803208], [17.53642805674766, 24.773046045144984], [3.951052772683931, 36.94697863000802], [105.97779978368875, 4.668082728672507], [128.14650372425132, 4.040140714890146], [35.252246049233754, 16.84003617393965], [113.10057078065549, 4.3716773476951465], [75.07584444384261, 7.513623789215664], [44.08111615576827, 14.113149887157697], [68.6626789235253, 8.572881266655948], [85.63970877983488, 6.182200622046411], [1.5996096155771318, 41.45713547976007], [130.7433807573742, 4.017739422482693], [41.04385769612904, 14.963462024396735], [64.50391776701628, 9.335303409287768], [14.676529557956687, 26.59417862566955], [21.506235744811562, 22.585556988444647], [45.585948186944705, 13.68230198649114], [47.12376216517093, 13.251083359973816], [28.50298136929023, 19.374909574079744], [87.79622540852185, 5.964259073098221], [1.297388188978994, 42.27021144803784], [12.761766394858434, 27.93044911641004], [3.4994844175963498, 37.66850552953562], [92.21346415874312, 5.565546631662352], [1.9239433138803679, 40.68190574480166], [83.52586129716101, 6.411963842124525], [125.56296949169746, 4.071885272478284], [13.700574031933616, 27.25498039256916], [9.3738010808175, 30.703156772666322], [117.99350542529008, 4.223243715630544], [15.629119153662787, 25.966422918148503], [42.51598486218538, 14.526142252028654], [2.660664396580801, 39.140430530822485], [101.30516561579579, 4.920485628109076], [77.17032240700149, 7.210528607293453], [2.276046520115854, 39.90369772285657], [94.45435858140219, 5.385864568712064], [7.878204657453018, 32.12319154285814], [90.00056405822464, 5.757602976804658], [32.528411239808534, 17.820018068038777], [26.004596062891032, 20.47232688689315], [133.35515459097587, 4.004430794677746], [53.33759387759321, 11.701806044375697], [27.24018972261072, 19.912472622168316], [10.18882910723095, 29.979195457881332], [103.63460776996766, 4.788520689671339], [7.195828803561523, 32.832613609422694], [108.32374066864075, 4.559252266362167], [8.63907309020653, 31.385983949378634], [96.71642468693966, 5.218733776524273], [4.925300312299532, 35.53875296498407], [10.999035509322498, 29.300081570924274], [123.00873553678854, 4.112947307901061], [24.8043031158048, 21.000596570307444], [115.53327943766898, 4.292603494441401], [0.3813207279952214, 45.73120528600818], [0.2184784721961076, 46.751400419870784], [72.87959660969193, 7.855612313402735], [98.98625077227791, 5.064623863080994], [11.86651030718023, 28.620805328967023], [22.563488573860763, 22.074374370573572], [0.5809720397555218, 44.797316102663814], [1.0296856662841318, 43.112826151858386], [70.73114838802536, 8.216806228333832], [55.10633250608849, 11.31827386310126], [0.7956254171815722, 43.950384660556566], [0.13149442366164948, 47.49839491750343], [0.0, 50.0], [0.041848945250697406, 48.65756736144756], [136.0, 4.0]]",23.16
BNH,CCPSO_strict,8,100,0.423516,0.275472,5008.012004,0.669404,0.360158,87.0000,100.0000,"[[0.0, 50.0], [19.604985460629734, 23.611178685455933], [57.39677544505082, 10.783101617948187], [11.335202035155676, 29.027701705520897], [31.02570443565253, 18.395106745882376], [33.787331790282934, 17.345660340095748], [12.135933995253975, 28.40140831967635], [12.984191368123287, 27.76655851124432], [24.19086005159333, 21.284558167951896], [60.93639933773128, 10.042463988107961], [32.405790258250576, 17.85937908278856], [43.305492931202124, 14.308067799308905], [16.59931016137916, 25.342800737722612], [13.885830053313587, 27.14693561072597], [59.16332349081223, 10.405846071225241], [69.96395510723147, 8.345769944658223], [71.84208484612448, 8.026391507243542], [6.549495189009667, 33.5504264343127], [7.144112627115291, 32.887328852315285], [50.224085510431436, 12.445987938411523], [38.23261508015302, 15.847777273594598], [62.72320781916587, 9.70693803420934], [21.77571103685795, 22.48063690781093], [73.72309871323858, 7.721208288811981], [15.648592112153407, 25.940233285097896], [41.650877970665576, 14.783942163030106], [53.81193651131218, 11.608146698691979], [10.566399952152189, 29.65654033457405], [9.835836162077529, 30.305895340623508], [22.9810333044831, 21.849082720896632], [130.97311092916232, 4.0162033974912665], [55.597855419488056, 11.18048835214001], [85.73011010891605, 6.1730592396843615], [48.41438786902165, 12.907077182008454], [83.40606304327466, 6.425485259439821], [45.01626608047997, 13.844233871776956], [36.66483094444983, 16.351827200055254], [3.0487063390318676, 38.451912834941425], [113.82250736342695, 4.3470938332212], [93.22690416961976, 5.482493013293908], [2.246375309035033, 40.02552873382929], [18.57237106078629, 24.171427577005367], [1.842022578744959, 40.87569773198483], [46.719805243171024, 13.370706293941492], [35.219521766259355, 16.856108465264704], [17.57836580868235, 24.749299070385383], [116.36029527421738, 4.2681218100191245], [2.6412553542383326, 39.22559868844752], [88.11025397675934, 5.9338472901331585], [128.5649440993119, 4.0358974179457086], [39.95849092756936, 15.301402176264652], [133.47303778841066, 4.004042197051323], [111.36208545124677, 4.434851960288141], [118.81326159908606, 4.202419364889394], [121.30768883248058, 4.1458414410786], [64.63085420278422, 9.314372957773688], [0.9993239655204025, 43.23760752465032], [14.750818162901151, 26.532983058941966], [81.2754701954592, 6.675342839249726], [29.62787871577276, 18.966514956731935], [77.3610172492391, 7.183988496282918], [26.647915546774634, 20.19937667747425], [95.79710791760668, 5.28498210751545], [123.69640290489032, 4.100921929581082], [1.2411252532178814, 42.44987632862095], [3.4560815047417135, 37.71936209931187], [90.58115910142834, 5.705758409411083], [75.47051475944653, 7.454846753424306], [52.07868288999798, 11.993166962301519], [79.38671187808713, 6.912382820662467], [5.478925719280037, 34.81846353882851], [68.16479481742115, 8.662249933740785], [0.7613599806945504, 44.046571401191144], [20.70831951706119, 23.00341971435929], [4.940743616322815, 35.519996808443445], [6.003536600682265, 34.19813779555464], [3.9365835578239183, 36.95459016925682], [126.1426451391665, 4.063920970377592], [1.520123066157566, 41.66201222193011], [28.117188227391104, 19.613020112353773], [4.4593961295461755, 36.20673124847816], [0.5672455688679732, 44.83040439561535], [100.9610152451379, 4.941055542231435], [108.87080139040437, 4.535502246283615], [103.69744743736246, 4.785132577132842], [9.211986440700798, 30.89233853760439], [8.60468856751706, 31.4243585466941], [106.23413199163673, 4.6556297596976535], [98.39765348289413, 5.103320689644899], [7.949522039576479, 32.138565295660925], [25.57274236226145, 20.773620763577057], [0.30369754773214813, 46.184318289112184], [66.42876279918906, 9.010214053280762], [0.15766742403591233, 47.23742643943837], [0.07378112585744992, 48.09998792687898], [0.45809055410345734, 45.44281500542229], [136.0, 4.0], [0.049859286535706315, 48.82158055417666], [0.0, 50.0], [136.0, 4.0]]",22.69
BNH,CCPSO_strict,9,100,0.414803,0.264147,5730.081026,0.619498,0.343374,92.0000,100.0000,"[[0.0, 50.0], [136.0, 4.0], [31.55352404360587, 18.169952251246215], [30.31777138325488, 18.64572786686113], [21.913931196287976, 22.38236327739294], [25.34474489406989, 20.73801130682447], [6.852093178478105, 33.20882006325125], [11.520676230639042, 28.880842665874674], [89.2650549880089, 5.824807559283126], [15.89874809154054, 25.843031188322776], [29.085201410382048, 19.14958392249961], [43.713560200840206, 14.177184093160877], [53.8491504302008, 11.582101958761704], [52.19521812724369, 11.962985499390552], [14.95424661620995, 26.40040222925125], [59.37989364413098, 10.357144082946256], [65.16401570049379, 9.210404839550874], [50.39107811622843, 12.402672409803156], [18.709642759195237, 24.095305213422748], [27.797771657411964, 19.671845379069357], [67.03518937634374, 8.864615675706368], [93.48132360330374, 5.462111606290436], [23.04509744923565, 21.82533856988647], [7.578077886423282, 32.43265915624918], [17.73500807174846, 24.655397520545925], [72.7808080899312, 7.871610509466404], [26.557274729755257, 20.202832676864713], [117.33284613386284, 4.240849061018438], [63.23100005969219, 9.580605584477555], [8.328254809462987, 31.679287603960766], [61.313438318064115, 9.978676788548881], [42.226899063969434, 14.625812129599927], [9.12747478478349, 30.96502534379227], [87.15069051055795, 6.027817164229841], [97.85301092264612, 5.139910132833544], [45.32832945060403, 13.727447112550234], [38.07571941950212, 15.887449278311536], [5.497044816598496, 34.805226878532594], [91.36458870301823, 5.637454918460313], [2.476782082787782, 39.497259411899975], [34.19139896530176, 17.203884051910954], [32.83607477320099, 17.689997838669946], [76.71466060472525, 7.274644791387608], [127.79721586403898, 4.043872159157461], [24.176920719072932, 21.27577595068272], [3.3221508247741967, 37.94805877959473], [78.7449305756686, 6.996428967667961], [74.69115755072991, 7.571681067105738], [1.7456293836309025, 41.09412193520369], [6.153800816959054, 33.99766184348189], [1.4294342625485805, 41.90519222564355], [35.48215615152259, 16.759481533738985], [70.8528409230032, 8.195062879077796], [57.528520633592095, 10.749870318945447], [55.62460868539995, 11.169618432147374], [119.89662168934689, 4.176605900187917], [16.789119431148336, 25.229059290230907], [100.14852302025751, 4.99074420763119], [85.02511517960316, 6.247310236971537], [46.97593017857778, 13.282391971685891], [40.78518060486216, 15.04088797573013], [36.77215965826804, 16.318847442783984], [122.49421181536215, 4.122420759193344], [125.12324831363561, 4.078256979761009], [10.716017964658544, 29.53206673756695], [95.61767910260068, 5.298177047756836], [12.3897304647633, 28.231593088294783], [104.86619472168704, 4.723719564510948], [102.47706326321284, 4.8525320543118315], [4.334874194347327, 36.377352284878654], [2.882774827400506, 38.71592290814961], [130.50105056091184, 4.019437227806498], [68.9543566870684, 8.535646514668159], [107.3050127217974, 4.605105421951181], [114.79312938797467, 4.315535308314699], [80.86128848538917, 6.72603708665703], [112.2495640641529, 4.40189283285412], [9.88465899160007, 30.244279619234582], [1.1470025789045386, 42.71471182006384], [82.94018953422348, 6.47859195752577], [4.883343905153289, 35.602285482326565], [133.23799161295403, 4.004834935889763], [2.094322760319563, 40.29054466077376], [48.689914147014335, 12.83690475770674], [109.7677529522241, 4.497860371537544], [0.49689391429405816, 45.18654225384681], [0.6999199121035422, 44.271332050442695], [19.795564249810305, 23.505119653749688], [13.219722972456427, 27.60146958221804], [0.9101168641886429, 43.495923542064595], [14.097062219561089, 26.979679402963335], [0.0875130245814692, 47.95766863944836], [0.02274805873924558, 48.973939456909136], [0.1882118841329805, 47.00979070447222], [39.53736598363909, 15.549334987286732], [20.801297622439016, 22.951017797826474], [3.850187787037272, 37.149287014532845], [0.3338682904245154, 46.0047625047934], [0.0, 50.0], [136.0, 4.0]]",22.74
BNH,CCPSO_strict,10,100,0.409837,0.256103,5633.537427,0.576658,0.300323,96.0000,100.0000,"[[136.0, 4.0], [10.85607788388555, 29.449239243180415], [34.176282989063175, 17.20641949532302], [60.135050255765904, 10.202553710009596], [61.862312959735476, 9.854018217524658], [15.566071132265881, 25.995376562572417], [67.13834797488569, 8.845820348500538], [32.78790057019087, 17.71273636450755], [102.87357296250067, 4.830261416555279], [65.4077817728591, 9.174630481734798], [74.11050439327583, 7.66077316783873], [31.541411148163217, 18.201901550389337], [38.20211665505879, 15.849602584107037], [81.53275166261594, 6.644207617408477], [25.081482697652174, 20.85782902667001], [21.242747629928836, 22.754300550022393], [79.60100667203523, 6.884722491560936], [36.92370045024845, 16.276375200912636], [23.790851619623428, 21.51164089433528], [26.42992603220554, 20.266533825734975], [70.58214956400091, 8.242242692956221], [63.600370540589076, 9.508780774491063], [72.32973937520508, 7.945356611495356], [22.42347215335942, 22.12464821728238], [13.488559278728765, 27.40292723169759], [12.56776014012927, 28.074312764922958], [112.4370635713229, 4.39511956371808], [117.34751762987572, 4.240450050513262], [2.432222236046347, 39.583084885278275], [39.58571587830165, 15.409391777660034], [7.809251176539303, 32.21775933477829], [20.009342264713784, 23.37256788586909], [110.03953728807761, 4.4867692302232225], [3.6932944799629785, 37.34192408944702], [107.62908453217533, 4.590287387691858], [45.616363620056596, 13.646716488785003], [5.864036955957198, 34.34407161484867], [100.4797398919806, 4.9702961539532655], [68.88152584544503, 8.536403832234836], [3.237529833561382, 38.087020171447115], [11.688022096388224, 28.752525331254667], [75.92618608794933, 7.390752176264963], [83.49412320814542, 6.415540724209188], [17.72881420974373, 24.674005921117477], [10.01960687382173, 30.125237590494454], [7.14928096816797, 32.881480818387956], [14.490886088248628, 26.705885522045584], [114.87807256531475, 4.312854067871551], [30.206660432825906, 18.692350593062194], [2.0740405707849057, 40.35604196745115], [5.267640528477944, 35.10385265544005], [55.07199595910275, 11.311936001674118], [93.68516197668856, 5.4459162443084], [42.56548980018998, 14.515053414757034], [91.62239883733551, 5.615386905792681], [56.70571434108698, 10.94539907771745], [8.527399805354175, 31.507535635238177], [16.6714248073476, 25.29823922678533], [58.374776002367994, 10.568344654954135], [85.48965003153039, 6.197972202623159], [35.61746128879887, 16.74291121234586], [95.9009222490959, 5.277387518670142], [50.28132058725156, 12.43824504042309], [44.19436778228918, 14.091636641935814], [0.6082147488515627, 44.64774852028049], [29.01065745853862, 19.209204635621294], [125.31911045800227, 4.075383517760138], [4.196401737396423, 36.573015393953355], [9.25767900891868, 30.81016439987616], [47.28060639383382, 13.201567207704835], [0.2375334964844544, 46.633859077498315], [122.65653210215791, 4.119387859689146], [48.807514186805875, 12.854470067907654], [1.7537123518882807, 41.16746463518995], [0.8329222927817714, 43.76819940926701], [127.94492809207601, 4.042273046919623], [18.85281632941568, 24.023103887684222], [2.8124775358771954, 38.860162337221055], [27.71132343167022, 19.715731925323233], [130.59696120478083, 4.018755724959277], [1.3832138830673208, 42.05502715560346], [119.97162179045624, 4.174889943214418], [1.0921346429435497, 42.90368270270291], [4.729876380562709, 35.82009871293686], [89.53879125814878, 5.799594542116062], [87.47563608271872, 5.9956473615000405], [51.93215959608114, 12.038334231032568], [0.10720988092871925, 47.71254047138525], [105.23560010710293, 4.704933837509916], [98.13273438347582, 5.121023548658963], [133.27549646536144, 4.004703621095933], [41.129140404816056, 14.938756415173563], [77.70697914674453, 7.136274386448646], [6.538217994599135, 33.59639594699692], [0.03182678173686285, 48.79006363644375], [53.52607522103239, 11.726256516717388], [0.0, 50.0], [0.40701421722716, 45.61822931345436], [0.0, 50.0], [136.0, 4.0]]",22.46
BNH,CCPSO_strict,11,100,0.427900,0.337898,5566.104883,0.622881,0.327722,92.0000,100.0000,"[[0.0, 50.0], [50.36157104318141, 12.426744278067034], [12.276812789149258, 28.331257066298434], [16.79558686800895, 25.23829328487632], [83.81383522451317, 6.379684343208725], [34.10869940668421, 17.233211968522333], [43.86679922755954, 14.139055818081083], [36.885528697490834, 16.277344515444565], [85.88599628147733, 6.156489413894179], [35.536789868286284, 16.73971933651148], [66.20685773279922, 9.032824301656165], [42.414344324369374, 14.562720732534807], [47.012992244685364, 13.270175822168413], [94.41207861484756, 5.3891221114408445], [18.895886229686063, 24.008226576513252], [41.03391695161923, 14.97615170502424], [96.5848260460919, 5.228078972389009], [88.01680150764383, 5.942863217966119], [55.40013438950939, 11.247658891217357], [48.67784222130602, 12.853868361410601], [73.77845471842713, 7.712523481237941], [13.122147309056139, 27.666151582085224], [31.15281212896148, 18.322420657621866], [77.70475270707121, 7.136579667577416], [51.98556609638378, 12.015379507376338], [64.30553932436165, 9.37671985832324], [15.853965903653535, 25.812658287897595], [98.76321277056428, 5.079184704322432], [90.15232628274609, 5.743949469648289], [81.77291685133812, 6.615386815137141], [5.276112757688837, 35.0989504736671], [107.39660681712905, 4.600895285487578], [22.61192297135186, 22.04838112587521], [8.431490097714912, 31.609411870077174], [7.063056931647841, 32.98614931410097], [58.80570314892172, 10.480435309086765], [29.7524001620191, 18.911113859119776], [57.068003171493885, 10.850669929667596], [17.82357956679435, 24.606990302384666], [38.25785052570935, 15.82803903964614], [68.12350110908129, 8.683900301400666], [11.482864918539882, 28.964003083639994], [32.598946458215565, 17.77729804921446], [100.87304156052072, 4.946359031825554], [9.869430712716905, 30.253159597165936], [25.193455561225633, 20.863373934224626], [14.02484320750731, 27.037637342084793], [4.746640616348575, 35.78755533699007], [7.716861906198073, 32.287028933149784], [112.07706303165183, 4.4081825818292], [10.670093516911177, 29.597144945649205], [105.20715204870443, 4.706369980647554], [114.58964640034411, 4.322010755777775], [14.934961294534789, 26.42881932064255], [26.65917710670318, 20.18482151824925], [9.128412354604787, 30.919858128100408], [119.7003455441595, 4.181139916545275], [75.72896625005521, 7.416782558219099], [103.02741787055963, 4.821717399785954], [130.4078216239275, 4.02011167194696], [133.20750719059436, 4.004943021146232], [79.7269836439163, 6.868555032028695], [39.65788239010047, 15.389699333528334], [28.12971703528159, 19.536007402047417], [23.918341591356327, 21.423913661132787], [4.226027910449842, 36.52036472223824], [117.16050678080981, 4.245563543582864], [53.63592571407071, 11.62295647965929], [1.7134188113058544, 41.21343357774521], [5.820735667591416, 34.40028714721889], [60.519834468068765, 10.125798951273033], [6.4265071265975795, 33.69282586566757], [1.1984542268233673, 42.74072354824682], [92.2670897596114, 5.5610762859813105], [3.754878589790672, 37.2656014701725], [122.34709737010758, 4.125204908717521], [3.366151762205668, 37.86823950556858], [45.40779532527962, 13.706206508391833], [109.75892019783211, 4.4982232646955405], [0.8885060618198553, 43.58576204713549], [1.4665020392132437, 41.9492561621359], [0.7064638955374049, 44.30303699323631], [0.5285611919030551, 45.13578527903742], [20.37168659574823, 23.179177143889518], [2.913044262594211, 38.7357081288463], [2.459241412125207, 39.582863038474564], [0.30700933820872184, 46.205927756922165], [127.5999687818122, 4.046055893981412], [124.91733214352992, 4.081339403191725], [2.0784985406941088, 40.35769836851347], [21.493884326751154, 22.635462232889097], [71.77420180199832, 8.037781023013553], [62.620956191595795, 9.71364148830293], [70.05330751151917, 8.352129280664006], [0.19568397160204132, 46.92736376101951], [0.13565742927391422, 47.909265203542944], [136.0, 4.0], [0.0, 50.0], [0.06320783603359782, 48.758743527255945], [136.0, 4.0]]",23.01
BNH,CCPSO_strict,12,100,0.417025,0.264943,4302.948451,0.666624,0.364840,90.0000,100.0000,"[[136.0, 4.0], [0.0, 50.0], [20.536907956268088, 23.113370279945865], [32.58406147311546, 17.783866345907207], [17.32823168491356, 24.89873090613709], [4.202287060364357, 36.55662091952121], [25.293695654851525, 20.76990734725781], [22.851463761652212, 21.911152785932646], [36.32830790265762, 16.465544174843924], [45.21835501612157, 13.75548107635975], [18.328122342681294, 24.31303539738837], [5.249720107648264, 35.14670256185949], [34.999289141330976, 16.91918030348749], [40.74054675206973, 15.068767733109883], [1.4411018701819986, 41.88325577008045], [91.82898138204035, 5.597848474695794], [10.248128839442753, 29.932509963736138], [42.27123058091688, 14.595880707463373], [55.160579225127975, 11.273205332737437], [99.26131860836601, 5.0468375357294555], [62.14762729600126, 9.793563622891337], [14.405643746873746, 26.775380782244014], [19.39876434807134, 23.70591869255623], [1.1598972236344698, 42.681306817814104], [79.83272101663943, 6.8550380254229335], [27.785246086057583, 19.67350483355984], [31.357879857181466, 18.242874804968157], [21.66279619070915, 22.506633273788218], [63.88641760524695, 9.481026129163535], [48.35484205255264, 12.918445857161988], [65.58517640742309, 9.144367302808401], [30.21044317931569, 18.711461718165765], [13.516213089748952, 27.38369795839666], [26.527951466080985, 20.220109929140204], [0.31648589790799386, 46.10554416216735], [7.498724171626845, 32.52449784637041], [96.75587721589551, 5.215941061388112], [9.514837721192933, 30.57996075359696], [58.6329425579473, 10.528810166964078], [37.74577153165308, 15.99752922638622], [127.77572772672842, 4.044107368660891], [11.831019120428504, 28.638078494027564], [0.02084899023856462, 48.98477609437382], [6.341544276651935, 33.800817359454655], [69.30002744678303, 8.471918878438649], [0.6848622772452586, 44.33436668275152], [16.298067725568778, 25.535355545525903], [51.705924789699765, 12.105269607442956], [3.7221768789232805, 37.292457899551295], [94.266612500847, 5.400368101369372], [39.23312541569101, 15.525170562750898], [130.4760775551928, 4.019616729096507], [1.7528804217771274, 41.08469598043318], [46.83676619852325, 13.359480035197452], [6.889807539546567, 33.16337228953531], [4.703450070350192, 35.84114544639948], [12.668817932636792, 27.9999026272053], [53.40969033885651, 11.675802305006664], [50.12379511367358, 12.50415934084934], [60.451434531289536, 10.17635325663609], [86.98447731229874, 6.044411626516927], [2.46026389616763, 39.52426225245706], [71.20693511547735, 8.134017690721706], [106.85667522902817, 4.625965225663015], [67.42575567074516, 8.80542434510446], [73.25131089973843, 7.795901724869321], [101.77055232387482, 4.893115172593192], [114.57821098627647, 4.322376867479971], [82.13917027781302, 6.571882550650015], [15.38207167705177, 26.158236016517478], [2.093414232095288, 40.30307285218397], [56.86982134018366, 10.906994526282013], [2.850731234367992, 38.77550345008764], [119.79612759112642, 4.178919490467588], [0.9062850115640195, 43.49731803791157], [75.31276654231831, 7.478244848416481], [0.1794515222428303, 47.05102612085077], [0.4834092035602465, 45.20553459814347], [5.76664068658087, 34.47630075603989], [8.822440587687396, 31.221549900522998], [24.091945564394102, 21.317615474519016], [84.52438634505884, 6.301372805756902], [122.42811508782968, 4.1236674778799225], [125.0821537670926, 4.078867098438477], [133.22485025703295, 4.004881381157068], [43.78754572400262, 14.171439805487715], [109.4199465186748, 4.512266560013108], [104.29245577754757, 4.75348913439268], [0.08169086440730108, 48.01243265896094], [117.16647895226734, 4.2453993216247525], [33.85013402186323, 17.372097918008148], [11.014072554403452, 29.302785236162332], [111.9949593124885, 4.411195932965421], [77.56343928017256, 7.156003189303893], [89.3864435467546, 5.813597204966948], [3.2791572042628285, 38.03491835675038], [8.136384677679345, 31.865341464262443], [28.953846396476923, 19.19228013900196], [0.0, 50.0], [136.0, 4.0]]",22.77
BNH,CCPSO_strict,13,100,0.411129,0.187424,4925.143685,0.642505,0.352147,92.0000,100.0000,"[[0.0, 50.0], [136.0, 4.0], [32.546767210649335, 17.79989477478322], [33.83907486161603, 17.33741824054782], [9.535907623666745, 30.551609440536872], [17.60260427484389, 24.743845894769777], [133.33336003189015, 4.004504619355732], [35.034630423063646, 16.91778790742508], [6.9441356139308885, 33.10775064530779], [71.81080508384478, 8.031636331756248], [31.3991427892678, 18.22713997860035], [18.672846024996616, 24.1369681310966], [40.37985644303808, 15.19699287369507], [130.6949876438062, 4.018072102198204], [58.284408441141935, 10.591331534365704], [69.78161812493072, 8.378084657349579], [7.575432056802411, 32.433351393076606], [120.43458349388767, 4.164499485197472], [43.10409408332767, 14.351874409717698], [54.479735038536035, 11.429934179456165], [8.230973761374859, 31.791254057886977], [46.08129382309551, 13.528590982959003], [56.34499215739849, 11.0140996937523], [16.56756873729104, 25.374318740930224], [8.864219971466078, 31.167258749242947], [6.345062271699951, 33.783302886101794], [22.182932572073213, 22.249359409903704], [62.116102968259796, 9.821883473905066], [15.546652764618859, 26.00666402459792], [67.7641134385463, 8.73475682640144], [37.61233130218116, 16.042429948755554], [117.95235180424253, 4.224318829321961], [96.41687196843068, 5.240072572315316], [41.711780988494695, 14.78577195527182], [36.3039647463091, 16.47092883870423], [122.95170312575837, 4.113977234110836], [44.62339486272202, 13.948517991665234], [78.01779456800307, 7.093881473250439], [52.69905160048645, 11.84383899213736], [20.931579107288073, 22.890399171841636], [23.40338938431833, 21.64311438486115], [75.89203829843943, 7.392937417298599], [73.82308270409084, 7.705533805353388], [105.8521714174689, 4.674237111241202], [2.1788634444989676, 40.14319973458741], [1.5429856219993718, 41.606963554108354], [3.7529140035980006, 37.24021673469275], [1.8379618911229463, 40.87444823631937], [13.628794509188966, 27.32092762265679], [4.707250207651606, 35.8354087536472], [10.255158819829477, 29.920530671918634], [108.23959803439722, 4.562959020372032], [4.216838808950024, 36.53435464707292], [51.01308384629552, 12.250282788111177], [110.65167838672893, 4.46231821581922], [28.866243404561793, 19.251700303232987], [5.22767803605452, 35.14089785691491], [14.568262351523448, 26.65442072156037], [65.80941545724659, 9.095681116387905], [80.28328674774791, 6.797977373688107], [3.311243414609, 37.9608158086312], [27.488489822539172, 19.8017365534863], [125.50528456980618, 4.072704851039378], [5.764831952035406, 34.47813729292717], [82.56907932145889, 6.521499278742178], [60.151446695953524, 10.21263532784133], [115.49837207435142, 4.2936632182933625], [38.96472457187629, 15.6030786392326], [12.713914981520446, 27.967839606024132], [91.77553804398829, 5.602373412760739], [89.42540956890919, 5.810008673289698], [26.113479258623922, 20.39625372876389], [49.337082144983356, 12.672739253509327], [19.775926963139135, 23.525038026353837], [103.4540437334365, 4.798305548070808], [0.9944078168591289, 43.197342338375485], [87.07133219779593, 6.035728368295674], [1.2690701272464227, 42.351624597214794], [30.15146860172073, 18.717742173446194], [24.72843460945973, 21.01956752333431], [128.0895506680477, 4.040737354614452], [0.0249532439721361, 48.89394576217944], [47.73793889504414, 13.097451771120767], [94.07084863282418, 5.415596523761224], [84.83396036983106, 6.267840281016414], [0.39728572229225223, 45.659464521864976], [113.05741735844991, 4.373177162858061], [101.10042203868412, 4.9326892339061015], [63.95499274433553, 9.445745000807829], [0.5759275115061409, 44.79901293231076], [98.75519477915994, 5.079710476566651], [11.053831538612625, 29.254592343699443], [2.565969816760375, 39.37616615338446], [0.8199603006270633, 44.0055600975], [0.11382496857828664, 47.86486476675966], [2.9082103501218524, 38.67304753716348], [0.28445814310354417, 46.81675172072053], [11.919311527945986, 28.63570427718556], [0.0, 50.0], [136.0, 4.0]]",22.55
BNH,CCPSO_strict,14,100,0.425025,0.287788,4356.908428,0.599207,0.335964,89.0000,100.0000,"[[22.52747683183218, 22.07939397135563], [36.32182633033803, 16.471551884232444], [79.73707260107481, 6.867263220476977], [14.99263828546349, 26.383672444389354], [31.847599579788195, 18.064336007554232], [44.96799277882194, 13.834349942006902], [18.019442313396944, 24.49906291541429], [9.862988577037882, 30.260883859586563], [19.071196611995497, 23.89224096613661], [34.959889441799945, 16.992352961345535], [51.90638796004097, 12.066657030573882], [27.563272045637987, 19.78658009579383], [26.28978945855203, 20.329529468058105], [25.027124861119212, 20.883432909291688], [12.300445372948957, 28.277037409061514], [43.38156937469374, 14.274078358360054], [11.457969643203114, 28.929332576040252], [41.932934249790534, 14.694237159679226], [81.75914392137075, 6.617033312437777], [64.58405984194758, 9.336790321265898], [29.016931346443272, 19.169404349746667], [40.48271235642581, 15.16996438236712], [85.88581455958249, 6.156508305242162], [14.078984497386028, 26.989396127818857], [33.36230575149713, 17.50943405343164], [75.7631459290571, 7.41177368093433], [96.2726161949213, 5.250433805611558], [10.64326908730033, 29.59295621299799], [13.170268406982089, 27.638173851589606], [20.257360291294987, 23.28465633415953], [58.9791797390419, 10.441954973991745], [7.283963852973612, 32.73854644195015], [68.20445383178634, 8.659140817098491], [66.37672059497214, 8.992747856334901], [60.83231672990632, 10.059255177977754], [71.97297830269096, 8.004516241063254], [37.62556175731369, 16.033083498796966], [7.900149966851931, 32.117398666915236], [105.35240738629406, 4.704699528879095], [83.81288835155479, 6.379789964524525], [55.36897417035636, 11.226193886047145], [30.386663642422594, 18.618264655734777], [57.12473743487729, 10.84526460080105], [73.81337510055127, 7.709300295696328], [94.1679923839631, 5.408026238877891], [9.18857712245947, 30.893745892996137], [23.761893516401184, 21.476401896963388], [117.2449302990725, 4.243247735452173], [53.615876578554605, 11.629917222639545], [77.72543988937498, 7.133744004065614], [16.87294955942272, 25.175416457195993], [15.9618524879198, 25.826740798949928], [92.16485556702389, 5.569606117661233], [39.03872506408801, 15.579953864488877], [107.68572850099929, 4.587719643056836], [48.61606383825792, 12.871736134293997], [114.84480580527598, 4.313902601818032], [110.0621991374406, 4.485850988807154], [90.08241195079509, 5.750230419965968], [8.559997737983892, 31.501761814168066], [70.10598705276574, 8.32633107326523], [6.26228890637575, 34.066895712336425], [5.562489561126819, 34.71803333403693], [87.98275426005631, 5.946155190760706], [50.09275255258282, 12.47693902006748], [3.4939295961346413, 37.833180837213554], [127.78161478306494, 4.044042863566243], [2.132610642038394, 40.217386596966506], [112.44818246207434, 4.3947199705084765], [98.43636788585114, 5.10097505228627], [122.52191190074272, 4.121900298389671], [125.17268110719748, 4.077526389630607], [2.941107493975619, 38.60940317937646], [1.1959062139120888, 42.8311671019478], [2.5497005836022932, 39.34671766125682], [1.7389344028236935, 41.13970288154533], [6.6855020526259565, 33.39270059378245], [0.679889412984344, 44.357793208779896], [3.909848601150517, 36.99919744140733], [119.92697147677444, 4.175910413933494], [1.404827031958484, 41.974713148290896], [100.96580345224228, 4.958196738869409], [0.9126471086081156, 43.58083571503546], [102.9911067238751, 4.823729128253788], [0.5060975474655945, 45.09793992427285], [133.2344473059373, 4.004847440299445], [4.524871915597112, 36.24219994541111], [0.09413456446476201, 47.85757937095187], [0.20521827953088564, 46.85902881678041], [22.221917350353323, 22.67664660599995], [62.7265949485081, 9.710924901529022], [0.3780300645906743, 45.903233337590464], [5.0666420291976895, 35.48219227876979], [0.04479805826065382, 48.522596627790534], [0.01571094459060315, 49.123534396449585], [0.0, 50.0], [136.0, 4.0], [46.927264083004346, 13.322158611363305], [130.49692715050196, 4.019466807609909], [136.0, 4.0]]",21.97
BNH,CCPSO_strict,15,100,0.439820,0.382424,4551.957412,0.606580,0.329230,92.0000,100.0000,"[[0.0, 50.0], [26.13616758129175, 20.393212779481676], [50.50983247980619, 12.392451886155246], [30.578488781293917, 18.571433705002228], [42.38258961387082, 14.579905496962414], [74.05738916888939, 7.66901167689414], [45.44335437959308, 13.70032944076787], [53.83678999676249, 11.578558819077866], [36.64136305486127, 16.377752950145076], [48.824686849553935, 12.806448219809484], [82.46385763965691, 6.533763175378], [33.48898000822513, 17.462103699668823], [14.633263549970213, 26.611370418617184], [13.770988935288774, 27.23362097995941], [43.8814089980516, 14.131067936088112], [91.39840302048196, 5.634549021822456], [24.860204282474054, 21.02606209728092], [18.68608989267261, 24.18973678103709], [12.037621494451738, 28.499774326070607], [109.6791237114084, 4.501508679482059], [35.02679802503519, 16.908476599851486], [7.672799758922464, 32.33159606144026], [47.109254115941596, 13.24427943198363], [59.399205556572994, 10.352465558298583], [5.8992567874999775, 34.379239242970534], [65.0124962557633, 9.2715778255495], [102.84460222826806, 4.831876398800683], [57.514306240898016, 10.754073313670158], [5.274726764908127, 35.095580172219755], [9.74836004382919, 30.379467984917273], [38.000491498303035, 15.916286754460339], [10.504299981225909, 29.722038992497225], [89.1417988106142, 5.836238870793896], [19.82935546944753, 23.55467282236948], [95.94716485207977, 5.2740139773062245], [12.871790294105791, 27.851123909131033], [17.530263165486808, 24.77709750579502], [84.63639719956106, 6.289199242834947], [107.37795957844226, 4.601750998309623], [22.059039349816317, 22.305548841053813], [78.10024983923, 7.082709801889023], [100.52003568585785, 4.967826558619111], [86.85701092246603, 6.057201912276935], [55.66002315612051, 11.160850763089648], [15.56315111934963, 26.011679538472222], [27.54477223325428, 19.853295250079917], [31.98199155858569, 18.008230087053096], [23.366956539818183, 21.66250844069291], [76.02247686829128, 7.373959100865167], [72.16128226490467, 7.97360231369149], [1.7477156965045646, 41.11464792851409], [4.694854104497958, 35.85478643887477], [105.09618334588428, 4.711988817513177], [98.21400667605417, 5.115573644060783], [66.62297328804323, 8.94096172830935], [28.858785654118762, 19.231255265057975], [61.35081037464056, 9.967878035526851], [93.63544346744104, 5.449855523120996], [52.12695156545631, 11.979758710109271], [68.45203271961009, 8.612305276161454], [16.51836016891426, 25.397633709267105], [116.46190016184163, 4.265196289419843], [40.884350044545016, 15.013894056461533], [4.19093181306378, 36.63750304173011], [2.0422545454596195, 40.40921854507516], [80.25569248850482, 6.80144708361367], [20.885334772032074, 22.90924466836991], [114.19379903771991, 4.3348209110420886], [39.429370530166906, 15.47778260688412], [8.30299485604852, 31.71165945724139], [11.253774119439846, 29.12549549791757], [1.4699467323876205, 41.84052317610471], [6.436854768286164, 33.68887621774233], [9.007697367655258, 31.076805516145907], [7.034981934572643, 33.00984307844641], [63.09856817799863, 9.615946345834237], [70.26953811900447, 8.297289672113369], [2.8014533644458632, 38.92912001833723], [118.90501515260137, 4.2001582075381805], [3.6817195241727987, 37.41576703632474], [131.24763690723967, 4.014461315254217], [111.9364253549025, 4.413351997395218], [3.182330381558371, 38.18179128229806], [133.58079342961327, 4.003702776277899], [126.12586157773119, 4.064144641695133], [0.33114691134023155, 46.07064854816153], [121.56581290179476, 4.140557855252136], [2.4305158798959647, 39.63858383498416], [0.09797739840497127, 48.11952716725428], [128.32498139610104, 4.03830065469448], [0.1769927874702569, 47.07012910299683], [0.7910917484367335, 43.942699673914056], [0.6334308661041392, 45.00723979757369], [123.86484340594302, 4.098086447488368], [0.021752639559788466, 49.13578842818559], [1.1685970976997193, 42.671134558985955], [136.0, 4.0], [1.1032761528793502, 43.407139908704465], [0.0, 50.0], [136.0, 4.0]]",22.13
BNH,CCPSO_strict,16,100,0.423334,0.278331,5077.866493,0.688491,0.380802,92.0000,100.0000,"[[0.0, 50.0], [34.13834051631663, 17.22001197419136], [9.363362223282653, 30.712081377375245], [12.323771397843945, 28.291385721381445], [26.314592992392615, 20.308503431211605], [40.964089148696, 15.00005600744809], [7.273867722083106, 32.74802259000684], [79.11297273806798, 6.948008362760093], [22.753071122283046, 21.962331560795477], [45.63028845755872, 13.64388253708897], [21.62791533581713, 22.53101160825137], [36.7242325926922, 16.33528695463924], [2.227950934036283, 40.00280434784289], [27.55152326422342, 19.774027923843335], [2.6008276409947535, 39.26136734794798], [77.00171724880944, 7.23413765904184], [70.7569568385345, 8.211723694187576], [19.50499000134125, 23.65242984377868], [51.92375635405182, 12.028603873877877], [16.623991902356583, 25.334500389688777], [57.11568024633226, 10.85880240997323], [42.48424535775016, 14.533282660219601], [10.783926333857343, 29.480953006061952], [31.45839486808098, 18.235282668129422], [50.34151640125064, 12.416902993367355], [3.42324498282603, 37.775428317055045], [1.2943322475590346, 42.281799091245574], [39.554554122481264, 15.445182883927508], [68.76929821141721, 8.570087475968958], [13.993103300311311, 27.067086276538227], [55.34428909773552, 11.233748709797375], [6.621816965295398, 33.460632424946596], [3.888425638046109, 37.05808692835258], [10.04301891494799, 30.10390745827593], [28.85594019960171, 19.235166053123585], [17.517038669936888, 24.78603281476795], [66.62224980139584, 8.939777994382297], [8.657591620545643, 31.364929507220076], [0.8211854107492056, 43.808147768993734], [20.647264942381476, 23.070137287399447], [23.973322401631826, 21.391613117470875], [7.957207431965037, 32.048232703090804], [1.0437492898369438, 43.03707795069087], [1.5742810664125386, 41.523446363796715], [83.4299356668675, 6.422786420271701], [4.360102778735777, 36.33013891257089], [88.05940720597653, 5.938749182871189], [64.67000061905902, 9.304887071262717], [60.63388727438142, 10.104269344090799], [53.63457448109293, 11.664201882134375], [32.78358865075174, 17.710578531755864], [35.41241982662663, 16.77488249863441], [47.271830748119534, 13.208226487774024], [15.766963709843324, 25.881460317668246], [1.8892944871636854, 40.758721406360436], [90.46832231869922, 5.715751904849551], [44.04089471214819, 14.084573758432528], [25.111415396221346, 20.852687954813415], [62.66652633742258, 9.695028611081817], [30.1315352084465, 18.74279944377932], [11.5226361087031, 28.883608425521125], [72.81713182578011, 7.865721757131326], [38.14669354454655, 15.868613681556685], [18.508862497721847, 24.211642014429458], [5.415985390546529, 34.90401763401324], [0.44828673162198196, 45.39823761088203], [0.0866928820171678, 47.949328842979654], [0.1747032474071431, 47.08840099614976], [2.993502021785428, 38.51504762021429], [14.87135197282634, 26.450776230580036], [58.913468044778966, 10.511658482640117], [4.877996626738024, 35.612920040354126], [0.2965355372988301, 46.23610064688246], [0.6171646762777729, 44.59986071797088], [6.006071613532775, 34.17264396913034], [74.88471853695224, 7.542373316102564], [81.24571211116296, 6.678961529196348], [100.58590298906206, 4.963798201754048], [13.129468067318552, 27.679772972548527], [110.94507086868542, 4.450857106699661], [130.16012638407048, 4.021961152091658], [92.90534405256612, 5.508520576478804], [133.06278311225, 4.005472698926429], [0.021770590384532787, 48.96773475411632], [98.0652806253938, 5.125559619963207], [108.31609579355802, 4.559588453089823], [116.45487522460245, 4.265397983459143], [127.32182949731958, 4.049229497338397], [105.7838554582916, 4.67759800645858], [119.25575678225184, 4.19164289697343], [48.80423019525834, 12.805119740426756], [103.19085061059614, 4.812699961850664], [85.7430415926663, 6.171386877335987], [95.39151529868991, 5.314933408220756], [121.91260414246516, 4.13362489107977], [113.68572556416248, 4.351678281860827], [136.0, 4.0], [124.5772925183671, 4.086568051824014], [0.0, 50.0], [136.0, 4.0]]",22.58
BNH,CCPSO_strict,17,100,0.431007,0.325444,5257.359504,0.598750,0.328341,89.0000,100.0000,"[[0.0, 50.0], [59.24613783414368, 10.390714137298474], [96.31112836257736, 5.247662221341413], [25.294777847732107, 20.781926430684766], [50.584532205875576, 12.355405202227676], [52.17950878067798, 11.966855377367125], [35.08042707356505, 16.889364615176312], [85.17301418631429, 6.231517213962967], [38.13793343046524, 15.895459216614636], [30.67135290284206, 18.520116624767518], [57.450304212533936, 10.769635331275193], [93.9668583837487, 5.423729889707748], [42.74595914651972, 14.460580234872424], [66.79167427999278, 8.92460562247372], [98.71182168595982, 5.082557429437956], [11.910003929382782, 28.576277608350857], [9.719677668582534, 30.38897207891584], [5.92246112858057, 34.28254856830444], [9.06249563356945, 31.001395241553162], [91.67062909871842, 5.611280775909846], [76.82468050929297, 7.259073033341068], [5.393610632456087, 34.97183039017905], [74.80888287022859, 7.5538327696116765], [14.421872864858896, 26.789520366957554], [44.36512181449327, 14.012892397321295], [7.115005766155287, 32.91805452590535], [11.18641776827107, 29.17285315230436], [18.153222152802776, 24.4156302359834], [80.89366740773421, 6.722048444160187], [6.496512646493517, 33.60206279701137], [55.67404511241992, 11.157825458937047], [82.95229586976649, 6.477201288186031], [39.66154501590536, 15.409328174194073], [48.97036654014806, 12.760798695248784], [19.29555129924187, 23.848354761584382], [47.398294780767884, 13.178883835846202], [4.839493817924193, 35.65464817700523], [62.915079363842295, 9.644606203369825], [89.4858859547174, 5.804448792431095], [22.69512822872919, 22.000054922414954], [16.23787730890153, 25.569110134163303], [72.74843670465538, 7.876864742699034], [68.75185576179608, 8.573345402979367], [10.422646756596283, 29.780866624396765], [78.84205499245651, 6.983592493412933], [61.02294047067505, 10.01877078660449], [41.146266911353294, 14.931598848949971], [101.14490899074842, 4.930029151623714], [24.0212844284629, 21.396307121482636], [17.20938954951666, 25.008186113708476], [116.14583344162682, 4.274355683692885], [8.37853274710503, 31.632839128978638], [33.51658383025983, 17.448963706207245], [118.7170797534703, 4.204804643690855], [20.37951934826474, 23.19361361489583], [26.603123583584367, 20.19787502817515], [108.61651814987657, 4.546466450332877], [36.575408950629715, 16.38009653189834], [0.9754077133889907, 43.260275159929876], [29.271308111436678, 19.061726895157648], [53.98632405567009, 11.563067157159637], [27.85973450904923, 19.654066251422506], [113.59786980243986, 4.354640909221514], [21.53543572528269, 22.59340066063435], [111.07559912420047, 4.445811501184707], [7.742116098069246, 32.287210696634745], [106.09739450834152, 4.662255240483964], [70.72079888927509, 8.21802104809515], [15.293918620032635, 26.170345389723458], [13.624326778484964, 27.32365678379348], [1.237106490873615, 42.450749704249695], [0.7688708171301877, 44.080069257122304], [64.78326381641881, 9.287060442548492], [12.712778575164052, 27.970457470237697], [87.28298799563052, 6.014676286097449], [0.3979378900197175, 45.66323000844197], [45.91177096850856, 13.608700249062213], [32.085684220769956, 17.97195513977378], [124.0554791162791, 4.094929276251753], [126.66708835890768, 4.05713851654457], [1.5949827721629957, 41.47278880676918], [2.277520588435066, 39.93478075489321], [129.11294585655602, 4.030711694324124], [103.60302288350624, 4.790226995407022], [133.6258343421649, 4.00356536506149], [131.07023551619577, 4.015575453706192], [3.69735661021942, 37.35205129934121], [0.5520173745863344, 44.89052427633534], [0.2872252124930852, 46.444710939697245], [0.07085851216226191, 48.148076354535206], [121.33905967114144, 4.145193672984483], [1.9410146589399628, 40.87836218549144], [3.122337442260483, 38.28939595972129], [0.15019328275742067, 47.31225291325549], [4.474867322928663, 36.34801184855331], [2.7226415197643123, 39.23732450494893], [0.012599725935372088, 49.44190742740535], [0.0, 50.0], [136.0, 4.0], [114.618764288252, 4.321079588152736]]",22.05
BNH,CCPSO_strict,18,100,0.412076,0.225254,3301.339223,0.600824,0.331589,91.0000,100.0000,"[[0.0, 50.0], [50.08826405824857, 12.484134391160623], [80.82025716844157, 6.731097852337539], [23.75195351723098, 21.477572235582542], [22.57100000567643, 22.048857965654342], [41.40495256865211, 14.857382413626958], [32.38645654366947, 17.871419652201244], [71.41749532712151, 8.09807394120195], [18.157812812165403, 24.409781726869905], [36.73492856352283, 16.346531449458446], [27.30568863791502, 19.88055787797808], [69.66788530238512, 8.401867863471068], [60.80782188440185, 10.063438995734614], [20.326946108893406, 23.202289390407493], [48.32521999240406, 12.940319541266316], [82.75707467439801, 6.499696181363717], [31.143391853054265, 18.38253754120022], [86.6860549070343, 6.074444006402974], [67.89796333147137, 8.708796144421983], [28.529686106316767, 19.379950389406183], [21.452447224563002, 22.62576131887673], [38.189469180256594, 15.852267681710252], [29.82768295851905, 18.876501376202597], [66.10297039117017, 9.042347617644134], [62.49837471316434, 9.729364524723858], [51.865152920991136, 12.082021311346654], [75.08129642089892, 7.512806441109541], [76.96199028680056, 7.239720125362779], [122.74926553282116, 4.117673499449686], [125.30010383312027, 4.075659869114313], [12.333278444496178, 28.265239639731796], [55.38222009498923, 11.22640477624935], [14.334414242206016, 26.86214083473297], [24.93118139295943, 20.934287590984752], [84.68432106009612, 6.284004914653902], [39.80430755167908, 15.359178924104974], [15.22464858677953, 26.219370788334402], [64.26081392107162, 9.387112260895865], [33.775699422129165, 17.364930498643197], [19.20056833312126, 23.81587329550795], [4.083290661772901, 36.73497053969231], [6.165656406794591, 34.010265225146114], [13.333139650782439, 27.5405520484301], [35.320867436349445, 16.82938579527689], [4.560763042757143, 36.03999434523409], [59.090789813758576, 10.417352396988345], [1.6940509814973546, 41.22012562485109], [16.187232758726328, 25.63338626331314], [44.780401491083865, 13.87811104164785], [26.126745163831803, 20.393935840397134], [105.35247841658905, 4.699051886260899], [8.97421617084907, 31.10321119607398], [8.170519695819344, 31.844845127263483], [17.177239285584086, 25.032179593621105], [127.87133582039041, 4.043065875223077], [9.74241915509652, 30.36682472515037], [88.71396398289755, 5.876299607704314], [10.610694164539424, 29.62017945781907], [100.47046847235806, 4.970864923061939], [78.87866403736533, 6.9787649689891715], [112.62620333579866, 4.388353665286589], [5.6147111463736845, 34.64891053485634], [110.17076979235156, 4.481465749249073], [43.25851559071039, 14.3082644622849], [95.74871761999262, 5.288532074207709], [2.394458963840864, 39.69900131224471], [11.483821857655386, 28.922213773844753], [6.779420412438829, 33.29561230245274], [73.22615784998072, 7.7999181115569876], [57.25688290121382, 10.825155427217911], [46.578519804491904, 13.400639617101197], [1.4149306354070865, 41.94443712209156], [90.86211318110813, 5.68104666629101], [102.88171717926828, 4.829807760268259], [7.463571417234192, 32.588647061741405], [107.77625883980042, 4.583629502140796], [3.2020431151958584, 38.18317030841534], [115.22047734631121, 4.302176359087198], [2.8120989243663823, 38.89604681367007], [98.16470218212359, 5.118877863215503], [133.4265204298563, 4.00635759185135], [117.73263272974516, 4.230107198640638], [93.34178773303864, 5.473266682698732], [0.7758201190919722, 44.05860533292061], [0.6079407909535847, 44.90646971327598], [5.1412052604761325, 35.3024514598835], [3.663693174584513, 37.38384661795753], [2.025180926488977, 40.443543111100354], [53.58738232939395, 11.638378665380772], [0.10510004893160124, 47.73488004218485], [0.05630995271854314, 48.341613962733526], [0.024786414960224518, 49.2190115086032], [1.1609903777669701, 42.9082986303288], [0.38810790718462485, 45.89995179847311], [0.2225175747077946, 46.72652553880992], [0.0, 50.0], [130.64238313524783, 4.018437336831053], [120.21072186956712, 4.1694804183631815], [136.0, 4.0], [95.18992138561785, 5.329987126278379]]",22.31
BNH,CCPSO_strict,19,100,0.417417,0.261485,5595.598973,0.650118,0.360891,89.0000,100.0000,"[[136.0, 4.0], [29.90287394910333, 18.811292409531575], [22.19814149306129, 22.239255641434248], [8.291083162581934, 31.720053937733468], [4.6827977583182925, 35.86944971392159], [5.787360102841848, 34.44371859168653], [3.726524847537138, 37.28952980792067], [59.635012595836855, 10.317656276525732], [54.40794836236075, 11.458610939608597], [21.135030756342246, 22.776119740351312], [31.143586453440644, 18.325703247603172], [7.630124201402778, 32.382511700448916], [33.7169369488103, 17.378378164344866], [67.11998073914154, 8.853320838392179], [32.42416406113048, 17.857135864514945], [6.994067794686281, 33.05508246787284], [52.658205091197686, 11.856199937078504], [49.17738528033492, 12.716123266950003], [65.32843448380794, 9.18062424484144], [70.81638217464823, 8.201391356313303], [18.040057599134272, 24.4846905526289], [35.08896566468498, 16.90389194915101], [28.811390057832682, 19.251702767481067], [15.976268500232704, 25.73320282258328], [36.49958437238692, 16.406398047592816], [2.4501415262441606, 39.548828133607486], [5.216535558789484, 35.15487097163811], [72.74860042517574, 7.87683815426359], [74.67151373476835, 7.574666258537061], [27.65007170575393, 19.74798359314271], [39.53461524319302, 15.42476229207266], [56.15752124117033, 11.076200883449776], [45.80355625226465, 13.595284965500149], [19.082051098064966, 23.908317195347443], [11.331202075690644, 29.04346325324783], [42.66411141698984, 14.48415025236634], [25.49043037460832, 20.673464205542164], [41.02508549162154, 14.965654727030756], [14.986099204150237, 26.376536525518453], [44.27045593635255, 14.022431191067817], [50.91057293624053, 12.28180277459877], [6.394924558460579, 33.74114463023079], [47.50187436008545, 13.141968766607626], [37.99417394445378, 15.915208629071051], [23.286140879768585, 21.703954232982852], [24.410000269537093, 21.1704021007614], [63.403733608518735, 9.560815340071304], [57.92513400291092, 10.664405927875759], [76.66019497921852, 7.285212083811299], [91.58440120171022, 5.618626807140011], [94.12509216462493, 5.411366114254859], [20.11466307879812, 23.347359925108236], [61.53839528257032, 9.96383006619915], [122.45533847432597, 4.1231531667233225], [17.00704471742194, 25.128796287060304], [130.49568466834938, 4.01947572524803], [2.8586388600981323, 38.775836652530046], [1.7666451183203447, 41.087833198269124], [109.34771074853398, 4.515288662998168], [133.23735369945342, 4.0048371852570925], [9.75335838566555, 30.368256606624165], [13.089437491940643, 27.718029256802893], [127.7905200828714, 4.043945380893065], [80.69721337142653, 6.746316052478781], [84.91643715179694, 6.258965896837388], [114.49889012834792, 4.324922834924713], [82.79565208769861, 6.495239210585829], [12.260854247506565, 28.393898295263668], [4.217673071617401, 36.581809989206604], [3.2875187294135166, 38.020057347943826], [117.11980580846239, 4.246684357538063], [111.899125737091, 4.41472928293488], [87.07172759148285, 6.035688898206232], [0.7211306128271455, 44.215240675162235], [78.68753352914966, 7.00403468928742], [68.98448008602227, 8.519322191186879], [9.054091848918453, 31.046480145925734], [89.41215602860021, 5.811228697382896], [99.1609235364885, 5.0533073945990274], [10.536834034288923, 29.70421748362469], [125.111178929054, 4.07843591006815], [2.1285052497968215, 40.32816246757354], [104.21623580227602, 4.757498620961643], [0.09435939672124549, 47.869833042319215], [106.7900950180939, 4.629098832114655], [1.4743096545966587, 41.7941673202959], [96.61910611230152, 5.225640231369053], [0.9622681962249329, 43.385706772074386], [14.041783269852697, 27.019791766543285], [0.02339095254745329, 48.92439162313602], [101.67172939770946, 4.898884545428608], [1.1919018567474133, 42.592747082608255], [0.3366034352209265, 45.981826906995664], [119.80427138169466, 4.178731390504013], [0.20126906782372078, 46.89107943933544], [0.5119797212043735, 45.09325826505952], [0.0, 50.0], [26.60347838869138, 20.247333087194995], [0.0, 50.0], [136.0, 4.0]]",23.27
BNH,CCPSO_strict,20,100,0.417895,0.306158,4264.442130,0.581312,0.308782,90.0000,100.0000,"[[34.36784079407514, 17.138881887689017], [54.967332781748794, 11.317942720483991], [16.19758725525915, 25.59144057003816], [41.26722209469236, 14.930105946330745], [86.59405269255991, 6.083764933991738], [78.39883948083792, 7.042514244342868], [76.4246676144559, 7.31596888030186], [27.652244562276778, 19.742846966535133], [35.66288686002395, 16.692788427594685], [53.39517535370848, 11.681144883147285], [22.70380603049933, 21.983965228210536], [93.14781309646202, 5.488866981135665], [50.45638538860514, 12.407001955120197], [58.29144333735649, 10.586093021437792], [21.6346583260841, 22.55621513329368], [39.771264758841895, 15.349834789303136], [119.51830437016955, 4.18540130784758], [6.829895751253822, 33.24036870487954], [8.92616359724839, 31.107075756951836], [117.01524541310951, 4.249576715548699], [12.386362870382214, 28.22527905885947], [25.030131512378162, 20.888516442999396], [26.321272890948336, 20.302987196266077], [80.38561940076607, 6.7851382123233055], [23.846625595972995, 21.447192822091594], [9.75068939365671, 30.36301742778717], [107.14238465876105, 4.612623581897071], [6.2160295125479745, 33.93785525909904], [7.492003079883136, 32.5594834523136], [38.39228360707996, 15.807848451440975], [5.61322469562603, 34.65292329969067], [31.69697388429899, 18.114109162622523], [102.32933590231454, 4.860921947532954], [36.96756764167324, 16.250087384324836], [56.664553961761065, 10.953105544527869], [13.325945109362806, 27.520965253771656], [44.28751935792825, 14.03223025081942], [97.64353946179793, 5.154184971737731], [14.274374298407015, 26.859380404320728], [45.8644428009857, 13.588734430854213], [114.534318764196, 4.323784282980369], [104.7144400101841, 4.731523250222859], [11.471260052674747, 28.921184654201163], [20.563414699049154, 23.149353038592054], [47.36384403279034, 13.181044999780925], [42.78202990095208, 14.45131137929801], [51.86922100903517, 12.048953538976596], [33.09766639873368, 17.59540089653193], [10.599806363488064, 29.664881419017522], [8.177315601537375, 31.823911093636056], [15.227669654823394, 26.2172025001313], [71.10542677857372, 8.162209216524998], [48.90273312048812, 12.788692747107326], [95.38214036997465, 5.315631001653179], [4.083244551940005, 36.7495781931901], [90.9181502405826, 5.676146945863601], [5.128028317417529, 35.34158208845063], [72.72291407942313, 7.881011491712132], [109.57055595568363, 4.5059988909592725], [4.587437664716985, 36.01940707533519], [18.47963576359316, 24.2719530439145], [28.794325523972446, 19.281175484881317], [124.87693675308012, 4.081951504315888], [65.6174465514969, 9.193404951505727], [130.30617972496856, 4.020860473866668], [112.01393155162653, 4.4104984891451355], [122.18831221429566, 4.128247765021926], [1.5708539685272591, 42.03925417798409], [1.1266631988500486, 42.79518220276698], [67.43433753576602, 8.825417627505468], [61.678112588198786, 9.916274445985856], [1.7338500590285406, 41.16265227048078], [69.49154065575001, 8.4369470178578], [0.6639289692462227, 44.511288793186345], [30.332071191555528, 18.640019109674633], [88.74452382677721, 5.873418366343382], [0.8880170498930627, 43.64460816675165], [63.541924468441685, 9.522081904270042], [60.063297387800404, 10.314020623780753], [84.61654902880906, 6.291353006367873], [0.15352981758336315, 47.267737092793546], [17.25805267106827, 24.942538423290646], [127.57390919337591, 4.046348546093882], [2.7416341830770343, 39.03691155104531], [133.08839202242024, 4.005376980550977], [99.99436340658124, 5.000352325873566], [0.4408047834977933, 45.422744460927134], [2.3624981587324116, 40.11674523027922], [0.08850293102386145, 48.07424535265022], [0.0218600932727971, 48.96713284628871], [19.369487889496394, 23.722242818430132], [74.55487332689685, 7.592432995593881], [3.1523109480321683, 38.26580271135971], [3.9417618547854048, 37.47245723569369], [82.37518165199941, 6.544132546827663], [0.28627129565260184, 46.29461689128044], [0.0, 50.0], [0.0, 50.0], [136.0, 4.0], [83.82379533156305, 6.480092508036493]]",22.27
BNH,CCPSO_strict,21,100,0.413646,0.276205,4198.249318,0.620474,0.330003,94.0000,100.0000,"[[136.0, 4.0], [5.8167203967955405, 34.400338933139466], [82.33687912466962, 6.548621092195582], [102.46567421560067, 4.853177080852213], [49.651030268791374, 12.588534067405098], [21.653935551992323, 22.509827485600663], [25.01247756260613, 20.900499326382107], [45.113571300159435, 13.786178249257986], [19.5435045590308, 23.637924524456615], [93.30416566769566, 5.476283931671893], [40.61359125603954, 15.115404262627806], [72.49640358178576, 7.91797420656685], [43.55766875047387, 14.222912712097504], [91.06418292799458, 5.663423544343707], [109.66362822179165, 4.502148124951143], [70.67930381166278, 8.225257773172093], [9.116760904385206, 30.93815803745577], [107.22022961038698, 4.609018011918447], [59.99813420632917, 10.228210122666841], [48.0952019752047, 12.98941321199179], [58.26198420736115, 10.605358455162282], [30.216615084616507, 18.6852352309348], [22.778872636636635, 21.985531335043163], [54.9192548875924, 11.348104740444494], [61.670141474906515, 9.88836337900018], [35.99810937236667, 16.589671336712847], [32.95638199155405, 17.64736876554327], [51.41421360136435, 12.156334398813552], [13.393749310824099, 27.471745775890273], [84.49417597020062, 6.30466406721345], [3.3017368471540167, 37.99672606756678], [17.49778308128065, 24.821442170066124], [18.525569364982303, 24.200534677062095], [34.40243767673674, 17.134093768287592], [74.38312202191864, 7.618723664198466], [15.45327309946951, 26.08004443716781], [12.448465481685794, 28.168393808343154], [46.606497266742664, 13.379361115951205], [119.8538436176724, 4.177588733607484], [130.49853360465426, 4.019455280757953], [127.79894200424975, 4.043853293276682], [7.698159110293826, 32.31017356331572], [86.67379099648457, 6.07583780367019], [76.29857676331181, 7.3340641853712905], [65.28239057821368, 9.189364076083265], [27.548064805372007, 19.774522327560966], [23.868229098732925, 21.450035641886792], [39.06892827282085, 15.580566748862113], [53.12727847130104, 11.743503046457366], [78.23531414571005, 7.064477432847198], [67.06642403663986, 8.874917237069884], [95.5459768331823, 5.30347435720619], [104.82790867652702, 4.7256835910238575], [8.388217038445624, 31.61886488485724], [100.12220564563037, 4.9923803600126595], [42.05419558109273, 14.668059924263932], [114.67310660302064, 4.319345828518689], [26.201814686308676, 20.357798209879427], [16.41867353717181, 25.45272989646324], [28.873347140794976, 19.226072484084916], [56.57871846288312, 10.964889110297568], [5.28451342685911, 35.10639398704021], [3.744443710373034, 37.25514963158204], [63.462174136255484, 9.546511700123034], [37.54676591049398, 16.079733988251157], [31.545348444147788, 18.1728381773189], [4.224448057937112, 36.526790484332764], [20.56714639632065, 23.074453080738653], [80.28013656944682, 6.798373314621671], [6.404281487423507, 33.70654508337145], [97.82305936694362, 5.141944317986365], [14.399631062487892, 26.76924609609313], [125.12952183523365, 4.078164059414161], [2.155986749542269, 40.157785094352164], [9.887853117739816, 30.249967061434056], [1.8146562729105506, 40.932680971745675], [1.5143772484979978, 41.68004466854366], [2.917200036402831, 38.72909049718601], [133.23423031565872, 4.004848206378946], [2.5117403946728993, 39.44140976569038], [88.84658144325763, 5.863818244445529], [112.15055837792282, 4.405495945009728], [1.2742377350955467, 42.423424670910734], [117.25770188518317, 4.242898460004293], [4.736317446979178, 35.79526909073323], [122.4613034246532, 4.1230406292965744], [10.715453093604062, 29.561769467044698], [68.88425934547841, 8.54022189711355], [11.577650915872132, 28.861153520615844], [0.024735094141715534, 48.90866823096422], [0.09288784403857114, 47.89311877049033], [0.5392308880820113, 44.9750935525152], [0.9829848443820002, 43.24504131532849], [0.20438792160727787, 46.87433278061118], [0.35232657444736176, 45.9641363934423], [0.7464212210508414, 44.07768037580756], [0.0, 50.0], [7.046587331585923, 33.006936993371966], [0.0, 50.0], [136.0, 4.0]]",22.00
BNH,CCPSO_strict,22,100,0.415579,0.228542,5194.613338,0.607609,0.329041,95.0000,100.0000,"[[136.0, 4.0], [50.17884557715726, 12.456666128474886], [37.386341442140385, 16.111930371953008], [48.36109901102849, 12.917841006111857], [46.615423603437264, 13.387934959253805], [41.889459410469215, 14.721241925715624], [13.4223896609622, 27.4502318081107], [28.031624814765536, 19.607944602941398], [2.046864623837729, 40.39737766863973], [21.807718632554405, 22.441797673155577], [20.659930920213228, 23.04530495301574], [34.48086754705811, 17.099034900836198], [63.638531576743226, 9.51125711720831], [95.11281295229611, 5.335774545190916], [35.97028257063057, 16.583971875164018], [92.88802120254356, 5.509931238558782], [90.70203252599785, 5.695096922996842], [38.890504844950954, 15.646498023089947], [130.92043636480378, 4.016549283688474], [52.02106592791774, 12.006598745680513], [24.285167313772547, 21.251410948715098], [26.771740738515376, 20.106240534780632], [78.71629255079469, 7.000221968022171], [4.683582279591395, 35.888640229778524], [2.7965580664171834, 38.87601801341741], [23.012371949541883, 21.846339231451758], [30.57568605295105, 18.560222760268218], [8.513713862907952, 31.496653557949912], [3.212734777463548, 38.131776762406574], [31.830995756095923, 18.064549185222813], [10.924445995949739, 29.382997977881438], [4.156267988720167, 36.6234476998116], [102.02264027648083, 4.878501579853195], [9.3619196812369, 30.801440558997786], [80.57274276204132, 6.761775159332458], [0.8826395896436319, 43.58172138283615], [5.242957101749613, 35.13752172679348], [133.4487341017711, 4.004120835095239], [97.37225551422821, 5.172840648969691], [111.47038328725326, 4.430749916737156], [14.268334805595394, 26.862990215440494], [33.129472903292395, 17.586425778030296], [45.01611928251806, 13.81239933848414], [7.096184533413382, 32.94687021713865], [123.50249126579384, 4.104239667723363], [7.7783479828067055, 32.22884976678242], [118.66890042253121, 4.2060052521876], [84.46010728406009, 6.308379724497636], [88.5678995473261, 5.890113021774821], [82.44733794065017, 6.535692559817557], [109.07736724753981, 4.52669120165144], [18.21766044435819, 24.375132773001777], [67.52672059278297, 8.7963937518199], [1.4072325626444762, 41.97247816215936], [11.734737289423666, 28.71820582253561], [65.5543168713174, 9.141599672949594], [2.4071468583775433, 39.634941684669], [53.91584483122551, 11.557976460723886], [86.45710665509259, 6.097693686559324], [19.462687270561922, 23.705768792279848], [29.28563555959125, 19.062000949992594], [1.7205632506074293, 41.18288034078276], [73.18226650644615, 7.806934931155707], [76.85636182751422, 7.254599758686014], [125.939526799683, 4.066655562789945], [3.664658990407549, 37.38107356763709], [1.129525228086344, 42.7685804382369], [43.43621409934998, 14.258623395199663], [61.74080855913316, 9.896510806288454], [116.24119894713859, 4.271573770549967], [113.84010287101661, 4.346506568003526], [71.31149678588207, 8.116135444807874], [6.43912801348862, 33.67229131684192], [57.8292590440649, 10.725845389801606], [5.838453020734306, 34.38027217157105], [17.103866017262646, 25.03324792848644], [25.553200482557088, 20.652441533640577], [121.07239647486969, 4.150749760024416], [0.6663334738253719, 44.41715965735576], [59.74452024958565, 10.294312027361828], [99.70076006164581, 5.018812059736933], [69.45344238811302, 8.448932299066694], [74.98834216640695, 7.5267627668421255], [0.3163785467502036, 46.11519903214118], [10.090115108325824, 30.078544287286746], [56.02311799767333, 11.116775366185813], [104.34087611887443, 4.750948708690069], [106.67210905109769, 4.6346747165232225], [40.35403173930159, 15.181087697950678], [15.14252219811437, 26.27181166170316], [12.604416075595722, 28.069398067086638], [128.42234527732728, 4.037315787377147], [0.4744069100782923, 45.261078266575964], [0.19533009101995483, 46.924800331880995], [16.196999556649605, 25.646558447324022], [0.023591314006099966, 49.011024296166255], [0.11186606316138524, 47.741946644817396], [0.0, 50.0], [0.0, 50.0], [136.0, 4.0]]",22.24
BNH,CCPSO_strict,23,100,0.413842,0.262959,3837.401147,0.624211,0.335542,92.0000,100.0000,"[[7.977069180775882, 32.02348147491806], [0.0, 50.0], [44.4475924413695, 13.975254260044], [25.513855507594208, 20.675864222659747], [52.27558116582397, 11.94891497519853], [39.86644222052898, 15.325531883793982], [42.90282840984179, 14.415950676982513], [66.5596301785667, 8.953893502339536], [80.20497152583411, 6.807833186515189], [6.071274407105845, 34.096688497288696], [35.733940244058246, 16.73781055716507], [29.18309898625791, 19.09988931039387], [64.68261572373558, 9.303340062053394], [41.428318115758685, 14.877811945637252], [11.584224161344379, 28.83458179085759], [57.289432195424965, 10.810858869752959], [50.642654506870194, 12.343890279602775], [74.25337980546465, 7.638686584027386], [24.34695549871578, 21.239863592478727], [6.6945100245398095, 33.386773349159824], [32.97719432182444, 17.6382087675592], [26.73959463431261, 20.12056780161369], [49.055914313504296, 12.740232991846348], [5.468684060496667, 34.83374207263623], [38.448677001435684, 15.777552020112505], [8.66171859241312, 31.37001569270012], [92.9881348487676, 5.501790684504424], [31.67416714771177, 18.123713361284686], [7.343168976928808, 32.68399808747708], [20.675596799002875, 23.019910765395725], [37.04347625305881, 16.253406659978943], [28.027650476166897, 19.621059167380096], [53.99927787025589, 11.54121465230127], [114.73088182404662, 4.317508345607342], [88.58108166576523, 5.888863511673004], [102.25573800998798, 4.865120634649452], [9.368674842140212, 30.72701243682468], [10.828213353897937, 29.446917090463515], [23.01571672492411, 21.831193949138992], [76.22096412768084, 7.345240981588751], [47.58746644507703, 13.131596613098687], [90.76607059766096, 5.689466828663102], [59.0038513355387, 10.43972130257631], [68.4596401762739, 8.628228868353261], [3.039751197604436, 38.46055745715964], [4.945781897249642, 35.583000006229724], [112.18917505701148, 4.404088377557371], [78.20157005251424, 7.069024756938612], [34.35238496233718, 17.15951391083997], [30.436178242203027, 18.59870547500187], [4.37897158055441, 36.29810411195156], [10.078971444601567, 30.085103861393513], [62.82892749856589, 9.676497497875019], [3.446343244553569, 37.73852910050421], [70.35900529997446, 8.281473782644568], [16.430517053943472, 25.46093858171653], [55.64936749531988, 11.163329953594406], [21.872801679133246, 22.439413241451014], [122.40023819817408, 4.124195329990249], [14.412011593643374, 26.76315395238557], [95.21017139027255, 5.328469957415037], [72.29980813681952, 7.950290983489504], [46.0350578114428, 13.570144306710237], [1.4874804550713567, 41.75902099563541], [61.07156038312108, 10.02148801518026], [125.03655051510391, 4.079547095605835], [0.9346237920250845, 43.443571506839135], [84.28815963276915, 6.32719869659328], [1.2221129130673427, 42.593880666136336], [3.9101651752570517, 37.00380556511551], [17.427226980720736, 24.84086277866376], [117.25698491700973, 4.242918060168672], [133.11637625443268, 4.005273363759685], [1.8164075618714408, 40.948047833249454], [97.5368272775091, 5.1615006157287615], [99.87235149186691, 5.007997941928375], [127.67176881695295, 4.045254579415838], [119.83865528976759, 4.17793840449604], [19.592876202504804, 23.624699551271917], [2.6538166015465365, 39.323115685070526], [107.18820520225016, 4.610499769816939], [12.667878930572689, 28.0990018213659], [0.19873606181736436, 46.9107302648184], [82.22001418592362, 6.562352066372878], [86.42888620335684, 6.100572101983563], [0.3206101080251812, 46.08441324298654], [109.64993522352022, 4.502713582910957], [104.71821358268573, 4.731328589690377], [13.499922552412233, 27.394327806180733], [2.21623703422593, 40.065169084286254], [0.543787265413127, 45.195739120112854], [0.02652331341895322, 48.85971820612323], [0.6905033069029882, 44.296822187921435], [130.35128481771642, 4.02052644300647], [15.392435210861752, 26.15196203639732], [18.601488980832222, 24.23516642088007], [0.09498938640044119, 47.96640618753332], [136.0, 4.0], [0.0, 50.0], [136.0, 4.0]]",21.99
BNH,CCPSO_strict,24,100,0.408043,0.162172,5788.414320,0.610212,0.333968,90.0000,100.0000,"[[0.0, 50.0], [83.33833788460635, 6.433153583539388], [34.138434899505626, 17.2205791534128], [37.5012915643451, 16.074253803486183], [52.5771543527905, 11.873661158867936], [15.284533306617405, 26.18257992624392], [79.32449225818843, 6.920451444923319], [17.171515869136506, 25.025287723832424], [20.181464912991714, 23.284981876595538], [77.38750716728853, 7.180315284843909], [12.733285588987108, 27.96731308154294], [35.820670665138294, 16.63463181769343], [40.925054350536605, 14.997112725301529], [39.241719444146696, 15.55624285352173], [71.71826346040817, 8.047186667484524], [57.620706735736434, 10.739734902453797], [16.206822346328433, 25.591549457749334], [19.130998019492765, 23.861615986775313], [73.56561002032373, 7.746007247259682], [44.290803692602374, 14.019318534867926], [50.93951239772703, 12.270275516998213], [18.08587382385876, 24.449995492899898], [22.601573582207873, 22.06437817660489], [81.32733963642627, 6.669044013064441], [14.40989815054819, 26.76345634772308], [64.4641927474643, 9.34527299952066], [69.90860433232808, 8.361603547303098], [55.9132873784949, 11.104434423278533], [46.01036608985946, 13.556982127547727], [26.080141381581207, 20.409096445834287], [85.44176675158569, 6.2030218623511715], [60.984389731621675, 10.029406469755695], [59.289537278338386, 10.382638314793976], [115.74688750898443, 4.286165467223502], [11.047818132377127, 29.321860668386755], [11.907397680068957, 28.669831778670094], [21.359419901022072, 22.664633758243713], [10.175774646367628, 30.039730740290018], [68.06519923070034, 8.685151054345944], [99.24998425784878, 5.047566711498175], [111.0661923222416, 4.446174027973551], [120.44801736573999, 4.164203152003748], [32.6247525843354, 17.770287590970952], [28.450079273122896, 19.399098526777415], [122.87051478953924, 4.115452034288042], [2.5275913023597933, 39.40274289057587], [23.737592522338296, 21.48892031028788], [8.669325772049403, 31.380122361698923], [2.9618556682697195, 38.595788301335645], [118.09466729536632, 4.220613037323413], [128.03410472007192, 4.041322613395525], [29.808510471338238, 18.84734957506634], [66.30005737240243, 9.014871341014977], [6.623050789049101, 33.49078452971928], [3.435125391573562, 37.80948752206473], [5.961496439461147, 34.22556642627136], [4.9482821339432075, 35.54225677360322], [47.684380669209276, 13.093802192751053], [125.44891788903104, 4.073510445139083], [104.0366454350069, 4.7669968195914105], [7.980912727859299, 32.019262674395556], [9.500838103468958, 30.729076243923423], [3.9581797782344497, 37.07805448003255], [5.435298183876904, 34.88158955599819], [87.94062584223101, 5.950233870717557], [13.558388477431158, 27.374114047623713], [101.59785955219972, 4.903212113194415], [7.312786427038814, 32.741359628594395], [133.3347953001935, 4.004499738656982], [42.3865456204036, 14.562125898276353], [31.25096428791271, 18.289884388444715], [92.19345170900175, 5.567217097312905], [90.23734475822911, 5.7363322524023435], [62.78011549111024, 9.697829064927948], [0.8979260996984253, 43.62095788995599], [130.67935005711124, 4.018180282198028], [0.641359055218151, 44.53387961080473], [49.290117591881, 12.678825979973691], [27.256012680728958, 19.911406490960616], [0.4344940384219396, 45.476616734890655], [106.29172068131244, 4.652851245869833], [1.9021723215333073, 40.972474160686225], [24.91314927950456, 20.968992087726445], [75.45636434712898, 7.4569404888973025], [96.75091229904513, 5.216292285504965], [1.2371375524276078, 42.69217951130631], [0.1502056127825387, 47.30616200976445], [4.411885318682105, 36.292120445466594], [1.612196263205817, 41.69767846663492], [108.71707579915406, 4.542115022974269], [113.38426439187678, 4.36190292760844], [0.08487518494808322, 48.04237851794977], [0.2928198888830825, 46.34181649274845], [2.148839395671187, 40.236065731873325], [94.36313175199334, 5.392899569939399], [54.24170908785676, 11.492970012676565], [136.0, 4.0], [0.01884445593251294, 49.09173399294525], [0.0, 50.0], [136.0, 4.0]]",22.58
BNH,CCPSO_strict,25,100,0.422037,0.292294,4207.944257,0.643410,0.349568,91.0000,100.0000,"[[0.0, 50.0], [28.382956099023957, 19.43955708033767], [38.89550336770115, 15.639072177666453], [53.20552621826996, 11.72630644856023], [116.24492232020876, 4.271465476792059], [29.608622568900536, 18.943383491915117], [67.62193649304209, 8.758287289826503], [37.44528874821215, 16.092695494176073], [6.165420016346649, 33.992811060597276], [51.46660782786699, 12.142237611052785], [25.74894200033473, 20.55801991929063], [43.26633788378166, 14.312066185865776], [34.73484534289756, 17.01052513434491], [41.8167685723638, 14.742405127974793], [85.34397612432653, 6.213360258709674], [49.740664892375975, 12.565444548498169], [6.784931616119824, 33.283189666918545], [11.203228255049552, 29.137095292622078], [62.125824742446866, 9.8088852835631], [48.08182654603152, 12.994809168953443], [30.83114595866342, 18.448258506488074], [69.53788329643334, 8.419439711394396], [105.94931717656155, 4.669475099860659], [55.01361676092144, 11.307449991490166], [118.90676634086364, 4.200115187230622], [10.468474747945901, 29.82978079955894], [27.036332897262945, 19.992247357141153], [113.61995007980957, 4.353895002340082], [22.161444123797764, 22.25270817983326], [44.79140915679643, 13.876158443823044], [111.03942664650415, 4.447206475305139], [89.62734418917196, 5.791489473359008], [18.0092838485227, 24.494669954765563], [8.875415072484653, 31.15335734611758], [19.02917765335188, 23.938384711189222], [21.204908772408313, 22.850331564985858], [5.576199712902544, 34.70275076623447], [77.24524622129775, 7.200080567826564], [65.78429366205728, 9.094411437524752], [46.34449895251399, 13.45565768168617], [4.9845030329205775, 35.45926468830755], [79.18504478092271, 6.9385966476237115], [81.25387080924307, 6.677969040464282], [71.44667033958089, 8.093114403903671], [87.47195860473863, 5.996009428196329], [83.2867608647683, 6.439005306208569], [40.31807204654878, 15.181429222879833], [33.393829236838535, 17.490673217146686], [91.81270811053608, 5.599225392453546], [103.47128725870232, 4.797367940052305], [12.025627474884349, 28.48556915785388], [32.094290873711756, 17.966714370281704], [9.634205550097338, 30.47496201180958], [63.92364697353217, 9.446731684642991], [60.26253004028665, 10.173683059736803], [101.02773858634214, 4.937045452063268], [23.387367264840794, 21.65693386127285], [16.870121142934646, 25.17524406630246], [7.470111404484889, 32.58076712471998], [14.955927940980079, 26.421554013631464], [96.3216017319939, 5.246909174809399], [2.973000217483899, 38.555143118302524], [121.68687696666453, 4.138116052560239], [58.610727778101875, 10.520112479282762], [108.47645258428707, 4.552561552042251], [15.890721155296745, 25.830323843467838], [20.17222228389511, 23.32828363665263], [98.67365698825117, 5.085066426214198], [24.695460176876697, 21.129921472840245], [3.4222135762458334, 37.775224419798974], [75.28523066498181, 7.482342038379792], [12.960920403434272, 27.79128237892356], [13.882344721358235, 27.124859516867424], [36.12257094340913, 16.534848611478644], [2.5573059671443077, 39.34733935173497], [0.4174608194530244, 45.55339059557319], [1.5622410004371075, 41.60126068605702], [56.81306644168136, 10.90631028275397], [0.7996175236717167, 43.90636585662601], [73.33399774643613, 7.78272295448172], [4.490073540213321, 36.23442385136501], [94.05269351647706, 5.417014282539377], [0.2836319516743341, 46.382756464197385], [1.2630455249010644, 42.37118868224699], [1.0162958509618965, 43.12814270554796], [0.5945173734965343, 44.72561468470548], [2.2301368054151482, 40.12182610312158], [8.178881247303453, 31.853766824403237], [127.25370142289988, 4.050023722544602], [1.8782359936093622, 40.820396938170035], [124.45298471183698, 4.088522704068146], [0.07692550210062654, 48.08545362429426], [0.01941980090980641, 49.02263981559665], [132.9207786252507, 4.006019034660386], [0.16134605484867662, 47.23333766104037], [130.19657160121534, 4.021683766011799], [136.0, 4.0], [0.0, 50.0], [3.9059867434622024, 37.01311149066856], [136.0, 4.0]]",22.32
BNH,CCPSO_strict,26,100,0.418663,0.263391,4007.900962,0.605411,0.339353,91.0000,100.0000,"[[13.482083950807088, 27.41565213372514], [32.55023040103919, 17.80417346093883], [11.11215704656981, 29.20690610232092], [11.873868427209175, 28.60327534840242], [38.231872391185306, 15.836198176502041], [68.71930480735199, 8.579430746813257], [49.43948116161768, 12.64188218068648], [33.9298210364329, 17.311257018410096], [31.244187114271284, 18.286264304569492], [35.399525473530275, 16.814893638761056], [16.147067709057524, 25.63069052647885], [36.78312705197747, 16.311908314456858], [27.53427439700026, 19.811989710512723], [61.691517631738535, 9.884491520942047], [19.158409923290115, 23.88015479536915], [56.49482184306423, 10.975543219262176], [17.174088125630817, 25.0368197578804], [46.14605136415916, 13.502245828668139], [22.415417067902656, 22.127568739613928], [54.79335537574758, 11.37411739595067], [78.5126641092139, 7.027297898826474], [20.136952999907294, 23.303624806658405], [21.26628866240439, 22.715484182575313], [12.663560078121165, 28.00305327563888], [80.64636988120517, 6.752622910763404], [60.035047540145484, 10.275293858945885], [47.75810814630712, 13.074244861053423], [89.5858059193437, 5.795288274500599], [66.84846363090448, 8.900916067322107], [76.42018387037052, 7.316611014621715], [15.236018695534256, 26.22337366307634], [51.2045355685689, 12.202567668775647], [23.563729295771864, 21.568747588504365], [70.53056492721169, 8.251284503763758], [9.682041984382657, 30.41889567162692], [41.20158438392325, 14.915947409281568], [74.34743977169262, 7.624205110168333], [39.69959188070844, 15.383247748424466], [87.40231881372128, 6.0028744722299265], [2.964051784441729, 38.57841416390319], [72.38873115542746, 7.9356463743158026], [2.1482779261685296, 40.17457647487065], [28.82503670496648, 19.254588935166005], [85.1014350743714, 6.239150685250198], [65.09798577512994, 9.224499361941765], [30.007211031417963, 18.769067933787653], [24.745945415810755, 21.025641187218824], [0.6937840998608115, 44.297077651779304], [98.50232915622388, 5.096374999943822], [10.384848446948153, 29.813859576459393], [18.106531456537667, 24.443633341625688], [0.9178904792322079, 43.48018966755281], [0.4929774729461779, 45.16318180217856], [8.26149333526665, 31.840772204964594], [96.2129733610002, 5.254733909796346], [42.68676740032073, 14.473593082297278], [113.65337896749911, 4.352767417156508], [1.8470209781138514, 41.00044997469584], [91.72270305443946, 5.6068552683686725], [1.1632462988127608, 42.665041540930716], [1.4746624082564037, 41.81459368861499], [7.46692752145014, 32.588833255018365], [3.4134133868065963, 37.79264526679228], [4.932200793055804, 35.53089531640369], [118.79416854890616, 4.202891644870086], [14.355509850001383, 26.798581350656285], [82.741816059927, 6.5014606628560365], [8.961211645301427, 31.110343155459603], [108.68070551012256, 4.543686517901523], [103.69598247885081, 4.7852114620437955], [52.99511613823997, 11.786812286160579], [6.875004015730659, 33.294043636831674], [123.81274400538837, 4.098958869372018], [93.84270264046523, 5.433480575392655], [4.398321296524141, 36.27942905705795], [121.29362416283848, 4.146132365545968], [2.5676954050030663, 39.37926637058653], [128.4215754232593, 4.037323522364965], [0.3214865307693338, 46.133338372660845], [44.351705145806264, 14.117069210086072], [116.23083360255264, 4.271875372058509], [63.3131389925576, 9.565304782667992], [0.08032333173137407, 48.017265015869796], [5.564084311728841, 34.867958674934265], [26.31979937328992, 20.371954184035836], [106.16408165431041, 4.6590190125251425], [101.04940545231665, 4.935745551184749], [0.18151510253798692, 47.03320681372894], [126.02508995002768, 4.065496263348319], [58.253468627564274, 10.624078041094055], [6.155708967686817, 33.99574480040441], [133.10841189510577, 4.005302749128224], [3.886861033565901, 37.03197473716519], [0.024067477970429407, 48.961823500482815], [111.13827264702577, 4.443400478182846], [130.7074184306632, 4.0179863433238925], [136.0, 4.0], [0.0, 50.0], [0.0, 50.0], [136.0, 4.0]]",22.21
BNH,CCPSO_strict,27,100,0.412775,0.246559,4697.128828,0.625830,0.337403,91.0000,100.0000,"[[0.0, 50.0], [13.445763396226791, 27.437005447316572], [8.92354800561089, 31.109827959350827], [64.3010297759832, 9.374317272687556], [42.632494327255976, 14.504081180762984], [45.39712763694699, 13.708765611862198], [66.03877600633919, 9.072571568506206], [48.43876881327169, 12.90064234228888], [37.043869228623336, 16.23863540633315], [87.94906706139224, 5.949416156095487], [27.845410079815633, 19.664173702578474], [85.72743164444728, 6.173018010865782], [29.162749686001177, 19.118243067116573], [25.324125940871596, 20.75641729661765], [71.33226575451474, 8.112591276497303], [34.3751448759524, 17.139794883204182], [77.16330613854404, 7.211508376925722], [55.11746541264448, 11.290365175294632], [51.688873814735516, 12.090924789798176], [22.90375305136436, 21.930523978764825], [11.87697502009624, 28.609376598077624], [12.652918996607294, 28.015113386964103], [33.08195251723325, 17.601157980920018], [81.33105356424518, 6.668593430907375], [90.21829075944943, 5.738037423949084], [35.75388535907031, 16.693077030319255], [44.083729315891915, 14.121124633273563], [73.24580265992367, 7.796780971568017], [75.18830697209108, 7.496794407199072], [41.21236298690475, 14.919445719554766], [8.224159279129845, 31.790346921697036], [46.9086030172046, 13.300724069504431], [106.91316730334363, 4.623313704673194], [9.640334299631814, 30.467846392996414], [53.332431541724034, 11.695260798297682], [31.847942131041396, 18.12059792037767], [67.76093748630159, 8.750621126431032], [101.82614703717023, 4.889879564876652], [18.251136377787212, 24.409230930320618], [26.580053224472422, 20.189673133755427], [120.11920079817149, 4.171540093491234], [7.554385670421992, 32.46093402967212], [50.0975754422047, 12.531842163312245], [5.057198517618646, 35.37361230676058], [104.33566906870689, 4.751221653199738], [15.242281561562422, 26.261643045925002], [58.9431749404025, 10.485309746568717], [125.37373821618407, 4.074592222076412], [83.48165403834689, 6.416947051787846], [112.08416348679575, 4.407922579493624], [69.51330712858982, 8.424045327490658], [4.555943839370275, 36.1112540359309], [39.79742297026078, 15.354861520479334], [62.50781338895663, 9.726398080124168], [11.125105299056994, 29.200314483998667], [130.42880231741228, 4.019958859583599], [117.48343913361845, 4.236770911018352], [127.91316751945467, 4.042614269274217], [122.7551817055573, 4.11756457902034], [3.5423083403443734, 37.6054898815072], [92.37027657364362, 5.552498361097635], [97.00373195411042, 5.198490057863709], [3.1120532955256657, 38.32833574953268], [17.2408919450295, 24.950914301815143], [99.42281102325055, 5.036482828982532], [20.26720429969367, 23.28256475777397], [30.473050449457038, 18.58474476213936], [6.865391433085964, 33.18901811999541], [56.99023280440794, 10.894965225873484], [4.023879128698241, 36.82750832481427], [6.231596748115892, 33.91212054955168], [10.368405897996865, 29.82562784581014], [60.67366761370859, 10.089985141464222], [79.22520490925086, 6.933362162920076], [16.348384085372626, 25.536153674821268], [14.392296071991737, 26.837058166997206], [2.6916094299377247, 39.08050528230211], [94.65313534928069, 5.371812687894315], [21.582583663176045, 22.62894175384296], [19.285693634401763, 23.76860156088859], [5.747362126312345, 34.66393067555742], [133.04995469709144, 4.005520969923803], [1.1038047581621941, 42.84708719864078], [0.17652925710827783, 47.43949977072321], [0.2747424825055667, 46.41209267786077], [109.5082688730979, 4.508585535020897], [1.9465552055574769, 40.71533854302914], [38.432256682909795, 15.800225002463979], [114.67984054522292, 4.319131354527897], [0.6386296540615807, 44.58250054455006], [0.4621573167161653, 45.52335054005098], [0.07635721514197472, 48.10278747643498], [1.3932236405059275, 42.0130557079559], [24.05609512358666, 21.3514196677282], [0.8782267061507258, 43.668778098511524], [0.03852493272809702, 49.02824276870813], [2.2743012311451465, 39.919083261256276], [0.0, 50.0], [136.0, 4.0], [117.21718395448823, 4.244007497954294]]",22.40
BNH,CCPSO_strict,28,100,0.420342,0.249155,4765.261777,0.655110,0.355155,88.0000,100.0000,"[[29.38283685414482, 19.016944015471374], [0.0, 50.0], [41.529558877675704, 14.817278603084969], [43.14784170490091, 14.352216836058847], [30.66422606391628, 18.511176049872013], [23.254317996023417, 21.768942947221625], [22.026475494684803, 22.34034160866036], [39.89539759080756, 15.312732194399743], [56.01450123694711, 11.085510967046618], [49.28240705232086, 12.684628770798483], [37.129713245844485, 16.195477148787333], [97.92760755236849, 5.134853856388242], [31.94017745926402, 18.023098278359537], [16.231061678230862, 25.573078573428923], [38.5220479279828, 15.746406957926506], [57.945599601946725, 10.665392680895753], [24.397332028227922, 21.17283326889225], [46.20413787509465, 13.49466617796757], [44.61816921893942, 13.925102185551099], [34.48685160668276, 17.10904746895907], [84.69561345642427, 6.282782195381684], [26.87209026265736, 20.064372160425258], [7.93247472306173, 32.11132074319339], [8.648002914457496, 31.372377796726617], [3.3747127320555386, 37.86326655145224], [89.04794274185078, 5.844976355394562], [7.2862768898019175, 32.7661408590249], [82.59616766173292, 6.518349107590566], [14.341447168677968, 26.807450201858263], [50.966344313566175, 12.26103101106731], [80.3845772181873, 6.7852687463348715], [33.21612730985567, 17.57106506257145], [107.54128493832658, 4.594280534946876], [86.83718804788921, 6.05919601355674], [112.47989378291747, 4.393581591690727], [109.99434343964232, 4.488603460576144], [25.61651870864451, 20.615841051630404], [65.65471261420478, 9.119259463500288], [78.1937057151583, 7.072008032574394], [95.6877191216266, 5.293016023472389], [10.427662104462739, 29.77318465025983], [35.79085839969587, 16.648956674282687], [4.383070726152462, 36.32100904231321], [1.8851807987905551, 40.762940876819954], [102.69197746976616, 4.840416237421952], [120.07263380330693, 4.172593288177977], [130.3268165820981, 4.0207073008091925], [28.13174146722997, 19.532418960569068], [52.61630552726152, 11.872570716799828], [6.153777399486896, 34.11069218918784], [11.38854669277181, 28.984515003761366], [5.5102138195045685, 34.81411508545571], [2.964257811572875, 38.571119193475056], [20.945748911441825, 22.909284669088873], [1.3402138753386237, 42.16431402516457], [115.05585397680083, 4.3072840250808255], [105.10028156558144, 4.711780830299068], [47.782191057121665, 13.096227770082642], [15.25296518639164, 26.21643022015152], [63.9395614581981, 9.484612462764293], [0.12495952031034556, 47.5421929903507], [100.29192360210862, 4.981858565866636], [1.6021930397693847, 41.451713410889], [93.41419112300855, 5.467471471965373], [61.927612470954315, 9.858131831451924], [3.832519723420276, 37.121281081536225], [117.5407749903286, 4.2352283571389915], [125.11901099291251, 4.078319773976035], [122.60940550452067, 4.120264193058133], [6.681877127155895, 33.42720523385786], [19.79935756952817, 23.52065866223493], [0.01596819469517729, 49.111399454003035], [0.6713812313068815, 44.37513279538214], [13.479204469807087, 27.48942013230389], [1.1140850133544928, 42.891912411528125], [59.85144749310854, 10.259472056593133], [0.881507197074034, 43.635219096101274], [18.700576232777465, 24.101539918022624], [17.395812602389732, 24.892755891286704], [0.5077266146252377, 45.147366738663465], [91.24600462792301, 5.647673102028242], [54.37481781956103, 11.467786955863705], [71.95367037159617, 8.00884832477912], [4.91369548203153, 35.555627670042355], [12.397078255163446, 28.215891952121705], [2.2449597441200853, 40.03418052776834], [0.3500888457377532, 45.946588496236245], [9.614603742733795, 30.480643879214387], [67.43712219271976, 8.799249726625607], [76.03867372566873, 7.371608390673245], [0.226293705098923, 46.702004805509034], [69.69528125870877, 8.400001967193703], [0.06459448046691488, 48.26103000347889], [127.7186794361482, 4.044735005748328], [2.6409521631833788, 39.30900234537289], [133.04872498454722, 4.005525608409222], [0.0, 50.0], [136.0, 4.0], [73.96144132669676, 7.68393189267109], [136.0, 4.0]]",22.11
BNH,CCPSO_strict,29,100,0.412642,0.226818,4978.765873,0.615395,0.325110,96.0000,100.0000,"[[0.0, 50.0], [20.440951160210783, 23.14707901516246], [37.709551708134896, 16.006208452382225], [52.23738717835607, 11.95799427554058], [17.133574962431467, 25.056069971861035], [64.13639984870267, 9.408505294655615], [71.35970734872615, 8.107912379392879], [10.005408255432346, 30.141807175955194], [22.803405848041475, 21.947248769271773], [21.606047821218507, 22.534368513035076], [62.39954705424975, 9.743462388948917], [75.33510696103923, 7.4749235401508995], [60.7720818382806, 10.074795806849421], [67.61880933607387, 8.75898650340731], [55.715256729616, 11.153942063366443], [26.570847988467357, 20.197905766921778], [7.855970788170147, 32.15314350926494], [18.16534733165198, 24.40771414427168], [65.82799643978638, 9.089378994363146], [43.69555665318383, 14.182341662074414], [10.779983929185654, 29.483355545523246], [25.321269079967593, 20.78889692675142], [83.57827716230726, 6.40606498758215], [100.94658892175032, 4.941923964930991], [14.214907307485618, 26.92067087875344], [122.64243337266646, 4.119649668933641], [53.95237662260158, 11.550655580594135], [5.405179052193496, 34.915353060979015], [11.60065080724775, 28.817686613117772], [30.706916768815844, 18.49676197798854], [57.48357025317034, 10.781348326468017], [98.60116108628512, 5.089842509227538], [8.561465620679275, 31.464417393558577], [117.61812844711085, 4.233156095789765], [87.6496003388844, 5.978571893556858], [115.13244810383605, 4.304901601124008], [13.325437363086383, 27.532402524703947], [19.27281176598204, 23.775726290832253], [12.436532439895746, 28.17325239359166], [2.51705679428505, 39.430545393944016], [33.448968884918585, 17.468596562089985], [2.126734937108983, 40.21993470836816], [59.084776231423874, 10.418938073790766], [16.092985991193817, 25.65927962757243], [120.09175495372176, 4.172160404327495], [42.172201730868764, 14.652475062809197], [24.010144963790182, 21.356169239311487], [5.979042537389152, 34.212729646896506], [36.26561020548843, 16.48824355262891], [110.3166712480941, 4.475609012286902], [89.74583287397675, 5.780683477678535], [96.29019458282951, 5.249168260033363], [45.402585700259905, 13.712620517111617], [69.50000724799852, 8.435406424365702], [40.67233931838902, 15.087071236848201], [7.203358075010497, 32.82590860553984], [81.50283541056504, 6.6478140878604925], [50.54616180634463, 12.367913207259935], [73.31420730914024, 7.785873772986906], [15.179910016409192, 26.297232629715875], [127.87329968254996, 4.043044618236034], [39.16404042586707, 15.541146145247836], [6.598325315784022, 33.515902720031285], [49.086704446443875, 12.83599927456416], [85.60113341610051, 6.186247297325909], [107.97733358199682, 4.5746052074270835], [3.382119580965891, 37.845553504349965], [4.339066599502907, 36.36005205138336], [130.51572805107872, 4.019332124712918], [91.85187050990483, 5.595913117552352], [77.36892245533956, 7.182891979722886], [32.04495379781417, 17.984186794825625], [29.301489735774943, 19.050510432986094], [103.29261302303635, 4.807115836526244], [4.857936806710538, 35.65860228251605], [1.473863040673356, 41.796112139638794], [112.7409017115631, 4.384283168744369], [0.2841653661706256, 46.310533962288375], [28.00488227516631, 19.625312770150227], [125.24468326704054, 4.076468725225637], [133.31536254943563, 4.004566048310051], [79.41593380627575, 6.908599174603921], [34.96141284941078, 17.000033509164243], [3.850940913992069, 37.10611017528937], [94.05569519749645, 5.416779812752081], [0.15514587917880515, 47.297918247714726], [47.13557329765037, 13.240213167899677], [9.275150112656492, 30.805589554766772], [0.016499031115488803, 49.12499031720554], [0.6958378798774609, 44.29283231285636], [2.944949781995876, 38.62318168459819], [1.2421933549167608, 42.43078485880666], [1.0215436013812191, 43.27969614228533], [105.62098962555625, 4.685650804325587], [0.47493045945019885, 45.24981275335336], [0.07469102595642606, 48.118751370628075], [136.0, 4.0], [1.8540215431137401, 40.90316829078759], [0.0, 50.0], [136.0, 4.0]]",22.18
BNH,CCPSO_strict,30,100,0.413537,0.212714,4192.429677,0.620014,0.332100,93.0000,100.0000,"[[136.0, 4.0], [16.371258222819325, 25.482302559862433], [19.352791360939232, 23.73206178495503], [64.64835821870747, 9.318545530184224], [21.543366778428716, 22.663597951881137], [31.683698701529508, 18.12428278978666], [27.47806971067886, 19.808200779178193], [10.819488701323953, 29.446728869348142], [62.72394427575028, 9.680523522021444], [94.67729838132394, 5.368770297343358], [58.88441591885982, 10.460493545776547], [101.62545245436067, 4.901594118334599], [40.14769763122657, 15.238972364452422], [128.43302088267876, 4.0372086118535995], [90.21123649766363, 5.738669008944097], [130.9246891670566, 4.016521218638162], [77.97107065990937, 7.100225830509734], [17.371505887642208, 24.882839644651497], [53.04780001357001, 11.767994193411766], [41.56745340059242, 14.803172425603254], [133.44724433630446, 4.004125680406592], [20.401174806206587, 23.187666997194096], [5.178323272336203, 35.204238328058125], [2.4488173783291574, 39.54715641081472], [43.05530378464641, 14.416992699178579], [51.19503658719681, 12.20533834838223], [46.14582782408293, 13.511115423257943], [49.4983521598714, 12.632683737643864], [96.94056007447642, 5.202922532779148], [26.222301029085713, 20.370266185655048], [18.356641395781217, 24.312692198261864], [35.89347431025145, 16.61800234885648], [68.31249186613022, 8.63822251215212], [34.541719920675206, 17.088363612709067], [5.733651889008437, 34.501770509491166], [3.250125164852574, 38.06837661486736], [2.8567947811955356, 38.81261909764511], [38.653802312339955, 15.70204350660382], [75.97329451981976, 7.381105058720589], [70.14014518341358, 8.319534052111628], [14.451130340573332, 26.73323436125154], [24.952869152360044, 20.921338726970674], [9.156134137787271, 30.902845470420463], [6.352689902952391, 33.79254644545196], [74.04033884233078, 7.6801342864239865], [72.04786856960138, 7.9920285308702645], [106.4060855780277, 4.647354265952311], [81.870608574415, 6.60373012679691], [4.664420327486208, 35.895047368967326], [66.41718066012011, 8.987433491728215], [8.378963905254643, 31.630091963174927], [22.596170192943255, 22.039441731793872], [56.93298084274416, 10.883082542268927], [88.03753811920349, 5.940860121667855], [3.6887435467439165, 37.349861027280554], [1.4504193866351098, 41.84755692786757], [92.40715555263937, 5.549440242356286], [111.28418185504671, 4.437816603104386], [104.00296110480821, 4.768786313041329], [1.7558224722377278, 41.07966869182424], [28.852747768103086, 19.231275085223285], [108.86159445314631, 4.535896960518211], [47.78139840613602, 13.067418856394475], [2.100629235507336, 40.30326467332755], [13.481530104779562, 27.414089989463967], [60.811243579340896, 10.062933634015224], [123.4484338302554, 4.105174792529901], [1.1715011082226956, 42.64793778497012], [0.9187168341707019, 43.46101886973476], [79.87998476322416, 6.8490116178709535], [6.98826360180573, 33.06099590922096], [85.90226539839986, 6.154798592372538], [120.98336748727138, 4.152629929257533], [23.80434180863023, 21.482849714181953], [15.39826688706103, 26.110209826519316], [118.53114482005601, 4.209459372852091], [7.674517416517029, 32.33378283666707], [44.62926384260449, 13.925820486791212], [37.238303151867086, 16.160090277611786], [54.90938523129124, 11.332097617887072], [33.077425198466585, 17.602261686035018], [9.98571276860494, 30.17269133935365], [4.186962703223673, 36.61187737572962], [125.93246543771222, 4.066751716587652], [99.27589511010146, 5.045900250922767], [12.588625658310029, 28.058716510214403], [116.04909526810668, 4.277193827127613], [11.667119359376182, 28.76469770353517], [83.88493337500398, 6.371763197878824], [0.09572781856661054, 47.88152774013177], [0.03299820928856594, 48.88228032809175], [0.2685727251574628, 46.40322454965539], [30.24405753516922, 18.674357197485083], [0.6840664693218972, 44.32288031651345], [0.6753371985363775, 45.45320390954919], [0.0, 50.0], [0.20289617734178186, 47.3839314806326], [0.0, 50.0], [113.66949519749085, 4.3522245322106725], [136.0, 4.0]]",21.72
