problem_name,solver_name,run_id,final_archive_size           [archive solutions at the last iteration],final_igd                    [IGD of the final archive],final_gd                     [GD of the final archive],final_hypervolume            [hypervolume of the final archive],final_spacing                [spacing of the final archive],final_spread                 [spread of the final archive],final_feasibility_pct        [% feasible in population at the last iteration],final_front_feasibility_pct  [% of returned front members satisfying all constraints],final_feasible_front         [objective vectors of FEASIBLE front members only; for honest cross-algorithm HV],run_time_s
CONSTR,CCPSO_filter,1,100,0.022126,0.010249,4.268277,0.040917,0.507564,63.0000,100.0000,"[[1.0, 1.0], [0.5869784486216123, 2.9515378857107613], [0.43354855658662306, 7.147011442636565], [0.6131723299517174, 2.4550714278481736], [0.4858346226117789, 5.443096756150797], [0.43785255060715517, 7.0100898354105565], [0.6466070894473978, 1.8686535631423309], [0.3889141601446578, 8.999113230749673], [0.45208957561499613, 6.4991700451549415], [0.44835207008867517, 6.618985669806047], [0.6356362799239642, 2.0183153971847316], [0.6298465578750413, 2.1264725513610627], [0.42163048124877484, 7.602708505279017], [0.6184328842347246, 2.3514797918962667], [0.8686811638732469, 1.1511703506281097], [0.458902246109762, 6.265991437351603], [0.5431522780182705, 3.9410722869628603], [0.47730483401470597, 5.67410415823713], [0.4187837663527733, 7.7239567879935445], [0.5542599485099055, 3.632861984757562], [0.5604858588905768, 3.5344363358268898], [0.8349039480226162, 1.1977425695116146], [0.662125602416491, 1.5729841090834114], [0.7646507856294873, 1.307786533138477], [0.6818567545485963, 1.4665836971315498], [0.8802260916540688, 1.1360717541567749], [0.4064170572356431, 8.233837131383131], [0.5810234688801807, 3.04790751828155], [0.5465632669414895, 3.8210974939602127], [0.42487884135468207, 7.4970109803416465], [0.6241604047508881, 2.2213730218093177], [0.8572697344962289, 1.1664939980502707], [0.4556666209427236, 6.383873963844893], [0.4694896810673576, 5.912958358804325], [0.43077009796375537, 7.264218184409106], [0.5205293148748974, 4.4913651006696], [0.5082249522812162, 4.847918780436624], [0.4823815686908766, 5.5654011022706635], [0.4902053997295018, 5.3231199578124535], [0.5505548650555444, 3.7204988077226275], [0.4665740607983121, 6.0592189259830915], [0.44152006856153836, 6.85980878580028], [0.7040926531552548, 1.4202676246069232], [0.6087531984508696, 2.539565621613211], [0.5919491605394915, 2.827919119908889], [0.8245197687107249, 1.2128271970527378], [0.599559856409518, 2.678623632189818], [0.5256150558241912, 4.361419069695894], [0.4928521001884508, 5.233078129815836], [0.6701402784942361, 1.4922248849851831], [0.5719324712482815, 3.2743607510170154], [0.5149602369429316, 4.5982669324102785], [0.415600447442918, 7.8481103007134205], [0.7838220118336873, 1.275799843462653], [0.9250661503545968, 1.0810037742886598], [0.6420266122362467, 1.940110294374274], [0.9028477011157793, 1.107606519642411], [0.5660217741282967, 3.4058912538044623], [0.4627231860126554, 6.164323964556306], [0.7741425974543795, 1.291751678939138], [0.7360867276747486, 1.358535567077723], [0.5018727715338974, 4.962476101246886], [0.9577305803050578, 1.0441349796740107], [0.9360194272410686, 1.0683538940505917], [0.39415224027701407, 8.764869354277836], [0.8040665543446821, 1.2436781440499096], [0.7939469268421837, 1.259530034302626], [0.49940889675859845, 5.138196781706062], [0.5773320474968652, 3.168374569713478], [0.4096992773671558, 8.114661987825299], [0.39936052786480125, 8.546235886637133], [0.6574112481200574, 1.658311805285734], [0.7254472080188193, 1.3784600573913275], [0.745628803418976, 1.3411499065146635], [0.5318297443645955, 4.280564214559939], [0.9468918000364605, 1.056086872820627], [0.7551348700561499, 1.3242667497604006], [0.6931208754430594, 1.442749793621172], [0.41285560948118394, 7.973930656036009], [0.6519740792677537, 1.7478876989070204], [0.5389321096284705, 4.049591475717215], [0.44498470428031883, 6.7378180238747], [0.5971574498351361, 2.75690548713485], [0.42771845524576796, 7.373679338217747], [0.8142388265661051, 1.2281408935229812], [0.5105619093084526, 4.717102326167962], [0.47429131828636406, 5.804397236919894], [0.40380687258940484, 8.343852751300316], [0.9682715502121131, 1.0327681318127506], [0.9788410244501033, 1.0216163554871267], [0.8916032890520129, 1.1215750460759726], [0.3916254005063277, 8.877285492322313], [0.4013439513159986, 8.44880697256353], [0.7147781551403387, 1.399035480881003], [0.8460251046307391, 1.1819980217211943], [0.5342745901065876, 4.171155300010183], [0.9894540110901979, 1.0106583921956942], [0.9140031126028126, 1.0940881778315759], [0.3966956918834865, 8.65170777570955], [1.0, 1.0]]",19.86
CONSTR,CCPSO_filter,2,100,0.023195,0.010896,4.600595,0.045013,0.554569,69.0000,100.0000,"[[1.0, 1.0], [0.5846952022329132, 2.9950127482484348], [0.5280931228798842, 4.30359073743435], [0.558073879560827, 3.5572643456928703], [0.4382043231119468, 6.978762051086693], [0.6501758858904727, 1.7695921471472487], [0.5521361689490238, 3.690817839493843], [0.5491288097982413, 3.8278400072285854], [0.5333114426857146, 4.184180202495085], [0.40698220786424855, 8.206465896505257], [0.6257149963517782, 2.1959764591964688], [0.4417968631775349, 6.844770439341149], [0.4745447434028265, 5.757273867418951], [0.44530712834317304, 6.726350393863821], [0.61990022074544, 2.34096592534909], [0.6116452065831761, 2.461252241375273], [0.4217576295121459, 7.625152292356113], [0.5106596190975944, 4.739057471754821], [0.7407358950540324, 1.3500088313217977], [0.4707659720651879, 5.8696068170590925], [0.6478491997057614, 1.855036593577187], [0.49032722591490574, 5.327974270027797], [0.39823713640108444, 8.588722921778876], [0.79393014153258, 1.2595566633477708], [0.4313211822657405, 7.252434659982089], [0.5650239561708437, 3.4190169473728282], [0.5384054774800473, 4.0514818857218025], [0.575599236810762, 3.2092008146005058], [0.570044959457654, 3.281292806257152], [0.5246082402490589, 4.401655432729353], [0.48525182798397587, 5.439279160669682], [0.48087433557145187, 5.56014175583642], [0.6572413137361206, 1.6773960162380257], [0.6407482010227705, 1.942868800554032], [0.427886524932409, 7.361038308476962], [0.43459408191667376, 7.116779429101724], [0.449344495870476, 6.603165637578867], [0.5024525559782099, 4.943768625764802], [0.9275614048324177, 1.0780957409290546], [0.4246725544142466, 7.491561366008355], [0.4642569767075856, 6.087098623767319], [0.5950518363421735, 2.798659472756592], [0.6620952055678258, 1.5868125587274313], [0.4125936488965098, 7.9827897766411215], [0.5198949138102417, 4.523170710252732], [0.8159712447190386, 1.225533383035241], [0.7208661573937427, 1.387220068168344], [0.5138921662886968, 4.621752439364242], [0.6307300893100442, 2.1391186318336994], [0.4154123318796505, 7.851497716136502], [0.8049248365460544, 1.2423520241852846], [0.9180658444053, 1.089246491516929], [0.5788719961665525, 3.0930279296654524], [0.9368492158468461, 1.0674076287677414], [0.5421101827568999, 3.9319393677469607], [0.6020622036266832, 2.648162112514515], [0.9085434539318288, 1.1006628198930741], [0.3889175758196664, 8.999174169978232], [0.4094446627143134, 8.101797784024631], [0.4183475828975867, 7.733999965017252], [0.40094374334914085, 8.46630798935027], [0.4534258772040278, 6.479661029640922], [0.7618086517927274, 1.3126655855728975], [0.5913861172584394, 2.8913241328486237], [0.4778940395279663, 5.6694759776760915], [0.9460722449360618, 1.0570017304202628], [0.667685473444224, 1.4977111825446001], [0.8791271111699682, 1.137491936369896], [0.39519202118601043, 8.712911603651678], [0.63654533442807, 2.017851115285671], [0.6784691105919681, 1.4739064526128454], [0.9732446467652083, 1.0274908814795118], [0.7723252077501077, 1.2947913520952412], [0.8376693059583278, 1.1937885187949668], [0.6996997136763003, 1.4291845208080598], [0.4569149030457488, 6.337111999493038], [0.5057750408895781, 4.857604468080758], [0.8587545365759695, 1.1644771088921466], [0.9910705846868989, 1.0090098681678885], [0.7831507520515005, 1.2768933661628397], [0.8690635870625193, 1.1506637890330358], [0.9552446907788692, 1.0468521936349513], [0.6890372044510065, 1.4513004429082383], [0.4997850473418929, 5.065593300820543], [0.7509841990026409, 1.3315859392621967], [0.8888207250362801, 1.1250862764920133], [0.46067015093120284, 6.217255034978095], [0.7305234077111342, 1.3688815299337034], [0.9821513148097907, 1.0181730502429414], [0.8987140613455967, 1.1127009613077081], [0.40406262628318446, 8.336009295177481], [0.39222282733115243, 8.858061083046476], [0.8269159949383661, 1.2093126824503313], [0.9642668509242562, 1.037057323957049], [0.8481593002239403, 1.1790237986377903], [0.49480719942847057, 5.185935477728026], [0.46824470615650937, 5.953054990671062], [0.710279523450428, 1.40789642244247], [0.6103500932696277, 2.5881799263892615], [1.0, 1.0]]",19.56
CONSTR,CCPSO_filter,3,100,0.023043,0.010746,3.542223,0.043489,0.528946,66.0000,100.0000,"[[1.0, 1.0], [0.5153014198318421, 4.654820930576667], [0.4399638938986019, 6.9701286372250095], [0.6187520010481768, 2.3788090863774274], [0.5207347011066256, 4.509780229138485], [0.5598560465788882, 3.563391829969275], [0.4499301965696309, 6.56660040994906], [0.5841102634618198, 3.036025336219849], [0.6272566395477773, 2.1820592539575148], [0.4899910783388117, 5.301073634314135], [0.5638088442349845, 3.420179245669562], [0.40186649620480647, 8.423538678150546], [0.43679233708323406, 7.072454109646885], [0.5483648160449752, 3.8173687883860223], [0.40876601863166373, 8.126119006880435], [0.6219370958514161, 2.267840147902185], [0.4422088357802269, 6.845424343170514], [0.4331193794630674, 7.1921258903823], [0.6082339148231645, 2.5761678699629997], [0.4122831033308859, 8.000531719822945], [0.5790176396884003, 3.1149388603243713], [0.6379229643258505, 1.992325238385352], [0.6791938246843933, 1.4723337634359064], [0.40552242261222343, 8.275836689304821], [0.3955170222860013, 8.703894103859216], [0.4877958786904981, 5.405356470356795], [0.7812034358275951, 1.2800762952874307], [0.8131148882869669, 1.2298385067167497], [0.6680340827566742, 1.4969296115453463], [0.854863453546268, 1.1697774607765201], [0.8025623597050752, 1.2460090956265117], [0.47257182303831424, 5.821017668844759], [0.3922026392727609, 8.85135391226354], [0.5284131414228765, 4.304462204137072], [0.7919209788979101, 1.262752252619531], [0.502241462409418, 4.945399399738303], [0.6504791303146039, 1.7827036626614026], [0.9688644111078727, 1.0321361673885043], [0.9585975722462747, 1.0431906244626796], [0.6127942320372303, 2.45804810561074], [0.8337838933429418, 1.199351544188072], [0.531577276285079, 4.177285743407174], [0.4798105986290023, 5.599184089027752], [0.461368423940889, 6.201007948716651], [0.4699753385371298, 5.955931209860895], [0.47638030513361207, 5.717354124010495], [0.6021377226148664, 2.6559758150198776], [0.6559261051818173, 1.7172642379494825], [0.5107699194934063, 4.736714314679211], [0.7202399160520101, 1.3884262420243143], [0.823337086092147, 1.2145693627701852], [0.7301423808636787, 1.3695958845959733], [0.7001121523612149, 1.4283425828667253], [0.690068693556791, 1.4491310927985206], [0.9179507621577577, 1.0893830488787604], [0.48393078865689854, 5.492031924397188], [0.5707243511652591, 3.3380730579899778], [0.4148742783077086, 7.8814162282371045], [0.5417686987972795, 3.93548259444671], [0.5925003719580286, 2.8147407608582857], [0.5067168842597828, 4.816522276695236], [0.644196540477282, 1.8692928933522697], [0.4293480406380322, 7.311901168823663], [0.9484482324586635, 1.0543538021128458], [0.5745090174598071, 3.189307252988465], [0.45406799386331503, 6.448160046665565], [0.633703024623578, 2.0982728250466858], [0.4457401384966064, 6.708723091708253], [0.41821249054172555, 7.769354886872869], [0.8654729898293634, 1.1554375604456009], [0.5981614789925923, 2.73774730352305], [0.388911232651683, 8.999999563830654], [0.7706483529845943, 1.2976086903023467], [0.5553442623983179, 3.6444582172083506], [0.7101851566495996, 1.4080834985592259], [0.8970151329801432, 1.1148083942326719], [0.9792251429344501, 1.0212156082954464], [0.5515740781351076, 3.7252733726790463], [0.5378832275607197, 4.087074743876039], [0.4654546107630114, 6.076928401942867], [0.45716171000594474, 6.312934543427829], [0.7497471960109249, 1.3337829141883562], [0.4973055062849671, 5.081560814620196], [0.4936058525354314, 5.211694650328893], [0.7399420434754421, 1.3514571969759803], [0.9281360762491799, 1.0774282194064035], [0.907441991998496, 1.1019988151503324], [0.662331419187335, 1.596231979113674], [0.886514227348806, 1.1280134815101417], [0.8443143710588923, 1.184392963424104], [0.7600955499038851, 1.3156240687456349], [0.9896154614524099, 1.0104935087941627], [0.3985485916796828, 8.568422219237702], [0.4219071735436533, 7.6324919444008525], [0.42540303671342733, 7.484074672434706], [0.5230717955684987, 4.394527690868051], [0.5877819650437348, 2.916046801438275], [0.9383043858903296, 1.0657522388655674], [0.8760167729779341, 1.1415306542597317], [1.0, 1.0]]",19.37
CONSTR,CCPSO_filter,4,100,0.023755,0.010512,5.536473,0.045112,0.563249,70.0000,100.0000,"[[1.0, 1.0], [0.5243132488439481, 4.3786495493824535], [0.49370003714058597, 5.189740275451408], [0.5815478413163513, 3.0498569572261207], [0.5705677956574692, 3.2812438798977643], [0.40040433632591227, 8.48840666816647], [0.48185280848883294, 5.555548784323911], [0.4653516537451642, 6.081711302382706], [0.6094835670577395, 2.502184086048864], [0.6547457195894333, 1.695963647130104], [0.44950368010377095, 6.574921160912698], [0.49049836857298157, 5.3380580990308175], [0.4034827951216868, 8.361793037039696], [0.5382211462151802, 4.062791159944583], [0.39758152756238313, 8.613914130850372], [0.6378136687884446, 1.9828533235098174], [0.616527945593084, 2.414372682527609], [0.38890494189854447, 8.999673048348942], [0.5523624973697095, 3.689791810587434], [0.9529913525918318, 1.049327464808909], [0.5155085587452871, 4.5843543288739586], [0.6045954144235415, 2.6314600066801166], [0.756424615871981, 1.322008801692993], [0.7350071762874159, 1.3605309339305849], [0.43418693534640107, 7.1279978980216345], [0.6847189061052527, 1.460453320455392], [0.39173104329538394, 8.87200439742181], [0.6657243194418729, 1.520998839097035], [0.5576515645371668, 3.589171610459682], [0.6450715285099712, 1.9250167641413165], [0.43798099363638626, 6.991083177376233], [0.848504834569061, 1.178543667942541], [0.5464147715667264, 3.811920282825185], [0.5425581280980685, 3.964393975543169], [0.8868759281381274, 1.1275534359122372], [0.4281019575916893, 7.388872369680847], [0.9623025921128352, 1.03917417265228], [0.45697473204367056, 6.32029305612783], [0.41541484698103465, 7.85925590876156], [0.4774917972098127, 5.675940632265027], [0.6309201999880467, 2.1036902016350423], [0.4426213794878438, 6.848281752261797], [0.5126982919772085, 4.699569164132235], [0.8387153296596902, 1.1922996571503603], [0.5684973950459059, 3.4179046646528715], [0.43091733468431004, 7.256237346865444], [0.9716490235064277, 1.0291782071588578], [0.5770018662703573, 3.165529333652009], [0.8582959979358589, 1.1650992226515435], [0.6531037222494179, 1.812089707540841], [0.5898292863768817, 2.965313431830435], [0.8091279686740027, 1.2358984471131285], [0.7885596977308689, 1.2681348068859772], [0.6200775438268403, 2.310592431369528], [0.8965895448817145, 1.1153375652310649], [0.7988818654916476, 1.2517495304322377], [0.5951914568361322, 2.839270579942138], [0.7779085921120826, 1.2854980779745881], [0.7146827608857282, 1.3992222210042808], [0.7670781815676341, 1.30364808181137], [0.424270272482825, 7.500627043309621], [0.9253162169791261, 1.080711633115751], [0.46897252868997696, 5.940093497301553], [0.5197055764312803, 4.502028453354504], [0.41275586454673285, 7.970698660359632], [0.7248376170251194, 1.3796193471638556], [0.7456619037910216, 1.3410903720786826], [0.454162765237825, 6.4614339534471865], [0.9158505598168326, 1.0918811909663484], [0.9436995243448129, 1.0596593239720822], [0.41841821182799654, 7.743340237947643], [0.5052657706450275, 4.857948785689771], [0.5987278298656099, 2.730938656435043], [0.9061982392909355, 1.1035113032027746], [0.4066106812020182, 8.219414786245089], [0.48502034327081095, 5.440352362353495], [0.6610007542840826, 1.6019645761912926], [0.3946981071275543, 8.746633804507145], [0.6268145121882915, 2.207841597178906], [0.7046105727100955, 1.4192236658524273], [0.5296470222856354, 4.256609330184793], [0.5613169925678756, 3.4852153350268673], [0.4212371580406106, 7.623123005182179], [0.8190973124477846, 1.2208561605599793], [0.4463415807051838, 6.685351521783314], [0.8773028545310575, 1.1398572281342085], [0.8678548056320827, 1.1522664776531049], [0.4096346312656415, 8.095069347577741], [0.8288543453376183, 1.2064845960271449], [0.9905718308664222, 1.0095179055569663], [0.6945335595094124, 1.4398152347114161], [0.5346017407305743, 4.170532742479663], [0.9344694386577311, 1.0701259545056891], [0.4729905393621031, 5.803372537512976], [0.6744848446175892, 1.4826130015819217], [0.4602177613474561, 6.219632530760849], [0.5024732411041757, 4.980760551973611], [0.49841915063251613, 5.069052955850241], [0.9810670969434602, 1.0192982754344997], [1.0, 1.0]]",19.37
CONSTR,CCPSO_filter,5,100,0.023136,0.008917,4.622851,0.044346,0.555516,64.0000,100.0000,"[[1.0, 1.0], [0.5912408983228103, 2.8780918973276135], [0.47716311673268946, 5.688183321837555], [0.46901585186873174, 5.929246637810052], [0.7409854659360865, 1.3495541356357112], [0.5019384788659308, 4.9684053347036015], [0.5333887632588827, 4.12673233474147], [0.617182637137606, 2.357172342253286], [0.7801175520434704, 1.2818580961043127], [0.40128598345168676, 8.451975320506156], [0.5771588422606847, 3.1465707827952167], [0.47321453719889717, 5.810404094717375], [0.5423559616706743, 3.9670263934517807], [0.6121488655613764, 2.437193863825159], [0.6509070533462961, 1.7978829895367074], [0.48062246722833113, 5.568535274801148], [0.431755402847862, 7.232458951602975], [0.5210301194695626, 4.484747788057788], [0.5675528833013883, 3.3896983726794243], [0.6438484976782286, 1.912980731898809], [0.8000601084836599, 1.24990608755045], [0.4041764657274922, 8.322157149070568], [0.42207060041201766, 7.596535896628974], [0.7899995788899198, 1.2658234595582514], [0.8582633353629355, 1.1651435623509747], [0.42554400376692175, 7.454906419550568], [0.5870948764923867, 2.949982579396235], [0.770268790803468, 1.2982481075948815], [0.622996194585381, 2.2362717186564742], [0.4371142842549082, 7.026205605488367], [0.5719412761918081, 3.253622916773851], [0.8100863985592107, 1.2344362302324325], [0.6649235537603668, 1.6099849814888794], [0.5554987142518608, 3.6083590660139815], [0.4287029459781578, 7.340106859460865], [0.918389611214833, 1.088862491244009], [0.45205583650987796, 6.501240617488243], [0.3980524135953063, 8.592308320988526], [0.6014267156137824, 2.658729818189104], [0.6907859324973121, 1.4476264685715658], [0.7604636484509659, 1.3149872476310474], [0.8198663716357288, 1.2197109609519459], [0.5820938542545864, 3.04045714967679], [0.8393060933876164, 1.1914604312757806], [0.537767893120708, 4.017204507788619], [0.4107159132896207, 8.076424287877998], [0.6310425248336529, 2.1299959522908325], [0.5490074706180941, 3.752706211680607], [0.4346865100809158, 7.132439318671054], [0.9494305878176376, 1.053262884966242], [0.8877529714246266, 1.126439485068965], [0.9799203320837854, 1.0204911228584426], [0.3889580398221743, 8.996898738391478], [0.4559307004195229, 6.387023219573585], [0.7315240074134166, 1.3670091341716633], [0.7013499627116297, 1.425821705520165], [0.7506279047213512, 1.3322179920439021], [0.989953169950054, 1.0101487932509503], [0.8296108970079819, 1.2053843598324612], [0.5113606170131594, 4.725390069555609], [0.49824112924237735, 5.072861275597945], [0.5462474467664156, 3.884935962864846], [0.6570199044508808, 1.685163079294368], [0.5627376793790534, 3.5094061984417753], [0.596982290471932, 2.76636604557001], [0.49303521764416625, 5.2063637874137605], [0.9698552024343158, 1.0310817506469228], [0.41369494403870843, 7.960241671387413], [0.9287529899053701, 1.0767125499126406], [0.4598071797542214, 6.277008636798135], [0.4186425576486543, 7.721324631677162], [0.8679768038326134, 1.152104521208895], [0.44061330482263034, 6.890681319280293], [0.5061214416580773, 4.838527088477523], [0.8778643485652603, 1.1391281598738487], [0.7116486391817186, 1.4051878201437145], [0.606794695834836, 2.556402454714292], [0.8487906829687993, 1.1781467681788385], [0.39193204440644386, 8.862049533350675], [0.5304543175587595, 4.21956135511532], [0.48426992369222216, 5.473835539207883], [0.4913024040272008, 5.358410097597247], [0.4075511667567985, 8.205561937188417], [0.9080899310689259, 1.101212518481386], [0.5259299809237313, 4.349687804495411], [0.3949548426866511, 8.729542242496644], [0.5160935429643008, 4.612491898435778], [0.7219345742520151, 1.3851670714566955], [0.6362910041894658, 2.006111187890268], [0.4475523208157211, 6.653502336736453], [0.897920402812092, 1.1136844611930155], [0.46817574045339555, 6.057418009143842], [0.9595954042296925, 1.0421058662767795], [0.680116522189842, 1.4703362841123104], [0.44425161061671753, 6.765326040263636], [0.46291456979153844, 6.12486124929269], [0.6691220185718327, 1.4944957305909465], [0.93885881537832, 1.0651228743025039], [0.41559057100359365, 7.848788923080222], [1.0, 1.0]]",18.65
CONSTR,CCPSO_filter,6,100,0.024452,0.011337,6.043925,0.046092,0.573671,69.0000,100.0000,"[[1.0, 1.0], [0.534676981819077, 4.094861211421759], [0.4859350437767685, 5.466954336701409], [0.4162065720787376, 7.829533848598568], [0.48101692412268526, 5.55542967066553], [0.541693677699327, 3.987097741861644], [0.5093638781283744, 4.801283961575971], [0.45642332847873146, 6.344164757026856], [0.5959813557679294, 2.7511174866924875], [0.6533534983294957, 1.7521797024035968], [0.3961990872434073, 8.668332101002859], [0.5828450204707749, 3.0206668398898775], [0.6028041312251088, 2.6312698470503024], [0.4496658375252048, 6.60065727978822], [0.4418869895459948, 6.84386883606461], [0.608203502290541, 2.5268229256763735], [0.42520853473147346, 7.466042979193254], [0.6398756389862242, 1.9590248413731848], [0.4078369625551886, 8.175379726307366], [0.5620596710077456, 3.502381247390374], [0.524559496316445, 4.363635946146274], [0.8468800015502734, 1.1808048344150643], [0.6192654000307609, 2.3156986286323704], [0.4129554076417642, 7.95115700070669], [0.6340802939759524, 2.0804908577879484], [0.5204437021562437, 4.459017502031085], [0.46026245355293177, 6.210633929297757], [0.39390860261166566, 8.773288419042984], [0.9452629613733707, 1.0579066787374192], [0.5716950318074792, 3.2996763550939603], [0.5501069455790498, 3.7396290712163314], [0.45282680579812123, 6.463909533580496], [0.8288571830661925, 1.2064804654291572], [0.9888498603265666, 1.0112758671672877], [0.7352259129444997, 1.360126163120542], [0.42235133361270705, 7.598504067395345], [0.7261051104704772, 1.3772110753387392], [0.6610457622453059, 1.597127284871392], [0.5036593346168562, 4.902498763061037], [0.7726954455351313, 1.2941709515415205], [0.6132246914397597, 2.4193587064838886], [0.856086457974792, 1.1681063176325184], [0.8107279405708712, 1.2334594010610436], [0.6772526183087524, 1.4765539076057295], [0.7632420846773167, 1.3102002891032662], [0.7167303393827328, 1.3952248775477072], [0.5897255177164307, 2.8760996289178133], [0.5562352018283772, 3.612821936977497], [0.41914452401876745, 7.7253147632530075], [0.5447139577170578, 3.867658767762727], [0.49223420094840187, 5.247008132181453], [0.5312770145570337, 4.254508126360229], [0.801370185305327, 1.247862746002952], [0.3915901729210652, 8.88526214164166], [0.41028533688480917, 8.062372290235402], [0.43747173826757446, 7.010881151919868], [0.8654410066462968, 1.1554802607229555], [0.6593317919653158, 1.6958680774363122], [0.5654395094697944, 3.399738846616478], [0.4997421632624936, 5.01515816622696], [0.4295877401127454, 7.31963493413892], [0.4723509158590879, 5.8500593896455975], [0.8378704045134597, 1.1935019957897746], [0.7919925865795244, 1.2626380813977347], [0.4458711634633761, 6.721438178533943], [0.48876649581819676, 5.362650742709371], [0.9668426656458787, 1.0342944467929238], [0.8196701211075892, 1.2200029917508008], [0.5116050946659252, 4.687979211261741], [0.8941705494368992, 1.11835488277907], [0.6265031398589528, 2.2037508603204663], [0.6474960117257772, 1.8407630786812577], [0.4020463276331024, 8.423167828879471], [0.40018031204025195, 8.54788683416022], [0.8844876325488467, 1.1305980583564283], [0.40518372802002245, 8.298319104923007], [0.6667121861438818, 1.4998975881688654], [0.9777731952813228, 1.022732065908477], [0.697590605834201, 1.4335055427017518], [0.8748098957987726, 1.1431054961797371], [0.7823402004303388, 1.2782163046842459], [0.4334357185723707, 7.16208867608827], [0.4693170653421125, 5.921557313668805], [0.6877405182911984, 1.4540367673619992], [0.7538362603899508, 1.3265480218246752], [0.4969605570515414, 5.09019263516745], [0.956052963750939, 1.045967156543965], [0.3889707425643207, 8.996512835536588], [0.9139968889217862, 1.094095627808612], [0.5163030770396777, 4.5654090100719324], [0.9040806023897354, 1.1060960685991084], [0.47588981696193, 5.7192360440630905], [0.9243695590564108, 1.0818184028266704], [0.7444130326692074, 1.3433402642271672], [0.5869432150956645, 2.9401416630642103], [0.7069281236410706, 1.4145709677660683], [0.4666869645565431, 6.070190693682093], [0.9348365806619572, 1.0697056797797757], [0.5778042653451745, 3.175577000799171], [1.0, 1.0]]",18.50
CONSTR,CCPSO_filter,7,100,0.022813,0.009541,4.371989,0.044768,0.554625,68.0000,100.0000,"[[1.0, 1.0], [0.5525784528786637, 3.6971492314568675], [0.4690147516172082, 5.941472415590081], [0.7537602200986055, 1.326681845679229], [0.6116264713368695, 2.4985342579573735], [0.792991979798961, 1.2610468018270748], [0.517687997056581, 4.523622753866848], [0.7832130883602142, 1.2767917376019149], [0.620962806395962, 2.2805258938059088], [0.545701417395519, 3.8285798296164595], [0.7636028728599634, 1.3095812437879464], [0.4915889440001969, 5.253096266619122], [0.505368345361509, 4.862003864720091], [0.6593258040386203, 1.637879506812954], [0.5766662963974479, 3.1592190571262053], [0.5319945593334943, 4.1682044378761764], [0.6313466850258695, 2.095799157440292], [0.652242726677147, 1.7496275819510343], [0.465239242997341, 6.061528529777041], [0.5586006140556568, 3.539297874407139], [0.6277072434827936, 2.2157647685828645], [0.4248882709232446, 7.503259735507883], [0.41243451055883523, 7.991547980878522], [0.5272686570537003, 4.2953628911670085], [0.5092208821599319, 4.763521409424034], [0.7734424559961081, 1.2929210082114138], [0.8722984934744241, 1.146396568927836], [0.5135241113326627, 4.663774360890959], [0.49763123541007087, 5.122112419351411], [0.5018330039260014, 4.981772098258816], [0.5365517421779724, 4.093088932410363], [0.6459444075238466, 1.8607640048000873], [0.3919975537893363, 8.863112093299092], [0.59122377890573, 2.8950909551354087], [0.5828349922274918, 3.076041654283859], [0.45158062610654204, 6.505235200812372], [0.4766064992452663, 5.695737830676367], [0.8527682292085145, 1.172651566684346], [0.842870296076432, 1.186422163237936], [0.8029344744876035, 1.2454316407800958], [0.461530007588168, 6.171261639771198], [0.7142902956302282, 1.3999910206223454], [0.9116570046458281, 1.0969037641393349], [0.4732091909770145, 5.83245881084792], [0.6933151410973397, 1.4423455377265482], [0.45510698039932884, 6.388776050429827], [0.8625257253529106, 1.1593857094416986], [0.6393196524007063, 1.9826436928352091], [0.5863355259572797, 2.9813942634778208], [0.6651582834972982, 1.5409975829392137], [0.5221947713120111, 4.421422850565344], [0.4151430220743658, 7.865825311139161], [0.7037388641375827, 1.420981632477381], [0.5985743249029291, 2.6991819115851], [0.9711794283014099, 1.029675846562151], [0.41810969134493947, 7.750522830216016], [0.6165494871622447, 2.372115509270134], [0.40925939276099255, 8.124410716211381], [0.4587769352786669, 6.269622594765989], [0.6832463225994199, 1.4636009985322518], [0.49055422771617363, 5.393094140092999], [0.9216788805578041, 1.084976580340862], [0.5404985267266245, 3.9753177853585115], [0.931657300045109, 1.0733560505043882], [0.7244201298744003, 1.3804144290874132], [0.7439709496841412, 1.3441385049033943], [0.8919674706576197, 1.1211171179401098], [0.8328073668313394, 1.200757870100014], [0.48462754731033586, 5.4821094721085455], [0.9807782817982983, 1.0195984337728787], [0.3977928506596625, 8.603796809740667], [0.4063335000665749, 8.24209300459284], [0.6048253463188082, 2.5906688357617096], [0.5944544504334068, 2.779636039168723], [0.8227795956302065, 1.2153923180776642], [0.4484403389077692, 6.626748783443192], [0.5654725077017011, 3.396116972803637], [0.39486797633118137, 8.731477373170083], [0.40077320226361174, 8.496421913157933], [0.9018666400001162, 1.1088113870137952], [0.43550796920815726, 7.092006411591511], [0.43168212154161056, 7.234093758437904], [0.48069516408857027, 5.5910166601128815], [0.8821171824762628, 1.1336362332188323], [0.38905006415659116, 8.995922709870092], [0.9903935122081521, 1.0096996675295555], [0.44504728241961045, 6.732268714635134], [0.4281620446244673, 7.384844746039735], [0.4425295187923788, 6.822435474706672], [0.951500240610133, 1.0509718834740045], [0.43979991084570663, 6.96121891104756], [0.8128242835042179, 1.230278204397188], [0.9613121075348894, 1.0402448821375179], [0.42109900898326097, 7.628699802558868], [0.6728811526804779, 1.4861465446259225], [0.5708760890357037, 3.283968559432613], [0.9416551609808442, 1.0619598781345634], [0.40378948952076016, 8.343163686504074], [0.7343487023428604, 1.361750891381176], [1.0, 1.0]]",18.77
CONSTR,CCPSO_filter,8,100,0.023640,0.009919,5.346556,0.042605,0.534377,62.0000,100.0000,"[[1.0, 1.0], [0.6539190387421125, 1.7380019920946397], [0.596130532194715, 2.75907643122326], [0.48513256884349704, 5.447280568064989], [0.5906464440937798, 2.855144246682104], [0.442833062292055, 6.8101055034251115], [0.4770897314767095, 5.702423482689587], [0.48102268601350373, 5.565461085305055], [0.6159268471234042, 2.4435685193029726], [0.4657505583478916, 6.056943071652398], [0.529694596655734, 4.273059434874554], [0.8390598746590121, 1.1918100605232647], [0.6280706848503563, 2.1902538676299135], [0.7993845340083051, 1.2509624060222444], [0.7407547788541458, 1.3499744160231728], [0.8488588072033485, 1.1780522172993664], [0.5880850876481372, 2.947274664447809], [0.6208773302260844, 2.2884291741582965], [0.46931322263416997, 5.91792790587113], [0.5162279766119968, 4.591451214322567], [0.436827411848784, 7.0469044486348205], [0.41918156514347416, 7.716806976304946], [0.6423430555763252, 1.9334782416732694], [0.5114305094503625, 4.700098954339937], [0.8584879864500669, 1.1648386649358944], [0.8681552149638865, 1.1518677567830977], [0.6608457420310888, 1.6435629510647374], [0.49198249401657723, 5.232179036050783], [0.6337376673794807, 2.0664676876794212], [0.4586067354884031, 6.309719369708954], [0.578414082099372, 3.1742311554688105], [0.4471135909889051, 6.685526075325145], [0.7897233607880453, 1.2662662011189905], [0.41317748246551644, 7.951186157616648], [0.581506484675347, 3.0529280744898997], [0.5081670087718031, 4.796322193766085], [0.8092453285326661, 1.2357192123842256], [0.5481575759671382, 3.8028523603683975], [0.8192509507396002, 1.2206272072033897], [0.5217688489433114, 4.481045591421456], [0.7703525767294109, 1.2981069061202783], [0.6021750800260911, 2.625151667283772], [0.5608747343159495, 3.5753901107820867], [0.5741457284659733, 3.2537036080693182], [0.5006073636130809, 5.033380023874586], [0.3956288287981912, 8.709616068948154], [0.40153488091331696, 8.437086715962193], [0.4216981841794001, 7.607724939348137], [0.43023050684519454, 7.273315878737612], [0.48915350926579115, 5.341927351669514], [0.552790214946258, 3.674617721497774], [0.8291417986575766, 1.2060663225748016], [0.7206113191753635, 1.3877106470438973], [0.7308125987250305, 1.3683398476498512], [0.7605904902520813, 1.3147679504493563], [0.5685114238055485, 3.328459222190624], [0.4966877045778789, 5.12261797932608], [0.9292281513628005, 1.0761619722060787], [0.4046327442481461, 8.31213954221436], [0.42749247211145647, 7.396633785344266], [0.45055672877607333, 6.541283890330413], [0.4731546646242485, 5.812140509882087], [0.6100451501519248, 2.5219735352525134], [0.5048316654698449, 4.905517101863348], [0.5245719648750775, 4.365558880311936], [0.665322898489435, 1.5283609953980546], [0.41060918167784777, 8.068655245685925], [0.9498827684298994, 1.0527614914553525], [0.5432446978348159, 3.9032575135616], [0.6758532607846983, 1.4796111197850133], [0.5647668354756623, 3.452538955862639], [0.3890983634182077, 8.99380195775931], [0.39873271872876315, 8.560660378048809], [0.7800432902358321, 1.281980131766364], [0.41611002729286434, 7.843310035917209], [0.5382162831051406, 4.018120644725546], [0.4334402627454358, 7.171666444274355], [0.6988832509007568, 1.430854150118991], [0.9900638109541556, 1.010035907722219], [0.39234991515349393, 8.845138635700696], [0.9085068949806759, 1.1007071113326774], [0.5337826624853438, 4.167465941214409], [0.40801083566073004, 8.196015044938715], [0.46195988314956393, 6.161102541352024], [0.9700514844986565, 1.0308731196023286], [0.7506512115480997, 1.3321766282607574], [0.440052031164051, 6.924784020497212], [0.8981583114701641, 1.1133894628922765], [0.939467346087813, 1.0644329514636786], [0.7099753295682513, 1.4084996454850311], [0.6873784142856253, 1.4548027392441094], [0.45402538676491616, 6.429955236907188], [0.9801216186322774, 1.0202815456672225], [0.9189115639973648, 1.0882440042977495], [0.9599158752345768, 1.0417579558788188], [0.8781708328002334, 1.1387306007548537], [0.8882722914022299, 1.1257809228985365], [0.646943026329549, 1.825012864227899], [0.42441298272534417, 7.510629135144275], [1.0, 1.0]]",19.05
CONSTR,CCPSO_filter,9,100,0.024111,0.010596,5.416066,0.045449,0.573201,71.0000,100.0000,"[[1.0, 1.0], [0.4309032008289734, 7.246112352392202], [0.6119042125842618, 2.4458712929164967], [0.4623993561232663, 6.204379802178095], [0.46577270011474164, 6.053694624012764], [0.6357428454665467, 2.0457243556069704], [0.6666891423008497, 1.4999494315279258], [0.453560247254407, 6.437468396580525], [0.42836216754613515, 7.369736999584296], [0.5577203583619459, 3.614168908089599], [0.6769247054076015, 1.477269173382973], [0.6412586040596558, 1.9321173863437984], [0.9361851579962812, 1.068164765760976], [0.7421933100199031, 1.3473578736154108], [0.8450803276600564, 1.183319463569695], [0.9466602070587862, 1.0563452361718437], [0.8354196042436547, 1.1970032722721988], [0.6304100068017908, 2.1553158798251255], [0.406217363071061, 8.243891399793464], [0.4247658082092176, 7.480572968649716], [0.8160200339986831, 1.2254601092325803], [0.5785441952494357, 3.1580254533175007], [0.7242150231430522, 1.3808053796786162], [0.651886163603185, 1.7398556600441373], [0.4875078242042835, 5.371266119965155], [0.45051692040600866, 6.578858325759956], [0.4913458059610545, 5.265289459357524], [0.6013837432194955, 2.644057362095041], [0.5125584133030877, 4.710784792521121], [0.5163612727800708, 4.5966596367188615], [0.42166395974276266, 7.610761132911656], [0.9572338332393379, 1.0446768232333983], [0.5392052973314575, 3.998223462315953], [0.5072642596636092, 4.805679754313805], [0.7509841245017543, 1.3315860713613048], [0.4190488288647277, 7.742682876070203], [0.8257038976484463, 1.2110879006965307], [0.5288783675314925, 4.237477974071731], [0.5618984482007239, 3.48636818117516], [0.5355073582905746, 4.122733291279561], [0.4988991255280222, 5.040996916237152], [0.5239540841095411, 4.3653378263240175], [0.5668207132022662, 3.3937939839246902], [0.8948222568540113, 1.1175403744602526], [0.5957340711055201, 2.776327619372079], [0.586536278513389, 3.011320339866463], [0.6963119818848176, 1.436137860637041], [0.5205383185131619, 4.505442736493413], [0.7967203319480378, 1.2551455760579486], [0.4351385465132902, 7.104403642768109], [0.49504623149761007, 5.141271318915629], [0.5523733346933113, 3.710784341516849], [0.48473154482943087, 5.476187390975989], [0.9678606449132364, 1.0332065935893537], [0.47370021281569397, 5.782905442956404], [0.5905015359257149, 2.8836737357113313], [0.8846761656210694, 1.1303571169434294], [0.4569146463142674, 6.330226418389371], [0.6200593522289477, 2.2913061139501933], [0.44642174284249453, 6.691475933731394], [0.7331980292973574, 1.363888008480227], [0.8063280457801675, 1.2401900259248009], [0.6479918847772941, 1.8072307679613808], [0.43901401981842436, 6.9668527099582285], [0.7056110890930257, 1.4172112874322513], [0.3978662385512092, 8.595935617683141], [0.403280150795437, 8.374679712027294], [0.4007065035253922, 8.473731123918663], [0.9257503922337602, 1.080204781320245], [0.7600097345849395, 1.315772620394297], [0.46978966097361374, 5.90695692131044], [0.6610380801873652, 1.589761748460408], [0.5045444890893924, 4.9378455361055815], [0.8747132979861484, 1.1432317335317745], [0.6245568991313262, 2.2132962604931437], [0.48027921957763187, 5.575640201923602], [0.6159096715843676, 2.37318418299024], [0.5451900293901094, 3.848791651686735], [0.4770644827415132, 5.6821785780237795], [0.41262490547470965, 7.99957336052833], [0.7873847416233447, 1.2700271508161411], [0.905093008397128, 1.1048588274601163], [0.778190223288259, 1.2850328493905758], [0.6866580617310845, 1.4563289295387745], [0.9892544844587094, 1.0108622358655974], [0.3920172921615355, 8.857677932650397], [0.4155644741920632, 7.867839590147065], [0.38895973180128146, 8.997947464899926], [0.4091703871886738, 8.110289789887021], [0.3952087375745333, 8.714547702741342], [0.7690093934366263, 1.3003742327920076], [0.9785752328243957, 1.021893837547643], [0.85496204001024, 1.1696425726550652], [0.5710410935490026, 3.261469813169767], [0.6080243430913664, 2.570730087933584], [0.9154679639708593, 1.0923375140976876], [0.7149046309973695, 1.3987879734460409], [0.4421502480464375, 6.831850024426517], [0.8648259485167281, 1.1563020301542875], [1.0, 1.0]]",19.07
CONSTR,CCPSO_filter,10,100,0.023674,0.009738,4.651247,0.045095,0.574123,68.0000,100.0000,"[[1.0, 1.0], [0.4655804967421488, 6.045187690192401], [0.43191013610013146, 7.216381897736975], [0.6064172637772632, 2.5754893339153226], [0.570917424738584, 3.263195808832035], [0.583510062454404, 3.0040231405794566], [0.6143736115773853, 2.48569340653225], [0.763583562299182, 1.3096143622958019], [0.6633410389090867, 1.5881214999746698], [0.4789709575543542, 5.635810000652689], [0.42052480713709944, 7.646782334583065], [0.6253625238640448, 2.2226253795568165], [0.6333624197247529, 2.0658967887442903], [0.444430816775257, 6.821297840770836], [0.5119237546336519, 4.721346363626875], [0.7060359275875937, 1.4163585179253302], [0.5794948783828401, 3.1498543633889815], [0.5553228748093607, 3.608978045689074], [0.7443058525031659, 1.3435337054477163], [0.618088580989083, 2.3258906570039506], [0.516448653652219, 4.565033376466776], [0.6289032529161682, 2.1412718289285775], [0.4148255526797535, 7.898744906884138], [0.5503588387453868, 3.747142375432928], [0.813716491732783, 1.2289292525834548], [0.7251240841729324, 1.3790743154540064], [0.532624954281096, 4.145158530346109], [0.60155152875768, 2.692950611172848], [0.7934370727370501, 1.2603393947177033], [0.9309273256290447, 1.074197708531417], [0.6453819272828858, 1.8592145093361412], [0.40030934826357006, 8.487974861898005], [0.5967942752090927, 2.803164476037057], [0.5019760717267738, 4.94772742452151], [0.7152594132493646, 1.3980941480477445], [0.5285795817547801, 4.260485082811103], [0.3975803643755972, 8.610339916736496], [0.41776777484612637, 7.762209395665496], [0.4065268949853132, 8.254872504647846], [0.863531123003449, 1.1580358522827738], [0.4263346103324097, 7.430465287427821], [0.3947207802082457, 8.739359770589358], [0.47033808355884654, 5.886204137354535], [0.9609098571184582, 1.0406803433141625], [0.5610646381027811, 3.493448207008069], [0.4979811718955035, 5.07428968806031], [0.7833589694879775, 1.2765539668916084], [0.8729973947696504, 1.1454787906484654], [0.9805903704486824, 1.0197938202701669], [0.6384774861344018, 1.9693674125958784], [0.40345070238469716, 8.361815443599], [0.6678792340952884, 1.49727667660547], [0.7538837279514027, 1.326464497008566], [0.5463476288191328, 3.864304231402224], [0.8238364318407454, 1.213833185023928], [0.8824680222401385, 1.1331855373767623], [0.6512836204744389, 1.7569913637071197], [0.4390994510552725, 6.94310979390651], [0.6968188708219102, 1.4350931667801738], [0.6878186042104346, 1.4538716950640305], [0.3889460541903248, 8.999624413390878], [0.507128377984528, 4.83578927838459], [0.4113475174841412, 8.021574803927091], [0.5255042061831684, 4.4078378135983565], [0.4499022120257482, 6.59635877353766], [0.4361269723829386, 7.086066248660777], [0.8920863994544055, 1.120967655836468], [0.40915800971404864, 8.135045762937427], [0.7734377894251182, 1.292928809107299], [0.4296240812833622, 7.325044121758481], [0.4887442429075735, 5.341816806345581], [0.5212227161695276, 4.503627718036055], [0.9409380715540243, 1.06276919834738], [0.44647599497586665, 6.696882683328193], [0.49355962735832926, 5.221823472916509], [0.4839856907831631, 5.475656716956138], [0.4618700558259722, 6.186529593137208], [0.5894648116639428, 2.885975420055169], [0.8438812773427853, 1.1850008133238856], [0.3919183473852551, 8.866620138945674], [0.9017498657210816, 1.108954975225145], [0.47442027587498004, 5.775331124141837], [0.9114067364554566, 1.0972049689791528], [0.9211311028617982, 1.0856217935678965], [0.5358975796729689, 4.066035230917129], [0.9902967888887915, 1.0097982859482928], [0.8340097612928685, 1.1990267337516722], [0.42357228968827576, 7.542188541509981], [0.8035957273167424, 1.2444068155253438], [0.8537689936211657, 1.1712770169347706], [0.5410210479339262, 3.981258350689752], [0.9509960079084736, 1.0515291249216712], [0.6577105317713385, 1.6430468925970134], [0.565970434908312, 3.4145540117910085], [0.7347271614160744, 1.3610494514353502], [0.9707664635251284, 1.030113871433832], [0.6779312794670436, 1.4750757640009635], [0.4535742021488547, 6.434934510577614], [0.45714899852823127, 6.321895985197218], [1.0, 1.0]]",19.01
CONSTR,CCPSO_filter,11,100,0.023371,0.010673,5.429787,0.043875,0.545036,71.0000,100.0000,"[[1.0, 1.0], [0.5926846304557498, 2.84237242934579], [0.4511579781969228, 6.535071723993142], [0.5639160090143189, 3.4237478390658453], [0.5438648227574753, 3.887734122030418], [0.6507392973321445, 1.7911289108036739], [0.7011847425426876, 1.4261576719050197], [0.6441492005806002, 1.8696998627501844], [0.7118073608489915, 1.4048744857137658], [0.5163466195031821, 4.5828024601888835], [0.5127555519408286, 4.675814042607125], [0.49150696513358816, 5.262831952440919], [0.45422805013886813, 6.4189349387682375], [0.7911516133857595, 1.2639802322091804], [0.6557620486117929, 1.6902772946744662], [0.9176070862009125, 1.089791060943319], [0.5387826618885716, 4.050187216522525], [0.5097725401833364, 4.789518142233888], [0.6378449326828233, 2.0166399127108825], [0.5694035646420532, 3.311478289591552], [0.5237899709658234, 4.3687814052726734], [0.7318767252156448, 1.3663503231440426], [0.44187935238624315, 6.896565680985292], [0.4341517595678422, 7.124171677736705], [0.839598811033918, 1.191045040629056], [0.6196375672884712, 2.313492456186429], [0.44767470690044564, 6.650654353570308], [0.460339783852151, 6.218095514858286], [0.8008336208592939, 1.2486988232674356], [0.500116176814083, 5.009588964964323], [0.9274507003947864, 1.0782244269957764], [0.8985332360974053, 1.1129248867223818], [0.625102483065384, 2.1998537880989857], [0.4376167564308448, 7.012961374625331], [0.6630831805254536, 1.6120298663126784], [0.3944397112487624, 8.753891723956961], [0.7516561566331272, 1.330395542130956], [0.6104673371585813, 2.533284693415401], [0.47338469901050984, 5.845998207011551], [0.8694440201523082, 1.1501603056914707], [0.42063198222843995, 7.660950280355314], [0.49589454966022506, 5.138305294091588], [0.581328930846563, 3.0961601219332655], [0.741700286858321, 1.348253489608019], [0.39991019016431156, 8.505013377474839], [0.5323926166078489, 4.150187012055723], [0.8297728946349217, 1.2051490310972062], [0.38892446223923566, 8.999207677476983], [0.47941947077425034, 5.6098803200283776], [0.6797974500806604, 1.4710264062940313], [0.8792009502619783, 1.1373964048856258], [0.575253750259926, 3.2116175264097726], [0.7615360534184807, 1.3131354654990683], [0.4028679233153075, 8.381274158432209], [0.849590888434368, 1.177037105285824], [0.7714959958431696, 1.2961830072845653], [0.6330043420813253, 2.11004610328524], [0.5602674720230432, 3.5464066560202534], [0.42749988727130783, 7.391195635598024], [0.4835217944040736, 5.482008642528367], [0.7218725810774479, 1.3852860272202423], [0.5285967137834637, 4.259690919231012], [0.5979923024137688, 2.7139324791544968], [0.614821244336575, 2.394941513129526], [0.4177322064779753, 7.783894450608498], [0.8594230646073266, 1.1635712854144815], [0.47703804896601104, 5.727220200128889], [0.4310813993775891, 7.249495809291177], [0.4444595823811586, 6.771254943318246], [0.48811674613528716, 5.3602721278413545], [0.4092609960071908, 8.163851203991706], [0.9375573483585129, 1.0666014209699413], [0.9476495780769985, 1.055242384035281], [0.5053819302146024, 4.878179281550816], [0.7814619497006536, 1.2796528357945764], [0.4146005122497004, 7.904291142410149], [0.4242138209172732, 7.526019094154491], [0.46543275330914113, 6.103475988519845], [0.5857232201221093, 2.977471038067195], [0.9080614892920975, 1.1012470100230498], [0.6685038195563936, 1.4958777657599338], [0.6040010776433264, 2.647507028725309], [0.40555164544758165, 8.260707452867097], [0.4121355222675264, 8.02488923617021], [0.8887401198541026, 1.1251883173274118], [0.4570418124244587, 6.3199376082016245], [0.5207996735235656, 4.468265445056184], [0.3973333601478963, 8.62882666677824], [0.9787922885643792, 1.0216672236626698], [0.6905143227950714, 1.448195883833646], [0.39178730821933466, 8.869943443278812], [0.8104509100493449, 1.233881025488779], [0.9683638998955063, 1.0326696401093716], [0.4681212675369665, 5.968989472070273], [0.9893893912048514, 1.0107244012210677], [0.9579657242645319, 1.0438786844568364], [0.8200614534786983, 1.2194208077431306], [0.5495095727545556, 3.774071568318687], [0.5540101561470666, 3.638091649917382], [1.0, 1.0]]",19.40
CONSTR,CCPSO_filter,12,100,0.022802,0.010108,4.440729,0.043939,0.545281,70.0000,100.0000,"[[1.0, 1.0], [0.48334973922150765, 5.4957949347326736], [0.5578129466344113, 3.5546832322012856], [0.5627716570466731, 3.4564112705247356], [0.6193934004824788, 2.3229643674260587], [0.663454613315925, 1.567866524834559], [0.5719534039554344, 3.262113451657596], [0.5186021145823099, 4.513782970357881], [0.5394064330587867, 3.9931045974510977], [0.4450182898066562, 6.74438817967984], [0.5526012374191183, 3.700009539708004], [0.4968111431784944, 5.137009729350115], [0.8274291205878185, 1.2085627337959588], [0.5817695474409963, 3.076910951808625], [0.6570818888413266, 1.6765758967699922], [0.535070981835549, 4.1477037443676625], [0.46013424065823305, 6.214814193307698], [0.6000093939607175, 2.7007074407100946], [0.7264542798769369, 1.3765491204338454], [0.6104499735189953, 2.5009020199928536], [0.7161200549994345, 1.3964139015779828], [0.6133671731772098, 2.4170010665919315], [0.7571379402928446, 1.3207632939556846], [0.5673674545530789, 3.3405194043054505], [0.7675426490992854, 1.3028591976921469], [0.5010732180132976, 5.002510274481453], [0.39166818258664843, 8.87388271642364], [0.3943287164033827, 8.751809712395278], [0.8655770178382335, 1.1552986960045288], [0.41235436407212683, 7.991499728401156], [0.5939529500081608, 2.804245112431722], [0.6426040919417636, 1.9037790646441166], [0.6045087561945786, 2.6012171833588416], [0.8369149972022418, 1.1948644764915695], [0.8940579121978334, 1.1184957779096576], [0.589220306746515, 2.8852487847512034], [0.44946633300343486, 6.623362132507265], [0.4380262551037234, 7.005181820331603], [0.4157729322356534, 7.865954805092883], [0.7468870679581868, 1.3388905001846723], [0.90344833168607, 1.1068701606142097], [0.48787057885691665, 5.3736347839636105], [0.9221924890977388, 1.0843723103604834], [0.8176018823000982, 1.2230891606887875], [0.47221160878744517, 5.824381160125089], [0.931546416592612, 1.0734838137832958], [0.4918184477915109, 5.245726611893405], [0.42199927078458643, 7.593718143685106], [0.6252115672338665, 2.2066071224777706], [0.5155094932998086, 4.616784603760307], [0.736633856552667, 1.3575265257014468], [0.4416946756969832, 6.869562335510121], [0.6367075677880715, 2.0001305262496993], [0.8464842507732917, 1.1813568877229157], [0.5856292331118764, 3.0036621075784984], [0.7977129413070156, 1.2535837745863148], [0.9128799091919004, 1.0954343390963879], [0.6829681592418022, 1.464197102702637], [0.6308063195776461, 2.1127077467986926], [0.4094421905927877, 8.117131752049898], [0.4061458991736669, 8.240410798610213], [0.38893472119163663, 8.99967860714064], [0.46874265915642843, 5.982492254225904], [0.7057015370979707, 1.4170296469981651], [0.7878152604943623, 1.2693331167163346], [0.9409743295645708, 1.06272824728677], [0.8750143082919715, 1.1428384547813861], [0.5292249281504152, 4.270253039394469], [0.950610943107572, 1.0519550687381884], [0.5431927902384954, 3.9097964046308853], [0.4794919271032078, 5.610391834818972], [0.8559981619329905, 1.1682268075691058], [0.5466854974394267, 3.815235557211007], [0.45594101713825524, 6.355408045744443], [0.42530095872642454, 7.464856319603646], [0.43548373538005736, 7.1199402524552555], [0.4528837057397575, 6.480101635643527], [0.4281968966244944, 7.3544318347706215], [0.5048887186673499, 4.868997091855915], [0.39726151429829853, 8.624596178992018], [0.694269784098288, 1.4403622668078404], [0.5226835152501309, 4.3990486957020005], [0.6499982496399314, 1.7744462826268257], [0.9701838877010895, 1.0307324340023432], [0.4036281243449821, 8.350469643087132], [0.5109927603652381, 4.744984280049191], [0.777810926872518, 1.2856594905665275], [0.8845697264609604, 1.1304931313903992], [0.6712504664185049, 1.4897568791803706], [0.577499337124965, 3.1638173596936996], [0.43212063371000525, 7.231892938443043], [0.4005172460330119, 8.479915028346719], [0.8077880917200415, 1.2379484301021042], [0.980091260297669, 1.020313148896241], [0.4190827365632942, 7.706183430349276], [0.9603876592832603, 1.0412461992132453], [0.9900547561081731, 1.0100451453118824], [0.4650452070127763, 6.106426152545608], [0.4756728526430542, 5.72790752804698], [1.0, 1.0]]",19.45
CONSTR,CCPSO_filter,13,100,0.023162,0.010118,2.433199,0.044407,0.527681,70.0000,100.0000,"[[1.0, 1.0], [0.5146761005896997, 4.611290150168761], [0.49586935985348346, 5.177273957677274], [0.48544432968303713, 5.4282661475948375], [0.4630167609806912, 6.132575495001183], [0.8248648666131794, 1.21231978773191], [0.5320341876560601, 4.196464156206776], [0.4521071018275538, 6.496907593251915], [0.5719165557701532, 3.252445970318996], [0.8049048640606837, 1.2423828512540924], [0.4460128882945496, 6.739451605227306], [0.6182565981836715, 2.3476305017402432], [0.6397007525738008, 1.9426836907349379], [0.47041770149106976, 5.914350417204212], [0.5986951250247392, 2.7439169285412572], [0.5865978673679869, 2.948069602776372], [0.9131747739605696, 1.0950806225875656], [0.5575880201409624, 3.5540910560022767], [0.4487449922303678, 6.62199570747005], [0.8346892064798774, 1.1980507142500205], [0.4390780825414464, 6.951074920361379], [0.6118449130209994, 2.452276776789012], [0.5614985310380258, 3.481308114862012], [0.6035750006767863, 2.6468339101500638], [0.6648348404553204, 1.5575046782950082], [0.6291527926978497, 2.1324571436049307], [0.7949820459803181, 1.2578900429969682], [0.5657583127269409, 3.3754996624843177], [0.47806611895862866, 5.684640540615768], [0.534941373927085, 4.088170860239177], [0.5270935228639507, 4.326349627024038], [0.6853245985413502, 1.459162566364037], [0.44219881767521946, 6.842417219081989], [0.48183002454072804, 5.56813534753532], [0.40476289315043346, 8.296955090800138], [0.9329505157814647, 1.071868210676075], [0.6345654236741958, 2.0368994152342035], [0.7750445926056417, 1.2902483412445664], [0.7648290995621043, 1.3074816329197472], [0.42048256546020146, 7.660823159533183], [0.5506510316194022, 3.77424879521215], [0.5764256091916699, 3.1577246941807293], [0.7439792939299035, 1.3441234294542321], [0.4594235870869982, 6.253392154192308], [0.54152360503933, 3.9500903407439005], [0.6243102293726372, 2.234645147729726], [0.40804901372844066, 8.172692167731526], [0.6088241836513518, 2.5471647974553955], [0.9905091579124523, 1.0095817812604075], [0.8737084309115942, 1.1445465839864197], [0.5100739383348121, 4.72786998143371], [0.3924365846574014, 8.840583932125817], [0.41717356979460163, 7.790496781893764], [0.863898742069892, 1.1575430676099965], [0.5230854834446883, 4.416456142224994], [0.6473980381340554, 1.8509701561304788], [0.45613899905601163, 6.362804839225635], [0.43609117941280895, 7.0591014337057585], [0.9031614583986144, 1.1072217383734344], [0.5458868427360358, 3.8517812097222595], [0.5922707130017835, 2.8354117263055203], [0.8443513092226835, 1.1843411493263485], [0.40202173927739643, 8.426872068600446], [0.7547076791793507, 1.3250163309420329], [0.697348308341428, 1.4340036220614032], [0.553876553298533, 3.641183725294077], [0.47441846410859967, 5.804420036387522], [0.7205375666411044, 1.3878526898488477], [0.48963381448235055, 5.303503973054332], [0.6582608601107164, 1.6589488074682053], [0.8834069142176668, 1.1319811786684808], [0.41397472642231276, 7.934857384071171], [0.39611568595709074, 8.70501913166215], [0.426721142598929, 7.414661034140083], [0.3992096673064463, 8.564818734311153], [0.5008404852699504, 5.019506840326328], [0.9230146320630617, 1.0834064436929518], [0.9426824246747891, 1.0608026349329516], [0.8541710648418762, 1.1707256791531795], [0.9523366067179968, 1.0500488933700278], [0.5073048671945849, 4.8721829077498064], [0.43367214953064326, 7.177253155205972], [0.520845755501968, 4.511581632011735], [0.4109719559178291, 8.058144001998924], [0.42344054751471466, 7.5436806316207985], [0.7850549209158275, 1.2737962317762717], [0.8149074782092545, 1.2271331736916726], [0.3889780724505616, 8.99731889175009], [0.7322580916157905, 1.3656387159797907], [0.582249459403737, 3.045384486300008], [0.4663281940129989, 6.013703742687191], [0.9619205283439165, 1.0395869206800719], [0.7088129520950182, 1.410809434342768], [0.4302024480606968, 7.287307773898806], [0.6732755399624459, 1.4852759986732595], [0.8932251961702937, 1.1195385041616646], [0.9810186633641885, 1.0193485989050597], [0.9714593043212856, 1.0293791984406948], [0.6538693419982942, 1.754692005417764], [1.0, 1.0]]",18.34
CONSTR,CCPSO_filter,14,100,0.023346,0.011154,5.316417,0.044502,0.558509,69.0000,100.0000,"[[1.0, 1.0], [0.6468243184842787, 1.8244799997781938], [0.6127974934567609, 2.429371565397582], [0.44765233556116046, 6.657300937097749], [0.4835566188185148, 5.492585882505884], [0.6610613116321358, 1.6290823772945495], [0.3919309580068564, 8.861312787461701], [0.6091471203320635, 2.535203467536619], [0.6286797379802149, 2.178147516636095], [0.5146046420319715, 4.636157507741401], [0.6334812378393329, 2.0817915856884834], [0.5523788307192574, 3.744769478230414], [0.46781970081141033, 6.007109801388102], [0.8901491529742379, 1.1234072364824699], [0.4413365507081634, 6.862138972759852], [0.41245987339413004, 7.973494684940722], [0.44440605537508526, 6.752601963221801], [0.9698418868204894, 1.0310959070641714], [0.6006018798782352, 2.6702943240373695], [0.5460114047445278, 3.842907701746916], [0.5967018856503747, 2.8279604637869338], [0.4389640483651674, 6.974994092340988], [0.5192808165543931, 4.49788764191316], [0.6223998705441689, 2.2759292921466496], [0.4226561081640499, 7.58587870757595], [0.6666767578575893, 1.4999772951641024], [0.9497565601419587, 1.0529013875413837], [0.41583698925450563, 7.851907300519766], [0.3889437697649143, 8.99880406948628], [0.6545045642737648, 1.7225759519090256], [0.43527393332144226, 7.08182735915347], [0.5404502964499043, 3.9618932781062886], [0.41955213476046294, 7.721905833295674], [0.4709452862027146, 5.870003032223303], [0.47566724996660253, 5.740279737130134], [0.5607166538835989, 3.499007188297899], [0.9798944446166188, 1.0205180828341642], [0.5270834720230364, 4.292067999478553], [0.4921390997312899, 5.24745404281704], [0.5383115241774005, 4.1048056728909], [0.48858674387097645, 5.363930420570845], [0.5015364052206315, 4.986218550054669], [0.687559700982236, 1.454419155996806], [0.7087738151591886, 1.4108873361460212], [0.8805476028792524, 1.1356569443039275], [0.9397338689732261, 1.0641310620129314], [0.8709847613135882, 1.1481257128905857], [0.7622658631513862, 1.3118782413602585], [0.40065267956318423, 8.477454242423532], [0.5322153013713459, 4.19955043236202], [0.4633468914024795, 6.135941273561445], [0.7727821978387981, 1.2940256682887503], [0.5716210952165305, 3.256520677353154], [0.5789139410522741, 3.134769228622282], [0.9097778549963675, 1.099169423071957], [0.7832659309398606, 1.276705599591284], [0.43245800126110745, 7.201491921133353], [0.7301282622996689, 1.369622368610033], [0.510361748587816, 4.7517145851926506], [0.6173505497765268, 2.362375072056545], [0.4291509202704682, 7.334895516185941], [0.8999441148665737, 1.1111801093874154], [0.9899282566444575, 1.0101742154423217], [0.5234388927913601, 4.381246863842653], [0.6772644485664898, 1.476528115592983], [0.4591885981626418, 6.262722165928941], [0.643293937882359, 1.9469623729739656], [0.39494867936488537, 8.726929285482692], [0.45645185268037547, 6.405854067206436], [0.4258977818216684, 7.459149250499548], [0.5689107377837698, 3.41321069142058], [0.8237900328946075, 1.2139015526641315], [0.8330865783808866, 1.2003554323771624], [0.719535206773662, 1.3897860599259897], [0.7408954391826258, 1.3497181209581002], [0.8425891493023592, 1.1868180367952432], [0.8040880913258814, 1.243644832932514], [0.7515085325443587, 1.3306568810527428], [0.9597977842592377, 1.0418861310164307], [0.5561251518914075, 3.5977662419554206], [0.45214041259769233, 6.499305478827507], [0.6980658378041253, 1.4325296352356327], [0.9197628050119755, 1.0872368338345448], [0.8519048632580891, 1.1738399944983582], [0.5052422803100686, 4.880377118414545], [0.8138512379107867, 1.228725783556059], [0.5846903655388971, 3.009445282705792], [0.6378842983398476, 1.9928856695160193], [0.40419160776977997, 8.341629736586823], [0.4981519943177243, 5.064958582491288], [0.47940357024657254, 5.615729272761138], [0.3979010794838033, 8.605773693696362], [0.4067669915556058, 8.219929927769018], [0.8613428262465882, 1.1609779167229246], [0.49788520749165954, 5.193495560207231], [0.5917526116002365, 2.917200851865171], [0.9297250545039321, 1.0755868040294603], [0.4095747798813509, 8.107605272577821], [0.7938014023084644, 1.2597609390609372], [1.0, 1.0]]",19.11
CONSTR,CCPSO_filter,15,100,0.023492,0.010268,4.047919,0.045397,0.562530,72.0000,100.0000,"[[0.6601392372672594, 1.6076485551877737], [1.0, 1.0], [0.4344160343767589, 7.119901371788823], [0.4902397479643634, 5.3025184109967505], [0.537963978578567, 4.01881414328305], [0.4942454366166323, 5.175133837595945], [0.6478713402068703, 1.8473352855468468], [0.7394871724136634, 1.3522885011460453], [0.39802403826470967, 8.591532040600105], [0.5982343195113708, 2.7176742921099803], [0.46498553453600355, 6.087875869667555], [0.48223963660708274, 5.518309150832468], [0.44494829851609974, 6.768164193444925], [0.49865870484765434, 5.061423383348716], [0.5820774270348841, 3.0604784955131836], [0.4008388090232557, 8.46783187437494], [0.5292160241941746, 4.266594083422722], [0.5478960185183325, 3.7799695802058073], [0.6125538790297421, 2.4509049398215166], [0.4600958770769255, 6.220904118996624], [0.505458871162998, 4.8511514497323915], [0.4518823184266212, 6.498138640535146], [0.44110105613631695, 6.869902447805144], [0.6416341409882276, 1.9157952012734734], [0.562961072322277, 3.4424669975084092], [0.9902579648917523, 1.00983787604204], [0.5094194887421031, 4.7452121031359145], [0.5706568426086875, 3.309861789361429], [0.5440834379491152, 3.9019976787568806], [0.8211218507869648, 1.2178460468949865], [0.811046647248347, 1.2329747042204275], [0.4482281730643586, 6.640496473598274], [0.6077008883885735, 2.529782177057969], [0.5880002772951924, 2.94325368580172], [0.5207534565271194, 4.475524128436201], [0.4742837616045124, 5.78834000747596], [0.3949953854835138, 8.724935189780675], [0.6282188413181331, 2.1576710652703603], [0.6873041995098671, 1.4549598281417802], [0.524600795298205, 4.369407322633892], [0.6180142367449818, 2.349580887655698], [0.6668687515060826, 1.49954544689875], [0.6251359305056274, 2.2836916170753945], [0.5036722810971647, 4.965230860193805], [0.41942171313964033, 7.6956541396509035], [0.6550851064509675, 1.707239020949428], [0.8008795215817097, 1.248627256725249], [0.6057720863056683, 2.6437718877593426], [0.5174150536282831, 4.577011854836993], [0.4103566760680313, 8.07208506473936], [0.7498009560086015, 1.333687283253515], [0.8524095204480927, 1.1731450388708966], [0.8625744483509864, 1.1593202208942484], [0.4067031796111869, 8.214377161999208], [0.912082393815933, 1.0963921755097594], [0.5750964613893094, 3.242728028357937], [0.5808288390697041, 3.1879856017930375], [0.7806998500629043, 1.2809020008386396], [0.9218241988979249, 1.08480554231006], [0.790767876466394, 1.2645936054820228], [0.9805276386256235, 1.0198590642500096], [0.9512474634645194, 1.0512511606158927], [0.8925668972715143, 1.120364202455746], [0.7083230034847994, 1.4117852943928286], [0.4779100565354697, 5.651967251135508], [0.403685218639812, 8.348389798064225], [0.41683226542841534, 7.8093616788108084], [0.46925977273632075, 5.929102666168022], [0.5929472507554572, 2.836484988081752], [0.9316105387472771, 1.0734099265822876], [0.8419314224833103, 1.1877451931304097], [0.6368711167313409, 2.0278630784510563], [0.5531149215020956, 3.664596212308147], [0.7187708229725007, 1.3912640413873043], [0.9609771843468, 1.040607431985729], [0.4136989586968618, 7.927425352936563], [0.9023569988109655, 1.1082088367660454], [0.43805530766745365, 6.985321576769825], [0.4868298903262828, 5.40771373138957], [0.7704100768124865, 1.2980100210233807], [0.4320309144280595, 7.2309933534961335], [0.8726391225169641, 1.1459490804350914], [0.8315318375916385, 1.202599774046289], [0.9414563471888919, 1.0621841394833806], [0.7600529961447127, 1.315697727753713], [0.6768860246205302, 1.4773535922249408], [0.38898511623457643, 8.998382001085142], [0.42505944515309013, 7.471294974554656], [0.42323337655731946, 7.554284257991819], [0.5588953320195086, 3.5457488168734224], [0.8825557569131425, 1.1330728876525995], [0.4570835694893309, 6.353881893208832], [0.42814104199190345, 7.3517582220484226], [0.5328436511488682, 4.154553336936825], [0.5135672346203234, 4.642431170998052], [0.7290229710172041, 1.3716988898233238], [0.9707083482459528, 1.0301755432586694], [0.39234985475813894, 8.861519636564115], [0.6978474041200489, 1.4329780322976922], [1.0, 1.0]]",18.53
CONSTR,CCPSO_filter,16,100,0.022511,0.008236,6.003683,0.044072,0.554868,77.0000,100.0000,"[[1.0, 1.0], [0.616763229493535, 2.386043931175321], [0.5371056818014757, 4.068900340569779], [0.39789225832862574, 8.595721175069981], [0.656026032468784, 1.6838601650847085], [0.809481786793521, 1.235358245626687], [0.6329750292456449, 2.0715174528033304], [0.7325025158303244, 1.3651830244793837], [0.503804167112499, 4.9417374049106915], [0.40610954564031587, 8.241466511781937], [0.6030943218898132, 2.6726219103949362], [0.5098636805469622, 4.73701652441938], [0.5067545780687202, 4.814624016012692], [0.5862693080651523, 2.9674045149068218], [0.4272019564739956, 7.390721545977117], [0.5301374095961147, 4.305541613365163], [0.9799753511048648, 1.020433829149436], [0.48199582613509645, 5.523253425552565], [0.6109533143628103, 2.478382876653929], [0.3948219143027889, 8.73059536687319], [0.5134811575356465, 4.637469477938692], [0.5509944601943831, 3.7220547915105433], [0.5632746035257987, 3.4553380593152427], [0.6287263343210682, 2.185324234777906], [0.9500716255018125, 1.0525522214936334], [0.4868393793244221, 5.419182793946502], [0.9303163986871533, 1.0749031204987711], [0.46262305468658266, 6.148973750551754], [0.5964928432551514, 2.7414903719295554], [0.42157104323028843, 7.617130371384604], [0.5809574294136661, 3.125789842875601], [0.8001164742691033, 1.2498180354472614], [0.5226913773852643, 4.415371822263854], [0.9402049695384143, 1.0635978668469936], [0.5907982816834424, 2.850974503135309], [0.640276179656349, 2.007227419735956], [0.3889568854628343, 8.996983653629654], [0.4669653762519745, 6.024645103040568], [0.9699809486472695, 1.0309480834593658], [0.9007061902008552, 1.1102399549147126], [0.4245505612097561, 7.511315714259248], [0.4585757865123468, 6.274403262478059], [0.6641499127976386, 1.6190888281483902], [0.959992902141214, 1.0416743683932999], [0.47116518152999276, 5.861160312296014], [0.5567724387940943, 3.5819807914985233], [0.4520369431938096, 6.5108474458798185], [0.9205132037219718, 1.086350522683036], [0.9899764396734588, 1.0101250493697076], [0.8702003929658157, 1.1491605934488278], [0.5435368979557225, 3.9648779575662596], [0.7910327489929482, 1.2641701639699303], [0.44900204946591016, 6.62788231680193], [0.7012669728393265, 1.425990441202653], [0.7222687627107772, 1.3845261648127465], [0.41271330540650236, 8.00435374432723], [0.495396036046532, 5.204269994004218], [0.49035159429433584, 5.280250913366335], [0.8194775742622812, 1.2202896472185107], [0.3919071199759314, 8.863887654565191], [0.8294794711319601, 1.2055753455059435], [0.9105945237545574, 1.0981836304888004], [0.6451215205093862, 1.8950043385491322], [0.7531067875174483, 1.327832940261253], [0.418258716898374, 7.739332758730262], [0.5188770083193572, 4.519430039722174], [0.7429009166970713, 1.3460745269315164], [0.4992362000885719, 5.0616619374313805], [0.7117808759963096, 1.4049267600794388], [0.4450288396369764, 6.73752917919596], [0.7819957361393456, 1.2787793510702823], [0.6496110417823471, 1.7863647450951947], [0.7632981083096403, 1.3101041246054537], [0.6903578784003308, 1.4485240645289068], [0.4797911273771993, 5.597761382620352], [0.5729749071078737, 3.231663471556714], [0.8804719480873623, 1.135754525936104], [0.4345681026597851, 7.120988163920472], [0.41541159296051855, 7.8563189448402095], [0.5318326868291705, 4.168897715654793], [0.6070340453692803, 2.5844738987960336], [0.43756970965928776, 6.999537650780501], [0.6679436700421866, 1.497132235622266], [0.569526167519735, 3.3191841730822107], [0.8497311584317753, 1.1768428050179471], [0.8907130485636839, 1.122696026079944], [0.45487534892621273, 6.39708448883512], [0.8598577004125959, 1.162983130255341], [0.43105151279764764, 7.2612854973048], [0.4755986149296698, 5.725718432460096], [0.6791609523704466, 1.4724050263928492], [0.5469686596036327, 3.8411011878390355], [0.8395679674149775, 1.191088796633096], [0.40337799178746225, 8.355302949213007], [0.772801236856133, 1.2939937881933838], [0.40942872677281583, 8.103230709000595], [0.44300666344102374, 6.869398070515927], [0.622028622876155, 2.2842621125770632], [0.4006105499324513, 8.478210340082569], [1.0, 1.0]]",19.62
CONSTR,CCPSO_filter,17,100,0.023451,0.010526,2.964429,0.045461,0.567969,74.0000,100.0000,"[[1.0, 1.0], [0.568398487304248, 3.387956038205814], [0.42390017574519795, 7.530792140418923], [0.5267825032037176, 4.289230587982944], [0.632539350018481, 2.1057950881425884], [0.4264215912915907, 7.424573614005832], [0.38890990256027097, 8.999497516993467], [0.46958081672153784, 5.923416361562273], [0.637492576173942, 1.989697048021963], [0.6561370951652632, 1.6960850482744652], [0.8719137286631325, 1.1469024596427178], [0.47706441589887943, 5.6921341312258775], [0.4389293416136201, 6.964984906327604], [0.7725062922479999, 1.294487837878953], [0.5834235717590133, 3.0198427236157137], [0.8021363095694256, 1.2466709062662735], [0.5212816363734332, 4.445567850229284], [0.5882744456216364, 2.902429655132009], [0.532338678084905, 4.186936525726541], [0.4320704266078936, 7.205661691303186], [0.9806549123577613, 1.0197267024296324], [0.3946855676979049, 8.736181345366756], [0.6084339490816814, 2.527214828137473], [0.7627476384602868, 1.3110496179557374], [0.9221114026920153, 1.0844676652740617], [0.46608382028290285, 6.046045806964582], [0.6631509996973097, 1.5730703349556925], [0.5421135122664993, 3.921913070687501], [0.43536334753447437, 7.092209428585675], [0.5162501118929372, 4.591992243236663], [0.6679553504731193, 1.4971060555045936], [0.5971586258254654, 2.7396099071070075], [0.6992523791086995, 1.4300988167886504], [0.6782949076205932, 1.4742849883805316], [0.8319540404312566, 1.2019894746609248], [0.5625836389452361, 3.4470969122755037], [0.861728870822398, 1.1604578120327358], [0.7823222719032688, 1.2782455976450153], [0.6887991443873761, 1.4518020356854662], [0.45759772219216677, 6.303427403890054], [0.6483843270493342, 1.8130851711853198], [0.792280616380246, 1.2621790554068806], [0.5011237691744554, 4.983064405160936], [0.7096601567563877, 1.4091251854558888], [0.45421787042389866, 6.441290343159446], [0.4088311748288249, 8.131850053702768], [0.4005460253716444, 8.488637998956719], [0.5781595430300603, 3.1110873434154303], [0.8820697074171182, 1.1336972481780447], [0.4511414419631366, 6.547756173609905], [0.8921481197622725, 1.1208901054081315], [0.39784327323348667, 8.609380345475982], [0.49307536936055346, 5.2260664078284345], [0.4205261234365587, 7.651273576309697], [0.9021171966245025, 1.108503422550585], [0.6026565078968416, 2.643492876544467], [0.6189326010170754, 2.3122058965621064], [0.417625221750263, 7.778772938044303], [0.4145587808776048, 7.891927748231214], [0.6160079531553917, 2.38921005096503], [0.5780083084136411, 3.2613567446672227], [0.5522672532634618, 3.689718784581512], [0.39178610533346203, 8.869208016021574], [0.9417510849554257, 1.0618517100485543], [0.8121217780568852, 1.2313424255074648], [0.4292247007032913, 7.315732989671581], [0.8221339419010791, 1.2163468128899149], [0.5127845216262685, 4.740849293578789], [0.4984335424444519, 5.093852519705601], [0.4119648685625798, 8.021909563130695], [0.7523404196304917, 1.329185530788237], [0.5709915676899683, 3.293383457099698], [0.7417964097156804, 1.3480787813239554], [0.5477405406631197, 3.7948226067194417], [0.403359410684127, 8.357920170543327], [0.6452578765575832, 1.9145229659008187], [0.4464192903129905, 6.6876288532422725], [0.5072357805618415, 4.8620276852493545], [0.9515046350334159, 1.05096702967178], [0.9319434215376973, 1.073026513079528], [0.5935818407186308, 2.8483824330487426], [0.44260115951199147, 6.823293874747954], [0.6248507703399871, 2.204967685376962], [0.48927731939868313, 5.3631166194647175], [0.4614183859495646, 6.173292626242797], [0.5576591319072208, 3.5650958590730597], [0.990324137573189, 1.0097703994679175], [0.9612735911609213, 1.0402865627384075], [0.9121863017968356, 1.0962672844683021], [0.47416788027482104, 5.824732240792824], [0.9709634531815292, 1.0299048813045717], [0.8417865298273797, 1.1879496339826967], [0.7203100312360532, 1.3882910922176086], [0.8518890833873919, 1.1738617379901974], [0.4808020929374802, 5.574945419670873], [0.5391483643563182, 4.074060908374578], [0.4847128106965528, 5.4510032913884965], [0.40607059868825424, 8.243440982943865], [0.7310558107292964, 1.3678846201939174], [1.0, 1.0]]",18.58
CONSTR,CCPSO_filter,18,100,0.023072,0.010589,5.669134,0.041992,0.511629,71.0000,100.0000,"[[1.0, 1.0], [0.5433987773160605, 3.8946040085858296], [0.5332623368558287, 4.130007697915155], [0.47111140350127845, 5.875565420914628], [0.42881483240799734, 7.334606261661263], [0.4629562031969278, 6.123615150765045], [0.40844721564557923, 8.149682131434547], [0.5879585906706298, 2.91771739891836], [0.5839491234673887, 3.0620930729615297], [0.4427065055657205, 6.822951015022317], [0.47517480575332727, 5.7550428950491455], [0.6178923069385872, 2.350485165067781], [0.44604967016913666, 6.693561899303307], [0.8180497177840793, 1.2224195892503757], [0.661821186507063, 1.584454645099357], [0.5728515729672479, 3.230746285652355], [0.5946575258019073, 2.8062307018989894], [0.5490258619265352, 3.7705241699073397], [0.5784000047602534, 3.157860362060152], [0.5391404516886105, 4.019065990336264], [0.6131702956010936, 2.435580791319875], [0.4789651098299829, 5.617962224504922], [0.4058301657788418, 8.25349796235215], [0.523582212966863, 4.383021453519159], [0.3974134743446085, 8.618981110361643], [0.39465846977884556, 8.740709607007346], [0.5640817904885511, 3.4174895229761764], [0.42577281555932683, 7.450039206819826], [0.40039426458106947, 8.495903855516838], [0.5148950138207693, 4.597563101311104], [0.4140566025572264, 7.921161323367034], [0.491463268544608, 5.243430933514622], [0.5993549562070851, 2.696907778292985], [0.4600701847063836, 6.217624043623523], [0.5047701295688325, 4.868456905420569], [0.4823786280893382, 5.518973720889932], [0.496508874980778, 5.128808869605374], [0.7217635210435072, 1.3854953469444198], [0.6414886978915014, 1.9951408012707672], [0.43220268760537, 7.197442030875129], [0.38891803359872146, 8.998654414034895], [0.6499957483482615, 1.7979035411626962], [0.6451398053700516, 1.8720521724817434], [0.4110921918115535, 8.032666422972708], [0.6556574482229575, 1.6784740440249137], [0.5016575479014411, 4.999300299655269], [0.42308056169876274, 7.574702992853173], [0.6989590314100453, 1.4306990181994637], [0.6096879357919118, 2.519435253271347], [0.39180180524786984, 8.87079375621988], [0.41651581912440233, 7.818148246366061], [0.43587512901005127, 7.07740598637681], [0.6033215737110633, 2.6091012330707666], [0.45393983279781686, 6.46136308519853], [0.4387481570160524, 6.956841642885028], [0.5690134241448944, 3.3307927176381362], [0.6330143682347398, 2.071518901981971], [0.48677583524263934, 5.3838637816841395], [0.6234440912472311, 2.2415973366490944], [0.4193752641060913, 7.698654370374852], [0.45682443948045237, 6.341819080112168], [0.6295503466589767, 2.183488982011905], [0.5529754107413725, 3.67530088165468], [0.8925296823050252, 1.1204109172228587], [0.7665479074669235, 1.3045499051775182], [0.5113112156076022, 4.745263090483756], [0.7330092891149262, 1.3642391915762109], [0.6778516805374155, 1.4752489795513648], [0.914818535778485, 1.0931129627243812], [0.7104138825488249, 1.4076301499235873], [0.6882367675136882, 1.452988342387725], [0.44983381867355027, 6.56399212410222], [0.6675228159694431, 1.4980761347426013], [0.46710245896530994, 6.000817125087624], [0.808217201446078, 1.2372911615971307], [0.838497597496705, 1.19260926087976], [0.77735228365048, 1.286418038555128], [0.9036476566583516, 1.1066260091880888], [0.9895922402006709, 1.0105172205040922], [0.5577416501315291, 3.585055246088748], [0.7875405903545885, 1.2697758213957608], [0.7978610956552876, 1.2533509973671477], [0.5203842160417007, 4.503288433409536], [0.9581323568390796, 1.0436971394004932], [0.8814418919116012, 1.1345047349987865], [0.8280779939069238, 1.2076157165847838], [0.9366018974045918, 1.0676894876799738], [0.8489959472651816, 1.1778619241013322], [0.9257482402390943, 1.0802072923646375], [0.870387915107857, 1.1489130106730419], [0.8596639351887871, 1.1632452625576228], [0.9687011047810626, 1.0323101677746216], [0.7554653631446133, 1.3236874233883005], [0.5609149835583608, 3.4916384201203203], [0.9790672594818651, 1.0213802885505667], [0.7441673182562333, 1.343783817788781], [0.9472675785456571, 1.0556679259890887], [0.5280688884812483, 4.277362664887216], [0.40289659381037046, 8.379072968207185], [1.0, 1.0]]",19.43
CONSTR,CCPSO_filter,19,100,0.024668,0.011555,5.129046,0.044504,0.553493,75.0000,100.0000,"[[1.0, 1.0], [0.4503050780713056, 6.5558927804914555], [0.4400846463975, 6.936388121147859], [0.5576211660501887, 3.5557658997842063], [0.6474046773241275, 1.872599381192085], [0.529639498556596, 4.251390060591267], [0.5447111989351219, 3.895061836913001], [0.8356634028620664, 1.1966540554188405], [0.49150220270124984, 5.259473894771404], [0.4642618767538615, 6.106256120566878], [0.7492411858148227, 1.3346837025683118], [0.4722411132003222, 5.8443428369267485], [0.5678665557168014, 3.336035363917159], [0.4431898734290247, 6.821393534448376], [0.42180795912816554, 7.600225522828074], [0.598934955882821, 2.7316182494133123], [0.4246002811928061, 7.497452228653476], [0.622767513084241, 2.2537644584164385], [0.4954683483719498, 5.140626770416534], [0.7391266854122825, 1.3529480395396671], [0.6281655677197354, 2.164846037459328], [0.4302294404488186, 7.280799947320112], [0.4051603115487599, 8.278813869001596], [0.4606032490756275, 6.219799115684899], [0.6096701578871392, 2.4886190701326476], [0.6394255172046464, 1.9569577588311728], [0.4837695906672611, 5.494971078269454], [0.5352829922897681, 4.162009329575668], [0.4369141706358122, 7.049849787109086], [0.7697111937972407, 1.2991885892508177], [0.42776483738644655, 7.402305092724625], [0.7799707268771858, 1.2820993987861034], [0.5740384274522395, 3.2270061630043547], [0.4882693291980035, 5.383993609306802], [0.40266833680915914, 8.384232126966932], [0.5093777622899238, 4.764942502499478], [0.4541608185997549, 6.418998323364971], [0.5050459491234351, 4.893526060108535], [0.41305371151725345, 7.957258732367204], [0.6042693866582377, 2.6271978406209766], [0.4581600474295044, 6.332040064906074], [0.5539416974611956, 3.6528752191538016], [0.5915499249528883, 2.8566625837343884], [0.3981067886936418, 8.583667702039621], [0.6166152812516705, 2.3682816819703736], [0.8907090148118993, 1.1227011104307514], [0.3954639949299482, 8.712876018952965], [0.6586826041875604, 1.640871095070235], [0.39243651146612657, 8.842798428503455], [0.5631236354484159, 3.4423200534761618], [0.5001434003669549, 5.016221995647593], [0.8267767276776993, 1.209516386375389], [0.8726990751295228, 1.1458703561151176], [0.7184111627100349, 1.3919605539364648], [0.6530909445886945, 1.723191932750726], [0.4079831635162479, 8.174629276261443], [0.9277928619281662, 1.077826787675183], [0.4466160716888484, 6.678836482808596], [0.4672064830754813, 5.982802262696363], [0.9182058128571113, 1.0890804501535183], [0.5399875846509615, 3.964286492742647], [0.6661029789860542, 1.5684032744762653], [0.4196449818064065, 7.71689510070225], [0.9089688385600764, 1.1001477251784877], [0.6353538998151108, 2.1088565120255516], [0.6726765887751172, 1.4865984883180028], [0.6835881227157478, 1.462869185068951], [0.9477515409451336, 1.0551288568760988], [0.694984201539973, 1.438881628940861], [0.8816972990702365, 1.134176095417912], [0.7070523323066117, 1.4143224685189952], [0.585939583050819, 2.971741840434935], [0.8450470309365165, 1.1833705037207256], [0.40055319290556096, 8.477468636417138], [0.8085907260638535, 1.2367196008639743], [0.9579825354407203, 1.0438603659303136], [0.5251810232863404, 4.362811708100856], [0.41623021351608275, 7.842278226389152], [0.579526193690806, 3.099387797486175], [0.8176762351340457, 1.2229779428970013], [0.5145761450153272, 4.627320824850471], [0.8635298727298883, 1.1580375289608533], [0.4102990693791522, 8.061745589450023], [0.38904552325429786, 8.996366912966323], [0.728701125498999, 1.3723047282453713], [0.968484894558751, 1.0325406267235666], [0.854419774778267, 1.1703848968845705], [0.9789924299352474, 1.0214583580244252], [0.4754925407830045, 5.730438868675155], [0.9894817276606372, 1.010630082441472], [0.4792577772720434, 5.610270474393252], [0.7993365983545921, 1.2510374253580616], [0.8999698744730653, 1.111148304364635], [0.519743836609471, 4.4903169152909665], [0.9377895418592447, 1.066337334086087], [0.5481991936091865, 3.7758263976093986], [0.4342902655256968, 7.172065028971925], [0.789187508085403, 1.2671259868596194], [0.7594581567597132, 1.3167282372297866], [1.0, 1.0]]",17.95
CONSTR,CCPSO_filter,20,100,0.023722,0.011163,3.643516,0.043611,0.552424,70.0000,100.0000,"[[1.0, 1.0], [0.48849780665477893, 5.334325468976611], [0.6367807296545324, 2.007854073858729], [0.6470080456738475, 1.8701501346785003], [0.474864753558168, 5.75366837141397], [0.5848327574148886, 2.9794948531147383], [0.8767247720438012, 1.1406088112108688], [0.579932217597069, 3.0879720458467674], [0.7956742507806063, 1.2567957289291911], [0.5583778968235746, 3.5775613890320286], [0.38893401175637937, 8.99829625364416], [0.6267527279820871, 2.2047720891013034], [0.4368682167554535, 7.024393278576197], [0.5049127362560071, 4.880649003127417], [0.7851647308140999, 1.273618083893233], [0.47993781199656965, 5.609156501274902], [0.7639181955349983, 1.3090406876611513], [0.8467026777780735, 1.181052128740411], [0.397270464385787, 8.621191089760222], [0.6337268270777269, 2.134851539037279], [0.5258438315161124, 4.317215390693568], [0.4838123443928852, 5.470461026238087], [0.5738729737099191, 3.222903178283416], [0.4628140000733534, 6.163011316821833], [0.466092243797182, 6.023184396642872], [0.5019481759325224, 4.9766578883124035], [0.5089988464083182, 4.769320211937106], [0.6789629974984523, 1.4728343130396873], [0.5224869850764393, 4.423239846501125], [0.5908512363463544, 2.8977379260724243], [0.5178046603628158, 4.523989831961875], [0.5479272842063553, 3.781110162555276], [0.6210061147404625, 2.2751810481881445], [0.43119039011407145, 7.263018636429319], [0.6574071813909216, 1.6917426168112082], [0.5319577878643619, 4.21497406965193], [0.6901454323341886, 1.4489699607484627], [0.42871784134170565, 7.364910640965804], [0.8969104462934885, 1.1149385137975953], [0.7532071839834663, 1.3276559507987262], [0.6416623231862197, 1.9304926185551392], [0.4059935193367847, 8.247396235917984], [0.4227441860620462, 7.573626955249914], [0.41627123474273753, 7.85295682207779], [0.3945310098567308, 8.746917403864728], [0.5996401724933443, 2.7627422370675307], [0.5438283984389224, 3.8826095011540978], [0.711544896336512, 1.4053926957366139], [0.5618132428976326, 3.4664066992968836], [0.6671453685232476, 1.4989236936674524], [0.42548173641960757, 7.455192240202686], [0.9576013016996583, 1.044275940545494], [0.80611224822293, 1.240522026807674], [0.8868292119523985, 1.1276128329133976], [0.41255045490184244, 7.97751257832337], [0.4919498918203417, 5.2349750106713575], [0.9680911707901081, 1.0329605621584685], [0.5669899328614164, 3.3472971182857316], [0.6021124364904695, 2.628652304187103], [0.4974778089667037, 5.1127455449724], [0.4191815122079806, 7.699530742863902], [0.8566188403469898, 1.167380348061141], [0.8367352808908318, 1.1951211127793584], [0.5978028528053702, 2.870178521313004], [0.7007916850856397, 1.4269575699628854], [0.742731932444658, 1.3463807819714435], [0.45516226751387145, 6.379670414510636], [0.9893167357068224, 1.0107986288997173], [0.9068583872878941, 1.1027080016215771], [0.8666940502282618, 1.1538096975935501], [0.618994572428258, 2.4365196215449347], [0.9787221636584849, 1.0217404255585447], [0.39169460865878303, 8.874404691813124], [0.7220442673999073, 1.3849566365245383], [0.65260001025856, 1.7662020114717212], [0.5405580485306052, 3.976691127683512], [0.7324950112791896, 1.3651970110399172], [0.4097384801205938, 8.090830994379798], [0.5528185112147187, 3.6893640047775573], [0.8164683613299563, 1.2247872022512747], [0.5382219727626193, 4.161315236624901], [0.4033513411517013, 8.372415324281825], [0.45249201787556437, 6.529749944598949], [0.40051492723602194, 8.495323778395766], [0.9473622068774262, 1.055562479419642], [0.44058106594858715, 6.899337308462135], [0.514131130871323, 4.6470514262181], [0.4594233525601388, 6.271490690232105], [0.9168876365264279, 1.090646181890333], [0.4446488836944514, 6.753008072003331], [0.8267501493060355, 1.209555269919683], [0.9371040772373129, 1.067117329110456], [0.43443265180516133, 7.167090199591207], [0.9269733710453759, 1.0787796405330066], [0.6091652402865053, 2.532567486658123], [0.47060124348553256, 5.884136749607275], [0.7745766097783493, 1.2910278820401733], [0.6629494967829744, 1.5970482023573165], [0.4504277115829693, 6.654732278183664], [1.0, 1.0]]",17.38
CONSTR,CCPSO_filter,21,100,0.024092,0.010009,5.551923,0.044731,0.568188,68.0000,100.0000,"[[1.0, 1.0], [0.5438759251280538, 3.907425613391769], [0.5047537273341377, 4.884241209557954], [0.4088982965287543, 8.124282423513472], [0.4933119635756992, 5.203036062281707], [0.4762675746432614, 5.707535450904097], [0.5484455247030655, 3.7831352521998016], [0.4857400746664016, 5.45403720642256], [0.8191085251496172, 1.220839448371437], [0.7411045933294705, 1.349337204222985], [0.7311605222743791, 1.3676887216084332], [0.7511924366784622, 1.331216810996776], [0.5097033906425998, 4.769918660961698], [0.6485242002728914, 1.8382625113660618], [0.48042102095408945, 5.583603242561597], [0.6685109818541077, 1.4958617392140832], [0.5759972650765148, 3.161483127795458], [0.8003587788097004, 1.2494396594077566], [0.6792258821657816, 1.4722642735747895], [0.6560555316782204, 1.7640395461961187], [0.4374173098422425, 7.004605805933356], [0.4404458907488319, 6.895838476641007], [0.7611827228699644, 1.3137450049176085], [0.5982875590816098, 2.7207873892341], [0.5141145060427132, 4.644714094122234], [0.42367314281001833, 7.534331740474943], [0.5244082938315522, 4.380378625734247], [0.47394346060741416, 5.869484681108536], [0.7907685190888218, 1.2645925778030076], [0.9387704009891777, 1.0652231887012042], [0.5933674142973389, 2.8219428363612766], [0.6622802355573967, 1.5716997022453199], [0.7809096556429336, 1.2805578632225854], [0.4511816057065978, 6.572728522212104], [0.828324491617129, 1.2072563471444757], [0.6899544736045171, 1.4493709922275269], [0.4121380841432218, 8.004087412108174], [0.5350956066475266, 4.143064997473036], [0.38892640835944237, 8.998942041825552], [0.4151048375457096, 7.87243079323001], [0.5388338108548529, 4.022508140870183], [0.4180885164000187, 7.746618261897678], [0.5582543049925389, 3.5812743608438904], [0.46394032577226796, 6.088889659474261], [0.5009062401489561, 4.989932050137112], [0.5182498774982922, 4.51101780772329], [0.4537781302920193, 6.4301708377554165], [0.4207044856633746, 7.64825749100281], [0.659830530647199, 1.6482051578911465], [0.6424212819406756, 1.9333713027541102], [0.5644882286151995, 3.462128591237598], [0.6217659177515823, 2.2962446466826782], [0.6261681845987691, 2.1803495584532424], [0.39702596809767804, 8.63231266208078], [0.4605717583785198, 6.225220879773657], [0.6367811115922999, 2.0248049955144585], [0.5850082957480002, 2.9728575844142044], [0.9690420960614818, 1.0319469134151567], [0.4271668468011236, 7.389592698833308], [0.4028274634365564, 8.380602702058416], [0.4058831413161957, 8.247547715942138], [0.5550453392706876, 3.6321330178106757], [0.5293461262532022, 4.238460074663344], [0.8097287532034436, 1.2349814626735267], [0.8676074768690287, 1.152594954124579], [0.4678977887251371, 5.966707825253884], [0.5708025797556804, 3.309973974178107], [0.9793160036472036, 1.0211208601470458], [0.4893474190011787, 5.316431327390162], [0.7710245457951551, 1.296975570302633], [0.45785093750272177, 6.321074054586315], [0.8984168227522159, 1.113069095185232], [0.9488012778315233, 1.0539614810442612], [0.40003623186581777, 8.505007210331284], [0.43050618781083344, 7.261295601404592], [0.8379706078322573, 1.1933592785394895], [0.8880721999261406, 1.1260345725079202], [0.7004357246445246, 1.427682747774617], [0.6040604511934777, 2.606191604386716], [0.9288179765527531, 1.0766372155192714], [0.7211532914923714, 1.3866677331952222], [0.4974883070646757, 5.111846552417171], [0.39153522232600696, 8.882701576391241], [0.43493150414250903, 7.13704407941207], [0.9086193479022062, 1.100570885166347], [0.5798557156359416, 3.108817460852087], [0.6175092439090788, 2.4130738359365997], [0.8778493227921034, 1.1391476578456334], [0.8574447700927587, 1.1662558742900953], [0.7107770262700732, 1.4069109763545327], [0.8475847506234757, 1.1798230197799204], [0.6101798401047894, 2.479474417373971], [0.9187590691108101, 1.0884246301566485], [0.4476262423293652, 6.646111022290643], [0.989658129292946, 1.0104499426629705], [0.44441097393530243, 6.785880184836335], [0.9588554175562116, 1.0429101006162655], [0.39452696246391855, 8.759339946095231], [0.6312421780681605, 2.1125282173139177], [1.0, 1.0]]",18.38
CONSTR,CCPSO_filter,22,100,0.023274,0.010005,5.101330,0.045232,0.559297,64.0000,100.0000,"[[0.622448204194743, 2.286334760462982], [0.5375096824703302, 4.025125184433272], [1.0, 1.0], [0.5242183167074651, 4.359739313800663], [0.40054451306873007, 8.48873095424239], [0.8853765119441032, 1.129462987225861], [0.5999522758195086, 2.7427111643737008], [0.43134221168259007, 7.2420702921190925], [0.5698237175077943, 3.2983108361139437], [0.4422947077314582, 6.873089175739666], [0.542036693083074, 3.9205095919215744], [0.4526563004466028, 6.506527587003784], [0.68635067982809, 1.4569811459216004], [0.5737838157950093, 3.2089264309194023], [0.7803749623036285, 1.2814352693326414], [0.4388588514737906, 6.9871562063525525], [0.6500620812001362, 1.8345703849315298], [0.5088316880643964, 4.764411286290227], [0.5837433992751836, 3.0437949577811385], [0.44530021744209597, 6.737379984203659], [0.5197939772241889, 4.483396319169874], [0.7535886242136396, 1.3269839377465227], [0.7625585223650436, 1.3113747609803659], [0.6101802157593906, 2.5083857378903365], [0.6545365788733337, 1.7207375009194499], [0.496135806678642, 5.1344050092684705], [0.40309162919658753, 8.365796195509233], [0.4708055637858488, 5.884568283090925], [0.6667653987130151, 1.4997778857904016], [0.6267725279105891, 2.181447435100486], [0.500172417958489, 4.999484276622732], [0.6151612522013629, 2.3868319524515518], [0.534401421399767, 4.1369502825895506], [0.5058472582221004, 4.91260272156304], [0.5771452827403538, 3.1335245400685716], [0.5666421477472754, 3.3633891881021123], [0.39747033914971763, 8.612969497077927], [0.38889707502532234, 8.99998267837347], [0.3947856372085414, 8.74612912703368], [0.5578888825124302, 3.5498248232243994], [0.6613673900545853, 1.6016429247975903], [0.4092879775992222, 8.108846123740857], [0.4605843062812165, 6.237356287674456], [0.4215280520333664, 7.615813469544827], [0.42465119496379544, 7.4893484279286575], [0.5612579990307626, 3.4823830655404464], [0.5546436380688462, 3.6407785333903617], [0.4647529929973503, 6.1089459744477965], [0.6964102715030833, 1.4359351677017482], [0.588434914702092, 2.900507713477579], [0.725595895956703, 1.3781775855850085], [0.9803059088288408, 1.0200897403492013], [0.5501904764134566, 3.7838243796801363], [0.3918250190165621, 8.873743852257721], [0.8094048217366776, 1.235475713938023], [0.8627144018248906, 1.1591321506685301], [0.4060999123340183, 8.247411730393742], [0.7994396317791144, 1.2508761890807794], [0.4740877847556413, 5.779438680117927], [0.4679176899772853, 5.994454984321825], [0.48212232930024784, 5.528234029008095], [0.8193543104155719, 1.220473227867448], [0.49140869821787475, 5.270052098278529], [0.4121447035875144, 7.985350740881024], [0.4781979775318015, 5.662320443580751], [0.9397980105691569, 1.0640584346357402], [0.6434756822703736, 1.909455904144123], [0.5138373491851097, 4.624200509794795], [0.4351283792183894, 7.120351483486556], [0.6034825981904115, 2.610514316990506], [0.4488491326152585, 6.613785550062585], [0.851455859054283, 1.174459003794637], [0.6389556587915789, 2.017119907209163], [0.99015372962955, 1.009944183489703], [0.8740298072526999, 1.1441257399942193], [0.7353475078766698, 1.3599012566011401], [0.7061372517031361, 1.4161552836762183], [0.5310203477385265, 4.26862218622199], [0.427927919148585, 7.373896592812371], [0.8406259743352469, 1.1895896992604629], [0.9183253783305457, 1.0889386524609974], [0.8965348032770015, 1.1154056667346477], [0.4183145878941207, 7.746726193460368], [0.7444989812579313, 1.3431851824838836], [0.4869507692803574, 5.400143055219808], [0.9602088369671912, 1.0414401133387698], [0.9290979245031882, 1.0763128122740397], [0.6332185173955804, 2.1019073783652256], [0.6764322446761981, 1.4783446647767224], [0.5939053373280516, 2.786854558429918], [0.9501263810126623, 1.0524915632109715], [0.4565896237531895, 6.362156256340601], [0.7714235081372436, 1.2963048046263201], [0.9073171906571356, 1.1021503949194855], [0.9703696953036863, 1.0305350680670635], [0.7898843853917059, 1.266008062058471], [0.7160067207041119, 1.3966349352372178], [0.8300796727282604, 1.2047036361139343], [0.41571619663932846, 7.877757885454946], [1.0, 1.0]]",16.95
CONSTR,CCPSO_filter,23,100,0.024465,0.011669,3.990267,0.045896,0.567360,62.0000,100.0000,"[[1.0, 1.0], [0.5495941679027854, 3.749516878703788], [0.7968714111046435, 1.254907612526561], [0.7395269249638167, 1.352215810193696], [0.44930400909805723, 6.618170176404391], [0.45686793338904985, 6.3330613479764395], [0.5818116483710417, 3.058681270192865], [0.787426507727421, 1.2699597869597812], [0.5877773957718522, 2.989550374066407], [0.6553017368102994, 1.709658738606018], [0.7296925158361246, 1.3704402584616633], [0.5932655392322359, 2.892890120038864], [0.5610738159547655, 3.5232609694222354], [0.4655450523081721, 6.06666909425559], [0.7099543984564247, 1.4085411713402851], [0.6789627388085442, 1.4728348742006339], [0.46920348474866036, 5.938412759948793], [0.8161837613599633, 1.2252142805852368], [0.5116152812566379, 4.683042278547236], [0.7587866501424083, 1.3178935077631124], [0.6405467296254652, 1.954463304669834], [0.8064878228864851, 1.2399443260295229], [0.9525482328652722, 1.0498156056538916], [0.9236592413406138, 1.0826503490059645], [0.5650131860399888, 3.404381094065792], [0.48292795887947704, 5.52309687454147], [0.46098553473579157, 6.203109735915704], [0.9332618969440384, 1.0715105837648522], [0.6254431049090301, 2.2132198080853787], [0.47303602008142187, 5.823784099224366], [0.6102276494120538, 2.4845949232077897], [0.6999014772522791, 1.4287725237070052], [0.7198999887814032, 1.3890818385658412], [0.4869391907886265, 5.400740385875831], [0.554673059891036, 3.6366905562803935], [0.6204799811257946, 2.2872851826780187], [0.6308602130030228, 2.1424616254690685], [0.8558828808244672, 1.168384159099789], [0.7779919688633821, 1.2853603122162862], [0.5044627073652304, 4.886053629087103], [0.5224911333831517, 4.406203868813112], [0.6032410819619911, 2.6118421156539537], [0.49615968858544446, 5.148932540919908], [0.8949352435708641, 1.1173992835614777], [0.9905409448369408, 1.009549383306529], [0.9810848502934778, 1.0192798305884185], [0.661895630495551, 1.5955679990753096], [0.43296274888739306, 7.1976506802296445], [0.39172750727242467, 8.872674118911645], [0.9716606201903955, 1.0291659240075526], [0.6338639212547573, 2.0530026894516085], [0.6683202374493518, 1.4962886711563697], [0.9045532720110687, 1.1055180838346061], [0.39469251328945, 8.75802204167911], [0.5004666458763701, 5.0251513106566374], [0.44591822663586667, 6.725830643450181], [0.4093718943853469, 8.107931611105617], [0.4421990111686069, 6.834650163874462], [0.6496923963865453, 1.8445345597328886], [0.3972973123948106, 8.638762211037765], [0.9141084050954557, 1.0939621541884577], [0.6155134266608846, 2.397843426077115], [0.3889134206203949, 8.999136699132348], [0.4130092887773157, 7.966212464849537], [0.5464975856523352, 3.8468037753580093], [0.5364576065890122, 4.0594994070863075], [0.5765829393883292, 3.1880748788917406], [0.43939704259125867, 6.932954815300631], [0.4782911661634124, 5.711307227099641], [0.5313005988263588, 4.192014452322546], [0.9428978616181769, 1.060560258651797], [0.8458719571896721, 1.182212025709427], [0.6894108928336795, 1.4505137798007641], [0.5415487041430098, 3.9325509054353], [0.40349571548931773, 8.35891709200043], [0.8261686346516406, 1.2104066386176189], [0.5174111209577239, 4.567498375198511], [0.48021310806050505, 5.617608552540967], [0.768408916034094, 1.3013904174371012], [0.5715332723580692, 3.2908009419613173], [0.40027800220694776, 8.511128581032924], [0.42978631274921414, 7.313274310865527], [0.4197903098824327, 7.684188037652997], [0.7491852850231806, 1.3347832905835288], [0.5267738029014417, 4.302747965802395], [0.45265575283138254, 6.470168668517291], [0.5086383085731141, 4.790377076653891], [0.5989784835692291, 2.765312045415375], [0.8754639623202648, 1.1422514724074697], [0.4912300806092826, 5.280168142162006], [0.8656439587697439, 1.155209355843254], [0.42647964500475954, 7.428756685895651], [0.43577543368443106, 7.065630427525649], [0.40629752905717365, 8.238363642193812], [0.42335079634559436, 7.56463091548575], [0.9620113327142781, 1.0394887939402317], [0.8852184482538031, 1.129664662968352], [0.41663664339893725, 7.821982860196415], [0.836011230967967, 1.1961561794357238], [1.0, 1.0]]",16.96
CONSTR,CCPSO_filter,24,100,0.023825,0.010796,5.288625,0.045357,0.561234,71.0000,100.0000,"[[1.0, 1.0], [0.5208888455037177, 4.463230361310174], [0.455793158376083, 6.358818141052494], [0.5583023458454043, 3.546852315438782], [0.5418999550490278, 3.9269079886034723], [0.4397398546947733, 6.923058741761804], [0.46599336724904794, 6.021714213256683], [0.44988785403592185, 6.562718246642715], [0.6482365987246851, 1.821285528920914], [0.4779047587036991, 5.676924893460182], [0.4815001469598849, 5.570710013329579], [0.628593590805319, 2.1432711900842207], [0.5535895246268087, 3.6796706161089534], [0.5628649784113127, 3.443148909899536], [0.42328893942947105, 7.548064344274222], [0.7297164916221357, 1.3703952308615541], [0.44705638016613, 6.658937594357753], [0.6169675060337051, 2.3567383414587035], [0.42026514019001604, 7.656344759487443], [0.5843020157942587, 3.0385465392026596], [0.681159393869037, 1.46808516332708], [0.4362491633188047, 7.059096463485507], [0.6383672331976376, 1.985248581197718], [0.8116419398499567, 1.2320703883104709], [0.595539244771021, 2.764994127715512], [0.5786095130501695, 3.145637920144405], [0.5361490273229116, 4.082029324235442], [0.8431622487997414, 1.186011353595966], [0.6115903129154843, 2.4528339609598295], [0.4438024349152551, 6.780046376499811], [0.853783576899172, 1.171257010625417], [0.5303959365209081, 4.214711481628388], [0.38900425381694603, 8.997379777743435], [0.7701754235461092, 1.2984054923431758], [0.8221499905973009, 1.2163230693142613], [0.894878097637527, 1.1174706394535683], [0.4636147808714838, 6.155766622814255], [0.511190288785733, 4.711351536180212], [0.4297505083777938, 7.299788692991035], [0.45250891549763, 6.471382033209657], [0.51564885365743, 4.583109815221404], [0.9247523761797349, 1.081370565524927], [0.8640776331209614, 1.1573034200504655], [0.5685612517489025, 3.3184386883712254], [0.7007390653486865, 1.4270647227329931], [0.710515393194833, 1.4074290431675227], [0.6911788613430431, 1.4468035061964721], [0.41176275192451245, 8.018589555787075], [0.3976215548542662, 8.611534115026885], [0.48459184234225505, 5.449626507872861], [0.40350581716820866, 8.370539401714977], [0.7596061260217388, 1.3164717420556735], [0.5014002473860173, 4.966433698142237], [0.4595897631701537, 6.240619354632531], [0.4717184272905777, 5.84090291479556], [0.8325580537531321, 1.2011174421916258], [0.5887697599724149, 2.8939022141019772], [0.7394566817715882, 1.3523442612002678], [0.6340090874042426, 2.0961859749048726], [0.8743287084074481, 1.1437346050565544], [0.9147857472776795, 1.093152142975457], [0.6537328879468326, 1.7292002633715335], [0.6706349889187749, 1.4911241085292026], [0.720066649202306, 1.388760333654955], [0.5736534737430704, 3.2583576383872703], [0.6221667157459663, 2.2692983126615798], [0.780284827715475, 1.2815832943052463], [0.7493518060081527, 1.3344866749932414], [0.39502956285294016, 8.743038859101086], [0.6001376324410753, 2.668877951308259], [0.4262807350865515, 7.42735460741866], [0.5064929467365498, 4.8341289933948115], [0.9816083213371303, 1.0187362701222997], [0.6569607625982375, 1.6742465638040243], [0.7907803117470296, 1.2645737193314188], [0.5473582508584437, 3.8326572914290367], [0.8847119763549848, 1.1303113631625088], [0.4058473083449928, 8.254749647465585], [0.41795280931019096, 7.783344252321529], [0.39211875058562895, 8.869046288515687], [0.8011551110739326, 1.2481977412083407], [0.9908065470984319, 1.0092787567144073], [0.6627630594199108, 1.5765095191026068], [0.4003564062080035, 8.486466133763846], [0.606021474707868, 2.573365571289031], [0.9344986286530402, 1.0700925280557891], [0.43299695693888185, 7.184177058988299], [0.495107248666253, 5.205767012370208], [0.6431706571218202, 1.9036069483404778], [0.5000241977604956, 5.090740918623777], [0.41450114792276876, 7.890749712057228], [0.525257385711428, 4.339449666393175], [0.97236739446417, 1.028417865194932], [0.904795585857671, 1.1052220143758584], [0.48947931841542935, 5.310018530572577], [0.963022476379958, 1.038397363017987], [0.9535755159098345, 1.048684643550092], [0.9440107817008937, 1.0593099352088187], [0.4089852409710352, 8.140157289632853], [1.0, 1.0]]",16.61
CONSTR,CCPSO_filter,25,100,0.024536,0.011645,5.183360,0.046004,0.576340,65.0000,100.0000,"[[1.0, 1.0], [0.6882149925710208, 1.4530343145594933], [0.45521104090396697, 6.388406258873577], [0.44765351356295474, 6.641713785688297], [0.5200066576746307, 4.486837730510878], [0.5061450857200462, 4.847190667935315], [0.559229611906811, 3.522378854990424], [0.4517089078139823, 6.511220388247526], [0.6362982271039901, 2.013381669134414], [0.4809777345031274, 5.578846766321151], [0.48464172183240045, 5.443816741284357], [0.6610313995025624, 1.6041901380737447], [0.6015982818136477, 2.636900646146524], [0.5920676369569746, 2.8303538549134424], [0.5454185223271008, 3.840949909771395], [0.4675484827744036, 5.974098746169699], [0.39431118650354413, 8.754174433554084], [0.5554235910592346, 3.614665400813382], [0.40926021684971364, 8.116672727043944], [0.7666743592022832, 1.3043347387285649], [0.7174198345752067, 1.3938839599996737], [0.5766480841489402, 3.141633836315343], [0.5672443950177432, 3.360616075856074], [0.5101763917129232, 4.73404011714166], [0.5420480162734538, 3.9817287625702433], [0.5882805678193479, 2.9421266037548213], [0.9905754057252341, 1.009514262337117], [0.9352323830420352, 1.0692529665699715], [0.5309011182925963, 4.19981218794646], [0.8088291380221768, 1.236355063129021], [0.49104453853955965, 5.289296642176002], [0.6307129687050006, 2.102686748346265], [0.62645068720743, 2.224078783956963], [0.4638273388416756, 6.113838464389274], [0.7267426009500738, 1.376003001190099], [0.7362636331517394, 1.3582091454378626], [0.3972055250391414, 8.626154284393827], [0.5968612475345993, 2.7285452623147193], [0.5519766596699389, 3.7782625971295882], [0.40318753732215745, 8.36864287102039], [0.5025008855603623, 4.9676733005148295], [0.647732695568574, 1.83031778817369], [0.4193104903088014, 7.70669976706971], [0.562844677759382, 3.4676362573852897], [0.5842374465811607, 3.0606915423222194], [0.7462917719784394, 1.3399584955210926], [0.41587369310927974, 7.8340990198264135], [0.8605852126657474, 1.161999980109351], [0.6979215629848634, 1.4328257687342554], [0.6085493573078248, 2.5224245746637157], [0.7564364991311832, 1.3219880335607357], [0.9718204917957873, 1.028996618657568], [0.6204163219202004, 2.2901534579699874], [0.8703518460709108, 1.148960623814804], [0.9811847076750763, 1.0191760961802052], [0.4001992122015477, 8.503916903403121], [0.3916842637832696, 8.871960638518921], [0.798382756459023, 1.252532061733381], [0.9172910154197711, 1.0901665700305367], [0.4442597856363586, 6.760574996733784], [0.4406560093064999, 6.906379264580765], [0.9263373246451205, 1.0795203576441224], [0.40634937410452077, 8.244382591118157], [0.614827690680785, 2.4205676876843296], [0.4773110993975766, 5.6800761096865875], [0.641741436932584, 1.928068425747651], [0.4593161422440066, 6.247475643051258], [0.5723979463358262, 3.242493466361311], [0.9081651872923715, 1.1011212651537847], [0.6667946458577446, 1.4997121020874875], [0.5266059536041617, 4.343959902351377], [0.42612433840583486, 7.444447698837536], [0.6565568247976235, 1.7130244418399352], [0.42923933811663584, 7.308923654044853], [0.8400615199463101, 1.1903890087286844], [0.7879195532569817, 1.2691651017751147], [0.944195215355996, 1.0591030157073646], [0.43314562364228193, 7.162837738339319], [0.7076792372179264, 1.4130695764528343], [0.49471891612138014, 5.183907130851269], [0.8989817421439011, 1.1123696434759502], [0.6775377755763812, 1.4759324661260405], [0.9531459233389173, 1.049157296394817], [0.4720088717023915, 5.833496873642868], [0.5160161940718206, 4.617989419167398], [0.9625081321452174, 1.0389522608720423], [0.8801924071713457, 1.1361152310023637], [0.8192402976557001, 1.2206430797673815], [0.889632517914473, 1.1240596312107125], [0.5373810415196472, 4.0849384416121755], [0.7772898379944488, 1.286521386385527], [0.4982902338175477, 5.051273212868684], [0.3889235340362697, 8.999306381880297], [0.8295776355284045, 1.2054326890852645], [0.8501542092739313, 1.176257188509416], [0.42297976809263343, 7.56040823730871], [0.4373620952362419, 7.032777332170978], [0.4127717836839634, 7.970334892558523], [0.48953546253753216, 5.363678307199766], [1.0, 1.0]]",16.58
CONSTR,CCPSO_filter,26,100,0.023847,0.012134,5.679416,0.043460,0.544234,68.0000,100.0000,"[[1.0, 1.0], [0.5743143403684844, 3.2360178190459856], [0.47485548432332847, 5.7458955344296285], [0.4481910823739462, 6.6341170281602375], [0.5003766877076443, 5.044888502926288], [0.5457869794653192, 3.8613601589513116], [0.7681663274815693, 1.301801399286137], [0.6585480022178133, 1.6508237330920998], [0.47119166108394717, 5.8854143000236085], [0.40258074140250943, 8.392060210544852], [0.5112955465723101, 4.7517324230569], [0.5248666384513655, 4.36916509208848], [0.4832259918297496, 5.508363038172141], [0.41299622385326595, 7.963353372998864], [0.6537535734508635, 1.7195592656930136], [0.6982265445455512, 1.4321999182240508], [0.6272010346524135, 2.22586672680705], [0.5921031033221941, 2.834607215678199], [0.6479809623499269, 1.8165351266021723], [0.4672500070868738, 5.990061932302227], [0.7978598372072931, 1.2533529742520284], [0.5981699538333927, 2.746000386683842], [0.4439430104787795, 6.768789750517561], [0.6101696102155691, 2.4742949105309853], [0.9672535566143328, 1.0338550767394326], [0.5195738671023549, 4.476034455596437], [0.8079473664703849, 1.2377043870674647], [0.47922100823988384, 5.623935245859908], [0.5501158804118592, 3.7345112393059674], [0.4332920997322108, 7.166135620262068], [0.9781584675235776, 1.0223292372367017], [0.6382080024074215, 1.9694028996664281], [0.7876987647262281, 1.2695208432217855], [0.3889917281785638, 8.996337918898673], [0.4049727632871745, 8.286084494046731], [0.5402520207910154, 3.9993952071763625], [0.7179969646919195, 1.3927635480034142], [0.6882538849395157, 1.4529522054029247], [0.40771825841567083, 8.180498108437522], [0.849947108925047, 1.1765437984308569], [0.3922297090764495, 8.86592960647685], [0.4301441862501106, 7.295586980971092], [0.5369650096014125, 4.14846437280497], [0.7482664338655431, 1.3364223687463859], [0.5044367127334031, 4.878939493584289], [0.9890679829724285, 1.0110528469385065], [0.40015814851701204, 8.493805658853454], [0.6638843900493423, 1.5898081586128165], [0.4184743183466184, 7.730656166894188], [0.5559927342257444, 3.606170268188811], [0.4609357257988346, 6.231759262383198], [0.8816882692638829, 1.1341877110771759], [0.6168326877032826, 2.4021261956862023], [0.4158201987015944, 7.852757212122955], [0.4568867459027215, 6.336627555647871], [0.8288143567505417, 1.20654280642605], [0.7281932638290326, 1.3732618106651189], [0.871125968640415, 1.147939604602445], [0.48753230359820604, 5.4025336931051005], [0.7582868321220306, 1.3187621855459974], [0.45211333457963265, 6.483717518282167], [0.8183659693248801, 1.2219471941446451], [0.6454270087898635, 1.9067554558064899], [0.8393734128673886, 1.1913648736905948], [0.9455867015329118, 1.0575444836299808], [0.7382050262226597, 1.354637213887483], [0.6069518976552919, 2.540790199026531], [0.6204388451017617, 2.307290374385974], [0.7779640163995002, 1.2854064955704583], [0.9564159813000919, 1.0455701489227132], [0.668473137310154, 1.4959464250483805], [0.9134135653557021, 1.0947943384337404], [0.4214249623510439, 7.617981155867017], [0.6782732050996007, 1.4743321606713855], [0.6330985958484815, 2.0715279390334413], [0.5667944005437526, 3.3514442184186617], [0.578041334173534, 3.135127583701878], [0.7082158932670833, 1.4119988120951115], [0.8922015522481839, 1.1208229771402929], [0.46370749053883853, 6.104776168922549], [0.42442787106961255, 7.51141745226897], [0.5893725645916765, 2.977872993434199], [0.516047051781702, 4.576797848910998], [0.42785675246519966, 7.403008672794723], [0.4955284561812193, 5.148316223853069], [0.9240947402884068, 1.0821401274158355], [0.9347857050750916, 1.0697638983682038], [0.9028182625100767, 1.107642635871955], [0.43706011869218775, 7.035178071582299], [0.4905695345966134, 5.286575720969739], [0.6020222230142174, 2.629848274889903], [0.5295536380516925, 4.242642550298505], [0.8605200211268675, 1.1620880112591463], [0.3948047922447405, 8.73838857175662], [0.41053476979855663, 8.064039972378923], [0.3973989435159018, 8.620759730376529], [0.4410014164738965, 6.895270883523106], [0.5838828759494237, 3.035379053650129], [0.5616677164892931, 3.484370631766449], [1.0, 1.0]]",16.37
CONSTR,CCPSO_filter,27,100,0.023317,0.010434,4.333466,0.044916,0.553447,67.0000,100.0000,"[[1.0, 1.0], [0.4579518965453858, 6.29456076945591], [0.47905725031341234, 5.63244167035895], [0.5211789200875828, 4.44120178924841], [0.5677552861028823, 3.3549403287679747], [0.5319283191213677, 4.177778130425097], [0.4107446361953764, 8.044264626336012], [0.6306188846279913, 2.127870347005787], [0.5297485073532613, 4.285028546146049], [0.5168563041021149, 4.550061797760704], [0.6241319278989179, 2.217267767425045], [0.6901413274389065, 1.4489785790846197], [0.7835408388834649, 1.276257663129578], [0.6005292851598228, 2.7049128425728184], [0.46603160067543775, 6.044771428480007], [0.6577099075679773, 1.6600843328932569], [0.6446793236277488, 1.8600275538284752], [0.9349126471942857, 1.0696186461922879], [0.7539723590278395, 1.3263085682469644], [0.4258414985251364, 7.438265157449989], [0.40795977244785064, 8.16142904091098], [0.8211032328864853, 1.2178736606414586], [0.46970876709916975, 5.9164918731584], [0.39857763408077734, 8.574802487980936], [0.6792431073031395, 1.4722269379668653], [0.9675781518937658, 1.0335082474142037], [0.5936226610101746, 2.8030870569212705], [0.39226673926212047, 8.858399669556404], [0.5576772820869664, 3.5604547688752546], [0.42259275457414913, 7.56616170746846], [0.5411136365887896, 3.979653983015919], [0.5898335326372827, 2.874145975130727], [0.48917037077470543, 5.320053993982746], [0.5628263100871473, 3.447597975737166], [0.5450656134312315, 3.8615228478643076], [0.7121769650709541, 1.4041453866741818], [0.553818688900255, 3.6823143419534214], [0.4380388093086562, 7.004786123522036], [0.7014609614975813, 1.4255960842996223], [0.4169228563662448, 7.803395693215107], [0.6523613621958638, 1.7519460252209198], [0.5857512881968846, 2.9996293728226835], [0.4946788413929457, 5.2192056001568226], [0.4510470899125644, 6.5327300775636985], [0.5136524219105443, 4.6784064802240275], [0.4867535436625416, 5.431215720915266], [0.3889948360936675, 8.996147476372819], [0.7735080260914506, 1.292811407598467], [0.6390596780490511, 1.976347280658901], [0.3953705960375029, 8.71966081244918], [0.6075882671776415, 2.5965518431748347], [0.4140679857583, 7.936379589574156], [0.47455579385400026, 5.792487492661416], [0.44794700723642095, 6.626943163420666], [0.6120972462322479, 2.4402095197576505], [0.44491985395691214, 6.753718853250267], [0.4413857627474655, 6.881553548741904], [0.549280784591986, 3.770626757249561], [0.4344146936649663, 7.123200685217804], [0.74391668874933, 1.3442365457363192], [0.8916632216851562, 1.1214996600511322], [0.6181628466465638, 2.3267271704876564], [0.43258651820854827, 7.2269770698403315], [0.6685687717501002, 1.495732439584814], [0.9892258723481414, 1.0108914737806887], [0.5752333535840384, 3.254386895315857], [0.5376825872297288, 4.087126523302514], [0.5033587093621008, 4.953121421419824], [0.4015541936618764, 8.436774613015901], [0.94579941129508, 1.0573066424631237], [0.8600444837404397, 1.162730555111378], [0.9132778652637665, 1.0949570092900336], [0.4539341533765702, 6.433680992398235], [0.8402000071759289, 1.190192801070294], [0.7334526939925412, 1.3634144481173172], [0.9024571904457154, 1.1080858023925868], [0.9240908892934498, 1.0821446370546834], [0.4049812175158646, 8.28962456634167], [0.5799348834637144, 3.143046112095033], [0.6334989521278727, 2.1026617321340417], [0.8019166158600217, 1.247012445212327], [0.8117166363613844, 1.23195700963161], [0.870468101571585, 1.1488071742026524], [0.8308472008880494, 1.2035907431970065], [0.9783610725355198, 1.0221175270275225], [0.5082009125710534, 4.7988997758647995], [0.9566814430816768, 1.0452800221344158], [0.7637468660358329, 1.3093343416129748], [0.4296091542406051, 7.319417548205866], [0.7923249349553688, 1.2621084556127586], [0.49823176884630976, 5.078003995259782], [0.8497995029466959, 1.1767481582802544], [0.5254823932410909, 4.3410466284820615], [0.48328350494383615, 5.5008314277811765], [0.7228176305395735, 1.3834748320313017], [0.46170524723199396, 6.171000795667978], [0.6598218669232901, 1.611831576864359], [0.4202200244405202, 7.6755475435279426], [0.8810543881293826, 1.1350037108641586], [1.0, 1.0]]",16.17
CONSTR,CCPSO_filter,28,100,0.023113,0.010512,5.964217,0.044849,0.564594,70.0000,100.0000,"[[1.0, 1.0], [0.46312536907888086, 6.120687993058905], [0.4345598478038756, 7.126336104208927], [0.4713642638840858, 5.867038161335716], [0.5147625497797298, 4.61505758033833], [0.6049879800529293, 2.597570581405366], [0.5693652274378188, 3.30588689720799], [0.49383657752680504, 5.1889572501770305], [0.6451527875731609, 1.8545342084877103], [0.5388242834774931, 4.005893949239985], [0.49876197465353694, 5.047229896167603], [0.656998579198178, 1.6857877528917244], [0.5801771376379675, 3.133844702880355], [0.6207565955613883, 2.3405824462682876], [0.5352327165237512, 4.176485293045612], [0.6627431708188442, 1.611815721833688], [0.586482571281431, 2.9456495812531416], [0.45900499593928745, 6.267753821212624], [0.7884144857330349, 1.2683683748786552], [0.448534057038027, 6.633382565985325], [0.7383513351475313, 1.354368784069698], [0.6360754185733213, 2.0332441197555697], [0.7990785913321686, 1.2514413611468043], [0.5199517407849241, 4.507187684126496], [0.4898278670259604, 5.311433080557494], [0.7289883404014864, 1.3717640524253865], [0.6670379544578982, 1.4991650674701114], [0.9690493797053892, 1.031939157015941], [0.481077541152146, 5.551317632033424], [0.4856496081811998, 5.418083053109373], [0.47449666190771755, 5.754925382007606], [0.5584987460906007, 3.538573400936207], [0.9382960379174352, 1.0657617208099033], [0.5087037538954523, 4.764351243829272], [0.6517059724251113, 1.7834919709586858], [0.5747313617444545, 3.195434953637969], [0.5541911794980949, 3.6541406859640535], [0.455640453598132, 6.384037131726582], [0.4126826307800937, 7.973866002616266], [0.44453673150574313, 6.747605721669325], [0.4284638455749391, 7.345231451674795], [0.8978817000977827, 1.113732465970847], [0.7577668725754126, 1.3196670852096142], [0.43133110368421756, 7.235323840695776], [0.8091526213939326, 1.2358607925873037], [0.467035620370934, 5.998374747858796], [0.4382692824253199, 7.010891698200285], [0.5444775787247449, 3.8887738333557933], [0.948539877926063, 1.0542519331780253], [0.9280576687288117, 1.0775192465892016], [0.4066881366630002, 8.216602585806594], [0.4407597826637848, 6.883334550597401], [0.7676374378657042, 1.3026983191183896], [0.6881739827781814, 1.453120904052441], [0.5484055818928979, 3.7667547638391135], [0.5037721925541295, 4.913552978367465], [0.5992227995063949, 2.70075522872646], [0.8879741055074741, 1.1261589654447226], [0.7779730594054909, 1.2853915542579033], [0.47865961988288214, 5.661101063358577], [0.8489443953020598, 1.1779334495096039], [0.8779903123079963, 1.1389647311384037], [0.3987240226790915, 8.578731074966578], [0.45153554453744055, 6.505492667842323], [0.8294318298821973, 1.2056445918431031], [0.7480219484873799, 1.3368591684002857], [0.6418699124478949, 1.958767251405584], [0.3952958208726106, 8.719504999720034], [0.9896605396154081, 1.0104474817078288], [0.614912519893355, 2.412841040658308], [0.858640045370363, 1.1646323804623662], [0.9078139197848554, 1.1015473305773853], [0.8682081676691027, 1.1517975034544097], [0.4011568351771522, 8.453726008858848], [0.9178875561194905, 1.0894580641529257], [0.9587831195322639, 1.0429887423214579], [0.41865244098224585, 7.75587521995995], [0.5820202722753207, 3.037097788333982], [0.9793446953063621, 1.021090944580219], [0.3919783493577071, 8.858409477874822], [0.5944080015447747, 2.8144054430899463], [0.38895702761491724, 8.998810749261509], [0.4153346094953277, 7.862601187690482], [0.6991354241247968, 1.4303380511033845], [0.7097188692176994, 1.409008613653274], [0.6249210444758738, 2.2223477205452142], [0.6303072166152278, 2.121854232977139], [0.4038526552970271, 8.336547524147907], [0.8392968140293999, 1.1914736041938208], [0.6778550435436814, 1.4752416604768677], [0.5301816725393839, 4.224011902403074], [0.5258588949571379, 4.339191007887361], [0.40992235783366315, 8.114755939604194], [0.4251730751929116, 7.495090658354549], [0.5656905593862558, 3.4339122040497942], [0.7191371223045588, 1.3905553878172543], [0.4215281671052807, 7.630672506254477], [0.8192915160071654, 1.2205667707552021], [0.6117384519115332, 2.478750998213733], [1.0, 1.0]]",16.09
CONSTR,CCPSO_filter,29,100,0.023545,0.010913,4.966629,0.043399,0.546897,67.0000,100.0000,"[[1.0, 1.0], [0.5155301156296889, 4.58563078042656], [0.5977454219735607, 2.729725868139534], [0.6424652227425108, 1.9044737207814646], [0.5340276976311503, 4.141992662345317], [0.45677539123019906, 6.336084991024681], [0.5119463988468897, 4.685146297673516], [0.5526980551459421, 3.67819102136849], [0.47763297979506114, 5.675114032533678], [0.742097492789304, 1.3475318401108243], [0.5738690845724176, 3.2216614452650285], [0.5478297879718255, 3.7829162286926765], [0.415226129954009, 7.873218703850873], [0.48716479063865425, 5.4621713668781835], [0.5201999273803108, 4.492802232813319], [0.5853151162974196, 2.9667132528542144], [0.41219090331676855, 7.983716981584431], [0.752159670746422, 1.3295049427572052], [0.543329156164326, 3.918418790327979], [0.48147380817059626, 5.551384135340991], [0.5571040969686918, 3.6030449878253763], [0.4894012240318114, 5.323467658464116], [0.5804065115604321, 3.1176687189284116], [0.5695254597894327, 3.3106774484210733], [0.5028933939767096, 4.9263702565076315], [0.399419462170736, 8.526961955673015], [0.4957869549891456, 5.22429215385623], [0.39694472632374267, 8.635959351243836], [0.4994111318729567, 5.059649255889112], [0.8409445181252727, 1.1891390911606292], [0.4179422297011408, 7.751800425824912], [0.80098228239581, 1.2484670659741812], [0.7621054057643404, 1.3121544506000025], [0.40202408116962296, 8.419977828053739], [0.6649997667531843, 1.537063244907206], [0.44096700394657207, 6.893139270990351], [0.40449095064135776, 8.31184137103814], [0.44518484416674037, 6.749738986259445], [0.5314952143864371, 4.2980756770583906], [0.40709144474487713, 8.203813509846293], [0.7323465193704592, 1.3654738208623172], [0.4605616522479358, 6.222825862938697], [0.6012493227519232, 2.642970526328643], [0.8513234717025822, 1.1746416412084542], [0.791542664000182, 1.2633557804027227], [0.5074332233873226, 4.8127496868104], [0.47376488387186244, 5.811194968634255], [0.672636621176764, 1.486686820962142], [0.6331543027175179, 2.1422001263582597], [0.44899915836206555, 6.593765716707074], [0.9561529601310769, 1.0458577672163587], [0.6145029337911033, 2.4191771055003457], [0.6076833977228309, 2.554154870373884], [0.6558642819556577, 1.7566900046541183], [0.4534262681167318, 6.460886849898051], [0.5647745290453637, 3.398395181651846], [0.38889784764427926, 8.999589427752062], [0.9251862276345282, 1.0808634738940637], [0.966902067838426, 1.0342309043102644], [0.8833101328301912, 1.132105206124972], [0.5616576084361744, 3.475451014595662], [0.6827230852967848, 1.464722698757568], [0.6214788621567217, 2.2880834867711797], [0.46902140353895333, 5.930585964978718], [0.8725869497113726, 1.1460175978230847], [0.6274313805459238, 2.2078261723464903], [0.7226415483145195, 1.3838119359901018], [0.7720319584748602, 1.2952831667428482], [0.5918667934667069, 2.8320895192970332], [0.4283259938552445, 7.36022273195355], [0.40961991229034117, 8.091552551370402], [0.6928297380156818, 1.4433560586820042], [0.6371259377726246, 2.010746817310355], [0.4261559998857313, 7.498500469404821], [0.7126003299104986, 1.4033111661983069], [0.39166973333954447, 8.8754165347046], [0.5237891337731718, 4.37288195124797], [0.6481073581483017, 1.8066924211428235], [0.9149243470080577, 1.0929865439368323], [0.702868388293445, 1.4227414643415484], [0.5386396269533351, 3.9969016064332332], [0.8109894264968887, 1.233061698867706], [0.4355143914346018, 7.134385006816857], [0.9354015412295674, 1.0690596026659516], [0.46554634550491836, 6.065214078833924], [0.3943279186399675, 8.75355250592721], [0.9045551243891543, 1.1055158199178845], [0.4387438165468425, 7.04643680443935], [0.989001597411598, 1.0111207126633435], [0.8940196167732398, 1.1185436887942932], [0.8308402989539522, 1.2036007416335293], [0.8618977931225977, 1.1602303753175505], [0.9779596066505654, 1.0225371203468425], [0.9456230543272853, 1.0575038282155655], [0.6594512625916235, 1.6254365144250082], [0.4221671371337478, 7.626789314565066], [0.8211141917754067, 1.2178574064562298], [0.43168262551489683, 7.248803913130236], [0.7817281232964437, 1.2792171219107902], [1.0, 1.0]]",15.84
CONSTR,CCPSO_filter,30,100,0.023520,0.009691,5.592385,0.044665,0.561256,68.0000,100.0000,"[[1.0, 1.0], [0.6292968393427902, 2.131188814543305], [0.544347614831567, 3.904700428393711], [0.4316340565024848, 7.231637039465328], [0.6239993157057443, 2.249815206752383], [0.4156053291883671, 7.847240549067306], [0.5694922470021555, 3.3256904532251887], [0.5041968541614137, 4.894888484165886], [0.9902200770497315, 1.0098765145011066], [0.547591674197197, 3.8021120099299965], [0.9235820991658694, 1.082740777352817], [0.6534911824179304, 1.711863737163286], [0.4345025960425153, 7.131146383441612], [0.9328429836890122, 1.0719917686955305], [0.8078929136111414, 1.2377878096865256], [0.485852589384471, 5.42202902741274], [0.5001367207306957, 5.0025631171093705], [0.5994025916687632, 2.702993966013592], [0.6596661644928556, 1.657395655056329], [0.44090096411508706, 6.903443006428165], [0.48338766868341454, 5.554709586676539], [0.6163573472312104, 2.3670374140522044], [0.4510126410898875, 6.530744927965922], [0.7365125845176905, 1.3577500520983707], [0.4186930612755377, 7.723429755987633], [0.5808782783635318, 3.0509458261321716], [0.5096712477895996, 4.804237644838134], [0.5398663325522226, 3.9755231832238316], [0.46720168816676283, 5.994745198067398], [0.6102926217526191, 2.473122478012388], [0.5548047611711889, 3.7013762163271346], [0.6484551955729465, 1.8347182545201228], [0.40643685803740276, 8.225188045463867], [0.7169974311754844, 1.3947051363357688], [0.6352995149652612, 2.037911188771445], [0.7560056397183123, 1.3227414551730066], [0.828710551687029, 1.2066939391133278], [0.5140896661986564, 4.663256729746034], [0.46346169543866933, 6.126677160247941], [0.5885563120367541, 2.957484606563389], [0.7267629752591899, 1.375964425875388], [0.5231345689156616, 4.385238744092527], [0.42536522642000485, 7.487518129642442], [0.7069275348153577, 1.4145721460137917], [0.6057434743353022, 2.5944441782908316], [0.4561453058051008, 6.3907700198283495], [0.38911919224472225, 8.999943459157096], [0.39794925358257865, 8.607158047878155], [0.4784859846998578, 5.648938834015574], [0.43731236592065115, 7.011509041948278], [0.4126134689479076, 7.980074336751456], [0.7971679886890659, 1.2544407379484581], [0.4474063893076149, 6.652227867656885], [0.8958688505722022, 1.1162348142379188], [0.42184077453143654, 7.5962494580763655], [0.9143321555495865, 1.0936944456458717], [0.4753270641018289, 5.772099159102445], [0.42835116282163455, 7.351975707860097], [0.45988046474483, 6.246695059882388], [0.5268040821904704, 4.301237087525218], [0.40083263779845024, 8.4816174767301], [0.9421834562630218, 1.0613644225576786], [0.5369113511405219, 4.071962713323109], [0.951638346023812, 1.0508193623956572], [0.6662725774914269, 1.5288276398407445], [0.7760387611235956, 1.2885954285996486], [0.4035862438448502, 8.349099516575478], [0.6415160093992923, 1.9285227920445427], [0.518582096915638, 4.507877551754907], [0.5747917084029476, 3.193155094693519], [0.7461379168553295, 1.340234797629099], [0.9707965114218755, 1.0300819875581873], [0.4909016025281438, 5.324310752061613], [0.5623635223649432, 3.449269451744805], [0.49283068954546133, 5.213815238306684], [0.39468667119464446, 8.738019016332549], [0.7660149695635122, 1.3054575168025975], [0.9804790623226906, 1.0199095915735983], [0.5589237591569521, 3.598572574662925], [0.818368284286984, 1.2219437375573095], [0.9050770287298685, 1.1048783343925332], [0.5938276173044321, 2.8500709684426067], [0.39187130820507216, 8.867225261712164], [0.8388030631853762, 1.192174950103871], [0.47112383857618795, 5.859377060055167], [0.4442043476035198, 6.76430744262108], [0.8680064198700161, 1.1520652118560941], [0.5332231002106895, 4.168673310754644], [0.6755369576186205, 1.480303910425812], [0.848622104004577, 1.1783808072887605], [0.7865191029385405, 1.2714249358519918], [0.9612860299521534, 1.0402731017008262], [0.4968716933713182, 5.094607555217667], [0.6860513885319679, 1.4576167568727296], [0.8773367309185307, 1.1408271951216882], [0.6966931526439549, 1.4353521291331681], [0.4093928771138187, 8.099501511657278], [0.8864074566333794, 1.128149354471871], [0.8580424945224686, 1.1654434440995092], [1.0, 1.0]]",15.98
