problem_name,solver_name,run_id,final_archive_size           [archive solutions at the last iteration],final_igd                    [IGD of the final archive],final_gd                     [GD of the final archive],final_hypervolume            [hypervolume of the final archive],final_spacing                [spacing of the final archive],final_spread                 [spread of the final archive],final_feasibility_pct        [% feasible in population at the last iteration],final_front_feasibility_pct  [% of returned front members satisfying all constraints],final_feasible_front         [objective vectors of FEASIBLE front members only; for honest cross-algorithm HV],run_time_s
CONSTR,MGPSO_feasarch,1,100,0.024770,0.010088,3.710476,0.047695,0.618735,52.0000,100.0000,"[[0.4404201773730364, 7.00131231934561], [1.0, 1.0], [0.4183835076463035, 7.7402419881037705], [0.5202070860038865, 4.4775174197151], [0.5468738742897638, 3.8644797568684375], [0.5922648927819585, 2.8291985745595185], [0.5296587744980865, 4.2175750700359815], [0.3940252376672324, 8.929652928273928], [0.6309579200809969, 2.116077215568417], [0.451127052687169, 6.604322388377555], [0.6427743333153918, 1.8906540612681817], [0.4964495477349785, 5.114721243760142], [0.8790801795297183, 1.1375526638934916], [0.4297883912494479, 7.292627296186095], [0.5414068985612843, 3.954106935882768], [0.9073419141150945, 1.1021203632759238], [0.45748787841270594, 6.382542896520147], [0.6248327031947225, 2.203259089393913], [0.5862595222918057, 2.9632994446491416], [0.45403542648149037, 6.500569843172739], [0.4048988527943228, 8.305972246425178], [0.4351276069720563, 7.130758363513328], [0.5158442376061988, 4.601274647163568], [0.5252155328954831, 4.333380469094506], [0.472958091347237, 5.87858168956533], [0.8884689292651318, 1.125531762632507], [0.4934323723420728, 5.246287258490594], [0.4681560520858502, 6.00572296379599], [0.44327679318504337, 6.868075747633046], [0.6923184043949249, 1.4444220948798607], [0.954016433536051, 1.048199973132026], [0.395275533608285, 8.759208932985505], [0.5023825273920018, 4.971315765990536], [0.8697134862313695, 1.149803947887696], [0.5386780265591391, 4.072010764133855], [0.8507081295739045, 1.1754912939422262], [0.7105982868402039, 1.4072648619048465], [0.6838686179277205, 1.4622691753720627], [0.5078798478770444, 4.853455447995806], [0.6669288387575825, 1.499410344682191], [0.9167566583313859, 1.0908020039037705], [0.4869282422726811, 5.437491805438438], [0.6136616527272762, 2.4156908987925827], [0.8978916612670584, 1.113720110273495], [0.4077202752666596, 8.19031645425692], [0.6488973006738532, 1.8028031919487346], [0.621356093764546, 2.286723976287236], [0.5802737017832673, 3.0847921343745397], [0.44679008620785515, 6.73696331400924], [0.5988527069738433, 2.7881796794083735], [0.7583939569368322, 1.3185759074861556], [0.399354892060397, 8.606794488112214], [0.6534365418010495, 1.719443312010776], [0.5121581605134096, 4.730242870788879], [0.7292239459007781, 1.371320848172017], [0.9631873298833705, 1.0382196370056975], [0.7385794158499087, 1.3539505414583828], [0.9355066386087901, 1.0689395015807897], [0.5748905090773976, 3.1789819405808104], [0.39181324180502264, 8.972865503721168], [0.8103925923148724, 1.2339698184351826], [0.4011301307696922, 8.453753972869427], [0.42190697027328733, 7.61613867660725], [0.5617802539180038, 3.534367022930843], [0.9260430280441032, 1.079863429361486], [0.41592977696704747, 7.845232218959271], [0.5701126432546786, 3.312251600583545], [0.4894468139465823, 5.365479299852962], [0.65887979461063, 1.656696570952702], [0.6073083237795021, 2.545449775042926], [0.7894067714779447, 1.2667740335287194], [0.8408810266198562, 1.1892288782157028], [0.8602441655687609, 1.162460659455723], [0.5559076385212032, 3.6243540358693878], [0.564754856225993, 3.3995280138688657], [0.8309043079062706, 1.2035080219042553], [0.7014285668558782, 1.4256619237543386], [0.4604907218918573, 6.220681931340867], [0.48227583601013746, 5.525451057028472], [0.9907867411543977, 1.0092989323160175], [0.8001473415676802, 1.2497698211941324], [0.4783279133817914, 5.704636579030888], [0.7687372489777156, 1.3008345846774343], [0.5335376357831003, 4.138336857563303], [0.46386608149657, 6.0911655738914074], [0.719892054089386, 1.3890971491065163], [0.6628294428131983, 1.5975459543472392], [0.8206249203642391, 1.2185835150559945], [0.6377175900693658, 2.01784422770161], [0.9815730441519684, 1.0187728829329779], [0.41177909659039624, 8.017608150362259], [0.6753651949387075, 1.4806803896531189], [0.42709990517522295, 7.434081860858372], [0.944754455811051, 1.0584760874628762], [0.9723667136630093, 1.0284185852402261], [0.5514214481009334, 3.7988010746036593], [0.6019825012825946, 2.637504897226094], [0.7482101434229415, 1.3365229124336118], [0.7788906283546962, 1.2838773039449303], [1.0, 1.0]]",16.09
CONSTR,MGPSO_feasarch,2,100,0.026047,0.010335,4.663826,0.047749,0.629747,53.0000,100.0000,"[[1.0, 1.0], [0.4532466088104211, 6.483292064166813], [0.6007052404171472, 2.6919191343092503], [0.43737731133172486, 7.056516268489532], [0.6194519616513086, 2.332874753536613], [0.48069708641118386, 5.670121095049724], [0.5010655228200092, 5.105915287490091], [0.6575300125670256, 1.6483770349974554], [0.5611556057875201, 3.4890285120882325], [0.5374994981533754, 4.040321324598097], [0.5651186497668488, 3.390812607480366], [0.5030907810730361, 4.925960226615433], [0.5237278277019402, 4.393453128302543], [0.6295826638047938, 2.122855064332592], [0.5199029754668593, 4.489774012927958], [0.4148559071853218, 7.880226848502444], [0.5724229715709236, 3.230370926336617], [0.5686006385270519, 3.3223376644194245], [0.6388380878070333, 2.0693583401523665], [0.4006274995696761, 8.486169126657758], [0.6634903080230063, 1.5713663605819448], [0.4235424964393667, 7.542427180017563], [0.46188764902955415, 6.22299164139911], [0.4569755070103376, 6.339902341955136], [0.7623313700213756, 1.311765512118385], [0.6482642068434927, 1.8604914952906733], [0.7812871913000429, 1.2799390686746372], [0.44691631255917796, 6.6928545854036585], [0.6066369668831988, 2.543770134005564], [0.7903897519650461, 1.2651985903332204], [0.5914847709895555, 2.9004202707891933], [0.465679105271623, 6.062750446007197], [0.4764889765614166, 5.7799745108958565], [0.9909018980696133, 1.0091816374033704], [0.6518542121021319, 1.740791049009607], [0.6774639360214343, 1.4760933340197182], [0.48960710941363017, 5.336821880329142], [0.9634682428374128, 1.0379169292129455], [0.39158665776394946, 8.956410573453368], [0.44106302493364574, 6.939877458001207], [0.624010007798784, 2.220654934033136], [0.5180499032374014, 4.5884641672379125], [0.7437006356841052, 1.344627060968065], [0.5839768581518436, 3.0167120398074414], [0.5432094090428573, 3.901533837660159], [0.8171449264616713, 1.223773124713766], [0.47064195707203516, 5.892794661811037], [0.9094435477457106, 1.0995734726787132], [0.5072811985183997, 4.805547501751385], [0.6867533164229334, 1.4561269324604984], [0.5122446014236353, 4.70571831330661], [0.4961980351606967, 5.262287431814707], [0.6135849827300073, 2.443802922137654], [0.7057640476729122, 1.4169041385676422], [0.5466120446530496, 3.822363657414838], [0.9272812428288169, 1.0784214689271006], [0.41276138852515987, 8.005472134543236], [0.8082482770966692, 1.2372435900415741], [0.6683893902451646, 1.4961338623780382], [0.9363048948975968, 1.0680281663051323], [0.71522464917621, 1.3981621035457767], [0.44368279914872166, 6.820691090912622], [0.5293048818424798, 4.288151293276918], [0.5805594478067149, 3.0700894667275245], [0.9453387827280272, 1.0578218288201753], [0.8823456854250835, 1.1333426530195303], [0.8354594514678078, 1.1969461812217375], [0.7343482736804797, 1.3617516862783656], [0.3932026112781786, 8.834274874851848], [0.48433998679014967, 5.518882769294463], [0.7717355357610578, 1.2957806834874281], [0.5957240787582206, 2.850180650005011], [0.5534587445711717, 3.7101889671864194], [0.8913750364047484, 1.121862245585626], [0.9004133584450407, 1.110601026318556], [0.4085367771248831, 8.17937815524884], [0.8541483801368865, 1.1707567716041787], [0.8634206324590225, 1.1581840442612537], [0.39981984260712056, 8.670181165720894], [0.9726386868988136, 1.0281310145994973], [0.45016007589336654, 6.580285900776308], [0.5590496879515743, 3.606844335548089], [0.9183449096104626, 1.0889154930081482], [0.9818065306965782, 1.0185306053021606], [0.8262513496918034, 1.210285466248262], [0.8728704616710207, 1.1456453665365225], [0.6961686179711997, 1.4364336084470986], [0.7528887898663856, 1.3282174119998107], [0.4323577102065626, 7.354398289359049], [0.7247521793140211, 1.3797819841625054], [0.8447998181246812, 1.1837123760512143], [0.6421720288545327, 1.9404984458949655], [0.40507356373335834, 8.331774068033784], [0.9544035905868172, 1.0477747672608269], [0.4285366647195178, 7.4361854914637435], [0.7992687881537808, 1.251143563743913], [0.41904479416004625, 7.716806888877641], [0.43426134007354356, 7.142986409013908], [0.5332211823028397, 4.153637266639856], [1.0, 1.0]]",16.07
CONSTR,MGPSO_feasarch,3,100,0.026228,0.011565,4.808363,0.044490,0.625961,56.0000,100.0000,"[[0.5184938361160456, 4.535905324943009], [1.0, 1.0], [0.4859649952834083, 5.434726185824547], [0.3934845435195391, 8.862519633616955], [0.5107074137168017, 4.871717723984893], [0.4219857032639741, 7.643858581179603], [0.5354518528129777, 4.108786504582338], [0.47484957843767484, 5.765204497095323], [0.5028504405647212, 4.949289792208079], [0.5411954077262109, 3.9744767986050498], [0.4011124721152093, 8.541145294434353], [0.6582525249786169, 1.6425155270503027], [0.4509475376856091, 6.52896160451453], [0.551544023585626, 3.7309807704843267], [0.5117173798238692, 4.681077357533376], [0.6640260566036669, 1.5731699486803723], [0.41921849655000437, 7.768555757365408], [0.6200396624026653, 2.2935100510234427], [0.4997650148433318, 5.0906031908851705], [0.39616822944695523, 8.707523830424641], [0.44112041151127435, 6.927200319844692], [0.6504294001380856, 1.8098871754665737], [0.5904554389318639, 2.868712735715183], [0.6526157513490596, 1.7341602624344437], [0.5708885198403739, 3.294887728244485], [0.5764756609614258, 3.1662450810315828], [0.7730046636111148, 1.2936532560210823], [0.6264674063144726, 2.219711197387029], [0.4961195565619054, 5.207866756100267], [0.6059250793989385, 2.595158658964927], [0.6451553570852493, 1.9223082700890817], [0.7638508030744122, 1.309156180729423], [0.601580149939859, 2.6953059955724257], [0.40634705524453274, 8.27864206436134], [0.8479741658944389, 1.179281209522704], [0.5966556590295786, 2.7903933694606198], [0.49093897674061215, 5.2980124725099635], [0.7174921170240263, 1.3937435356749899], [0.6327139781389566, 2.114801382892951], [0.9815109308047344, 1.0188373543431724], [0.8006555717334382, 1.2489765078821302], [0.8195168492787552, 1.2202311653263571], [0.8386432444663756, 1.1924021407175287], [0.4099603543392896, 8.103292118379146], [0.6687412546617193, 1.4953466576633543], [0.7821094114982201, 1.2785934874308513], [0.5628633957839121, 3.4478541113504053], [0.47976110301046737, 5.6045397249278945], [0.4584083085113919, 6.272163204544609], [0.5469618227565501, 3.833008468968175], [0.744979980522576, 1.34231794966965], [0.4036198918331939, 8.373390797032375], [0.5232991175796582, 4.408573244120797], [0.6180094709939515, 2.4158878158267942], [0.48232046634723946, 5.530266540013771], [0.5275666215934561, 4.400080106157682], [0.43518539940838047, 7.26570495372157], [0.7545460105817262, 1.3253002281849429], [0.6385412450596151, 2.0086538927511], [0.4623648580762906, 6.1733100419797236], [0.7358230429299869, 1.3590224030197289], [0.7082547137869375, 1.4119214182891093], [0.5294247451497983, 4.226738576220467], [0.4688236252529986, 5.959579055997608], [0.5679503179771667, 3.358476598017457], [0.8290853406753484, 1.2061484517208199], [0.7913812868294152, 1.263613401836166], [0.6788000544718913, 1.4731878605666926], [0.4732004316693615, 5.851817281289383], [0.4371398248299264, 7.0278540137337036], [0.6989091304435422, 1.4308011677646553], [0.586389276055076, 3.008187150191407], [0.44531498363494015, 6.731975376049024], [0.41515022589499184, 7.8698192971587835], [0.9907725343765101, 1.0093134047456176], [0.8572172595029085, 1.1665654055774493], [0.4264975191431305, 7.538211692985122], [0.39016667356517604, 8.982016204698375], [0.925934859059591, 1.079989580493418], [0.8855895269433315, 1.1291913122003188], [0.5578639424957722, 3.5911962300850613], [0.4494999024596075, 6.635326332376381], [0.4547467891073992, 6.414809530009663], [0.7265107705241133, 1.3764420853369983], [0.6888060746326432, 1.4517874287524597], [0.8954185060378075, 1.1167962168047672], [0.9724742946360554, 1.0283048153722623], [0.9358755093809503, 1.068518184284431], [0.42973301617882415, 7.378898797745216], [0.5819366881476151, 3.1174163467200837], [0.9161137433586023, 1.091567512494528], [0.9452345492216685, 1.0579384776227518], [0.6124489702348629, 2.475940374352484], [0.9634360663989444, 1.037951593132403], [0.9543411825022254, 1.047843285331206], [0.8761518578473314, 1.1413546533553651], [0.9059594156871368, 1.1038022042538593], [0.8666799413715045, 1.1538284806932522], [0.8100898556492997, 1.2344309622276215], [1.0, 1.0]]",16.09
CONSTR,MGPSO_feasarch,4,100,0.025040,0.011504,3.013185,0.043547,0.601672,51.0000,100.0000,"[[1.0, 1.0], [0.4124494219362192, 8.01616357231477], [0.47480755504891814, 5.7866587730107995], [0.5811108869148546, 3.054358779337239], [0.6147685399191022, 2.3951518348102683], [0.471210546918151, 5.910630554065577], [0.4967432795941819, 5.225077446554507], [0.4182720547968996, 7.768665474360293], [0.4603201145342334, 6.278567416251266], [0.46682550932918254, 6.030961786500813], [0.4410548149315046, 6.941546233937357], [0.39096998680452183, 8.936206630633388], [0.6389741803938046, 1.9718817950206693], [0.40505630151379335, 8.285145071262455], [0.4018495266531338, 8.424651667501665], [0.45090559400084423, 6.556412581087277], [0.5195817817482937, 4.5288686975026495], [0.5929846524697008, 2.8265212346840833], [0.44372454517216026, 6.811059315012664], [0.4007161549353458, 8.620883017437123], [0.6066765724108212, 2.5717013880366446], [0.647100514034078, 1.887797960061986], [0.42650332899303994, 7.472085605117323], [0.49791477026638964, 5.063105981340072], [0.4092603684786059, 8.125934604865115], [0.513785848920339, 4.6582395829528815], [0.5025544070913355, 4.987596830113757], [0.5864270648302451, 2.9616565951814167], [0.8714819296764547, 1.147470723083448], [0.577384202350033, 3.1750109804785973], [0.601887607068687, 2.6697180576271817], [0.5369920850175155, 4.083230327258083], [0.4776900804312475, 5.671049987495663], [0.43303044650313244, 7.166264104160407], [0.48387676416160474, 5.526667902504526], [0.5633873855318697, 3.4316576980629447], [0.6114497191991665, 2.4738900247556184], [0.446858673361084, 6.717120774267084], [0.6220039488761153, 2.2816424157931596], [0.6506913640234292, 1.7753687869351373], [0.657236343658057, 1.7129869061088547], [0.5694803615350862, 3.294248631722985], [0.9233620382422061, 1.0829988223294178], [0.5547991146190102, 3.625936190753873], [0.6608107972768461, 1.60360159895417], [0.49085598154343973, 5.42475393158774], [0.5308684637000227, 4.207945125268141], [0.5458593387359711, 3.867417996434862], [0.5079886319234354, 4.875919010951367], [0.5240904619601969, 4.359782957898387], [0.6283930612655416, 2.140175426426171], [0.6670729658939923, 1.4990863835410093], [0.7434971863921357, 1.3449950024055364], [0.49171984054214773, 5.261178797629672], [0.8818385886417786, 1.1339943759324658], [0.7134013305662622, 1.4017355409279235], [0.7044245139088702, 1.4195985236955677], [0.8612403009485409, 1.1611161239187644], [0.4220052432260123, 7.644596373562347], [0.43721854302157936, 7.033203255164567], [0.6768310763609557, 1.4774735305840145], [0.6339129325111758, 2.071915313968201], [0.8407215275592801, 1.1894544950016033], [0.5096718320905518, 4.783929056859959], [0.8509946225998338, 1.1750955569436465], [0.773847598897591, 1.2922441077863154], [0.831291686705322, 1.2029471916931151], [0.7833848322107768, 1.276511822647775], [0.9717544789490563, 1.029066520055036], [0.7932495210948444, 1.260637382572634], [0.9332497936422234, 1.0715244801686679], [0.4315657153985957, 7.289672677418612], [0.981196161895437, 1.0191641985922961], [0.45628975526631926, 6.388264346004817], [0.42953086614938263, 7.444760547243571], [0.8026549531333012, 1.2458653573323488], [0.9905956403859184, 1.009493641230258], [0.9026661173499675, 1.107829330002752], [0.5614808755125122, 3.5396346136859855], [0.6858721038108013, 1.457997773118137], [0.8218963025097649, 1.2166985019233847], [0.550748664560714, 3.7701867798821027], [0.39291662816577755, 8.847653796721378], [0.396044904430347, 8.676333641997791], [0.41480606238614176, 7.8917014398616585], [0.7637986391039119, 1.3092455901377351], [0.7330696185013741, 1.364126918865245], [0.8122010248542579, 1.231222282906428], [0.6951675610337215, 1.4385021051802094], [0.7536818856569408, 1.3268197352631845], [0.9621924730283393, 1.0392931019847493], [0.5433178267177913, 3.971833827710232], [0.9526526992913377, 1.0497004844933344], [0.46319869408355313, 6.121261180105439], [0.9129351893609319, 1.0953680082153638], [0.722882559853848, 1.3833505683166287], [0.8923295668576982, 1.1206621826075525], [0.9429507564340779, 1.060500766531715], [0.5982384964510982, 2.7495429581034165], [1.0, 1.0]]",16.15
CONSTR,MGPSO_feasarch,5,100,0.027721,0.011541,4.951411,0.042389,0.628466,49.0000,100.0000,"[[1.0, 1.0], [0.6094528050309922, 2.530580936195912], [0.462664984420151, 6.212446853978194], [0.4891085067607254, 5.38037827102244], [0.45719755225527153, 6.315630715911754], [0.6327686418617282, 2.0850795576563113], [0.6513954712040175, 1.769308980524749], [0.5591274174060024, 3.5212371392050614], [0.6409374726843358, 1.970328176089904], [0.5889765397360465, 2.9413332286830913], [0.43787826262369045, 7.018538503173316], [0.483307808413457, 5.489402954172443], [0.6463837574584255, 1.8812328780012262], [0.5023636894755059, 4.970872358100738], [0.510823985946705, 4.779225880300188], [0.6645874998248085, 1.541139433224248], [0.40186698557785017, 8.484902840423235], [0.5554940900401829, 3.6076473460095104], [0.43559475263947744, 7.180873428037395], [0.5980055117093368, 2.750488315747664], [0.5149819008707937, 4.716634955774546], [0.531030396962557, 4.223244718345719], [0.4699420603341824, 5.939213141015744], [0.6284330343412913, 2.173046675815207], [0.6029553680884809, 2.6259855905360956], [0.7184677748089605, 1.3918508735703539], [0.44776779704858266, 6.651252704867294], [0.39774541902980826, 8.683183823385033], [0.6211443520663352, 2.2889540187586594], [0.4799245079323092, 5.649856624858267], [0.4100129910261238, 8.363609822747684], [0.6609228449388014, 1.6317306584341682], [0.5642733413337703, 3.4373236672069667], [0.5724299577889006, 3.2290911624484138], [0.5503329030807504, 3.7464625263572584], [0.8732206867662812, 1.1451858793029848], [0.49515724220821666, 5.173614471725687], [0.5835973721000363, 3.005979658391297], [0.737989006820124, 1.35503373459293], [0.6807772678306616, 1.4689092119461644], [0.7479424308161464, 1.3370012968896698], [0.5344963991957354, 4.111873935824377], [0.8530406189317654, 1.1722771199949036], [0.4137381022525517, 8.027625076341288], [0.4662969520521484, 6.082476855035449], [0.8630802168436994, 1.1586408545627644], [0.6902712500486736, 1.4487058528505805], [0.410272312247855, 8.078631829700779], [0.4205370103857879, 7.710836791749986], [0.39728862085958416, 8.808038680594436], [0.6715461897587987, 1.4891008470454923], [0.5943306248764343, 2.8350797982501463], [0.39110293435782806, 8.962695335652306], [0.7578061690264357, 1.319598653155218], [0.9120212292452456, 1.0964657048910609], [0.44479444068122176, 6.793489010585548], [0.8431248965741869, 1.1860638964206054], [0.45476173898725597, 6.579437810737476], [0.9026035189732419, 1.107906161431269], [0.8334628824304786, 1.1998134782965728], [0.45506303495009204, 6.406729254436291], [0.42196586367402744, 7.5975741243232], [0.7679026313038406, 1.3022484351981911], [0.7777880243764124, 1.2856973476825448], [0.9309382781337353, 1.0741850705770888], [0.9404496811298905, 1.0633211112353864], [0.5215326131549712, 4.482539177065393], [0.7968245326609106, 1.2549814407202131], [0.6994308542152841, 1.4297338957428964], [0.4757832576845611, 5.727473220491609], [0.41646543490085686, 7.817891580888138], [0.4279619656729474, 7.515974250573729], [0.6557742133142208, 1.6931040473288979], [0.7087034017940119, 1.411027515133411], [0.5411849016664101, 3.9894478970570635], [0.7873460744472901, 1.2700895228340232], [0.9214661918754485, 1.085227009755738], [0.5693321729929404, 3.3709042204688124], [0.49930265351804465, 5.119412755167449], [0.8239974130741623, 1.213596043061845], [0.9597942577138131, 1.0418899591897488], [0.7283344851914995, 1.3729955402799197], [0.9500910520336774, 1.0525306999360662], [0.9898554989785887, 1.0102484666013163], [0.5059776476349822, 4.846000918568087], [0.442435888583102, 6.870362466734538], [0.4292928259314085, 7.309578576222711], [0.8151204570314398, 1.226812542089628], [0.5461527314100819, 3.817440416888021], [0.5262021354406241, 4.329228598059952], [0.9696937204091687, 1.0312534555530002], [0.8061659962952019, 1.2404393196879764], [0.6163858446868928, 2.433690670703362], [0.8831166544078504, 1.1323532344325706], [0.9797305993167226, 1.0206887492310779], [0.4910557402264566, 5.259196003041577], [0.6226990224062481, 2.26489421302625], [0.5807937541279002, 3.079400137764583], [0.8928165129079308, 1.120050968527642], [1.0, 1.0]]",16.10
CONSTR,MGPSO_feasarch,6,100,0.029225,0.009345,4.595083,0.055760,0.655359,52.0000,100.0000,"[[0.49374635813637185, 5.23218388076903], [0.595057615615728, 2.7734760827498937], [0.5426778664987999, 3.9052001017040108], [1.0, 1.0], [0.5519114749425271, 3.7399622054766595], [0.4239409287058861, 7.5383796174306], [0.44572938856189426, 6.791429141888328], [0.5392625586241324, 4.005171896540082], [0.4805899210966411, 5.582199155826714], [0.5915072375478503, 2.9321323940453023], [0.4979050951884355, 5.124076605254757], [0.5997452485149631, 2.6833417339465893], [0.4129754535463315, 8.107817576692575], [0.5753460948257958, 3.212322663134877], [0.5663796032400141, 3.4081777404478557], [0.5063306624025792, 4.863336614696563], [0.5857854746049311, 2.9903892629376907], [0.6765778981176278, 1.4780264072802198], [0.501514877094046, 4.9870644336101915], [0.5792007424900671, 3.100240176425447], [0.535409406446421, 4.117342329991232], [0.45522065062956707, 6.431948035062425], [0.48682548653849433, 5.41542580578408], [0.6315300405779846, 2.1257126576516328], [0.46848062665119916, 6.000057822300171], [0.6667231817859516, 1.499872851760306], [0.6244043632424854, 2.227907961981249], [0.40291291251801997, 8.417688828731853], [0.7570459682925648, 1.3209237508461893], [0.5323597198930213, 4.183094815504673], [0.4202383868903723, 7.849922544453619], [0.5132030145225579, 4.7442255882612425], [0.5470715545710243, 3.832267834496975], [0.525930715300249, 4.31813189276927], [0.5691267712260513, 3.3067644224180044], [0.6611502298054552, 1.5893361065276852], [0.4537964833400847, 6.612132095250311], [0.5172984296897434, 4.5877483863751864], [0.6581061173297942, 1.711321815217797], [0.4644183676133484, 6.114749601405361], [0.49118699511382297, 5.3118107812173], [0.4384798620551915, 6.975285261840731], [0.5637445151573894, 3.5250595455598366], [0.6859819132762843, 1.4577643821889552], [0.44907617471709543, 6.6352781726079275], [0.6032936027180015, 2.6055004615827104], [0.40728054212746956, 8.203592176575103], [0.5210054252452038, 4.43604017950256], [0.4592326690035424, 6.327389820983208], [0.747502516400903, 1.3377881385802275], [0.6097616193110389, 2.505031399389829], [0.4706640522514598, 5.912819669579264], [0.4329636240827226, 7.206429539523058], [0.6522829480495613, 1.7414646630962265], [0.7380771994024329, 1.3548718220934435], [0.8523224891533906, 1.1732648295990606], [0.9064720025021864, 1.103178032238881], [0.8792815075673379, 1.13729219981738], [0.7075013915469515, 1.413424781841772], [0.3966265775489818, 8.741760586176412], [0.6475439402592149, 1.8168655022638893], [0.8974185842178825, 1.11430721135725], [0.6433302479261342, 1.8859793029677787], [0.39462374480753554, 8.773428644653857], [0.793988996266354, 1.2594632982351017], [0.5549824183339294, 3.631938286381091], [0.6967232439193068, 1.4352901366899395], [0.3997969008685752, 8.559791855324324], [0.8883635158405115, 1.1256653184973104], [0.9536536670955684, 1.0485987046488094], [0.6234654082142511, 2.3003826311655367], [0.9345492039770605, 1.0700346174865996], [0.9442322531571977, 1.0590614720650915], [0.8701872802933394, 1.149177909912566], [0.4618270607933114, 6.23196378481823], [0.6415418236364003, 2.0202612932298734], [0.9909067890859304, 1.0091766561842388], [0.7762168514779733, 1.2882997812994235], [0.9725062672735195, 1.0282710082718138], [0.47831089510310876, 5.72239946794826], [0.7665736681440029, 1.3045060658307759], [0.717181585540103, 1.3943470108018863], [0.9157610305032274, 1.0919879386552207], [0.9632781606217555, 1.0381217397833893], [0.48593574291789565, 5.547728906302165], [0.9818182968074332, 1.018518399230986], [0.7855815649087087, 1.2729422948159541], [0.3902683825767659, 8.963465827756664], [0.8436274704655335, 1.1853573229996606], [0.8041152449916613, 1.2436028370664332], [0.44233472271606994, 6.848617685834644], [0.4731896491874962, 5.825925812559224], [0.92510872329576, 1.0809540271520033], [0.6158924105809603, 2.3937981835202495], [0.726922760130912, 1.3756619751731387], [0.815324619749911, 1.2265053400530643], [0.8246472790987628, 1.2126396646732116], [0.8338182639942291, 1.1993021059645692], [0.8611766986063957, 1.161201878334906], [1.0, 1.0]]",17.25
CONSTR,MGPSO_feasarch,7,100,0.025055,0.011330,4.807565,0.046874,0.580200,53.0000,100.0000,"[[1.0, 1.0], [0.495167078233228, 5.199727573173533], [0.5926283040108984, 2.8125673003889458], [0.40124079240212956, 8.485355880355094], [0.4046844791013833, 8.317829927035145], [0.395632483728917, 8.705818201015111], [0.6158542983750017, 2.4365132904219613], [0.3894599268023693, 8.978500480965355], [0.44681482348725077, 6.686717384176061], [0.4382731332015467, 7.033347213303691], [0.49865240856031817, 5.0569358009126875], [0.5291079223104616, 4.256224082555651], [0.5267881408448031, 4.408528807423054], [0.6289230256200553, 2.2310640832441098], [0.6348407991729116, 2.142140962476157], [0.4242783815789215, 7.575787185406139], [0.46011502093622425, 6.243510827914182], [0.49125879863379796, 5.256549215869541], [0.5879638316925047, 2.916296433006772], [0.42598115072709064, 7.49663631785404], [0.6365233968394096, 2.0357103721931376], [0.5177076777227769, 4.567273539023758], [0.7070128908972462, 1.414401367888687], [0.4534355016706415, 6.4687730632237335], [0.8442385215262305, 1.1844993736985383], [0.4808727346054119, 5.5788432404071555], [0.5045694273714899, 4.932291933198048], [0.5371680938910004, 4.200030246403464], [0.8344803348536224, 1.198350588064381], [0.5797500171655372, 3.0959768035116375], [0.5621757151934227, 3.469934009149483], [0.44601076439029097, 6.8304622500554135], [0.7360393107368877, 1.3586230863115822], [0.5556925705587292, 3.6413099804053077], [0.7160755033120326, 1.3965007815163957], [0.7961141199892342, 1.256101323781976], [0.5407112045167657, 3.970891736671103], [0.5131214935653997, 4.671686422231828], [0.600856569539128, 2.68494725646498], [0.48774330845494696, 5.364495370269115], [0.7866947884930766, 1.2711409998221954], [0.4296666092594841, 7.322572158464006], [0.8246731559284873, 1.212601614119614], [0.5375218787552591, 4.086694308517989], [0.8536062614056046, 1.171500310170328], [0.646813849013939, 1.876488343965146], [0.6063308549558992, 2.556736202085559], [0.7259280330448648, 1.3775470218522292], [0.7670490080639839, 1.3036976640175568], [0.41682472644820734, 7.815897878894073], [0.6427309432652828, 1.9722335003843763], [0.6877577301159687, 1.4540003786382472], [0.5602021262012066, 3.5689751191099344], [0.8053441170872584, 1.2417052273464995], [0.7769366774453024, 1.2871061812761462], [0.6627122705934947, 1.5853686707212822], [0.44970506834594814, 6.59017949365449], [0.42046492058586826, 7.682055981109495], [0.4084137330519416, 8.15302425870978], [0.4750317886761751, 5.81467102302612], [0.5113884433846311, 4.828157605929851], [0.48441403961793716, 5.495021986509973], [0.7463790062946781, 1.3398018855921434], [0.6562166625233101, 1.6826164087898792], [0.6682026420112787, 1.4965519995401648], [0.6972946689874165, 1.434113932711059], [0.56839059832918, 3.328922183450229], [0.4794436525900237, 5.684188851227249], [0.46848508363003427, 5.943532950306268], [0.8925590903716625, 1.1203740018866415], [0.8824717258441771, 1.133180781563732], [0.6512879954563618, 1.7793070163616738], [0.6779764064683962, 1.4749775810179537], [0.7566375068119345, 1.3216368353367318], [0.5839243276925201, 3.004963549886043], [0.9029395340629991, 1.1074938711568574], [0.46580456338061665, 6.106024619809522], [0.4415015369649595, 6.93884731411655], [0.5752469013171364, 3.1956925693109297], [0.5466143776237169, 3.889686485208655], [0.9242392778810246, 1.0819708964248629], [0.39365886189305554, 8.804303340539963], [0.4559354790577666, 6.38386392353983], [0.4343275378339032, 7.132003852151569], [0.9459816518847102, 1.0571029554406972], [0.5200724553872463, 4.493583860406041], [0.9893149457189844, 1.0108004577584242], [0.6215576216147648, 2.3088904657361344], [0.41273132313820116, 7.9740002474932385], [0.8148677598727798, 1.2271929866953182], [0.967847585155558, 1.03322053527599], [0.9350892507339318, 1.0694166350592964], [0.8631347197382533, 1.15856769184682], [0.9569435899056412, 1.04499367627156], [0.8728899088155838, 1.1456198426636535], [0.6088104892884557, 2.551791906810585], [0.9136017990520651, 1.0945687727821682], [0.978590965112859, 1.0218774091018425], [0.5497631998928568, 3.7729926552988773], [1.0, 1.0]]",16.14
CONSTR,MGPSO_feasarch,8,100,0.025760,0.010428,5.560477,0.047003,0.644407,55.0000,100.0000,"[[1.0, 1.0], [0.5285334877273629, 4.307631635297112], [0.6175257288166239, 2.389162771054299], [0.45135107851715384, 6.524582660032178], [0.5684280334549163, 3.366387979200214], [0.487224039837939, 5.566056506008363], [0.43715853625002743, 7.0608836497261125], [0.4059135260226032, 8.28526777641565], [0.5989917217222156, 2.7017386034417994], [0.5790359236079539, 3.19001758180168], [0.4753511448465504, 5.870949334685039], [0.5064491725090954, 4.832467674942304], [0.41848738685450493, 7.796736418465497], [0.39785874343363686, 8.680555130486171], [0.5411585703430501, 3.935567836767856], [0.4615218159339695, 6.256272193541138], [0.5320151195310923, 4.188634154548215], [0.38913933113946386, 8.99031511743329], [0.42957124919711187, 7.342696028875964], [0.4333643124751505, 7.1781208573602004], [0.456073999441855, 6.41607000242178], [0.5560563572583636, 3.611968088959908], [0.6566075519233789, 1.7047264883236448], [0.44622428534880293, 6.725590595575535], [0.41542397256928765, 7.937792522641025], [0.4654383073416098, 6.160251732800356], [0.5149262473998386, 4.6041388608122435], [0.5247985970293378, 4.537046795673692], [0.4251991710635262, 7.493050524873133], [0.6368994054367476, 2.005851366449624], [0.9363800803762315, 1.067942410306514], [0.7438497703791653, 1.3443574762283872], [0.5377854797300714, 4.072724672821384], [0.4817677043239284, 5.612161637541436], [0.5026193145980357, 4.964050517009799], [0.8077282384528307, 1.2380401630076197], [0.789300767896383, 1.2669441620653243], [0.3994166535753517, 8.541606516311347], [0.6666974606206828, 1.499930716803719], [0.5004689651476939, 5.117866837334421], [0.7269122019859595, 1.375681956181161], [0.735352223475752, 1.3598925359514802], [0.9723574088810968, 1.028428426488478], [0.4935276920735425, 5.251089794821293], [0.7799911027906651, 1.2820659061650619], [0.39476782708251235, 8.820793461543824], [0.44098081372025905, 6.8947368662417405], [0.9632344259591691, 1.0381688746269846], [0.611418454431972, 2.540382647881862], [0.5882429052405461, 2.9171673862802256], [0.9453384590988705, 1.0578221909571253], [0.8813859082865663, 1.1345767961550715], [0.8355421799745815, 1.1968276694665752], [0.41047399150048136, 8.113784798077557], [0.4687275490241952, 5.9833650864603305], [0.8262657203308921, 1.2102644166328638], [0.8169968888856646, 1.2239948690183395], [0.5512747250416519, 3.753869447575097], [0.717795121856838, 1.3931551908755475], [0.5094260167388979, 4.756947323254869], [0.8631446981470913, 1.1585542981920591], [0.5476676365007924, 3.833843047177475], [0.8448745187737348, 1.1836077166244958], [0.5260176597631232, 4.394677628277095], [0.5620865439367907, 3.492404978766264], [0.7704770532825019, 1.2978971868657865], [0.6222363765869624, 2.324700319386432], [0.8722229739242983, 1.146495827208963], [0.9087992806867061, 1.100352983603135], [0.5831646310604577, 3.030066657849467], [0.393363283034897, 8.862539641105952], [0.644350396141102, 1.904181759130179], [0.42298033931240797, 7.671514831066842], [0.7986360949480132, 1.2521347411239838], [0.6027148935779547, 2.63466058275246], [0.6872762759268293, 1.4550189422026039], [0.5962844335968722, 2.8912459594870894], [0.9272635302127062, 1.0784420689667462], [0.5726283148330273, 3.2762310184230814], [0.9907869270656648, 1.0092987429311575], [0.6313197897757408, 2.093282030930484], [0.44866010300934067, 6.604440958782347], [0.4020098539452997, 8.428881792048053], [0.752501933199837, 1.3289002404920554], [0.8540983151802443, 1.1708253982317778], [0.9815550038477112, 1.0187916072761936], [0.708558011404379, 1.4113170466000038], [0.917942995788861, 1.089392265737178], [0.6617350245772036, 1.590939013601671], [0.899619610983944, 1.1115809257495695], [0.627702953297807, 2.2100686341275377], [0.7612148258403326, 1.3136895999050777], [0.4875945902560639, 5.366167949154597], [0.8904331604935332, 1.1230489208709815], [0.6766115473055843, 1.4779529021965698], [0.6978551368398853, 1.4329621539053574], [0.6532857201959024, 1.8133201551609195], [0.4763930721676957, 5.773648847815148], [0.9542773577374231, 1.0479133680494994], [1.0, 1.0]]",16.53
CONSTR,MGPSO_feasarch,9,100,0.026809,0.011525,3.497055,0.046886,0.642706,51.0000,100.0000,"[[1.0, 1.0], [0.6577416623895916, 1.6740678425773192], [0.693580033377029, 1.4417946767167122], [0.40758137590262095, 8.219870718784968], [0.462887261138793, 6.133562583232789], [0.5905585825730253, 2.9241046664992147], [0.5156703476939785, 4.696141195202101], [0.5993775992482188, 2.7191509068769064], [0.5931215293280134, 2.8120951202442837], [0.5364875432985516, 4.066884865016014], [0.4151329288053426, 7.9003988655603345], [0.663263748644898, 1.6062124675519038], [0.5432026385897888, 4.009032120920091], [0.5757855758951546, 3.229291745181093], [0.5001742115309066, 5.08075781773199], [0.5502724945004821, 3.749483876132575], [0.6087311341509614, 2.502975126852674], [0.5053445700883307, 4.9138392289427575], [0.47950304025774626, 5.646406604968647], [0.42997415067638667, 7.2947309270561576], [0.5198607011439074, 4.478995958055711], [0.6848653671137461, 1.4601409970755823], [0.6171839305924101, 2.4240004850752683], [0.44900834941515055, 6.725488727646818], [0.6262379001473359, 2.1791080145515793], [0.4609830441257318, 6.299094902192495], [0.508605055184015, 4.780910750668307], [0.4577277396235737, 6.404445109809407], [0.427253515484194, 7.4467320168203575], [0.46504328622220487, 6.070136379347518], [0.4767414543726448, 5.7670000528828265], [0.7396686276412128, 1.3519567582431857], [0.45209424845325763, 6.492726952123534], [0.421145144210343, 7.754443977447227], [0.6520804308421619, 1.748054351204244], [0.6667544815505184, 1.4998024425340624], [0.8587217016446134, 1.1645216349893244], [0.49638980840370495, 5.162013009165422], [0.4819749923761798, 5.530907586278307], [0.40278273751971894, 8.392455343689056], [0.5158029324992487, 4.583618853512138], [0.4404233285496941, 6.9040986313360015], [0.40012099243597693, 8.594271899657826], [0.7301345366854531, 1.3696105988077738], [0.5630094364378458, 3.4386305964744], [0.6036810869569315, 2.60204548462939], [0.47045420701258917, 5.894900756788545], [0.4885338155214543, 5.33306146910902], [0.4226525239427773, 7.58382510633535], [0.5304112474368424, 4.226673915867256], [0.5278024061076247, 4.340003568154352], [0.876637209298432, 1.140722740710829], [0.6194637722373187, 2.306824579211984], [0.7493291256977849, 1.3345270665527478], [0.3957229467766963, 8.716996085502528], [0.7027477955721664, 1.4229856092053843], [0.8498520069950535, 1.1766754585140615], [0.8136404577143312, 1.2290440949915244], [0.4369130671380218, 7.025057401616429], [0.711919968501407, 1.4046522702615043], [0.5463043449476807, 3.871180654558687], [0.7210349800661455, 1.3868952653424154], [0.6300886456117711, 2.11592033614558], [0.5803111177049288, 3.1023637499209786], [0.5843192908255603, 2.99731010799109], [0.9150247406424588, 1.0928666248935284], [0.8409791534541453, 1.1890901170293104], [0.46865873338731917, 5.9676679411630165], [0.6367274208922136, 2.0348497362143605], [0.943426585695643, 1.059965889410083], [0.3917981490249943, 8.8843946890445], [0.569563180837326, 3.294770854683929], [0.7682175907718535, 1.3017145298577024], [0.6413840917764946, 1.9286413359661174], [0.7587913323364124, 1.317885375576018], [0.7958478132225559, 1.2565216406774917], [0.5573419424250686, 3.6337376610315477], [0.6759331289831897, 1.479436289066503], [0.822727025485509, 1.215469978526448], [0.8859692112045372, 1.1287073945159223], [0.905221428002112, 1.1047020862144978], [0.8047742807596587, 1.2425844412622877], [0.8317915488924474, 1.2022242848361786], [0.5599568137456754, 3.51555072335394], [0.9339581530685301, 1.070711783728734], [0.980209896512491, 1.020189658927053], [0.4122776989035656, 8.023919121228621], [0.9521755522999359, 1.050226502439121], [0.7775349395368842, 1.2861158375668886], [0.9901082572689048, 1.0099905668480944], [0.4432480778325669, 6.83513367843637], [0.6469099909082758, 1.839048048687701], [0.9709315058099574, 1.0299387691264519], [0.5253252229248507, 4.377265928473781], [0.9243639812851019, 1.0818249307050505], [0.7865827927738972, 1.2713219882086202], [0.8676347917646745, 1.1525586681074753], [0.8955225641628136, 1.1166664470759124], [0.9616848726376392, 1.0398416658642793], [1.0, 1.0]]",15.83
CONSTR,MGPSO_feasarch,10,100,0.026484,0.009992,4.684151,0.048846,0.667682,50.0000,100.0000,"[[1.0, 1.0], [0.5816819223018971, 3.073347064748195], [0.5560635774432032, 3.6876581476859154], [0.40807461683638396, 8.208325141040032], [0.4636635239436545, 6.232408026966263], [0.6059332451522575, 2.566785254800135], [0.5588548198529106, 3.5493676277627455], [0.6379095587496311, 2.017392336320429], [0.5130611658185631, 4.652551272954577], [0.538675624314746, 4.0441619300860685], [0.5280976421755808, 4.294538222617331], [0.6500582995760112, 1.805388312097277], [0.47317133216417767, 5.870357164441294], [0.406347320267543, 8.311324763088162], [0.4915015176437736, 5.298307252179298], [0.4353239041891247, 7.116371205280229], [0.45723656891708925, 6.354965213949274], [0.5071075396253155, 4.822979322161158], [0.5495754944155018, 3.7426133234297025], [0.586732739561157, 2.9448223684926838], [0.49817080540001313, 5.123149976697689], [0.5330064343530293, 4.149701524006782], [0.45231094002895667, 6.481117112990804], [0.5692833690320185, 3.2977996592689514], [0.39945714051337033, 8.697569067071395], [0.5639183481516038, 3.4290170592481473], [0.4276062653620647, 7.49080707949872], [0.3924787813371196, 8.96465870696012], [0.5230337438089494, 4.442491651398193], [0.4796632339492557, 5.61180570246073], [0.4226828527414361, 7.570064623038398], [0.7548898778456095, 1.3246965277292015], [0.5121889490347304, 4.717285521601549], [0.86483049080212, 1.15629595699443], [0.6919641752931622, 1.4451615209361572], [0.4019141143180892, 8.471368052841669], [0.39907404332391905, 8.842248354164369], [0.466805276904189, 6.041151945893812], [0.575801987884022, 3.173349980420133], [0.4312533932034404, 7.4112234127578605], [0.5933013332670144, 2.801748843167173], [0.6421264024496788, 1.9088938263150976], [0.5427045065708456, 3.964563001300526], [0.7727077556624886, 1.2941503339029388], [0.44784618438965884, 6.67762277577851], [0.4200486896843136, 7.766368474911876], [0.7635347470994488, 1.309698090098514], [0.7462784220379198, 1.3399824656181578], [0.5034519607718646, 4.983976718455979], [0.6162268181817915, 2.3659167218262236], [0.5182202553378865, 4.548835656810871], [0.600459181336046, 2.720353857695905], [0.7913524668419258, 1.2636594209287426], [0.8009750663924308, 1.248478313443603], [0.8469933960229192, 1.1806467496624264], [0.7375539906190326, 1.3558329460880487], [0.4707968738354187, 6.014172341300633], [0.6604677133361317, 1.6136739141285008], [0.9710920743642715, 1.0297684703632797], [0.908437029459429, 1.1007917638441667], [0.8380178340688965, 1.1932920271453153], [0.6667071041959814, 1.5140847047261226], [0.655807800273918, 1.675547930294074], [0.6340787318917994, 2.1248258601393832], [0.6218933244560805, 2.260671111686394], [0.7194720704701452, 1.3899080187317647], [0.8998780745652506, 1.1112616567340197], [0.9256814832823272, 1.0802851931899409], [0.8559330322990708, 1.16831570025281], [0.7009645482695595, 1.4266056713833193], [0.48683163131449336, 5.4655342527192285], [0.6285728042855085, 2.16558918372904], [0.820012369314597, 1.2194937996311503], [0.8290559957642539, 1.2061911440350463], [0.4186959605038339, 7.9243414803632115], [0.9902535626046686, 1.0098423653934607], [0.7284765823891042, 1.3727277227229604], [0.952604176272734, 1.049753953328981], [0.9170286491197739, 1.0904784719210983], [0.8736342720622796, 1.144643739352652], [0.9617543230121847, 1.0397665766326176], [0.9434802371086278, 1.059905613989946], [0.4127252580106988, 7.986962964123034], [0.7103398031427353, 1.4077769478434543], [0.547608046887399, 3.8572719518774887], [0.9805579557211802, 1.0198275320345758], [0.49514895437939616, 5.176216537510559], [0.8824359076430324, 1.133226777535582], [0.6745024786229379, 1.4825742405596445], [0.6115082993353594, 2.462809406394841], [0.4436069685534984, 6.899152434193235], [0.9345000256703957, 1.070090928336375], [0.7821721736657249, 1.2784908919904476], [0.6832829471299511, 1.4635225483094247], [0.4763864808467976, 5.753232283260735], [0.4379522025121336, 6.997464733826851], [0.8105007058393048, 1.233805217929405], [0.8912780918526756, 1.1219842708366443], [0.4334555397593606, 7.269005401224889], [1.0, 1.0]]",16.65
CONSTR,MGPSO_feasarch,11,100,0.025682,0.010407,4.282879,0.045392,0.626778,52.0000,100.0000,"[[1.0, 1.0], [0.622087789157318, 2.284862537929625], [0.4001919424221694, 8.625266528998237], [0.600367484985062, 2.745032391691097], [0.4257964575986808, 7.481054997286111], [0.40178626621939567, 8.489531089066256], [0.5367397387358432, 4.052791343726418], [0.586639159335844, 2.993182594093978], [0.5104722361538424, 4.735724215172733], [0.565972836219707, 3.4362163128976166], [0.5740997993928827, 3.2261870029631154], [0.4187616346017937, 7.75795240971629], [0.5616186963982291, 3.5137621837407376], [0.4469682647785279, 6.692954986735265], [0.6381577650836755, 1.9851611158398461], [0.5912827903426666, 2.853066730774294], [0.5502922680243334, 3.7225779165105264], [0.39416021095494513, 8.870906882779849], [0.410147216200566, 8.144243105017027], [0.6035741646639855, 2.6266006115342626], [0.7268234867175011, 1.3758498703945654], [0.43837148438964885, 6.9967105297312715], [0.516527237652388, 4.5740467168609396], [0.6159335649848692, 2.411270669604812], [0.6632758238011929, 1.5852254851609833], [0.5213315832813403, 4.440579000061824], [0.4941027702854095, 5.221100389727727], [0.5012489822710661, 5.15423942171803], [0.3914192773759847, 8.89763675300572], [0.4429650747328677, 6.815675697300898], [0.6341259725908841, 2.0964277538772373], [0.45099085738185174, 6.651083413669774], [0.8268189091962113, 1.2094546809193636], [0.6442516180579662, 1.871392849182408], [0.5061431239979304, 4.868711033346318], [0.6866829990183693, 1.4562760421177243], [0.4754383703134071, 5.7559960036957225], [0.45190000905181443, 6.5065780074708295], [0.569472680938727, 3.349962904561904], [0.4427720566804487, 6.902522493356765], [0.46700992115266954, 6.019730028381249], [0.7765454303791062, 1.287754664285133], [0.6961698755506173, 1.4364310136359697], [0.527727373052407, 4.278134797279413], [0.8760427242477212, 1.1414968383633617], [0.46262152581411276, 6.153034245314418], [0.48864131845638525, 5.379100909141283], [0.7159069081439253, 1.3968296556777475], [0.6570272740360563, 1.7136378268086054], [0.7976316549760106, 1.253711526820078], [0.4165061320638204, 7.890036176564253], [0.45709237850352374, 6.31658418495413], [0.7056148369218513, 1.4172037600036358], [0.7471683969379582, 1.3383863719319433], [0.4712383751842531, 5.883766113417503], [0.8555279506897104, 1.1688688828854965], [0.6772479314818408, 1.4765641259501037], [0.40669248142351866, 8.330304263713561], [0.47965103174653134, 5.663488693641632], [0.7871473769641766, 1.270410128096648], [0.45578703656496966, 6.470953512626593], [0.5314206286673921, 4.173876893047559], [0.4322990353691159, 7.347765495974044], [0.39624002621849463, 8.66852995413411], [0.9633282994102865, 1.038067708186464], [0.4848351983323769, 5.453953510184161], [0.5553312755778993, 3.607313268130425], [0.4124794232224208, 8.018093113976724], [0.757101253648736, 1.3208272938139383], [0.43604531643027045, 7.16703008726926], [0.8862826987645909, 1.128308158778144], [0.8173323022107389, 1.22349257125306], [0.6484349239319707, 1.7957339849445066], [0.7666649538760237, 1.3043507401040122], [0.5457879077325758, 3.830282094328964], [0.89634925611818, 1.1156365592701], [0.9351706916408474, 1.069323503119418], [0.9256240431387166, 1.0803522309220497], [0.5242344308668185, 4.408955451447001], [0.9063436717205778, 1.1033342331409757], [0.9161790198898485, 1.0914897397674848], [0.4212603043239415, 7.648664811535596], [0.9724480183438069, 1.0283326009580618], [0.7371731771336988, 1.356533350668337], [0.9816386666228982, 1.0187047780424845], [0.9908165174823668, 1.0092686005487355], [0.6298131521629474, 2.202757916314021], [0.6677728225314794, 1.497515272048765], [0.8457381306605665, 1.1823990946452265], [0.5809915849607863, 3.1380625730253464], [0.8658624997440364, 1.154917784631644], [0.9539622233319884, 1.0482595385247135], [0.9446343171370126, 1.0586107045430968], [0.6096228621427486, 2.5324002967711308], [0.8362198510023593, 1.1958577625265903], [0.5145511221756655, 4.666013851062638], [0.5407390959390035, 3.948858425168259], [0.5047603887575679, 4.999511039954442], [0.8070316773554453, 1.239108733968028], [1.0, 1.0]]",16.89
CONSTR,MGPSO_feasarch,12,100,0.026668,0.010697,3.140764,0.046288,0.639649,52.0000,100.0000,"[[1.0, 1.0], [0.6185847984151547, 2.3737109918065404], [0.6935703427991762, 1.441814821499008], [0.4627357478498155, 6.194231921081231], [0.480109127514923, 5.611021976981574], [0.5095103510429635, 4.801016017864752], [0.5005226765084277, 4.987655975735401], [0.40129062676987914, 8.489240906456834], [0.7116435042170044, 1.4051979594758808], [0.4085512518359745, 8.142306227279661], [0.4962025659866971, 5.136386417511789], [0.4282584261947068, 7.419299365923457], [0.7023883880429869, 1.4237137416041665], [0.4416800033702911, 6.948027880588697], [0.7211528846994808, 1.3866685153963165], [0.6526620424430359, 1.7254986301846282], [0.7305454884366935, 1.3688401555116254], [0.6237591128714817, 2.2604206988142566], [0.4534119987359118, 6.523002332536794], [0.5052574826477565, 4.917831387495477], [0.5366380212874219, 4.076503640244022], [0.4763490627698289, 5.7123350808126325], [0.3969020255735874, 8.707278389927021], [0.6323252308920966, 2.0931662427283664], [0.5906113661510348, 2.862664514520211], [0.6466197236497202, 1.8426100161289163], [0.42069772710926207, 7.732672100554346], [0.4169841900159117, 7.849806103746961], [0.5230267138894367, 4.504277560110734], [0.40742492732921987, 8.294697156349848], [0.7490215948955781, 1.3350749922496041], [0.48887689535982426, 5.324499426099545], [0.971288368006135, 1.0295603581177486], [0.485725555705894, 5.422329344372678], [0.822465872216778, 1.2158559203249582], [0.44876554910361816, 6.646258286863611], [0.8130456495377127, 1.2299432394338339], [0.8884045674535633, 1.1256133034821094], [0.5834472533110027, 2.9982345568599253], [0.3940745716836979, 8.87656657759065], [0.4702695570002141, 5.927734338918826], [0.45615523162779087, 6.351693571974127], [0.6399189795170016, 1.9536926582799832], [0.44524564495699037, 6.770411760977601], [0.5788278967602905, 3.117529622563787], [0.6046262059492711, 2.5822155110426697], [0.7945490701458804, 1.258575508516294], [0.5290249629869791, 4.362018119835042], [0.924395113473902, 1.0817884965250117], [0.8419057234777461, 1.1877814488173304], [0.8512931975482767, 1.1746834144569682], [0.5413242416248455, 3.9373210584542218], [0.42505692868104117, 7.55638795808628], [0.9904181453430434, 1.0096745548352588], [0.7854127507189962, 1.2732158970994074], [0.5164374217627974, 4.605380228207662], [0.8792864142670557, 1.1372858533627717], [0.5322793809630912, 4.192835325185889], [0.9808294595722669, 1.019545233109223], [0.8036888112498173, 1.2442626872519216], [0.5662788790809972, 3.378737637252892], [0.47279495583368053, 5.808688529983431], [0.4125132760673953, 7.993635614859778], [0.5523027457072076, 3.7210976305670918], [0.6668364636339207, 1.4996180541035609], [0.4319627399566708, 7.286463053338516], [0.562012859675062, 3.526252084137074], [0.6848424907867741, 1.4601897713022458], [0.5483188799073662, 3.8796355807871765], [0.9153202161484836, 1.0925138354398365], [0.4037928731593988, 8.382718688017098], [0.5966539094872043, 2.8007695629700033], [0.46725795790655844, 6.107762380147698], [0.8973851736382661, 1.1143486981690403], [0.6283713958079387, 2.1979871506667292], [0.3985045602023871, 8.610464259695357], [0.438189227596555, 7.176789348581227], [0.9617842644975323, 1.0397342074653642], [0.7581235269367912, 1.319046256275035], [0.8606825906718679, 1.1618685109215208], [0.7670882589562891, 1.3036309555312628], [0.5732435024749041, 3.2593172813990825], [0.776046259127465, 1.2885829784481324], [0.4383429570033188, 7.0783659418199285], [0.906249171644816, 1.103449284466687], [0.9523193805344633, 1.0500678873497011], [0.6155631595973287, 2.395313901464833], [0.8321833159116596, 1.2016583135946395], [0.6009194769707706, 2.694551764522269], [0.7396744388058101, 1.3519461367550845], [0.9336806106616752, 1.0710300595096711], [0.9430462803680666, 1.0603933452870464], [0.49408469286725754, 5.225456526979143], [0.5116410838670892, 4.696390998830736], [0.8699898103548551, 1.1494387498539964], [0.6605003250930205, 1.630610091913064], [0.5602674035354305, 3.65487887537272], [0.6099287588984368, 2.5125220509610413], [0.6757936412591817, 1.4797416532903984], [1.0, 1.0]]",16.16
CONSTR,MGPSO_feasarch,13,100,0.027461,0.010248,3.909881,0.046496,0.649284,50.0000,100.0000,"[[1.0, 1.0], [0.5493484746554356, 3.7522100565631202], [0.46961065867796337, 5.933682871961058], [0.4182167913040972, 7.7471365107127825], [0.604442405713526, 2.5838857257918035], [0.5550062028902697, 3.615455186233491], [0.43871633583029507, 7.000237291037791], [0.5385261047209737, 4.081681233292532], [0.5350603009340631, 4.181403254266355], [0.47691449197670255, 5.6781314874298605], [0.5805904143252307, 3.0884713162196546], [0.5592284708967526, 3.530985432789608], [0.6157148450804872, 2.423789324979951], [0.4735530778943119, 5.842060019526182], [0.623804953743792, 2.2311475112823214], [0.6550015080421693, 1.7105033276735377], [0.6757730578729304, 1.4797867247735643], [0.5176789014484906, 4.668260332748342], [0.3909873789068703, 8.914343312799529], [0.4991958430921151, 5.059351197135041], [0.6207761663735415, 2.333015932089933], [0.41452104689444225, 7.916949212056262], [0.4581794678249537, 6.386071277011636], [0.3991243796588816, 8.695244239229355], [0.5070215119198244, 4.823748677115716], [0.5856578836792703, 2.9795762246358897], [0.5407188687719715, 3.9807481186730294], [0.7026298958511905, 1.4232243829997653], [0.7803787318224041, 1.2814290795249101], [0.7125643034651513, 1.4033821160238713], [0.5640258430146073, 3.4419168223668106], [0.4643466628135877, 6.250361374812438], [0.4667425040821973, 6.1009478410856985], [0.6389550380658624, 1.9797492969838826], [0.6005193502019237, 2.6575587114727317], [0.5745961774389852, 3.1852246997144325], [0.568908659620346, 3.313264516492317], [0.49107591204069956, 5.298303751918044], [0.4363443582711256, 7.221672112607142], [0.48830803836154435, 5.398212038543541], [0.5243998548483798, 4.4281641979592035], [0.6843265309557474, 1.4612907066504863], [0.6511194324464619, 1.8381443605326795], [0.6086930035827962, 2.5026549295678167], [0.6438495339949746, 1.8806575794379632], [0.4357060100269522, 7.287462194219575], [0.6313934099298175, 2.09639340422315], [0.449224075397942, 6.5875347445576535], [0.40874661399541196, 8.205033445554708], [0.7321550108802166, 1.365830985432679], [0.6667978674072703, 1.4997048564182265], [0.5908502074433764, 2.8898015744034433], [0.883592751505457, 1.1317431003097405], [0.6930640150854102, 1.4428681596991648], [0.4537708389640942, 6.525222753450117], [0.41097103078384234, 8.174867598142647], [0.5195127617481489, 4.548281873797322], [0.44362842511023487, 6.925344435983937], [0.42616808593949573, 7.535201898770046], [0.5295537627594958, 4.302875806865411], [0.4448176164110853, 6.7446640671995395], [0.7894546889926863, 1.2666971441717083], [0.4291913320271943, 7.480878394069849], [0.4030316480451588, 8.404776220597203], [0.7224231991460028, 1.3842301869349276], [0.39505037028488943, 8.902372457161782], [0.7611003247428769, 1.313887233378636], [0.8744006243861899, 1.1436405374275413], [0.5032270901325488, 4.910364814477811], [0.8651653438134761, 1.155848424986835], [0.7517416601337447, 1.3302442222266715], [0.4809406848088679, 5.616709893428711], [0.7985657966603441, 1.2522449673928777], [0.7419752395833705, 1.3477538692012336], [0.8462899962033916, 1.1816280524243215], [0.6599882554929003, 1.609039859045645], [0.9025469814091015, 1.1079755631543413], [0.9123704454524594, 1.0960460249280475], [0.8557614501089329, 1.1685499503076546], [0.49559478848281807, 5.1365704073265315], [0.836673007514705, 1.1952100653640658], [0.8079243468325741, 1.2377396521350652], [0.48700853723815013, 5.548781776275012], [0.5151595075428008, 4.752419283164028], [0.8173790299598573, 1.2234226268920936], [0.5961118632483184, 2.7641978958887763], [0.9315464015440873, 1.0734838311247268], [0.9219076324807801, 1.0847073662998965], [0.951112620760461, 1.0514002003258576], [0.9607695230564653, 1.0408323494887015], [0.9806673066607461, 1.0197138144689286], [0.9414139932395112, 1.0622319268474942], [0.9706493724848293, 1.0302381357750576], [0.5477956576052881, 3.8998614813642645], [0.7706985985989978, 1.2975240928397094], [0.8931408416066954, 1.1196442413282466], [0.9903616908402763, 1.0097321102470613], [0.4223052261593545, 7.636983008410623], [0.8270026626300667, 1.2091859496797268], [1.0, 1.0]]",16.07
CONSTR,MGPSO_feasarch,14,100,0.027736,0.011496,4.226785,0.042676,0.594879,50.0000,100.0000,"[[0.3989649920473295, 8.718699723760798], [1.0, 1.0], [0.5832213835840667, 3.012853240526811], [0.5885842364300481, 2.903407870653841], [0.6365818812839534, 2.0370600602576157], [0.4307013693015864, 7.3752342796736565], [0.6087443639383996, 2.535884885747866], [0.6234316312599655, 2.2596488504435306], [0.40310632192639595, 8.379932573421833], [0.6626479111539869, 1.592640670081545], [0.5072459475497297, 4.857096113503077], [0.4410924405205958, 7.034301358379092], [0.6305950829625954, 2.1617453211080497], [0.4763516918690975, 5.723671056453778], [0.5404622687399849, 3.9714307480206954], [0.4617611200547959, 6.262128576984475], [0.5679651367951026, 3.3288251425406896], [0.4326316543414465, 7.239442147198032], [0.531318820686553, 4.184585450658764], [0.6450233444034676, 1.8922773093375325], [0.45459268943351705, 6.545605354094824], [0.4487598171602649, 6.645189291450492], [0.6567374379604658, 1.6587982632173268], [0.4634000684547666, 6.106959969959155], [0.5378643973831947, 4.048539175411579], [0.6034462314258311, 2.610908448612472], [0.5488944985696513, 3.765605896528741], [0.5151495133334975, 4.618054128180999], [0.6134615854188854, 2.422052817790609], [0.49101305403377793, 5.277751715107572], [0.4343596231262236, 7.152543965270897], [0.6949964686928978, 1.4388562317168778], [0.6406755466856112, 1.95712731486189], [0.6857156393885926, 1.4583304544309854], [0.5117360602284216, 4.76947478332403], [0.5635321591920744, 3.4678299123829857], [0.4068175030166847, 8.213550063283849], [0.5990840838668762, 2.699240387690239], [0.7696386754333453, 1.299311003877176], [0.8579202696951794, 1.1656094806517414], [0.44319865277936044, 6.804660112203111], [0.7799263380268925, 1.282172368392974], [0.5202960866313439, 4.4608679115331995], [0.39371170476440165, 8.795508396489003], [0.5596456293965968, 3.5803206682427575], [0.48219777476844183, 5.592739827095862], [0.47085418696125136, 5.886718216774913], [0.48774945784410645, 5.3601939057683206], [0.49446326793694695, 5.1853005038194375], [0.5950014976343095, 2.772854202369402], [0.5727314562392853, 3.2358362659750557], [0.8004670011762566, 1.2492707363708149], [0.6193651926124847, 2.311419709313962], [0.7037682837065855, 1.420922231296401], [0.8876644276476002, 1.126551846456324], [0.4993629052977412, 5.068407847408315], [0.4180385358382593, 7.764869392360953], [0.8102497342557541, 1.2341873841137867], [0.5535912516043849, 3.648485269429331], [0.8386107939027484, 1.1924482814562574], [0.4179612440362619, 8.018259564719623], [0.6764358414288636, 1.4783368041049663], [0.41146013183095154, 8.104257351141737], [0.45517698388449673, 6.380071959672317], [0.4734200415196266, 5.8098982941944275], [0.721775317708604, 1.3854727024673918], [0.4249649360241459, 7.521475623399676], [0.5023589061016951, 4.943665686618679], [0.8293100631940767, 1.205821615317814], [0.5773244795120539, 3.17524693306736], [0.4852722930882341, 5.426180094916881], [0.89756493411011, 1.114125521170732], [0.6669668658603248, 1.4993248558308718], [0.7498835471648451, 1.3335403927460385], [0.759863498577467, 1.316025841315039], [0.5446386147036164, 3.8930674341988047], [0.9072596716085951, 1.102220269778964], [0.98889980224838, 1.0112247951980395], [0.4006477047133149, 8.54818586286448], [0.790171415195353, 1.265548184570523], [0.8777160895574572, 1.1393205751807491], [0.9561575737668248, 1.0458527207607173], [0.8678145655435263, 1.152319907621836], [0.9169035425595888, 1.0906272618474595], [0.7308753055473433, 1.36822244835747], [0.42278387591088895, 7.664628971580523], [0.4699095708289153, 6.0273889390738535], [0.5263476575513399, 4.311173169837019], [0.8198074358523206, 1.219798645715308], [0.9670607630427622, 1.0340611864487168], [0.9266042173527884, 1.079209420022818], [0.44116827000354586, 6.913380197524441], [0.6512629990968011, 1.7585962772131285], [0.9462605854371852, 1.0567913483768179], [0.9779819675265953, 1.0225137407482985], [0.7128302167541869, 1.402858600121382], [0.740137125490422, 1.351100985965797], [0.9363613783105065, 1.0679637404570421], [0.8484836877593508, 1.1785730408568829], [1.0, 1.0]]",15.67
CONSTR,MGPSO_feasarch,15,100,0.025474,0.009411,3.909159,0.046032,0.617529,48.0000,100.0000,"[[1.0, 1.0], [0.590598165453241, 2.9002543211365746], [0.4303229342048132, 7.363233855926284], [0.40155532406366573, 8.462080730380672], [0.5093116671518612, 4.7960564619470745], [0.4165927964800546, 7.869677991300262], [0.5941439638535613, 2.795673850907818], [0.5648502089311263, 3.4473051415707565], [0.43707977416654553, 7.055153822030175], [0.6023895200862052, 2.7787857882404556], [0.6226320235334719, 2.2452126386192455], [0.5761586583202514, 3.159584787070387], [0.41521813771677396, 8.008173387008434], [0.44229360948079366, 6.89866755756469], [0.4531985510869581, 6.4537944928645965], [0.3927179140754723, 8.853558520300577], [0.446936160823799, 6.752578285889134], [0.49162792265459326, 5.364507664714684], [0.568398247409049, 3.3456137225089977], [0.6554505620433156, 1.6983235275933708], [0.5201724899697441, 4.5774349273080706], [0.4249753939130225, 7.520720250504615], [0.5232188561243982, 4.429448516776377], [0.4339193704469308, 7.184709003780292], [0.46557879587496265, 6.042513719101838], [0.5405732076646348, 3.967635269305486], [0.4231914299248848, 7.653808455870407], [0.5261907781050779, 4.343912781716613], [0.5539355009709435, 3.6688327222780877], [0.7403357340944846, 1.3507385284098363], [0.4199951932501481, 7.756782970392437], [0.586231367432876, 2.95475708759452], [0.5591719732627247, 3.549630237528004], [0.7312975669089192, 1.3674324177322839], [0.7981586992042501, 1.252883669622322], [0.8268225278069008, 1.2094493877089227], [0.6395722106500833, 1.9540348337765003], [0.5490030491916233, 3.761069738210719], [0.39762536577695184, 8.742490548804208], [0.7038272396477189, 1.42080320804367], [0.9249889861947619, 1.081093953468376], [0.7221897181018475, 1.3846777030117923], [0.6760260268775211, 1.479232988438143], [0.8076435687373308, 1.238169953564292], [0.46844622794292157, 5.951583671597344], [0.7690839667069926, 1.3002481436217252], [0.5009198347582, 5.047556926178862], [0.7786610948525677, 1.2842557649414097], [0.6294135994999188, 2.1583903269862685], [0.645832025864228, 1.8531468726360574], [0.9344653958149319, 1.0701305842662225], [0.5164483202629526, 4.668210763840837], [0.5038993834676, 4.925381460889216], [0.5809722247185601, 3.058684349616973], [0.6337413296161202, 2.046466179133534], [0.4969489495454934, 5.198570213824049], [0.5712847049621027, 3.264266500024545], [0.452499834329292, 6.571043994813032], [0.6179376549156166, 2.3624819650727655], [0.48299049067661154, 5.554713365775517], [0.4769367794374635, 5.679967544998345], [0.6946046256947378, 1.4396679247561996], [0.6852010679373749, 1.4594256296334271], [0.8964576451221895, 1.1155016697567428], [0.4586839343310132, 6.3336970157871955], [0.5299963662881247, 4.208311683467323], [0.876870059924431, 1.1404198246729742], [0.9155703217268943, 1.092215394349895], [0.6508948204108606, 1.7764332784849133], [0.8172394120017035, 1.2236316375768665], [0.6123869220485796, 2.467371593259643], [0.6038867550548139, 2.6616643657663306], [0.7884424651132148, 1.268323364414938], [0.5454558651222365, 3.8510673292763586], [0.662078360511902, 1.58692728111952], [0.9437919448090207, 1.0595555572392104], [0.7499480949201899, 1.3334256154173187], [0.4864859229978651, 5.409323755030996], [0.9718900440990441, 1.0289229795815165], [0.46248337649511084, 6.179350726753236], [0.6666668121230801, 1.4999996727231413], [0.6066848232433054, 2.549878412526979], [0.981218655718651, 1.0191408348912745], [0.5354095641254235, 4.089703166073048], [0.8666520186303931, 1.1538656559992122], [0.846693525288534, 1.1810648955408305], [0.40753260797502006, 8.18467465825628], [0.7597640888566155, 1.3161980339251365], [0.836731458678045, 1.1951265721261437], [0.7129409244414022, 1.4026407598687254], [0.41060580234623223, 8.075244339229334], [0.9905969894224241, 1.0094922664594996], [0.9530897812448554, 1.0492190973801796], [0.9624652786129027, 1.038998519968629], [0.8865395119986151, 1.1279813098748408], [0.4729325670559578, 5.805529174056533], [0.9059942309847807, 1.1037597876457101], [0.8566736488198087, 1.1673056611203625], [0.40046575808260804, 8.597770325239543], [1.0, 1.0]]",15.53
CONSTR,MGPSO_feasarch,16,100,0.026104,0.008944,5.622137,0.043036,0.609211,50.0000,100.0000,"[[1.0, 1.0], [0.6353767242414846, 2.0498260523581115], [0.5224703232919563, 4.441568510104749], [0.5308857901285933, 4.200998486111534], [0.5798261203267014, 3.123953428475645], [0.640607644496993, 1.9525149399987545], [0.5557804781716679, 3.6198259743557144], [0.40526628493898786, 8.286668499380841], [0.46409387196394836, 6.124116068887526], [0.6085714957784631, 2.523010499607758], [0.5968544251426419, 2.7652043186649697], [0.6281560675412081, 2.144251698845957], [0.5456628390376161, 3.8786819633276632], [0.6245388746293842, 2.2328788897865306], [0.5645689005353347, 3.4207580204411574], [0.4926760244267758, 5.209708275684045], [0.5275595226193415, 4.282469047605214], [0.4591031054778836, 6.258230306431729], [0.4336261259633146, 7.246342427391932], [0.48784990787522947, 5.357588182380985], [0.5390585908585116, 4.0148481915657515], [0.6146922757574926, 2.4160747499342543], [0.4256461882102281, 7.612387954176107], [0.6197008977539041, 2.3184679108584967], [0.4775148067353886, 5.691969343363024], [0.5511419564742237, 3.7496752123165407], [0.5108394853325882, 4.766536893185573], [0.6476193662810864, 1.9130548993847178], [0.5203615211246364, 4.567769480967108], [0.6589291610251545, 1.6450805923882648], [0.8280336148222783, 1.207680439657792], [0.5688867842206571, 3.3235068690637286], [0.45578409391955615, 6.461376013215948], [0.41654273122505436, 7.822458427918681], [0.4147903449810426, 8.010301540522972], [0.4980707314782411, 5.111612601669893], [0.403258734963905, 8.455512638864173], [0.512363396902223, 4.671884691685494], [0.5052770861817752, 4.90254277886821], [0.4456729971807166, 6.712477734320478], [0.39706605335673983, 8.756845552100566], [0.8088378705239538, 1.236341714999341], [0.4191873408651222, 7.711990766626957], [0.4432833149414513, 6.835034771649249], [0.4100283204592367, 8.091865656780044], [0.4504838216650673, 6.560904901613943], [0.8184486273519226, 1.2218237853675484], [0.9220852439117172, 1.0844984307066328], [0.7799981815470928, 1.2820542709683542], [0.8753317799768554, 1.1424239618335814], [0.6500607397709459, 1.776758768273962], [0.8477050727182399, 1.179655557319497], [0.77032164246154, 1.298159034977298], [0.7194144779945626, 1.3900192873343287], [0.6900383874150748, 1.4491947379131471], [0.5019291833073924, 4.9840583005439365], [0.9420280810226516, 1.061539480770483], [0.9810499468658872, 1.0193160941444945], [0.39321573728480774, 8.89167408092727], [0.4086372510875128, 8.22052294120914], [0.5604802241363626, 3.5431861365409025], [0.7604404951953951, 1.3150272852618798], [0.6998248763836846, 1.4289289131410383], [0.7895471259466361, 1.2665488444417288], [0.9905160679033319, 1.0095747382642093], [0.856993594612905, 1.1668698649395268], [0.7301365011620032, 1.3696069137873703], [0.9122637200906744, 1.0961742509069692], [0.9519884615388375, 1.0504328995579992], [0.47218010829268364, 5.8260337374157425], [0.4001989959857737, 8.564085695000854], [0.7097620620733321, 1.4089228678676273], [0.43118097388243454, 7.361212842352873], [0.590784207882658, 2.8896823698877205], [0.7399726661591962, 1.3514012689015489], [0.9025476668632497, 1.1079747216847173], [0.6555465466681628, 1.7109112681556373], [0.6648835067099563, 1.550285348169148], [0.4834513806789922, 5.512364026591902], [0.5844654047837095, 3.0248619452230168], [0.43521643483217093, 7.08723981110516], [0.8935439611047307, 1.1191391174124805], [0.603676406761469, 2.6477287857589396], [0.5365760181798188, 4.120940140736319], [0.6796659534165869, 1.4713110094350588], [0.884603880283412, 1.1304494839878128], [0.7501201354839095, 1.3331197933446894], [0.5748984433186943, 3.185377659566822], [0.9320490636435143, 1.0729048920352495], [0.44073757323463925, 6.903309327385226], [0.48248648674555855, 5.549612576748709], [0.8659641087956115, 1.1547822708158269], [0.7992478428525474, 1.2511763515444223], [0.42659357083391136, 7.5166593655631555], [0.6716831429340442, 1.4887972260727032], [0.8377783725904026, 1.1936331047888116], [0.9617359109995365, 1.0397864825081715], [0.9714020416655857, 1.0294398787605794], [0.3924864080267353, 8.991265604671495], [1.0, 1.0]]",16.63
CONSTR,MGPSO_feasarch,17,100,0.025053,0.011295,2.823031,0.043187,0.582128,48.0000,100.0000,"[[1.0, 1.0], [0.5926609290239632, 2.8462481285293912], [0.4854153451252242, 5.435835676342382], [0.5055465932690593, 4.863253938318137], [0.48306599878226336, 5.527542035404018], [0.5292535108576655, 4.245608363546843], [0.44534708039525306, 6.7406614737182124], [0.6002333177388205, 2.663028267149594], [0.6408095388750924, 1.9550735293058197], [0.4416646248089108, 6.89079891476711], [0.551216904511617, 3.707688701360216], [0.44959323857170197, 6.589430556701522], [0.4374088710929306, 7.221716531354501], [0.6620929993559123, 1.5735605986348997], [0.5156188470926542, 4.621316564477065], [0.49269877365601833, 5.222839343600441], [0.48995142280976967, 5.363005073342452], [0.6124944983179117, 2.440884706313188], [0.6671533289905457, 1.498905808523922], [0.5200414329534726, 4.542311944492437], [0.6763781675659586, 1.478462859909627], [0.46545308828651766, 6.1161838659491945], [0.6856715771168518, 1.4584241689072968], [0.7144376588699952, 1.399702251952494], [0.5118474923692774, 4.7684249242891426], [0.541846341742197, 3.964510089360561], [0.6291352916546462, 2.1318709181367628], [0.39592547245163756, 8.715203434890563], [0.43877431746603685, 7.012568078461814], [0.5002859208111421, 4.998504664700393], [0.5725921946971119, 3.230133688977044], [0.46848140051234716, 5.962121685105962], [0.5224502793434221, 4.410493845399014], [0.5373516303566023, 4.0490350730480476], [0.5787818824090423, 3.1211582138932807], [0.5600303811754266, 3.5046636530336497], [0.7957258413794567, 1.256714245029943], [0.9623581593054147, 1.0391141700526065], [0.5336969383292821, 4.162581888584461], [0.6354816785383054, 2.0540879195543997], [0.7747550935076943, 1.2907304622839098], [0.45252990375679414, 6.519387752066208], [0.5647582704250278, 3.430280578251842], [0.40297610633012826, 8.385011528204707], [0.5877613899862781, 2.940632464177732], [0.7242843093367772, 1.3806732896308274], [0.9040723579188192, 1.1061061553767741], [0.45522235412706824, 6.377492734850118], [0.7852880959341589, 1.2734180043954764], [0.4249198746177927, 7.563787202888045], [0.4070356535892472, 8.263565091695817], [0.763939479197765, 1.3090042172583214], [0.4986875493371731, 5.058155743541959], [0.8939914471275028, 1.1185789340749455], [0.43255611726413945, 7.312198388243278], [0.6073470707285645, 2.560899689967615], [0.6181982064192406, 2.3303751006570503], [0.6503987219073952, 1.7680001051582668], [0.9239250565292343, 1.0823388682157238], [0.7044720096769047, 1.419502813828806], [0.6557393681666834, 1.6753584532981016], [0.5826271915718774, 3.0267287042697806], [0.4012616555413009, 8.572516205329988], [0.4607726570490955, 6.279068404242365], [0.9717105936512512, 1.029112995714547], [0.8451774574809423, 1.18318347365831], [0.8359991160775251, 1.196173513546235], [0.3902422472283192, 8.94341231148915], [0.4109340567633565, 8.035816327369757], [0.47551906699165497, 5.733443511799856], [0.39388677301366476, 8.802506482190182], [0.5559803770265317, 3.5996499849264283], [0.5695308181222762, 3.3199078450549946], [0.5973267287733097, 2.7798980796047084], [0.48010037954869594, 5.63614016487901], [0.6246639610171155, 2.2265586490916647], [0.7536652336657039, 1.3268490509190192], [0.9140391117890408, 1.0940450874609826], [0.6449899903022668, 1.8898495990538209], [0.864426406028135, 1.156836479110811], [0.4285097030403092, 7.433605730659681], [0.9432822002915784, 1.060128135239793], [0.7338860907656279, 1.3626092830792695], [0.9905503694187154, 1.0095397779588229], [0.8166863809719096, 1.2244602374903513], [0.9336217832574775, 1.0710975449939952], [0.8741677187845808, 1.1439452390101674], [0.4720004391286662, 5.839060812693615], [0.9527590645837727, 1.0495832967350096], [0.7437356195233183, 1.3445638123946906], [0.8062410968723795, 1.2403237739669462], [0.4171457862013929, 7.881808398577654], [0.8550105061481057, 1.1695762716473324], [0.9811253414044638, 1.0192377648390138], [0.42051177308257565, 7.678726084208488], [0.6950766766998371, 1.4386901956600127], [0.8839261981990469, 1.1313161687451365], [0.5466072665806082, 3.8146797352727178], [0.8259676477314454, 1.210701173038123], [1.0, 1.0]]",16.24
CONSTR,MGPSO_feasarch,18,100,0.025873,0.010732,3.078060,0.044476,0.587237,46.0000,100.0000,"[[1.0, 1.0], [0.4490922827956979, 6.630138955413194], [0.433319223973784, 7.319290368791421], [0.6510639131765408, 1.7571914963413167], [0.43382089110329136, 7.162694825936073], [0.47395203668966024, 5.786332444453555], [0.39286812679477506, 8.821785333592738], [0.39778833113048734, 8.63070974911453], [0.42456021696298696, 7.5562858680946805], [0.5407141964105675, 4.039808951169578], [0.4831261760554641, 5.498243991493943], [0.6347621077045651, 2.1062267605438802], [0.49315986952836555, 5.240796192872844], [0.45902632186815373, 6.316678255970996], [0.6610207436619211, 1.5934592978794317], [0.4468684086883925, 6.782135512764021], [0.7090448276724016, 1.4103480640042518], [0.5522825129870526, 3.694952192530239], [0.616754975270082, 2.3682059619055944], [0.6986705348934359, 1.431289785467372], [0.6279992135514003, 2.177293344944667], [0.622482220641162, 2.2474777891268682], [0.6882566676956021, 1.4529463308334758], [0.4546887138945221, 6.422460871850951], [0.5716383849761104, 3.2533239980319197], [0.5205621978435955, 4.50628410321975], [0.5108573566797855, 4.740491789029072], [0.5152760769028563, 4.602891964703747], [0.6562489668565137, 1.6713855927009786], [0.4063432800163371, 8.333901375019334], [0.4124875088805977, 8.133322312163958], [0.5988517612784772, 2.7352924834874544], [0.5873950769934193, 2.9383758471228947], [0.46628316056548347, 6.016422150350407], [0.8734007219300466, 1.144949820730848], [0.5917846024010607, 2.8313130616055546], [0.611535585123278, 2.4708903784177654], [0.5314186994289047, 4.242029449941798], [0.5253177143641771, 4.456740296415746], [0.6062076938230014, 2.557177396615308], [0.5811428843082529, 3.0530480842005105], [0.4878995201724455, 5.375583052567252], [0.46173816518607114, 6.229988407409463], [0.5024288595548563, 4.989546004335207], [0.40230056898856564, 8.459723467394967], [0.49752742846789366, 5.124259532434221], [0.47041530732130643, 5.908167069633564], [0.442061424656905, 6.8511073461933005], [0.8134605791154195, 1.2293158705827256], [0.41830080250324037, 7.823812752906326], [0.5594483197273575, 3.517958017581763], [0.5261403662866436, 4.319821547900103], [0.4298719298465101, 7.452498434026439], [0.5347534119846465, 4.090288076306712], [0.7946629251905059, 1.2583951865632441], [0.677504909036728, 1.4760040653015982], [0.41405505162902073, 7.94381551148798], [0.8632793879871719, 1.1583735392218815], [0.5557889931037184, 3.5967633687857186], [0.7383605587794121, 1.3543518652365527], [0.7286002696598317, 1.3724946882971636], [0.5447628129905999, 3.888875730862137], [0.45280119832582333, 6.504803810175415], [0.4790802224713057, 5.622735633857258], [0.4207474054507142, 7.656651432768571], [0.8431167151489565, 1.1860754057323206], [0.9487928619728468, 1.0539708297559036], [0.5666236029439199, 3.369953559307404], [0.8927344733035604, 1.1201538978320216], [0.9895120386044218, 1.010599124605265], [0.7855372120069157, 1.273014167521317], [0.9392296175896023, 1.0647023701896838], [0.8231259062994157, 1.2148809706351844], [0.902210746422587, 1.1083884823641963], [0.8830851605530954, 1.1323936180443552], [0.9299259993612218, 1.0753543837756048], [0.7480403127014448, 1.3368263488215462], [0.5774986075371675, 3.135162149386816], [0.9588022767675806, 1.0429679030084384], [0.4647460483276533, 6.128314175216056], [0.6015482219544479, 2.6451567831063594], [0.43772379179056486, 7.017687152672148], [0.7765034789863772, 1.287824236544784], [0.9114446553472877, 1.0971593218887987], [0.5075780263368612, 4.878643114042255], [0.9206981564800011, 1.0861322931536916], [0.5482369959577514, 3.784545790063494], [0.9791723745628962, 1.0212706424100264], [0.7190024754226751, 1.3908157957483203], [0.8331997744928674, 1.2001923555592136], [0.7573227817404017, 1.3204409323352222], [0.6383623170376551, 1.9659371281905336], [0.6668733481794218, 1.4995351107223298], [0.8531893494139133, 1.1720727651920833], [0.40938947353252503, 8.229408562817706], [0.9689450958333622, 1.0320502206989637], [0.6453197541764922, 1.877879557434593], [0.8041633748216783, 1.2435284064282934], [0.7670656184285491, 1.303669433194845], [1.0, 1.0]]",16.23
CONSTR,MGPSO_feasarch,19,100,0.026809,0.009767,5.863554,0.050268,0.678196,53.0000,100.0000,"[[1.0, 1.0], [0.41981384715940195, 7.73062578535628], [0.39249355142641024, 8.840046573608806], [0.40493476761406355, 8.294010086143603], [0.4369196798833775, 7.03323983013413], [0.5021211236808885, 4.990708898394916], [0.42808645992634153, 7.404598220311854], [0.5267696861561376, 4.358425785769064], [0.49378888211618904, 5.190403336838052], [0.4710014911699567, 6.017708443712562], [0.6057738903947217, 2.5911687439339417], [0.4112019135064765, 8.07956100909648], [0.6236673127908994, 2.2664604001590756], [0.5911579323314293, 2.928852804115827], [0.5108899108834817, 4.734687376763611], [0.554247210483892, 3.652685686717481], [0.4245729730905171, 7.582303780190695], [0.728486430092429, 1.372709166144827], [0.3905967944743579, 8.93603854337142], [0.486279205797079, 5.453060431235266], [0.46344809353487515, 6.119139682751252], [0.45251479420996144, 6.511861676833143], [0.45785821910215874, 6.331491227846042], [0.5468754593070876, 3.8646785013081226], [0.5159717896327299, 4.59222334949464], [0.8556159465285206, 1.1687486705423], [0.43287306470308323, 7.309705657061009], [0.5587175851059055, 3.5290384866943243], [0.41507422270616023, 7.903405672499964], [0.4779129213094802, 5.678362899667999], [0.6926645821160038, 1.4437002061591266], [0.4615051316938237, 6.306268592918741], [0.5391295456801367, 3.9974703515634467], [0.8646340907214289, 1.1565586075441754], [0.5838404774417718, 3.020976461784386], [0.7015283795940965, 1.425459082038276], [0.5219336306544777, 4.486936791102953], [0.43330491954364947, 7.199472534779206], [0.44150375397057245, 6.896328901964206], [0.9205350729900513, 1.08632471411636], [0.8829698695352131, 1.1325414767849218], [0.6838138693437857, 1.4623862498718236], [0.5078468373859214, 4.87604953158517], [0.7679624083988661, 1.3021470700433264], [0.4486226089480001, 6.678548193959225], [0.5640266841221007, 3.434763650024341], [0.4754434171363834, 5.816503326496592], [0.7373355954509517, 1.3562345371220057], [0.5738228585036808, 3.201790378666495], [0.399858023540945, 8.51067783100805], [0.5994371559959504, 2.6850175128396563], [0.6627348005426426, 1.5658896810119718], [0.7473286494125846, 1.338099376741438], [0.6174825281230862, 2.3776906847720984], [0.39681861756735604, 8.671961465453766], [0.41034909987198454, 8.082194797500614], [0.8369743294001719, 1.1947797738512034], [0.9110760843628428, 1.097603171857316], [0.6309028056338226, 2.1513927304134723], [0.8078645265382158, 1.2378313035789612], [0.7103544709127475, 1.4077478793299938], [0.6748049852881893, 1.4819096210039548], [0.7980321989922224, 1.2530822706938745], [0.6434211385808878, 1.8826141808273724], [0.8922700082634085, 1.1207369862697305], [0.482270618947721, 5.544077105050028], [0.5341931632949027, 4.138780129946366], [0.7577185302303363, 1.319751279800447], [0.6669862511302049, 1.4992812794948995], [0.6395905340243019, 2.0452713972080376], [0.40229800570605145, 8.497618606527421], [0.49015790164773965, 5.346226350643856], [0.9793906182600735, 1.0210430663268348], [0.9691649996013507, 1.0318160482594116], [0.9591602986334726, 1.0425785986187213], [0.5780112185984012, 3.127984873697905], [0.8462038965215887, 1.1817482808937734], [0.4987653832691943, 5.125137630137424], [0.5956764052721336, 2.765321169220104], [0.5320178086181453, 4.275703012334799], [0.7881166879975057, 1.2688476404945317], [0.719313096748065, 1.3902151990849179], [0.939588183986801, 1.0642960576162883], [0.8179923770160412, 1.2225052801199754], [0.44623227240780305, 6.7546783784891105], [0.9300406118578777, 1.075221863701596], [0.9016721897958043, 1.1090505078419501], [0.7780948326669748, 1.285190388133577], [0.5684169416815315, 3.320004453509266], [0.6119573333107077, 2.4857439634244796], [0.9896849066744413, 1.0104226034528703], [0.45661198744875164, 6.509327147689857], [0.5517450272519937, 3.7644821021654318], [0.649213047178548, 1.7931379865931822], [0.6558997329707681, 1.7920927968940714], [0.9494442149540049, 1.0532477677463592], [0.8737165261174699, 1.1445359794711627], [0.6583230865667, 1.6483891520265186], [0.8273524769572373, 1.2086746916836584], [1.0, 1.0]]",16.43
CONSTR,MGPSO_feasarch,20,100,0.026197,0.010777,3.358649,0.044554,0.605019,49.0000,100.0000,"[[0.4583019417597548, 6.292795220903656], [0.5175282261264971, 4.547574808082022], [1.0, 1.0], [0.4335189144476779, 7.154031644496199], [0.4482112458130391, 6.689702335036788], [0.39732050476344694, 8.855416270175441], [0.4671824865059505, 6.020857851072704], [0.6669696680782083, 1.499318556541526], [0.48486057974003915, 5.460309865228217], [0.5659109726218349, 3.3747274878488507], [0.5803101427346328, 3.1175323022039874], [0.48820225014457963, 5.3590496831948435], [0.4985029451529127, 5.072164359040883], [0.3975476091421546, 8.716467867147001], [0.5019286571339504, 4.9601062924294785], [0.5911380124155611, 2.8663344783856997], [0.39299795319619446, 8.901046493724177], [0.5140800915398009, 4.642824569134931], [0.6449583482315333, 1.9224142427450737], [0.7430222427738928, 1.3458547300909098], [0.4551740488199174, 6.4456771900333205], [0.6061933789854987, 2.563193626525479], [0.4441028688525682, 6.814482039772531], [0.5974833493459336, 2.758629829084553], [0.5738215862493358, 3.2010860599564523], [0.5213889803926746, 4.4427300749024745], [0.4096264873400193, 8.184902119989802], [0.4634175533049982, 6.156109117980065], [0.636168369876335, 2.008138772720325], [0.5693303873145684, 3.310067443342674], [0.8819182687595789, 1.1338919210807408], [0.8914275523894428, 1.1217961541793635], [0.7634117501712943, 1.309909101838713], [0.7531913953174176, 1.3276837815952076], [0.5625243345646225, 3.455286207880533], [0.8336327942719138, 1.1995689311543813], [0.5867515550710642, 3.0098434499844653], [0.45158716649122377, 6.554922028477477], [0.7234692416651303, 1.382228769945228], [0.5264501116303648, 4.3036199505015], [0.42758636224856456, 7.566870161792164], [0.4918986989508811, 5.233877459539469], [0.6545544404137521, 1.7172058002854425], [0.6607956340433453, 1.6251629332749153], [0.8724393505151147, 1.14621148095804], [0.4309483343431845, 7.317868310981248], [0.6256996230300338, 2.2097375446201637], [0.8039916637845396, 1.2437939907147948], [0.7937319603501622, 1.259871152925278], [0.6485753758050818, 1.8152532612556778], [0.5549262689196278, 3.6789380012512245], [0.549315273051534, 3.798234180140355], [0.6100351652445002, 2.4969710767905453], [0.7141490185447734, 1.4002679749356894], [0.6767999006698734, 1.477541588008855], [0.4745439724977575, 5.758749279000484], [0.5307621369098094, 4.205936031337876], [0.48098575052875936, 5.565788447897745], [0.4968363752985644, 5.1845841207660825], [0.5374264259949864, 4.143619524961947], [0.5453680833682141, 3.868518918541286], [0.773569898320705, 1.2927080050178246], [0.8239577605656513, 1.2136544466957806], [0.8139407581633518, 1.2285906436931464], [0.4385709232122858, 6.991292257732134], [0.4419879604101379, 6.892189751328296], [0.5079367699892385, 4.790291172662109], [0.40476590126880174, 8.319763038923353], [0.46956829716872706, 5.960047412049143], [0.6161468385980496, 2.382182388222008], [0.9300212152026659, 1.0752442886822584], [0.9691593063678531, 1.0318221095639368], [0.9492386209210031, 1.0534758889495515], [0.47890867183718744, 5.633433631148001], [0.8434908110336264, 1.1855493704484876], [0.5450658242166521, 4.064593859202874], [0.41566823799532604, 7.8724415794929685], [0.9204093829335961, 1.086473061381368], [0.42108183405885974, 7.644779401179744], [0.6953723373751498, 1.438078488676643], [0.4138841154281041, 8.046073503218384], [0.9106970485441815, 1.098059998765315], [0.989720119183478, 1.0103866543856892], [0.9010001316229881, 1.1098777512925349], [0.601818352269198, 2.643985171893836], [0.4028189456338489, 8.544843249461], [0.6862090410569822, 1.4572818779240784], [0.853149330580483, 1.1721277438260425], [0.6193298175540171, 2.3065993320024], [0.9395904244153666, 1.064293519830432], [0.9794782135446577, 1.0209517538742139], [0.5572605070119458, 3.568518960542763], [0.7047297686333159, 1.4189836225299555], [0.783573102017044, 1.2762051140165966], [0.4744524084817939, 5.834256959351949], [0.8627468341452962, 1.1590885766514316], [0.9592204691592722, 1.042513199156884], [0.733203153982238, 1.363878475656728], [0.6300200451681994, 2.1111545890782133], [1.0, 1.0]]",16.24
CONSTR,MGPSO_feasarch,21,100,0.026102,0.009436,5.142453,0.046056,0.632906,46.0000,100.0000,"[[1.0, 1.0], [0.47210649325657184, 5.95139359580699], [0.5842367763129633, 3.048983551470893], [0.45076097760538336, 6.590548525313914], [0.4887199108348669, 5.401870946285722], [0.43999062336434885, 6.932283069565495], [0.5553735600411971, 3.658479059869262], [0.5316619213849452, 4.195712458168347], [0.44837449693075854, 6.618920675549071], [0.5897265153319222, 2.9081752086420942], [0.6275763758744126, 2.191805384086373], [0.594842539995907, 2.77607463934785], [0.4789991542164348, 5.7017656856143235], [0.6583229456162796, 1.6356117704934117], [0.5001374943923989, 5.0131978137694055], [0.5426457321967795, 3.961537366005531], [0.4054462399145533, 8.373778214225714], [0.5379699753596751, 4.074714843128302], [0.39607284523513253, 8.752977916900326], [0.4940717191931233, 5.175322184965167], [0.840019289950269, 1.1904488527390868], [0.4252882163423477, 7.595811802265409], [0.6181020330767542, 2.3315138090421206], [0.4008793432451641, 8.646807838688071], [0.6150636380805835, 2.418759297850044], [0.48206078363667737, 5.568776475434234], [0.6642333276496922, 1.543301292896094], [0.39167552437429526, 8.887692283277445], [0.5187168676652172, 4.5303767329164595], [0.6010907343002714, 2.6577700435934344], [0.4044835553658911, 8.499194967108243], [0.5495464235773169, 3.7409108656439343], [0.6064295619790894, 2.588799081676229], [0.6228583583621063, 2.2666867962478037], [0.5733478643230349, 3.2695034393159936], [0.6103561704409071, 2.493680241785275], [0.7464621773025766, 1.3396526045212502], [0.6451554960033157, 1.8577846851825086], [0.44583588420159936, 6.815251273752768], [0.507152409467971, 4.953153293243031], [0.41493921049855387, 7.95666478730958], [0.4685578230138978, 6.10533988577662], [0.4627101294311837, 6.275422787648828], [0.8302528110045657, 1.204452411055433], [0.6519184651389569, 1.754250910326884], [0.41744598340724176, 7.858737820530086], [0.6716226750296135, 1.488931266288631], [0.5461183675697615, 3.859520543601154], [0.8497127195906911, 1.1768683426107858], [0.6394449901963175, 1.9483137855677755], [0.7833739736800549, 1.276529516678096], [0.4556974834287691, 6.407180858993274], [0.524055202166158, 4.410568048995378], [0.47511332445654153, 5.797982389408084], [0.5691075317323249, 3.310391958955437], [0.8107459534119186, 1.2334319965355738], [0.9713855632767372, 1.0294573419711313], [0.5645701642437855, 3.42360970704413], [0.9524944561038113, 1.0498748770575637], [0.8203783853590747, 1.2189497161877394], [0.878561016293355, 1.1382248716418075], [0.7181009414510389, 1.3925618840985483], [0.7741612497017593, 1.2917205561312242], [0.5613170685397031, 3.4937145837966086], [0.764931645681831, 1.307306352986139], [0.6810942376943026, 1.468225606173507], [0.7086734177704099, 1.4110872158097112], [0.5141486596592552, 4.665418766404287], [0.42764608072930116, 7.459107879782554], [0.7556182682383816, 1.3234195651878033], [0.4103317534147607, 8.089710858501357], [0.9063685728484704, 1.1033039206746451], [0.7925068878727454, 1.2618186861242426], [0.41880110738711507, 7.7179610543159765], [0.4076148923924384, 8.243874091080675], [0.9904791985683326, 1.0096123184065138], [0.8594129181529789, 1.163585022842298], [0.7277815095198872, 1.3740387560267828], [0.9619685228430269, 1.0395350536466348], [0.6994040158339107, 1.4297887592305056], [0.6898942057705816, 1.4494976064961205], [0.9809314025606379, 1.0194392771906222], [0.5305545980062374, 4.324089582091706], [0.7373025244591886, 1.3562953697106896], [0.5098354212268903, 4.788397025342826], [0.9336628991211104, 1.0710503768987019], [0.43137675239558915, 7.291278401712642], [0.49292297248881206, 5.323036212201569], [0.8015727441886364, 1.2475474088283958], [0.9153911052642152, 1.092429229702165], [0.8689485553620352, 1.150816114290407], [0.8970856370865774, 1.1147207787738669], [0.577594222308469, 3.1223405604299215], [0.46691593160667233, 6.189036311608026], [0.4382824522683093, 7.135226472749494], [0.9430250294353497, 1.0604172410977946], [0.635266836505576, 2.0703957517170433], [0.887974757199811, 1.12615813894694], [0.9244121718408471, 1.0817685340605474], [1.0, 1.0]]",15.72
CONSTR,MGPSO_feasarch,22,100,0.025873,0.012258,5.633938,0.047313,0.637037,52.0000,100.0000,"[[1.0, 1.0], [0.4486658664317284, 6.711394456728771], [0.4071980327339835, 8.2185688306503], [0.621731698280502, 2.2807758938410054], [0.5705683498384404, 3.344102864931659], [0.6053206623550655, 2.5828511962318377], [0.4383105210440623, 7.031753206096086], [0.46357871090153907, 6.198155119277551], [0.3908663194394928, 8.98187084840721], [0.5536194548994439, 3.664373478205364], [0.6613157017777063, 1.6107496437113162], [0.5043149339251791, 4.917529707662587], [0.5600153359907064, 3.5307887276349046], [0.5379558166932988, 4.054356191041479], [0.4415610329273929, 6.952204612676566], [0.4198102022974588, 7.6915554940664395], [0.5875134770591566, 2.9391310959261827], [0.4445281013273183, 6.813203160426657], [0.5955149978995617, 2.8224321129171868], [0.42726357359286693, 7.419960555076106], [0.8956559831949227, 1.116500105802753], [0.7543533413901642, 1.3256387227729973], [0.4973475241620894, 5.074805255447652], [0.6667783227833354, 1.4997488158068728], [0.5130565356917276, 4.6596279750241125], [0.5482331710189753, 3.7879157170262947], [0.45824449627316377, 6.337473443216496], [0.6879985347729174, 1.453491467580033], [0.5796183752922646, 3.1264205084514476], [0.4066371382413273, 8.344123543045965], [0.9232774147324988, 1.083098085194394], [0.6318066232916206, 2.124495129417277], [0.7447193598839328, 1.3427877048286398], [0.39453041221963747, 8.768664189542712], [0.6172326640554588, 2.3652350097732175], [0.5286960962718398, 4.255721000960747], [0.7353337458554646, 1.359926707615779], [0.6480721249405175, 1.8022798394413297], [0.8316417652242719, 1.2024408126380308], [0.610445449147726, 2.4790586191318758], [0.7639779540815691, 1.3089382941712884], [0.5326740909167739, 4.158869487931623], [0.8583531685290566, 1.1650216212444124], [0.698183025747551, 1.4322891893988554], [0.4967791842264351, 5.231350523875341], [0.5230183650339285, 4.413902387495401], [0.4522482848375565, 6.583075400903662], [0.6000584455675665, 2.6684432056711938], [0.8677153434918691, 1.1524516738125081], [0.4005130298274844, 8.546959124030408], [0.8770681305610357, 1.140162280620467], [0.43013528598090517, 7.2937867243534225], [0.6772913475222145, 1.476469474559766], [0.6427681297618575, 1.8979904256795912], [0.5087989618288122, 4.786476090241039], [0.5833613669800644, 3.00325884536355], [0.4553250253889177, 6.472856290211508], [0.8493319836204052, 1.1773959055884717], [0.8863847080054059, 1.1281783078706962], [0.5192231077656264, 4.53994070396526], [0.41787013551330415, 7.8346462418908045], [0.9048907451940679, 1.1051057879761323], [0.7838456487678744, 1.2757613716066398], [0.4825013673645579, 5.546179787831977], [0.4798028361287044, 5.696102747389084], [0.4134047319474373, 8.116848069375953], [0.7261248570673042, 1.3771736227827693], [0.4335694779355279, 7.14548636338922], [0.4734559627908568, 5.8436354852965655], [0.9140203750083054, 1.0940675146228698], [0.7738455509946014, 1.2922475275779888], [0.8404879602264301, 1.1897850383610453], [0.5433465510481869, 3.914524067225225], [0.46679583083707343, 6.010114326038673], [0.71656538633825, 1.3955460577158783], [0.4136990843260968, 7.94815464200314], [0.6341476863746589, 2.0773380091101386], [0.39724868820221937, 8.643019631842037], [0.9609910250852552, 1.0405924445665702], [0.4911042093004988, 5.268908335559572], [0.575758172009616, 3.2293379436878378], [0.7074247944595369, 1.4135778217442698], [0.8221726689728175, 1.2162895189028253], [0.4682909953255084, 5.9771754071493906], [0.9514130199713768, 1.0510682311558917], [0.9706620272686471, 1.030224704281373], [0.8128481587381231, 1.230242068275598], [0.6535719637778888, 1.710704101952999], [0.6274314586849207, 2.2202965620539246], [0.7935586083234474, 1.260146370427134], [0.9901581058337068, 1.0099397198369713], [0.39250257526992116, 8.96990397549448], [0.9418914570159125, 1.06169346005981], [0.9325835275451049, 1.0722900099172452], [0.48668222434641945, 5.406006594429745], [0.9804187227323505, 1.0199723616181848], [0.4234021708664438, 7.563769034326967], [0.5670212769054873, 3.450110742714946], [0.8032806311046369, 1.2466589326781292], [1.0, 1.0]]",15.78
CONSTR,MGPSO_feasarch,23,100,0.025438,0.009462,4.966470,0.043276,0.618904,51.0000,100.0000,"[[1.0, 1.0], [0.45980199214808437, 6.261497465384804], [0.43600132389580004, 7.066491325208302], [0.4995791039484066, 5.01578312024331], [0.4735305812356529, 5.786218676251081], [0.6345962182958995, 2.109247563301124], [0.41133194924154304, 8.063006786108946], [0.5116550424345107, 4.704609580783093], [0.456090730441394, 6.369899132624859], [0.5809636685137068, 3.058704224561477], [0.6557907214931101, 1.686040517259304], [0.5723410082927911, 3.2404022484720865], [0.6371279201842384, 1.9880067981617708], [0.418226220169087, 7.815786990092782], [0.5269513900084475, 4.30556781296244], [0.5093746231032522, 4.838477767589673], [0.5900978593636774, 2.983543035643871], [0.3931062114625515, 8.907994495220983], [0.5034918011229546, 4.924881683584071], [0.5437841235079801, 3.882128164678218], [0.6442437282619857, 1.8879269349856052], [0.6260087417817667, 2.1877589636838737], [0.5544032802393799, 3.6986824196450185], [0.4032915925239311, 8.41713816899896], [0.4521356382044533, 6.4822963796352076], [0.6504937339227109, 1.7768822963605677], [0.49233223873328313, 5.2917624112684996], [0.42365598491058554, 7.730362827054812], [0.5402191032934132, 3.9951196592042644], [0.4254302996967869, 7.516147643209103], [0.6620624340905749, 1.5893068729092215], [0.6159738981711732, 2.4171560041817464], [0.547695198825279, 3.805109376844051], [0.46436391542695227, 6.166907866768621], [0.5588114567031373, 3.534834400895777], [0.6034741841571557, 2.6106494475292186], [0.3999855405463213, 8.655445890549766], [0.5205790846440183, 4.586281753237973], [0.403231209032086, 8.646200739846483], [0.9357626395586238, 1.0686470668156567], [0.6203072592349645, 2.292726003169015], [0.9019126338804875, 1.1087548421375257], [0.40662192911303474, 8.310859220323527], [0.49598806499197373, 5.158820662808657], [0.9104875703694513, 1.0983126322023562], [0.5979610085331165, 2.7440458181259086], [0.6848948456301337, 1.4600781512378818], [0.857694738540346, 1.1659159781040909], [0.8485857946681229, 1.1784312279126643], [0.43513851882557325, 7.187593736231534], [0.4711925536799072, 5.973119672388689], [0.6100479979607876, 2.509329948711635], [0.5342418240032942, 4.130698673164468], [0.8757315441331333, 1.1419024548097982], [0.4085307313462057, 8.151635546574354], [0.6758633547809134, 1.4795890218432661], [0.7633990800797145, 1.3099308423263747], [0.918966019424735, 1.0881795179173128], [0.86665779448814, 1.1539617315130342], [0.48578409195218214, 5.489649492085459], [0.5314200049360243, 4.18739299085027], [0.9273461849527116, 1.0783459469895735], [0.44803996185578815, 6.656423767287342], [0.7418742824242592, 1.347937276828428], [0.666815432375601, 1.4996653518311558], [0.7742257111380939, 1.2916130084727142], [0.9904007323332635, 1.0096923067131844], [0.6935905365111608, 1.4417728434273536], [0.46534287365790095, 6.061181057228126], [0.7313855966590833, 1.3672678332304162], [0.5694789986467124, 3.3206350105598785], [0.7117779627504147, 1.404932510323659], [0.4299913863363129, 7.402784275345431], [0.48845839755213705, 5.4360984098961875], [0.8931926512298061, 1.1195792963848668], [0.7527019613765231, 1.3285470894366], [0.5768779396264266, 3.1691271097604146], [0.5923730446985913, 2.841804918135167], [0.9714607486937791, 1.0293776679547728], [0.7025312608085109, 1.4234242030015092], [0.8391418466413059, 1.191693637973764], [0.44623285203185215, 6.791751043932246], [0.4174499269562769, 7.889888559554978], [0.7839798429328025, 1.2755429989871732], [0.5644964708905952, 3.4572454458105657], [0.4791226903994791, 5.622779919753009], [0.9809926840200721, 1.0193755940177216], [0.721753631035041, 1.3855143320386707], [0.5230893311335949, 4.393578415799364], [0.9534410965568767, 1.0488324906606812], [0.8063001227949291, 1.2402329749543344], [0.8843575017621957, 1.1307644227672313], [0.944578872160527, 1.0586728429704433], [0.3948209830924667, 8.73727997895699], [0.44008440633221585, 6.958722315605714], [0.8287815053114468, 1.2065906316577506], [0.8177829630295457, 1.2228183334798466], [0.7947932586005176, 1.2581888298358406], [0.9623761345661349, 1.039094761478917], [1.0, 1.0]]",16.21
CONSTR,MGPSO_feasarch,24,100,0.026181,0.010281,5.748834,0.044749,0.606423,51.0000,100.0000,"[[1.0, 1.0], [0.5104977202982821, 4.715133135705681], [0.41170478184598275, 8.02897016905028], [0.3910279083678295, 8.955330834298262], [0.4362567130355348, 7.0596295848968005], [0.6209873809991491, 2.32607142718754], [0.6295998737394355, 2.1382283300298157], [0.5673454663100685, 3.3479967748754125], [0.5600185417892684, 3.5654375093222237], [0.6253336157049179, 2.2414428838047153], [0.3934956538043953, 8.83870493247494], [0.6100994586941544, 2.495843385034089], [0.576609972483914, 3.189905426193658], [0.5732956855330532, 3.2855277140868973], [0.4077471878388801, 8.237330237868155], [0.39775059545375857, 8.7271371449491], [0.6376691067385253, 2.0352005315918533], [0.42652480289558875, 7.4696086791865035], [0.5620232578941351, 3.4793306799869623], [0.3996998399076569, 8.543492789028445], [0.42317023621614613, 7.559442091661972], [0.6417740609040081, 1.9397364311426637], [0.530164884679232, 4.205553847742242], [0.48062972782738406, 5.611727109396454], [0.44925541058272855, 6.610906485957607], [0.6016850049876143, 2.6506909500631877], [0.4995092302350275, 5.050166036778799], [0.45476433827153495, 6.488219014018161], [0.7862189988890803, 1.2719102456351095], [0.40296862190218896, 8.394739427144172], [0.5849372771836348, 2.97089209286383], [0.9109058167501883, 1.0978083371645055], [0.6465776456042267, 1.8272684151436962], [0.5420974706932289, 3.9414744852941213], [0.9020063687104426, 1.1086396223894233], [0.4470708904279728, 6.688647716284615], [0.5387181376051973, 4.125127009088667], [0.5221561455341827, 4.416563138413351], [0.48443735030549184, 5.482246205671173], [0.547815284416996, 3.8356068722007666], [0.4160882092612178, 7.871135083630846], [0.9291355584161117, 1.0762692170609531], [0.45678282802862064, 6.324884810415759], [0.9383513071822064, 1.065698947021153], [0.4078429582442046, 8.175335584653963], [0.8361315133775115, 1.1959841053718332], [0.77722813962224, 1.28662351376783], [0.5069263461448631, 4.869919882990307], [0.5191080784857831, 4.525385211693256], [0.8157975596610048, 1.2257943017328201], [0.6799697643128427, 1.4706536267984949], [0.42875810749640214, 7.337143177162968], [0.6590593640473512, 1.629912721746578], [0.7955548391932001, 1.2569843720819232], [0.8559562121769302, 1.1682840614670313], [0.42283029793356797, 7.723598613146407], [0.7473062351680977, 1.3381395108727574], [0.4687411563459024, 5.935532313581604], [0.8260409482620885, 1.2105937388502408], [0.7123815278876594, 1.4037421814756785], [0.5972815435219432, 2.7222318008945816], [0.8840393133908968, 1.1311714138190467], [0.7682501331241817, 1.3016593904557876], [0.8461576473788315, 1.1818128726930859], [0.4939999697682548, 5.175576841704357], [0.7581588434020727, 1.3189848126188408], [0.4444140444586552, 6.829181030305324], [0.5181501798691424, 4.631380237800276], [0.8055800913546747, 1.241341501275666], [0.5810278691133769, 3.071878711004436], [0.4404746971826357, 6.893885479347847], [0.5251685407789062, 4.3350638357535], [0.5971490345029766, 2.857511665798333], [0.6653638654166032, 1.57142242229541], [0.6085217632777239, 2.6019913497337814], [0.670422813969497, 1.4915960184575374], [0.4887764181033043, 5.325287508119399], [0.6533869672883431, 1.7334604739937032], [0.9688349621381049, 1.0321675404788422], [0.9899231792942677, 1.0101793966607755], [0.46205720562580077, 6.185727976722692], [0.9480924022681243, 1.0547495134521667], [0.7364694227909137, 1.3578296247662458], [0.7023948668423506, 1.4237006094528386], [0.4762255859490268, 5.766782169085344], [0.8653658144669378, 1.1555806611288386], [0.4748310225720964, 5.849399541101366], [0.7242047013630496, 1.3808250597073823], [0.505094278436222, 5.037066716437314], [0.6147745308753121, 2.3915196493069697], [0.9581844093349956, 1.0436404415033484], [0.5546262423735029, 3.6393211461466697], [0.8747573728106747, 1.1431741315730892], [0.5892737352851822, 2.889978419533943], [0.4332873884977247, 7.185762870330199], [0.979494593335775, 1.0209346808075699], [0.9200038948452424, 1.0869519200983535], [0.8929422593006007, 1.1198932401107913], [0.6913872276843088, 1.4463674768036148], [1.0, 1.0]]",16.34
CONSTR,MGPSO_feasarch,25,100,0.027030,0.011669,4.943989,0.050191,0.648895,50.0000,100.0000,"[[0.6512220615662033, 1.7776285729825025], [0.39191682978491127, 8.994543847031895], [1.0, 1.0], [0.45337327803277433, 6.5369688843561375], [0.6259196512302695, 2.2296398744160455], [0.5274272917440889, 4.281716584370716], [0.522751209356689, 4.438239553258091], [0.6577424994890261, 1.7164814576194474], [0.6193290826043535, 2.3175247057546056], [0.4775771415339835, 5.7966355798462015], [0.6352226258016911, 2.0248958412997133], [0.46709216897788186, 6.068622936175958], [0.5658560434070016, 3.4587298497744348], [0.4959542258439047, 5.1929536146432005], [0.5936800125561343, 2.7927504862755326], [0.4210187427944205, 7.720249693016261], [0.518111774482405, 4.578627379439288], [0.48586580142324204, 5.526411604314152], [0.5796830981039734, 3.081660375685475], [0.6864985865014093, 1.4566672381603616], [0.4338244218880929, 7.154593886622619], [0.6138708042050609, 2.5477217655653437], [0.6076052734235274, 2.6253084212824693], [0.6770590420370701, 1.4769760654717736], [0.407618591662163, 8.183619581425383], [0.9829531596778504, 1.0173424747194837], [0.6457252580667951, 1.868920161428911], [0.5137743206273504, 4.689683052718628], [0.7808132579253486, 1.2807159584572618], [0.5757677059298099, 3.158762703714025], [0.7715896612221975, 1.296025660084663], [0.9744274425687581, 1.0262436753257156], [0.5000710201978885, 5.006426939922665], [0.8714394277199793, 1.147526687673961], [0.48914348536364705, 5.379994892220865], [0.931812524685614, 1.0731772470405374], [0.41830448853158264, 7.820939236898], [0.5045309682154244, 4.890855150121096], [0.4118474438131681, 8.011245398458394], [0.8882457071175192, 1.125814616369089], [0.8536856985631195, 1.1713912997291032], [0.9573766441846566, 1.0445209898050556], [0.5727356424436902, 3.249494160419543], [0.8087540953517669, 1.2364697820356023], [0.9403554551397832, 1.0634276586946056], [0.5856336635182482, 3.007505285151944], [0.6308283707544811, 2.123109951556281], [0.6634003529269374, 1.6391683331918687], [0.733682007445982, 1.3629883108093337], [0.5678242910914204, 3.355006211174425], [0.5393855430079405, 4.028107729530076], [0.9144403201023854, 1.0935650780228445], [0.5597178345392444, 3.5599500778589133], [0.4400869101677017, 7.034324775232796], [0.3947821982094648, 8.799925821621622], [0.4724178279768133, 5.920835847042391], [0.7149682511142628, 1.398663504906017], [0.5341205259927233, 4.152807209188675], [0.8271062487040115, 1.2090345122732356], [0.9489110175482208, 1.053839592445435], [0.8798054147591388, 1.136614964200654], [0.47845472632444974, 5.6380330303309325], [0.4475210075596955, 6.69887958660083], [0.8970450943969002, 1.1147711594948504], [0.4581554455911533, 6.316708435682466], [0.426783916771476, 7.43225350233895], [0.6396501324294898, 1.9455071595431979], [0.49148863550040534, 5.276981184715202], [0.7900233929221934, 1.2657853032694772], [0.6004012069743266, 2.677785373936961], [0.42385167055402323, 7.5179055658797225], [0.9658879568665043, 1.0353167703261987], [0.7993613924195878, 1.2509986215034716], [0.5890558371234306, 2.90457221386523], [0.4308291458230075, 7.296750024173566], [0.401564767762443, 8.441924039970715], [0.7431602407277822, 1.3456048173684492], [0.8178882599877006, 1.2226609048221795], [0.463638693934692, 6.257074767555294], [0.9914804746936082, 1.0085927312981373], [0.7243851823387149, 1.3804810263670062], [0.9231257154769369, 1.0832760730572277], [0.5500989002062819, 3.7439431301349817], [0.4072775051287343, 8.324045055229368], [0.9056975008842645, 1.1041214081121618], [0.8624477937351819, 1.1594904726570083], [0.6156051532408212, 2.4061159279026154], [0.5096759017036485, 4.769808470231559], [0.7528492637692455, 1.328287146079362], [0.7049171861171006, 1.4186063550362642], [0.4419516262309813, 6.862691331423079], [0.4011371569152279, 8.547400621684584], [0.6669298530116203, 1.4994080644079018], [0.7624387114639772, 1.3115808326152216], [0.8447970803580686, 1.18371621215375], [0.8359431186760138, 1.1962536417356044], [0.5564649778258388, 3.6823669407372743], [0.6956300627510381, 1.4375456920956766], [0.5446500296090221, 3.908002971652512], [1.0, 1.0]]",16.37
CONSTR,MGPSO_feasarch,26,100,0.024972,0.010939,2.764516,0.039856,0.567092,51.0000,100.0000,"[[1.0, 1.0], [0.5217043031838333, 4.439713083501565], [0.653490166319633, 1.7135809862985973], [0.5855966591585989, 2.958405821555369], [0.5905347168737272, 2.8688574593769234], [0.6640691302198546, 1.5709461424645772], [0.5172244116187791, 4.597509715520956], [0.6113586533398448, 2.4557433925879213], [0.4262794969477435, 7.449491650298753], [0.6007394758945688, 2.6701014423860805], [0.8953073729891989, 1.1169348429034596], [0.6061657839310204, 2.5956829990046204], [0.44733028789065155, 6.684814975549996], [0.44423139021876107, 6.779487413388645], [0.5965585487248342, 2.8007893718023094], [0.41213718903592195, 8.062457993814542], [0.558107791736094, 3.556701070744339], [0.9055757255089119, 1.1042698824971529], [0.48831719186897926, 5.376561690200261], [0.6394105520389172, 1.959018575441749], [0.735447977150614, 1.3597154809975196], [0.46640791152665034, 6.11223069393832], [0.3909972988203241, 8.952894291829626], [0.40591046193591945, 8.252297583721676], [0.6156756154215981, 2.3838500849870807], [0.47703715023800725, 5.690005456785989], [0.7559900969711644, 1.3227686500212752], [0.9479498419098573, 1.0549081352081624], [0.3948723009904359, 8.837750780257828], [0.4727250259005164, 5.8756401193471275], [0.40845942768287014, 8.159000449521232], [0.5054128851652602, 4.852720662821667], [0.6491892350721219, 1.78310309281354], [0.6766587824973942, 1.477849731454348], [0.6682342391326079, 1.4964812358283766], [0.766311753246931, 1.3049519281975137], [0.44360307845685426, 7.000714022045054], [0.6454033887249297, 1.865188539518999], [0.4841757584016188, 5.52590861066242], [0.7457558546266904, 1.3409214205908968], [0.7250608900795273, 1.3791945113607167], [0.7766861007024037, 1.2875214312392615], [0.8261905048395541, 1.2103745977983609], [0.5384179088692773, 4.005720833953421], [0.8549136445003831, 1.1697087845456091], [0.8648101399984586, 1.1563231670731595], [0.4240649101478938, 7.519650321193154], [0.6324160172249614, 2.077988927165138], [0.5708762593340313, 3.3621281317219722], [0.8749309045757362, 1.1429473970689277], [0.7970012787137711, 1.2547031312344132], [0.8166112606941389, 1.224572875899331], [0.8850471416852324, 1.1298833168320097], [0.6595155848512391, 1.6391713686425926], [0.9265956453389199, 1.0792194038794896], [0.4918176454323874, 5.289792352152509], [0.43052202605961143, 7.340921509817204], [0.8451609879109521, 1.1832065302396118], [0.806934372881859, 1.2392581523434585], [0.6274019425765278, 2.2014231803623425], [0.405163708035848, 8.43097751699881], [0.41501362454926927, 7.91511788748934], [0.46924059442771326, 6.021870418739633], [0.42273890034020667, 7.685255592081776], [0.9795246538127489, 1.0209033495048356], [0.4351113465107791, 7.2311543729413605], [0.41647114108284283, 7.810190294934964], [0.48183150322234536, 5.603810045276536], [0.3970568979909011, 8.657052816974742], [0.5345522243414526, 4.11284817775024], [0.5744211321197099, 3.2194575934993463], [0.5010452295530815, 4.977935135159977], [0.5308739308327098, 4.222800462942787], [0.39961912843635816, 8.537091051607938], [0.455745854257043, 6.4110751930912135], [0.5127158060801529, 4.696114535003842], [0.9372659223015134, 1.066933061584528], [0.9898273478983519, 1.0102771984662247], [0.9585231796320034, 1.0432715882613506], [0.4621679017988943, 6.238039865007176], [0.4520560802140512, 6.538225804848408], [0.4591640929361982, 6.329762394237468], [0.6218116633862762, 2.3288201673040136], [0.5444439447514434, 3.912429965221044], [0.43633649641385264, 7.087315997762434], [0.685882972770296, 1.4579746687120378], [0.5633006214561327, 3.4417377184903732], [0.5263050521871413, 4.324121004389945], [0.4967521231505919, 5.1423755041201185], [0.7869047373342174, 1.2708018551110538], [0.5802674548913339, 3.1053002932501994], [0.6956212536097924, 1.4375638967479685], [0.7053117165878424, 1.417812828684884], [0.5559114339710185, 3.6485836861154044], [0.8355216815170579, 1.1968570321051377], [0.5507514326018129, 3.819369304139845], [0.9160761443586736, 1.0916123142799226], [0.7154049556264057, 1.3978097190064946], [0.9690086209152473, 1.031982562812992], [1.0, 1.0]]",15.35
CONSTR,MGPSO_feasarch,27,100,0.026747,0.008599,5.242635,0.044906,0.634458,52.0000,100.0000,"[[0.41403000478429924, 7.988043234773415], [0.4206788227681266, 7.73601275069458], [0.3992743312538959, 8.57371142548247], [1.0, 1.0], [0.4394545122797979, 7.055851262466074], [0.5484445457998361, 3.8342400533315715], [0.4044474581817735, 8.408786600394809], [0.5197563297526909, 4.549333630816342], [0.5015957464247369, 4.990342281915552], [0.5826704890098249, 3.117129891874475], [0.45895338674492037, 6.271210246853608], [0.6223571913616806, 2.303846406340231], [0.5422914883778689, 3.9341397391500057], [0.5555501814642307, 3.6779169251363815], [0.6627639638823273, 1.5779210457058959], [0.42910955530445294, 7.322114254781283], [0.4895877436184637, 5.34645833288678], [0.44638546475434215, 6.709683297012441], [0.5518328176242705, 3.7796620360134114], [0.49381855240804506, 5.2335221469433595], [0.5075491088497304, 4.8229988034621805], [0.4693848758011335, 6.068217369702001], [0.5928291656918534, 2.883111376945582], [0.5233750271915414, 4.382053291198975], [0.5651939594062839, 3.408496900982281], [0.6155579003649915, 2.4060157824446136], [0.39052123422117857, 8.983422447583829], [0.5296758895933774, 4.3055681333459965], [0.4265049402816278, 7.6165810703765535], [0.6301860629562943, 2.11858225333875], [0.5976724910597868, 2.7311074087826275], [0.570668066432144, 3.2769857287980653], [0.5873886580976752, 3.0060714820641183], [0.6593062587983646, 1.6494995264726562], [0.45415751636071755, 6.575796955418754], [0.4819485419015245, 5.527268336688663], [0.4100782289547264, 8.172176086379132], [0.7582524467570796, 1.3188219890048951], [0.5146603510965194, 4.758956808142661], [0.7308154011218305, 1.3683346005912853], [0.5335795377665682, 4.145048053296094], [0.651257305902408, 1.7802506122644395], [0.5769806211370063, 3.1871287779135917], [0.46315991759501157, 6.116307494110777], [0.7398738918888884, 1.3515816829906149], [0.610303691091969, 2.4872287739423586], [0.4119236459776577, 8.05934778472747], [0.6765133427137255, 1.4781674460235465], [0.6044442278968533, 2.6123304037522237], [0.42771732631955156, 7.497712392402334], [0.3955354369951707, 8.883282984095272], [0.7674840775138926, 1.3029586271539275], [0.7491252341047194, 1.3348902886646201], [0.9910911756205103, 1.0089889049550986], [0.4761085435171036, 5.723272871828971], [0.9821662447696905, 1.0181575729417287], [0.8433965150329723, 1.1856819208707607], [0.7967028629716493, 1.2551730971193775], [0.6402916485522836, 1.9500265679175113], [0.8948666669192833, 1.117484913638201], [0.624832440780788, 2.207279586934181], [0.6945846650856979, 1.439709297176349], [0.806354221345443, 1.24014976734598], [0.4977355500184799, 5.065851696824858], [0.7223961272309206, 1.3842820611915334], [0.6363425951913126, 2.034365328647484], [0.6676385691977489, 1.4978164026707217], [0.4424673343932396, 6.88402740619986], [0.43501659481616084, 7.2200633046920535], [0.8157412708891247, 1.2258788854829434], [0.41619127769879316, 7.84728075075482], [0.8841868238680168, 1.1309826984588391], [0.47810239415474487, 5.679920239312187], [0.40471498839586245, 8.299071784576164], [0.925935150633607, 1.0799892404081552], [0.8342163144770439, 1.198729852972107], [0.8630724937626627, 1.1586512224950958], [0.8248438618597786, 1.2123506596088334], [0.9453132760985019, 1.0578503711776917], [0.8735699343161283, 1.1447280414736882], [0.9548654018096687, 1.0472680213408003], [0.7867681141681777, 1.2710225312794543], [0.9641454634617369, 1.0371878911399204], [0.8531835800150378, 1.1720806909837322], [0.68547618313031, 1.4588398905901863], [0.5383601581373223, 4.0486985117407475], [0.7143468167134586, 1.3998802494854872], [0.5605288455952746, 3.538829514182822], [0.9155740726790871, 1.0922109197280694], [0.647288607924325, 1.8344818079323908], [0.9052982941552745, 1.1046082892855673], [0.9731978914457512, 1.0275402451955917], [0.5149106783130959, 4.619825260679618], [0.5064706915683506, 4.878705179655467], [0.7770864320706602, 1.2868581392360101], [0.704097396170571, 1.4202580572500019], [0.9357446155984315, 1.0686676506927861], [0.4733865165423479, 5.952121691573751], [0.458687339447422, 6.464769002415998], [1.0, 1.0]]",16.56
CONSTR,MGPSO_feasarch,28,100,0.024675,0.010500,4.121438,0.046535,0.588537,52.0000,100.0000,"[[1.0, 1.0], [0.4865213405487724, 5.4446078051002], [0.43166636122664764, 7.302020993939655], [0.44589327469516044, 6.727535911905086], [0.6625980991325736, 1.592356228700375], [0.4425700376489369, 6.827741153614082], [0.5080610766579922, 4.844914568729087], [0.6356222919652924, 2.0433839820048405], [0.6393651741932327, 1.949234002744087], [0.493663345079958, 5.183911880994441], [0.5489791021079757, 3.82500714228925], [0.5566733325744068, 3.655891869015486], [0.6076101408748942, 2.5288122161155453], [0.4983747796923808, 5.056964930982928], [0.46144648863160076, 6.169871166879015], [0.5790173256090788, 3.1152365466104937], [0.568600286243641, 3.3170084900183543], [0.5389585137272555, 4.051265467559931], [0.5881757338284788, 2.916858930096449], [0.5524123664826228, 3.7361994338283115], [0.4264716110269676, 7.42060471760457], [0.5440655212198061, 3.919532471829141], [0.46748485261971995, 6.045899894245127], [0.6473732800244755, 1.8906964964601678], [0.6299270075284302, 2.146988119451685], [0.48331820837779216, 5.533712393748308], [0.5832155291362486, 3.0208090341752936], [0.6196892214725291, 2.3506069962387675], [0.6135297703335928, 2.436847100883763], [0.5594730249091222, 3.560603525328702], [0.5153027084579616, 4.598787590956788], [0.40987659921269515, 8.120275032848362], [0.5055758892032117, 4.95937284141099], [0.624296013696532, 2.24346975963564], [0.4164319761174883, 7.851817717878815], [0.49184535877605173, 5.346100570608472], [0.4195211365602299, 7.7287750323940045], [0.6565240180799997, 1.6794793905414753], [0.5748554353870651, 3.1958147439153164], [0.9011097075969401, 1.1097427888850275], [0.3936688191467883, 8.962724392674131], [0.6511719254041246, 1.751380883307295], [0.4030958121704459, 8.498802842057067], [0.39784212829882876, 8.622616903270705], [0.5224688070767105, 4.455025917412664], [0.39660265184047616, 8.734311987596472], [0.5119346428016643, 4.725099316333905], [0.45022183059348964, 6.570049609861686], [0.4777330637691627, 5.676489186202346], [0.6850960553920934, 1.4596493325708628], [0.7841606309972141, 1.2752489228237636], [0.4603063851646909, 6.340755874611725], [0.7330853892495331, 1.364097572622079], [0.9103440436506339, 1.0984857944363875], [0.7936690507386379, 1.2599710157140909], [0.8233008108907557, 1.2146228775337506], [0.5668185623550243, 3.4511118836067127], [0.4550284675882925, 6.438172910192281], [0.4409234788897144, 6.89632040718534], [0.7533673872713781, 1.3273736252665527], [0.7433001710286767, 1.345351499941226], [0.5262348146805862, 4.308316150969782], [0.4059091554406318, 8.319482562637864], [0.5983535297661211, 2.7404630203211804], [0.42413030731607315, 7.60777041769731], [0.7636306934890781, 1.3095335330628675], [0.8628481174488862, 1.1589525198903137], [0.8333726409716699, 1.1999433996705857], [0.9197194675723679, 1.0872880647394965], [0.6667269318548424, 1.499864415583135], [0.5327170147533875, 4.173348994270447], [0.9586444726514493, 1.0431395877495317], [0.4401338790623008, 7.060011847111918], [0.8724969165996956, 1.1461358555824022], [0.8035589159606176, 1.2444638223005045], [0.9386651454530153, 1.0653426355970461], [0.8820607340780928, 1.133708781453892], [0.6761781566090196, 1.4789001836659759], [0.9485682989283845, 1.0542203456827715], [0.7033039806741802, 1.4218602872706763], [0.9895976257426428, 1.010511721114479], [0.4126566813674952, 7.970695369109257], [0.843328231503383, 1.1857779244711417], [0.8916989143629543, 1.1214547689725718], [0.9290454953725698, 1.0763735521896867], [0.7225540718340676, 1.3839794680856037], [0.853048161463528, 1.1722667548856265], [0.7740180170885209, 1.2919595899866947], [0.47653825606437594, 5.889244353009437], [0.5933088570405325, 2.814115652840136], [0.8134462254612419, 1.2293375624590033], [0.9689051958112517, 1.0320927210661854], [0.4079956513929499, 8.229261792435395], [0.606624094788259, 2.627031904094458], [0.7129504489925164, 1.4026220215067102], [0.4701645109025737, 5.9034565034120465], [0.43858682379883185, 7.178176716191144], [0.9792120935548276, 1.021229217431033], [0.6939887985643723, 1.4409454476335368], [1.0, 1.0]]",16.45
CONSTR,MGPSO_feasarch,29,100,0.025625,0.009523,4.732572,0.049706,0.647464,52.0000,100.0000,"[[1.0, 1.0], [0.6225439411694895, 2.3106538141922464], [0.46717726276123384, 6.037670880344037], [0.4025784016393043, 8.413902853593292], [0.8378622856814365, 1.1935135607478695], [0.5780747950921928, 3.135939666824986], [0.5636006035581886, 3.443624201337219], [0.5594960785444074, 3.595539811260235], [0.5964972128156539, 2.7577881478301016], [0.6415525135924008, 1.9403014385894], [0.4943559072186726, 5.168094887620429], [0.5368509698913299, 4.059662742225202], [0.48756443931384186, 5.4184716448532555], [0.5114306613622416, 4.711344154432909], [0.6608562791793546, 1.6259599662706925], [0.6562154766962485, 1.7166565097131599], [0.5909983618388294, 2.8591321963014256], [0.5481005079803098, 3.835191685110228], [0.8290813378158932, 1.2061542750852041], [0.665143374814394, 1.5257339167493829], [0.7859581277585084, 1.272332411463092], [0.6264897087895632, 2.2258242717953145], [0.5437787982612063, 3.9506080530727887], [0.4158572384366055, 7.998291201523103], [0.5520551513131005, 3.6934383791617957], [0.4475261843149288, 6.6469395255674195], [0.43520247686227786, 7.228487904740641], [0.4800638966732176, 5.613283475594014], [0.4839860603270382, 5.485498664294661], [0.46193910853568454, 6.223519115525201], [0.5161903855540538, 4.621635315911021], [0.6459978852148496, 1.84425958001476], [0.452972013752669, 6.540265135631888], [0.8119839116139236, 1.2315514946747774], [0.7227563725157936, 1.3835920899862395], [0.4311328777798121, 7.3542824026339995], [0.7947267427721708, 1.2582941358079807], [0.3983163399299166, 8.63637776501481], [0.5271029994613851, 4.303573503318078], [0.7772224399197548, 1.2866329491248942], [0.8205331110829526, 1.218719862115234], [0.42431462507904455, 7.6667380581206235], [0.43760157376106595, 7.030429888409888], [0.7413875061305628, 1.348822298367534], [0.4729340353778404, 5.839038162850456], [0.441742364449892, 6.87017255033156], [0.425141023410154, 7.5494437363839015], [0.9802976134138298, 1.0200983724907355], [0.4460665419636579, 6.749194744566081], [0.5202415553247366, 4.487507223897233], [0.5332190552592568, 4.1848783052709955], [0.94115202075832, 1.0625276022828534], [0.42658557278037357, 7.410042320055164], [0.8033117182104472, 1.2448467728414556], [0.9022701047201778, 1.1083155640074447], [0.9119940479468466, 1.0964983842287999], [0.7684439358234274, 1.301331110028799], [0.41051821588783655, 8.144637625882769], [0.7595191110640946, 1.3166225647686323], [0.8556271113448629, 1.168733419898551], [0.6056025691090584, 2.6084950800960423], [0.8831350733424437, 1.1323296177279565], [0.506865767184179, 4.869930393880665], [0.5011828485129558, 5.027519263120381], [0.931457858446749, 1.073585875014838], [0.5849026676401027, 3.0003227285168017], [0.45844839858330183, 6.34834892229937], [0.4175247440471169, 7.81428757175602], [0.9217354183076734, 1.0849100296438887], [0.40734867823672766, 8.20517521594215], [0.7508921562786028, 1.331749162164601], [0.5675969950181984, 3.3378660146743613], [0.39431218976900917, 8.753039825734392], [0.6116087880952112, 2.5133094954187847], [0.8467561067177324, 1.1809776062628996], [0.3913822406856359, 8.981376484574543], [0.674522409632184, 1.4825304329700453], [0.49064690822115814, 5.302528018276399], [0.7042885150935532, 1.4198726495876004], [0.8740752420833653, 1.1440662678152194], [0.6343696938026672, 2.1792735613831518], [0.6151554727730029, 2.3949193747814665], [0.6951120035865752, 1.4386170787445645], [0.46548441211285757, 6.1712031917174945], [0.6848689553329881, 1.460133346990145], [0.7319730435830999, 1.3661705287736752], [0.6355469017766266, 2.0415815422273664], [0.9607356355696486, 1.0408690621817838], [0.57531105488105, 3.2170349575365527], [0.47112644072163007, 5.938299719779943], [0.6515459806612636, 1.7860772440576935], [0.8926194133267349, 1.1202982873440592], [0.9901286242449547, 1.0099697913112782], [0.4781364085055062, 5.6469900085012], [0.7134993915980992, 1.4015428909619607], [0.9704970826561248, 1.030399800134514], [0.9509804034666121, 1.0515463792468243], [0.8648899062712041, 1.1562165227610246], [0.6008143933567006, 2.6756059061916093], [1.0, 1.0]]",16.45
CONSTR,MGPSO_feasarch,30,100,0.025589,0.010221,5.281635,0.047396,0.624970,51.0000,100.0000,"[[0.42910756881622747, 7.357730474547322], [1.0, 1.0], [0.4876351078295248, 5.444423301547819], [0.4228071618800865, 7.562652536393087], [0.4099862954499542, 8.152268153317577], [0.6239678323996309, 2.2379279578948625], [0.39035987680108836, 8.962656057355773], [0.4571781456452476, 6.394060971839652], [0.4131710920690817, 7.9788399403655825], [0.5652164001718196, 3.4143479582861507], [0.546792258406441, 3.8342511725861854], [0.4390264383223588, 7.082528816062695], [0.5847303252834422, 2.9775553060705313], [0.47615836064923917, 5.770275302093504], [0.4018007816242921, 8.438077829202854], [0.6083812581555791, 2.5362586715312156], [0.5948504300343496, 2.777216005227954], [0.655026709628914, 1.69881232971343], [0.6879800995862598, 1.45353041548932], [0.5164655033164203, 4.5854531922710695], [0.533224072363026, 4.150825228713935], [0.5507203816247032, 3.712141227563073], [0.399281500088468, 8.601250265571714], [0.4977235825863599, 5.065788733815551], [0.46536105528590266, 6.051348634983704], [0.7932656105063783, 1.2606118136920792], [0.46230554241335103, 6.264004350418783], [0.5570699148715932, 3.6243260902641965], [0.4176727192687359, 7.814629702142025], [0.5838278128194921, 3.0772176938474027], [0.6183004631891817, 2.359864392137726], [0.8933392125588793, 1.1193956180828577], [0.8382458130620649, 1.192967485691406], [0.48110992102926936, 5.66354747003293], [0.4221427483535501, 7.708441645458854], [0.5083805207146785, 4.833914240681069], [0.4426939061539093, 6.828496942305752], [0.7344537537106953, 1.3615561156133795], [0.3991782346263723, 8.765583507599587], [0.6625793415267456, 1.5692141623982314], [0.5421002484128123, 3.9515993705224246], [0.875285224968308, 1.142484725520424], [0.8289148250248414, 1.2063965679103779], [0.44740974970956326, 6.68383212984066], [0.42760130328319945, 7.511378935749776], [0.7429413841667392, 1.3460012072440548], [0.8105174753578867, 1.233779690633378], [0.6679315540325608, 1.4971593929985996], [0.45211023581656207, 6.517136063799682], [0.6029998609722621, 2.666147676846767], [0.5893990883005288, 2.8834825608205175], [0.5717693483261148, 3.2847242737766043], [0.6299580360915752, 2.115706394138436], [0.8475891583330786, 1.1798168843578203], [0.7259109179520803, 1.3775795008307248], [0.7513315535502025, 1.3309703223227958], [0.8843164126877878, 1.130816962856772], [0.7846917518099805, 1.2743857670141003], [0.6981091113593962, 1.4324408372965443], [0.8569026401455595, 1.1669937203485952], [0.48525651965010674, 5.534296389573611], [0.6484830593822293, 1.818060893084518], [0.6371587918722017, 2.0076815511086252], [0.5123099166473305, 4.681857442755186], [0.7079466357117791, 1.4125358460028368], [0.7683806945180036, 1.3014382156325368], [0.5617592292977779, 3.5410933804401186], [0.5028974028952312, 4.92403346660524], [0.8017861977664282, 1.2472152835578174], [0.7598141283057706, 1.3161113524300931], [0.9794394499100306, 1.0209921604565326], [0.9117524941668758, 1.0967888833841484], [0.44195720850033693, 6.968299195234969], [0.5281605232858966, 4.285952551111319], [0.8197083889802217, 1.2199460362289014], [0.6776303877929648, 1.4757307494089658], [0.5406579665624046, 4.072260933174078], [0.6132485983299498, 2.446266418566804], [0.5216164587789205, 4.515358557816878], [0.7764690694968912, 1.2878813069114838], [0.49286351792015654, 5.295183970548952], [0.9025460666582642, 1.1079766861126161], [0.6439777212906093, 1.9321894465150578], [0.47001450024186997, 5.901350109343483], [0.7170533826552753, 1.3945963078745447], [0.5232166340250582, 4.402781015942857], [0.39413187871260363, 8.837895283314953], [0.4058516870001784, 8.26351700723168], [0.9694159590656062, 1.0315489348492601], [0.5760949986891076, 3.1646585812151122], [0.4348618294988106, 7.129714920320432], [0.866118276603393, 1.1545767212321663], [0.49554030234041846, 5.150222034182862], [0.9594308592252725, 1.0422845902699924], [0.9211199044334936, 1.085634991912393], [0.9496762274567374, 1.052990451996499], [0.9304978707978451, 1.0746934854805859], [0.989695990000597, 1.0104112880152185], [0.9400488130180238, 1.0637745467594424], [1.0, 1.0]]",16.32
