problem_name,solver_name,run_id,final_archive_size           [archive solutions at the last iteration],final_igd                    [IGD of the final archive],final_gd                     [GD of the final archive],final_hypervolume            [hypervolume of the final archive],final_spacing                [spacing of the final archive],final_spread                 [spread of the final archive],final_feasibility_pct        [% feasible in population at the last iteration],final_front_feasibility_pct  [% of returned front members satisfying all constraints],final_feasible_front         [objective vectors of FEASIBLE front members only; for honest cross-algorithm HV],run_time_s
CONSTR,CCPSO_strict,1,100,0.021865,0.009536,6.113696,0.044646,0.552570,78.0000,100.0000,"[[1.0, 1.0], [0.5036561002880523, 4.962343015190066], [0.4211066838855681, 7.636548893607656], [0.45282652280762786, 6.477313956764596], [0.8081256065898276, 1.237431399086405], [0.46874006555205805, 5.9405181710699315], [0.477372004232116, 5.689292873196239], [0.42841632154674536, 7.3652167959909205], [0.6258563682876745, 2.1848935178636197], [0.6570686952792173, 1.6958256158094307], [0.4657345457461337, 6.0518812964060675], [0.6099247972741838, 2.489215023771999], [0.4621485796889424, 6.163987703877789], [0.4733136606887725, 5.82295013035829], [0.6172440172878462, 2.392634613847763], [0.5480565810084451, 3.789892211474314], [0.5830029504861154, 3.0191598321146755], [0.6614216015136676, 1.5909748717995273], [0.4894570217552367, 5.3406668764811105], [0.5682245438617435, 3.3639080047950807], [0.4590088236539532, 6.281133100262729], [0.4932058926994656, 5.208065609560231], [0.5431184679163317, 3.9094486234215737], [0.8389993398076621, 1.191896051109226], [0.49795142446096485, 5.082474159190691], [0.6435133064375443, 1.922188483737706], [0.4313482285904884, 7.240533778371349], [0.606074373107069, 2.5670740377695513], [0.8183933056812657, 1.2219063780923247], [0.8286853168266823, 1.2067306849713952], [0.41439551277256614, 7.892552680242977], [0.441634506651187, 6.867155307723774], [0.7181374076145269, 1.392491171462228], [0.6019782703236254, 2.6623013122623775], [0.737298830404936, 1.3563021650946936], [0.41170617347791183, 8.008161137146342], [0.6507159127801426, 1.8119245644501898], [0.5872984977739811, 2.922130218195486], [0.5785484184787809, 3.12835629237072], [0.4178442196497072, 7.763725700800671], [0.5237319505214778, 4.4055996506017], [0.7274828979882038, 1.3746027607871205], [0.6306772408761333, 2.1074420307352844], [0.6880472576384485, 1.4533885411188932], [0.4485266205388905, 6.609832725600758], [0.3980115735759325, 8.594914436249558], [0.5074783252430443, 4.8091376865012805], [0.563384195202606, 3.484382732301719], [0.5734539261655567, 3.2205718271443127], [0.409066492817441, 8.122768243125112], [0.5296559843874528, 4.296534655021809], [0.5970376595422747, 2.753704309753119], [0.8491362235914118, 1.1776673426679545], [0.439374381245504, 7.012149369501898], [0.8592032593681423, 1.163868955449959], [0.42465800637660484, 7.499855073208076], [0.4343592227067055, 7.116713709477202], [0.6773806699707874, 1.476274780682959], [0.4068156159391796, 8.240048715893378], [0.5540487579881855, 3.6628255905812694], [0.7081752462535073, 1.4120798563496069], [0.7563266975519913, 1.3221799564086631], [0.9594963464945931, 1.0422134525612132], [0.4009049705948843, 8.462883102976672], [0.5329695128035592, 4.147514817177129], [0.869222837179613, 1.1504529761835556], [0.48481895355690086, 5.448608746360678], [0.9295361977356565, 1.0758053343549103], [0.8793191360748913, 1.1372435319260814], [0.5580242602429712, 3.549667823950345], [0.5140532634946694, 4.68724336617358], [0.9898212092973455, 1.0102834639296931], [0.9395121374115727, 1.0643822045291251], [0.3950897471818464, 8.725167599052304], [0.7762590953284071, 1.2882296723066882], [0.6668224343089137, 1.4996496046753245], [0.8894853068405854, 1.1242456646664105], [0.9796510689290954, 1.0207716111545195], [0.9197660557136058, 1.087232991245958], [0.7974203552238044, 1.254043734210095], [0.5373683218219923, 4.02693446576763], [0.9695030749759451, 1.0314562437306467], [0.40377953226288965, 8.347415839674149], [0.9494897896721398, 1.0531972127317992], [0.7661077726760409, 1.3052993791029759], [0.44516076157374146, 6.7464125425836485], [0.593117416494897, 2.8130008740449846], [0.8995723711762632, 1.1116392988953403], [0.9097088071810826, 1.09925285113893], [0.45554752221497946, 6.379039904803003], [0.48198804672352963, 5.595425696503547], [0.7868435495651862, 1.270900677209091], [0.6980840500538059, 1.4324922621035725], [0.7470385658505974, 1.3386189759311478], [0.388959971080724, 8.997784871507346], [0.6387814084034731, 2.035928084349819], [0.3918894802821384, 8.87039717200359], [0.6218552663225925, 2.2939505459782628], [0.5183023839128699, 4.53004833167937], [1.0, 1.0]]",18.87
CONSTR,CCPSO_strict,2,100,0.024079,0.011843,5.453882,0.045678,0.570586,70.0000,100.0000,"[[1.0, 1.0], [0.5366120466154605, 4.063338378078485], [0.5133151586502547, 4.638468281325446], [0.5993502100803562, 2.7419380369130653], [0.5417528367179814, 3.9427938595090066], [0.433820728101311, 7.151161919894567], [0.6668038049759765, 1.4996915022643398], [0.47930215914645585, 5.640017782894734], [0.6430788368903226, 1.9062321257310433], [0.5927163070869036, 2.8324488156214054], [0.45821466534833566, 6.313251066349981], [0.5061905467344068, 4.882071753362711], [0.4432113958388829, 6.811602203166278], [0.6379960648340408, 1.9741859225370708], [0.5682782935342465, 3.3281001340912537], [0.9208161801767186, 1.0859930804083882], [0.439975211619289, 6.916813427426404], [0.3991152325461959, 8.542103047605966], [0.5228528880774629, 4.39880375506435], [0.8814272243162192, 1.1345236139895332], [0.5636366147552118, 3.44314998951232], [0.6342407220022069, 2.071081260118092], [0.5576497921518131, 3.5646250449225727], [0.7825238068401571, 1.277916392138937], [0.812324038562991, 1.231035833642212], [0.6097262758005304, 2.500791259237614], [0.5915808527790292, 2.9658339856998857], [0.501652352350415, 4.9689836401631915], [0.6267637838470104, 2.1715758360337603], [0.40302176728361117, 8.411336471345049], [0.4872198573490635, 5.371156800968958], [0.8221494578531354, 1.2163238574787638], [0.8716619407787918, 1.147233753382124], [0.46433411042088574, 6.0813368518841076], [0.9011021586369785, 1.1097520857264573], [0.43733404585848523, 7.040648557813948], [0.46804370850928817, 5.958915896438215], [0.46194014115372234, 6.199070674239071], [0.38897067674661717, 8.99803505208118], [0.7524270976954637, 1.329032411329687], [0.42842941963342274, 7.38162769504097], [0.3957678348115323, 8.68997173988242], [0.7426031334009897, 1.3466143018009884], [0.6229928650860665, 2.2871205566993744], [0.519621432699439, 4.514160801009593], [0.9501202770276068, 1.0524983248736033], [0.5111579780306401, 4.777443070284913], [0.6035407851312523, 2.6031720640199536], [0.5747840568293118, 3.196329635272591], [0.8912350239188986, 1.1220384894691917], [0.6764525651588474, 1.4783002556360707], [0.9305694682097743, 1.074610799260152], [0.5287774507452239, 4.273610936094539], [0.6500056489226718, 1.8107398101770646], [0.6620346349196984, 1.6340777704942755], [0.792494456635422, 1.2618384792816772], [0.4246340854321361, 7.492163785364208], [0.533790157603847, 4.183082081755248], [0.5525756038205358, 3.6942396097947894], [0.6953525766958608, 1.438119356300866], [0.8518563414165135, 1.1739068565682627], [0.8024784270242334, 1.2461394179881196], [0.704718579518161, 1.4190061523335067], [0.8321231310960207, 1.2017452257130052], [0.4730431112977208, 5.867570559325043], [0.6551914619929057, 1.7054546156481338], [0.9898698641773408, 1.0102338056640183], [0.49632906938593707, 5.1188206756655905], [0.48374501273289483, 5.5018637258079695], [0.8618373307780052, 1.1603117714769577], [0.7623787440020731, 1.3116839994128704], [0.6157603637169718, 2.3949227681334615], [0.5480975487310913, 3.807002112105171], [0.4120605397241139, 8.01340863128032], [0.4149314621068844, 7.873888839732272], [0.39227243159836156, 8.845123856640809], [0.7724458447308641, 1.2945891376351704], [0.5830480833767273, 3.038044584360318], [0.4216171846369512, 7.622104780381084], [0.4761026035036039, 5.74679666147457], [0.450687320293438, 6.550822981044193], [0.45484475158121773, 6.418770069247014], [0.40565079586959685, 8.260727108645325], [0.7328480898670211, 1.3645392733185058], [0.8419705917198804, 1.1876899381453636], [0.9698553313730314, 1.031081613568379], [0.41833154659763766, 7.74931960170935], [0.44672397466772734, 6.672786562201994], [0.9403332339230444, 1.0634527887821508], [0.7139457185763695, 1.4006667089397664], [0.9109408981528125, 1.0977660592775884], [0.40888665263158663, 8.138103325943725], [0.4920333561497054, 5.254026998710912], [0.7233570852120665, 1.3824430843956275], [0.5795569823699478, 3.1296750329484317], [0.9599542631423438, 1.0417162966978961], [0.6858412756365023, 1.4580633092867432], [0.9798697481357358, 1.0205438038091932], [0.43114481108686104, 7.240177757140918], [1.0, 1.0]]",18.31
CONSTR,CCPSO_strict,3,100,0.023402,0.009770,4.565645,0.044425,0.542670,71.0000,100.0000,"[[1.0, 1.0], [0.5213395137517183, 4.442265496786281], [0.7124515904014712, 1.4036041374214538], [0.594427680796311, 2.8019256100743637], [0.4971054701348163, 5.1146586717613705], [0.6330444116056432, 2.1008812844658813], [0.5162837776694682, 4.565641203314974], [0.6113055607434492, 2.46013893942443], [0.6492470550575343, 1.8052963891641267], [0.5779451428835906, 3.1447857217834283], [0.723049865801487, 1.3830304759015744], [0.49987041633947504, 5.0042439466538795], [0.5846464538275983, 3.0324076424312256], [0.44005145831221365, 6.916524106635591], [0.43693388408268646, 7.056796986742543], [0.4226340042029906, 7.58341058488907], [0.45842837186138785, 6.274687841542551], [0.39900513555220446, 8.545018816565191], [0.6560755851383243, 1.6894614366780536], [0.6201414746777021, 2.2963028126202114], [0.5391914961405143, 4.017619194461322], [0.4166204392765182, 7.815398092456291], [0.8352237611652049, 1.1972839453285176], [0.40451584656289274, 8.306417191465215], [0.6616676244006477, 1.5915591209100328], [0.7336328726733756, 1.3630795964144522], [0.39150418789386426, 8.88193499961803], [0.6170523546071585, 2.3708307317249586], [0.7660291392273235, 1.3054333690343394], [0.645172736902116, 1.9234921486459777], [0.7018974491899568, 1.4247095514509653], [0.3940072102559234, 8.766814280489381], [0.4441573189290526, 6.784957693655074], [0.5346228617601356, 4.117069394076651], [0.5492314072105616, 3.7791720388535066], [0.5551610164400529, 3.6502509861104544], [0.396573947243229, 8.656282430993585], [0.42912994902235746, 7.328559233979551], [0.8539518049584884, 1.1710262736064023], [0.7552032573369708, 1.3241468310481628], [0.5122354428850427, 4.686855274526964], [0.816750011615834, 1.224364843315557], [0.4882766493897801, 5.343522587186006], [0.4822035866245633, 5.527426756190153], [0.4626889916897593, 6.152742902461081], [0.5428333562111253, 3.8971834828281753], [0.448047195973986, 6.642578563972129], [0.8636270515194822, 1.157907221920134], [0.8829614412073773, 1.1325522874844705], [0.6386825368908176, 2.003014288192592], [0.8259670620220109, 1.2107020315700572], [0.45147738481993527, 6.53233845713386], [0.49375602737049484, 5.241239242447287], [0.5994338576572381, 2.6839782629810536], [0.4731417355539634, 5.798600031224986], [0.4257372206426959, 7.447084415666643], [0.7444815814398568, 1.3432165750373037], [0.5036750184341965, 4.909132349014403], [0.9905633940432471, 1.0095265038194425], [0.47761228400239664, 5.667650857799668], [0.38892468154852033, 8.999303645018378], [0.6057081241734918, 2.5747981864523846], [0.5887181539057491, 2.909878336830766], [0.892994199560893, 1.1198281024576917], [0.9029860771965786, 1.1074367869597856], [0.410400223735324, 8.060477831274003], [0.4666525424030068, 6.024389847515313], [0.6792644342800189, 1.4721807142161687], [0.5248172764121095, 4.347884668729241], [0.6679235193081337, 1.4971774029395561], [0.5084681322904476, 4.8095417565826395], [0.4695841421388519, 5.915315409552643], [0.40759589610760005, 8.177658792427252], [0.7866633445914961, 1.2711918088916254], [0.45575454099142665, 6.397871532061457], [0.9427136024379519, 1.0607675516868535], [0.6267488022283938, 2.218945278301402], [0.9524861625031861, 1.0498840186527696], [0.5721923566817193, 3.254266836479588], [0.4863454260268948, 5.426645045581473], [0.7968951969461763, 1.2548701558651028], [0.4197928660068628, 7.714282012625843], [0.8733078415457394, 1.1450715915135008], [0.9329071727457869, 1.0719180098666639], [0.530081892538176, 4.2291931092174], [0.6906302768555596, 1.4479527375385295], [0.5596219231229571, 3.5471617049503603], [0.9811349266386324, 1.0192278073577496], [0.4134420893928242, 7.9365601295787105], [0.4330322519724996, 7.186625171595792], [0.9230302625575698, 1.0833880974055599], [0.9129947077372196, 1.095296600873422], [0.776318249883816, 1.2881315106912148], [0.8444984208625868, 1.184134837077115], [0.8065402176233467, 1.2398637763492146], [0.9620428460408824, 1.0394547437417403], [0.9715262632363989, 1.0293082522223824], [0.40212848553103814, 8.425125905248803], [0.5659573109043768, 3.4132636904775593], [1.0, 1.0]]",18.46
CONSTR,CCPSO_strict,4,100,0.024295,0.011994,3.018734,0.045060,0.569461,76.0000,100.0000,"[[1.0, 1.0], [0.519926372340062, 4.470701860890814], [0.6114417933338303, 2.5007829058896123], [0.665097454095998, 1.5249244790227972], [0.49518523540186393, 5.141477800475368], [0.5770201021601743, 3.1823930286123683], [0.6339074648826732, 2.0491626646722394], [0.516697375075504, 4.581844158317559], [0.42805013311367757, 7.3681700972586235], [0.5513989680664236, 3.7358123990709062], [0.555540754900646, 3.6210978314055153], [0.49271418488258384, 5.2587048708122435], [0.4536641289190536, 6.4660286150206385], [0.4317645837429133, 7.216356737573215], [0.488365221928175, 5.347903776847875], [0.6552685767161281, 1.745176044657063], [0.6399116656434078, 1.958632823960574], [0.49961012960946494, 5.028739496029189], [0.5394817538775996, 3.994387550022179], [0.4807033763640245, 5.56431281731788], [0.4393424461107753, 6.945646208508084], [0.8323281625138504, 1.2014491940050862], [0.38901132066932537, 8.99961345494295], [0.6294392122135664, 2.16442181211995], [0.47762841234128756, 5.674727263114569], [0.5599975124361012, 3.5064036643497207], [0.6735187125523732, 1.4847397427317055], [0.4565274039265027, 6.333645496378623], [0.9170343475797096, 1.0904716956777663], [0.4602363605940667, 6.21109169307624], [0.5895767200578985, 2.8755663092623784], [0.9474782232579656, 1.0554332283874925], [0.6460642136715238, 1.8353889029836206], [0.41240856375994633, 7.982483078467826], [0.8594210598460152, 1.163573999663416], [0.7648800874484575, 1.3073944745193624], [0.8414463675622808, 1.1884298733109495], [0.54369643366447, 3.942160610438642], [0.5044592305544904, 4.891020567678583], [0.7456288046160947, 1.3411499043614263], [0.5664722868523483, 3.4020552835838], [0.5351848821021808, 4.14138407367533], [0.6046150028175477, 2.587799165528132], [0.794429156667143, 1.2587654816135971], [0.978863307869221, 1.0215930988125288], [0.5710589095601719, 3.3047854797920486], [0.6834210509728786, 1.4632268037053555], [0.5467420130651205, 3.824571111929443], [0.40683719068994656, 8.262483120397203], [0.43565988400082245, 7.089766676593016], [0.7144708758252278, 1.399637177435652], [0.4728830311582918, 5.839809491806001], [0.42183884926124, 7.602567395147274], [0.9270935781903843, 1.0786397657417965], [0.6226169602911236, 2.2562714216390938], [0.6936868180402249, 1.4415727299318708], [0.5300597086601667, 4.262224478916277], [0.4092379630717507, 8.122611744983471], [0.5995323091539511, 2.6809772967711174], [0.40012929722762897, 8.503709734305751], [0.6169811739252554, 2.369079443464446], [0.4026699766971134, 8.385123993369003], [0.9372063200365797, 1.0670009139086571], [0.8686485598779732, 1.1512135588418853], [0.8778774856853956, 1.1391111132315441], [0.8137247184096609, 1.2292669784516272], [0.75521079846033, 1.3241336088397158], [0.4254147432842863, 7.491742830654161], [0.9894253685064747, 1.0106876494479695], [0.8504529689967595, 1.1758439754518752], [0.41571375561054313, 7.8563471808003005], [0.7747498168481877, 1.2907392531800368], [0.52495517557196, 4.362525489195632], [0.4851447116198485, 5.439142247487925], [0.8971896007854832, 1.1145916082002143], [0.5975589215681116, 2.7945728185657384], [0.5107309125903123, 4.738937752714361], [0.5888159323772129, 3.0327578750910194], [0.39514915003643314, 8.741064557246478], [0.4429860821243008, 6.816350071747226], [0.4650613047583956, 6.08941508465705], [0.9070989330983744, 1.1024155839146494], [0.9578836903399652, 1.043968083061407], [0.804110255532495, 1.2436105535524895], [0.7040416977436722, 1.4203704172704845], [0.3977956666306926, 8.62310625915027], [0.45013276278787473, 6.554260366502862], [0.3921374308342215, 8.873954616189712], [0.7845862705481227, 1.2745570978464693], [0.8874491660344996, 1.126872538772209], [0.7347520146746496, 1.3610034134343993], [0.968396339029823, 1.0326350479617041], [0.4187164507842426, 7.73345304916584], [0.6577606720231621, 1.6434770583355265], [0.46859021318762667, 5.951893471418901], [0.5821657582786095, 3.076244081392316], [0.4468199296237716, 6.6897626471885125], [0.8232715447773087, 1.2169024261839585], [0.7245972158312918, 1.3800770664744457], [1.0, 1.0]]",18.55
CONSTR,CCPSO_strict,5,100,0.023499,0.011637,5.283845,0.044185,0.548007,74.0000,100.0000,"[[1.0, 1.0], [0.7236705965363224, 1.381844177152233], [0.6025826081620664, 2.6292025843697626], [0.5639074350826287, 3.4170868793845597], [0.6276266320445729, 2.1769195009796936], [0.4848721659933384, 5.461949080834665], [0.5926587467017336, 2.8612967698828866], [0.6391849564769011, 1.9968553470215575], [0.41076083959975856, 8.05030041300875], [0.4604115954763051, 6.23047105805563], [0.5965190276252861, 2.74632638175627], [0.43653824541520236, 7.048156492659618], [0.4812199623306946, 5.55862153128775], [0.4455929685232184, 6.717091850587325], [0.42955220323271415, 7.312103749855257], [0.5688345585155552, 3.3239702308547807], [0.9721520640830978, 1.0286456583756445], [0.9164712792686994, 1.091141667634094], [0.5425498355830051, 4.012215604403539], [0.4260591029854684, 7.441244262077845], [0.7955417301507919, 1.2570050848375407], [0.4531434338035591, 6.484214851704615], [0.9072837390161481, 1.1021910313133052], [0.4426707804742965, 6.828000469755278], [0.41689639917815663, 7.806132795276824], [0.4198291561398854, 7.682071489698156], [0.4981809230603084, 5.074571858162069], [0.9442484846794365, 1.0590432669208791], [0.9628648611917722, 1.0385673424225539], [0.5122096498489299, 4.668999105525935], [0.5256089277311988, 4.345416581260961], [0.5307925901563689, 4.213632927085274], [0.405552049435079, 8.286378697167432], [0.4491467573736476, 6.586564160799317], [0.5041808139652384, 4.952991103752288], [0.4397947812685811, 6.9467591448035995], [0.7137034006331218, 1.4011422659789856], [0.6427320796043982, 1.8979331076934292], [0.5167709531802397, 4.547297295322966], [0.9814433901149094, 1.018907468400106], [0.5227696087867334, 4.460088441480196], [0.5358774232032021, 4.0875086150730064], [0.42321145472086374, 7.569715472259866], [0.4566482284350312, 6.346282951822217], [0.9256893665745448, 1.0802759933393606], [0.8595340537043358, 1.1634210368865525], [0.3947360666615037, 8.739984136828872], [0.5540746377165386, 3.644955422254743], [0.5583852595457159, 3.5407613143600565], [0.662004324328597, 1.5754295622012136], [0.6088590560229792, 2.497600595374666], [0.7036791394427693, 1.421102238147747], [0.40238002540078976, 8.397736472804551], [0.47008908852443954, 5.935239632730787], [0.8173377529067352, 1.2234844119749209], [0.5738420980361294, 3.2085670369748716], [0.5092359749986783, 4.815210350082496], [0.5782235713466993, 3.1109432902107077], [0.397410072848568, 8.630903267101651], [0.3998859320760363, 8.516661672045872], [0.5506165980020833, 3.7561465331035535], [0.6207971266113421, 2.2792559229589955], [0.4732731266960407, 5.807177936865016], [0.7738597458700873, 1.2922238239380863], [0.7845693048317366, 1.274584659177389], [0.43327663309856335, 7.176526580559235], [0.8693256463335594, 1.1503169200374666], [0.4141146021691505, 7.929423589629219], [0.9349786450755235, 1.0695431443990084], [0.6352107290181922, 2.0991857642552922], [0.5878491900165588, 2.925582328448817], [0.4082193572583276, 8.164708842632747], [0.39203101479477187, 8.863129443931763], [0.7429075319292506, 1.3460625407890374], [0.6490490253911059, 1.8039892628170013], [0.6541072241376013, 1.7026953526100501], [0.4652192030476389, 6.091320301069086], [0.806424967837406, 1.2400409708068751], [0.9907203112392554, 1.0093666079674262], [0.8885003406084845, 1.1254919714663876], [0.47726322374359653, 5.677092336863159], [0.8789183950782032, 1.1377620557264856], [0.8491107899652806, 1.177702617630014], [0.8282020317081278, 1.2074348549200573], [0.6162815812597785, 2.4172313925842683], [0.680916165993757, 1.4686095733100402], [0.7332530744592428, 1.3637856216797684], [0.4894676560954965, 5.311059842034631], [0.6920801957992259, 1.4449192536786624], [0.5442364797307868, 3.8787633697960913], [0.7531852862716442, 1.3276945503677027], [0.8385504054021685, 1.1925341560360945], [0.38901513375058894, 8.997570533773699], [0.4940970627950476, 5.201276821350254], [0.8980583164724331, 1.1135134341030248], [0.7635236715063206, 1.309717088439637], [0.5859851266833755, 3.0038881766518704], [0.669243387477815, 1.4942247001777802], [0.9535372490018145, 1.0487267288685616], [1.0, 1.0]]",18.69
CONSTR,CCPSO_strict,6,100,0.024172,0.011002,5.726132,0.045282,0.572338,70.0000,100.0000,"[[1.0, 1.0], [0.5161499765357315, 4.563486048310136], [0.47786456624285967, 5.66011626920546], [0.43802663441279743, 6.984558543270495], [0.4111583975632104, 8.04295553495243], [0.5881448210485476, 2.907277860721245], [0.6540744972195462, 1.718918381360335], [0.5617740394785184, 3.517587274376338], [0.4977683658873423, 5.0787206906764855], [0.4735690471048568, 5.803120095922368], [0.3889140747959557, 8.999588525052145], [0.638761653712549, 1.9825785793229718], [0.6630700097636038, 1.557642503578983], [0.48225817790475134, 5.533472077203762], [0.528118504938567, 4.296150976863581], [0.48610677423487547, 5.4038194553281045], [0.7374771187026983, 1.3559742731531899], [0.5727164127064626, 3.263221684395933], [0.508349789776402, 4.801397104258765], [0.5775091158244547, 3.125014848195498], [0.6148305135173837, 2.3899145697067015], [0.4653292169786001, 6.09221213017622], [0.6112933687304369, 2.4758372484709876], [0.5322100676689087, 4.190414307655337], [0.5120582970529428, 4.68713263088722], [0.4529002060387082, 6.4615256831475705], [0.6074285231968646, 2.577344549253882], [0.4696472177069087, 5.944221445766936], [0.5024612137915847, 4.940168229031753], [0.5404724648337238, 3.9852511463138973], [0.6223913524888887, 2.33261773268923], [0.8413422062515072, 1.1885770053726086], [0.550704969835348, 3.7268604886123353], [0.420337337384045, 7.682363114253518], [0.7880178093572359, 1.2690068525426754], [0.7774983059614107, 1.2861764357974468], [0.9294296993060556, 1.0759286051937382], [0.6995431251188585, 1.429504435241346], [0.40569194064981307, 8.25572804840971], [0.6897723676449955, 1.4497536388913002], [0.43410524385286176, 7.139603494507323], [0.9692018293004794, 1.0317768392180493], [0.6700967929350319, 1.492321722090309], [0.6799468871716521, 1.4707031076495696], [0.9101558192910286, 1.0987129662907127], [0.9198074452569582, 1.0871840678791627], [0.4235698836802788, 7.558149341553934], [0.43022417421523, 7.283225237163003], [0.5206146096426556, 4.478095036398759], [0.8093884190667852, 1.2355007514846674], [0.8908886478787827, 1.1224747361873033], [0.8713518300307436, 1.1476420494402557], [0.5459891699412927, 3.865489502980954], [0.6281705233296216, 2.1959577809778046], [0.5247879177814043, 4.3598232695899055], [0.9896842401064152, 1.010423283988513], [0.4565381610658572, 6.3442513982166275], [0.4492622713213308, 6.591128197051682], [0.7185210923250889, 1.3917475919378555], [0.402697953286135, 8.386396013784076], [0.8201605946843668, 1.219273403868962], [0.9793915028211295, 1.0210421441471647], [0.6597403270952882, 1.618220376834827], [0.4427241730013779, 6.849345552917891], [0.7090652634031145, 1.4103074168385608], [0.7279694055429988, 1.373684103185753], [0.3944316268946995, 8.757029473443529], [0.4175884277669912, 7.812170854487061], [0.9004501353241056, 1.1105556662946836], [0.9490674532773489, 1.0536658870207478], [0.4144104409319514, 7.922455296326453], [0.5362466974953632, 4.10095573363752], [0.8614396697127853, 1.160847399021469], [0.8810353862335695, 1.135028190269411], [0.9591039934789964, 1.0426398042329694], [0.5957940070521646, 2.7696934418386117], [0.40022314024570427, 8.511021064394155], [0.8513420351895751, 1.1746160281834575], [0.7471990419589507, 1.338331480428929], [0.6006512293632986, 2.693591965983212], [0.4272437657457934, 7.413877065832152], [0.40875864588692845, 8.148171803943583], [0.4465414274346449, 6.693846987410584], [0.6339846852950122, 2.087766870562948], [0.39200664294827287, 8.883534605928926], [0.49460506938217413, 5.227205396189611], [0.798671247138968, 1.2520796304890653], [0.939202386603366, 1.0647332398893374], [0.6459730793545, 1.8615070613094298], [0.7675114287057552, 1.3029121946578532], [0.4623856746264712, 6.227852297521118], [0.39734821142136467, 8.621342180814187], [0.48962634139005756, 5.307430295166854], [0.5681839269181358, 3.336768259208696], [0.5571341817281255, 3.630628033706075], [0.5633033125453449, 3.441207648885366], [0.8308134633646108, 1.203639618393064], [0.5846614565364787, 3.071670193865423], [0.7575980924296994, 1.319961084897787], [1.0, 1.0]]",18.04
CONSTR,CCPSO_strict,7,100,0.023018,0.009893,5.128203,0.043737,0.543417,61.0000,100.0000,"[[1.0, 1.0], [0.4367502812439286, 7.055847292297324], [0.5103688852274535, 4.7175298827827925], [0.5576372012804729, 3.5619830636124474], [0.5842011384933656, 2.99914120640727], [0.42687608076068156, 7.417825032967176], [0.5016118079213603, 4.962555422372585], [0.4028667025229222, 8.384617189575087], [0.6613387567977642, 1.589885583273046], [0.462042782534752, 6.154023225170615], [0.4396278576458942, 6.938776847441556], [0.537192266287015, 4.034910849684272], [0.6753601612876665, 1.480691425584481], [0.40850618612416795, 8.140667201139467], [0.6321264444494616, 2.0854080632486593], [0.5424943585203242, 3.93616958160747], [0.8595946895046512, 1.163338969178903], [0.9001213401630941, 1.110961328634658], [0.4428264862556452, 6.815384432343251], [0.4693675248463134, 5.960801154819309], [0.6177116559451117, 2.355411221843561], [0.5787787257950434, 3.0974738269367648], [0.4297834155845781, 7.299645045576854], [0.38899132137026926, 8.996511066911673], [0.5652374633740204, 3.449586391141953], [0.4000051916531451, 8.500381240275123], [0.8295147428712912, 1.2055240833195915], [0.4581517602191193, 6.293663235923651], [0.5164642075190047, 4.603996107030749], [0.6115743079695645, 2.459155730867586], [0.7665421901514577, 1.3045596352660176], [0.46589552980524007, 6.067324362377189], [0.4149924639408395, 7.8861137053456885], [0.5518834007268001, 3.6922761665244965], [0.42077185200544764, 7.637243058396474], [0.4178221049098638, 7.7653886263603535], [0.6665785881332557, 1.5104172292316667], [0.4964275271971811, 5.101457010824123], [0.4468382339739066, 6.6931582528318065], [0.4546633217312906, 6.440624478021901], [0.4843268932121018, 5.477909731636226], [0.7983218270625899, 1.2526276572939026], [0.6437888042748869, 1.8897931377288446], [0.7878652780544387, 1.2692525332115265], [0.47283245259452933, 5.842664862992243], [0.7247487974888748, 1.379788422505593], [0.4887828655474003, 5.34754264043824], [0.5900441986049891, 2.904294258416868], [0.7142066858014819, 1.4001549129686472], [0.7771898582579557, 1.2866868878622084], [0.5697948964349813, 3.3504897722276508], [0.5483694067901058, 3.8201440818192105], [0.959702186887061, 1.0419899148543685], [0.42399857942547625, 7.526195464254569], [0.5212102126574112, 4.452844187338466], [0.5323814323515764, 4.154645054380607], [0.5961429912196325, 2.7907809307225633], [0.6274701725238622, 2.1735039897522226], [0.9399672695840608, 1.0638668306424157], [0.8395637897357195, 1.1910947235049085], [0.8088773643982222, 1.2362813499472403], [0.879891415354709, 1.1365038714429005], [0.3974122651420009, 8.626133207796212], [0.43336750339028707, 7.174991084096656], [0.96964849198516, 1.0313015574878082], [0.7353899947538989, 1.359822688823301], [0.6395963237195529, 1.9902563273842218], [0.5256042333572342, 4.3708878423707995], [0.6495540324306378, 1.7882757928348945], [0.9101554332395034, 1.0987134323208005], [0.4923530974406974, 5.227962786837712], [0.8495642448973872, 1.1770740188351299], [0.6942712163477904, 1.4403592954069073], [0.9201936308535413, 1.0867277999657887], [0.4810633961719113, 5.5898887610220855], [0.3917090736301575, 8.876176543904881], [0.9898273649653178, 1.0102771810466553], [0.6847526054083488, 1.460381445943758], [0.41207395108673744, 8.01921591420048], [0.6050445108593974, 2.578519492531725], [0.6556468981535201, 1.6829737658856536], [0.4766069078108404, 5.714342639607163], [0.949772476678712, 1.0528837427432411], [0.40562913754258617, 8.265522140877195], [0.7562003030057924, 1.3224009512098014], [0.9797369127168578, 1.0206821719383337], [0.8193844794372002, 1.2204282911080484], [0.8899695816769261, 1.123633909055351], [0.9300978090631176, 1.0751557419614766], [0.8696921796859647, 1.1498321168773622], [0.5751855708558116, 3.2073355747611627], [0.39459892168357397, 8.751152252411883], [0.5083441780804994, 4.865108052054612], [0.450525472849693, 6.548735314543197], [0.6018260149399837, 2.632020546751145], [0.5285088326799674, 4.257955528726932], [0.7457870067557709, 1.3408654092139183], [0.7040539223077353, 1.4203457552259888], [0.6219187543647255, 2.2698522109653294], [1.0, 1.0]]",18.94
CONSTR,CCPSO_strict,8,100,0.023645,0.010428,3.555299,0.044890,0.556578,73.0000,100.0000,"[[1.0, 1.0], [0.5749484789396091, 3.216722604048912], [0.5549448499274863, 3.630278367747883], [0.8094466175359294, 1.2354119201141913], [0.6520506019688066, 1.7754247129998437], [0.47023791652193186, 5.957266208433606], [0.7909759424434482, 1.2642609545251704], [0.8001850045193007, 1.249710997272106], [0.598203916054884, 2.714786309122655], [0.537360004986001, 4.033843769250302], [0.5823829126774923, 3.0637341424133475], [0.6772219217754085, 1.4766208355724735], [0.4378908907513822, 6.994988984068512], [0.5932269530206709, 2.8490391400651527], [0.5143502512995105, 4.6117622730801155], [0.5868990772053209, 2.9493759289122243], [0.6100910963613448, 2.4947918095706174], [0.7197526083733713, 1.3893662744202944], [0.5018900435543763, 4.965751283571159], [0.6575859889173459, 1.6955044920011242], [0.4645854879688323, 6.074689807237634], [0.46155007234225215, 6.195907998709319], [0.5707960424283458, 3.3051481406414203], [0.6286510062668904, 2.161837906053572], [0.818473309856908, 1.2217869391181833], [0.6409489692776124, 1.9927502292844959], [0.5222769615638383, 4.444869541489853], [0.5076201477253721, 4.852618111605571], [0.5192386770223811, 4.53547100483909], [0.3982383378911843, 8.582669991620122], [0.44930909701217114, 6.591589383804721], [0.5506682971814603, 3.7332864513960935], [0.5337079917200956, 4.12171891262872], [0.52587556050289, 4.320273719590667], [0.4538625680906983, 6.468253328016414], [0.410437175182701, 8.059297212766396], [0.7422469040654838, 1.3472605874443315], [0.43556504945958335, 7.148957276043949], [0.45723455398427004, 6.320442513681807], [0.38889767162828204, 8.99978090691761], [0.7527973537938303, 1.3283787395908826], [0.510806776485571, 4.744495645678251], [0.5293695958652817, 4.253047158187408], [0.48634636132144193, 5.40952936476351], [0.5596385142381577, 3.52840133312096], [0.5668745153770487, 3.4269845035244018], [0.4819264724301112, 5.548349307717106], [0.4234620263608405, 7.534654646748312], [0.577637266314273, 3.1219332936162156], [0.8990304941867346, 1.1123093226160283], [0.8379575864110008, 1.1933778227165792], [0.632678960980501, 2.0694650793312164], [0.42723577207365676, 7.3877110810402655], [0.8885179465697446, 1.125469669870652], [0.49074166150702103, 5.269931766467959], [0.7308215606912029, 1.3683230678829605], [0.6613606159732914, 1.6131034280460466], [0.4983925727145713, 5.062138878573226], [0.44579169433602117, 6.718525078442166], [0.9200423681995678, 1.086906467097707], [0.8477929380642594, 1.1795332976979858], [0.40750416755931873, 8.18839013183565], [0.6166787368370037, 2.399233554697197], [0.39507446636019433, 8.725011798988138], [0.9094936195947426, 1.0995129360507068], [0.4307454247839658, 7.261673651272788], [0.8281410472223605, 1.2075237706838295], [0.9503165848513788, 1.0522809092681376], [0.44199720421184047, 6.857669034789018], [0.3921100571371813, 8.867739871696651], [0.4781770215740372, 5.662281910084183], [0.4141518259457254, 7.918881970696475], [0.4172127967150698, 7.789936914126644], [0.9803741986285422, 1.0200186840891086], [0.5488545185527546, 3.8164649387249767], [0.40122219335054843, 8.464214807525195], [0.960349006699343, 1.0412881077858713], [0.8780443959402904, 1.13889457597313], [0.9403236910667627, 1.0634635812116322], [0.857783898971307, 1.1657947895725775], [0.781864330068385, 1.2789942724622518], [0.771975766142359, 1.2953774507677893], [0.9302683060279082, 1.074958690433983], [0.6874511259597759, 1.4546488648249185], [0.5441398896816203, 3.9271077769145077], [0.8679137118896874, 1.152188272060738], [0.49467416127814, 5.194053772167841], [0.7622013970579393, 1.3119891984716268], [0.9901777360808808, 1.009919697808997], [0.6039310659700469, 2.6098973747264913], [0.6671062831827703, 1.4990115146704819], [0.6459396211708541, 1.8411423651944867], [0.7089923111781817, 1.4104525313373717], [0.4205998445737828, 7.669746313093316], [0.4734105678061906, 5.811508181511594], [0.40473139562455074, 8.32550522412333], [0.6980912827598171, 1.4324774204981106], [0.6234795384851612, 2.281338924347923], [0.9703483599168188, 1.0305577268000155], [1.0, 1.0]]",18.90
CONSTR,CCPSO_strict,9,100,0.023915,0.010357,5.958232,0.043618,0.553519,72.0000,100.0000,"[[1.0, 1.0], [0.5341025959627448, 4.115016356912317], [0.6229878977815815, 2.2615058939141335], [0.4672278003158055, 5.9901374335835555], [0.4269305968833031, 7.402010214223111], [0.5303254870986731, 4.238148157517816], [0.6460704696213716, 1.8561565541699476], [0.5063748275712451, 4.8623005480907135], [0.3889812557299778, 8.996402899712585], [0.5405587406193163, 4.010987060391569], [0.5614617114966045, 3.504611742736599], [0.6509771805814613, 1.7597233379634427], [0.6768949061430058, 1.4773342079024785], [0.5754556552581638, 3.231945363910916], [0.5014743494588867, 4.992594587881125], [0.6413344754120359, 1.9632530413988378], [0.5497195451665261, 3.768303392421266], [0.7334396978373823, 1.3634386070846676], [0.661767925906888, 1.5794753487855306], [0.7642221527857348, 1.30852003747184], [0.6287940734751897, 2.1452569787285394], [0.667120785417183, 1.498978928343016], [0.524263991148243, 4.354426391615974], [0.47905603304718725, 5.640668751425961], [0.46132778326846663, 6.1974315887739255], [0.6079774141046879, 2.5240758430350514], [0.7239755991256429, 1.3812620221009053], [0.8466284940539278, 1.1811556155069627], [0.6174591413853018, 2.3722500168941174], [0.5575378785625608, 3.6373324407117824], [0.7146392215882401, 1.3993074684280045], [0.6353210014587809, 2.0351090924797868], [0.6865870537262071, 1.4564795455621478], [0.4178054001946714, 7.764002648579059], [0.9386177236269763, 1.0653964599515895], [0.5813254426000716, 3.098544220242372], [0.5445214288650206, 3.858584237358693], [0.45334972174730276, 6.452010023908537], [0.8161308723319638, 1.2252936800965015], [0.7434647173709026, 1.345053741805364], [0.9896644376643866, 1.0104435017994637], [0.4244667859041916, 7.514352447363572], [0.47134369001462634, 5.871237039925178], [0.4210412018673413, 7.640629226338792], [0.6133386697688361, 2.467502857082309], [0.7958781905648671, 1.256473681343447], [0.8261899723801402, 1.2103753778554547], [0.4145552248284826, 7.8857620681984155], [0.6047431307371204, 2.663448301224261], [0.4047909328332438, 8.303599548073983], [0.4500155135843062, 6.56101423939338], [0.496614275207965, 5.110193647343425], [0.4080102781533276, 8.160899917333953], [0.5208573692377924, 4.44117471973641], [0.4656582506981706, 6.0993335021279895], [0.4575331124171736, 6.3125219880599], [0.44120955403503864, 6.8953860898671735], [0.4443161556907147, 6.780131523898078], [0.3966361242332664, 8.676886013963541], [0.431000392768085, 7.278996536184071], [0.5120665538684883, 4.699474091483695], [0.9185614584307691, 1.0886587836031756], [0.5671004230552403, 3.3554055996174856], [0.9792954530228335, 1.021142288482252], [0.8778558664654084, 1.1391391664629318], [0.3936985238182005, 8.786494049009976], [0.8571135088450158, 1.166706614328746], [0.4752864089054438, 5.741013518622343], [0.5997237423021904, 2.733991004791875], [0.8982570542424906, 1.113267071243109], [0.4883579197060813, 5.359855534204706], [0.5880806576752258, 2.94174441981579], [0.8060789602919572, 1.2405732555503068], [0.8674567564812815, 1.1527952172006382], [0.39147242556395323, 8.895214795136479], [0.7537107860754342, 1.3267688594546878], [0.5951514646157088, 2.844816831423463], [0.7054294031598989, 1.417576295403342], [0.656156662223464, 1.6790192783919788], [0.7851008169008474, 1.273721767285198], [0.5084691603410573, 4.773591029884698], [0.49250581969513324, 5.254057837855168], [0.5178021777996978, 4.585347356878239], [0.969020631800424, 1.0319697715228384], [0.9588825743764025, 1.042880564025619], [0.40180805796686003, 8.430520722862344], [0.9083989529467625, 1.1008379047070587], [0.9487058343862588, 1.0540675136112394], [0.8364164240408054, 1.1955767142506686], [0.7746523803303704, 1.2909016035986673], [0.43529380928512074, 7.111589304454097], [0.438495511549289, 6.97256881556193], [0.8880836309112199, 1.126020078732842], [0.4114382687884297, 8.024763652776763], [0.6960863057420704, 1.4366034667697407], [0.399132872222832, 8.546326322560905], [0.9285709706092327, 1.0769236080510927], [0.4835759673968526, 5.505614841663702], [0.4476988894746694, 6.676581966881128], [1.0, 1.0]]",18.52
CONSTR,CCPSO_strict,10,100,0.024894,0.012647,3.813236,0.046006,0.560861,67.0000,100.0000,"[[1.0, 1.0], [0.6481185024391836, 1.8267891390875877], [0.5948648857516592, 2.8466144232646604], [0.5070006670749311, 4.830889275502447], [0.43654277404761477, 7.036952053223098], [0.5988319121496457, 2.7182596167787976], [0.447116020265681, 6.673541712590066], [0.4403526294869155, 6.913611802128791], [0.625104899087348, 2.2058495696178966], [0.4437540932134883, 6.7807933543418555], [0.5845125952854241, 2.9946268126427156], [0.5580556419644214, 3.551557865903983], [0.5229790238023985, 4.386398854568947], [0.5306694591228676, 4.2167233552985905], [0.7524963629947337, 1.3289100774125582], [0.7430388824715051, 1.3458245908663458], [0.46519313352161723, 6.059111538979779], [0.4988144626941377, 5.06401828452878], [0.4568638352954877, 6.336792629262219], [0.5389255121863247, 4.000023099664232], [0.8381432102216714, 1.1931135249971432], [0.5653063439491988, 3.467256275448357], [0.630843491947876, 2.135028047454872], [0.5107553555919666, 4.734839129462088], [0.6538641264538283, 1.7353464274720227], [0.45343146284451474, 6.440946186138703], [0.568327141279408, 3.342484566342864], [0.612585540672921, 2.546768103923368], [0.5272423261120973, 4.300380038126872], [0.3923162433644567, 8.847520348621392], [0.5891446689975273, 2.9283017813530883], [0.39891726260726873, 8.547945896213076], [0.8197668800384863, 1.2198589920503402], [0.7336077880617173, 1.3631262048650328], [0.6201431035149318, 2.3073137452532744], [0.6640513774021481, 1.5658100846018406], [0.6149107787116579, 2.42014738168694], [0.7815604830234806, 1.2794915066988575], [0.7718203879511526, 1.2956382282859422], [0.4096924488082398, 8.102426113225519], [0.4507222124083661, 6.571040087533246], [0.6832459165822883, 1.4636018682733871], [0.6588051699275026, 1.631628510828364], [0.5547267717277846, 3.6271509970129987], [0.6047686481399273, 2.603253232782891], [0.6363669346490795, 2.0155331234546217], [0.41276692955197497, 7.9707050484061766], [0.8289754308822923, 1.2063083690377692], [0.4699172691019698, 5.898315838848877], [0.3956392971080371, 8.698842422269202], [0.9691661938951538, 1.03181477676282], [0.49430964629494106, 5.179522935273408], [0.9897254599484706, 1.0103812021285825], [0.40240034048782036, 8.400075741057679], [0.4192905021913551, 7.717334790794425], [0.979477215708995, 1.0209527939617764], [0.5199892615703572, 4.496316474173403], [0.49050599883121326, 5.291731997464862], [0.9175550083557026, 1.089852914423128], [0.3888913954934838, 8.999892403692652], [0.7146482623234586, 1.3992897663373702], [0.7621891135357418, 1.3120103426314633], [0.5147615249655398, 4.601624416640458], [0.5366456517070515, 4.121647578355594], [0.4156988906050584, 7.842285793767311], [0.47931828700447904, 5.6440525147326], [0.8567433435884863, 1.167210702579235], [0.9072308561105651, 1.1022552785375381], [0.9280050116234229, 1.0775803874707868], [0.4860108210147243, 5.429688953015389], [0.5432787865083599, 3.8874297150687416], [0.8865149640327847, 1.1280125441436073], [0.6441579629460481, 1.934305801032237], [0.6718624570014509, 1.4883998794381816], [0.7912890688877561, 1.2637606651202828], [0.5788258536220574, 3.0967781453687064], [0.5038519174958651, 4.932622681201932], [0.8472898921136328, 1.1802336004568867], [0.46039447151683593, 6.205469136783028], [0.5485607546353812, 3.782126478566447], [0.4306260611123063, 7.257326916994809], [0.48295976942086466, 5.545794107840876], [0.406599199343889, 8.250450644334498], [0.9486217823260924, 1.0541609086267494], [0.9588992818458246, 1.0428623933006382], [0.42931117738286817, 7.43478817376889], [0.8764217176030744, 1.141003217874267], [0.8968698307657708, 1.114989004754652], [0.7044995947440854, 1.419447232419285], [0.8006691115320181, 1.2489553869345325], [0.5726896153277967, 3.2232361117179678], [0.6942232772589474, 1.440458758381559], [0.4227802385889832, 7.560866942559276], [0.4358873988204327, 7.168335329825023], [0.47624522837635264, 5.736346845073255], [0.8101602129218168, 1.234323759733315], [0.9382623997081287, 1.0657999300740137], [0.8666992983928867, 1.1538027108759539], [0.7241717186640575, 1.3808879499530677], [1.0, 1.0]]",18.81
CONSTR,CCPSO_strict,11,100,0.023470,0.009664,4.533978,0.044144,0.555066,70.0000,100.0000,"[[1.0, 1.0], [0.5424133634864708, 3.9060905496083764], [0.44192775753827745, 6.840310705900269], [0.5625246393626473, 3.4473008357794677], [0.6518000049449535, 1.747743765500187], [0.5961463192513663, 2.7460467476287844], [0.4324904382070919, 7.205201231124989], [0.4922623743463709, 5.234050640201886], [0.5499446904957592, 3.782764572901867], [0.5286145363029942, 4.278496420965702], [0.6443364185986964, 1.8690056626889717], [0.4266043149020405, 7.426405287176671], [0.8994118947893508, 1.1118376416782967], [0.44537638370866456, 6.7212570221208425], [0.507959022695504, 4.811073072985268], [0.6199186100058339, 2.345118122663167], [0.969400243601227, 1.03156565783922], [0.45980673987251724, 6.24416693596], [0.538807981158789, 4.048627458228143], [0.4060372869220384, 8.24216134182471], [0.6319191215206967, 2.1185009974332796], [0.5794530523512792, 3.103617793673558], [0.6574070396055874, 1.6589736022162118], [0.4808121121672559, 5.577389574820875], [0.6368706614142221, 1.9912487648129027], [0.5342736488928218, 4.16514293643771], [0.6022954851050786, 2.6367435169167814], [0.6246725011714981, 2.216594746366285], [0.4490927269966547, 6.606857222220836], [0.5236902510072154, 4.420477053115244], [0.4087798406127449, 8.127424071713342], [0.7684015434612192, 1.301402903871795], [0.5747161164912327, 3.230761089645986], [0.9591918706099355, 1.042544281952802], [0.42919877844663934, 7.313980573065088], [0.5682720164205508, 3.341902968024605], [0.8089607986921123, 1.236153842827428], [0.663610199199776, 1.5819295209799544], [0.7587501861633011, 1.3179568430244526], [0.4033834547307152, 8.37044824387785], [0.5603358231208582, 3.601005416480221], [0.4963345717275514, 5.1487892680117415], [0.6074560355950707, 2.5397502989909766], [0.45623173365986963, 6.385250454421635], [0.9898388476069737, 1.0102654613097797], [0.5002941759045592, 5.0351780261252905], [0.47721036472575745, 5.6882335537854685], [0.41812415593324614, 7.746296674935866], [0.4117336482087361, 8.004411683495055], [0.880014609471864, 1.136344771139816], [0.3892679994921802, 8.986307947068024], [0.3918886675094263, 8.862261343405157], [0.5140498427933888, 4.633749538333659], [0.7882963635289981, 1.2685584334339177], [0.9796267901971791, 1.0207969096054632], [0.9389115054867078, 1.0650631014278875], [0.9189381357704711, 1.0882125369207403], [0.6988631726320137, 1.4308952584149828], [0.40028953917884835, 8.498736213854484], [0.9289042013094817, 1.0765372775688753], [0.8896827286557177, 1.1239961930147482], [0.6886464098151507, 1.4521240301948632], [0.7984944190302179, 1.2523569059061344], [0.47351791122225334, 5.833971330194516], [0.7194582784019667, 1.3899346633708376], [0.6146211626289322, 2.441849013606547], [0.43897271166293866, 6.9731098850732085], [0.42387769050130797, 7.532514118582132], [0.8194395084578987, 1.2203463339007143], [0.8298486293515922, 1.2050390452308835], [0.9091507800547274, 1.099927560904478], [0.8702201511275686, 1.149134502004202], [0.45398883762714753, 6.500821806975887], [0.7491091793240178, 1.3349188978065674], [0.7394632841997715, 1.3523321865563276], [0.5181623800237074, 4.5390585999985475], [0.48782547782301316, 5.35391843174384], [0.678498758616466, 1.473842048051953], [0.414958535882623, 7.87144527504727], [0.5121217855484189, 4.702355067362865], [0.5542855965173665, 3.6336898692037494], [0.4693092033825066, 6.010877882518317], [0.46414049717893346, 6.101674866683274], [0.6685121746328518, 1.4958590702543328], [0.4355298044632809, 7.074910430100856], [0.3975867321656091, 8.611694031338551], [0.7783572448965449, 1.2847571042175046], [0.4210568762441174, 7.637681385289034], [0.5880206543556578, 2.9972022706189065], [0.709348966262315, 1.409743366892006], [0.48477688706975586, 5.469621810253234], [0.5909608208369915, 2.846213965616256], [0.949022847665297, 1.053715411025259], [0.5038752530947692, 4.917390344391784], [0.8603013160895445, 1.1623834362423722], [0.8403414283251749, 1.1899925033959462], [0.3945515926531141, 8.744733475286573], [0.8501140395889316, 1.1763127691474722], [0.7294213596925523, 1.370949707891054], [1.0, 1.0]]",18.48
CONSTR,CCPSO_strict,12,100,0.022625,0.010009,5.436806,0.044477,0.539521,66.0000,100.0000,"[[1.0, 1.0], [0.49100884831904823, 5.309193741080843], [0.4632034213889812, 6.1315521918979154], [0.6002375250094627, 2.714786951864096], [0.4165129733279964, 7.836703308553682], [0.5932899318172964, 2.8232948218491645], [0.5196560538383495, 4.472727651523373], [0.5693038592668558, 3.3149662097503576], [0.5529511295971977, 3.662827201313561], [0.5130108612328059, 4.694183307236061], [0.6138185592791048, 2.4207163111955747], [0.6616701486581932, 1.6013346547829006], [0.43524233896430886, 7.100131132975702], [0.744946260580816, 1.34237870960024], [0.47412142708319505, 5.8219927433834675], [0.6194583068404993, 2.300781998179275], [0.40030983653387175, 8.492700998103317], [0.42996098953319206, 7.31489839079073], [0.6669001880546499, 1.4994747608588976], [0.6248988286446951, 2.223515151532609], [0.47710368863923264, 5.680351198801177], [0.8596669475945368, 1.1632411863665737], [0.5477052431222662, 3.7811979085522656], [0.9903667056746182, 1.0097269973537932], [0.4942909204444066, 5.175108739877665], [0.4259700051134222, 7.440476210532822], [0.7871074642147543, 1.2704745482214868], [0.5396290895770492, 3.9891924101369303], [0.45965150822559625, 6.266549822945181], [0.41958779130748214, 7.693338777209135], [0.43798290185395056, 6.993806304853383], [0.5246178531939975, 4.3769449927428035], [0.4565226740737199, 6.400330320966217], [0.5898007721126284, 2.9231959273684405], [0.4417484448578204, 6.871997846418341], [0.7145658960359312, 1.399451059094088], [0.4854604939715803, 5.42439831184649], [0.9807135873945323, 1.019665693280243], [0.4323796070814767, 7.199184973979602], [0.5440063821999579, 3.8707049561164153], [0.5635997045019175, 3.438217999194168], [0.7553168097227302, 1.3239477622205849], [0.6502773557632581, 1.798505873394436], [0.6303273022101469, 2.1065290382260558], [0.704825003891709, 1.4187918908643633], [0.3947092435520431, 8.74173201934871], [0.5084478548230117, 4.812816929733591], [0.580322216580121, 3.130504834504715], [0.8184762351354131, 1.2217825723853235], [0.5836466750914808, 3.0061271870924617], [0.7764807481900264, 1.287861936475561], [0.8699928111064312, 1.1494347852463624], [0.8081264156473007, 1.237430160229338], [0.4034207150387938, 8.36459030169112], [0.6861797817351991, 1.457344017731356], [0.3919022202189116, 8.864111966301994], [0.40969868777575996, 8.093314044438014], [0.5164001330463903, 4.588269582697572], [0.444947915284602, 6.751735391540123], [0.5294867079851251, 4.232247684650148], [0.6056727614007407, 2.6068385421580373], [0.8908387044476871, 1.1225376659178634], [0.5583747536549922, 3.5683695619263176], [0.44801284425491955, 6.630664798098479], [0.5343813407535813, 4.108850106331496], [0.8287956115068751, 1.206570095348176], [0.46663622218492823, 6.019111813773471], [0.8390440278535772, 1.1918325699286325], [0.6101716020773691, 2.5042658315874706], [0.8803797159594666, 1.1358735121585204], [0.7659537427698707, 1.3055618690284905], [0.6765263814561173, 1.4781389571943317], [0.5752647419394203, 3.232534547437698], [0.8493132266222371, 1.1774219082599857], [0.9417296219052043, 1.0618759108128186], [0.9516256487670457, 1.0508333831645138], [0.9010987683993351, 1.109756260988291], [0.6954585590844846, 1.4379001982755375], [0.9315833529384525, 1.073441251226467], [0.45146709848723443, 6.510365830192617], [0.734942948251868, 1.3606498332674604], [0.4979576061312836, 5.061581363411683], [0.40636153830147637, 8.237675015625973], [0.4228908524401652, 7.557037861709712], [0.9213926426515653, 1.0853136368901537], [0.7975582282903929, 1.25382694896591], [0.6368402178832795, 1.9960221971118755], [0.5062197692178435, 4.937579330678571], [0.47060592490992026, 5.923360210379363], [0.4810878280848979, 5.550586374394922], [0.39769098632164057, 8.620461735740154], [0.9711194920012153, 1.0297393968885022], [0.9612382206152149, 1.0403248420146847], [0.41381540796036786, 7.964472079924406], [0.9111740552930667, 1.097485155762434], [0.6550846618588818, 1.6918958412905996], [0.3890003598210709, 8.99601647006278], [0.7246281619627467, 1.3800181285962914], [0.6431983299976224, 1.8919550860212448], [1.0, 1.0]]",18.66
CONSTR,CCPSO_strict,13,100,0.023879,0.010672,3.751254,0.045533,0.571860,70.0000,100.0000,"[[1.0, 1.0], [0.5594934390310702, 3.572755376814216], [0.548635006308791, 3.774681246400892], [0.5324270132867073, 4.167693069873463], [0.84625102045544, 1.1816824746182457], [0.4578068746507276, 6.3060055756099285], [0.4287879542955256, 7.35264130900507], [0.5545150094225109, 3.662908453528751], [0.5897585531214058, 2.912785370070073], [0.444477254923517, 6.781521469876541], [0.624748868861605, 2.2211503169436777], [0.4616701477509647, 6.182952953807013], [0.423298934126622, 7.571596077687131], [0.47431233816132967, 5.790444919251025], [0.6160420855234466, 2.3693428009808137], [0.7257196032830465, 1.3779426592256157], [0.5371883779799199, 4.037584544834495], [0.5842140958768239, 3.010707353992535], [0.4405951133666816, 6.9012967611869245], [0.41977407124119803, 7.683083266162011], [0.5948170296971117, 2.812708774384025], [0.3891435374553088, 8.98854851683964], [0.9028568397415702, 1.107595308561029], [0.5036830339015236, 4.936898285787658], [0.6623862339911999, 1.5835333362640787], [0.5447274256210755, 3.9232326511682536], [0.6377554420514798, 2.0120003372019917], [0.6309863511966862, 2.1157093027947544], [0.6120348853260189, 2.494637937401582], [0.5005466856521774, 5.038432127141615], [0.6450547932510816, 1.8825989511438879], [0.8842327249589366, 1.1309239884176867], [0.6043665587342435, 2.6023596639915407], [0.6964008862092186, 1.4359545195919978], [0.8936332983418128, 1.119027236177923], [0.6526256642228779, 1.7288178026336227], [0.5687544870183616, 3.32121145277078], [0.4170301196988738, 7.814957604238178], [0.5271727374175156, 4.324707464750941], [0.8365057354416149, 1.195449065835839], [0.5073135397979767, 4.8240508407676], [0.6674720142071668, 1.4981901543659697], [0.4696974834732242, 5.915800659239788], [0.3980011309392091, 8.588196566586774], [0.42556367493374164, 7.4510722313151385], [0.8557837804759156, 1.1685194587865213], [0.45428004247106674, 6.432529156098389], [0.8168689160816743, 1.22418662323052], [0.6868712262225146, 1.4558769705633965], [0.6579230532046975, 1.6449581896999101], [0.4043507588746174, 8.335515807352374], [0.52156206110753, 4.4711757850501375], [0.4374350697937095, 7.012482292480256], [0.7062529900854311, 1.4159232088759528], [0.5740436181486465, 3.216230282254829], [0.4347966536218549, 7.125353981126312], [0.5636559933343681, 3.447158022805066], [0.8747437444393237, 1.1431919420480803], [0.4957094847086874, 5.128871223750145], [0.9690636117393578, 1.0319240015679827], [0.4867249015390883, 5.405923632941598], [0.41387139804616746, 7.921705363619762], [0.9307423215316707, 1.0744112273248259], [0.49145980713772036, 5.295547835660478], [0.7765271809607, 1.2877849282272709], [0.3925755092650315, 8.831085578003727], [0.47879728671525656, 5.681380263943882], [0.5798449949629378, 3.1228979588931574], [0.865228499416288, 1.155764056170865], [0.7160557403821257, 1.3965393245312807], [0.5151291422602235, 4.59148426618175], [0.6770357565231672, 1.4770268635963564], [0.512455089808624, 4.706363412225827], [0.7660659743557515, 1.305370599237204], [0.4104228907838974, 8.068236532009237], [0.465527917868207, 6.040556734751308], [0.7558331828661932, 1.3230432622816353], [0.9793219243128948, 1.0211146867784189], [0.9896894022169667, 1.0104180137323255], [0.735634289345305, 1.359371109372802], [0.4477408928662735, 6.668947711711006], [0.4313183809326141, 7.232742041006803], [0.6215003426941168, 2.268582039822468], [0.4829973773407408, 5.507235048021247], [0.451172202574685, 6.529480116281247], [0.40717139487521015, 8.201171618266423], [0.9213876432533182, 1.0853195257417498], [0.9497180457132424, 1.052944086419876], [0.7969975661529058, 1.2547089758717629], [0.5991407483223725, 2.7000259353797107], [0.7867161462552186, 1.2711064908989296], [0.8266757476518258, 1.2096641311185214], [0.9120557993461798, 1.0964241450104963], [0.4011541244257642, 8.458630595686436], [0.959260117288465, 1.042470110012177], [0.3953417187179715, 8.707012822030842], [0.8067038553776819, 1.2396122732447101], [0.940072148912853, 1.063748140136319], [0.7456951775632463, 1.3410305310914858], [1.0, 1.0]]",18.60
CONSTR,CCPSO_strict,14,100,0.022662,0.010028,5.902215,0.042957,0.530442,67.0000,100.0000,"[[1.0, 1.0], [0.6317144615086715, 2.085281158860877], [0.5938264834676166, 2.8032732301385734], [0.5831890531570717, 3.039347747964322], [0.400818384010624, 8.465551756555346], [0.5770274303754869, 3.1394966147893832], [0.43866539949586547, 6.970705262402343], [0.6011822639118007, 2.698427465657927], [0.4318344799381833, 7.2117178965896915], [0.49075681202904586, 5.326843519194946], [0.6499671463921108, 1.7846835350487502], [0.5675445617664348, 3.3455974446089614], [0.5445725145693178, 3.8621118771121585], [0.4933921000699074, 5.204785119718172], [0.49884676788805504, 5.123743493189649], [0.4193546325406423, 7.718899240997925], [0.5413724860783573, 3.9579273429337136], [0.43552962294322584, 7.099760302264447], [0.6270266323485234, 2.2044723560181794], [0.677966526945103, 1.4749990748156407], [0.5598290237291582, 3.539038693594411], [0.6568631843864675, 1.6775776968927898], [0.47888342618507446, 5.626722176025384], [0.6620023054052776, 1.6031031213584122], [0.6209456602294765, 2.2943974478904066], [0.4157534889089895, 7.856437038571658], [0.5635045740906963, 3.427912755135069], [0.6671455971242415, 1.4989231800532614], [0.8964584384613123, 1.1155006825708587], [0.42554570289909643, 7.453242213795196], [0.482815322017573, 5.508050308159671], [0.4424441292338834, 6.852253814031358], [0.7659957529111119, 1.30549026701463], [0.5158393221568619, 4.599912562937555], [0.7875567984205414, 1.269749689172282], [0.6889487915398009, 1.451486688531668], [0.3981901565173611, 8.589180649040195], [0.6155473266580032, 2.3769112271190873], [0.4459206495114282, 6.735516443163367], [0.5102043036409325, 4.721216752481238], [0.7215800318813633, 1.385847661821679], [0.4864597689133753, 5.4174513980297965], [0.4483396072410242, 6.624926483754551], [0.9167354849489668, 1.0908271976137898], [0.5007526881459997, 4.981962773336817], [0.9473190095463526, 1.0556106126054359], [0.5057220901587534, 4.869727596913273], [0.5361730702399933, 4.061575033086244], [0.6110324936388701, 2.4973034598147845], [0.957717668719582, 1.0441490563048161], [0.5518970407105517, 3.7644033524941034], [0.7328331082811351, 1.3645671691137244], [0.710427404375591, 1.407603357979863], [0.4226958129214382, 7.5864759564876225], [0.8360272870731214, 1.1961332069685628], [0.8463155689890486, 1.1815923476328487], [0.452457391724551, 6.509748280146064], [0.9268901588761255, 1.0788764886796531], [0.7769078694642253, 1.287153907566446], [0.9786953155633586, 1.021768454490229], [0.9371175586730551, 1.0671019774893402], [0.40390900713157246, 8.348387579930591], [0.5890866537679429, 2.907727230810663], [0.754814689871502, 1.3248284822997254], [0.4613521726730776, 6.241679520156144], [0.4126048902806875, 7.98059156362799], [0.8564196643877002, 1.1676518435794594], [0.4288366817708798, 7.332232449576727], [0.9893271093193281, 1.0107880301470915], [0.3920515536867108, 8.855491227511092], [0.7970760228118323, 1.2545854741337168], [0.4555661760042166, 6.366301735700053], [0.9681546568877635, 1.0328928264566808], [0.3952199942984333, 8.713818774873015], [0.6442597627443037, 1.9085381804101862], [0.5200179109462468, 4.512416069506238], [0.4724477416735181, 5.832362591773699], [0.40667127748858145, 8.224149272395762], [0.5542130078853776, 3.660119423527567], [0.8263177574439757, 1.2101882005940068], [0.6038307379224264, 2.6192134307333323], [0.6368687186142058, 1.9997349954801795], [0.8765296900166226, 1.1408626671630893], [0.4644958765891361, 6.087663718938699], [0.5708562952389722, 3.2998123370475203], [0.699853258513107, 1.4288709637854344], [0.866510470553015, 1.1540541447373287], [0.9065966051702795, 1.1030264114127994], [0.468632230644304, 5.966803111200004], [0.5249480232750732, 4.355386131974451], [0.7438631276740518, 1.344333336062576], [0.8865050444480341, 1.1280251660864844], [0.40948242875960494, 8.111449894062549], [0.5331667770258988, 4.142389219000322], [0.3889368168820291, 8.998597807364002], [0.8165652704719731, 1.2246418457424744], [0.4759022063842466, 5.7214417387761], [0.5314255276914197, 4.223834619635709], [0.8068466721409573, 1.2393928543406059], [1.0, 1.0]]",19.32
CONSTR,CCPSO_strict,15,100,0.024148,0.012091,5.909118,0.044490,0.552062,70.0000,100.0000,"[[1.0, 1.0], [0.5697101667160155, 3.3283706155820263], [0.47840124922045385, 5.682671335145474], [0.5562652780358176, 3.5887295955487413], [0.5450964894662969, 3.875476796247634], [0.6230383592711782, 2.249951221615093], [0.6183681862360959, 2.3517163010393842], [0.5934300233341613, 2.8074286565302056], [0.6569576623397965, 1.662758756510264], [0.44264619295580504, 6.824771097017479], [0.6392567545935599, 1.966259505914217], [0.49001335703120924, 5.298828587368387], [0.5595496398621785, 3.512819519544978], [0.49480043148217473, 5.209153279498291], [0.3925537385025438, 8.839203120288229], [0.48610570276151777, 5.435455354724791], [0.664244120822572, 1.6000940003607385], [0.42917244459644566, 7.312735925709369], [0.39611044813586077, 8.694750062984602], [0.44628960341232016, 6.693390141677657], [0.64487153091429, 1.8615990552827992], [0.5058979999908426, 4.865944740942283], [0.5395228149618533, 3.9868878750099737], [0.6765575869927322, 1.4780707795251469], [0.5167746853596042, 4.5665085426331915], [0.4739909231505781, 5.768585467650015], [0.4391481112563493, 6.955546323042142], [0.6674412397017693, 1.4982592331975575], [0.5296295116968006, 4.223774482082122], [0.5130693527790798, 4.679891909833182], [0.5093318637078207, 4.76495746397651], [0.3889668626431778, 8.997839643097112], [0.5647313493609136, 3.3970381696168985], [0.4487966846923913, 6.5989087683851375], [0.6503032209706548, 1.776292270501313], [0.6955663930989898, 1.4376772798706572], [0.7456624500766551, 1.3410893895719151], [0.7755221067256559, 1.2894538934835986], [0.5882611991663063, 2.914359983285729], [0.3989769268383844, 8.545568893404697], [0.7963954654946036, 1.255657576326037], [0.7859534527612706, 1.2723399795327892], [0.5730976552546182, 3.2394881864903877], [0.4322948442108441, 7.193532800898243], [0.579851758373847, 3.1695356939535335], [0.5205983859544387, 4.461659790237515], [0.8795456731617523, 1.136950621796869], [0.8392542276229348, 1.191534063322331], [0.41636368552988695, 7.824368915237526], [0.6344762073213802, 2.048936526159452], [0.48170074240446564, 5.5710169463360195], [0.4226732460259166, 7.562950440414787], [0.9087039832157376, 1.1004683796599883], [0.5018226133811071, 4.985226724425175], [0.4677505105638814, 5.9877192164338915], [0.9480058716961266, 1.0548457872005033], [0.5999987716452249, 2.681722422249233], [0.49776534045645837, 5.096866034367193], [0.5844318324411154, 3.0638256117426055], [0.459017795738329, 6.260075122204494], [0.4712561357944961, 5.878138132682516], [0.8989835695421309, 1.1123673823196998], [0.5507373418614572, 3.7374577860691605], [0.9184334180553196, 1.0888105553883138], [0.4261630940540448, 7.437279344004528], [0.7264062171083362, 1.3766401999982607], [0.849540640839619, 1.1771067232424324], [0.9893080471265445, 1.0108075062206463], [0.807021743066638, 1.2391239871679978], [0.4057270231014811, 8.255436455480895], [0.45626747637745674, 6.362451825106741], [0.9281824947451992, 1.07737433711731], [0.4023395059328064, 8.404677272736894], [0.5256155276306419, 4.321458372803449], [0.7158931702083577, 1.3968564607327574], [0.7553993377167907, 1.3238031198472051], [0.43623989048249057, 7.076717931176323], [0.4523353029210915, 6.496850423342152], [0.6034268578337498, 2.60393285997249], [0.8596789468047135, 1.1632249501012408], [0.9788868645160219, 1.0215685144517868], [0.4195527479407379, 7.685006857340456], [0.9583253922575666, 1.0434869075567943], [0.46476615275889477, 6.147466288252364], [0.8893529192742164, 1.1244130179682554], [0.7655507511825062, 1.3062491264692149], [0.5365525562766373, 4.125981149348449], [0.8177082464579863, 1.2229300662328342], [0.9686339504190169, 1.0323817367411234], [0.7058934417970618, 1.4166444122985509], [0.6113775052844934, 2.461828594552669], [0.4101470582096774, 8.073807626156976], [0.4144435680695744, 7.961334459187597], [0.82843722639535, 1.2070920621845356], [0.9380269363141271, 1.0660674670275345], [0.869640002073506, 1.1499011057629285], [0.6280631577005651, 2.158368100221199], [0.7358736787236168, 1.3589288880864907], [0.6860713356186949, 1.4575743775947236], [1.0, 1.0]]",18.72
CONSTR,CCPSO_strict,16,100,0.023413,0.010496,6.013496,0.044111,0.554842,69.0000,100.0000,"[[1.0, 1.0], [0.5196847220906837, 4.4875382922782965], [0.49793286098799316, 5.066366940546749], [0.6594750326792758, 1.620037745008609], [0.6355243625471485, 2.0168166124193383], [0.7087781662081918, 1.410878674987664], [0.40913367630172054, 8.118238450033825], [0.5717717706679624, 3.247446433496767], [0.48898358058310665, 5.360626966396887], [0.4270531344602777, 7.403846681601593], [0.5243839524739513, 4.357717075928597], [0.3916455129128334, 8.874032281253513], [0.4725726157018977, 5.841787620513927], [0.44396221860594953, 6.794615603308671], [0.6097389382049737, 2.4890261058996717], [0.42979596725738206, 7.295752481275592], [0.6544996376238454, 1.712902853228024], [0.45447058006056273, 6.440875246561684], [0.5972466244094382, 2.734171331366371], [0.40343467694215346, 8.357481938697358], [0.5865272402233548, 2.9358300819675938], [0.4208617923244379, 7.643928496676999], [0.5509624996135947, 3.7206942465957273], [0.6873357195008379, 1.4548931062774206], [0.447115513793566, 6.656808454236887], [0.6024606517985385, 2.624447305723632], [0.4614703869931943, 6.183366317148779], [0.40066633262213736, 8.4999176543175], [0.4336654271235294, 7.176789132654768], [0.47552982390712534, 5.720564078898124], [0.4802230371073819, 5.607253121731864], [0.6184576188853153, 2.356461704748998], [0.5455332166970239, 3.8413082551725357], [0.5641002187190166, 3.520345981678056], [0.5113514940803684, 4.712861526340795], [0.6980547903252994, 1.4325523065803927], [0.5332597156102626, 4.145187793770285], [0.815832453701141, 1.225741873179176], [0.7298551822663475, 1.3701348216707845], [0.5299328658671166, 4.253941024415635], [0.5427107131174642, 3.9677831272953856], [0.39734965539503175, 8.622384217573574], [0.49314178487611193, 5.217496202661916], [0.4511602967479094, 6.547663222929719], [0.7836602714532593, 1.2760631569921865], [0.6302729975854445, 2.132675268883297], [0.5380357863382986, 4.012532359874964], [0.4181372459715941, 7.757722496820044], [0.9817211072676597, 1.0186192316708096], [0.3889299914304528, 8.999000459363499], [0.8369236625231001, 1.194852105131391], [0.4578746636333917, 6.298964296672186], [0.5666724515843186, 3.3854688173901515], [0.4240597485282749, 7.5260323770744675], [0.4400871034204406, 6.917019563341047], [0.857744351425056, 1.1658485402306649], [0.9449443137896454, 1.0582634187083013], [0.6137938258884093, 2.4045211475082127], [0.5557035128712042, 3.6285282332927067], [0.5831740360681024, 3.0547120795583336], [0.4063790672002324, 8.231580740290728], [0.514287674834077, 4.615878876726745], [0.9725352384479456, 1.0282403767660748], [0.8052950220132111, 1.2417809283112577], [0.9908718662334899, 1.0092122241811226], [0.6481377375581323, 1.8571511300996655], [0.7405395356350502, 1.3503667959367616], [0.9541781309448892, 1.04802234254702], [0.506808358451033, 4.827896936079474], [0.4658806973702779, 6.066493427736255], [0.48463070790640644, 5.492324571388015], [0.7512518621783791, 1.331111509128689], [0.43715451801832733, 7.041247545561405], [0.46926381699302566, 5.947428631156633], [0.7727931268853254, 1.2940073678325943], [0.9355853871467188, 1.0688495285820232], [0.6651461407868674, 1.5259257213700452], [0.7620047518794928, 1.3123277742474564], [0.623853808038182, 2.2319202807848746], [0.7943949136727946, 1.258819741652944], [0.8776267159139474, 1.1394365985755286], [0.5781795609595312, 3.1518248379065015], [0.5041703783831974, 4.952285421981424], [0.4151036368848627, 7.906859119457057], [0.8675211561083501, 1.1527096405186732], [0.9166590456383066, 1.090918160638081], [0.5922100975494777, 2.8535035334505325], [0.4117924579351689, 8.012959619534751], [0.8873400753934988, 1.1269636385537316], [0.8263482507298547, 1.2101435431330205], [0.8474909658749196, 1.1799535809418753], [0.6753602811385334, 1.4806911628178423], [0.6409968098145182, 1.956164895413271], [0.39456792757910414, 8.745589611530642], [0.7192736609211696, 1.3902914208193107], [0.9633002176318727, 1.0380979695596335], [0.8970627463174025, 1.1147492236247383], [0.9260253868450632, 1.0798840012442485], [0.9067101315232069, 1.102888304909611], [1.0, 1.0]]",17.51
CONSTR,CCPSO_strict,17,100,0.024136,0.011133,5.528720,0.046248,0.574219,71.0000,100.0000,"[[1.0, 1.0], [0.6077349648504857, 2.5342827980256852], [0.41384200056411413, 7.930394265677855], [0.531408119966495, 4.174563627813363], [0.41650787140081397, 7.818631853146142], [0.6596024907267383, 1.651252325364602], [0.42780797650836644, 7.372866307670461], [0.5855129131177929, 2.9922036230821787], [0.5715884669171244, 3.3175788075393426], [0.801637576961797, 1.2474465129117271], [0.5906136521385336, 2.880767243218039], [0.41931151885210705, 7.697202123641744], [0.8209996371687959, 1.2180273348822468], [0.7230590926011233, 1.3830128273508229], [0.7823394266233792, 1.2782175689598771], [0.6012605036416399, 2.6477303641491474], [0.510242613546336, 4.723615644346246], [0.4897940864982165, 5.310996119801805], [0.9622728214618327, 1.039206322465654], [0.6794361798984627, 1.4718085812701989], [0.389013908240474, 8.99650639935994], [0.9160252063295604, 1.091673016299322], [0.596230899400796, 2.7530096577481706], [0.4655509252515968, 6.061399300302102], [0.5202188850028457, 4.460374220844495], [0.5752779627261484, 3.2174152540485945], [0.7016681629272218, 1.425175108171071], [0.4443881208706811, 6.782185369999102], [0.6653479240280622, 1.5795534000700295], [0.43081083776097473, 7.2685734826424016], [0.8113374360619499, 1.23253279776387], [0.4604115046153118, 6.208881898807152], [0.4222443119601137, 7.583244076453272], [0.5466040186045431, 3.849364626303843], [0.6522673788552469, 1.7680856200644959], [0.47347381434030145, 5.788919885110946], [0.49428351192426356, 5.200755684565629], [0.5061410130644344, 4.869991504179141], [0.9811071637419275, 1.0192566489740178], [0.4373585516362647, 7.010375258143061], [0.7726949989746631, 1.2941716994764583], [0.44765007215498176, 6.6394935323748], [0.9905317625245391, 1.009558741913868], [0.5166302452319302, 4.590090395336008], [0.5553488894503502, 3.6490274593911973], [0.8599727103785779, 1.162827596656851], [0.559942605175078, 3.501359257008023], [0.4336582322358561, 7.146527468041969], [0.6362857121749561, 2.0130390633012905], [0.8695653052218784, 1.1499998838440777], [0.8977258027991342, 1.1139258745621123], [0.3974814910265339, 8.619888401613467], [0.4563582457585728, 6.3601199658508465], [0.5670664351460384, 3.392763375482057], [0.4787601972029704, 5.65566800851921], [0.6139579387763487, 2.406166736261834], [0.4522829301434481, 6.502991843535066], [0.7124015267591522, 1.4037027749634212], [0.624194938742287, 2.2288991529806403], [0.7920150324274038, 1.2626022980083527], [0.7328194042403589, 1.364592687111773], [0.8406950107498042, 1.189492012219882], [0.6300650662819545, 2.1417425568432487], [0.394723587109563, 8.738912357698498], [0.6698765763118003, 1.4928123110465958], [0.5788552081029817, 3.0946530886493737], [0.9716894567660624, 1.0291353817176936], [0.3999692290582201, 8.506610329432359], [0.9068308167501652, 1.102741527448006], [0.411036758321318, 8.030714339566513], [0.8308910482657357, 1.203527227892555], [0.39180467007609554, 8.871264268444772], [0.5425957998865216, 3.9193604196454825], [0.4057475121629556, 8.264965129106066], [0.550850721426428, 3.7122148274786206], [0.7428824168219295, 1.3461080479977252], [0.6904449352888749, 1.4483414228849554], [0.4409796112301862, 6.889402218721446], [0.6433571768079676, 1.8904832489559822], [0.619739075423082, 2.333641345451243], [0.46976991128127904, 5.9240760986746395], [0.8884327339508646, 1.1255776175119023], [0.497832692500206, 5.086764047195975], [0.952956125532011, 1.0493662543401203], [0.4093319318473908, 8.15212853056849], [0.4831327861811445, 5.500722408444806], [0.8502892656484784, 1.1760703567595243], [0.5011269001955005, 4.979899241640411], [0.40321858865445037, 8.400601222580578], [0.5258091307325256, 4.328990590190737], [0.5364265688529782, 4.058247951215436], [0.8789834731546498, 1.1376778182313543], [0.92520336986116, 1.080843447587166], [0.42511114641427905, 7.487995194426474], [0.9343982003708068, 1.0702075406429077], [0.9436756451258274, 1.0596861380974418], [0.4869271201961412, 5.409595459879929], [0.753034288421808, 1.327960778646318], [0.7628670847040171, 1.3108443397947724], [1.0, 1.0]]",17.56
CONSTR,CCPSO_strict,18,100,0.023908,0.010846,5.841715,0.043751,0.550868,67.0000,100.0000,"[[1.0, 1.0], [0.48892623831497956, 5.330635421227936], [0.553335329590865, 3.660178129728276], [0.606794117224352, 2.5527406016494183], [0.586264974807809, 3.0172682153787584], [0.46565740848168635, 6.0462632517858115], [0.4506813912975326, 6.5366635658128605], [0.48497615297175506, 5.449701439503464], [0.7686213298224543, 1.3010307692488736], [0.38891111923793403, 8.999546642200361], [0.5399184834176128, 4.000896750147144], [0.9280850316764189, 1.0774874778377577], [0.5577226015077339, 3.5897619021323215], [0.426743331771221, 7.435942946056766], [0.596714905467118, 2.751917917160978], [0.7874229433844346, 1.269965535550545], [0.4020332341524671, 8.414356418764479], [0.4926169630113241, 5.228640083097482], [0.43187832662580206, 7.212738315067555], [0.5684665911986422, 3.366435745762922], [0.5322704868953801, 4.174788561792857], [0.969217563861526, 1.0317600890514527], [0.6464498162006327, 1.8345869042173406], [0.4426947925610758, 6.825798986459454], [0.5635938897212812, 3.4901395191051097], [0.9589429983633287, 1.0428148510461468], [0.544564459337182, 3.8962392508229615], [0.6548795051567192, 1.7198539404556474], [0.5003515137370476, 4.996294271815431], [0.6618320081984637, 1.5852172592385316], [0.5913745664329226, 2.8420693042941028], [0.727920521126695, 1.3737763546659916], [0.5226300253257326, 4.441503552709411], [0.887390423435048, 1.126899697800485], [0.4144422711548876, 7.894335817386691], [0.8264374521979069, 1.210012926375135], [0.9383392117070026, 1.0657126842017246], [0.9486333463193078, 1.05414805823556], [0.4054451927269997, 8.277680278652614], [0.8772609359798769, 1.1399116944413203], [0.41788182648218664, 7.770129418367712], [0.45439138129246254, 6.405483323635819], [0.43914447097154385, 6.948320549895065], [0.6022290638058765, 2.6565765208605114], [0.9075751732833791, 1.1018371033467687], [0.4216209268556608, 7.663946762850218], [0.39943753694950623, 8.536943496911135], [0.7065594649157735, 1.4153090428407276], [0.5789405440323476, 3.1466931365232056], [0.8974479472254994, 1.1142707530743647], [0.5106054974833777, 4.795624632068948], [0.4793143084229173, 5.7016843081932995], [0.8466447736682708, 1.1811329037883085], [0.867105092845363, 1.1532627454863043], [0.5483996432034174, 3.7773104603524974], [0.8365656113627817, 1.1953635033730114], [0.424003026347156, 7.543982293803088], [0.7172218913901465, 1.394268652427441], [0.5372291997256077, 4.06568904515511], [0.3941646827057454, 8.75986713379616], [0.6122027087045281, 2.4856687922715572], [0.46229587415302553, 6.191587024522605], [0.7381042347231672, 1.3548221957770763], [0.5146541123269492, 4.650863557616388], [0.4964423816946308, 5.129731486112711], [0.694377639452792, 1.4401385401581412], [0.45924170562427763, 6.301679235327404], [0.6392198909854672, 1.9642228857206034], [0.4288381383043198, 7.324810528279343], [0.3916503628655998, 8.880546909809015], [0.41148932508051617, 8.013935926361327], [0.7483215322244255, 1.3363239689595017], [0.7970817929723655, 1.254576392054999], [0.6691188650183376, 1.4945027741410255], [0.4467705150101165, 6.687175842911282], [0.47132799197470554, 5.92878282984311], [0.39717235493459896, 8.648184739118184], [0.43646434643106746, 7.088052773396675], [0.5271480578511389, 4.304480382921897], [0.4093337777643185, 8.148372529749356], [0.5053249727620247, 4.886648424096076], [0.5179861776744679, 4.556105087399526], [0.6274527932586251, 2.170018529924897], [0.7780315254382206, 1.2852949620990708], [0.8067172430586892, 1.2395917015588687], [0.6343739766657179, 2.0633529510012774], [0.6791210963552253, 1.472491438370711], [0.8568614709031748, 1.1670497903773758], [0.6871283996151514, 1.4553320755772612], [0.9794598987275467, 1.0209708445431382], [0.5731356067143678, 3.2274344960304933], [0.9178568161467735, 1.0894945512286647], [0.48159412607725655, 5.560312975088307], [0.9897358777111123, 1.0103705670573697], [0.6225371623871422, 2.27833242367522], [0.7584533861680156, 1.3184725893998133], [0.8167135274391494, 1.2244195380668612], [0.47490690218752946, 5.787205843374706], [0.6178611058399957, 2.3886593490821717], [1.0, 1.0]]",17.95
CONSTR,CCPSO_strict,19,100,0.024377,0.011674,6.102152,0.045787,0.560291,65.0000,100.0000,"[[1.0, 1.0], [0.5569983062719304, 3.5740609270880856], [0.8096781615567901, 1.235058628822683], [0.47733393828853965, 5.666311894996779], [0.6174729623561901, 2.3643864624401636], [0.5681997273293502, 3.3728150864581057], [0.44301374119772285, 6.813032827954157], [0.46908571883850425, 5.935863719578058], [0.573097894206106, 3.2152389067701472], [0.6570266751127528, 1.7372713243944453], [0.47423088681529835, 5.797812533458259], [0.6085926624582056, 2.545498777737672], [0.8370530627257562, 1.1946673927022355], [0.4999007604188642, 5.006986815473793], [0.5931509125369301, 2.816227788473353], [0.4956640963930353, 5.132251312860193], [0.6118540961410894, 2.4537100393890015], [0.8752575674978443, 1.142520827164928], [0.8561527192334121, 1.168015912973315], [0.9904943184910263, 1.0095969066470316], [0.481813444657722, 5.5433121334087145], [0.6035216955043503, 2.635210123431822], [0.529821768611339, 4.263330524471029], [0.5344419727397202, 4.153082420933631], [0.9428911573436836, 1.0605677995933314], [0.41287997666519416, 7.983855897300005], [0.5040380315404973, 4.894498790904568], [0.8945987920370289, 1.1178195285989256], [0.4921816125760437, 5.295446140017149], [0.9042485285819424, 1.1058906577024976], [0.7236579542376924, 1.3818683179588742], [0.45668651063304405, 6.344997581878589], [0.524007586394598, 4.362014987188764], [0.45273532805124883, 6.474293445045048], [0.39210180789629484, 8.852599014722378], [0.8466031112954592, 1.1811910287806706], [0.513033574607357, 4.6842258763834606], [0.6612935656756891, 1.5879788713445313], [0.7437129296506901, 1.3446048335742713], [0.6238702103595931, 2.254632579734521], [0.781755774599395, 1.2791718750174152], [0.7337744725879732, 1.362816556527331], [0.9524128069951909, 1.0499648814624238], [0.5640857752447409, 3.4591776639364453], [0.9809992029509239, 1.0193688200682733], [0.460671009378483, 6.206631936260089], [0.8006413934300564, 1.248998625609231], [0.5075466013873301, 4.798452321367337], [0.5527745281316766, 3.6715405628982323], [0.6352062898912645, 2.037025689879641], [0.6418567068947068, 1.9486494417659204], [0.7912980079002401, 1.2637463888650042], [0.933177611116891, 1.0716073640077277], [0.9235362557194128, 1.0827945235577392], [0.6290168747856866, 2.1362750031643674], [0.753542466970743, 1.327065220385019], [0.4306816632845372, 7.29442139539008], [0.46456092862611575, 6.070331613828272], [0.5479232495644255, 3.7797927574412795], [0.42693425836760424, 7.424447168509701], [0.8656637670031744, 1.1551829221891563], [0.44587144867829487, 6.707081420650593], [0.9619327961830786, 1.0395736624928176], [0.3891429611535995, 8.99784672739965], [0.8187846872735972, 1.221322303095111], [0.3950108096817245, 8.726042700858086], [0.4161171845528541, 7.838004270389024], [0.40406897004102266, 8.331667869503956], [0.48620553056200766, 5.418746711655635], [0.544802068144828, 3.9157043859953538], [0.40078104707715817, 8.469299131118435], [0.6798471104509213, 1.4709189531404074], [0.884880181733291, 1.1300965041857012], [0.6681875855779426, 1.496585721710258], [0.6475765251236589, 1.8229758405911043], [0.44013246403258766, 6.922248005054517], [0.5978228557697312, 2.7330159645997583], [0.4235226719474511, 7.542063343494384], [0.409597449897803, 8.095094541749212], [0.5200149664587406, 4.477424541159789], [0.7131053329531593, 1.4023173769557065], [0.9138965579852432, 1.0942157416640004], [0.702617574922813, 1.423249340311273], [0.4204105497917524, 7.687260344897854], [0.5175956439270959, 4.589030711498755], [0.3979027903880418, 8.598117665185049], [0.4494079995194852, 6.595922710809262], [0.4364710396132832, 7.05174831507427], [0.43345898183985915, 7.175276203639844], [0.7725229756307876, 1.2944598821588067], [0.6915506402312162, 1.4460257019871394], [0.7629102057159611, 1.310770248592414], [0.5387431049674839, 4.009963184266254], [0.584119593405409, 3.0056412955437626], [0.5794768670588935, 3.0842787132084446], [0.5913647475791728, 2.920903535700619], [0.8278875480383823, 1.2078935144868712], [0.9714512770535639, 1.0293877043767188], [0.4072870383991765, 8.226314052071395], [1.0, 1.0]]",16.75
CONSTR,CCPSO_strict,20,100,0.024203,0.011595,4.208897,0.044911,0.559385,66.0000,100.0000,"[[0.5226336879771536, 4.417848350788633], [1.0, 1.0], [0.6064495632252356, 2.547417564722386], [0.5829273199039005, 3.0207951058622], [0.6133819683701223, 2.4554922948543383], [0.6187023880250102, 2.320968670534696], [0.46362500398822887, 6.100537105870094], [0.6640300141065547, 1.5602180732706956], [0.8183810891816783, 1.2219246182727994], [0.6349549127136179, 2.0476771466878523], [0.592750502830244, 2.834190483781449], [0.6036922892010586, 2.640954218714752], [0.62386233580912, 2.2331785728026734], [0.7985638759112272, 1.2522479793603456], [0.7402903540037795, 1.3508213292144213], [0.5995523540917891, 2.7672582713355607], [0.7010988027805863, 1.4263324884224011], [0.5915014544982028, 2.9648831248644183], [0.48532365479538936, 5.452545421471635], [0.4961816490131452, 5.133837111149288], [0.40540052160339596, 8.275280181043675], [0.7303154110893945, 1.3692713926279103], [0.4237806285375379, 7.52613325205741], [0.44914708558029326, 6.590385220997455], [0.540282557103313, 3.958971984990784], [0.8083325827151377, 1.2371145508462167], [0.5569457630156806, 3.5835612138319135], [0.40284989806265387, 8.377297060674042], [0.7599740476367198, 1.3158344065954428], [0.4178115345062493, 7.775202050606327], [0.7109726401426485, 1.4065238850813746], [0.48080839282143173, 5.579021002628555], [0.5460324914645873, 3.838602730460187], [0.41148494199208774, 8.024296601064625], [0.43014368966877936, 7.284519805618533], [0.4003808081321423, 8.489141735009282], [0.5351679158960345, 4.1156851742028], [0.7791862900687493, 1.283390137564879], [0.6806454702738233, 1.4691936458457595], [0.4435361492897351, 6.801441850061251], [0.5727368893404347, 3.2751480569482507], [0.4605036369672785, 6.222573285557651], [0.90876035162671, 1.1004001200206062], [0.7888480301028484, 1.2676712900831126], [0.8983774344616131, 1.1132156483891444], [0.9192225597697758, 1.087875824381916], [0.4342154699259732, 7.15390936676916], [0.6307714705705305, 2.151961712409011], [0.47713707753895007, 5.718472654076313], [0.8284747807585943, 1.2070373452820717], [0.45614307014218436, 6.3576850932801126], [0.5756472789148429, 3.1635982665190645], [0.4999973451797063, 5.016674157287192], [0.6419484374768247, 1.954775958746897], [0.44629048841279634, 6.684932342122926], [0.41461903778832426, 7.893538984233882], [0.8485596225162887, 1.178467574305074], [0.4889398804275476, 5.353370250307233], [0.6595077960074229, 1.6910426661345297], [0.4366403645201184, 7.031602124964198], [0.49450944390196205, 5.287271198582856], [0.3919719572913025, 8.868939797622158], [0.40839391095709093, 8.150821213238377], [0.7502255768317659, 1.3329324284344475], [0.4207112599895563, 7.658745135537628], [0.8385376561360562, 1.1925830690028674], [0.4684041727457696, 5.947112742421136], [0.5140661012181837, 4.63749999360316], [0.720625724616422, 1.3876829064522844], [0.4270347793296633, 7.401800863702562], [0.6503586723778085, 1.7744865433159263], [0.980248818191044, 1.0201491513607788], [0.8682822165892736, 1.151699275758671], [0.5098676347167993, 4.740031023169854], [0.97035435861304, 1.0305513559287078], [0.5680400137091826, 3.350423882509723], [0.47215101747185273, 5.833996082022976], [0.39751167037551527, 8.612064390706811], [0.8781379758228308, 1.1387732082341415], [0.9601000870666878, 1.0415580765701367], [0.7695622004424176, 1.2994401224814638], [0.4532899252943636, 6.48710402723074], [0.8882587576254825, 1.1257980756342074], [0.6705496414198389, 1.4913138986735934], [0.5638736937775771, 3.438083403115927], [0.9901192085655641, 1.009979395762608], [0.5511353482822621, 3.7225127291819984], [0.9295194794944095, 1.075824683678417], [0.6908859420566167, 1.4474169166378146], [0.3948154108900448, 8.736682479514975], [0.9499683111832957, 1.0526666923809112], [0.8584227998850332, 1.1649271199855455], [0.38890682337515486, 8.999212701827386], [0.9396612465538215, 1.0642133041747428], [0.5287720750717878, 4.268257646760657], [0.5175899982423917, 4.539520017164525], [0.440469009988995, 6.913198155248492], [0.5054802500236875, 4.8818774564101055], [0.6458610007913049, 1.8563863426032983], [1.0, 1.0]]",16.71
CONSTR,CCPSO_strict,21,100,0.023288,0.010755,4.514428,0.045577,0.542446,61.0000,100.0000,"[[1.0, 1.0], [0.6463988794321365, 1.8715739027257552], [0.5358512797698908, 4.104288470045566], [0.639010666600152, 1.9599418070542942], [0.4750790840905438, 5.769397490942374], [0.5628107401560736, 3.4415380351477514], [0.6184508746661415, 2.344040097629128], [0.6132955850026284, 2.4762742304394454], [0.6000292348569634, 2.666461043520278], [0.43402409750714027, 7.131751962909954], [0.5903938502288285, 2.858632992273713], [0.6279529377292683, 2.169631124283377], [0.9700464970471705, 1.0308784197912246], [0.40587031391751827, 8.267636513286986], [0.5738546977175778, 3.2617654165731658], [0.6562162521667603, 1.7091557815770357], [0.48234220876701867, 5.545867628123223], [0.39583035002374023, 8.687877068650051], [0.950262109489844, 1.0523412330276518], [0.5149277564282924, 4.63829635919868], [0.6339503227314197, 2.0873730761242135], [0.5824324534179265, 3.03209645974585], [0.512126499106565, 4.742311050756859], [0.5078606592139733, 4.831631567257996], [0.4704100162162876, 5.8956224349427595], [0.4906022293167162, 5.300345831874887], [0.7113953646680901, 1.405688102095748], [0.39908404572032813, 8.543825602391033], [0.7665035940564325, 1.3046253243352395], [0.596850797419852, 2.7505278700743534], [0.5779317730564935, 3.129309558304631], [0.6618000949731921, 1.6067858375721378], [0.43764892894204177, 7.002875960686014], [0.7300908659987756, 1.3696925226313912], [0.4863441628924894, 5.4200078219725665], [0.940440363645987, 1.0633316461695739], [0.7954777260187622, 1.2571062234574923], [0.9207306426794994, 1.0860939710769393], [0.5880195190540419, 2.9530617094544223], [0.5512981685369291, 3.7619521140151937], [0.757362301994531, 1.3203720298283623], [0.5196109940663248, 4.5291893475874945], [0.41760307184775797, 7.77727064158672], [0.8262478830614916, 1.2102905441581353], [0.805491192837644, 1.2414785026725443], [0.4782389395243981, 5.660449770118998], [0.6672908061392917, 1.4985969996884054], [0.6501446642030324, 1.7935961892956818], [0.9899931322776252, 1.0101080173145773], [0.4984639353837642, 5.052575183891875], [0.785763172817441, 1.2726480886275047], [0.5442913381202686, 3.861268854643765], [0.815670166044048, 1.2259857496688162], [0.9305848968732903, 1.0745929827143557], [0.44560181547743605, 6.720490060233261], [0.5393737434699739, 3.982204525595861], [0.4947269262512131, 5.158920784308655], [0.5227833811468637, 4.433026613759035], [0.8477471725143413, 1.179596974690096], [0.7759787906865436, 1.2886950158976054], [0.7207119316358465, 1.3875169205680213], [0.8584259737830893, 1.1649228128466256], [0.5568742456342906, 3.6691414952239767], [0.9800060476095218, 1.0204018663346501], [0.8903671176646794, 1.1231322228328398], [0.3925952304898546, 8.835404339390491], [0.5028644355446509, 4.970813615517038], [0.3891878583173882, 8.989953277382728], [0.6066214750604053, 2.547655711147301], [0.8368940121879388, 1.1948944375711854], [0.4581517164322527, 6.358547978923506], [0.9601417256253517, 1.0415129072207419], [0.8689930134549659, 1.150757237994553], [0.6234736901665453, 2.250644684361739], [0.5682414165248033, 3.351033682595593], [0.44155087170714585, 6.863814113925283], [0.9006436411346085, 1.1103170602972612], [0.4145677774656232, 7.904402549769373], [0.45316001676908674, 6.4986781802631945], [0.46624129332520686, 6.0516847110899255], [0.7393307204833558, 1.352574662860249], [0.40829924244736826, 8.14663497045361], [0.41194208704925844, 8.032926236515653], [0.4251002760498399, 7.52374035926374], [0.9107801675981241, 1.0979597882957457], [0.427449247841146, 7.382497571255925], [0.8796591593280455, 1.1368039420676077], [0.6788832840611845, 1.4730072509929037], [0.5305969272315221, 4.236522248593081], [0.5587497984679404, 3.5383774073185665], [0.527202417038035, 4.343442532697619], [0.4023757935053435, 8.397382604522205], [0.6905427397535828, 1.4481362882141744], [0.7483311931787776, 1.3363067170194765], [0.7001506273756086, 1.4282640918973735], [0.4207546162942728, 7.64712346589074], [0.4503983981371001, 6.61178744183287], [0.46124084206234667, 6.211020103107375], [0.4307242579421834, 7.263008316598447], [1.0, 1.0]]",16.47
CONSTR,CCPSO_strict,22,100,0.024128,0.010694,5.170019,0.045761,0.567936,71.0000,100.0000,"[[1.0, 1.0], [0.42350937113848164, 7.528979383637092], [0.5134541344463394, 4.691207340621218], [0.508913755328954, 4.800960141656861], [0.6423711198035819, 1.9041293116862523], [0.4918253664208059, 5.244657288694959], [0.5470415317017738, 3.8529030813786234], [0.5583185729064761, 3.5672598664436563], [0.6049077587014541, 2.5725161430907826], [0.4168236517331743, 7.798110336081023], [0.6487322898319867, 1.8055099413958346], [0.4473057907723288, 6.667254573134618], [0.6012004254515724, 2.648792881030393], [0.4573368192899425, 6.344978692583508], [0.5411305028913449, 3.964916481525542], [0.5520261023050905, 3.6996214411484116], [0.45333542904231006, 6.454635176510364], [0.5895532026527919, 2.912655254714113], [0.4019751179309082, 8.424182728459602], [0.4607527432599836, 6.209872050286819], [0.6166058917165256, 2.365714155087596], [0.5180771975207056, 4.55972025844747], [0.48393182542242247, 5.490851447070928], [0.3889210131931724, 8.999501860582138], [0.9809683162059809, 1.0194009158905626], [0.9904799053518663, 1.0096115979705331], [0.6554021521490815, 1.7063424445224205], [0.828580636199877, 1.2068831400481483], [0.4873288054520819, 5.3645132988157656], [0.4651348547097852, 6.059940350786719], [0.808817805253678, 1.2363723863452283], [0.4046580307449811, 8.303615824175466], [0.49692639724911636, 5.121850131395666], [0.3991209957606215, 8.543528847483158], [0.611370432622754, 2.461413762842433], [0.4378317493744639, 7.012161579455659], [0.4501362694520268, 6.5559138110712905], [0.6384660305850068, 2.0517859231319995], [0.4765987512804297, 5.704171235443541], [0.5843041412357081, 2.9882735666673246], [0.4440899111610091, 6.772917588652303], [0.5935431764132917, 2.833934172382166], [0.7898931597282095, 1.2659939989151003], [0.6302451428360248, 2.1114080544857994], [0.5977672893797019, 2.760015135496476], [0.6667989117074372, 1.499702507671094], [0.3939318043305819, 8.783247305031814], [0.5788554485515198, 3.0989011309674224], [0.5035285177758532, 4.905758352582263], [0.6595323642488018, 1.6144096321380876], [0.7993588691835822, 1.251002570374106], [0.8698686511626815, 1.149598848818592], [0.9321496163460828, 1.0727891558008495], [0.8187021212533121, 1.221445473317142], [0.5642828357188102, 3.413154710190439], [0.4201828950676329, 7.663783141348637], [0.6896804313151188, 1.449946895104951], [0.3913489879805961, 8.890842520205473], [0.43356856874454314, 7.147066776205075], [0.7124878587581879, 1.403532688603177], [0.6778238752416479, 1.4753094963547788], [0.4078758155550774, 8.186197566711806], [0.49980744759469026, 5.022050681002374], [0.9220102586758759, 1.0845866307779777], [0.43045159992291876, 7.269550634381259], [0.4105777491251542, 8.052978534634397], [0.5694981401539482, 3.3010803959927015], [0.8387882654065757, 1.1921959822784145], [0.534953150560099, 4.101282708802973], [0.41378541786372386, 7.921047149104361], [0.8805212112806905, 1.1356909830094057], [0.5231854176441546, 4.389340966079463], [0.6248780671420158, 2.2245101609789573], [0.5757657728335578, 3.193513808223636], [0.7716289551747495, 1.2959596620807623], [0.7231524015659889, 1.3828343760381583], [0.44040289962952667, 6.896200899486851], [0.9014327395824036, 1.1093451081699768], [0.7807165479525835, 1.2808746050310882], [0.47032213399690354, 5.928864095970925], [0.4797715086553688, 5.616250207969061], [0.8489415795247715, 1.1779373564901716], [0.8910422128187087, 1.1222812854585373], [0.4270331980442372, 7.405459328656217], [0.7431943165759275, 1.3455431206837496], [0.9117487222833409, 1.0967934207745822], [0.5214351454290919, 4.553156574817628], [0.8593130670421908, 1.1637202299763256], [0.9713836096000203, 1.0294594124475323], [0.7010739855726563, 1.4263829789421907], [0.7622741797404613, 1.311863928462695], [0.7331582786412532, 1.363961956282181], [0.4740063770848298, 5.820790076520449], [0.9520026831520207, 1.0504172075325073], [0.961769226826804, 1.0397504641517092], [0.3966362239407982, 8.651748669292806], [0.7528904992906491, 1.328214396306196], [0.9421536202294185, 1.0613980337479314], [0.5292570980219545, 4.250705919088143], [1.0, 1.0]]",16.29
CONSTR,CCPSO_strict,23,100,0.022512,0.010100,4.177106,0.042890,0.537618,72.0000,100.0000,"[[1.0, 1.0], [0.48815999657609727, 5.342935410939816], [0.6351271810404364, 2.0274640630103216], [0.4481928017402997, 6.638625654235421], [0.5897874836459283, 2.8765969738759316], [0.5956353738849153, 2.758034651272398], [0.629901692111225, 2.1849829373490883], [0.45383708205053175, 6.431734309045591], [0.5324098012358344, 4.148364440425381], [0.6581292506111236, 1.6458153128377804], [0.6476107735322904, 1.8122953434787343], [0.4690047311571858, 5.930164014267619], [0.4574485564191151, 6.315788877565696], [0.40944308957811243, 8.103658401094892], [0.5387720876985231, 4.006456008895299], [0.5479924365551606, 3.7807048308733924], [0.5033371132046751, 4.981949733335374], [0.506111252655727, 4.844233221634838], [0.426587694552768, 7.41608999649957], [0.4421368963664465, 6.850457766112082], [0.4122831048018683, 7.979684493549673], [0.43597810478116744, 7.078070688988282], [0.5231989220801717, 4.405344595250919], [0.8717161340216455, 1.147162431635307], [0.4985451833509076, 5.075205035571136], [0.5689854032820916, 3.3053325006995418], [0.47583824741778946, 5.721293520523725], [0.5185138755903983, 4.535097938076116], [0.5095572311930758, 4.742514876227777], [0.4238073854763984, 7.52430722944018], [0.42076332789445997, 7.6383460063197255], [0.41521320167421477, 7.86462999349764], [0.4832455929259841, 5.488672873713961], [0.4008949507765711, 8.480902856265432], [0.6192965887345379, 2.3771503301786674], [0.8117531420296178, 1.231901606810798], [0.6215230715025915, 2.264814366146555], [0.6017065227597588, 2.647163844460973], [0.6554579466562673, 1.7561559496751764], [0.6427374886687417, 1.9071108266512244], [0.5763940076151636, 3.2144955117360436], [0.5618051277418754, 3.5665949312676495], [0.5853753765727693, 2.9825405085339547], [0.5442295679591428, 3.8692766654420048], [0.46192264617146894, 6.186045375834501], [0.7387928504324186, 1.3535593900437664], [0.6789008495333431, 1.472969139289443], [0.831664923499545, 1.2024073298560212], [0.3890643353805218, 8.998441190027485], [0.5659481192967194, 3.450179894298156], [0.8921659511988278, 1.1208677025347948], [0.6059264706028418, 2.5680946313148], [0.8416617997226218, 1.1881256822271846], [0.40643791619653097, 8.231672967665439], [0.43898464446601776, 6.95827894630149], [0.9241391740901493, 1.0820880967247586], [0.9026159128664988, 1.1078909486807427], [0.47987912112094083, 5.597625544743285], [0.8516793725755127, 1.1741507804468243], [0.42959311206849926, 7.304867648137469], [0.5276035755148565, 4.285389931334119], [0.8617153947294025, 1.1604759600633825], [0.8217437829802552, 1.2169243269152035], [0.717513553991806, 1.3937018951580946], [0.41818043137064664, 7.756007334993094], [0.612568989033921, 2.4643808922481387], [0.4651422536801461, 6.053877332679641], [0.664999425553509, 1.605635065461709], [0.4330449078605584, 7.17908234649171], [0.47304473896296706, 5.837833973603264], [0.39509524202423124, 8.74024264437005], [0.9349756098833898, 1.0695466164349678], [0.9891541026105833, 1.0109648207097277], [0.4035135844729907, 8.354043628523263], [0.7812806198206782, 1.2799498344519578], [0.9675395486061185, 1.03354948274791], [0.7281403373642872, 1.3733616291878388], [0.9783165318761187, 1.022164061852557], [0.4941343891306086, 5.224565926017051], [0.669802131614399, 1.492978228644536], [0.8016731360414704, 1.2473911810714213], [0.9134585798731507, 1.0947403878333126], [0.7077047008985797, 1.4130187332799824], [0.6884889662744574, 1.4524561016731858], [0.6980924367328574, 1.4324750525590857], [0.391894166063273, 8.867489916261759], [0.956594025521692, 1.04537554419142], [0.8819303119686868, 1.133876437207099], [0.5532335154914143, 3.6643300757688717], [0.5131967887586568, 4.644014477315696], [0.760092758917332, 1.3156288995890308], [0.5798537617608787, 3.11002688299959], [0.4511474069580263, 6.51758428974197], [0.7495715856270497, 1.3340953941890097], [0.7916334886880736, 1.2632108346720394], [0.9457777171068674, 1.0573308948946254], [0.39770549833677177, 8.605957810675612], [0.7707500339155043, 1.2974375037259198], [0.4453472710672366, 6.731852792523154], [1.0, 1.0]]",16.31
CONSTR,CCPSO_strict,24,100,0.024588,0.011007,4.948941,0.043487,0.554006,66.0000,100.0000,"[[1.0, 1.0], [0.68153829318792, 1.4672689854629646], [0.4833013983576969, 5.499114768758045], [0.6276511097223246, 2.1836741611210577], [0.5059430836933484, 4.881014826322503], [0.4750818119874216, 5.735068594395674], [0.5472437648683133, 3.8114728341618336], [0.4236615058466433, 7.526282020399002], [0.5170747866812873, 4.605495811277667], [0.40898053550477315, 8.119256969029607], [0.5572098441822384, 3.607320680650634], [0.4692405553729459, 5.925084347347343], [0.5728471246051976, 3.299973416461049], [0.5389971705291148, 3.994786320245084], [0.6658832772389586, 1.554678124428177], [0.44283970790133365, 6.811148806934702], [0.5304090498588417, 4.232061799559123], [0.8278278125005302, 1.2079806753283728], [0.4609425675063008, 6.192597192797292], [0.43981842576501184, 6.9342907772444], [0.5101054067331068, 4.731293487929956], [0.5009961770076898, 4.999154408986334], [0.6356664619865158, 2.069047534162519], [0.3937915099503514, 8.776113566599658], [0.4185844973274499, 7.727828413753431], [0.5517341649339997, 3.719866388755854], [0.7955661706225782, 1.2569664685684663], [0.41238212266498825, 7.990571773805049], [0.5806226649420946, 3.0603547338425217], [0.42125180935360246, 7.630259615951377], [0.4871655582612787, 5.375565515030623], [0.7013147718531709, 1.4258932509828306], [0.4536297664196471, 6.435941251369584], [0.7742259227211419, 1.291612655496394], [0.84857086570725, 1.1784519601277377], [0.6590294426221507, 1.6262753851746357], [0.5616972608132478, 3.4904097441471666], [0.44971041161787173, 6.567608127502455], [0.5205754317195305, 4.474643707935787], [0.5864408030622386, 2.994343827525352], [0.806393002077346, 1.2400901265560387], [0.495924449271287, 5.116614751349304], [0.6524409373461513, 1.747499339782614], [0.742793941131357, 1.346268385653348], [0.721675609513722, 1.3856641222415955], [0.6122062567179333, 2.4358610879889815], [0.7847573611238774, 1.2742792225202786], [0.4723468970729271, 5.841917897454345], [0.6212322431960069, 2.3384707882487485], [0.3962221469505789, 8.670235599463423], [0.7320899799970781, 1.3659523109495244], [0.40668302692310876, 8.235130517296424], [0.8169648915094979, 1.2240428081949886], [0.6392967500781176, 1.981959320807545], [0.5934075418430942, 2.951591393574087], [0.3889171690827416, 8.999425951540523], [0.43692354167311565, 7.059992633221074], [0.6069881891887574, 2.5613994623506313], [0.763883089634332, 1.3091008474591266], [0.8382268013102829, 1.1929945432869], [0.4155154767714039, 7.855298402492155], [0.4295940767440531, 7.303470994962372], [0.6716713191255048, 1.4888234342088165], [0.40365310251185765, 8.343413891511744], [0.39866589988674755, 8.564859727548054], [0.4911474371327602, 5.256539578830782], [0.6461559564659316, 1.8715724851215474], [0.7113944884261564, 1.405689833516051], [0.3913662619975221, 8.888355083348383], [0.8789070270263454, 1.137776771888325], [0.5753517937442486, 3.2122294498335098], [0.9893836513955792, 1.0107302648365433], [0.4274045832282072, 7.424937355623233], [0.45690092879137373, 6.326798179685842], [0.4793993822805198, 5.617256603755268], [0.9579830235326743, 1.0438598340838894], [0.8688279367769611, 1.1509758810353636], [0.9477957040527428, 1.0550796925160488], [0.9377163297483592, 1.0664205882693276], [0.54473544317724, 3.918926288573794], [0.8586954444350947, 1.1645572437592988], [0.753367962007275, 1.3273726126282277], [0.9276551420686672, 1.0779868020458596], [0.968304372584626, 1.0327331243282225], [0.6914241068042628, 1.4462903305786716], [0.464982147899735, 6.06422975561854], [0.8978209363695968, 1.1138078424007036], [0.4328939381564173, 7.170734258072558], [0.5974436450871021, 2.811119466552141], [0.8884805850414987, 1.1255169970352166], [0.9172723446190288, 1.0901887600408693], [0.5671846989312193, 3.357749413898952], [0.5267422073533365, 4.2911279026108735], [0.5345686028414355, 4.129891738004783], [0.9074553724260357, 1.1019825661801428], [0.40089540480434466, 8.46656573523947], [0.44841705285801436, 6.696443462210058], [0.978851434479275, 1.0216054906554595], [0.6023714816486228, 2.6791197959953186], [1.0, 1.0]]",16.19
CONSTR,CCPSO_strict,25,100,0.022410,0.009822,6.061746,0.041418,0.529574,72.0000,100.0000,"[[1.0, 1.0], [0.5627004454946488, 3.4966666248681135], [0.625052318465532, 2.224401501816444], [0.6331997627649344, 2.0586187744309425], [0.5674572414832998, 3.3583264241805315], [0.47585608987178024, 5.710746902573362], [0.6667317103738983, 1.505662769312498], [0.5112579980036918, 4.758173556088066], [0.7371953168363107, 1.3564926107934614], [0.5807274420662295, 3.0694137843815517], [0.5012322105795939, 5.005170503463735], [0.6391527889842569, 1.9748573407526047], [0.727259593043619, 1.3750248323503693], [0.4413528294346697, 6.869559865895767], [0.7777107850592201, 1.2858250383191656], [0.484034117469666, 5.472533796960716], [0.5052046664021677, 4.862402860514013], [0.5235941924893245, 4.370770130951817], [0.612317179155728, 2.473345952367566], [0.39165591603626454, 8.876523656311688], [0.5928403495125409, 2.822300607249282], [0.48122735455176535, 5.605253921976571], [0.5461131265670871, 3.826844841914823], [0.5204503476335651, 4.47643097589295], [0.4060360329668706, 8.24965240772207], [0.8335590810363733, 1.199675011346153], [0.4312066644917681, 7.242330451821859], [0.41205218349793094, 8.004918080920435], [0.7172876777248905, 1.394140776503819], [0.40883655778861666, 8.124732834736335], [0.4275791216443031, 7.375034953325334], [0.596529063842027, 2.7380634801440573], [0.6466173452618158, 1.8784678013039728], [0.6315888189465058, 2.1544641786546372], [0.8106312122130679, 1.2336065832821128], [0.48773890859429847, 5.360265430003102], [0.5325145173475754, 4.148867212611318], [0.5410751135817995, 3.9407092155461965], [0.4245883007665327, 7.509753252378242], [0.7673273047070964, 1.3032248349115105], [0.9803506086316729, 1.0200432286116012], [0.6502293611962605, 1.7793191139759468], [0.5282051885934368, 4.278534843414367], [0.7994915257846923, 1.2507949962552896], [0.6011796572016612, 2.673719679362837], [0.41461058937656325, 7.886672000037412], [0.46200045988876604, 6.171954502403254], [0.3890874324630121, 8.993915154162604], [0.43472289963651284, 7.117886354117864], [0.9901397831049541, 1.009958408967394], [0.6971182857203184, 1.4344767889235899], [0.459307494814947, 6.2751272960145155], [0.43793502922691213, 6.98544770131263], [0.455471837490561, 6.3925916136564815], [0.5511939480799215, 3.7159705522679825], [0.46910985367228475, 5.9771956202880565], [0.5380220740292493, 4.043574028367828], [0.6185778884374491, 2.320499413610631], [0.663559607007131, 1.627797249134624], [0.7471104192060142, 1.338490234231698], [0.5156864500221667, 4.589241735114665], [0.49264378686390903, 5.243766214160771], [0.8448530932703318, 1.1836377329567582], [0.6570732278279143, 1.7115219864570952], [0.4523896229982158, 6.495360442421199], [0.6765990388765726, 1.4779802254233223], [0.8671777609834482, 1.1531661038746206], [0.9104986069989203, 1.0982993189809305], [0.7885610996646308, 1.2681325523479317], [0.686785852190697, 1.456057949956625], [0.5562947911724033, 3.5946946786400713], [0.3945346504617271, 8.762596846599862], [0.8783405305978472, 1.1385105948820835], [0.4213602681706623, 7.615661481785843], [0.44892991366387597, 6.631123920792916], [0.9607194827748627, 1.0408865625496453], [0.4446066164521106, 6.756359376078387], [0.8561933346537137, 1.1679605055608715], [0.465084520192139, 6.059106335528381], [0.8890390400334811, 1.1248099970529304], [0.9409249000483383, 1.062784075486393], [0.4029818715842119, 8.376563697312719], [0.4197421643526724, 7.764153755889921], [0.5718641462070223, 3.2783442539665213], [0.3977225336057328, 8.64082642463218], [0.8220196971249488, 1.2165158614781926], [0.49751703787391544, 5.115172722563947], [0.9508413264130798, 1.0517001861628843], [0.6052186584784505, 2.5715565189193406], [0.40116286156123415, 8.518215997435906], [0.5844485450245218, 2.985353920052066], [0.5749103093939812, 3.204506286975568], [0.47216398432435336, 5.833240213836473], [0.9705041228210456, 1.0303923254784495], [0.7071830902825338, 1.4140609606494974], [0.8998439512126585, 1.1113037973443818], [0.7570718275519656, 1.3208786321286798], [0.9308781107434205, 1.0742545006256266], [0.9206557466417985, 1.0861823256386756], [1.0, 1.0]]",15.99
CONSTR,CCPSO_strict,26,100,0.023573,0.011030,4.294100,0.043760,0.547448,70.0000,100.0000,"[[1.0, 1.0], [0.5903252781590268, 2.929918283530742], [0.4741823121162241, 5.792275900630236], [0.47085835410769483, 5.896184029380476], [0.5496141411715276, 3.7558071394817794], [0.41946564572258793, 7.703522951032049], [0.5086889671683916, 4.7911235490131165], [0.5131877883112064, 4.669470883185668], [0.5644184880683104, 3.4059305219494647], [0.4163021352679273, 7.8252032113402885], [0.49439567313150795, 5.1981527252385105], [0.40055663189166685, 8.483632821686562], [0.49768238944466336, 5.065327852799717], [0.5591502798342101, 3.533030222619686], [0.5051313619140592, 4.9555674214087855], [0.6082502305912201, 2.538337949506183], [0.613261938590718, 2.433673313519233], [0.644711384535296, 1.8809437256138795], [0.9001596597447922, 1.1109140352762685], [0.6641560395631625, 1.5602690927847904], [0.6254053383428664, 2.194831175146564], [0.48607145208024083, 5.4493122670022895], [0.8215779328375235, 1.2171699847709536], [0.5538280157473564, 3.6436477998187944], [0.5248619753954308, 4.340552596256358], [0.6818474551602673, 1.466603699158709], [0.4136112760946669, 7.936151734442657], [0.5763794609662835, 3.1807974037857227], [0.4464093016066901, 6.681938195683134], [0.46033903910115004, 6.2085853156642585], [0.45729821592148734, 6.334326962892362], [0.5836213052790469, 3.0750710919687516], [0.7904652112596379, 1.2650778120980937], [0.6518068690865189, 1.740087539714362], [0.9792485440511147, 1.0211912042912388], [0.8906503304881455, 1.1227750844171611], [0.43922937663474965, 6.942276180528111], [0.7118325908090715, 1.4048246918048475], [0.9896051463370628, 1.0105040416386404], [0.39767242236855976, 8.610221064031958], [0.7504619260425517, 1.3325126369479527], [0.41102451425130976, 8.043778996357236], [0.6402839294038598, 2.0094931430762895], [0.6712440075767662, 1.4897712139137957], [0.6594161121837905, 1.656949914481358], [0.5702856597807853, 3.2899033919921217], [0.46752989435169695, 5.986847904326085], [0.4317846375973254, 7.231615103969221], [0.4259447690414924, 7.468854539068807], [0.7602823536842392, 1.3153008157484087], [0.4061922759654011, 8.262075557682735], [0.6018210299134071, 2.635731452944853], [0.3946931827032602, 8.740076483872643], [0.4502596576888088, 6.572363599900216], [0.42875295870451335, 7.351149357399509], [0.919418152853298, 1.0876443943342062], [0.9097475480054381, 1.099206040392672], [0.434987029277473, 7.098741268162931], [0.9291376514440388, 1.076266792596155], [0.8318322481384245, 1.2021654633346108], [0.3918412930442064, 8.866061585937814], [0.7212974113608464, 1.3863906680509712], [0.7802763853282969, 1.2815971607025576], [0.45370145349638163, 6.448602931986684], [0.8520956349309923, 1.1735771889982582], [0.81113945887638, 1.2328336256569696], [0.4033346674707453, 8.362335344554687], [0.6325413184636883, 2.112086799021459], [0.540337870069315, 3.9794810380730117], [0.5172945987199878, 4.578567834798995], [0.47751072203382217, 5.673622785860969], [0.692373967684725, 1.4443061794249226], [0.42234280550157954, 7.588235312639495], [0.4083326463653155, 8.15858751501852], [0.5939738221402561, 2.8092196096242437], [0.9389590205676073, 1.0650092049762652], [0.969123598086759, 1.0318601280313442], [0.8811623935540163, 1.1348645917203444], [0.7308182029680548, 1.3683293546038173], [0.8618206533792321, 1.1603342250837936], [0.959041505862344, 1.0427077388072241], [0.388904966677276, 8.999713315219893], [0.5217592075204265, 4.440829583409024], [0.8007446214767129, 1.2488376108675265], [0.6193182578279292, 2.3177634288650717], [0.5459615492067675, 3.8823022006067838], [0.49130027718100755, 5.332786423086625], [0.7703018117002469, 1.2981924549713213], [0.5305397451057317, 4.22159797485162], [0.5347725723341875, 4.0908149675623], [0.4816076638271446, 5.548323811326035], [0.44330387029049634, 6.828500988604914], [0.7020406553143814, 1.4244189313397941], [0.46348701160409156, 6.1130012278366], [0.94896044123525, 1.053784706450263], [0.7406123461374832, 1.3502340397311787], [0.8419878941717395, 1.187665531680472], [0.871259935550294, 1.1477630947971833], [0.6005305857303932, 2.741455113535709], [1.0, 1.0]]",15.73
CONSTR,CCPSO_strict,27,100,0.023693,0.009754,5.571192,0.044928,0.547146,63.0000,100.0000,"[[1.0, 1.0], [0.496598330533316, 5.117119338779209], [0.6080324443967529, 2.543198307865217], [0.6298073102795223, 2.140364721178354], [0.47919273799984935, 5.609281712288312], [0.536136151621052, 4.06877556645567], [0.5691064132448034, 3.3195559158426327], [0.556890809388655, 3.600946313022192], [0.9801540307236544, 1.0202478066245295], [0.5935510567563278, 2.842723625604947], [0.6486715873746018, 1.8187632706699757], [0.45362960015609927, 6.438229551713448], [0.39461807271993077, 8.75389328150905], [0.6440798031246961, 1.9261520623206476], [0.5486297078760604, 3.871823290971055], [0.8704194144970951, 1.1488714329491065], [0.9702546438478812, 1.0306572674923289], [0.4862557808163993, 5.450238055796663], [0.41544453010254023, 7.866414546311399], [0.3889100020048499, 8.999713880172125], [0.7013074904980746, 1.4259080553806596], [0.4326841250533307, 7.20355510820751], [0.5625689146174091, 3.4556150102322314], [0.7666707200095333, 1.3043409300769506], [0.4765017783050962, 5.7098150765822675], [0.600717695003965, 2.7540549246455446], [0.47285094000091726, 5.809090855529988], [0.5316299207990147, 4.204647149651034], [0.5770568486195847, 3.1363222528592796], [0.9102771183713065, 1.0985665571702254], [0.9900715132993381, 1.0100280500623395], [0.5058569572284628, 4.848975854758193], [0.7335036768996627, 1.363319682631655], [0.8802543950129854, 1.1360352253455641], [0.5012785417011536, 4.993890551878807], [0.8901346623169832, 1.123425524624602], [0.7120803451205059, 1.4043359107612627], [0.5840395744547517, 3.0481164782223504], [0.3973778221074525, 8.625177451977027], [0.7443378336300661, 1.343475979345418], [0.6586857372710789, 1.6341533939710498], [0.5159514850470437, 4.606498167691488], [0.483026571334907, 5.538001477544865], [0.4883696424561714, 5.336500971836884], [0.4089535464941989, 8.123328549049551], [0.4469286459210475, 6.6739847282062446], [0.61462558939373, 2.4219679507729728], [0.9303629369184676, 1.0748493521379765], [0.7227795592108386, 1.383547704492145], [0.9203437980135659, 1.086550484893103], [0.6541108093483025, 1.7292317184148074], [0.41942990772199307, 7.727272145233883], [0.46889774198873296, 5.929547308126672], [0.6202065447087282, 2.2988904228820415], [0.399997656764658, 8.50159776763552], [0.5873861569710258, 2.924017511508272], [0.5232177970211768, 4.397426996146817], [0.7777812968352789, 1.2857084685231037], [0.5420613786490789, 3.977600517065551], [0.5735601999979764, 3.232447271185694], [0.5511392576647761, 3.723589180659692], [0.9404562221000038, 1.0633137157272852], [0.44460536725784056, 6.783606418051381], [0.6261707459306229, 2.2965583950740767], [0.8407815471311746, 1.1893695852532606], [0.4509807484736043, 6.564488549334782], [0.40639362208088814, 8.259936845542489], [0.5275677089015696, 4.288670480874783], [0.820215820078646, 1.2191913097995544], [0.7994547223330193, 1.2508525774689738], [0.4283875597658791, 7.344773359102169], [0.46592375995171065, 6.049124668925287], [0.8506062090291739, 1.1756321425649294], [0.6907302910743521, 1.4477430813763996], [0.9503927539673512, 1.0521965743378898], [0.8605309478930564, 1.1620732554110027], [0.6362767721675717, 2.04590737297387], [0.809986083734894, 1.2345891121844224], [0.7556056182358568, 1.3234417212708671], [0.46267912749620316, 6.169503494343179], [0.43979757656911045, 6.918008778698399], [0.6034132852596336, 2.6374594022404994], [0.4028769103094781, 8.379479746794447], [0.3917673673052652, 8.878565260161572], [0.4363186996730723, 7.061191469725386], [0.6632656500012031, 1.555350958699693], [0.5184863626271117, 4.5027316302081255], [0.9602736105985197, 1.0413698647583574], [0.6803306522926702, 1.469873504346842], [0.41219221030689074, 7.9913700128650245], [0.42497353852547387, 7.47324684284094], [0.5101286576963405, 4.723830386941304], [0.42222499430292376, 7.580976901147197], [0.8305567180212039, 1.2040116927625288], [0.49395756056284246, 5.239094897139071], [0.6702702546812158, 1.4919355185702003], [0.9002027045579094, 1.1108609149214912], [0.7885459428400344, 1.268156927418066], [0.4583608559095354, 6.346772628086819], [1.0, 1.0]]",15.73
CONSTR,CCPSO_strict,28,100,0.024082,0.010437,4.049330,0.041214,0.519234,64.0000,100.0000,"[[1.0, 1.0], [0.4786713559259121, 5.630976626306124], [0.5663551907032459, 3.3698988030596793], [0.636997449415255, 1.9984684618255242], [0.5218078822714787, 4.415113965275284], [0.5161696716964955, 4.57302385062245], [0.8509575533710768, 1.175146746201958], [0.5255876277497487, 4.319235896855784], [0.5756322456944375, 3.1871472024757663], [0.4863273620350775, 5.41951696032462], [0.4023601384228811, 8.40573236030452], [0.5805653615819504, 3.108908567493331], [0.7039018008758076, 1.4206527085962581], [0.5321801271859616, 4.217920977200614], [0.5834168471922597, 3.006713050669009], [0.3889451329837798, 8.998566542614943], [0.6654514459065842, 1.5463580487519526], [0.7472025705010632, 1.3383251603770776], [0.5564253843078012, 3.651996326429043], [0.4188811157730213, 7.7112857128063395], [0.4435385771083897, 6.8047165763206365], [0.43936539159720833, 6.945956347963766], [0.4711593648480011, 5.857819038559829], [0.39471283173218835, 8.735581271587382], [0.4612142342548423, 6.18515823476149], [0.8199807528921478, 1.2195408202849978], [0.6832290702351789, 1.4636379562359418], [0.5620236545191096, 3.46026973404523], [0.4944680785514812, 5.179349211559993], [0.8096283791831816, 1.2351345700219656], [0.6308515142124096, 2.0984199829621586], [0.7365014177670778, 1.3577706381500205], [0.5891355909495937, 2.915999222113315], [0.6729837795294307, 1.485919914294559], [0.8919905802540644, 1.12108807215786], [0.6070442619127066, 2.546472036380751], [0.49023153275241377, 5.294611272998518], [0.830225180991462, 1.2044924954044292], [0.9337924550236674, 1.0709017776060898], [0.5934968770861617, 2.802256355754763], [0.41026953919351994, 8.062290770199594], [0.6010539561510291, 2.6895296289323123], [0.41329866432344137, 7.945355565450873], [0.9127000330628177, 1.095650228744074], [0.4505615623126295, 6.557403820647999], [0.47445290378795324, 5.762571939206958], [0.8715545094800352, 1.1473751660083713], [0.6196005127244508, 2.31512843581427], [0.5458802683102383, 3.8371958280398593], [0.659955024667362, 1.645713743980726], [0.6272011947302961, 2.2447268870135533], [0.7787899090358095, 1.2840433451918534], [0.5516595187942911, 3.73924782254167], [0.7255117595529954, 1.3783374105695037], [0.45497677964945193, 6.427483445577916], [0.7683219738401262, 1.3015376808786698], [0.7890353955910764, 1.267370267021909], [0.9887542606819123, 1.0113736443576302], [0.44706051985073664, 6.688645759542987], [0.4160062086940462, 7.840450451976922], [0.4993138435524263, 5.030331368310866], [0.6428096230177077, 1.9313033802331194], [0.5045983057495544, 4.931508553778386], [0.4575061664154443, 6.302981468058024], [0.6932727248981551, 1.4424337841170725], [0.9553952843478943, 1.0466871842292487], [0.8817993419812369, 1.1340448471567108], [0.923201780451372, 1.0831868191492002], [0.571472828875536, 3.276952534989622], [0.5378357978046405, 4.029533728495242], [0.5076582562858484, 4.805721216668988], [0.39744018444735374, 8.619601423932549], [0.655019039688984, 1.7210081203596184], [0.9664495706399231, 1.0347151371155991], [0.6479027845780232, 1.854059779177946], [0.7992961391473656, 1.2511007510517085], [0.8405765167581398, 1.1896596919655933], [0.7578888446549349, 1.3194547024310639], [0.9776411519857682, 1.0228701993249945], [0.6136376887972815, 2.4305750164964692], [0.43562376211433823, 7.076777515222982], [0.4075323609743063, 8.176705893417745], [0.5412996393970786, 3.9394290040797535], [0.5588902118265832, 3.5328312070427694], [0.4654940014928045, 6.067577760907449], [0.39184312490112516, 8.869966617601191], [0.432465655377818, 7.209599204491317], [0.48244952674287084, 5.5160347869573645], [0.9444959425939654, 1.0587657976100968], [0.42955625567454325, 7.297444437507331], [0.4269253206141923, 7.446772618650275], [0.8612494793255973, 1.1611037498484778], [0.3999924316036656, 8.519662890174075], [0.5123167554890631, 4.68110856945157], [0.9024464005403668, 1.108099050981], [0.714524480064981, 1.3995321754533265], [0.4050335837471681, 8.293658851127839], [0.42473153923627593, 7.585618433397821], [0.4679627584251924, 5.970857761328984], [1.0, 1.0]]",14.89
CONSTR,CCPSO_strict,29,100,0.024152,0.010739,6.030335,0.046039,0.561337,68.0000,100.0000,"[[0.6599606452453926, 1.6225519548922605], [1.0, 1.0], [0.4329047825699786, 7.1819844711272705], [0.523061938017024, 4.433498086613725], [0.4710932406047638, 5.871433790800302], [0.4528565894310295, 6.459481769915398], [0.4163723585363864, 7.821363081725988], [0.5366653221775032, 4.043894043334625], [0.4596020415180674, 6.231623887565707], [0.8313506851944251, 1.2028618221035488], [0.4980474235172535, 5.058227797048306], [0.6307313365846756, 2.1096860533621857], [0.44952425842737664, 6.577280014632305], [0.8982717048677371, 1.113248914088017], [0.6366632974601215, 2.0148437421512586], [0.6201729818388622, 2.3049787618728104], [0.5279780060183019, 4.326999644370855], [0.6657713230153673, 1.5592957122182258], [0.5472547735235134, 3.7991232629928415], [0.8410073522298286, 1.1890502471216473], [0.6491532581414249, 1.8003595975569229], [0.43886336971938467, 6.963785725440793], [0.5183061767842145, 4.529476744224243], [0.5034956575000398, 4.904158131871667], [0.5325893201155798, 4.198342916192226], [0.9352480900855646, 1.0692350089787526], [0.4228997146644552, 7.556212741712743], [0.38901041115509416, 8.999620892085378], [0.6252177683499116, 2.1994424828687773], [0.5786832645459163, 3.126665294293849], [0.4796285010897514, 5.605104785623928], [0.4416598122252642, 6.851790970327364], [0.7188116557173106, 1.3911850093778573], [0.8217104864249754, 1.2169736379423741], [0.5649507087473793, 3.4071110383849383], [0.5429931468822591, 3.9369977951628123], [0.5566683964540686, 3.5803255091894584], [0.9444455808820669, 1.0588222553448214], [0.9536354239705863, 1.0486187644292497], [0.4265577932165278, 7.423735065951963], [0.926079352075982, 1.0798210733867577], [0.7925353390945681, 1.2617733881021], [0.44588551983944574, 6.72321796458789], [0.8794099357506865, 1.1371261107555883], [0.5753691174576221, 3.2201819366110924], [0.5939448362617645, 2.820592385261906], [0.9906517032202959, 1.0094365120953366], [0.6010554815400584, 2.653012996909608], [0.9813058756461538, 1.0190502521362534], [0.782338259023637, 1.2782194766340664], [0.4889209105194898, 5.325802167816167], [0.41340231413372946, 7.938647993475353], [0.6067151667011791, 2.5550382918627568], [0.4301982150574223, 7.306278707024042], [0.9720651392843178, 1.02873764276358], [0.6960123949862074, 1.4367560221679911], [0.7073944327303188, 1.4136384932240933], [0.5519342520439223, 3.710837103650019], [0.6552866175896118, 1.7011754940506727], [0.5721466155360861, 3.302838593489401], [0.5878682913893807, 2.922965431466454], [0.3986541820694633, 8.57502658981529], [0.7513071210694415, 1.3310136054301718], [0.4680521393671988, 5.987920636999749], [0.47604175277079175, 5.747314745068095], [0.5140193538487151, 4.619842612201324], [0.4045549579141987, 8.303083572001626], [0.8699023586507911, 1.1495543034864153], [0.8603482221120777, 1.162320063317025], [0.41958530249743575, 7.683808977077663], [0.4958031811863819, 5.202445880809924], [0.45723115686587373, 6.35250193683993], [0.4362333465506635, 7.080776271462299], [0.582374447468132, 3.0314695189068375], [0.4019453939701748, 8.439580504167695], [0.772093012645642, 1.2951807406900568], [0.8887953098835073, 1.1251184483985048], [0.6734420513537435, 1.4849087579099263], [0.9628866702930545, 1.0385438191761966], [0.46429847180332806, 6.111577654864854], [0.4857440482390646, 5.469533765703502], [0.9167990840857491, 1.0907515259978915], [0.40838158731877194, 8.18896278622542], [0.8119413323263162, 1.2316160788795807], [0.7295696344591889, 1.3706710816456529], [0.5088536581770684, 4.758757130433126], [0.39553008872527645, 8.70497120317228], [0.7616111051396317, 1.313006064711547], [0.8506787761156401, 1.1755318553569525], [0.6429502899097339, 1.9168574745695908], [0.5609944297333933, 3.5247468045240837], [0.4113372938189972, 8.085886506123666], [0.3924369649972786, 8.840624451643471], [0.8021531502763846, 1.2466447331852362], [0.6196718341086771, 2.3946801464082683], [0.6847031842152373, 1.4604868548203636], [0.9075228669215198, 1.1019006092840165], [0.74032519539364, 1.350757756486037], [0.6115058363441788, 2.4548620171090234], [1.0, 1.0]]",14.59
CONSTR,CCPSO_strict,30,100,0.023085,0.010694,4.223658,0.042892,0.539578,66.0000,100.0000,"[[0.566994012196479, 3.381165932859548], [1.0, 1.0], [0.6483735856307405, 1.8024565719783792], [0.5462560451519436, 3.914954853252121], [0.787196324319309, 1.2703311348216761], [0.5190690140917665, 4.502377894485784], [0.6358343523390446, 2.0226420026217573], [0.5470229096270804, 3.799960229828837], [0.4112211648831091, 8.024439103929524], [0.4644022601597469, 6.0755091123776825], [0.5058575107911054, 4.8416110355232895], [0.6156684398730067, 2.3754142740140245], [0.4760670483412186, 5.7149505597451125], [0.6068369688058957, 2.5354330735374644], [0.6119669694591234, 2.466719918028187], [0.4501551571673632, 6.550554220451342], [0.515850404544081, 4.625130207689569], [0.8291957999494275, 1.205987777628625], [0.4572820504829725, 6.31613344876212], [0.6788287784905171, 1.4731255239703562], [0.4086469754900854, 8.135602121198906], [0.5628525173268977, 3.4980582527314716], [0.734080231782718, 1.3622489159958637], [0.4424105744201032, 6.838508751928989], [0.662105754961423, 1.6212925084806291], [0.5836629466431982, 3.079796159282446], [0.8501509707713729, 1.176261669257007], [0.5862639452054966, 2.9514289369415425], [0.5767819576330635, 3.165445130024366], [0.5008824934200109, 4.975775850357056], [0.8083227217722825, 1.237129642734101], [0.5235641790914312, 4.37198575813847], [0.5291396755317058, 4.2473875821822915], [0.625623567373116, 2.2129346162319004], [0.43019921513142, 7.276680065787593], [0.9221412431257145, 1.0844325719673629], [0.397385969223796, 8.62306459652748], [0.6534432072610363, 1.7305150985221331], [0.48073070176600763, 5.595343620539572], [0.818776480819517, 1.2213345441958658], [0.5913245190487001, 2.8623293498575824], [0.7445971660568276, 1.343008066087214], [0.43755643868258526, 7.069535971417315], [0.9121871039550571, 1.0962663204338279], [0.4331231352209346, 7.167546643916635], [0.9514517462870391, 1.0510254502158585], [0.8396814467344954, 1.1909278261285638], [0.5579159489652847, 3.6069732843299085], [0.9901895833203573, 1.0099076145062502], [0.4906466921062458, 5.374058016293869], [0.4923884459692726, 5.221471400704121], [0.9610786433734108, 1.040497577274191], [0.5982789612566919, 2.789400738704114], [0.5400270020851106, 3.972134601170418], [0.4400503895777601, 6.948645259882959], [0.5728888610923516, 3.289970418839803], [0.3921276638018365, 8.868987659808475], [0.46915702396300313, 5.942512674552951], [0.7977777977894478, 1.2534818627077453], [0.42388441988670467, 7.522997167216264], [0.7229077744627661, 1.3833023178415211], [0.7657195878637815, 1.3059611061926968], [0.4720800675011776, 5.841436010409661], [0.484603636849705, 5.451261029344914], [0.45451141508825726, 6.434546200729623], [0.5346076850016609, 4.104853840134181], [0.5113901823183409, 4.7276136711551215], [0.6303244695790896, 2.1182422291754737], [0.8710591865672443, 1.1480276144505155], [0.6421086558486852, 1.9088649221560212], [0.700613239349972, 1.4273210151264035], [0.4059898389057639, 8.242143552608235], [0.6897304433917177, 1.4498417600396845], [0.9707467705643025, 1.0301347687396296], [0.3892255781203221, 8.990654274435782], [0.40048101367852945, 8.491640107354634], [0.8919477827990098, 1.1211418642265278], [0.4216248598639008, 7.661076884645798], [0.4613041139412906, 6.198412782350019], [0.7551827247988719, 1.3241828330571654], [0.881564511945184, 1.1343469325840787], [0.5520474939812086, 3.7343315549660647], [0.9318578998719231, 1.0731249905564384], [0.4146309482445525, 7.898835513728722], [0.9804109155690479, 1.019980483815383], [0.4032726840220328, 8.361962771113632], [0.6201646445054576, 2.305520516835609], [0.9021135176938827, 1.1085079431647908], [0.4973153539884333, 5.106003535587689], [0.6014539798834285, 2.6694643394285866], [0.7115648299472092, 1.4053533253943844], [0.39464799653958355, 8.744438233048038], [0.41795779978944037, 7.768705128952703], [0.6670469749552577, 1.499144794213444], [0.4477610133103389, 6.698280058583724], [0.4279216640499719, 7.379256426164902], [0.9416021812137728, 1.0620196298939637], [0.7765155655105511, 1.2878041914620348], [0.8606058841700173, 1.161972069206123], [1.0, 1.0]]",15.05
