problem_name,solver_name,run_id,final_archive_size           [archive solutions at the last iteration],final_igd                    [IGD of the final archive],final_gd                     [GD of the final archive],final_hypervolume            [hypervolume of the final archive],final_spacing                [spacing of the final archive],final_spread                 [spread of the final archive],final_feasibility_pct        [% feasible in population at the last iteration],final_front_feasibility_pct  [% of returned front members satisfying all constraints],final_feasible_front         [objective vectors of FEASIBLE front members only; for honest cross-algorithm HV],run_time_s
OSY,CCPSO_strict,1,100,,,18693.080185,3.046856,,25.0000,100.0000,"[[-254.56797146384483, 64.78033600641126], [-243.77949402709433, 38.76236419527319], [-110.16328826216524, 17.95749944236571], [-210.53022072045945, 25.77463217714849], [-123.66076449382547, 19.081156609802466], [-180.2702497638954, 23.559388211104398], [-130.62636601254565, 19.559357288179473], [-112.87718652891442, 18.213317613805874], [-221.00745438524814, 26.68527199696301], [-162.3420144787676, 22.348282257965916], [-187.2067706226725, 24.08817695963175], [-169.07715664665957, 22.749696083693667], [-115.34981756837546, 18.387000690931274], [-168.21311291755657, 22.616631745501472], [-163.8615256165718, 22.446115565795356], [-205.54182790773626, 25.471661646364428], [-116.654471075623, 18.405547680432626], [-136.99614513977914, 20.121273863184754], [-196.4172791115465, 24.865681058428763], [-176.46598762659116, 23.191777263688174], [-166.44893919173754, 22.607404372434278], [-131.33177150851853, 19.59278841573659], [-223.85587625767542, 26.69513246941662], [-117.83701891577498, 18.452408200924374], [-237.32687620516384, 27.81381768618494], [-261.7107363205165, 74.96815372596929], [-127.29389860055738, 19.28906002978618], [-219.78028688980916, 26.47393504239809], [-193.16570205009214, 24.6220705685117], [-103.62881190001924, 17.2401410427808], [-44.40007631457713, 4.014641657583323], [-209.13835271490166, 25.754339814662675], [-155.40290475309973, 21.55134098011874], [-157.36048466847146, 21.891867661520998], [-173.35937856141294, 23.08839263318577], [-196.09069438435367, 24.664729084280687], [-104.68298704581944, 17.40673953328653], [-61.142462262064896, 4.279804727791922], [-158.90349379529468, 21.932630707836875], [-231.3375776559004, 27.237503695995276], [-156.61591366151677, 21.640179948860954], [-192.47382170220354, 24.581819500933694], [-146.53540838653768, 20.86670947244356], [-58.20811061339689, 4.225088662609913], [-75.33956285995762, 4.673072636354015], [-181.7002477896643, 23.637413252249086], [-51.621536307309, 4.0963352437814855], [-266.5186057283066, 83.81552277388418], [-232.5334670412086, 27.529167248536496], [-138.3277831140098, 20.297826577112794], [-170.99475478283605, 22.80005551341092], [-184.02079971314592, 23.879083970975607], [-102.21283907855045, 5.5405840537754605], [-161.07988330252172, 21.972743215068334], [-133.37439099090756, 19.890823254259352], [-69.73847252950918, 4.553246277570433], [-129.08581413281306, 19.435026443628384], [-143.16943423940566, 20.594017714752145], [-135.7102902191885, 19.956514995144033], [-150.73584800306332, 21.32552162342047], [-149.79703966415613, 21.254608008225958], [-66.331573548765, 4.361610503336547], [-213.70957701489309, 26.119591061677724], [-56.286686881346455, 4.171055429187486], [-63.46940635692469, 4.2906010853127095], [-177.51511244603523, 23.40151177988773], [-203.95183123175846, 25.37381669998125], [-147.25411507108686, 20.896216441914653], [-148.9679189320637, 21.024623194424883], [-211.82346682330027, 25.974301818893462], [-105.80753291416218, 17.57667522984093], [-119.72548523385908, 18.734921620665364], [-114.34505947954953, 18.296428033761327], [-110.47640051154318, 18.04738386237252], [-182.84958845688985, 23.786432497278543], [-80.61106293546393, 5.019983238345863], [-218.430570491529, 26.34217186676248], [-126.21426173921789, 19.15796012530914], [-141.39186230016335, 20.565860074205233], [-49.336491299562574, 4.081132831615064], [-93.01456182931202, 5.253905767613462], [-64.7160958542368, 4.311414173556614], [-153.24167719633962, 21.393097866526492], [-171.84315240226164, 22.981519128829724], [-165.44451248736735, 22.500710959961943], [-46.93301117157961, 4.032401429843008], [-54.50517067579997, 4.114618695529372], [-52.01988504929166, 4.1105176619672825], [-108.28094979058383, 17.73861833169242], [-144.15990733909982, 20.866327085974753], [-42.18689338109399, 4.000171331707587], [-184.82881121071546, 24.027007306894852], [-202.07188903137535, 25.186272868293642], [-190.48057728354965, 24.23193418094198], [-246.30110879900457, 60.81983788577133], [-122.14918402977439, 18.871437968642084], [-139.98453929199354, 20.486825737475822], [-120.23136987406009, 18.858089100944852], [-68.34198336273762, 4.407542065677052], [-48.171084747144036, 4.063774960374984]]",12.88
OSY,CCPSO_strict,2,100,,,198.933114,2.945899,,8.0000,100.0000,"[[-205.92790986937783, 25.448853211098648], [-224.19947852431187, 26.94185003236842], [-148.24356598281875, 21.210977202943866], [-153.86178001457444, 21.613454921890675], [-158.3561653990057, 21.891723123146903], [-145.17443176044628, 20.857764683126938], [-119.02402606692235, 18.58012956918746], [-71.7588809728584, 4.514133919461078], [-127.00271292383475, 19.249855525617654], [-236.0070320227267, 52.929417010901616], [-127.65493662858366, 19.33279900832042], [-58.11455217371439, 4.183648349968443], [-142.77798241939092, 20.64717597909056], [-144.45180666860335, 20.687429080133793], [-74.52411522587683, 4.579540397968323], [-168.69373627640448, 22.739816724557997], [-162.69098544983967, 22.304699581562662], [-179.4795550865023, 23.409141576394784], [-108.93953234366903, 5.926021929587632], [-130.57257124971125, 19.70594766147097], [-115.44817365127295, 18.32014307743608], [-165.9580806041746, 22.47556121933795], [-80.536860316521, 4.837636496169991], [-169.68041315044243, 22.791847349787933], [-209.08348671923216, 25.932306709766614], [-111.08332499350944, 17.979324591101573], [-112.78255628620859, 18.017522251288803], [-70.73460467568854, 4.476761397004132], [-165.33122445668886, 22.43780738100679], [-116.46619789138869, 18.37840941693437], [-139.5638511873433, 20.52310105047572], [-84.53204279746708, 4.949015649880425], [-153.6137460537858, 21.48669788912212], [-222.0824910551985, 26.833330125801695], [-97.9358590944067, 5.334902748083994], [-107.09672864080521, 5.741551077376753], [-203.09029510426672, 25.42181260574595], [-220.66035288964684, 26.493288900814466], [-125.76374145501356, 19.133057898088747], [-66.67576367148041, 4.421837223990076], [-227.08285822755266, 26.96030307632518], [-44.00962905474855, 4.010169737705955], [-60.240980283924934, 4.277518934640318], [-161.01442847916806, 22.00181005675026], [-167.0740312608449, 22.508370494576916], [-207.8951108396526, 25.64960536980343], [-137.67092077272957, 20.107830687391814], [-196.4614398591061, 24.780915587418242], [-121.21049736434635, 18.931850007787816], [-114.47741519105685, 18.236292608784936], [-198.10594019548924, 25.019544762219784], [-46.39517183944399, 4.025462338442663], [-123.91420511546802, 19.04629829144907], [-189.6450919360112, 24.17567081817083], [-87.53708808596923, 5.1759196218961945], [-77.67000528399223, 4.666728365354239], [-228.24936887653, 27.257117993274008], [-54.270210767846564, 4.1472376232087775], [-117.88892440764442, 18.460097128324254], [-113.97743829472886, 18.193598868398812], [-120.3286640981534, 18.878682716065587], [-101.58663574116844, 5.449620847279243], [-46.79405044509658, 4.032750847600591], [-131.54141229581194, 19.73119065123397], [-51.30256073000651, 4.0894052653449275], [-163.76162923374216, 22.383436473846864], [-160.28947258249164, 21.97696024058185], [-112.93325929255654, 18.049329511355925], [-109.97162533929736, 17.846107724316127], [-142.30090198048714, 20.609257940183266], [-150.87000349143358, 21.25317761542124], [-119.5687145785947, 18.815538211481808], [-147.77963256881742, 20.946987331006245], [-124.81445746700146, 19.069659643236214], [-172.51104966084407, 22.884912313017136], [-179.9039485386559, 23.640967432500013], [-59.014404773474396, 4.218503597998728], [-202.92661796868862, 25.36617219980019], [-128.7326313906437, 19.44432478502144], [-214.6616653193705, 26.17101192748759], [-133.1800603678193, 19.917808402203516], [-133.0364917565288, 19.808651590741565], [-176.45251145607207, 23.27334043451526], [-227.7617706656609, 27.006218138075173], [-182.32105568336263, 23.860812749187726], [-140.9246021702163, 20.59562443821456], [-161.48731543987603, 22.219604684156288], [-232.14444125387652, 27.90371642260169], [-122.37362288364749, 18.969485361078064], [-139.22214318442673, 20.299962296167582], [-138.1721081144795, 20.22663168067874], [-129.7625287753956, 19.529346487978433], [-48.62005159799566, 4.036044038907476], [-134.56041726559866, 20.088495194842437], [-152.51389181545673, 21.483107788080133], [-157.37936215570434, 21.70016759659216], [-143.97295849646935, 20.68255509743765], [-190.32032114919653, 24.456448954682994], [-61.17639184777139, 4.331568728033421], [-184.46605987712428, 23.904948274322443]]",10.10
OSY,CCPSO_strict,3,85,,,9488.494564,1.593617,,13.0000,100.0000,"[[-220.74669912120063, 27.758786863472924], [-210.37033262703545, 26.00919468507858], [-153.35289302605173, 21.39891973029643], [-111.5270223515468, 18.085251500681267], [-165.45822847833114, 22.352626010386064], [-205.19654398473904, 25.357119536328444], [-129.43265067484393, 19.464166615841826], [-51.479221349064844, 4.117391413017764], [-190.77941764743827, 24.448978103770195], [-44.865880035007535, 4.010138543536894], [-199.41095643866612, 25.211251983274536], [-140.89539445829925, 20.58331308058397], [-226.91887066712775, 28.032130554453982], [-144.2610348575411, 20.770867247447985], [-143.60732644042992, 20.7226239189154], [-157.77630784426557, 22.033385208690337], [-220.60002187385925, 26.696529959502346], [-157.15276730796091, 21.72391024004259], [-119.85698731427983, 18.7548038631437], [-162.8825157503178, 22.299567734624773], [-111.39144028242347, 18.01693905481456], [-173.45823704390597, 23.038464382628536], [-84.96781756753177, 4.948392639135152], [-65.1307666202051, 4.443174866239621], [-154.8294019183059, 21.544255115494373], [-51.323552494803025, 4.082845373890315], [-135.0690886813835, 19.96966955594752], [-123.98657036155619, 19.049039229734536], [-62.63577866335358, 4.320745130819117], [-170.5197669647488, 22.91501515328897], [-58.21676556397768, 4.227911471684382], [-123.30194058019033, 18.922201856254215], [-147.5448750029597, 21.052678388577895], [-117.95108857852267, 18.495462481593925], [-96.11412079557655, 5.741015199071037], [-179.262142367175, 23.447534152517637], [-166.02681064230003, 22.483132963333198], [-56.06201578761103, 4.173933243799735], [-145.55943293136534, 20.86968820209005], [-110.08915148743044, 17.842104673392246], [-147.56206626380873, 21.124901003173385], [-86.73518043202903, 5.292794869744455], [-93.36258826359638, 5.542177389153142], [-161.58446197977395, 22.16084452851304], [-186.21251157789683, 24.173749215417057], [-220.10312595485345, 26.486100999054376], [-109.34070428658688, 11.438674908525586], [-141.40121436504612, 20.586628670434614], [-81.95997862397495, 4.869253418718639], [-210.67062248920672, 26.11139137112467], [-183.07043437333337, 23.766346682694], [-130.40188043836827, 19.60739136424056], [-136.5200163164534, 20.298505827872003], [-155.3519444138054, 21.696934382026154], [-73.32076043948362, 4.655132384162425], [-116.54851661250491, 18.457225508427623], [-193.8442801323975, 24.607775271623684], [-105.77720110961384, 5.7849759918835115], [-208.45098989319445, 25.89388671775156], [-47.16686268172073, 4.05205985448348], [-152.62785909260992, 21.30947266268764], [-166.75594498856964, 22.652638819435136], [-53.11845198834345, 4.137702823497254], [-176.8514152325015, 23.411110780591432], [-123.39386676201948, 19.04675414852216], [-114.3972988484689, 18.160246664014412], [-201.22578505124022, 25.238020624148774], [-218.3194674631448, 26.3512574074677], [-63.09393075884752, 4.412304547216716], [-91.32928757944465, 5.381227145977481], [-114.49990420577338, 18.297664650816984], [-207.06733737051454, 25.831309338121212], [-111.35055821896857, 17.906844737629054], [-140.00390669796843, 20.397031166646915], [-60.40500053188605, 4.259120356738497], [-93.64400227466625, 5.6180459415062876], [-119.48331599043624, 18.607949139925665], [-66.77772665345809, 4.498655966080271], [-115.11485954835246, 18.33779283099932], [-114.84340800947483, 18.332466949913144], [-122.4255726490942, 18.890087824038375], [-162.7819826646679, 22.267762578996788], [-205.91255529959017, 25.517919179432532], [-184.03024553590373, 24.047454627073346], [-126.71880282365495, 19.2349711420794]]",10.83
OSY,CCPSO_strict,4,100,,,11415.289844,1.202188,,26.0000,100.0000,"[[-149.70794291799422, 21.456351486318862], [-136.93633396299523, 20.13208168057544], [-205.68039060859272, 25.603740828927258], [-133.8072663767387, 19.993284276720225], [-224.25103787427554, 26.800877289733045], [-232.45658799481717, 27.51401644475863], [-160.98945191707614, 22.16230879692712], [-207.97307341869072, 25.797063500249223], [-127.69722232258104, 19.44324456074726], [-139.75059620102064, 20.431872047304992], [-44.390579199549336, 4.016562533839823], [-217.36298526425327, 26.491242950189477], [-177.64705150852225, 23.39589312234884], [-171.19121304899025, 23.072758102086144], [-162.80586648837152, 22.284695704444783], [-124.07490911743447, 19.26500568520034], [-59.93705479723419, 4.238085599522552], [-202.1163008618195, 25.195767090643784], [-203.8546196581506, 25.347008303585852], [-197.91969890849734, 24.82376605644456], [-114.76504035701873, 18.455546572316813], [-130.48774204473781, 19.80939011498656], [-128.99489454039147, 19.599887754924353], [-122.47579709245413, 18.97585493706267], [-198.29301776947085, 25.035885061271966], [-119.75663015447908, 18.834856025434473], [-123.00565358887347, 19.174666874688235], [-82.55533645229956, 4.830645578500734], [-219.72155923462333, 26.51095628880367], [-121.44260496849869, 18.903429458716875], [-167.00016847406388, 22.47984238988581], [-93.31303585015526, 5.26669394856586], [-145.1285263388827, 20.76474445095142], [-101.32931980544605, 5.668221679229759], [-191.31431000611175, 24.42149807715643], [-216.94736888186696, 26.230146070513413], [-79.99097798347863, 4.823230044634665], [-181.100369614593, 23.601746770314545], [-212.94572671321043, 25.96764250154419], [-155.83197058286657, 21.636224248434875], [-175.67933046754672, 23.22870267848481], [-205.42551938028544, 25.440014429813314], [-194.31060921851133, 24.651975412955693], [-238.1354103857906, 27.75534939956691], [-227.66447198935552, 27.030865507716058], [-47.11244988470062, 4.035722675717411], [-85.46879101760156, 5.020360267901774], [-68.3386762716713, 4.41588045350045], [-74.10219183015698, 4.729255529999057], [-170.65123821584962, 22.8707616316994], [-185.54645689690508, 23.99991946341104], [-56.16828438607004, 4.155125527189574], [-111.97053668867812, 18.021403693174843], [-152.72147570309085, 21.4666913834324], [-72.04673376382759, 4.596015507926043], [-190.77481184237945, 24.30212138637522], [-167.15914500474688, 22.571949950476817], [-186.98712046247172, 24.19836674833645], [-89.33539957637474, 5.132678144167406], [-116.87633511057304, 18.615178152327566], [-225.93889812218043, 26.913655335262742], [-117.9851069693811, 18.787749659678212], [-68.37003080563463, 4.479582354189653], [-75.1092665639638, 4.815804972240033], [-61.23024873892864, 4.293667406511565], [-125.96642074050187, 19.407157462659498], [-173.96965138006942, 23.162485331188652], [-110.22637127009675, 6.266153056276978], [-165.3642271864655, 22.36760672406777], [-113.91322746095581, 18.285529817382027], [-222.78476948519955, 26.66758678144395], [-97.94635652128613, 5.392842768528507], [-49.1311485591649, 4.078639576334499], [-193.47419543024532, 24.50125983499716], [-169.0223608058549, 22.732641333877016], [-50.351368404278, 4.092188761490066], [-143.22712448338453, 20.64490108705436], [-135.6429522321371, 20.112221297331423], [-52.665696183230374, 4.0962202625226585], [-42.14587035582617, 4.0074287245583475], [-211.2995484025477, 25.865803481051937], [-199.86613386291023, 25.073985377462456], [-176.44185540442462, 23.281236846193682], [-54.340941220424966, 4.1240423324815225], [-157.21297295419527, 21.803505608006443], [-132.95840418170928, 19.84075316590387], [-215.8376593744835, 26.153664012414122], [-159.62471757866854, 21.96156720906809], [-83.01330295327001, 4.934965837835297], [-57.785549243353636, 4.180288024803253], [-183.28062365784228, 23.920464457716694], [-182.66619499994925, 23.688834590248536], [-231.31294766404343, 27.257868954415965], [-158.23902590329536, 21.919572880466074], [-65.61476484929855, 4.38632035606297], [-149.04095238116477, 21.082878681429253], [-64.85249542891856, 4.340507470681073], [-139.18711830340203, 20.358096697319105], [-201.24768329643888, 25.162345127292074], [-148.28679273718944, 21.048625298245778]]",13.48
OSY,CCPSO_strict,5,100,,,19055.125886,12.011967,,13.0000,100.0000,"[[-182.82997497991454, 23.830171494423702], [-55.9717028731841, 4.1763726714740885], [-210.02950571582286, 25.69233153569861], [-65.55112427286221, 4.367647622552834], [-190.9335713500081, 24.554147471173565], [-169.8036028220408, 22.837721160781477], [-43.250624476548026, 4.016049342221571], [-41.95000181554238, 4.00092288850863], [-184.4247256097062, 23.96867177340013], [-100.31536192948377, 5.518326504202858], [-185.8033085129129, 24.011985288205285], [-60.59741754534589, 4.236281517102768], [-72.63661150090545, 4.511945942977079], [-55.11691670217084, 4.155913959424218], [-49.42587568742508, 4.07132056919343], [-133.53245106510263, 19.933719635063284], [-155.66561146249828, 21.60913050951894], [-48.780372011594686, 4.0525253957413145], [-189.91240902049967, 24.405485021063416], [-88.46275241434951, 5.065143264776799], [-92.70259756481977, 5.132670905839433], [-242.09071152708037, 67.18030211648413], [-121.33524189985671, 18.802722593630634], [-115.97613621773789, 18.382004085831994], [-51.35673848513075, 4.080474348419458], [-88.40319740866745, 5.029996758589376], [-220.41905771732442, 26.559926986776865], [-94.25678643038313, 5.2183346199643585], [-142.5457923936862, 20.639691546917806], [-149.8819203429263, 21.13602016725685], [-108.90978372506271, 6.470127931870808], [-229.64007427551348, 27.325402668828627], [-166.64970047705506, 22.44436250804993], [-105.39639523715732, 5.625910457306533], [-249.93184009436698, 173.10364352904185], [-175.93875489023702, 23.22118813144705], [-202.4472017343024, 25.407099938489203], [-135.60145492571627, 19.99068558220359], [-109.00910069312256, 17.779719941503178], [-200.11287751387857, 25.064333717684], [-90.95183353308839, 5.072394115124828], [-82.09536695351616, 4.808510225095839], [-194.25990856383748, 24.657912208576537], [-122.41881027851932, 18.91931626880338], [-208.3350642953917, 25.66839928572283], [-193.48869304258113, 24.62444081457427], [-136.71667188159245, 20.269324347158992], [-144.5488196256922, 20.671083711877795], [-146.02328960444055, 20.819622493034473], [-75.77806815699506, 4.663993547555557], [-53.21804337107503, 4.109942411533919], [-151.67156507143372, 21.287482562380124], [-69.33465782646782, 4.5054844583441795], [-99.44199069416096, 5.377903163508429], [-131.77464682681494, 19.68362263238648], [-66.84984720538311, 4.390446657951541], [-147.48528994064958, 21.006080239188822], [-63.633451906374454, 4.281284046456667], [-187.74338766054592, 24.101116479422107], [-153.18629332912542, 21.411495904651726], [-126.7194549737099, 19.32635103236435], [-124.11657710251905, 19.05641109882709], [-85.02822156923257, 4.996252173973346], [-125.59014214751535, 19.146791153103464], [-159.34689833007243, 21.985421686246255], [-61.935231081942305, 4.256675909936929], [-173.80336555081843, 23.03971264902839], [-212.42907060952462, 26.136324478483324], [-165.37882950480483, 22.353350915992664], [-119.48327177547912, 18.771464930527806], [-172.8090356197418, 22.942972672212395], [-130.3673285311071, 19.56481808314935], [-118.26896175269029, 18.512751807342283], [-78.43824067763506, 4.718392473457918], [-128.27041910343726, 19.471504727669046], [-203.31633937816812, 25.539151795993067], [-164.27378413596003, 22.243681702332307], [-236.74681244963082, 27.71284700049628], [-113.35197848417538, 18.216360575877147], [-72.89520924479719, 4.5316984252709975], [-114.87450326220717, 18.25700375961367], [-162.63659195176803, 22.17175956097494], [-234.42424203268155, 27.50190018210341], [-138.87434914282625, 20.29322643521884], [-210.4441712884542, 25.983142099770014], [-110.66741158438955, 17.840072983581603], [-98.14062762683261, 5.328038018032286], [-67.95416227212546, 4.413770137300403], [-168.5837448054162, 22.658326272765127], [-140.59893829864464, 20.567954457040653], [-180.06027730917313, 23.526282929848335], [-157.8902647814122, 21.76619861219741], [-58.958936899469045, 4.2125428290280125], [-156.8794812220153, 21.693486360387215], [-46.28541200600205, 4.021584328704425], [-111.93132632153119, 18.02608396717369], [-178.59413424876874, 23.39854150946278], [-220.018304597963, 26.521649668489356], [-181.96504852262274, 23.702806972462696], [-217.83778645078024, 26.321080053183344]]",12.90
OSY,CCPSO_strict,6,100,,,19120.383423,0.830140,,28.0000,100.0000,"[[-174.3274438638533, 23.049728627811756], [-124.42457357748799, 19.293974229551196], [-152.8061394431476, 21.528500465282022], [-131.30472211316643, 19.781199262265535], [-128.35837954581265, 19.462038445918914], [-213.49587945212429, 26.1651708570806], [-198.36584095185438, 24.84265815248346], [-181.92221812784857, 23.831200313426354], [-194.30029088607495, 24.666694597488156], [-187.72167291747272, 24.141552625528966], [-176.718418221368, 23.196351511798582], [-205.87093304528148, 25.477778595200085], [-133.76337343176766, 19.878446161065764], [-189.3345447353734, 24.26129317584582], [-103.4211671342505, 5.649528364553994], [-172.08227535133037, 23.015318500859795], [-162.58973872636042, 22.11046066019263], [-156.14408820216457, 21.701663955367202], [-181.40219446066695, 23.617424742735835], [-113.1863699903489, 18.318540742127738], [-117.93425427756237, 18.483896480760446], [-216.8021229810476, 26.280573944138492], [-136.5895382839473, 20.17369325854115], [-120.18479683920312, 18.75490562353286], [-169.10335278946442, 22.700105279033625], [-143.97095800853648, 20.849860658257487], [-80.4597713438716, 4.808848882571476], [-123.78959678275137, 19.21846062472564], [-207.0272094950717, 25.785486836234007], [-205.7437632882211, 25.436041645754987], [-199.1068879281754, 24.963442843306407], [-164.1884391786374, 22.30742180929931], [-184.8844274305194, 23.86249195506511], [-51.301139975507, 4.082535594316163], [-170.64828521712477, 22.83854616565098], [-222.64607008644492, 26.763144618248766], [-77.45914733542153, 4.718970534098013], [-160.24115863672344, 22.04768240559405], [-69.21186680662278, 4.47855010052663], [-138.770020002452, 20.253425997813697], [-122.37602730294064, 18.840379480879044], [-81.88954660501193, 5.051631944360312], [-123.55132114873854, 18.9522430171894], [-116.14965874344452, 18.35966814232054], [-56.93041935790901, 4.16276937617246], [-99.12001998861241, 5.478175708993727], [-201.68343983250315, 25.192454875275125], [-192.4085542732155, 24.57345309769303], [-146.06522369923007, 20.9029347252985], [-231.3645620244513, 27.405316569641812], [-158.00977299384718, 21.794508447577158], [-110.92497311235772, 6.202492992353974], [-69.82522701822279, 4.56451355595126], [-45.38851160703659, 4.015520143886129], [-107.05318352250372, 5.779958385499526], [-143.39815021670032, 20.586077551509153], [-59.738896864718306, 4.253124665173735], [-147.94498382958045, 21.022396169310227], [-77.89498910542328, 4.76851705188277], [-42.183580985882664, 4.007642365543089], [-236.8233675929398, 27.706632172414363], [-212.07064064476114, 26.09221423233009], [-166.2250009679375, 22.431821706493228], [-47.01791465138038, 4.048544958608556], [-127.15097246394063, 19.354212073891894], [-66.18959172555451, 4.395650646233625], [-150.85857351796028, 21.397615825985433], [-112.69615876486867, 18.134878465556636], [-227.33407518657367, 27.158437715614447], [-88.12874724434268, 5.106599048911422], [-118.41835751135987, 18.73421919265744], [-73.44204020782442, 4.679434351366515], [-135.0326625417955, 20.0495398629344], [-186.6342288867941, 23.980474129167074], [-48.92113793529547, 4.081791822458855], [-140.07824676837615, 20.422078882145257], [-155.33722693128996, 21.660450821518957], [-73.17642611297191, 4.627048510173521], [-179.5286822258889, 23.49492376389043], [-65.02369614390113, 4.336285822574295], [-87.76335067498754, 5.057536790354595], [-54.116612959290734, 4.132662752039743], [-210.35523666281577, 25.810848784523056], [-179.23302456562655, 23.415606067102093], [-233.3510585874485, 27.443272437714416], [-158.81551211553028, 21.93705056648322], [-190.99214304191887, 24.477148463708446], [-141.3798048510467, 20.499844186955013], [-228.1608007402843, 27.193490298534368], [-97.54204697548177, 5.338405994673691], [-61.61386522197351, 4.30138656919929], [-201.27529612958892, 25.121593158431327], [-150.19862960946597, 21.150414580030983], [-167.4791792091969, 22.578989170498854], [-224.4256570779159, 26.998855389684742], [-111.37247900643177, 17.930688074795526], [-130.58424572499527, 19.590115362968927], [-221.0973709740375, 26.55801055093549], [-43.649760825400215, 4.010169881894668], [-116.19521859097189, 18.37087626110743]]",12.42
OSY,CCPSO_strict,7,99,,,20724.065110,4.931977,,9.0000,100.0000,"[[-176.86894400492494, 23.2696986949877], [-166.87760164431793, 22.65556764490845], [-162.75278188558235, 22.185816898871554], [-75.32528210949538, 4.7594205612213045], [-220.88478758034884, 26.807457138693792], [-47.43859317869389, 4.04267600700792], [-187.2814831839909, 24.23546909332764], [-154.52122303956602, 21.574972512255236], [-236.65233665796714, 74.18377725589765], [-135.77716563263536, 20.00515128034809], [-161.91040999514234, 22.05273234682199], [-215.8504234729186, 26.378388762682235], [-194.37868273931386, 24.721083432827378], [-139.49477114614015, 20.41401645824777], [-193.85245644887334, 24.536436554989393], [-226.93461221378385, 27.123225261583126], [-187.03213767151027, 24.013435451414193], [-182.77668618232303, 23.794904743618428], [-120.345104057137, 18.80287281589228], [-144.01742892689606, 20.707237672952054], [-201.70355012853378, 25.308993150989], [-184.18075353334123, 23.88592187220971], [-141.90169024760684, 20.484984335516113], [-209.1581219159589, 26.013850194022215], [-45.63541854235628, 4.025381818537916], [-131.8608782902666, 19.786640808665545], [-53.22115921553046, 4.10359329949101], [-207.27505756435056, 25.58666598065154], [-215.65520632848663, 26.14632155932491], [-41.373926778889185, 4.01041348356131], [-228.707325878939, 27.298068676166462], [-130.77077621595464, 19.64148531696725], [-205.5840206814569, 25.49200216955864], [-41.27672502956031, 4.006827528190602], [-169.86506833475772, 22.73917414446021], [-233.85717265390076, 27.56051762697279], [-68.84529194675339, 4.4374907089638596], [-232.02467078464358, 27.369110577979676], [-147.12708682477646, 20.917448752716812], [-44.16607714881266, 4.0114825899697815], [-116.92967123371459, 18.577906678386203], [-71.38695472937835, 4.512578111351095], [-168.71124422576875, 22.70897958408646], [-211.88221822929978, 26.074051165934538], [-156.54316191797605, 21.706968956765063], [-78.83606521938654, 4.893485876883128], [-218.26662065290083, 26.804341601461317], [-225.06129306261636, 26.935234712260055], [-157.5952440187516, 21.881272990902524], [-166.27358161238038, 22.443798697255957], [-82.76239818349552, 4.938256235403965], [-122.04675940046117, 18.81454658101372], [-196.65234904520838, 24.799735679570475], [-198.8381704570647, 24.93338886525538], [-152.30679482621662, 21.36716689450681], [-62.27660133803245, 4.293648088536675], [-145.35066505692342, 20.84597291197777], [-129.5136505107515, 19.557646184988172], [-208.2874137947738, 25.707816739143095], [-124.70933930760934, 19.075629235333366], [-126.11871419597632, 19.323489242679265], [-142.33495803858, 20.648580402239062], [-86.9259968847724, 4.973631302936042], [-99.47911155007097, 5.466065167921297], [-138.14088314459337, 20.216090535436944], [-153.18816101883888, 21.40383301270083], [-178.53039263678215, 23.473425688942793], [-102.37525480048497, 5.724395552295808], [-116.32768367702732, 18.339273620389452], [-189.09472261953962, 24.258420545999925], [-149.83250290466518, 21.31140499402489], [-56.32508805030088, 4.144109708900546], [-59.06371686434801, 4.194199184782831], [-217.45120810857549, 26.495986810966958], [-148.72587668926076, 21.009364450772186], [-102.59695867760047, 5.901632214370679], [-60.05405757377543, 4.234920855584126], [-190.08737430012525, 24.34472456366328], [-92.86270824591057, 5.2381427756798224], [-72.88313309961013, 4.574356118997463], [-88.97044935785652, 5.0633831710302255], [-127.59316097535705, 19.399398546946863], [-173.50466151671634, 23.07898649416944], [-97.23163877584618, 5.444705118002536], [-137.4099289788352, 20.096378849001734], [-75.03956636901523, 4.698717173121284], [-50.141114432374444, 4.072824007209534], [-108.55564019473648, 6.000932102581165], [-210.20916877317944, 26.0230042104419], [-171.01486002208893, 22.90848573006975], [-119.41262792561834, 18.609787610409555], [-133.66290998007037, 19.909400295561912], [-122.8071679979844, 18.93228756099134], [-62.832261272738336, 4.416300606693116], [-114.94518408779734, 6.005428274851216], [-180.02716927376767, 23.56454072074424], [-132.80341680739872, 19.866257878770693], [-89.05468151467804, 5.096031304770681], [-134.48647259210753, 19.9450746245349]]",13.71
OSY,CCPSO_strict,8,99,,,23032.237741,1.566923,,11.0000,100.0000,"[[-156.95852819580952, 21.73571898162863], [-211.16305899102915, 26.087059501417436], [-252.72996113695524, 54.21177166416138], [-254.85923677513335, 60.549095948825254], [-232.85063743333467, 31.375828548386274], [-174.05901781705413, 23.087731985959145], [-246.8402294952136, 52.50065336496979], [-254.24605854848554, 57.29918597013897], [-200.29732454501206, 25.215060659259983], [-184.80814279183963, 23.94887064377897], [-240.2994966967647, 37.20123805413426], [-254.78211833845177, 58.819101234885075], [-255.59455986840098, 61.33167228076854], [-255.30050936026387, 61.105188801553304], [-255.82992508609567, 62.030988065317075], [-45.256312947220025, 4.041932134598261], [-249.01521842417955, 53.20746002086597], [-254.42548271091115, 58.67065033526693], [-222.6460034837764, 26.86001844795945], [-251.0421895905171, 53.349754241199015], [-245.57007817516447, 52.026901172455496], [-186.5536169405343, 24.247891945409116], [-252.81733083063406, 56.36733386518305], [-158.53371184477845, 21.942060919584105], [-181.80424881326928, 23.66806212467032], [-128.61322595247526, 19.40998738309822], [-41.74006329599506, 4.030687844813656], [-161.46801575025748, 22.032886584154024], [-126.34275469789368, 19.28959347773949], [-232.39358356181316, 27.42301732449538], [-124.19838363644733, 19.014240874554922], [-136.18987071985833, 20.173379637495664], [-192.89011062065563, 24.681298059223746], [-155.6820858301197, 21.569264564390874], [-173.36953360670896, 22.9896759741648], [-90.55627796954454, 5.176080996823252], [-205.57614610967397, 26.014327048692078], [-220.43843644895088, 26.628626284007936], [-143.51681035791415, 20.685821487199803], [-177.13856060539604, 23.37257102807519], [-197.67007151590786, 25.132308691768152], [-142.3756950947296, 20.51042827142114], [-178.45025156369465, 23.441680467663353], [-55.15376455336084, 4.188385885349744], [-179.8275162510552, 23.659920281901623], [-191.56383372576204, 24.487725692352345], [-168.17212767088498, 22.56378505514694], [-201.27329742899582, 25.54945183850238], [-133.21869410833045, 19.738732037115824], [-139.40289820778088, 20.303750088533796], [-145.1981064415798, 20.92570552016209], [-93.87812885177908, 5.234954072358091], [-186.11598397267628, 24.138618749552123], [-113.80997614353547, 18.105060174892465], [-175.52129395360038, 23.199785037098867], [-71.92276383404797, 4.601506845055118], [-134.68437943956837, 19.978371404188408], [-49.085909141825, 4.051204945935417], [-204.86556439915412, 25.63861526029675], [-169.70106367111495, 22.659271671523314], [-171.93951679639554, 22.854222832546714], [-117.96302707395861, 18.554742451425618], [-118.6421763994771, 18.70359913601649], [-122.89384132197111, 18.978745734103175], [-125.32117131901215, 19.22591330470891], [-51.34525107524568, 4.0877881803201594], [-62.048587865798986, 4.403425532884999], [-78.23630811881782, 4.709238717055463], [-129.85164476732174, 19.50074800557167], [-164.10415654042725, 22.37653317421489], [-139.6115797079519, 20.49507617631901], [-188.86800463901298, 24.292828823567298], [-148.19205973015778, 21.131593182675804], [-97.8600250201473, 5.7910317500870265], [-163.89978801544348, 22.24060661745278], [-226.764886765959, 27.04361579506796], [-84.77785126263518, 5.01126463523002], [-62.41066253055549, 4.489523148268131], [-72.05606741349072, 4.668615496085543], [-78.58558708785128, 4.876328394437488], [-58.48325099616963, 4.206020385612293], [-116.08074478342108, 18.47100089214939], [-154.12173931090123, 21.44060262623555], [-42.71022579297169, 4.036347204905047], [-114.88811517663991, 18.258569350724827], [-215.88095383818467, 26.35051689104208], [-39.639950594264526, 4.009530641297446], [-215.31013258600575, 26.217397899712918], [-196.70922978842395, 24.762775814835432], [-97.21599953708443, 5.67125219505054], [-194.5782346754922, 24.718047472937975], [-120.418150129426, 18.818687499701277], [-48.1104718734094, 4.050240139266728], [-60.09749298149895, 4.3222719066735], [-110.80886143656292, 17.88926177310811], [-152.07464319776682, 21.34669430735475], [-226.72527174670114, 27.017520903831787], [-234.1390285881731, 36.30096026452334], [-108.84776622688236, 5.9399900831991115]]",12.78
OSY,CCPSO_strict,9,100,,,22932.759503,3.357931,,19.0000,100.0000,"[[-81.90536166402653, 4.859681370496377], [-61.611725890316464, 4.268074856632209], [-215.66654918754656, 26.128226462410748], [-111.04438652332487, 5.960405801278659], [-253.08108777298642, 87.44501664348206], [-229.36424365026426, 27.264216081876146], [-47.27113408245605, 4.027226476153345], [-213.20895307769035, 26.02743878179605], [-177.357716319242, 23.49928341452479], [-150.89104534485062, 21.406945350553695], [-131.8119443440745, 19.919341279213384], [-74.96894951953902, 4.580119068870506], [-73.20877002843594, 4.569712204183452], [-219.69208547590958, 26.57293740692888], [-153.16347814722948, 21.60730844902993], [-111.46036746641853, 18.088148194671337], [-138.2602432949019, 20.348822682844137], [-156.46479486179558, 21.765049660537393], [-146.68149246454539, 20.881853077246127], [-53.551028582080406, 4.0948868297850725], [-69.86734298814402, 4.487221183013616], [-212.5534688947935, 25.911370257951248], [-135.0535286655283, 19.95996677293482], [-192.73215817356473, 24.423430348637954], [-80.9677741347252, 4.831081363164309], [-179.47641519415384, 23.500044716958655], [-208.6070458001321, 25.844101688809268], [-197.67388218926834, 24.85523542935593], [-167.7322882977893, 22.612872725273828], [-176.5384985817069, 23.295765608313793], [-222.7925939288664, 26.648717003967604], [-128.6474630577035, 19.537357222117272], [-199.50707785390162, 24.99901764431128], [-225.82654495062727, 27.15219969921183], [-136.72910493602262, 20.179055795930655], [-48.81746088352046, 4.039281198441598], [-224.4424129606394, 26.96799321611701], [-216.12841102976807, 26.256890737197033], [-131.21583667184635, 19.643818390334456], [-70.99819429357942, 4.555955684346426], [-164.30074564500686, 22.5266609374236], [-119.69262701858301, 18.614296021291814], [-147.77126107065905, 21.303411893782332], [-173.76326079942854, 23.107012781929967], [-183.08661269643522, 23.769227791311327], [-103.13803064317598, 5.572695564129925], [-195.66436683439053, 24.75360707746321], [-186.6758178730504, 24.117422686225133], [-44.34352402352248, 4.006245404133372], [-217.79599546565356, 26.44534229130446], [-204.11628157684143, 25.453058168221702], [-206.90353573972223, 25.54645530837305], [-162.19025156876938, 22.118096209846026], [-94.46183483803026, 5.248221840408547], [-45.78148570254007, 4.014301930259231], [-168.87906961032527, 22.71873906067204], [-145.55321488433773, 20.745170195829626], [-181.28615453737413, 23.756475066281187], [-106.14446477666593, 5.757922910157675], [-163.2289607110681, 22.45211780223688], [-244.1796251242669, 54.6715859280285], [-86.32602793092975, 5.013089030061208], [-126.371704301705, 19.47434797571414], [-150.03517281768984, 21.376458235823346], [-160.86375523392587, 22.033567341303144], [-100.42640693609722, 5.4688523164054335], [-190.49335311124906, 24.321888920343195], [-77.38310752315037, 4.770299610692965], [-50.952510241198006, 4.063693542347927], [-118.02319510404871, 18.513276217613505], [-194.31565786377956, 24.60240578739227], [-87.77197705884083, 5.22455056930786], [-116.05314435236171, 18.50631537811492], [-185.57537194342865, 23.934063294526364], [-142.1355321609864, 20.584825263663642], [-175.78251857616021, 23.144042053844938], [-59.852723407757146, 4.203159972825376], [-201.0524514680232, 25.07606268485896], [-245.33449388231813, 70.64105080652999], [-159.65890431373754, 21.877238476340356], [-52.14328086995694, 4.093501483949409], [-106.941396556655, 5.8723404290320325], [-55.078476336826704, 4.149477182387702], [-115.75686964471029, 18.350309032099748], [-76.9055368440246, 4.641642468029131], [-84.44674742924862, 4.882371344475641], [-124.76300874549099, 19.14311145420935], [-63.53538883909419, 4.29225683268177], [-155.5928247090524, 21.646030244358833], [-205.47242777747616, 25.532450679290015], [-66.65034657403527, 4.378637619131905], [-144.35494150921562, 20.713964896799215], [-172.42334451423397, 22.98793325661402], [-111.27917672740953, 18.010574479979137], [-79.50513375625815, 4.804470837266699], [-57.97267708210338, 4.184350495547443], [-141.6747070232879, 20.582450876463714], [-42.30499002867182, 4.000813453595215], [-238.70515218309717, 27.78954821467963], [-217.62182777921922, 26.315253009456786]]",11.89
OSY,CCPSO_strict,10,100,,,15111.824701,0.921129,,28.0000,100.0000,"[[-144.75969935502064, 20.831397964105754], [-69.846407564228, 4.49778099854606], [-197.89843470705426, 24.79399313814371], [-172.59575346754625, 23.086974278009254], [-136.8447667472941, 20.19315752195506], [-72.68876627187335, 4.5959290543938565], [-52.83549967404938, 4.084347909213836], [-179.30470075695894, 23.59020283546221], [-168.6058276292336, 22.734008392819398], [-174.87492794223658, 23.20108081114463], [-114.93075213486921, 18.316503168072916], [-149.87576016047768, 21.15658969481883], [-77.67087608856392, 4.7174655895146795], [-195.23465929165596, 24.769571839624664], [-192.39668990960297, 24.481948662341647], [-74.27030539061127, 4.617482969330228], [-118.0931191883391, 18.76616859750668], [-184.20099487416581, 23.800087718412808], [-133.2848045651033, 19.93037699676102], [-203.2836569160522, 25.228210911026444], [-229.64024508420502, 27.114873331169388], [-161.4910969384234, 22.211657746963215], [-232.33426027306314, 27.378546282757767], [-234.3991181897597, 27.613611035585386], [-206.2905598908176, 25.57218133198184], [-89.69523773532764, 5.113092411542641], [-70.2188710897937, 4.581369348880083], [-212.13625244232264, 25.996450595803253], [-128.78857362811556, 19.609143000617948], [-181.62012863438915, 23.717413728098972], [-201.2028652280341, 25.08937877924532], [-108.84120494878701, 5.801515537370719], [-158.55134095679634, 21.919931635869496], [-213.54668707070962, 26.17062663221937], [-117.31683154193551, 18.444165581086615], [-92.1662630645533, 5.343064729706893], [-51.1639725020892, 4.075875871676384], [-91.40790825045873, 5.327681688235743], [-134.90642538175553, 20.065670478577914], [-137.94131300467436, 20.281393205370787], [-120.30138143170755, 18.821288224315673], [-122.60795738193467, 19.06476127871758], [-146.78975414058715, 20.896939235049423], [-222.30837730687034, 26.79801172916944], [-54.82503635961937, 4.137934693806816], [-165.35955660761837, 22.491332093658304], [-124.58533931970595, 19.16290300288153], [-99.91903591884797, 5.538613155046372], [-156.21524128234643, 21.765385809621783], [-164.16062433493738, 22.26926266318599], [-121.62856774569741, 18.887679865920937], [-56.65140362899144, 4.1612374461796975], [-185.54303321606417, 24.012996045971693], [-133.03639544075315, 19.746197675329554], [-62.227404421935574, 4.273254104722219], [-224.0609803869651, 26.915470048992358], [-141.1665366421409, 20.49739012209727], [-239.69654870520947, 27.86684768732433], [-192.3820228148217, 24.410475905767573], [-167.37979493603365, 22.663003099382447], [-152.85742042750718, 21.43577218728171], [-48.893639824710625, 4.066522800786266], [-139.39151027509763, 20.452808315555263], [-113.50308166884702, 6.161279615824342], [-128.02860875241052, 19.36623420649135], [-148.43391486136895, 21.051036531873578], [-155.8678035817505, 21.610540097197575], [-126.31368500571696, 19.225557864756972], [-225.63452159350467, 27.05771342420293], [-221.41481986467397, 26.56762389878451], [-79.89701018724548, 4.906404376730557], [-219.79916150435668, 26.462774351218034], [-58.21282923053717, 4.175249223805985], [-199.6155118405281, 25.02958765113853], [-42.814145962296166, 4.000685956400443], [-142.94377356925656, 20.63778248629157], [-59.81907778948572, 4.270361113550025], [-131.11993322443135, 19.70744057261041], [-188.2507781970366, 24.232257114833534], [-209.1950358953768, 25.643052571136273], [-85.65354255877988, 5.019100502448112], [-186.8604073586279, 24.08553246286826], [-101.28495978491917, 5.790977460314404], [-151.36360422501437, 21.236924309153352], [-219.04351689595833, 26.409259956772512], [-210.14937398319103, 25.762524722851904], [-171.93810735628148, 22.824621794983262], [-97.44086973617144, 5.3593966447643036], [-215.9471971088937, 26.188792819815674], [-160.1376582790201, 22.05193015055543], [-227.70295730330284, 27.106118483440948], [-79.17856635285852, 4.851392842445316], [-177.22594161162357, 23.27685348042363], [-190.22691579866682, 24.249178082013298], [-65.21050463449826, 4.365020408609101], [-198.36631927316392, 24.921325975590634], [-193.67406826385866, 24.660816952848837], [-178.78262723769186, 23.51866298773986], [-67.16945237468312, 4.488135624983074], [-45.768992111470915, 4.026598849117142]]",12.19
OSY,CCPSO_strict,11,100,,,8698.040214,0.960272,,22.0000,100.0000,"[[-59.326573755768365, 4.275627137827724], [-200.50507332231257, 25.020805879033816], [-226.36106057788652, 27.09747572721612], [-213.4146072174939, 26.07876753645035], [-202.20931311856543, 25.19876151151619], [-169.44696362847938, 22.78603084590221], [-188.06664288601957, 24.18728451717401], [-155.97704655291727, 21.75156492282871], [-127.99684749642954, 19.37419725876243], [-186.54204688482517, 24.117022363122015], [-234.15847105860058, 27.63246874072959], [-172.1314401086102, 23.08637485811424], [-176.8034151583737, 23.379088658374233], [-166.75297474135215, 22.636926919060553], [-198.05608687123913, 24.971410295295623], [-195.94039984323797, 24.88157852972312], [-229.23450354916403, 27.181835350976222], [-220.22647556720452, 26.64650416002256], [-218.02925011190612, 26.405951350129623], [-211.1624231873752, 25.9390809868637], [-173.19103445620675, 23.155080609177027], [-98.13943298242249, 5.402280004059694], [-61.352240093227465, 4.2837133157312985], [-74.2726855032122, 4.605414448990716], [-139.55667808172564, 20.351930338126042], [-240.54029707881276, 28.01811373929027], [-111.79825963417504, 18.111115594988615], [-134.05156089919402, 19.896189266727404], [-55.31324474676291, 4.148224699651221], [-81.7162716201887, 4.8679489458713965], [-140.53774765714633, 20.526397415725423], [-84.62301673012752, 4.898448856876171], [-207.25438574920793, 25.634941476648287], [-192.30061082172392, 24.543569632274284], [-216.4032553812531, 26.26287698739706], [-184.97550365617226, 24.048402200263507], [-191.09542015664758, 24.331863390354105], [-93.6035635414486, 5.3030042618022355], [-142.2999358375956, 20.79240891086649], [-224.46749605291174, 27.065690047182233], [-166.27605238886383, 22.442937460404032], [-68.40559588509215, 4.435829727364677], [-233.6133289456948, 27.47797624293184], [-116.69625494294017, 18.576640616129463], [-205.05064502890434, 25.359515406702588], [-210.75244274749855, 25.839996709626345], [-135.0120347416051, 20.047009574187715], [-171.26312809346845, 22.92073092362765], [-160.95435879377837, 22.1070140438912], [-113.04596940895522, 18.256675027940776], [-150.20778600279647, 21.24266285025762], [-178.13548120612836, 23.39096620672297], [-231.55093401516868, 27.372526003142365], [-57.62572004993324, 4.183690412982848], [-141.12276497075285, 20.701276808959747], [-122.07459305723995, 18.97158877976586], [-208.49134249325064, 25.681929365706527], [-131.32229868879395, 19.71140774148928], [-167.93311111859794, 22.741977056083158], [-162.9487587224369, 22.18798241970724], [-110.8668284106234, 7.3437474952752275], [-52.625987725424956, 4.092397645484639], [-157.7824593452449, 21.96029866755794], [-121.672029245415, 18.87737224402714], [-146.43792153168405, 20.935966117595296], [-124.59885697803072, 19.116677151765387], [-42.266607138887466, 4.001469164884852], [-155.41745945747795, 21.564928567503202], [-138.0275391313887, 20.294775079569465], [-79.60808392974802, 4.715335947600943], [-174.88772737713242, 23.2648848638879], [-114.89660011869353, 18.444425932699936], [-194.28370314203664, 24.632300159396294], [-88.84728461654379, 5.027087310598241], [-136.5089835609046, 20.211925412671654], [-153.80746121693167, 21.469572409984895], [-179.72866017976526, 23.52940451558492], [-50.34101679495975, 4.069538268164943], [-95.2680698598897, 5.338300988523249], [-151.16840513857483, 21.441458822736198], [-148.6750100229342, 21.096200597632315], [-69.9812004642722, 4.47117522354514], [-129.1469093779731, 19.638923350159086], [-189.26712421248044, 24.329402447605045], [-118.48188427816379, 18.768355721414604], [-71.81095289976693, 4.564291283527465], [-45.379183091358875, 4.010627891609688], [-223.43760353981264, 26.761648224402716], [-65.8971758499294, 4.4032054454281795], [-125.14590569831752, 19.14524268833052], [-64.75361618638996, 4.38428489039158], [-180.16210852257322, 23.644958594884976], [-133.1284677322508, 19.78029799706853], [-62.54277392533849, 4.328530436144869], [-143.48879127417246, 20.85310283406778], [-107.67368796937075, 5.707616171307038], [-47.71999002042663, 4.039219077553171], [-222.00569976336234, 26.72039891340278], [-183.21223213710337, 23.809948610467128], [-160.3322185484853, 21.98509791043434]]",11.54
OSY,CCPSO_strict,12,100,,,16407.084502,0.807399,,28.0000,100.0000,"[[-147.16874222994895, 21.05693473104756], [-231.44007889990849, 27.36078572343951], [-228.18607337379933, 27.13346579797541], [-70.2641442552683, 4.480043898591025], [-72.48943955766235, 4.638125581183174], [-189.415950498852, 24.324525153367286], [-109.09379316994378, 6.363365346630049], [-226.33940225392635, 26.995645742541615], [-99.0067469873114, 5.545903623545984], [-160.057447926555, 22.14455463507865], [-168.17367253608322, 22.630911484774046], [-82.92752673330044, 4.833071992246462], [-190.70227847741904, 24.40872463649282], [-240.5268846873275, 28.01762045970109], [-167.0603272969319, 22.48547605019999], [-143.5422583548345, 20.69010712664419], [-180.775945276601, 23.554393354322563], [-117.27657131747145, 18.575110566080845], [-74.75628327955029, 4.641773597399609], [-91.68447009278977, 5.412299293158929], [-160.60177003783215, 22.25307271192464], [-202.3723144139964, 25.37729292456746], [-85.97213631895377, 5.107030113442512], [-219.09467531728754, 26.578643409597433], [-158.95805909972475, 21.9471753170399], [-195.19880310311532, 24.851649085412248], [-121.61367466990343, 19.014262036815825], [-65.18297503258601, 4.351841884820435], [-150.48916691993279, 21.387891078712443], [-78.07178954676908, 4.667639414857965], [-175.61046229855964, 23.325808637549237], [-197.74331594483078, 24.971534862820214], [-57.53451639444892, 4.2115966406211465], [-213.4407521650373, 26.077674197263757], [-199.31745504527393, 25.020864633824015], [-132.40222453838652, 19.80066785761908], [-169.20461670553237, 22.771276329752506], [-233.7328744269316, 27.512735675311163], [-185.71387506241774, 24.0505614848284], [-48.4314067534065, 4.050657347209161], [-234.97391954779422, 27.743332795265935], [-204.96750615843925, 25.44765478722775], [-199.52470678738803, 25.28334591706555], [-193.63799351258612, 24.568345607501634], [-182.454867230451, 23.722312965261107], [-123.28429347888458, 19.1286648664854], [-127.03102066021457, 19.313990696648116], [-110.33810031520375, 17.924464129424997], [-183.5575028511069, 23.91560832913019], [-107.00506543964994, 6.014041319564123], [-54.23351751379208, 4.114643409269432], [-102.50671354853085, 5.701268186994697], [-59.25275289748583, 4.2739877414386385], [-172.23694609822581, 23.23254742324784], [-222.5593422998448, 26.644608636207973], [-45.477250921653344, 4.01944227027157], [-140.37230868117197, 20.43754159352882], [-163.99654638457176, 22.295114780452284], [-67.20446402797532, 4.395964410639453], [-83.66570075390287, 5.000404262914117], [-145.5757778682124, 20.843800173934987], [-119.05420513180675, 18.6472186316967], [-128.23230105257866, 19.567059482884705], [-129.82336363702365, 19.69208847640099], [-224.13201663149496, 26.967292609515365], [-55.80524881151123, 4.187689231751949], [-79.00075063026951, 4.798550580882079], [-133.34411763082088, 19.955713297805314], [-210.74096926957094, 25.80412362332783], [-156.7217230283219, 21.832374644257172], [-156.27404070686475, 21.643523334754576], [-115.48199373463639, 18.564141512580907], [-88.4719211613197, 5.286861734262056], [-175.06886370092562, 23.269097652186638], [-43.1027221179509, 4.012130516990764], [-223.42583395449955, 26.765450982399965], [-112.18441914245294, 18.148752504798725], [-208.83394546765288, 25.702165784505507], [-96.91737944381147, 5.4605090988171625], [-216.5571279674602, 26.3566662609597], [-188.23176886208344, 24.174890269484393], [-106.81768904397481, 5.762259966440632], [-153.6866200608501, 21.61783630701234], [-136.98901113028455, 20.359622225083427], [-205.8752979317316, 25.627572779311944], [-115.32394878993695, 18.286296446105727], [-92.30044295572888, 5.4557919760611], [-171.43431752576274, 22.849012897480623], [-119.99742519203703, 18.895422969092515], [-124.89414324915404, 19.247275429243427], [-61.63793780660052, 4.298729965926791], [-142.9191774969393, 20.6044778963669], [-165.63097589075755, 22.402774918716915], [-135.62253370557085, 20.01669341838056], [-177.88072734602838, 23.528540131293706], [-148.57271613746155, 21.19460113256696], [-230.47711181685997, 27.316062802019133], [-153.2690892029536, 21.438772009851547], [-211.43252862031932, 26.062068841436126], [-50.805823542521416, 4.0892269577694975]]",12.68
OSY,CCPSO_strict,13,100,,,12797.388452,2.759729,,30.0000,100.0000,"[[-41.97034470289699, 4.000591579135831], [-51.36932578432025, 4.069316372062514], [-137.73523873227015, 20.309099345860187], [-185.019345424544, 23.854934883857943], [-121.60152586220188, 18.926937633293615], [-202.77764169636123, 25.176716691254924], [-229.12576416421965, 27.308283729606813], [-221.433685611726, 26.697852695442688], [-133.8376586665528, 20.01527451460546], [-239.27140457838286, 50.31396282245842], [-164.72922294368433, 22.27744779401399], [-180.32556357965976, 23.550754853478722], [-209.1379619520853, 25.79723181262981], [-190.87244069176873, 24.288350771211086], [-154.0935594582378, 21.478837784232077], [-168.53477670238178, 22.676282485514943], [-193.91329538380938, 24.72748798149774], [-179.75060474430498, 23.432015564285436], [-234.3971426676298, 27.492088759365434], [-213.45966266681378, 26.030964073570225], [-68.69439037136291, 4.4519224198594305], [-173.5350423637929, 22.998134053678438], [-117.0917923000028, 18.522378469408995], [-126.67213844789096, 19.360236624922496], [-94.98498522971049, 5.307550478169169], [-151.6301264730166, 21.268347439133255], [-114.81597765776687, 18.466703433645378], [-112.54622373914222, 18.062848944261802], [-183.46420976872216, 23.84478015282258], [-216.2152064498886, 26.214757173796254], [-146.14543789489161, 20.872977196755897], [-139.94993039303557, 20.341793061224095], [-132.20198844296948, 19.731651987883765], [-220.49030331031412, 26.599559188453707], [-204.82933937175048, 25.42682962138939], [-225.52699032297548, 27.034182299132343], [-129.859075063199, 19.553777504553615], [-154.69845058319243, 21.64573086951892], [-157.21605524171565, 21.744973267963157], [-105.943023882174, 17.87604553679777], [-225.98733541773456, 27.08288146946371], [-103.76105424028574, 5.737739484503025], [-53.68433146702433, 4.12195950014147], [-182.41658120830493, 23.704950896082657], [-171.7918279010238, 22.835752860868286], [-63.13194060714434, 4.322558982998014], [-176.02784257174287, 23.202174417529836], [-167.4791228968407, 22.496748015282], [-152.10935924416208, 21.437572540078296], [-119.9637798873012, 18.73610700721688], [-75.35824557921393, 4.607462991328632], [-165.83010191099098, 22.46576791817001], [-211.2265199384668, 25.944307383585663], [-137.26705357942367, 20.07681532890694], [-145.0761271205087, 20.75454423465251], [-45.90177057983227, 4.014760933581996], [-193.05320885721778, 24.455669035036017], [-203.8306610883277, 25.341125926009195], [-89.9617591392755, 5.1973679066340885], [-72.88790236074378, 4.549775366481073], [-217.92380445313452, 26.391456793304148], [-157.25406585913854, 21.87932999498104], [-223.36885195236698, 26.87910594033544], [-48.47873597676871, 4.041353521848574], [-215.3285655245068, 26.1609704329649], [-195.42907830638845, 24.782622678328874], [-143.7852727312252, 20.607724712487215], [-174.3343165022397, 23.156534815623047], [-83.99090921078346, 4.8530420885085785], [-162.7253825856189, 22.19990971139164], [-113.85857171172492, 18.23134577753095], [-170.58899823520977, 22.78863395666622], [-86.826967890209, 5.04822059051172], [-206.73614151592182, 25.51237869148712], [-198.86350041802098, 24.902106306933007], [-162.0655447968088, 22.082467589754582], [-105.32052312285529, 17.38283581937421], [-148.46225108167246, 21.134491245489727], [-228.393196595112, 27.19105357620247], [-104.0023670208487, 6.4188844903791304], [-196.27670689834446, 24.898270659969373], [-70.24064754764845, 4.453980149073515], [-124.98745299928281, 19.24552312114567], [-79.62403863892004, 4.822283971936034], [-147.6385519886622, 21.03355072503129], [-187.04771856395266, 24.057139555291155], [-65.57284517663679, 4.444745572321365], [-142.26529579084934, 20.50408922236529], [-159.69695045817434, 21.908011000821293], [-123.79518957788315, 19.048344643495334], [-60.590515782304394, 4.230904904387231], [-96.89516435101517, 5.334734931318612], [-117.25015738587848, 18.61985592226874], [-177.56498473905162, 23.289061187992736], [-129.3937334089202, 19.536382688989857], [-43.63894882385936, 4.0101033848738235], [-110.81672599216697, 17.903572563986717], [-57.847019754089395, 4.22628634399871], [-56.32263699250539, 4.158242288306997], [-208.90135803491904, 25.753164972046715]]",11.90
OSY,CCPSO_strict,14,100,,,26186.052220,2.644388,,12.0000,100.0000,"[[-55.05449928771994, 4.142064747871046], [-227.27548545789668, 27.311621763680368], [-47.694561021852294, 4.057061681838888], [-223.04967187046586, 26.920172941552984], [-188.06968463541983, 24.300725741420525], [-50.97475656011441, 4.090200711400463], [-194.79287839774474, 24.904062088909775], [-250.55120010072403, 72.54957999678048], [-46.32753274676079, 4.016450731231537], [-46.73758876075444, 4.04216815613174], [-204.53264874698934, 25.764314322668646], [-244.49710856810324, 51.4328563624733], [-184.24858099617848, 23.76925544003011], [-50.21808351068479, 4.084210617117098], [-203.43717461688632, 25.464942577312485], [-114.28963136326205, 6.003885798736368], [-124.01428368688644, 19.178306361962758], [-156.8486311013423, 21.757595743445513], [-42.980212847649135, 4.001102659938004], [-53.11989134826099, 4.131763769284675], [-193.311954998414, 24.634470235226836], [-174.3806765401542, 23.247157018649766], [-158.23409226290244, 21.820763906488594], [-115.94214416421738, 18.334151952107064], [-136.52187427048057, 20.155250051637577], [-109.95378099716264, 5.859407343585297], [-107.05692449209224, 5.75605926873868], [-159.62647991450473, 22.06408309889042], [-201.23055579291102, 25.05502531068014], [-179.86927979013507, 23.466758005422452], [-97.80742474894124, 5.406064095091418], [-119.5977472372212, 18.61719910177627], [-201.33931476490352, 25.10255663231988], [-117.85923802514239, 18.51341755379733], [-125.88968542593251, 19.203487159715817], [-135.65203691178016, 20.093110087897994], [-226.847030208135, 27.02710206846255], [-60.82125734121149, 4.327788396645561], [-139.65548898195146, 20.341024517771352], [-150.5488266301019, 21.159807809510728], [-51.79213044656656, 4.090811169448394], [-198.09340230368352, 25.013584041204165], [-134.50484444364477, 19.97663461186949], [-87.61782111628423, 5.187405459071501], [-142.09674385400916, 20.617594459255947], [-120.11620547833525, 18.75313185094956], [-83.24942949749106, 4.8417020980844425], [-100.15664350834007, 5.444719715482371], [-70.24704282975574, 4.501206162193981], [-155.8155403304106, 21.6759921549398], [-145.85140031365822, 20.957027277606755], [-80.10822978606502, 4.73656553449353], [-190.12088917665835, 24.312698495875306], [-155.54202238822032, 21.58710274299656], [-141.82146728015212, 20.452454396279975], [-145.8762484104396, 20.96558730271038], [-129.9185741885588, 19.540244267375666], [-149.99830682517987, 21.105147645623003], [-124.28779545773365, 19.199912106140623], [-153.0669402128533, 21.40484941174855], [-118.29502540896247, 18.598203513307816], [-144.33662885991205, 20.940683695671417], [-137.56104918464044, 20.292654472162926], [-60.28581809210859, 4.255504233987693], [-164.09288922140436, 22.362866087222745], [-85.39245037885519, 5.037032898252167], [-194.57563675004067, 24.733481920390584], [-225.93853000449204, 26.977887095356223], [-73.76473136355915, 4.536342401035523], [-123.7183314120768, 18.967486183271927], [-166.79841886513333, 22.500904105792024], [-213.6512280008809, 26.065736074744965], [-207.37771909166176, 25.93851105458375], [-176.0322641337855, 23.299135949893888], [-75.00159859271957, 4.662952917949305], [-171.74818069515797, 23.145475536945163], [-52.17480798057514, 4.10067536745464], [-121.12960659724229, 18.933971976658874], [-147.30544892537088, 21.00052096985827], [-134.93761052274283, 20.019074385502222], [-92.83548471159314, 5.192689765018653], [-48.710422093446496, 4.066942791707061], [-137.1761508300994, 20.27710512692598], [-209.5761606609274, 25.950435591338895], [-160.7435314209961, 22.179625605210273], [-121.92712715236132, 18.954054247707838], [-116.41142632927159, 18.506463644068237], [-65.87310227255006, 4.375808384913055], [-132.90663755115878, 19.72325801811644], [-153.35549663457923, 21.53512025020823], [-144.25257903953073, 20.732483384553827], [-171.5634890170826, 22.82862050373227], [-240.81163836776727, 28.626896373129654], [-158.3863823715959, 21.890032329181533], [-165.93098424671024, 22.438534935667498], [-246.58952088927828, 61.06219408249948], [-186.86022933073437, 24.127786217263857], [-127.13546832565945, 19.381531201450194], [-182.06463839015694, 23.644062304650884], [-69.79867003767956, 4.461402935463141]]",11.12
OSY,CCPSO_strict,15,98,,,13615.995713,1.611035,,25.0000,100.0000,"[[-82.14896154923186, 5.085743854798782], [-58.682219423897585, 4.190011099176905], [-59.68443967745255, 4.266607275740433], [-47.829570290061284, 4.042744661688974], [-63.05780572447065, 4.428263496989226], [-198.58983716942697, 25.04033373487535], [-65.22412181436711, 4.4598698870459845], [-61.45139059869526, 4.345708215999229], [-69.1308218537347, 4.500794519393197], [-251.82287711980354, 51.616315410034744], [-50.57188464107913, 4.080600985162646], [-168.63075819799892, 23.0813338022705], [-239.0852956011234, 31.218299499469076], [-46.196584612822136, 4.017312795226693], [-210.8630771573539, 26.029556533141516], [-107.89404159336517, 6.184822033460245], [-130.3704404981146, 19.938124263225475], [-261.21678080740156, 65.06329920478169], [-150.38686374846083, 21.730035555844193], [-55.50505179779129, 4.134465725751973], [-113.46741341321919, 18.35414283713533], [-166.66763063635116, 22.631697941650692], [-117.97838713675638, 18.538129068890388], [-153.37511853501636, 21.851958768655575], [-187.1808561910789, 24.067507438125407], [-260.292513730727, 64.28413775404745], [-265.7214977786764, 71.05012452025296], [-240.3640105667855, 34.48172490257379], [-244.261065793364, 49.813723504807264], [-162.13410057884775, 22.14051957170291], [-273.49482547716934, 96.79207622965508], [-263.1660845605164, 69.97134761127748], [-85.80483654649728, 5.121787420030746], [-116.30645687694428, 18.415987648035596], [-273.48230011797057, 96.35487766177835], [-181.03563327098064, 23.610500975051547], [-257.6533198155803, 57.57754475256015], [-126.30189963088344, 19.4813568628659], [-120.88026127847134, 19.45151423904419], [-158.53696744268936, 22.108628289814877], [-185.31601835345603, 23.95854072078449], [-236.72944805323877, 27.661072520186263], [-273.45354109685877, 95.36927469665895], [-213.04176844868488, 26.097992509749396], [-75.97810601047937, 4.724950364178795], [-205.22605267150456, 25.388099620179702], [-138.40371906353377, 20.45753077592059], [-268.9881682479325, 72.53160646674259], [-273.0977363935092, 93.20073455954363], [-262.1078902909323, 65.81877828297955], [-272.76107867373855, 87.11769220304014], [-109.2974413672214, 18.213604350546905], [-175.87201782323922, 23.130165139960013], [-182.31678816459154, 23.86162238856342], [-267.1036222834422, 72.3977326724975], [-270.72610786261686, 76.30107376707562], [-52.876207989874885, 4.0868361301103], [-179.81249353392056, 23.524712952332262], [-164.96946844256763, 22.57218218604705], [-222.5034967493357, 26.5975889490272], [-224.38226850903243, 26.941103737785024], [-195.39749904151586, 24.868558710018956], [-258.35628565441755, 61.31505270380417], [-119.4726251615706, 19.321562392884758], [-227.7297616855398, 27.0659043759661], [-142.0254533306847, 20.550807705641816], [-270.4084493147859, 73.58202776537715], [-147.64404514055522, 21.10015590537557], [-249.64592886700024, 50.15413676445795], [-262.6711667591562, 66.80053351073009], [-258.9592839775042, 62.71679909612467], [-148.94899540810863, 21.381247968169355], [-229.9020483570073, 27.226810781320346], [-156.1841159547501, 21.899878130460017], [-264.59405861381055, 70.41828654210835], [-272.39443440938834, 79.98890935029873], [-173.09854510922668, 23.098912501100983], [-145.72176697967606, 20.848358904629297], [-205.9852675497064, 25.608822720284532], [-127.76603338125784, 19.642939651222672], [-190.11657524353188, 24.23485311747363], [-72.91420846929094, 4.652217365474948], [-137.46718641419207, 20.159439447616602], [-199.61890867148537, 25.044875251455732], [-219.23020468448738, 26.426058429424337], [-273.41314897993436, 94.39272899047516], [-273.08907247999093, 88.38643403837249], [-192.0573957195267, 24.498181886491697], [-119.3128079942391, 18.582043440518937], [-192.32828096429577, 24.606541354582934], [-41.93302822863162, 4.000130321379727], [-108.71263360429657, 17.880555546553317], [-44.422026542069936, 4.007812972525784], [-271.41971406995583, 79.32285892643313], [-164.04009035699823, 22.344812678283525], [-243.42771001115656, 43.75889544159843], [-255.57815565134905, 54.09350619289835], [-42.87150519122109, 4.005619680732536]]",11.88
OSY,CCPSO_strict,16,100,,,17981.586010,3.938923,,35.0000,100.0000,"[[-242.04455550642118, 69.21356365053249], [-190.99048348022635, 24.297441422916034], [-210.81173321671122, 25.93066030878689], [-207.22720566573912, 25.592769042299928], [-74.6823243200142, 4.570848017606654], [-130.10198587013502, 19.517351497151733], [-90.3291047061897, 5.087162592680542], [-58.313511007531375, 4.202102050005442], [-168.35751504678183, 22.62904714486852], [-239.1792334770369, 33.56208942667312], [-63.36143445538076, 4.286168224122915], [-226.82450925186012, 26.99178896388593], [-166.09622819476397, 22.363702037478614], [-156.02990100659463, 21.63397100708962], [-149.35323973363072, 21.1433831687149], [-55.06556075597826, 4.1251294657464435], [-203.73446987835462, 25.235103793592515], [-173.8155764016293, 23.064461528978235], [-193.92463103370727, 24.67978934046913], [-234.1139314551247, 27.497497647008018], [-221.771384731735, 26.62599988493384], [-180.07818395338285, 23.453430687515322], [-188.50781722854262, 24.283851144929347], [-48.98290943794903, 4.039032770339157], [-115.06585754792576, 6.010839098746437], [-71.184653557188, 4.555562440540289], [-143.01493718195712, 20.541936321731974], [-185.87569677343924, 23.983734137429757], [-133.89472663280304, 19.88312886283438], [-64.70391469379058, 4.318281970788342], [-147.88065242740043, 20.994730026140644], [-61.496041128121284, 4.254561507617437], [-144.11461313724107, 20.69649407902342], [-223.37583922278182, 26.868579368933403], [-172.3871031937121, 22.88515851274761], [-229.05116920451877, 27.087139827003757], [-177.91114175355648, 23.27605875002588], [-181.58367084397543, 23.647720542142867], [-116.69767358505653, 18.39210734441367], [-175.2331145949915, 23.18301525549876], [-197.90271197842526, 24.81651867833713], [-67.15127955421157, 4.389092670704086], [-196.17557238373507, 24.681739687900112], [-150.52013772271042, 21.185773687388547], [-56.98804022139985, 4.17156361664112], [-215.22543169349723, 26.172367953496188], [-124.25811350922663, 19.09662862378317], [-152.25814229864693, 21.303304906168428], [-96.9781692135707, 5.304311007631381], [-182.78083463660985, 23.705899629806723], [-75.9019278829309, 4.661508655186867], [-118.56058612800284, 18.542681997416665], [-120.38622820028317, 18.696516037030054], [-230.2757058037264, 27.253562966140013], [-185.10187275052607, 23.86306143522282], [-99.61766098712047, 5.474625060515668], [-167.22510675712653, 22.623916011041057], [-121.75664037705477, 18.8260649113999], [-192.94218795073036, 24.52475361435849], [-83.37093503815902, 4.8592279811271135], [-153.47673701205701, 21.56595105420075], [-187.23819942736773, 24.116759431214987], [-126.81998369559273, 19.332467358843218], [-160.55406094281537, 22.034905072233585], [-45.151745568307476, 4.01152639365043], [-69.28362042172036, 4.434120876132084], [-145.6765736905864, 20.79066760745323], [-219.76296836586184, 26.44807895792264], [-46.616257748394496, 4.020494313172878], [-209.4458569223309, 25.696008532677165], [-177.02780927872953, 23.229246058700568], [-157.88278389124005, 21.850371788000338], [-163.7178845129272, 22.230041160519825], [-78.00166669478993, 4.714523871105509], [-127.8021969855336, 19.374194194552], [-43.31781415823073, 4.002486311714871], [-158.68062741997227, 21.87553656307686], [-236.25745748020162, 27.700622927658706], [-123.39317222961103, 18.959561605321127], [-169.70418230307567, 22.760846464856478], [-218.05578578723657, 26.276098717886242], [-135.74388215449886, 20.184978019296665], [-213.80492243883154, 26.069676551123347], [-52.85115458622393, 4.089500365501817], [-201.30446515779025, 25.072295355969025], [-60.60053212180332, 4.2179537306626145], [-85.4223628400937, 4.923935849624372], [-206.49049401041947, 25.477562765904107], [-203.7969518523309, 25.410710500005205], [-138.7055719847021, 20.188275327903114], [-132.40552858141507, 19.78500099991076], [-161.71474224341836, 22.167317325904015], [-90.63894453506705, 5.174790284327369], [-171.16424271507572, 22.824826064412562], [-232.66044018681148, 27.439653861393392], [-131.3229072356792, 19.657786848382603], [-81.02506981666025, 4.756766499753669], [-140.1860773529337, 20.35159499106856], [-103.02059682180173, 5.802850401245089], [-50.75275337252064, 4.06758958253214]]",11.98
OSY,CCPSO_strict,17,100,,,16696.631944,3.277652,,26.0000,100.0000,"[[-159.8952017718182, 21.89101518741399], [-209.2313070920542, 25.73002980099972], [-186.92622246246523, 24.04814736060574], [-71.29271479905984, 4.489318974369473], [-155.18775327003485, 21.597998353790604], [-59.54631647540409, 4.233798038791395], [-138.77395357107005, 20.205418896057434], [-166.6853371068004, 22.442516794659], [-118.81894263333258, 18.59845973318059], [-188.36672305201702, 24.26792280777928], [-76.95040423189633, 4.787110771742976], [-133.2829715856878, 19.90038452267418], [-75.08791811225163, 4.771825353074033], [-139.72928466703894, 20.37097481389304], [-147.57075600101797, 20.927304355865022], [-94.09271885193262, 5.257399021719309], [-177.90746869506037, 23.321746283789086], [-103.58522748930497, 5.7853213461341095], [-201.08828868071848, 25.131298699392932], [-85.91676412134824, 5.003430784775316], [-218.77247670933485, 26.516041549677077], [-89.75927396913758, 5.174804726983552], [-135.59774023719766, 20.04462233381127], [-228.91508718327194, 27.175108465752256], [-241.67305495798357, 53.866194450930124], [-97.83509747063307, 5.462555719372676], [-183.03827100461393, 23.675512278979244], [-234.06586727135144, 27.72848049054014], [-69.38844356228097, 4.435438425370851], [-142.03291739398213, 20.583701588616545], [-131.4709317594651, 19.643956487250136], [-220.81550078093417, 26.59778295743084], [-227.80689106281994, 27.024787859470134], [-191.50946896988344, 24.369359942825962], [-152.46652598866345, 21.321900785086502], [-80.05667588565903, 4.795397978047157], [-217.93691631739176, 26.4004962550252], [-176.73870734129818, 23.215780084990893], [-109.41939930263554, 5.965172690102919], [-163.07612227895373, 22.278100828003563], [-198.52286381102508, 24.887798232546015], [-158.52848354857232, 21.85011464066107], [-113.64255965862527, 18.172421363482584], [-170.8282777368271, 22.881986543649187], [-233.97235670558882, 27.470392457279946], [-195.0698347314828, 24.862529244630775], [-129.3569630136746, 19.59552545838272], [-193.30627329908972, 24.503899336332218], [-99.3011544096135, 5.639125579575566], [-53.53701158764529, 4.102677002109869], [-206.20889095338106, 25.49586226445759], [-81.06206010095218, 4.896324146785903], [-63.296596758207166, 4.343574038556998], [-144.56311404881427, 20.849798333454597], [-111.06365992115717, 6.094408525676156], [-61.3126034645822, 4.283140493064656], [-51.461314499877375, 4.072383848832358], [-199.57743976633267, 25.079975281329574], [-225.95826582637756, 26.931670979029295], [-145.67322761143012, 20.91302529297088], [-172.920567437364, 22.906134961350684], [-65.3937137746159, 4.3448490474889985], [-112.40915795535867, 18.008865028528138], [-150.045688072461, 21.202138660927474], [-136.40593524662336, 20.0532938207436], [-41.59600911207239, 4.0012599274023595], [-48.913808685834645, 4.064111751575051], [-148.99646281084105, 21.089984458318934], [-156.44551099366532, 21.848223083401344], [-118.28958963804017, 18.519099196142463], [-180.45672880666226, 23.503992768814626], [-115.974964237773, 18.35363160315877], [-72.99862458054142, 4.553767589507423], [-211.28079003123642, 26.05020941012316], [-184.61552258519595, 23.869045836915774], [-46.594113628364056, 4.03065785163479], [-89.13719610399208, 5.0768215883241306], [-127.34856031709153, 19.37745445387182], [-57.268941808371906, 4.2056503453835274], [-120.48870497871833, 18.82356004232735], [-168.75113406599687, 22.619366965428547], [-213.93948079814064, 26.068209037035796], [-221.24961117822824, 26.748511379346073], [-96.96965791594701, 5.340776031733593], [-44.126951410079485, 4.010426317933987], [-160.9483161379214, 22.05063883045489], [-164.72921208542908, 22.363888296603545], [-230.75786484552253, 27.410263687753353], [-179.7646243032241, 23.445651044706327], [-125.25561273386359, 19.131137632617833], [-100.19361985432205, 5.695123143620259], [-210.6358590561444, 25.97361406099638], [-224.26586975401574, 26.77783199385726], [-202.6084376561629, 25.247885677684014], [-55.52688531437283, 4.195027439436366], [-215.9525829045834, 26.213370254145268], [-207.72267649889304, 25.718988173188098], [-174.16162930866818, 23.16387602143554], [-152.9045632102718, 21.51733016960366], [-204.08627181517986, 25.372259975449456]]",11.54
OSY,CCPSO_strict,18,100,,,26210.439138,1.987284,,12.0000,100.0000,"[[-86.9594313886318, 5.227895396493279], [-239.68793824124305, 41.0159881617064], [-111.19149072296516, 17.897827488053423], [-225.01684731935939, 26.918609051278114], [-96.09251287616493, 5.421567641011608], [-71.89567429600875, 4.5708088207555875], [-50.496083403622585, 4.05643397115314], [-51.83729498658595, 4.084178078613357], [-60.52334976854237, 4.267664736818746], [-170.63252736689756, 23.107509412544694], [-74.7732896064139, 4.850661755381295], [-213.33054524188208, 26.181933457104265], [-64.86581469621646, 4.320458444593825], [-239.40264900195854, 40.724998761639505], [-271.6623015549902, 84.03396386772611], [-47.880456280262266, 4.039062811963101], [-56.09738921602224, 4.1564126751118], [-107.96871949685517, 5.9263803388105165], [-136.05951858155328, 20.049575663736853], [-266.43292804412215, 73.18914266131306], [-187.00758164823225, 24.32326018810299], [-260.9078782857457, 67.78922158888145], [-158.71891564983937, 22.063355745530934], [-228.33037373301835, 27.283988812794888], [-218.8671934359106, 26.84111117298793], [-53.04619866300254, 4.086227896305603], [-46.00532874418995, 4.0374601031298], [-108.72328886441996, 17.741268289118867], [-74.40796514981437, 4.759020608338274], [-49.06541679752506, 4.0441859682871035], [-203.81508675764428, 25.28250388955235], [-264.9050673236617, 72.16738055477333], [-273.70602692441827, 99.8487293077849], [-43.334701504817716, 4.001579517914456], [-245.0892319411893, 41.23814535775624], [-193.69732380117046, 24.610358078257356], [-44.48057668760967, 4.008498758161133], [-152.35423040122325, 21.404429650981992], [-156.1426357500537, 21.89327343837309], [-268.7314994198976, 73.61268960604532], [-269.8531693265366, 82.42882793196537], [-70.00395507450075, 4.56809049520232], [-273.3178008411242, 99.27816151190038], [-217.875165505346, 26.426434980771518], [-258.2075842406024, 61.60052376316809], [-85.17386497825866, 4.983710902642641], [-69.23881228417429, 4.524769437543252], [-229.14624420918165, 27.29989963300746], [-185.20812491603337, 23.906444513872724], [-238.79214938703817, 27.78377950257341], [-54.56855010446681, 4.126239441090336], [-265.97066482984894, 73.01697841742799], [-129.56017498115648, 19.638467094292324], [-260.4500404082802, 65.34159419731293], [-165.51566260873923, 22.870554433185713], [-177.28622852554926, 23.634477804615464], [-249.78250427806526, 48.308167236812714], [-263.6162457880225, 70.02616871453309], [-273.19994673459496, 96.37845463267269], [-174.96079565077673, 23.22474929726088], [-195.60581227542372, 24.724229730489593], [-208.6771078186491, 25.58572983966276], [-209.66472355381973, 25.92612745079291], [-144.67469731077296, 20.765287877366998], [-131.31774168262177, 19.798595756296322], [-173.68245051051497, 23.120438114553252], [-163.28393677035945, 22.187722719453586], [-117.26529788544516, 18.472065255213042], [-123.61279677605968, 19.134916745252028], [-176.4279757536034, 23.38438465452986], [-109.25050967271999, 17.767346345659163], [-122.48219444670703, 18.941828509557446], [-130.70649523434162, 19.646302934318005], [-125.06443074026339, 19.22374844125362], [-235.03133305385322, 27.66688370082128], [-137.8082888148455, 20.435840000400773], [-119.65130688335692, 18.83000606257246], [-146.78434740295373, 21.118653330784255], [-59.90896606151175, 4.204883158105096], [-150.61599988084762, 21.32137722938194], [-111.45246937150917, 18.096863031479955], [-169.24047791027513, 22.978951386008664], [-160.72665802030235, 22.141970530293072], [-183.19188407847867, 23.788585753231075], [-215.8544485278432, 26.284585435195606], [-113.60936440983211, 18.12577414735633], [-185.68982631431385, 24.233534965394618], [-118.45546372791974, 18.63243856369062], [-93.07223530292816, 5.2999843724825055], [-121.57023252212753, 18.896296432936953], [-72.65859116409423, 4.588106914063216], [-137.29495003440303, 20.11599222431339], [-142.46152495335727, 20.70251867411698], [-254.18295257890668, 56.26807886965822], [-165.01845170849813, 22.42866662167501], [-120.0484310119499, 18.868060985084824], [-133.41874634836083, 19.988420580742307], [-115.11545505699246, 18.327176781272662], [-154.65537680487088, 21.578346811680767], [-127.73166666267677, 19.546830958323085]]",11.34
OSY,CCPSO_strict,19,100,,,7013.539732,4.017201,,12.0000,100.0000,"[[-178.23232741363165, 23.506880632565668], [-89.77975503890138, 5.155524166655359], [-210.37929836465955, 25.796732202877223], [-71.76321784459536, 4.508727667588046], [-228.92085062360667, 27.32644961721286], [-203.78951792682258, 25.31345513093931], [-175.93001980293377, 23.366189168481853], [-44.378608454405324, 4.024082682679937], [-233.8551102704527, 27.48855502005406], [-46.875969887075485, 4.029531518513139], [-227.1508479365278, 27.141737404502187], [-199.19687824832468, 25.051693494382263], [-207.85018390093737, 25.6573623955069], [-188.90201057637924, 24.30168910408033], [-41.49372375605978, 4.007285208614949], [-48.827668143684214, 4.056879955880353], [-218.23410216615486, 26.724288040629254], [-62.05712364667752, 4.314452275035322], [-181.0802234811367, 23.82680049299984], [-56.956472610804134, 4.190224533535036], [-220.01670305497018, 26.85463439348183], [-193.1588456268263, 24.590586373716455], [-54.75370493643711, 4.11547746319853], [-236.5282683448819, 27.646146728305634], [-42.57043990267643, 4.019874412387477], [-52.52016516999261, 4.114536660185681], [-51.80835199903858, 4.093349965869102], [-226.32340575509278, 26.952696206446728], [-151.7797363046563, 21.32809240756353], [-105.90757471148994, 5.699769990863691], [-127.05508111568369, 19.29135160954911], [-169.49467329408722, 22.726787371216062], [-149.22088353072255, 21.102047218213748], [-117.43442187438848, 18.48728354439833], [-128.61926206633072, 19.478076029268795], [-123.09786929523902, 19.045736620205528], [-115.37616847278588, 18.320958262575274], [-124.34807113412336, 19.05860035357473], [-68.14997608103357, 4.483540364578307], [-134.9383659474777, 20.023985734667477], [-147.1204925918579, 21.071187991438624], [-172.77452036264145, 23.121085708331385], [-135.889126307228, 20.14661052174409], [-193.81394415783944, 24.667892854984306], [-150.96933205145984, 21.30257118945083], [-141.5697337281813, 20.566329833933853], [-235.5256361712709, 27.623902065551786], [-197.7315214337379, 24.80627136737873], [-238.85291731624005, 65.7970894621457], [-191.18235809431144, 24.41750446501602], [-133.52158493787007, 19.897647549183866], [-118.74373734301653, 18.668161793882163], [-158.63768712395645, 21.93939146879903], [-88.23738059537897, 5.091087805445162], [-137.76105828063956, 20.252664311122885], [-166.6519679151629, 22.49137227492847], [-159.80927470665446, 21.99287728838771], [-187.014045602377, 24.164104758836224], [-130.4202654070007, 19.574591122749844], [-153.7607091176447, 21.43248855891792], [-172.1821909913439, 22.937332591660734], [-161.19143116646396, 22.043537656546743], [-125.18821020582315, 19.223541637819206], [-154.74468981267643, 21.51909532773197], [-156.0735626660596, 21.587509380110752], [-84.62822618823732, 5.001160257225509], [-80.09083856893784, 4.756988903087639], [-73.80898310999041, 4.552350976037706], [-101.33339480949256, 5.477490226294013], [-140.53679766701788, 20.376095706688798], [-231.39122975520544, 27.373213536196822], [-80.58640531135654, 4.925027507745852], [-214.85636321689313, 26.183671640091433], [-175.37605717161878, 23.14972187208323], [-157.36341117321368, 21.804429196596605], [-190.23086329247937, 24.36584452469022], [-115.84127400994193, 18.340807849762868], [-184.97341122334302, 23.845389369193402], [-112.8066168491295, 6.022625194049773], [-65.52981551041842, 4.368586285920708], [-67.61806237862982, 4.39874056322228], [-76.91125373365172, 4.683703299256548], [-144.19505092209207, 20.718828041482205], [-216.18712208783583, 26.219431499537535], [-132.22181129439196, 19.682697044261673], [-201.02456545954337, 25.074877330475445], [-113.50683478566184, 18.234716769139084], [-121.22317411129038, 18.89655534606324], [-86.10653241502409, 5.001226586287385], [-167.82471720976284, 22.58076208307096], [-119.89884955560501, 18.698682183721637], [-113.25457775663298, 18.151569969476736], [-180.8901793136189, 23.55270786084982], [-94.2985230809825, 5.275710969353878], [-206.75021625253981, 25.524658038448948], [-59.31988656592075, 4.233350222519111], [-162.64973620728364, 22.258546835303306], [-75.25901059735513, 4.604329115173635], [-145.412659639334, 20.82230589309763], [-62.85734103762524, 4.339220483686333]]",10.31
OSY,CCPSO_strict,20,100,,,15926.473299,3.208757,,23.0000,100.0000,"[[-208.08729214773234, 25.84296375410354], [-151.86595952347977, 21.55070766179868], [-113.03308927629848, 18.337821192208704], [-174.58859500861809, 23.111799677786678], [-131.66481064148422, 19.88239164306729], [-114.26367709985433, 18.556791384457476], [-228.64785175373146, 27.176721006713915], [-126.20411357210894, 19.314911673712196], [-186.15411318724065, 24.24667552628815], [-202.01846951592123, 25.224474969368288], [-195.4979604963864, 24.780282031760194], [-119.35403581461054, 18.82866152578076], [-192.51874313481915, 24.599753164229043], [-97.02959795147439, 5.35147984079735], [-198.4507633137986, 25.09947016004914], [-208.53825567721245, 25.912121551318133], [-129.619695970772, 19.631247826652935], [-223.51320968381827, 26.756963009770683], [-231.8694450922581, 27.37376057081704], [-203.26906654731238, 25.342127439442617], [-148.49324902659308, 21.05544021322033], [-120.92254545320328, 18.901236349659598], [-172.25128579541328, 22.979629943422577], [-167.92643317595224, 22.746249631940096], [-149.9073193327394, 21.33673422705202], [-130.44343594625082, 19.689790657580264], [-236.4163717235032, 50.54191346004881], [-200.02922790471536, 25.141137238949142], [-58.81293957503519, 4.216420223514902], [-194.606015381425, 24.608347961295287], [-126.34066545329715, 19.46861996501368], [-219.32374398038436, 26.57759044688331], [-179.40914688311292, 23.52706421295833], [-134.7606702824052, 20.01135770557279], [-86.94866079906902, 5.123121021636996], [-154.59268065789033, 21.66188953186387], [-108.54631586755553, 17.921141024651558], [-61.35641090125641, 4.252576177266871], [-136.08752290867227, 20.174724005125668], [-116.30290204435076, 18.655249891210172], [-214.10177317622976, 26.13791014029439], [-102.32924013848994, 5.903764637928093], [-197.10557419714053, 24.882836285842462], [-70.08749515095433, 4.477987742242423], [-151.4835345382285, 21.461703691852453], [-162.0800332235318, 22.196431092094162], [-181.33054678554433, 23.867988118797136], [-144.00736459779748, 20.72496244655793], [-123.8676121349316, 19.067340009437384], [-165.1322753158561, 22.46022659757936], [-145.44840613955589, 20.90312508846219], [-235.45342216437987, 27.565484593046016], [-185.4967499840263, 23.909207823355473], [-132.19972881222236, 20.002091913991435], [-128.34757860918927, 19.52553636162813], [-217.94406832614297, 26.300843708094906], [-156.53253136399937, 21.76088314977564], [-215.9253604312097, 26.204214157855176], [-64.18119914914381, 4.383880245874516], [-252.63176055925456, 57.335898680338914], [-191.19703294950966, 24.374308288822846], [-73.93311492841669, 4.6135894275315055], [-160.46480005016664, 22.158844555413072], [-212.42355293485195, 26.09350310926881], [-176.8117961169282, 23.331398679586314], [-92.56744804748962, 5.156424762066067], [-49.14215908490811, 4.061028356027193], [-44.83010187599815, 4.015301340352044], [-46.73029740593645, 4.046081002584359], [-52.441997219897, 4.111501631853145], [-158.18678049686014, 21.89203802147608], [-112.15222828888169, 18.0839742645974], [-163.2792237314318, 22.289258753565147], [-232.61376615643587, 27.46142585975569], [-166.14271805187872, 22.68310813914138], [-211.46033789082762, 26.018521842082382], [-188.97584990755817, 24.25607070392153], [-109.02407474319563, 18.0598223510819], [-139.20203665256687, 20.338116343638692], [-206.60876490524885, 25.67533823158822], [-175.91981485980273, 23.238167626358806], [-50.97665620451515, 4.082825655264057], [-159.34223499513524, 21.938420375851372], [-180.86472605061394, 23.586489158908837], [-170.89571263099432, 22.822744178631986], [-122.63119079459084, 19.03081866854861], [-142.66154604104284, 20.551707098247615], [-224.05695150978195, 26.848461758290224], [-56.04088673938617, 4.150960136536989], [-48.718306039529374, 4.053169198770746], [-77.5860517532713, 4.77534583321346], [-107.63511460629421, 6.288931374665133], [-68.57713535266342, 4.428411064711642], [-147.07842107972706, 21.05131736135064], [-118.5222350477384, 18.677159353570328], [-57.133317680282154, 4.193031702390414], [-41.66953830490603, 4.002058632857096], [-205.12666176167934, 25.520111758022644], [-115.59910104439402, 18.60422094394037], [-43.83093932786875, 4.008189635791778]]",11.57
OSY,CCPSO_strict,21,98,,,5843.678408,1.537389,,20.0000,100.0000,"[[-251.09062870416955, 52.847322668672355], [-98.8755162696472, 27.687843553248673], [-76.22501295013714, 26.858313831490015], [-152.04506454981245, 42.85435112357918], [-195.81465552635873, 46.16794100270292], [-128.83412952107957, 29.815218488416775], [-159.38248521735534, 43.53066831650867], [-146.62391638171692, 42.3409068705257], [-161.82887082829143, 43.54642688256677], [-166.22565502488533, 44.021013021138025], [-94.01912446603701, 27.32631442979747], [-187.60526519682955, 45.622526033898275], [-248.7265526022277, 49.97586981998045], [-147.64980325687696, 42.51896794142973], [-241.8540021063394, 49.566408489376194], [-216.69469130968324, 47.69533846801957], [-141.96031072404014, 41.93165221505911], [-213.46697724148066, 47.47005557908172], [-220.27117627765813, 48.10258626810278], [-202.3709885082238, 46.749178939818634], [-178.55479678802146, 44.93772083616472], [-179.22936855036463, 45.025383313509316], [-175.9473699838473, 44.59449778426609], [-218.49109413393492, 47.91878600344644], [-235.52673470028753, 49.23947652263104], [-221.61735770300038, 48.21628443344628], [-221.30718923852228, 48.13180185730848], [-128.95416217765796, 40.814549070641036], [-66.55052743400255, 26.526365822373858], [-225.11565948054576, 48.23276044192653], [-169.01390602821914, 44.09542226800282], [-203.65730193031433, 46.80788947008105], [-152.45193872232778, 42.958945773842565], [-158.97425240023773, 43.47803844587781], [-135.60171883652097, 41.51742575726786], [-56.83065800717884, 26.36517839955577], [-70.41311372315198, 26.594424299436792], [-170.86049766682294, 44.29889062593615], [-119.46547259876733, 28.426740521589718], [-131.91377810235474, 41.25407223906389], [-199.6480523863264, 46.42589768908065], [-187.00303108570122, 45.49969223807827], [-177.82908145354457, 44.889769024922586], [-58.47932626129089, 26.379148288122543], [-112.01878282877749, 28.34775285237125], [-111.21735435145408, 28.177239102550452], [-205.9673421776066, 46.85587295719799], [-132.23675792703062, 41.27136420232356], [-144.85977057449492, 42.211618566702725], [-215.19099931018548, 47.653473397706705], [-184.81535687866293, 45.30192207596809], [-84.31829365851516, 26.990962675275426], [-237.81266194678315, 49.2725077423552], [-97.48895215323012, 27.49507746633956], [-137.1314078159484, 41.69634648354442], [-88.0358120879023, 27.201948962470183], [-62.54642627279273, 26.474338598219376], [-143.50114159574647, 42.07657796041608], [-64.12059085837738, 26.481759485860692], [-177.39450414880824, 44.747604892567324], [-142.77907540605716, 41.990861857875075], [-149.74590284403124, 42.625717063373074], [-219.60929593056673, 47.983579168074556], [-61.2670751677774, 26.392526381833093], [-73.25462311427083, 26.651904667183082], [-229.7276396941458, 48.58121394719748], [-80.32171056534901, 26.88319177678086], [-158.59048440396379, 43.139565275297564], [-69.1394996876553, 26.54429274966275], [-233.50226514124648, 48.871147190116545], [-112.07329077849214, 28.351630833399703], [-82.64160661568326, 26.893771466149783], [-110.55939286020094, 28.055282757812737], [-183.18814865806084, 45.05971216514028], [-96.18516739856176, 27.35268013958512], [-164.7034551700591, 44.00004684131072], [-211.03115792746772, 47.2902622153983], [-171.31815830080475, 44.33400436829796], [-199.06840303325046, 46.3076439741337], [-192.0141347611246, 45.774236135137116], [-134.23939785463054, 41.2956424311105], [-218.30057879862784, 47.82084937890824], [-74.600850608918, 26.760248779252272], [-173.20992253344076, 44.38363732173485], [-135.4769991632792, 41.443259976869804], [-164.12537751868004, 43.619481413673995], [-129.890507768406, 41.00166483949528], [-207.09641291307443, 46.97211774083894], [-155.45973520092429, 43.08379789461234], [-77.5266111510505, 26.864928167979993], [-168.29948664517875, 44.04961092869802], [-65.81639538044908, 26.51945210636918], [-201.26924780692002, 46.704998415574366], [-169.9803906784164, 44.1795290789969], [-192.0029467792344, 45.74603779155422], [-139.20793298981536, 41.806674176856184], [-131.4139737913351, 41.02204095072276], [-107.88558907166886, 27.72760340034046]]",10.50
OSY,CCPSO_strict,22,67,,,11983.215535,2.975734,,8.0000,100.0000,"[[-236.78527353623326, 51.35045937736314], [-235.0280028115942, 50.16492269806754], [-251.6331673835227, 56.310564428786975], [-232.1564762618546, 30.33667720672144], [-214.1204330374299, 26.603423165911188], [-154.6091622438598, 21.73397681163183], [-126.18855285058847, 19.431963559862147], [-131.19176278122558, 19.87986683638837], [-130.56786045897866, 19.691949060530117], [-143.7101986802931, 20.76668581131539], [-46.95193210035393, 4.079658440954725], [-128.3713614679239, 19.490233528373587], [-169.2317538906963, 22.608727750237808], [-39.00148486549263, 4.029233819511992], [-109.18019857436143, 17.989594884104523], [-68.13397018235656, 4.546279674050783], [-81.70925570692576, 5.00604972795746], [-64.18190003252107, 4.3363715868635655], [-124.05900292668412, 19.288609290084842], [-76.76320807190832, 4.745199825777772], [-80.58536195896336, 4.780073033312476], [-171.37905962619698, 23.05514737143165], [-129.01807787435786, 19.538719963274392], [-113.99512336979879, 18.305557768036344], [-109.0759009799777, 6.434493083866022], [-90.61720623594417, 5.082192144338448], [-56.79667527784943, 4.259500190767839], [-151.15884802826207, 21.387485940593336], [-117.8644123177361, 18.60452540952103], [-220.6246909553, 28.955414264396587], [-113.26929509467841, 18.147100796948497], [-49.435917852988815, 4.103229698819744], [-195.47983505136625, 25.182346755892326], [-41.31572941723866, 4.030068409541541], [-40.35093135438831, 4.0294256366950645], [-184.06473350317503, 23.935352301668825], [-58.55864755641847, 4.28248425110384], [-149.22388077646357, 21.1889712716703], [-74.03688603236844, 4.6780734181977595], [-159.22666889072508, 21.951712895070056], [-123.06745810282814, 19.02783572985236], [-211.41310159047887, 25.977524758844552], [-46.36346109255124, 4.038422794385491], [-109.10129090903442, 17.893212708771998], [-107.3734183595999, 5.862650830740078], [-64.6120446110908, 4.398177203443047], [-118.49190667080353, 18.83141433633489], [-91.82345605459376, 5.183557756383969], [-47.69607415765917, 4.098402375227385], [-135.9346759061702, 20.011746370547378], [-201.3841549814845, 25.325337934039535], [-129.97118953390117, 19.68255968663137], [-97.23408877617425, 5.774483273594211], [-190.20963805847228, 24.587295464452016], [-178.72047353950464, 23.549721817655204], [-92.82624510203392, 5.357864729864688], [-160.82730187376865, 22.497504350726057], [-131.2393466809119, 19.888417170009973], [-147.8802730289153, 21.055734533659326], [-116.4875760094849, 18.33559295225351], [-132.26386419025187, 19.92131314276677], [-181.17594232019417, 23.879497994088595], [-117.26207805495048, 18.439103993872568], [-210.56732119333074, 25.932397882735703], [-203.78590274034596, 25.688807956760986], [-121.26731894706542, 18.90403190236926], [-140.38980049265814, 20.421139121161616]]",8.41
OSY,CCPSO_strict,23,100,,,27165.099518,2.529461,,10.0000,100.0000,"[[-58.98025507403302, 4.1952429376283265], [-259.85837860419645, 67.96945935808691], [-156.02992485538138, 21.588712743867504], [-174.6622549887843, 23.451058405570258], [-237.44628751159658, 29.988898855049975], [-57.388852251154944, 4.182069236896378], [-262.26299874916253, 69.78331541681199], [-124.76196107969604, 19.135089031036763], [-44.470778959785804, 4.010029951595314], [-68.78601269305643, 4.504625921711778], [-48.50847368535382, 4.037963481453147], [-123.29732078975339, 19.01751968489741], [-98.21552317467344, 5.637044928799902], [-267.66754180731544, 74.2051086677852], [-171.4709221801187, 22.913110702395542], [-53.572646859176245, 4.097551333914254], [-163.71064113588542, 22.32205030865817], [-271.0419345533501, 76.5891584108713], [-255.6602369461601, 59.334891005599744], [-164.4708542915164, 22.387392455850502], [-197.9435694109732, 25.119138999601844], [-54.37091199655988, 4.129884317414858], [-212.07609874730625, 26.07714354813284], [-121.97934523557545, 18.96934818747368], [-194.08746984594947, 24.7589000346396], [-265.24411499205365, 72.36469113534989], [-168.84621036544615, 22.786151615242044], [-167.134002595442, 22.704916904256738], [-114.27288276459683, 14.118751230041802], [-109.85382216563018, 10.128839179428038], [-117.10011145675585, 18.73179762227517], [-45.47989256828869, 4.0101653863298505], [-50.658309415811935, 4.068161583522935], [-266.9100000570531, 73.65380357302338], [-66.68453198014328, 4.432606166711542], [-208.2595913520126, 25.696842933825167], [-60.22231761610991, 4.256916398588632], [-273.8198400749356, 98.1017716536835], [-46.56173919365363, 4.019968767997862], [-220.75446871214726, 26.99688851319523], [-273.6010747590254, 97.61010678679553], [-252.19478245659306, 58.30017781496552], [-144.15055791048917, 20.874114789760448], [-227.76596460294363, 27.240429877835222], [-153.06482874712177, 21.586334002452677], [-138.51323437519392, 20.329297060640865], [-264.88393312198434, 71.95261425948982], [-258.0679481755309, 60.652844548835496], [-125.62725271401625, 19.214166019842118], [-251.52656687087926, 57.86953622211255], [-145.85738361151004, 21.06592156281887], [-215.36269390234148, 26.21286176176185], [-248.86539854565126, 56.9659796820754], [-43.65178735073021, 4.002772156894144], [-47.06639366717421, 4.025217990252362], [-261.8355174597698, 67.97179921206708], [-224.60502364816114, 27.00449986125046], [-220.23204878397468, 26.701032498320252], [-208.4202032836417, 25.85130455146147], [-184.63211726978713, 23.921943709083315], [-50.11433780884946, 4.0491844812346], [-131.22333488667556, 19.691946421466877], [-228.34149162670448, 28.576065023222828], [-79.18911707114782, 4.746882541545681], [-63.878852601727516, 4.315802408981529], [-272.5202077418868, 81.34626013995218], [-273.09061558576667, 95.51211706934487], [-273.0170049055751, 95.18240124222287], [-272.6793236830724, 94.82562206158275], [-273.25139191996305, 96.51184612712271], [-191.3340170119877, 24.50927695744236], [-244.4122325744156, 41.6188512653475], [-62.63591052680794, 4.286358860752794], [-56.72725257995421, 4.171788075779775], [-73.22134977842882, 4.552846101797643], [-149.22761012458923, 21.218586164551006], [-159.66884648576684, 22.075451504123613], [-205.58978310931252, 25.363421995387615], [-178.85507670282473, 23.683738217942533], [-216.31528157217664, 26.212960046622268], [-142.7504475573972, 20.606155717729653], [-55.06962635862184, 4.159340418811684], [-189.95121171935327, 24.322947439276223], [-186.06691112742286, 24.05475896189409], [-166.35112269620532, 22.679854634181684], [-156.55938846944125, 22.014596228977165], [-178.4657040516899, 23.49085891151939], [-134.6018498392737, 20.076088753048555], [-127.92618278599383, 19.664081221153822], [-114.64211454742096, 18.36596526834237], [-145.2842975094747, 20.888070122980007], [-118.64647564058228, 18.90054131342979], [-173.35708441356914, 23.223062274599112], [-143.26261826313345, 20.706358219229422], [-134.45806967596803, 19.856135502778148], [-141.10269645674865, 20.485932390143464], [-149.8957450784579, 21.505046286132476], [-89.75986762996843, 5.228133160182509], [-109.28850486757072, 5.773517417041365], [-194.0909975374952, 24.892775685327788]]",10.03
OSY,CCPSO_strict,24,100,,,26070.868582,0.831994,,24.0000,100.0000,"[[-71.89075901164709, 4.510395345986636], [-64.47358564949838, 4.315026952513472], [-60.25643998685168, 4.213549074140445], [-79.14507945665021, 4.704088710728682], [-157.7412939561876, 21.935973100139083], [-70.25004172239288, 4.441470439092034], [-236.51233583238488, 27.84968498548924], [-190.45430297322017, 24.413902257378574], [-156.70518472531538, 21.767051758141445], [-81.0930563597459, 4.808987970922192], [-201.2218037043519, 25.20562903828013], [-193.87695776795655, 24.589689114802407], [-138.93004882537343, 20.257503684113196], [-211.7769752597182, 26.005487444509203], [-142.93593352598498, 20.548524897151683], [-226.6819473902649, 26.913202757962107], [-169.7134581279112, 22.796639138866148], [-206.66772405737296, 25.596468944602425], [-215.0485950838891, 26.14261718645644], [-116.22182571648143, 18.57838065952941], [-126.12343084989634, 19.289010509038558], [-54.51106656769166, 4.1528405915895465], [-199.7109376897829, 25.031164500506407], [-161.80617023306533, 22.248607072844916], [-176.453091451476, 23.310153772646473], [-72.69556380090708, 4.6786911784775205], [-128.8559900957861, 19.47596545685495], [-148.211349809068, 20.97433432668626], [-189.90830782279113, 24.225963072973524], [-204.41419766239346, 25.322189112549083], [-151.4122798904838, 21.28386488738311], [-115.91550503095284, 16.550429950059055], [-62.4125706590673, 4.298410719430305], [-120.64400737762313, 18.739610752847767], [-143.93375115003633, 20.757437686305394], [-178.49486169750912, 23.425556246265177], [-216.06408590928322, 26.282936430151462], [-122.62334244700524, 18.958456902355234], [-209.82795586105246, 25.896912945898478], [-139.65493216620555, 20.545154542149184], [-209.0710261281563, 25.66293642606324], [-89.69936844664818, 5.208025826948005], [-222.51886242727284, 26.74233286493461], [-107.62930490244614, 5.833560025296731], [-52.91401458429992, 4.106241007002362], [-184.41605188739558, 23.96844423776888], [-172.67591132433245, 23.08480065564075], [-231.42121376938107, 27.318147961427098], [-171.3203057961373, 22.92932770319017], [-125.16800485227579, 19.173381139503384], [-164.73463104879696, 22.387204671155178], [-95.27208951239517, 5.367057727497472], [-155.65281683826922, 21.604366559115586], [-50.10597472353097, 4.074248336294907], [-198.039826186284, 24.844915709185823], [-87.51532203395513, 5.130277716347757], [-163.22306806435068, 22.368467778447954], [-234.4855410318761, 27.628913826320225], [-195.9580127374202, 24.780925097519262], [-43.702954169265006, 4.004183768760044], [-182.7001476081601, 23.75678908924484], [-56.826998016553375, 4.166206446409191], [-168.61190320240107, 22.618695527648566], [-46.834554351734404, 4.0262921451259635], [-213.15807809193475, 26.00736955575268], [-121.07611623967865, 18.84582592217765], [-149.74711908856415, 21.198414010680548], [-68.69394891551974, 4.425032086560227], [-74.91171034499608, 4.685437691511931], [-66.34898100600931, 4.39778778861828], [-117.11422257870547, 18.638817554777035], [-188.5765226475733, 24.128072345483638], [-131.20096794650883, 19.70390948763958], [-100.49815343465171, 5.473599242537407], [-180.6723284892354, 23.58975837526223], [-220.81782035172307, 26.664452695701417], [-229.96223869065676, 27.182346459225087], [-92.6975372203695, 5.27840706872782], [-146.1927997859812, 20.917179482005373], [-134.78294545942788, 19.930819645374548], [-218.0142000475854, 26.33563989702519], [-186.70721309658924, 24.0152501119385], [-76.42268343649866, 4.689054880175312], [-192.20050449043765, 24.52133577918382], [-219.37678281335536, 26.52157099043043], [-86.62053013964923, 5.037386855163032], [-83.66441762225499, 4.8440753191925765], [-232.8903968441442, 27.47588983192989], [-47.99291957361025, 4.060134370839296], [-175.30442783959046, 23.124142303888615], [-129.56713036109048, 19.685369073240068], [-159.22130960945813, 22.059973759019535], [-103.21514576906681, 5.533092657561076], [-113.92310455259529, 6.0298933454815815], [-135.22292085808908, 20.073676011957406], [-204.69901236938043, 25.469508563402453], [-43.95032216456558, 4.0252453593161786], [-152.9831257156186, 21.4007047141606], [-167.36875202226852, 22.49316648991136], [-132.98026706062063, 19.799303968101164]]",11.02
OSY,CCPSO_strict,25,100,,,24771.725948,2.405030,,7.0000,100.0000,"[[-216.02988665525427, 26.179820634972018], [-260.3231180834084, 64.34224204610786], [-227.82306200238725, 27.13495468744257], [-152.21147142263732, 21.374796881534163], [-132.32970301285394, 20.04713361743], [-270.501838892322, 77.10164366650102], [-247.60166975732903, 47.60603167356362], [-240.99787819171718, 29.11471028652076], [-200.88829710231695, 25.06300491673962], [-108.86455155475764, 17.8874146694424], [-189.659007390386, 24.245253742215137], [-263.6690308789882, 65.20853692119707], [-167.5326881209489, 22.505255500335792], [-247.7724425803683, 52.67171047903741], [-146.0083632502731, 20.97094866323175], [-271.1211229614179, 78.61491247926219], [-124.3990734952265, 19.310684365084494], [-140.58683332569098, 20.396839163476496], [-113.23388570630155, 18.17633157557524], [-176.71528124483694, 23.268026107491963], [-241.3790839260074, 37.659021507121025], [-254.629529443919, 53.34806320768403], [-202.66342740053017, 25.469642608231144], [-234.94348943425055, 27.626253897590303], [-154.553514246836, 21.734045917958213], [-160.3633824051433, 22.157910624103074], [-249.7250876197221, 52.895702944069726], [-173.3136546071945, 23.13641877616581], [-184.72286663881988, 23.902302322514167], [-272.34298648627225, 84.71410826989295], [-213.01840450770294, 25.90357034607609], [-136.53352180597977, 20.085664672740506], [-193.5908293732801, 24.643428834406073], [-269.84760652815794, 75.46104325317431], [-254.7294725768621, 55.806304739760165], [-143.27724503753126, 20.760422146610995], [-266.8993312287951, 73.64779572775407], [-95.07523640036098, 16.621781848080126], [-269.59532205744756, 73.74730805458906], [-270.17718666368796, 75.49838207864897], [-182.02282418754058, 23.753155830668003], [-117.98500054944402, 18.611581956142718], [-196.83852395601235, 24.911547928963156], [-243.94401701209443, 42.307528612034105], [-149.5666154848245, 21.222423146865495], [-273.49882082021895, 85.39879059325833], [-271.93716697788795, 82.5978068315684], [-126.31372276279828, 19.37163314782113], [-47.06316012316451, 4.0696916180809115], [-238.33613072456984, 27.84216843609099], [-264.72791795901696, 70.40277068358833], [-258.01614607121724, 59.02138389609539], [-258.10086699388364, 60.85460558619364], [-265.5552294966669, 71.05011837754166], [-111.32959909968922, 18.09984313535011], [-226.6969763072949, 27.04662625862184], [-273.5333736390095, 104.36561374838232], [-101.39911251502542, 17.117874218283944], [-210.25781580697802, 25.73222701621995], [-190.97823034855662, 24.36041738628344], [-207.8380805674605, 25.581550721605495], [-180.0956155432725, 23.565911250500616], [-219.37627898631627, 26.46389800488824], [-41.93011153191195, 4.000730630413597], [-158.2352765144433, 21.86897182340127], [-264.19949503846345, 68.02430630962718], [-257.59124752940147, 57.86738569532484], [-43.382937081027436, 4.015288873285846], [-222.08135399002498, 26.730292715973203], [-172.4006318514479, 22.886319820362353], [-92.89812493482282, 16.6082522011507], [-91.28717711040223, 6.27536544571493], [-136.60108536390558, 20.277165049562036], [-144.73343371664984, 20.90870748948344], [-153.9507761055094, 21.586651275379417], [-181.86305912477096, 23.597809271640735], [-178.9758559851913, 23.39409700494876], [-96.46157423953814, 16.721910909239874], [-122.52187869855561, 18.888359403679015], [-58.51645906936662, 4.904640236530052], [-97.66774583150952, 16.92219252753278], [-163.90046727373715, 22.37775086607737], [-130.6992184611414, 19.57128124071569], [-123.04209212646677, 19.056050543976482], [-140.4389312179955, 20.344235315898683], [-91.83675523868781, 16.317885417251922], [-87.74346440845943, 5.637188947685763], [-107.69901808874634, 17.69591986249136], [-75.32374563149972, 5.086661930846087], [-199.7001233859399, 25.01957655044509], [-121.64547840043616, 18.820925226031314], [-55.78151917841431, 4.160844010184621], [-44.83913414566392, 4.033223447831364], [-201.99768526227328, 25.23390600159958], [-135.26008131152105, 20.067598757267046], [-115.60153153954107, 18.346290044583142], [-115.39185961976926, 18.334035886162887], [-103.14546616380304, 17.414247482431154], [-192.97499380940883, 24.5500490636115], [-102.56793386702489, 17.184472641896846]]",10.91
OSY,CCPSO_strict,26,100,,,15145.074107,0.779770,,24.0000,100.0000,"[[-107.45611650199217, 5.753799465989271], [-110.80068605984737, 6.2864171608311015], [-227.0248859355158, 27.04296233749705], [-95.74197957494124, 5.322715373439404], [-208.96928893163889, 25.802549448711005], [-73.45957684519273, 4.655412402463781], [-138.91512119116175, 20.361955150243237], [-153.24304369986817, 21.521033038942367], [-199.28386392265867, 25.102070819126872], [-42.088239614396784, 4.000398973026911], [-119.79022872527993, 18.76060562727475], [-71.59284352593235, 4.559316585753747], [-227.56631831938142, 27.09723321571048], [-91.88376471793214, 5.166534299776886], [-230.68912490725648, 27.407756566320952], [-152.0634256434871, 21.373260909272723], [-80.07804512554598, 4.779007175846346], [-186.35235294914207, 23.94803360994293], [-141.96493506498607, 20.476734136606492], [-223.7822811203934, 26.75734147528918], [-137.1984498063781, 20.099995498880254], [-135.4521026860166, 20.039797072714528], [-109.32520550840246, 6.152697830591783], [-96.30205341150194, 5.3229034911444515], [-112.94731520938348, 18.28470769027881], [-239.9576199128287, 27.911273402927787], [-207.3350387769771, 25.707340190397574], [-173.98676366126793, 23.082620265225465], [-53.90304589339124, 4.133597334606632], [-77.72649671706361, 4.667532256386059], [-149.75817906292852, 21.212292848799216], [-192.01371229390452, 24.36688792867917], [-225.2534528808661, 26.846747717056903], [-168.7846946381037, 22.57911284053468], [-205.46098415735395, 25.43810715759371], [-114.81381927974522, 18.334200339590875], [-102.96425854948681, 5.5688725654173075], [-121.66124894740126, 18.896892524430363], [-119.46101137295484, 18.644384028687103], [-137.70670750494105, 20.26513710838562], [-229.5713617723962, 27.211972164480382], [-187.00552877712337, 24.013908337371657], [-202.8052688516785, 25.346753948828994], [-194.42409395713656, 24.55688049418498], [-210.5482800325488, 25.86156461625883], [-197.0416776366357, 24.830030180421502], [-48.81455328063373, 4.052816031617613], [-131.52736384873563, 19.637494219559386], [-216.95498139330337, 26.307847814799207], [-93.3536704813368, 5.2241813064947165], [-172.7126522067876, 22.9531770964578], [-61.93907860061838, 4.313209696579365], [-184.11781334156993, 23.917076428577094], [-64.86910235672191, 4.377607656013347], [-123.87453592657606, 19.060064994570514], [-128.36853493294367, 19.388653219786452], [-133.4384949473344, 19.92501996670931], [-234.3295255993349, 27.713884038872234], [-86.34516517473993, 5.020449281613274], [-111.14242746628746, 18.09655241121482], [-215.3857919827388, 26.243450041794432], [-220.361167043998, 26.566655037947857], [-160.4789063239747, 22.00966711758916], [-52.1756595389865, 4.0873131019390625], [-145.6351771596635, 20.93191342480093], [-67.69101800362075, 4.431921810178898], [-124.67398532778128, 19.325583887665235], [-218.44596887503462, 26.32543166499485], [-58.083253406366595, 4.1829774414257], [-158.63120082840805, 21.853884010455467], [-144.20123048453576, 20.75236232851507], [-161.99423605704683, 22.125941868326628], [-140.63474709613612, 20.453831139355316], [-170.2598570331134, 22.818134826670015], [-190.41382525075477, 24.333428102164103], [-195.64758777384816, 24.697933469858842], [-59.95413968373279, 4.236796962450313], [-117.69641154954216, 18.568415352499855], [-231.97775037602952, 27.56207989416632], [-177.75506440880565, 23.347913527262122], [-70.23317670182911, 4.494291618680608], [-201.1846189597814, 25.1739985837232], [-132.72979286138002, 19.876493440166804], [-163.1747686126519, 22.262108827842084], [-142.43100514263966, 20.6784082925747], [-182.17510903279882, 23.640113831937263], [-100.42003691703565, 5.54744136130811], [-206.64326457971686, 25.532885759669018], [-82.28159027696633, 4.945273713361463], [-222.18133058900443, 26.64791141839996], [-128.5219357482531, 19.576362428743536], [-147.43472741694467, 21.047813491501888], [-56.45358982212748, 4.14589555290119], [-175.34613119311433, 23.228857666971795], [-212.98146280456484, 25.966121250480484], [-156.0184723939693, 21.658703564059117], [-165.2391433192151, 22.411589443109957], [-44.46404696200538, 4.005345756708381], [-166.18528629605237, 22.458696772345977], [-46.07922672498774, 4.028427480479394]]",10.73
OSY,CCPSO_strict,27,100,,,16156.375974,1.362444,,29.0000,100.0000,"[[-206.86185017448753, 25.537650239651068], [-177.14385733079303, 23.35069893538507], [-161.311035448477, 22.192822224962004], [-237.94567888591087, 30.895039500009403], [-167.5699689216731, 22.679943693496444], [-204.27660244131658, 25.265317087980588], [-94.06353236618492, 5.212522692018872], [-194.7026159046021, 24.70636781153094], [-197.88197606177286, 24.942100773694758], [-235.64880980859328, 27.676324194129524], [-231.9632909132366, 27.40870035576513], [-188.03799480626168, 24.170384287068135], [-139.88481258249854, 20.420973159726724], [-174.09049725956166, 23.237362478392008], [-217.53404033005035, 26.377560095898872], [-145.22965498078943, 20.8291812682513], [-190.91711802868073, 24.29333579683588], [-52.25273756995291, 4.093200962144159], [-128.71071953240192, 19.518833404028886], [-185.36464005725242, 23.956091617381187], [-171.86036052349246, 22.883245832180766], [-204.83746905252983, 25.49466181363812], [-78.84973647167779, 4.870975657697763], [-197.09191772928662, 24.82904765019244], [-183.46961184326906, 23.885806591604368], [-85.05284282906757, 5.185572549140301], [-166.44685161396401, 22.499397137121548], [-137.34112867815082, 20.3674765220086], [-116.86113119494756, 18.673233924866487], [-216.4665388854547, 26.245293717309128], [-66.64368126446308, 4.398256939975128], [-214.32422310917332, 26.048189683991048], [-156.1099542649864, 21.741655089979666], [-82.04007154044619, 4.954647611656908], [-111.12537345978703, 17.90702202524039], [-182.30664934217168, 23.649082410936373], [-119.5353114342598, 18.723436326643235], [-110.58059362876662, 5.878882463843823], [-193.38874625347592, 24.47256464196192], [-125.09522884706773, 19.180409616087665], [-180.20111065930098, 23.571961820059375], [-130.43737343757923, 19.653996315819654], [-123.21696483805437, 19.135650289779576], [-164.25169572325456, 22.365524057446823], [-68.98347160949437, 4.431003681247403], [-208.89345717244578, 25.605059938497536], [-175.48192632208713, 23.29687927013756], [-188.81834494262577, 24.18168887030121], [-62.51520210800533, 4.279886001790407], [-115.26118775385956, 18.368145353633224], [-134.47738705991898, 20.122891463711618], [-220.58724621163236, 26.595568589989217], [-210.86429235452377, 25.842566028369088], [-153.47125512564804, 21.401775005880022], [-47.71335672868176, 4.033201149821893], [-178.02223310266277, 23.536411301021236], [-202.9487238142856, 25.212771378457933], [-58.430937493733886, 4.227690612289802], [-116.1790702397389, 18.629026932748527], [-95.94462692990611, 5.514900861440405], [-72.73618763555925, 4.606251402447015], [-126.89906916940278, 19.264979770374822], [-223.53671206414464, 26.74519152729212], [-159.2517224736173, 21.866404708099715], [-224.9738294772626, 26.848933459060888], [-148.9486738031766, 21.199065786894312], [-142.21787448651756, 20.499020340752498], [-69.95215544340445, 4.535798553525475], [-151.35600110563252, 21.31591472929254], [-136.3539654997243, 20.15392718305967], [-200.60280076103086, 25.048145526816096], [-159.58180223993628, 22.164810872899533], [-154.78255217209215, 21.51754670462946], [-163.83587898138526, 22.21800526261737], [-146.60784696526483, 20.880919263575382], [-170.35462505604517, 22.791336700785916], [-122.03214299073824, 18.85244885324533], [-132.01245530426226, 19.696721644295945], [-142.41905444858284, 20.766799823380936], [-228.535619970097, 27.18721894171396], [-147.06067433871607, 21.13931464586103], [-56.92024100184795, 4.207813638162382], [-95.97990539793109, 5.791923011887164], [-127.44886520450626, 19.378660150027713], [-233.60460272066945, 27.582035985201667], [-44.77185783463116, 4.0166413305493895], [-200.97815434365094, 25.112701328399275], [-212.08549967909485, 25.954553381160014], [-41.39511373213386, 4.001981060202357], [-112.74920030449398, 18.076909516951286], [-49.829734348980224, 4.0751770442991075], [-173.1221406478831, 23.05469324892712], [-54.19271897178672, 4.162948602148841], [-186.3120992289158, 24.012147234759595], [-65.40460398131489, 4.367537901273861], [-219.04438204153263, 26.445896781925484], [-41.6678338296301, 4.009036965048324], [-132.2333801933741, 20.081134187342705], [-227.30780620064414, 26.97711466997934], [-76.73867853378265, 4.685852125316414]]",10.61
OSY,CCPSO_strict,28,100,,,3219.506109,1.226428,,30.0000,100.0000,"[[-213.75557515914457, 26.118294281551183], [-239.2142810917484, 34.698807404476746], [-197.01446120545677, 24.888241760291514], [-228.25577373199124, 27.148352274724818], [-183.36407995545161, 23.897181621355195], [-116.94169093216075, 18.87755219280618], [-242.71407258117694, 35.10415099985747], [-185.14064760509484, 23.941992887882357], [-201.64355836749095, 25.1165091607816], [-216.29962315918092, 26.196320601495856], [-251.07788513321003, 52.51384546416201], [-271.85258343653425, 75.72930620229229], [-159.14464202883826, 22.177796484705446], [-255.48124221736367, 57.13929456227047], [-199.17956136207098, 25.016264023519454], [-58.42486287130149, 4.178106851223152], [-119.10640843130585, 19.02432893155451], [-170.17601307828184, 22.82366750682993], [-273.930899187888, 89.42416618987176], [-259.2623653741423, 62.10780600230243], [-254.45342235824018, 55.40856924361136], [-133.5121696259825, 19.99517841507891], [-255.36752493339552, 55.77096959788606], [-273.8703129182752, 89.24208110726765], [-104.22552573740404, 16.348304094390475], [-180.9267529308702, 23.584685905867566], [-238.6516063290049, 34.225005461419094], [-266.14178014332003, 70.19554836380614], [-174.6002163440652, 23.179916305763843], [-223.95517321783885, 26.920738162823778], [-222.26721144105474, 26.578544971708638], [-266.8247392181144, 71.99144954319526], [-192.3328556856164, 24.43705506894966], [-273.5817497811313, 77.3402659154901], [-206.68089402580426, 25.512537211496507], [-273.8569439703197, 87.70684979895924], [-128.3303606755547, 19.562830709940634], [-125.55848541268561, 19.50618210256428], [-185.81644220799802, 24.360360869498646], [-245.86522334578163, 42.76388515409635], [-208.56407280270747, 25.633698068560765], [-177.9192211038292, 23.51330089828074], [-154.32499891537205, 21.616753752076313], [-41.753431666215064, 4.000086538517311], [-266.74941063136987, 71.85039525788326], [-111.78550250019418, 18.349620319532395], [-54.76891374777634, 4.112802849384362], [-271.4359270245267, 74.93182857200067], [-151.94963099179924, 21.482201563914156], [-148.487900082745, 21.41561809571846], [-237.3567369790098, 31.30954445770575], [-261.0060985217557, 63.14076661725026], [-273.8120941726607, 83.26293689862261], [-247.67809706630737, 51.897988037841046], [-202.90530693206475, 25.338354411501356], [-73.38187802831756, 4.71346627174337], [-217.5037633117998, 26.473984661967346], [-265.9161318471577, 69.03095135561935], [-123.3514450548309, 19.137957325235462], [-46.632694556649, 4.022897800407334], [-131.20097416399116, 19.812503232873407], [-103.08977116332376, 6.095397212508497], [-105.43191604539538, 17.81450923988642], [-136.9125189558411, 20.145851472328413], [-172.59371169962006, 23.102242591875353], [-51.78792270346305, 4.072050428577892], [-251.23615466471517, 53.39953626399564], [-245.70172942153314, 41.45548198247265], [-83.81028469176313, 5.0455730043125495], [-44.22176865561698, 4.004624316448133], [-142.59972694703038, 20.570976320145185], [-107.50302578837035, 17.819421306608508], [-63.85952967274638, 4.289838018175195], [-256.7071517312023, 57.193553667748695], [-268.96685988375054, 72.84273095909988], [-109.58672662858434, 18.232030009877572], [-269.54199013838644, 73.99226244484105], [-251.64623419902014, 54.357269239382795], [-264.2676205718828, 66.43328920177936], [-156.71125618254456, 21.866777069580277], [-115.70917345332741, 18.370545361081437], [-259.4206536909953, 62.446709275437534], [-69.8028305789426, 4.596752328405272], [-140.83147434619985, 20.471249821562402], [-146.93149707111266, 20.989575478624026], [-95.7871204015994, 5.472724617146019], [-79.07654122339235, 4.858802945063562], [-69.27770194681528, 4.4847390717375015], [-164.40020547223784, 22.24291936894466], [-235.1884459585422, 27.597272873953255], [-122.90495589108279, 19.13625766030146], [-194.36458551904008, 24.81175099084995], [-48.493064606437315, 4.044498963869287], [-89.84656249821595, 5.159537463184302], [-176.93456626154526, 23.360550982476518], [-262.54953183618585, 66.07260096607546], [-211.82316369101878, 25.914922404364436], [-168.3777148546161, 22.54608436800776], [-101.38628834097605, 5.534027534953465], [-82.90262620453163, 4.905972359502751]]",9.22
OSY,CCPSO_strict,29,97,,,18887.697871,1.743534,,17.0000,100.0000,"[[-116.56143834928156, 28.91144986107801], [-224.1981600052322, 49.009683805378], [-104.416328994821, 28.3830800999159], [-130.67941780207445, 42.055722001871985], [-124.34382546265081, 41.242922513122636], [-159.36931943408925, 44.357022249895834], [-72.61385650388291, 27.081152815412253], [-177.12823133830682, 45.43897061642006], [-185.4878186017584, 45.972656708820864], [-206.57932938211843, 47.6903797775627], [-104.60972740096855, 28.5356429307376], [-126.82734529405406, 41.749212072884156], [-181.2638602795692, 45.825575181301176], [-212.88441810999208, 48.142830653329675], [-199.70659972024393, 47.1399788589305], [-208.4679416643752, 47.93365951558012], [-205.23048970420786, 47.522850821660356], [-155.3818538993137, 44.03161043692498], [-152.29984563508287, 43.518870848682056], [-247.02869585644538, 61.36264472919825], [-176.654689658247, 45.32794745602601], [-127.03211478647282, 41.750565854140625], [-100.65900992797876, 28.22086426314709], [-121.74586938112816, 40.79060398382474], [-177.25868445515022, 45.75571364304254], [-146.22144474941337, 43.323261922498396], [-123.66903189786652, 41.08478219075714], [-157.15300490305532, 44.15882802395003], [-224.15694850088468, 48.98460152928482], [-244.1017247073086, 50.846278243132076], [-125.37929029139066, 41.53222091776836], [-231.166588737559, 49.413885176911045], [-142.93235621642944, 42.653863991081884], [-169.23428383622021, 45.0860489716352], [-200.17180027493754, 47.34661032800603], [-185.97996072925764, 46.10319648788534], [-202.74832692668372, 47.45329887676405], [-154.36693553328575, 43.88887892171306], [-195.1679095251906, 47.05236377689608], [-194.8224658655405, 46.84484292239783], [-189.71357201961808, 46.457035097728905], [-166.4892808600459, 44.66822356156878], [-133.85439341458942, 42.23427942045407], [-100.3621354684276, 28.021514353216187], [-238.39131472620744, 50.08881393850946], [-152.94729139100252, 43.736382829400654], [-216.5474520023079, 48.67309365099635], [-77.24545232970198, 27.173262873810607], [-83.25727423220049, 27.344577648918342], [-93.01251959510064, 27.65482900295566], [-216.52536503896698, 48.46977625710527], [-147.05160644335925, 43.41312168174801], [-56.63857559603614, 26.67448946281268], [-158.93623890126014, 44.33971064823479], [-125.0155164946545, 41.246783712173226], [-153.79557271274612, 43.80175846060807], [-118.36094742236811, 40.70372402078228], [-113.3415820139021, 28.65278808328972], [-60.55066686816466, 26.712643578268676], [-163.74107077164018, 44.38901569547753], [-136.48066744614894, 42.32622165413474], [-148.03331520769896, 43.46588157863862], [-174.0194809926975, 45.13804757717327], [-52.26652061042762, 26.595210404600735], [-242.66486595502857, 50.62172347408816], [-132.14992298860608, 42.136765409634265], [-123.10103545043776, 40.933467507303305], [-175.4628707622725, 45.25824448683777], [-192.24792107475184, 46.5661940972829], [-87.71644026827776, 27.365530608261203], [-103.55931843916545, 28.34369379809995], [-224.72016283786095, 49.12515674744914], [-54.88728012554306, 26.6471775867313], [-69.1395419500489, 26.93208361414421], [-129.87558381692443, 41.92459276983617], [-142.1222068797403, 42.5541864984937], [-205.50072495253207, 47.599038323559256], [-143.03040573467155, 42.95335373330726], [-144.00057844294548, 43.1002796440926], [-167.03258876602487, 44.96317742759829], [-53.78762123292407, 26.623585986348083], [-65.82680030924382, 26.741740923857247], [-53.35978402054325, 26.599058185508582], [-57.54790979691571, 26.674625236601184], [-55.57894308793391, 26.651015814480647], [-55.77539199406349, 26.67209876891835], [-79.18132792756559, 27.175485200428003], [-53.585871888043854, 26.61579451896174], [-54.57840642582353, 26.639515252122678], [-171.40069772160663, 45.091276943353506], [-228.28359642074122, 49.203307513959984], [-131.2366031864669, 42.12447820713663], [-129.7282565701342, 41.813551258688875], [-221.99954448286258, 48.67959181122843], [-101.76457034838909, 28.279392131312232], [-152.5259001579278, 43.72549057963247], [-236.12234874809567, 49.863002831177994]]",8.81
OSY,CCPSO_strict,30,98,,,15390.262314,11.041292,,14.0000,100.0000,"[[-230.4348944927637, 28.29060992824827], [-227.55633958101467, 27.482672310269784], [-157.66626488645028, 22.047412931420574], [-178.4220704008637, 23.607687250873862], [-138.68523786927904, 20.41017396489075], [-115.80119099550933, 18.524313874425278], [-234.02061175557708, 29.889592612305492], [-225.487259945043, 27.037553978969704], [-53.895192848086076, 4.168214484154966], [-172.85321816930224, 23.30746168355842], [-123.86734212902526, 19.182746390983848], [-177.05475895245053, 23.37455779986172], [-138.54837934668512, 20.327685348241673], [-196.34854588816765, 24.749596547810793], [-162.10326227818308, 22.212634588415167], [-161.45432521122956, 22.139889585771257], [-133.77922247557018, 20.03365810138226], [-214.74464660967274, 26.392127314536786], [-129.12454914020088, 19.421473515163893], [-151.4846562267895, 21.397735259095562], [-57.07421489914155, 4.2774039739800465], [-179.10600194545682, 23.64480428016823], [-167.04623026209728, 22.657340605167203], [-162.6162323437328, 22.46743700581116], [-130.94542841453097, 19.663449652251465], [-119.2630879918172, 18.71095193975347], [-192.56992424184432, 24.66028951805652], [-153.0929784700123, 21.559084681164766], [-142.3021873776038, 20.502769805639762], [-147.76947177462225, 21.005714372746176], [-178.38307708739742, 23.579235314552626], [-172.2802189790993, 22.925545624046492], [-192.51064914939525, 24.620018027765152], [-59.02911608541888, 4.300640420831439], [-170.94235321952368, 22.871384821883872], [-118.69714979352439, 18.57984480518663], [-71.88870261151037, 4.7039392870229975], [-73.53937463395698, 4.775881589235664], [-63.46971250740065, 4.491352173713967], [-143.67570741902267, 20.66259414563089], [-94.83164651069671, 5.324658536162689], [-153.90482974801904, 21.81531812908352], [-56.64778710395204, 4.213141069659451], [-77.98043483122309, 4.904257721561574], [-139.54492755358797, 20.46608182438503], [-163.95888796460045, 22.5093463157399], [-131.93202740403257, 19.792207923018065], [-156.5965750527514, 21.828433272458113], [-136.64985179176315, 20.082345477227612], [-47.16686792407612, 4.054130476922045], [-209.2779966878909, 25.98616304263322], [-122.47682205893831, 18.994073587106065], [-192.67575008609722, 24.68395921431794], [-126.24790023993395, 19.365299004110383], [-132.3745363603194, 19.845731269808617], [-60.50809449408325, 4.316807195753219], [-132.91524177349504, 19.950633617811846], [-234.6234895018849, 138.75285017312694], [-116.72010596691348, 18.541585825557544], [-52.031029156487435, 4.167609866521418], [-183.4490669402516, 23.88879662570304], [-151.32028803083352, 21.375392581209955], [-129.7888507293194, 19.620640377031084], [-149.84313327888628, 21.14460944698534], [-153.59521812915594, 21.6057769262394], [-213.36927735592656, 26.155676945880284], [-115.39927312696346, 18.434121736784505], [-114.78545641630133, 5.977075954110959], [-150.66087715768228, 21.36234264080056], [-45.66345139848847, 4.053766321388473], [-99.08859417890513, 5.777817843089067], [-62.84700736699677, 4.377186627262212], [-97.63698409557767, 5.42136959173815], [-84.51935714287005, 4.984078516222562], [-153.84235039080426, 21.814928504723664], [-185.49155006793256, 24.258190099538957], [-136.74274974504164, 20.2520486592368], [-138.26057465885467, 20.285707592658255], [-66.10956200434416, 4.500388234683996], [-124.4485288044659, 19.21977252106424], [-89.4827661375655, 5.131410955479964], [-129.20306255210122, 19.443392600737983], [-76.45855228848042, 4.8533848386527], [-192.65564455986174, 24.660686252594616], [-203.48935526242605, 25.21903766249234], [-54.99436522704072, 4.180832562262685], [-167.9204864511255, 22.81157433965196], [-134.52945893447506, 20.0681706904588], [-121.02836470538368, 18.8825784427183], [-44.37992547325349, 4.051317312703402], [-125.195872162508, 19.35736928014168], [-71.67928336443046, 4.536268782376677], [-48.64204964617686, 4.101571526323613], [-146.70305959273384, 20.96871012664878], [-166.3685267482715, 22.54092960932986], [-41.113268356787145, 4.044352500795873], [-193.1408615301126, 24.739134770302556], [-207.58105771727182, 25.606538922673217]]",8.89
