problem_name,solver_name,run_id,final_archive_size           [archive solutions at the last iteration],final_igd                    [IGD of the final archive],final_gd                     [GD of the final archive],final_hypervolume            [hypervolume of the final archive],final_spacing                [spacing of the final archive],final_spread                 [spread of the final archive],final_feasibility_pct        [% feasible in population at the last iteration],final_front_feasibility_pct  [% of returned front members satisfying all constraints],final_feasible_front         [objective vectors of FEASIBLE front members only; for honest cross-algorithm HV],run_time_s
SCH1,MGPSO,1,100,0.019007,0.003839,16.752362,0.003815,0.080257,100.0000,100.0000,"[[0.4055586657659496, 1.8582191414278229], [5.757450255278063e-11, 3.9999696489119474], [0.03948117566024738, 3.2446863527254486], [3.768674411535449, 0.0034448215898185432], [0.9694305598895206, 1.03104396659623], [1.5988591737297035, 0.5410190438249182], [0.3791303470450184, 1.9161878887808603], [3.9221936517393936, 0.0003820894873415466], [0.025159624973824696, 3.390688191746768], [0.4608757053566715, 1.7453626257146777], [0.6913188519629319, 1.36549540033371], [0.7675978024603738, 1.2630914407360894], [0.3289303639949993, 2.0348323225155185], [2.1276971005601166, 0.2930459876861115], [0.08973315880115415, 2.891513420681945], [0.014071946321534143, 3.539571007287114], [2.019309028607385, 0.33521328190165584], [3.618792745909842, 0.00954285288112954], [3.8450722710031378, 0.0015299375896051378], [0.0015493403056812236, 3.8441026988969185], [0.006219369634232454, 3.690767449133311], [0.14670284137899964, 2.6146305643424386], [0.6547586842542918, 1.4180722694051995], [0.0034916916662303733, 3.76712954017051], [1.3604971280544675, 0.6948831224951263], [0.4327717172370559, 1.8013562282287363], [0.009746653285549444, 3.6148460929304256], [0.00038721908207248505, 3.921675686806555], [0.1025087879927611, 2.821829043527277], [3.067127669246895, 0.06184090081618929], [3.19912994360595, 0.044685234357355934], [1.8065949038041373, 0.4302096440904886], [0.8464646085908925, 1.166324157812651], [0.18100516846175746, 2.479217080776302], [1.548895328866869, 0.5707103923794846], [0.0478641537200131, 3.1727490415660693], [0.23928763208448808, 2.2826062289552485], [1.9659696585430488, 0.35744805863021784], [0.4903996850709056, 1.689257960499568], [3.266426134743822, 0.03712339133203763], [0.03192017408116739, 3.3172714594677015], [3.132504738395481, 0.052951375765342874], [2.41868803132392, 0.1978353163673346], [1.4524428264205407, 0.6317493884669665], [2.183650244997593, 0.2727785732421076], [0.5521366524496074, 1.5799007198235115], [2.5440026067151256, 0.16403068613099112], [0.9276853405108242, 1.0750284068904445], [2.608270279378143, 0.1482142060881992], [1.1820372806276842, 0.8331757640876429], [1.2257152567662601, 0.7972342408579653], [0.13100737286788833, 2.6832097468558094], [1.7534157813554039, 0.45675150072684373], [3.3347447288338827, 0.030231352753165075], [0.35361107939096764, 1.9750028160875122], [2.2411123368532806, 0.2529742798565575], [1.405969844045775, 0.6630258738166936], [0.11631616423149913, 2.7521099379944296], [0.8066695055988604, 1.2140782277630744], [1.0110078829742155, 0.9890523725803664], [1.5003149784563137, 0.6008211622237614], [0.5202977237889687, 1.6350310843562283], [3.999997308730267, 4.5268345066741345e-13], [2.673158748282845, 0.13323979064082234], [3.546358751748341, 0.013647418637702287], [2.073131546391952, 0.3137822131537577], [3.6931340639341004, 0.006122614551082446], [1.6495427502805493, 0.5121617049921244], [0.7288653161202985, 1.3139209449884972], [1.1386282886190937, 0.8703672120323418], [1.8593842064674961, 0.40501464587848723], [0.01921201108425691, 3.4647824146988273], [0.19952834709186804, 2.4127845060587196], [0.07801537163223701, 2.960766095008711], [0.21886869111457422, 2.3475325220008614], [1.7012136293918576, 0.48399041485812233], [3.4043591614178514, 0.023996935707949137], [2.48043345621262, 0.1806766911143103], [0.8867120682041699, 1.1200964664647624], [0.06719332130220787, 3.0303263381094134], [1.3150095750728914, 0.7280548989106926], [0.16343736704481218, 2.5463418619131595], [1.0958179629983524, 0.9085649961985629], [2.9999586139901058, 0.07180317232731838], [2.358520671512081, 0.21553029676841737], [0.05706895881193226, 3.101504549161324], [2.9338920606339216, 0.08244893015821532], [1.2706049325182038, 0.7617604108817279], [0.3051858515246522, 2.0954407023288373], [2.803344078758539, 0.10606812056952143], [2.868657629265965, 0.09381282895832699], [1.912705161552251, 0.38068178987023904], [0.26040080275394284, 2.2192215249679164], [2.2993510022435077, 0.23390658028264666], [2.7378201963387756, 0.11927631256642356], [1.0530219558593574, 0.9483476333643657], [0.2823544503155531, 2.156873044833762], [0.5853791932037982, 1.5249761002664035], [3.474733519852734, 0.018478674580628896], [0.619780307331957, 1.4707352271034584]]",23.89
SCH1,MGPSO,2,100,0.019084,0.003416,18.423490,0.004537,0.106784,100.0000,100.0000,"[[1.6391325124975087, 0.5179880896209054], [1.5909607888496364, 0.5456290235844242], [2.25047142068157, 0.2498428926934292], [1.1488890115395054, 0.8614393984674069], [2.5743554267673243, 0.1564362290617947], [3.776357749398297e-13, 3.9999975419173035], [1.5433901717536338, 0.5740599605422536], [3.2530065869540254, 0.038569298345550264], [2.4417789523678413, 0.19130191154244036], [0.9883641046467702, 1.0117039891291864], [1.8437171211116308, 0.41237530367958003], [2.507576800170406, 0.17344475207364277], [1.4064665913198164, 0.6626848234560098], [1.362334965448579, 0.6935707341795311], [1.4967819774487554, 0.603060322186772], [1.0670458310983988, 0.9351294116176779], [2.6416770905958615, 0.1403823388149684], [1.1075598193948175, 0.8979331007513367], [1.4512703160160914, 0.6325230663403562], [0.6111849048058213, 1.4840522761996822], [0.9501042812163013, 1.05117256862363], [3.685709781686968, 0.006428792753727512], [3.4639731512646503, 0.019272323143052435], [0.20830339216336913, 2.382692734160435], [0.5767767540813757, 1.5389439632085777], [3.5367373492316645, 0.014251218456371935], [3.183999873078005, 0.04649344791465669], [0.8348406979839997, 1.1800560028557086], [0.7961825712596902, 1.2270200448180821], [2.377440408087198, 0.20986012653470185], [0.1756890704724706, 2.499077867014874], [2.9805969892215756, 0.07483477006392425], [0.14522088573639028, 2.620906557330912], [0.0019738859294457243, 3.8242601417475974], [1.190298090132212, 0.8262667609463878], [2.709835246561796, 0.12520435751503525], [0.004442370265272756, 3.7378379362354464], [1.3186002823666514, 0.7253874070617824], [2.777332783125794, 0.11120013142940703], [0.16021658574749048, 2.559134023241781], [0.542389626708495, 1.5965053745125743], [3.0479618778020683, 0.06459663997918234], [0.04798978905873449, 3.1717269147226417], [3.919854208312152, 0.0004055322366240755], [1.2750800070075867, 0.7583023821824074], [0.05756582582240136, 3.0978506528890866], [0.07913641700713969, 2.9538885900311285], [0.32297834135189585, 2.0497310029326177], [0.5099324645591014, 1.6535502364695862], [2.9129586112596737, 0.08600191151748335], [2.128704052439821, 0.29267245219662696], [0.6469336200534108, 1.4296462656421558], [1.688330599478846, 0.49089954253720186], [3.393040683167303, 0.024957422869761565], [0.22550988143547857, 2.3259946530238564], [0.9111491614420537, 1.0929838188890548], [0.01228604157544025, 3.5689163705253746], [3.115870270020615, 0.05513912372069094], [1.7389362880329504, 0.4641869472085728], [0.023796396899357374, 3.406753164710787], [3.8408696128021163, 0.0016149412894054084], [0.030980281602959247, 3.3269316287050588], [0.19161116780474147, 2.4406746512868347], [3.6099766610537727, 0.010001228405298468], [0.10369726707789453, 2.815614865503246], [0.11677584240789587, 2.749876622082442], [0.7203817152767312, 1.3253695732619637], [2.3137099234664094, 0.22935631971666107], [0.4797348067347719, 1.7092191674076176], [0.2619541948620969, 2.2146957554379116], [1.027363899844874, 0.9730054552179088], [2.8446436219661253, 0.09821508892303045], [0.017565227973979795, 3.487429728706409], [0.3948012767597796, 1.8814727212071094], [2.01127370536975, 0.33849843343133146], [0.0004937099729962945, 3.9116153685846653], [0.3697896127686934, 1.937376447967308], [3.7628030479346144, 0.0036246915006143466], [1.9544433735792948, 0.36238704542337064], [0.24337317416601384, 2.2700585042118724], [2.0696595203875217, 0.3151350112555684], [0.2819692084259804, 2.157938291792306], [1.2321399302802805, 0.792067984412231], [0.007887007229330525, 3.652651711025127], [0.45055581557749713, 1.7656176320730883], [4.000019400069986, 2.35226126741284e-11], [0.09110164124044025, 2.8837797041221567], [0.06789352589827337, 3.025638080063437], [1.8984496965932953, 0.387080071400958], [0.7576966434392984, 1.2758657608390571], [1.7912382024881903, 0.4377523063817062], [2.189066199571694, 0.2708689070554076], [0.039089232212703356, 3.248249352462539], [0.13057809775423843, 2.6851544352705305], [3.322684863085216, 0.03139157524090818], [0.4212882989128117, 1.8250192869256125], [0.34596668055817825, 1.9932093856102164], [0.30230303000879183, 2.103019401155826], [0.8726841703900307, 1.135981516145183], [0.6827114457199809, 1.3776572659039077]]",23.02
SCH1,MGPSO,3,100,0.018998,0.003489,19.134163,0.003111,0.099508,100.0000,100.0000,"[[1.6854108557645588, 0.4924758771389896], [2.665504891788121, 0.13495527719901382], [3.077308483814852, 0.060404911651583924], [1.5338914657702598, 0.5798765836444343], [3.3280121243075372e-12, 3.9999927028673152], [3.9999446586074936, 1.9141818195380596e-10], [1.0119345583277968, 0.9881362366863221], [0.8443834709995819, 1.1687698438628409], [1.5833592134356012, 0.5500951219170945], [1.7375294974348936, 0.46491421097995467], [0.4073560070179939, 1.8543781159488408], [1.1024589847136146, 0.902537109795245], [1.6339430199472293, 0.5209117938392106], [2.1147581155321475, 0.29787494251634766], [1.2907373207943988, 0.7463124801010926], [3.148212553428145, 0.050931323629630085], [0.0014839102130853857, 3.847397689513874], [0.0003710186631365625, 3.9233236396669304], [0.8848923821664535, 1.1221436376097225], [2.3471179378125893, 0.2189953048195592], [0.0033446075284861328, 3.7720142799538725], [1.4354031074846134, 0.6430707192049968], [3.6752953956520598, 0.006871416082792607], [3.917371486666786, 0.0004311820624512913], [2.0041469815437645, 0.34143105147096664], [3.0071326319935796, 0.07069823729933772], [1.3866062452812813, 0.676436404978227], [0.45739261558319744, 1.7521603059042008], [0.10227921077026489, 2.823034366213822], [2.732063022371031, 0.12048164134451474], [2.4710924792450846, 0.18320891894267127], [2.171949777087338, 0.27693523652873064], [3.8357384139577944, 0.0017219075081998472], [0.5675464097442549, 1.5541193646827556], [1.896387033511776, 0.38801226991875987], [2.2877717206213792, 0.23761903412312296], [0.7314169808570997, 1.3105001894525505], [0.6960230244022249, 1.3589032497409081], [0.6614876975714773, 1.408211939025387], [2.408464471436135, 0.20077314994002188], [0.2742130160397914, 2.1795989091846257], [0.2945000342599792, 2.1237857398030444], [0.35989241101072755, 1.9602510677738594], [0.08923263362492834, 2.8943593608470772], [0.3372779713932008, 2.0142524566191566], [1.9498835952993652, 0.36435429855497853], [3.7550358414462885, 0.003869899270839497], [2.229661043101631, 0.2568412157816996], [0.9685988828695895, 1.0319020281558013], [0.16329869470405983, 2.5468893668217447], [0.597499297310804, 1.505576148690699], [3.5192862528492515, 0.015381932724425717], [2.7998117327980676, 0.10675654665406856], [0.13114144176742662, 2.6826031895010853], [0.005952631934927186, 3.697339425868118], [0.009324995842895492, 3.6230609236250304], [1.1956448169226057, 0.8218230246268003], [0.11628715066141446, 2.752251076877942], [0.18030559348927067, 2.4818093480332113], [0.9263992047710154, 1.0764138442356996], [0.5388303418223527, 1.602627782536355], [1.4842240980411967, 0.61107464736157], [3.443025939230172, 0.020868905881796934], [1.3385708769014912, 0.7107059231216319], [3.5967403221176877, 0.010710718043959658], [0.06601575521502748, 3.0382745020581643], [0.07708432350197957, 2.966521774146171], [1.056731985170584, 0.9448331825820105], [0.7679973964619505, 1.262578970169419], [0.14688850716119012, 2.6138470483026754], [0.3155131555644789, 2.0686908463838742], [2.0591490674872652, 0.31925489774892035], [0.024186362087338653, 3.4021077549986374], [3.3676613136510136, 0.02718578284129516], [0.6290910042288137, 1.4564807117943614], [1.8432327051556292, 0.41260444661223417], [2.9375925840345003, 0.08182994632948674], [3.2933787836639388, 0.034311313346348446], [0.4838627179670181, 1.701453063104476], [0.23471104957235778, 2.2968315917221735], [0.21594472909824283, 2.357150586227149], [0.04653220080522754, 3.183679251060232], [0.25419096187322454, 2.2374967882386616], [2.868293290677638, 0.09387872919395154], [0.05585054573105989, 3.1105417434357685], [0.03815199021786481, 3.2568506120763456], [0.8060062806584498, 1.2148921790828404], [0.018432581666043214, 3.475366005032302], [1.7900394935387482, 0.4383451920469326], [1.1484503029372986, 0.8618193592944035], [0.19760653790148527, 2.4194882610639277], [0.030756316275227766, 3.3292571641705058], [1.2422838578184099, 0.7839723248392981], [0.43204282581140474, 1.802844238221932], [0.3832220942844638, 1.9070247054336837], [0.5108745321153779, 1.6518550299352954], [0.013470251957591047, 3.5492245935810627], [2.5352341126113496, 0.1662667079387842], [3.220450923210249, 0.042204983472325534], [2.599696887485146, 0.15026666460790825]]",22.95
SCH1,MGPSO,4,100,0.019044,0.003788,18.305577,0.003124,0.096495,100.0000,100.0000,"[[0.6013283107535178, 1.4995138462736897], [4.0000127079243555, 1.009319280599936e-11], [1.8892226304788807e-12, 3.999994502042078], [0.7705205696947651, 1.2593485267557918], [0.8068130901694794, 1.2139020917294023], [0.6666317165394672, 1.4007310039287064], [2.4380433970682316, 0.1923493321070198], [0.7002987834223563, 1.3529445244952105], [2.5065144048654204, 0.17372430271875863], [0.5700948056530377, 1.5499098956767294], [1.0842306262782127, 0.9191748018682442], [1.0417989986045029, 0.9590567856216594], [2.7169740481963367, 0.12367557390129022], [0.5396207017387752, 1.6012655108504437], [0.0444100223843409, 3.20146259926149], [1.9459862881103578, 0.3660417893034275], [2.8605835134878177, 0.09527966105036172], [1.0004313362495973, 0.9995687567558256], [2.059523357658117, 0.31910754323057056], [1.1718086787089508, 0.8418041914891958], [0.6335270247280099, 1.4497505885365236], [0.16601696346517925, 2.536209792219799], [2.7883363404570525, 0.10901141593714711], [0.7349839146278074, 1.3057357996549466], [0.5094343759084397, 1.654447508244241], [0.27606234924020717, 2.1743969172926496], [0.4801690031935247, 1.7083998838229384], [0.001402801553674639, 3.851586831581197], [1.216559063173931, 0.8046496113851825], [1.5433667677737914, 0.5740742341850651], [2.1785671704621827, 0.274579134617689], [1.7365260840690748, 0.4654334700937524], [0.05322964214557309, 3.1303676403656917], [1.838506651209231, 0.4148449343109789], [0.9204484076567446, 1.0828483083097693], [2.002341758965083, 0.34217673103159274], [0.9600219248505485, 1.0407935827392116], [0.23557587318046166, 2.294129512631866], [0.09612326163914281, 2.855973195628467], [0.003156725093406648, 3.7784177620840826], [3.6043224641364073, 0.010301169316217185], [0.00561791866849912, 3.7058068136440423], [1.5906129710388248, 0.5458327442478502], [1.6390149727840155, 0.5180541679599591], [0.0003514052022839632, 3.9253681855025175], [1.3550552433911192, 0.6987816373561488], [0.06283377895179755, 3.0601671029179522], [0.8817930315240102, 1.1256396128809212], [1.40174734884959, 0.6659308847545719], [3.0770965464704227, 0.06043460908689477], [3.68221645100193, 0.006575551635227602], [1.262316998257376, 0.7682017380400752], [2.30489162963417, 0.2321438105536905], [1.3082786574048129, 0.7330782772600256], [1.6874147836679587, 0.49139356174369303], [0.08427963471551783, 2.9230414354436007], [0.1358486669336428, 2.661542500990393], [2.241330842058838, 0.25290087478516143], [2.9324030279879247, 0.08269876810875855], [1.7865781689975146, 0.4400605449771623], [0.12182095547810684, 2.725706602121008], [1.4485285605355736, 0.6343352772772896], [3.224240142481125, 0.04177244121730379], [3.5272782326343157, 0.01485840130506208], [0.2170754388832351, 2.3534212268224888], [2.3706712866874398, 0.21187752597430515], [0.3965503958083326, 1.877660494892987], [1.8918037522423097, 0.39008947068633676], [3.1502694253654777, 0.050670084145746384], [3.8399229607405077, 0.0016344120936716726], [0.3456576283409885, 1.9939514278440351], [0.25547968709980573, 2.2336797480363746], [3.9195154113519166, 0.0004089856476461717], [0.29823219454166827, 2.1138066149746524], [0.10858346621085636, 2.7905032488592334], [0.07315085191405715, 2.9912942853466986], [0.8439472233920685, 1.1692832150406796], [2.646105399224931, 0.13936378858763018], [3.3743983990034487, 0.026584140051663013], [0.023039325447672503, 3.4158909027677153], [3.2989576660266815, 0.033744478760467225], [0.1822050715820238, 2.4747856312240373], [3.760654789317137, 0.003691683237916255], [0.4235697962108487, 1.8202801966131437], [2.118480153673066, 0.2964802860357387], [1.1275258267808754, 0.8801250653158113], [0.19932894942616405, 2.4134781183603033], [0.370795791823002, 1.935075637706764], [0.036486372808995714, 3.272430115100225], [0.4515128691105552, 1.7637245765233427], [2.576097228085886, 0.1560072248714314], [0.017489125036656943, 3.4885033023660386], [0.02938486350343556, 3.343704313936096], [0.00884025298241623, 3.6327497748808564], [0.15051689327141868, 2.5986566249667304], [0.3215662315093666, 2.0532938263186087], [3.003874859873711, 0.071198770658279], [3.450098486339704, 0.02032219216803733], [1.495639909555725, 0.6037856033757464], [0.012787714012481693, 3.560456613821806]]",23.26
SCH1,MGPSO,5,100,0.019013,0.003687,16.204250,0.003727,0.082548,100.0000,100.0000,"[[0.3973805977881977, 1.8758553521062984], [1.8260436980509036, 0.420796324542966], [0.18768881055376274, 2.4547661438256125], [1.6598072548289493, 0.5064669713561814], [1.9429694145844614, 0.36735190319154104], [6.689555246052583e-12, 3.999989654336874], [1.8839906632911647, 0.39364908806484405], [0.2227154294981098, 2.335006004832927], [1.552548651135726, 0.5684962418836306], [1.4490595807249702, 0.6339839539461422], [2.8193597771927053, 0.10298006524347063], [1.1210347446952906, 0.8858776147738222], [0.4501875600299671, 1.7663468493171506], [0.20483294379493222, 2.3944939974318715], [0.5634562880558388, 1.5609072694895436], [0.37211866428905305, 1.9320574706660634], [0.11198096554817163, 2.77343868053408], [4.000001370791363, 1.1744178998070027e-13], [1.0375869692143993, 0.9631064492670541], [0.9150252471718862, 1.088747165961612], [0.7974246747807049, 1.225479154970628], [1.0789389314922595, 0.9240595224267988], [1.7144366738077972, 0.4769767187413381], [0.9964636264395356, 1.0035426376103591], [1.3496372460418398, 0.7026816903398664], [0.34787997184992137, 1.9886259478841375], [0.2810252680054251, 2.160552611240712], [0.08667402174253362, 2.909055939391325], [2.0615686218709093, 0.31830317876847963], [0.3245805811357697, 2.045701624681014], [0.09891205295409147, 2.8409005874795263], [0.07504657414348283, 2.979261382467795], [0.5931848732899782, 1.5124450315247489], [1.1641666036040934, 0.8483045045947316], [0.001858358102913494, 3.8294236468449534], [0.14003645309535442, 2.6431786610771306], [0.9555585226741006, 1.0454515723739415], [0.4773756497982963, 1.7136805876084134], [2.5537965037396955, 0.1615555774420072], [1.208792838022322, 0.8109882256779818], [1.7697040590526505, 0.4484950850654037], [0.2608215589806066, 2.2179938756725637], [0.1711378215152494, 2.5163855306136806], [2.684325880607957, 0.13076088972495578], [1.3016858884260418, 0.738027902246899], [2.3044353414815135, 0.23228864828443496], [0.2413978213199924, 2.276107730488647], [2.9572352022066695, 0.07858975158874193], [2.120839147727176, 0.2955986922923262], [0.06417408760518067, 3.0508698876321962], [0.02907906414774757, 3.3469756802212625], [2.7517758671373085, 0.11638485573512163], [3.7915523289337227, 0.0027888029984563063], [1.6056624631607164, 0.5370729739071763], [0.01650556955524336, 3.5026095558677524], [0.0004655031527254832, 3.91416341486045], [3.721653418677452, 0.005018485052612439], [2.001667459646574, 0.34245555741626577], [0.03658372421756113, 3.2715088341048495], [1.2550888583785933, 0.7738589229638201], [1.500181308707895, 0.6009057562076766], [0.8749292851904191, 1.1334230960940137], [2.4904708224553294, 0.1779805722224413], [0.42331915253239966, 1.8207999037047575], [0.6557601683532199, 1.4165993675204613], [0.0041795576397822, 3.7455815641508243], [0.505283714649446, 1.6619512623338297], [2.6184963350665096, 0.1457889138196513], [2.242512493717315, 0.25250415486860844], [0.007406788644710441, 3.663155981361173], [0.6242501033845957, 1.4638701176623834], [0.12564750267991537, 2.707775843156866], [0.724198989247493, 1.3202037148735863], [0.1551839301334048, 2.5794482663450657], [3.8609494119103984, 0.0012299136988766998], [2.3654953013071314, 0.21342858995605063], [0.05410317581050292, 3.1236996004906064], [0.5339378412265037, 1.611095823664819], [3.6527251582420144, 0.007883594686087424], [2.427513429934477, 0.1953216101208705], [3.0948608845056116, 0.05797420415543095], [0.011515968577944543, 3.582266044585974], [0.04493866938105058, 3.1969889597302896], [3.930064138329603, 0.00030839093904115865], [3.44489446250829, 0.020723707458764614], [3.5139468004247703, 0.01573709364833708], [3.5823178126238386, 0.011513033607183918], [2.888065690626144, 0.09034172962137961], [0.30246546276251934, 2.1025910563019345], [0.689381868858201, 1.3682209420539582], [3.0256816956092987, 0.06788699256230672], [3.3049148384064684, 0.033144942809971024], [3.3756775478024577, 0.026470735850618012], [0.8357292023026548, 1.179000167107064], [0.7603721794411793, 1.2723992909199873], [0.022315990263827124, 3.424774490264677], [2.1812320963753664, 0.27363414610777376], [3.2334354076121072, 0.04073309750683529], [3.1633108396558325, 0.04903129535246575], [1.3988930469642127, 0.6679006826259015]]",23.39
SCH1,MGPSO,6,100,0.019039,0.003999,15.135758,0.003276,0.074728,100.0000,100.0000,"[[7.626446779504764e-14, 3.999998895359192], [0.21810206899241683, 2.3500460998419554], [0.8691916773413519, 1.1399736845898378], [0.9918436674968008, 1.0081897317301896], [1.3911684072226866, 0.6732563144041922], [0.23794565329582132, 2.2867587189573553], [0.7922111461590625, 1.2319613882705795], [2.7479595303668667, 0.11717130528609071], [3.0114062235199053, 0.07004471612681432], [0.8301975141252024, 1.1855905084244178], [0.7194223415986731, 1.326671619016955], [3.146107640942503, 0.051199448789482065], [0.7553209830388166, 1.2789528022183407], [0.37730362659363675, 1.9203017899036057], [0.9090874247691589, 1.0952443765687558], [2.9447393491663916, 0.08064220630322656], [1.6410503646577375, 0.5169108432820948], [3.2830182476301597, 0.03537780662575271], [2.8129580478155276, 0.10420788366062433], [0.08167698322886395, 2.938509571315008], [2.3742853256742618, 0.21079887636749067], [0.5839410316767824, 1.5272996548010918], [0.5210289282935208, 1.6337355845723929], [0.6163976824669506, 1.4759577579545884], [2.315282765802869, 0.22886146483742373], [0.35155470562573404, 1.9798727518191654], [2.4951865589182973, 0.17672274698641624], [3.9999848990628752, 1.4252420781329187e-11], [3.707282676296949, 0.005560607775443073], [1.299935722074781, 0.7393467740115492], [0.18132919866861785, 2.478018546233811], [3.852267294890042, 0.001389845952205467], [1.749044037059344, 0.45898689247673513], [0.16448721069808456, 2.54220629446645], [2.556965174235402, 0.16075983139606884], [0.4903776055326362, 1.68929894035342], [2.8784349125577915, 0.09205453706124375], [1.4873610336437093, 0.6090645545129719], [0.2804028119747642, 2.1622798241394907], [0.6496705263713823, 1.4255848541315588], [0.1993230303707604, 2.4134987148424476], [3.7794308882191854, 0.0031275111956933746], [1.9731203049534214, 0.3544082746697246], [0.46079083049626746, 1.7455278067837803], [3.563921172472317, 0.012580976218603523], [1.345084966966093, 0.7059730399419683], [2.6834549761580466, 0.13095319298173483], [1.6946355677491036, 0.4875088087786964], [1.859941368055229, 0.4047546719939783], [1.5887571554956166, 0.5469207353080412], [0.6839249399420265, 1.3759347587183237], [2.6197958936844454, 0.1454824707065984], [0.5522351813046381, 1.5797340625707512], [0.40433336970492756, 1.8608448371420538], [3.0783532482103486, 0.060258637038055674], [0.034839683931181184, 3.288224024506], [1.8046090115584545, 0.43117954938671477], [3.3522925392746235, 0.02858578460496539], [0.060695286176528855, 3.0752387529775946], [0.32683325875767477, 2.0400599555807295], [1.0765900110038682, 0.9262357880414605], [2.1999130120867765, 0.26707151804798634], [1.16506173812108, 0.8475407121227955], [3.4222221824880634, 0.022522531839463313], [0.021295103859411614, 3.4375814225476016], [0.14862942364248088, 2.6065299527004493], [0.09334014547838747, 2.871275365012884], [2.434493718030631, 0.19334803085987753], [3.635176372688136, 0.008720973027676696], [0.04270202307940068, 3.2161233097856146], [0.258736350119136, 2.224091024292992], [0.30309488158576914, 2.1009327382883445], [3.2141039374634226, 0.04293506485870884], [0.010947804344120269, 3.5924207807173008], [0.0004442088293083268, 3.9161391599358213], [0.01568807594739985, 3.514679877253608], [1.0333818732353512, 0.9671661913309075], [2.2573069619802646, 0.24757224306926814], [0.05124300833323092, 3.145766264660764], [0.9498531990883741, 1.0514367019175053], [1.2100658142795737, 0.8099461535801992], [1.537683944336054, 0.5775485520935334], [1.9156322172672324, 0.37937757389363497], [0.43209298185252176, 1.8027417862834803], [0.00396316686276564, 3.752148413910818], [3.4927994310796917, 0.017186352724507917], [2.0857899646218727, 0.3088842674557884], [0.027720837974904905, 3.3617377994532935], [2.142147733247495, 0.2877166138337631], [0.0070133313149237, 3.6720307929061597], [0.0017685832914667294, 3.833550472900619], [1.4390236389934707, 0.6406511832648065], [3.9258933288455453, 0.00034645424258672225], [0.10583765456208692, 2.8045296691130654], [0.13353044500343927, 2.671857731960253], [1.1201159553925615, 0.8866947282665644], [2.029706950927858, 0.33099558651873157], [0.11928060454035475, 2.7377996337536863], [0.07078922639887693, 3.0065394331726667], [1.254398011884754, 0.7744015620919572]]",23.51
SCH1,MGPSO,7,100,0.019151,0.003568,17.427041,0.003987,0.127236,100.0000,100.0000,"[[0.28754571810762586, 2.1426141365130023], [2.801027997516603, 0.10651920595723662], [0.9546843408407707, 1.0463663581975555], [0.9933551310495311, 1.0066670197480592], [1.9383021855649663, 0.3693853277694164], [0.3081885232781751, 2.0875993283907457], [0.916503198839754, 1.087136256192959], [0.7744194170734271, 1.254375287637713], [2.870989258436446, 0.09339173903599585], [0.22955500786120478, 2.313079042507275], [3.08665961719737, 0.059102867148465556], [0.35132111210320255, 1.9804272313798916], [0.4206601929983746, 1.8263273138223053], [1.2995895354690533e-14, 3.999999544001849], [1.0330590527017947, 0.9674785476289073], [0.2675689750244484, 2.1984861829662927], [2.941992756690634, 0.08109747203206805], [0.06433572519413219, 3.0497562048478386], [0.8082655992795792, 1.2121218885147733], [2.064194866518095, 0.31727239755355185], [0.7408140258231577, 1.2979918675973627], [0.21133230073617354, 2.372496578933169], [1.114288619284259, 0.8918938120038995], [0.3295901532754529, 2.0331924411168543], [2.326328525452813, 0.2254059388889572], [3.0138604211380478, 0.06967099844739331], [1.2825565253183493, 0.752556039104955], [2.7317012700526884, 0.12055762308486485], [0.04470947668311905, 3.19892485461323], [1.2401283305256643, 0.785686357796574], [0.396900124552489, 1.876899729147793], [0.8790484014135268, 1.1287451573255995], [1.3255707650505486, 0.7202334005560886], [1.709238769735651, 0.47972442175166097], [0.00045826148803739707, 3.9148300896717574], [0.6431259784954876, 1.4353205517390888], [3.9210543223477474, 0.00039341825874843813], [2.3924264104113036, 0.20543824438246783], [1.7647493945571513, 0.45099457212561384], [3.457782621631145, 0.01973704862620944], [0.10048951166169331, 2.832486283516318], [3.7646219881226877, 0.0035684636349842826], [0.4968366869379444, 1.67737095900169], [3.307968137848521, 0.03283994615482851], [2.2601655962845517, 0.24662674295094847], [3.3825366866619553, 0.025867128594848188], [2.527225133239138, 0.16832568979562587], [0.19354485931194712, 2.433795516652273], [0.24824850323361733, 2.255266804437094], [0.05404613670284106, 3.124133136876805], [1.8797574249250284, 0.39558758813108985], [0.581580002483132, 1.531124292309632], [0.5241867454725482, 1.6281570619988497], [4.000008438056815, 4.45004548244865e-12], [2.1292229550519095, 0.29248008930644726], [0.6122279153716182, 1.482428138078206], [2.194438861049645, 0.26898345434930265], [2.0007568295615457, 0.34283236267576633], [0.028767283951424173, 3.3503304459017893], [1.5057058067462472, 0.5974176216515745], [1.5548826880253872, 0.5670852775037655], [3.6871143041814296, 0.006370273366259044], [1.0732102828502403, 0.929375763277355], [0.12870529807757888, 2.693684472709089], [2.59567720770622, 0.15123500350425204], [2.6632713418435006, 0.1354584255984272], [0.004116648875189295, 3.747472182729845], [0.11412722416821879, 2.7628183820852916], [0.01628268202017965, 3.5058682304978173], [0.011341848438728751, 3.5853493895622126], [3.233488151161632, 0.04072717789231918], [0.5523965993157998, 1.5794610821791102], [1.8215462993972182, 0.42295937406615597], [1.3693173182297318, 0.6886040080946506], [0.47027307926251427, 1.727214700700325], [0.036304796278879364, 3.2741520947406184], [1.6054087379349489, 0.5372197313015951], [0.14399978525490756, 2.6261076401805217], [1.6570675856279633, 0.5079820969176222], [0.07550731081368105, 2.9763635654287124], [3.8424982421788165, 0.001581722098969095], [0.08755574039514209, 2.9039629699194713], [0.001829005784750238, 3.8307614970170016], [1.4592130873016946, 0.6272973805837976], [0.44509396355408937, 1.7764794509529476], [3.159685414561627, 0.04948382578891263], [0.1597938558425674, 2.560824908839194], [2.4600036820665707, 0.18624413032527604], [3.533451656533487, 0.014460600245695936], [1.1559759651099804, 0.8553230563344203], [0.37373570081087504, 1.928378628116991], [0.7075468165952341, 1.3429147318757553], [1.4139558098582967, 0.6575608559322934], [0.02208500574993598, 3.4276440145666434], [0.6749742438097905, 1.38870159824968], [1.197815648488083, 0.8200250669493396], [0.007271750000867229, 3.6661735236585486], [3.609891554795079, 0.01000570849967139], [0.17618280188831795, 2.497217397178296], [0.8434171803226349, 1.1699072939656976]]",23.21
SCH1,MGPSO,8,100,0.018986,0.003575,16.595107,0.002534,0.088990,100.0000,100.0000,"[[0.24687636853473546, 2.259410168430752], [3.999998514981514, 1.3783001953224133e-13], [0.751514411915936, 1.2839171759822445], [2.3618456751039143, 0.21452668210683473], [0.5461142500019572, 1.5901325179827426], [1.3260700504145704, 0.7198654515465255], [0.6109313640412238, 1.4844474244279748], [1.2617575247093608e-13, 4.000001420849182], [1.9986629970319094, 0.3436998713775475], [2.2986065294734677, 0.23414410716631953], [0.5154593721560248, 1.6436393996479293], [0.6791711816615805, 1.382697473805671], [0.9874997619400732, 1.0125788581935384], [0.009564619834223154, 3.618369122227757], [0.8270667567950748, 1.1893383297789517], [0.1288355483051367, 2.6930887834185895], [2.0563376221571534, 0.3203632537944029], [0.8660538703529941, 1.1435732558100646], [0.10091852459367297, 2.8302114798745657], [2.236420628372137, 0.2545538583784929], [2.6197770317916462, 0.14548691559617719], [0.21002334539014522, 2.3768911826036416], [0.11448182506519713, 2.7610753077751573], [0.19251546571633912, 2.4374520903758854], [0.013757747937563326, 3.544584041298953], [0.40282113965210053, 1.8640934594087848], [0.3303029588477524, 2.031423374884287], [0.5780335041544234, 1.5368929177180162], [0.7148878776656499, 1.332846180310279], [0.6445946716522658, 1.4331285350666325], [3.9164766756717495, 0.00044062151257254353], [2.5549773172581025, 0.1612587532196727], [1.6636122400751978, 0.5043685124341819], [1.7176697342167402, 0.4752737412124114], [1.2392935813594255, 0.7863510371813841], [1.4623201429154118, 0.6252629500918052], [3.833806481672773, 0.001763088868800032], [0.9463128629560124, 1.0551683260239546], [0.30818976402628323, 2.0875960991653453], [0.15950052609707255, 2.5619998476768218], [1.1543702300153496, 0.8567053198291688], [0.2868998404182446, 2.1443785577487087], [2.4898922885735444, 0.17813527351215108], [2.8155589254532183, 0.10370800284986442], [0.006134957479707049, 3.6928310799497397], [0.07645930567831825, 2.9704082712078956], [0.055580485914259785, 3.1125599269505875], [1.5111447279636998, 0.5939996571508407], [1.2822964089420965, 0.7527553126417722], [1.3707882691399373, 0.6875615709927082], [0.22801837655331136, 2.317967585382306], [1.069286974859231, 0.9330336463325923], [1.8278094676463765, 0.4199493102142315], [0.3535380175605656, 1.9751754966296102], [1.0279435430835673, 0.9724415162887247], [1.5608030647716566, 0.5635188987124053], [1.1965573561047222, 0.8210667895881453], [1.9412048886201276, 0.36811972706714435], [0.03099437162505639, 3.3267856341040694], [3.0843989708254282, 0.05941615709507351], [3.153318438955587, 0.05028422650177169], [3.5938492748829978, 0.010869095683795595], [3.7522783040750034, 0.003958946614312471], [0.065601904610276, 3.041087154221383], [1.1114905031900628, 0.8944005052126656], [2.425486857191008, 0.19589700592020956], [2.685101233346096, 0.1305898302331579], [2.9487493236427027, 0.07998020696078853], [1.6113607033034574, 0.5337853712325172], [3.4414566819101347, 0.020991271266260873], [1.8843580556196802, 0.39348117756869966], [3.3674699754034907, 0.027202977095060542], [0.02446073642436346, 3.398863595454382], [3.0162627012416623, 0.06930630150324185], [0.0034526181118187467, 3.7684166851375185], [0.4857822241296237, 1.6978590569541046], [0.001537397752263789, 3.8446987416874387], [0.0882939359628725, 2.8997221142348124], [3.5165777681949226, 0.01556155096683548], [2.1754343337859536, 0.2756928699101629], [0.14390710213865132, 2.6265035189682346], [0.37760150127956793, 1.9196299757176694], [3.6723963210110875, 0.006997366215753431], [2.115707678130971, 0.2975187116143681], [0.45704455132869753, 1.7528417443522755], [0.26643963853629027, 2.201727983950923], [3.2947780372416124, 0.034168655387648565], [0.04651459984955193, 3.183824854000657], [0.17572086467526288, 2.4989579611005786], [0.018733174176470746, 3.4712564287127643], [2.7500810273000114, 0.11673372470834159], [0.7889953721268628, 1.235978913675002], [0.9058980512934971, 1.0987509802314985], [1.7720724151804448, 0.4473040030439023], [2.881778220320073, 0.09145779156848367], [0.00038446462408711076, 3.9219533866932457], [3.223734018950045, 0.041830072001107964], [0.03837404852162593, 3.254802241763614], [1.4160653328300352, 0.6561235973378282], [0.42920798484106937, 1.8086493120659086]]",23.43
SCH1,MGPSO,9,100,0.019255,0.003873,16.168263,0.004100,0.119132,100.0000,100.0000,"[[3.1377004542925788e-12, 4.000007085425303], [1.9837334725188316, 0.3499305330913879], [1.1658294344977775, 0.8468861665253397], [0.5756665133933903, 1.5407589012420344], [1.3044304024000644, 0.7359638721077575], [0.3112594702130122, 2.0796341603977213], [0.8087462767515006, 1.2115334073171646], [1.8743955460213169, 0.3980529036786128], [1.4542732325520542, 0.6305431695372437], [2.2084731684356242, 0.2641001405234301], [1.0793158858499179, 0.9237107345393791], [0.8443609929767241, 1.1687962897470847], [0.21532569154824022, 2.3591977151490258], [0.5443722256062977, 1.5931088334806875], [2.3809827212598265, 0.20880939736837698], [1.505894884271007, 0.5972985321214324], [1.4036671042397724, 0.6646087940017186], [0.38007071706247025, 1.9140756901008333], [0.9568127726517429, 1.0441404937063306], [2.322982069507454, 0.22644919318182358], [0.43097128656451233, 1.8050351515771823], [0.006984921395855318, 3.6726815526816217], [0.7055644400716532, 1.3456491076344723], [1.2568672284082116, 0.7724636276457439], [1.2109252676176478, 0.809243284343258], [1.353502822515768, 0.6998972139309271], [0.2904204060968243, 2.134793699649442], [0.3333070562578668, 2.0239970077529317], [0.19852571322677856, 2.4162767374581136], [0.3563009276245222, 1.9686630065836548], [2.558298933751642, 0.16042561990537052], [4.0000056620607545, 2.00368183105471e-12], [0.02829085647067992, 3.355495416882331], [2.619521216677195, 0.14554720786042186], [0.9965759374819694, 1.0034299346777258], [0.010952549430843755, 3.5923348349304893], [1.8211043934374163, 0.4231723546841809], [0.48556781844740055, 1.698259960467158], [0.4576345744766631, 1.7516868307782358], [2.439181082158857, 0.1920299462776614], [2.498324148191225, 0.1758889867158936], [0.2328424427907687, 2.302692426690388], [3.6437400403029643, 0.008306808007141982], [3.9089965086447744, 0.0005235752450279519], [0.0004338453385274338, 3.91711802801409], [0.08540837552925681, 2.9164199202962253], [0.05337514234303414, 3.1292527059264375], [0.15169476399581205, 2.5937742833765367], [0.021613457848687383, 3.433552809973829], [0.04413542882747975, 3.2037980791638607], [0.607338086773785, 1.4900621303688089], [0.18238453244060857, 2.4741244471345865], [0.0158393663566348, 3.5124211885897245], [2.1518672725449273, 0.284169567250385], [3.2377218586603767, 0.04025357192468402], [2.265410563889609, 0.24489820843066992], [0.12328257049585047, 2.7188178582536358], [1.1222602685918326, 0.884788817659175], [0.0017390823205975002, 3.8349298585661544], [1.0375047439378744, 0.9631856716257917], [0.8806920687292137, 1.126884255365906], [0.5143824762495193, 1.64556397031501], [3.819465081472079, 0.002084362615329854], [0.27047984294683375, 2.1901727773554724], [1.5581939470554316, 0.5650883850943282], [2.682176299401791, 0.1312358485635561], [0.13722566353616453, 2.6554663657490263], [0.07396135498837995, 2.986127875169856], [3.395939685573826, 0.02470946469609141], [2.7460891305722543, 0.11755791399372265], [1.7139369535669322, 0.47724035579931706], [0.0039210561274742204, 3.7534477081648863], [0.739562053786342, 1.2996503019267873], [0.2513385351076439, 2.245991542260196], [0.03582909696223568, 3.2786860778464475], [2.0393897092077897, 0.32710160833922125], [2.8784966301630908, 0.0920435003898178], [3.088642216513111, 0.05882888583285913], [3.731081036232788, 0.004678472314402054], [0.7737267870130794, 1.2552571492004592], [0.6396543109459035, 1.4405186503127918], [3.5603606638211245, 0.01279346497234631], [0.06325217912637109, 3.0572527427339153], [1.9286654431745056, 0.3736094496860431], [1.6099069424950971, 0.5346226076108382], [3.1625606894510083, 0.049124738293780605], [0.6721506248455115, 1.3927589133343377], [3.0174933653903793, 0.0691198977185337], [1.6617255939575843, 0.5054081577128617], [0.09724049078636658, 2.849904187866474], [1.7665672613010728, 0.4500762963113678], [0.10993422087653244, 2.783681027091681], [3.3163851288703317, 0.03200718274992826], [3.4774013102811456, 0.018284675953838758], [0.40518612997745146, 1.8590168348128069], [0.9184005549915878, 1.0850718605191971], [2.946634677690364, 0.08032891381370542], [0.16661448048978192, 2.533876997660252], [2.095356945511381, 0.30521781694269906], [2.811999653114673, 0.10439244563488737]]",23.32
SCH1,MGPSO,10,100,0.018894,0.003534,19.403563,0.004791,0.057039,100.0000,100.0000,"[[3.999999999049959, 5.641111111349439e-20], [1.444883485853068, 0.6367512316769116], [0.498287481777708, 1.6747082446314707], [0.55728253699088, 1.5712281851991916], [2.5874428171910338, 0.15323073838476078], [3.919289341093165, 0.0004112982457667878], [1.3398970667497028, 0.7097401506187554], [2.049431902318692, 0.32309708525646647], [1.092610312403291, 0.911490247342655], [0.01655099204960484, 3.5019483562288416], [0.8359772937984867, 1.178705537314456], [0.7969243850287288, 1.2260995278760207], [0.8760298814337667, 1.1321711630871105], [1.991510016562301, 0.34667518594087565], [1.1394197817312137, 0.8696754676417365], [0.1712157802629428, 2.51608663599441], [3.8394277692816186, 0.0016446446662214875], [0.22629703581865174, 2.323469515232924], [2.107542704322091, 0.3005914156376875], [0.3139197206600926, 2.0727781520479085], [0.027195542385899923, 3.367552701013087], [1.497947618661403, 0.6023208050059292], [1.0468620208228665, 0.9542110055070157], [0.9169717823512469, 1.0866260384764264], [0.02153707000084703, 3.4345165252040295], [0.2069971149493136, 2.3871196907283805], [0.4423189104341097, 1.7820364880312258], [0.01221084913876038, 3.570200005131324], [0.9588646685835297, 1.0419992512713043], [3.3800122852006, 0.02608839633626122], [0.008488150222663632, 3.639963519346221], [3.307392751523812, 0.032897303427016876], [3.760311613348711, 0.0037024435130039715], [0.5273207622708671, 1.6226465643041015], [2.1666424934705937, 0.2788347609160142], [3.682333999565367, 0.006570585217197286], [1.82193487922409, 0.4227721600994442], [2.3441917282324902, 0.21989032711580095], [0.469920352140002, 1.7278908785128435], [1.767071412889325, 0.4498218789451825], [0.6201844871874482, 1.470112774511819], [0.005447078364267651, 3.710229779026505], [3.4543456766024434, 0.019997633523003724], [0.5882670068963025, 1.520324355812218], [1.2374393052772192, 0.7878293353545174], [1.7121891233736306, 0.478163333030399], [1.8775808644292247, 0.3965869918849765], [3.2362927665878223, 0.040413093788592064], [3.6054301077216615, 0.010242043983767194], [0.18866381706642968, 2.4512458843102163], [0.0030596625523717593, 3.7818027963584653], [0.652922935392588, 1.4207770590000313], [1.002179543937465, 0.9978228286835106], [0.3383310150366519, 2.011681870755024], [2.284465626500145, 0.23868610488324105], [0.06587936933279984, 3.039200301013592], [2.648097677568146, 0.13890703347956343], [0.1394706065284958, 2.645640059091494], [2.899024179214481, 0.08841577265991715], [0.29065412732823415, 2.1341602049505832], [1.2880847363986665, 0.7483319036578063], [2.834808074347844, 0.10005275662727339], [3.166226878249041, 0.04866900690126698], [0.09863146500781103, 2.842405593547994], [1.9339797306393007, 0.3712757397524216], [2.7095671293681796, 0.12526199747378405], [3.0975256419971156, 0.057610140234764955], [0.4154940369714486, 1.8371409596092387], [0.2683776454854686, 2.196170530410458], [0.0013645015125675272, 3.853607863079364], [0.7594663290178005, 1.2735717143909027], [0.7229470911899901, 1.321895274613265], [2.4042936277318026, 0.20197970116303843], [3.5294827857725024, 0.01471568543199761], [1.1880629607755806, 0.8281309231849383], [2.771870610962584, 0.11229631710555522], [0.040688318944187604, 3.2338344888689985], [0.12501467654526113, 2.710718093531579], [0.03355113670793997, 3.300872361713714], [0.00034124584327116546, 3.9264498830710317], [0.11147304435911992, 2.7759698771049504], [0.04837507881386037, 3.1686016642224866], [1.3916969195348625, 0.6728887318080292], [0.15495560449189907, 2.5803795752477137], [1.6582344609199504, 0.5073363475110658], [2.2252596859275235, 0.25833795233319246], [0.05674011529016728, 3.103932766114755], [0.07607818247038277, 2.9727872328446168], [1.5506331335005723, 0.5696563080165231], [1.603894280887974, 0.5380963680012407], [1.8595473220149965e-12, 3.99999454539306], [0.08711358821323527, 2.906513142926277], [0.6874828254382617, 1.3708994619432042], [0.24701185299478307, 2.259000372163616], [2.526191658655156, 0.1685925411830189], [2.46462889484414, 0.18497426122723706], [3.03027326823321, 0.06720122410417054], [2.963787788777573, 0.0775257678811006], [0.36351384986991253, 1.951829459673177], [0.38912328920985256, 1.893933391154468]]",24.07
SCH1,MGPSO,11,100,0.018958,0.003372,19.914577,0.002911,0.094406,100.0000,100.0000,"[[0.8336755014487136, 1.1814422089029846], [1.6847444226668675, 0.4928362221427211], [0.798313442213838, 1.224377925808791], [1.018485112221798, 0.9816841763879827], [2.337659675452324, 0.22189686062397396], [0.09914209276170638, 2.8396685979285277], [2.212477760490061, 0.26271775122573976], [0.9433413924278209, 1.058310854729934], [0.9806372847050489, 1.019552009773344], [2.2747240625878447, 0.24184871152965173], [0.2461603656188516, 2.2615783315619007], [0.3069193987087554, 2.090907129036025], [0.08647808517779892, 2.910191826291476], [1.4173085028114445, 0.6552778388002276], [2.0903258448013693, 0.3071421613254667], [2.4020936616328687, 0.2026179913744638], [0.8697546821751818, 1.1393291146557187], [1.4689671931985122, 0.6209289207447772], [1.8545360425105282, 0.4072819929761712], [2.7360492317834217, 0.1196463035651933], [1.318611891138885, 0.7253787968770489], [0.2859991812614676, 2.1468435300328146], [0.4526109998052381, 1.761556188605026], [0.6008192078788815, 1.500318066762803], [3.2253894071687617, 0.04164174214737767], [3.2981897011343038, 0.033822198168277466], [2.804474181964555, 0.10584843398961087], [1.5749641737471014, 0.5550611089505686], [1.5214264629651624, 0.5875817747486193], [2.0301159839978506, 0.3308304371976546], [1.7407239472702525, 0.46326403209097755], [0.0003459826212262954, 3.9259435502710627], [2.4674060832134805, 0.1842144315593876], [1.9707996883422307, 0.35539275620670724], [1.62954418783046, 0.5234001431243807], [0.9061658422566671, 1.0984561006788411], [2.1509767734430056, 0.28449329736569795], [0.7302611792983077, 1.312048361351929], [1.13806414389379, 0.8708605745405958], [2.533609140030622, 0.16668317528987034], [0.4805690470664945, 1.707645544143287], [4.000004272378758, 1.1408256568754903e-12], [1.2714140776540994, 0.7611341259808564], [1.367040454993132, 0.6902202446482749], [2.6681032941001273, 0.13437138150974032], [0.22710239828739057, 2.320891923917299], [1.797169736081014, 0.43482735823005997], [0.0013967150147328803, 3.851906112515024], [3.9172732017813225, 0.00043221383031023103], [0.5394075007496189, 1.60163283069851], [0.14171688524887602, 2.635904757531073], [3.3715881953442954, 0.026834208619571448], [0.42604113378087666, 1.8151680728118018], [0.05397035093022732, 3.1247095614401954], [1.225617345796586, 0.7973132084607847], [3.445976215741914, 0.020639896633491018], [0.15742279707798285, 2.5703611242852316], [0.17390633803580166, 2.5058231840615077], [3.0833163524162144, 0.05956652496226167], [0.4005478941732798, 1.8689937654269722], [3.7554772919783024, 0.003855740867022925], [0.6323517444471879, 1.4515298520497202], [0.7637855782645561, 1.2679924991145763], [0.5695733488084898, 1.5507700128927768], [0.19093622846749894, 2.443086219033056], [0.35184567359784524, 1.979182448956488], [3.153926793226545, 0.050207437028362494], [0.12668492152604074, 2.7029719081639194], [0.26573385233901664, 2.203758673675543], [2.600250020172185, 0.1501337171312111], [0.20873242498269157, 2.381242671325215], [0.00890619968996268, 3.6314155441242884], [0.0638825514542779, 3.052882638858611], [3.8356912498066023, 0.0017229069483266953], [0.012878764629940118, 3.5589401849971423], [3.6766062776092276, 0.006814856602549293], [0.017605546710063653, 3.4868619670399763], [0.6645181733514813, 1.4037988089130604], [2.873305263567997, 0.09297457715690188], [0.37621373584621376, 1.922763150743791], [0.07470635875415432, 2.981407799317406], [1.0575709149941381, 0.9440402368654081], [0.0031545594858017317, 3.7784926985195315], [1.097732917074215, 0.9068229116950205], [0.029631615095766808, 3.3410781737912676], [3.5222656357381403, 0.015185632713645763], [2.9425948586669306, 0.08099754181199222], [0.6970203340720708, 1.3575105878438718], [1.1816805127093009, 0.8334753423719105], [3.5991609757262926, 0.010579052097828442], [0.03689021874066742, 3.268617155402717], [4.493209281047137e-12, 4.000008478881099], [0.023234128511833083, 3.4135243154127415], [0.11253603417384087, 2.7706803985775768], [1.9118477902518616, 0.38106442403421653], [0.5095259255981465, 1.6542825367483722], [0.0056586602898747364, 3.7047623913897842], [0.3290552954207903, 2.0345216332722824], [3.012308598808014, 0.06990717128106468], [0.04494148282727824, 3.196965230072255]]",23.74
SCH1,MGPSO,12,100,0.019142,0.003837,18.598895,0.003528,0.109514,100.0000,100.0000,"[[3.107972668679775e-13, 4.000002229968084], [0.46995984476842123, 1.7278151519604834], [2.184654490015513, 0.2724237908421283], [0.6228795581829775, 1.4659707962882598], [1.2558570898811507, 0.7732558988204947], [0.441638346803596, 1.7834033028585472], [1.299527264768896, 0.7396548722229888], [2.2998636488689366, 0.2337431108394634], [2.6077140228792945, 0.14834684287870928], [0.6880511690246601, 1.3700971753118838], [1.3439579060836877, 0.7067899667764425], [0.8704523425644969, 1.1385309231034775], [0.9106394809106525, 1.0935421944152663], [0.020145503644324162, 3.4524060754651757], [0.15440764918438632, 2.5826180999920707], [0.1376547709764975, 2.6535805357631914], [2.3594033360517854, 0.21526357715725264], [2.8676292204649436, 0.09399891409014875], [2.2418639105352276, 0.2527218544003389], [1.4813806231202842, 0.6129013975381777], [1.7166804912461227, 0.47579432000199207], [0.655161398565736, 1.4174797624174602], [0.040883693678683386, 3.2320950322479396], [2.420101999639059, 0.19743119087655922], [0.27010078934687076, 2.1912519180842356], [1.668621120735185, 0.5016163857109407], [0.8314562376078481, 1.184087350077335], [1.5749682765838242, 0.5550586732800767], [0.014824463900696958, 3.5278014434887752], [0.721824362350911, 1.3234144698255], [0.0004148480803278034, 3.9189435691825176], [1.3892220908153574, 0.6746114543952385], [2.0200813130333413, 0.3348987294628311], [1.9667341982981956, 0.3571221642292503], [0.02626394871162071, 3.378017715104412], [1.9147437263637408, 0.37977311923131873], [0.7566229495169202, 1.2772599054712541], [3.9152629725135024, 0.0004535900826129013], [2.0742313250765823, 0.3133545514226521], [1.7648458982834745, 0.45094578889718756], [2.5442815738063267, 0.1639598592764687], [0.529322587661875, 1.6191402217971511], [0.06960088357994805, 3.014321708537074], [2.1290825584160347, 0.29253212732606126], [0.4991800948852661, 1.6730729634827324], [1.621376494862236, 0.5280451765798905], [0.12194012338629515, 2.7251430822308085], [0.9936539563490263, 1.0063662439329257], [0.9516133760427435, 1.049586464720386], [2.8016266358525628, 0.10640250415682066], [0.793236649651416, 1.2306832964477539], [0.3880938579620831, 1.8962066760468728], [0.0037261802779140233, 3.759556394172785], [0.5912019127395485, 1.5156156915724723], [3.999996787529602, 6.449981376148581e-13], [3.1412384016148995, 0.051822739810437904], [3.831448855192895, 0.001814018044592844], [3.212180468668536, 0.043157697139868556], [0.010315824059269743, 3.604048442956238], [0.20909195099180464, 2.380029017173267], [0.0016589161476965614, 3.8387397387524467], [3.071112541176957, 0.061276547458465475], [0.03316847433522138, 3.3046799093161527], [0.1074096368347936, 2.7964732579983917], [0.24904467222855334, 2.2528696409106947], [0.4142987137671166, 1.8396571037029381], [0.338302629479688, 2.011751088749286], [0.3627050361753223, 1.9537051235964205], [1.8639522480506545, 0.4028867870979594], [1.0364880828170726, 0.9641657324777527], [0.22854533861537626, 2.316288708911607], [1.1228988635292187, 0.8842219689703164], [0.2920076438517281, 2.1304983790953522], [0.08125628727194908, 2.9410367486079316], [3.4343875225494562, 0.021547286796948128], [2.9347659102845434, 0.08230251639817442], [1.079202170046398, 0.9238159400140599], [0.17169873588360854, 2.5142368889206876], [2.671649524825759, 0.13357699561562922], [0.1899337503791663, 2.4466781735727525], [1.4350473851710224, 0.6433088527867314], [3.0024978455105678, 0.07141095179980687], [1.5278742720200738, 0.5835858143832037], [1.2112721571173541, 0.8089597518151513], [3.5113698701417446, 0.015910049539147736], [0.31475876754224874, 2.0706241279370445], [2.735965013666477, 0.1196639157218231], [0.5598167734251829, 1.566980597687706], [3.748884054095683, 0.0040699914127751875], [0.09392506636415289, 2.868037199621665], [1.814129229720881, 0.42654464332837627], [0.05905616941803016, 3.0869971636532143], [3.589564513711443, 0.011106080798909849], [3.358582412575198, 0.02800817850572995], [0.006599065009457992, 3.681660547515259], [0.04963199590668197, 3.1585024124526755], [1.1662385169992506, 0.8465375699442338], [3.2853888059715426, 0.03513219702695425], [3.668654028381855, 0.0071617159071058045], [2.481760911480178, 0.1803186492926676]]",23.71
SCH1,MGPSO,13,100,0.019011,0.003554,19.621971,0.003170,0.095546,100.0000,100.0000,"[[1.4044597499206137, 0.6640635640802551], [5.71022049589982e-12, 3.999990441578646], [1.500159779546492, 0.6009193820211907], [1.4519975169424624, 0.6320431321915654], [1.8724389110063315, 0.39895532410289547], [2.0532494030154607, 0.3215838119113033], [1.0511310838380783, 0.9501437220666167], [4.000008834955572, 4.878522109029923e-12], [1.991998487169782, 0.34647142632625855], [2.178432011491657, 0.27462712109542103], [0.784044508605811, 1.2421929959513098], [0.3192359757807927, 2.0591971237933575], [0.5270661009058977, 1.6230933712656272], [2.115327773224875, 0.2976611987641144], [0.4714817685960485, 1.7249005668951456], [0.08393081051323349, 2.9250982219950576], [0.8558501966382308, 1.1553633170220237], [1.0930872218271808, 0.911054755521486], [0.7149258655997712, 1.3327943114469258], [0.09523411945018587, 2.860833086072874], [1.2670409897307342, 0.7645243783575182], [3.371863480654989, 0.026809655768487598], [0.6810093564178394, 1.380077714792186], [0.8196176705696879, 1.1983081382160938], [1.8145230805817076, 0.42635369856453476], [2.511147505318549, 0.17250726587469936], [2.580550749358078, 0.15491366112089314], [0.5857949677435658, 1.5243052186349633], [1.3120346323268528, 0.7302714218117519], [2.65087437276055, 0.138271977084241], [0.3678447960256021, 1.9418364002425963], [0.4988269171608301, 1.6737197201551517], [0.1627361324186666, 2.549113463174501], [0.23269986437145515, 2.303140891459955], [1.2225879740686194, 0.7997599664361825], [0.27404780030538317, 2.1800648001628007], [2.2430343443981116, 0.2523290845501707], [0.8927221810959095, 1.1133631220047318], [0.0015953877644033806, 3.841826165977308], [0.12001804313212924, 2.7342732289206286], [1.7584197934291028, 0.4542029148629893], [1.59996010845024, 0.5403789266523], [0.9306064432021222, 1.0718886391597024], [3.151744880149123, 0.05048315547047492], [3.5224047233741365, 0.01517650158773712], [3.836699595501553, 0.0017016039239643478], [0.3926895746766627, 1.8860916422537937], [0.0063255608284064485, 3.6881919831373633], [0.6486923932015854, 1.4270347001458246], [1.1785994334163656, 0.8360666546498253], [3.677351897068094, 0.006782794772651941], [3.446424331406359, 0.02060523163684307], [0.555958245424589, 1.5734539408521004], [0.749156278697702, 1.287003702746834], [0.14779118128033045, 2.6100464363745686], [2.7919196674093723, 0.10830427762593883], [0.2529062917598391, 2.241314715878337], [0.4182672009485153, 1.8313239825580836], [3.5993915033018435, 0.010566557842270168], [1.5496959177687626, 0.5702245919852511], [3.756397150001216, 0.0038263247833350213], [2.7211140208553304, 0.12279420944233051], [0.00039855737297363593, 3.9205429503839953], [0.009813613130556391, 3.6135588843399686], [0.10726747558997649, 2.7971989241623714], [3.2981999050844872, 0.03382116486507357], [3.0790687942423984, 0.060158572001457467], [0.6166780578415589, 1.4755239824315445], [0.031140298102231255, 3.3252757433640716], [0.19596085581098685, 2.42526221036739], [0.21373913072889927, 2.364461949865417], [3.917858196830223, 0.00042609107247498047], [2.308781442487341, 0.23091149654431706], [2.375432744304289, 0.21045716374692375], [1.009940760964352, 0.9901084043318479], [0.01904055264111602, 3.4670905166253037], [1.6521337031421164, 0.5107195737148961], [0.06345843260581578, 3.0558201434896013], [0.014062500085289746, 3.53972084962158], [2.8628584861823336, 0.09486500370044386], [0.9697337070836514, 1.030731382466614], [1.1354952950555701, 0.8731104319901616], [0.17903162821104432, 2.4865464580022447], [1.9316786788628952, 0.3722849293784855], [0.07332338901027463, 2.990191714575262], [0.34292331295884765, 2.0005371348614864], [0.04592541873371497, 3.188716751174036], [3.224456650034443, 0.041747801657593474], [0.024760325332710557, 3.395343765871992], [2.442975259634215, 0.19096724987067662], [0.054356705847260614, 3.1217757208619514], [0.2963565970811723, 2.1188108333143676], [0.038208841603742674, 3.2563255602503918], [3.0065583637238227, 0.07078632165228683], [0.44439898992166166, 1.7778686903100887], [2.9346364714979893, 0.0823241943197353], [0.003577269885426596, 3.764336140129639], [1.7044735033566922, 0.48225404667861466], [1.357860751621854, 0.6967694603093074], [0.13353920511937734, 2.6718185471583435]]",24.03
SCH1,MGPSO,14,100,0.018989,0.003900,18.549477,0.003548,0.081023,100.0000,100.0000,"[[0.5762856608912007, 1.5397464178944613], [1.4874257722177737, 0.6090231283716983], [1.9200021133868406, 0.3774364787561194], [7.0974461363749605e-12, 3.9999893435940903], [0.29694832537365834, 2.11722971831023], [3.999990492950759, 5.649005792593415e-12], [0.881816438818525, 1.125613166750252], [0.3218052730341647, 2.052689945743232], [1.5908572206012361, 0.5456896783267698], [0.5453054103822077, 1.5915135141722998], [1.0747503209397318, 0.9279437019815113], [2.911458425365921, 0.0862599076776087], [3.5431625452385282, 0.013846459177560392], [3.768018792050163, 0.0034646726687668754], [0.48585594381893443, 1.697721244579504], [0.5151582153805652, 1.644177294843293], [3.323499374797183, 0.031312460245765124], [1.1161282357823061, 0.8902494191907918], [2.5266860153235116, 0.1684648611659916], [0.45701996961074765, 1.752889885134048], [0.8457850457792263, 1.1671221456934329], [1.0344584611451908, 0.966125217871841], [0.07171766274858515, 3.000511518265945], [0.2506203816239519, 2.2481403927143924], [3.112788345890127, 0.05554996715854048], [3.6173835591171333, 0.0096153616840561], [2.2778215567123286, 0.2408401166715149], [0.8104383031054758, 1.2094644279312037], [2.977312733429538, 0.07535621843521303], [2.4634854098939267, 0.18528769412367332], [0.08300962333973791, 2.930553995805295], [0.13754015538296882, 2.654083891744737], [0.42859983998747, 1.8098983602843097], [1.696704035995824, 0.4864003427421203], [0.6735733049361785, 1.3907128328815321], [3.4691562800086837, 0.01888779624657573], [0.27323385213688084, 2.182362829287768], [1.978163457462842, 0.3522754991574624], [1.437029620359842, 0.6419828087262505], [0.12253616022935077, 2.7223295455936354], [2.5900314195897813, 0.15260159756946656], [3.044654088203888, 0.06507921495679259], [0.1536637449165382, 2.585665046363312], [0.9952064671673725, 1.0048050494303096], [1.538564005092276, 0.577009401797416], [3.844541735742585, 0.001540539014296858], [2.8464387863101526, 0.09788186049538683], [1.8622725729596168, 0.40366824883482555], [2.7815391846876794, 0.11036035669911537], [1.7509318730276844, 0.4580205788113388], [0.3472169565039445, 1.9902122250570362], [0.6075213190111521, 1.4897751612589796], [2.037156433311585, 0.32799686880602114], [2.401103189532679, 0.20290578766470826], [0.04311795613335649, 3.2125234111634877], [0.9565507799809974, 1.0444142179862657], [1.6434612732629272, 0.515559131820792], [2.7169822821216645, 0.12367381717429546], [0.6402261406612676, 1.4396608389402914], [2.2168623233566724, 0.2612097836506531], [2.3390457590574316, 0.22147008360241477], [0.9188217112320245, 1.0846141816749204], [0.10851274688619221, 2.7908618256710644], [0.0003345777838181101, 3.927168707727557], [0.008536091754646776, 3.6389722027254985], [0.035362775202584046, 3.2831630655234694], [0.3736147165252663, 1.9286534766680246], [0.7412203279418699, 1.297454185029445], [0.4006007397995455, 1.8688796183502006], [1.2932223863218926, 0.7444249429144285], [0.05179748977184315, 3.1414350145184473], [0.0954157288675972, 2.8598382679686236], [0.003048211109746319, 3.782205783673483], [3.396066237272147, 0.024698671049828154], [0.016978424273291725, 3.4957732934728862], [1.8063950186489728, 0.43030719399584827], [0.2087499458868896, 2.3811834945122117], [2.0965524109593696, 0.3047617918718741], [1.1584621257567895, 0.8531869879626169], [1.3401563272930517, 0.7095514816288455], [3.2522989810125695, 0.03864639052825147], [2.1566387823843023, 0.2824392183459102], [1.2472999990201572, 0.7799965635769687], [1.2025300387428097, 0.816132813241572], [0.028470736483831752, 3.3535397890963914], [0.22937145288591035, 2.31366185950424], [0.7752081693988729, 1.2533718997261944], [0.17091421599109619, 2.5172433128614746], [0.06136859412079297, 3.070461178701629], [2.6529964051004993, 0.1377878526742618], [0.022385739312961353, 3.423911154215664], [0.00545790318099286, 3.7099474111576374], [3.1820932593970577, 0.0467241624019399], [0.0013486606552805796, 3.8544521988718556], [0.707317881094604, 1.3432301745218895], [0.1894635261920866, 2.448367199427428], [1.3880049726503334, 0.6754600590813037], [3.921820251649186, 0.0003857839288996725], [0.012384475654809395, 3.567242239423568], [3.692329284653447, 0.006155428016117975]]",23.40
SCH1,MGPSO,15,100,0.019284,0.003742,16.661090,0.005728,0.132245,100.0000,100.0000,"[[0.23394241805095298, 2.299238645166006], [1.209682860416382, 0.8102595156287822], [2.319735581299594, 0.22746430526521966], [1.4153449505232276, 0.656614110438695], [2.256514723350199, 0.24783470411109965], [1.1702048893957144, 0.8431645347963457], [0.10762554968951264, 2.795372222381023], [1.875489696387372e-12, 3.9999945220610997], [0.6765101632153139, 1.3865006478118975], [3.054369935154883, 0.06366761260687391], [2.4493023095730897, 0.18920351217624393], [3.2642449586874567, 0.0373563239429509], [1.8510864366970752, 0.4089009393850621], [1.2901396858612035, 0.7467670427931428], [1.372864337623484, 0.6860925913171052], [0.06871466581380194, 3.0201753708797345], [0.7415441973615304, 1.2970257756101693], [1.6945923183291836, 0.4875320062848783], [0.15510935254022426, 2.579752364221834], [1.2497766912929869, 0.7780402208949615], [0.04740160609216727, 3.176525209882765], [1.0192954489601016, 0.9808889335927313], [0.5507879929427714, 1.5821842997758404], [0.5815625207933863, 1.5311526577267556], [1.0559363607992454, 0.9455857951189984], [0.4350777090240943, 1.7966608836559894], [1.331245539429982, 0.7160609677275986], [0.9833854655994536, 1.0167537144040824], [2.0184619360854406, 0.33555854280423425], [0.19223299201106545, 2.438457672257407], [0.7749954649267644, 1.2536423956040885], [1.597021050276614, 0.542089121513792], [0.407306665042507, 1.8544833964474967], [2.1351215863981072, 0.29029948625085683], [1.5500687959898347, 0.5699984414830477], [1.6451697411512456, 0.5146029246659628], [2.716053929917397, 0.12387197864524241], [0.08081328320222221, 2.9437061944741836], [0.12245638541650823, 2.722705633795302], [0.2564315936538875, 2.2308685858799495], [0.030103601090214347, 3.336088026738003], [1.7979139324891937, 0.43446141383788195], [0.30377271511355636, 2.099149517871701], [1.9055591916611552, 0.38387945931715745], [0.708646315456465, 1.3414009951236208], [1.0931499226904646, 0.9109975147732886], [0.0004590658237293204, 3.9147557801243518], [2.195400396946813, 0.26864695588407483], [0.49154596160209396, 1.6871324069291205], [2.98621697435952, 0.07394733336949857], [2.5150126579778926, 0.1714960837387836], [0.17317850836592372, 2.50858963003747], [0.21255167446904935, 2.3684186013138633], [3.480579866742141, 0.018054967763628655], [0.007423993955520366, 3.6627735866029014], [0.2795944000564772, 2.1645269304698367], [0.09375306896167473, 2.868988151360425], [3.7010374992106345, 0.005805209840147145], [0.6135709345301813, 1.4803401813805026], [0.3284688234627947, 2.0359808354016327], [0.01682178727771984, 3.498026455336965], [1.1313525678107337, 0.8767502262314717], [0.011661148594778552, 3.579713955622701], [3.3357390589477407, 0.030136760494597327], [0.03827932499894359, 3.2556752105303977], [0.3541794666276826, 1.9736603076955552], [3.1936522451781193, 0.04533524585234033], [4.000017890239894, 2.0003747982938086e-11], [2.6484000109025523, 0.138837800243464], [2.850775935136367, 0.09707954262790068], [1.5040394539455335, 0.5984680027149497], [2.7833767848934685, 0.10999469195921961], [3.774876736688565, 0.0032599301921819013], [0.9469270877846891, 1.0545199399448044], [0.8771046605982589, 1.1309500228968006], [0.13829747902309594, 2.6507627182966327], [2.581388905644701, 0.15470838687646088], [0.6444903140785483, 1.4332841504607758], [0.004156541394460663, 3.7462715625543384], [0.8084929566350787, 1.2118435010776902], [2.91835730375901, 0.08507720850869456], [3.849624640535679, 0.001440503515774444], [0.0018505951529792987, 3.8297764179860705], [1.4591321392072667, 0.6273504567099846], [1.7459484315623757, 0.460574754612182], [2.076307594177431, 0.3125482734876005], [2.3840375802486786, 0.2079060010173182], [0.842522987253566, 1.170960949638369], [0.38052117545340053, 1.9130652371934267], [0.022980786223985646, 3.416604187414491], [0.46309973247318914, 1.741042473786108], [3.9245002096760464, 0.00035966607027675807], [0.05755248640847068, 3.097948514691215], [3.5536021950748804, 0.01320199871937884], [0.9117873422075453, 1.092285087289933], [0.5207470532694707, 1.634234823551479], [3.123483053590905, 0.05413167899829107], [3.6272642452543193, 0.00911303094588258], [1.9615928622198033, 0.3593178068947925], [3.4077441776548953, 0.023713649381171757]]",23.22
SCH1,MGPSO,16,100,0.018927,0.003654,16.044649,0.004069,0.073869,100.0000,100.0000,"[[0.9960529723461161, 1.003954832578275], [6.855520780919317e-12, 4.0000104732266335], [0.5307511441692239, 1.6166443673493385], [0.559577717879542, 1.5673806177418066], [1.2265231141711077, 0.7965829535439098], [0.0013388292293568358, 3.8549787674990155], [1.273881589940674, 0.7592270694872226], [0.1683367924368373, 2.5271821138676915], [0.18648143481826665, 2.4591415849067717], [0.00033465330804963427, 3.9271605258530937], [0.2056752593768151, 2.3916178870677025], [2.7876593901426685, 0.109145315718426], [1.781467852049154, 0.4426022765934033], [0.9094381638768392, 1.0948594686564317], [1.0409676713669505, 0.9598547420459292], [2.052740584272019, 0.32178522339611143], [3.6305819372193286, 0.008947532742211621], [3.055700073894045, 0.06347573665308948], [2.40684238925711, 0.20124183587682018], [3.8507706517046563, 0.0014184219168694892], [2.3450401475715927, 0.21963058076338757], [2.4693280388677916, 0.1836897560929495], [0.5890009506507458, 1.5191450565716875], [3.925033041625203, 0.0003545834161099593], [0.8682436229995754, 1.1410599720382752], [1.1329398882314268, 0.8753539276543736], [3.999993524692521, 2.6206025554337145e-12], [3.125253133682131, 0.05389893954688771], [1.88794514619282, 0.391844497634324], [2.5326468191433062, 0.16693011901496171], [1.6242293645477455, 0.5264190667077084], [1.8346531161065953, 0.4166784153807304], [2.852847622850785, 0.09669768626615055], [3.704039810999532, 0.005686936780754552], [2.1088844161018465, 0.3000849999032166], [2.2242412117810124, 0.2586851280201533], [3.483373556165533, 0.01785435796849614], [0.29272567439027275, 2.128560525829663], [3.1953131570037856, 0.04513759887512038], [0.7901777247121029, 1.2345000684286138], [1.9420346129288526, 0.3677585337539395], [3.4103732064357595, 0.02349488721510566], [1.4714128004928195, 0.6193405825754983], [1.4211981482360772, 0.6526375297918454], [0.9521070594757226, 1.0490681214670894], [1.5729782866900686, 0.5562410415235353], [2.284215786123658, 0.2387668716113099], [0.24739451626441916, 2.2578437478167515], [0.7177770443991727, 1.3289081017596431], [0.03455289276560008, 3.291016555893217], [2.659043120277854, 0.13641405490508335], [2.919579522774371, 0.08486867560680879], [0.07009751356710582, 3.0110601123986234], [0.4460917101899296, 1.7744878168257068], [0.22611677915496645, 2.324047257165966], [0.8285466603575559, 1.187565121579737], [0.003011626413303986, 3.7834984773473224], [0.04216472522190876, 3.2208026835188974], [1.676164717227699, 0.49749350970320666], [0.050578953168162265, 3.15098835145503], [0.6195096234961393, 1.4711522778413884], [2.166342344983581, 0.278942450315537], [1.1792450537165302, 0.8355230484007569], [1.3225796647847434, 0.722441119419409], [0.6510457418794364, 1.4235495187877683], [0.2695780850579607, 2.1927417022566162], [0.31668724339045723, 2.065688377498403], [0.005362020421094251, 3.712458748439527], [1.0863407487319958, 0.9172338923763168], [0.059865368735744065, 3.0811693486294476], [3.2665077356589802, 0.037114692633605784], [0.5018646012935329, 1.668168495375235], [2.5954231288434135, 0.1512963407134177], [0.00839318289543825, 3.6419359189109297], [0.3666833192936699, 1.9445080348233823], [0.10642983719435892, 2.8014863920176176], [0.3921856520478586, 1.8871965437350624], [0.341163757843745, 2.0047947532770607], [2.987273423137224, 0.07378119632481628], [0.12056416872029085, 2.731670112456584], [0.016661216441796026, 3.500347878372038], [0.7533921089188523, 1.2814655914502528], [0.13541065447988626, 2.6634831862674813], [1.3713558033442934, 0.6871597300027116], [0.021893033352894813, 3.4300412498409103], [3.33790806649725, 0.029930982245001188], [0.47364690507267715, 1.7207665078954162], [0.41854168100744105, 1.8307497851782852], [3.556360417549766, 0.013034448138378039], [1.5218510981101163, 0.5873179317648073], [2.722898079559858, 0.1224155765183017], [1.9970842340923474, 0.34435500428860966], [0.15152766169704182, 2.594465496222371], [1.7279546268580017, 0.4698871082987328], [0.08140477496128286, 2.9401438935759066], [0.09349544198846547, 2.87041446682147], [0.6846198965549816, 1.374949468116569], [0.02780782113140969, 3.3607807316496143], [0.0121457720838233, 3.5713143379265335], [3.7770018475698373, 0.0031977877084494086]]",23.47
SCH1,MGPSO,17,100,0.019050,0.003486,15.829495,0.004616,0.108343,100.0000,100.0000,"[[0.23121236615710608, 2.307830485584843], [1.123161856234561, 0.8839886231910024], [0.21281475987477014, 2.3675407536642235], [1.2483120814376818, 0.7791965869574923], [0.19519882939355634, 2.4279463657379243], [0.050380155842282275, 3.1525591862294555], [0.890794478176306, 1.1155181107005558], [1.3768171062190901, 0.6833031028836956], [2.1346150089483666, 0.29048631912865447], [0.9271026117452054, 1.0756558981162494], [2.0705423667440086, 0.3147906462556988], [0.38147272598122245, 1.910933591359073], [1.2910946523087068, 0.7460408091799691], [0.003853541969832656, 3.755545927271204], [1.0841701335284325e-10, 4.000041649504735], [4.000000592698679, 2.1955731079403502e-14], [0.9643036054323069, 1.0363451424496712], [0.033900037106139154, 3.2974215284596027], [1.082451729844246, 0.9208141101675957], [1.5119634549268748, 0.5934865281913232], [0.3346303843006786, 2.020740553558761], [0.04173289178072749, 3.224587697527197], [2.0073793349460285, 0.3400987384750494], [0.08118472270626573, 2.9414674054296297], [0.2702443658036831, 2.1908430450243275], [0.11863036522590664, 2.740920002481071], [0.10541252013164151, 2.8067207468050124], [2.405575550372152, 0.20160836751613428], [0.6448590120774064, 1.4327344514106657], [0.1470079090338158, 2.613343491848279], [2.2676931534723552, 0.24414847815386936], [1.0028671050187938, 0.9971369992452281], [1.4660473442341022, 0.6228296630075362], [1.3336362108935989, 0.7143094878421127], [0.6786736234435433, 1.3834076288542305], [0.5795768138514134, 1.5343791155693112], [0.548540054502036, 1.586000456111396], [0.020658506316087656, 3.4457358149414974], [0.611900448327862, 1.4829378130051276], [1.7688252831599398, 0.4489376404968885], [0.40645836117298545, 1.8562948803804762], [0.3577046777284663, 1.9653679866133844], [1.714249451409826, 0.47707547849683746], [1.0421467720986992, 0.9587231651753142], [0.09289335969025696, 2.8737568804377855], [0.13249835164644921, 2.676485430569446], [0.006818795606162359, 3.676514799719649], [1.164562714771644, 0.8479664357172425], [0.16225799695440438, 2.551007565993882], [0.0017125506867514467, 3.836180647453498], [0.059834009760652875, 3.081394355939097], [1.8265557409062747, 0.42055057493571346], [0.026877039774141555, 3.371108302804877], [0.25033567792514577, 2.2489934166409014], [0.07011875360352056, 3.010920916721133], [3.4992103839797797, 0.016739793080242118], [0.3123901336555449, 2.0767152604933674], [2.9924425880348924, 0.07297140820053467], [0.7127647239068952, 1.3357489432937333], [1.8855721196290949, 0.3929266810389142], [2.843292769698654, 0.09846628451918248], [0.010606626781648951, 3.598652711268781], [2.336149680279448, 0.22236240196568835], [3.7131604929915367, 0.005335385487826145], [1.2063078073229938, 0.8130260138151041], [3.784129435686235, 0.002993852046803259], [3.065355019256872, 0.062092900207639086], [1.6124910444708809, 0.5331351097549356], [1.4213839016880103, 0.6525116632014135], [0.7828774867451306, 1.2436629145664264], [0.48826277459023804, 1.6932306829240602], [0.5180491109261005, 1.6390239677886516], [2.917841056233906, 0.0851653797699268], [3.855118403309696, 0.001336228271026391], [0.00042940959510430823, 3.9175406074462678], [2.2007815179310017, 0.26676902326130914], [3.284107305926708, 0.0352648538639424], [3.355610695758769, 0.028280272464054228], [2.4769581668508858, 0.18161618490787368], [3.9272189419180568, 0.0003341142768156885], [0.7480294569666446, 1.2884816091307003], [0.17833553249514075, 2.489143856005391], [0.8538076529497192, 1.1577391407065403], [3.2098847535837454, 0.04342425642477995], [3.4274894940884715, 0.02209741092261499], [0.4324331016994385, 1.802047269318376], [1.662420041783074, 0.5050252858496886], [0.817796356584242, 1.2005126097172822], [1.562139318802444, 0.5627164420256551], [0.4599961151786833, 1.7470755776658478], [2.5493146340726573, 0.16268530827313055], [0.015226581836925806, 3.5216424356259552], [2.768415223975768, 0.11299310486023537], [3.1368719342191578, 0.05238529456018215], [3.6411957644681783, 0.00842875430136379], [2.6954036662912753, 0.12832983842391954], [2.6215229693308566, 0.14507583303045246], [3.5699672059334144, 0.012224467857803624], [0.2909747214414395, 2.133291810756222], [1.946074692262468, 0.3660034493302159]]",23.17
SCH1,MGPSO,18,100,0.019030,0.003829,19.370470,0.003657,0.088160,100.0000,100.0000,"[[1.047712746347066, 0.9533991357948584], [1.6234763632411329, 0.5268478882727909], [0.9704265347708585, 1.0300173483622013], [0.0003559873640776148, 3.9248854777246045], [4.0000010696106605, 7.150417569539074e-14], [1.008608211236302, 0.9914286807969627], [0.4106710700626309, 1.847326161354071], [0.4622432992660246, 1.742704222831124], [0.5778774890615921, 1.5371473423722362], [0.01759097500137854, 3.4870670829644066], [0.18945677908649391, 2.448391454239691], [3.5208115733459047, 0.015281267395866438], [0.023010361953211576, 3.4162436924241533], [0.1376306422987543, 2.65368648001364], [1.7488737521753377e-11, 4.0000167278326595], [0.6437135476865417, 1.4344431067631427], [0.008951804993638299, 3.6304958895976536], [0.6783932749522116, 1.383807959736443], [1.8542593124826323, 0.4074116920950271], [2.0324620677719354, 0.3298843099197055], [1.737389098588573, 0.4649868399006827], [1.6797864559390585, 0.49552341332394295], [2.0912916357894566, 0.3067721075458786], [1.5683243421685027, 0.5590140628290363], [1.7952419666860766, 0.4357763714072688], [1.3604137191253123, 0.6949427347546029], [3.6775797320004187, 0.006773013538096545], [1.4097087155773036, 0.660462517575261], [1.2644299482553476, 0.7665549864444302], [0.3152370788397847, 2.069397979207633], [1.9727693124195367, 0.3545570523929909], [0.6101787273324065, 1.4856212166889384], [3.2181722777448063, 0.04246628851162837], [3.598791068320218, 0.010599116799520747], [0.27062978495802925, 2.1897461843382184], [0.7846828973075871, 1.2413897458845509], [0.10852068128914255, 2.7908215879350187], [0.4360916441633182, 1.794602233506313], [1.088690688102372, 0.9150770249037822], [3.291997755274856, 0.03445243441066618], [2.50077421576365, 0.17523965714977738], [3.443404705215878, 0.020839428746155516], [0.748666624581349, 1.2876456779094592], [0.821123916437055, 1.196488395037299], [1.2184422001347344, 0.80311942573242], [0.29261936789264603, 2.128847225017538], [1.1307935916534175, 0.87724243215684], [0.8585375672255119, 1.1522454746337543], [0.24919536302207035, 2.2524165048724942], [0.09562948182049566, 2.858668807777893], [2.6795571606392725, 0.13181597987866148], [0.3383370161221761, 2.0116672376716935], [2.9360442718850774, 0.08208860014622096], [2.741309378631865, 0.11854937557348448], [3.8372277535509216, 0.0016904996789992872], [0.061930364474327974, 3.0664978797777276], [0.08354950491563591, 2.927352255891848], [1.173907704872981, 0.8400268484156077], [3.7571308341035183, 0.0038029456638521055], [0.3859987381610255, 1.900846869446277], [0.22852900149866412, 2.316340719979654], [0.17110890542614898, 2.516496417011299], [0.36180728478626745, 1.9557905440755383], [0.5473065625062463, 1.5880997430865658], [2.3264158591096544, 0.22537875499739782], [1.4613151263445465, 0.62592041427473], [3.9182866839174957, 0.00042163438047222723], [3.0048989472074226, 0.07104120744099716], [0.7126742961436607, 1.3358727416695795], [1.3118962203345936, 0.7303746908257015], [0.932691840193951, 1.069652953112536], [2.1503850489884333, 0.2847085505941575], [0.20857951571813793, 2.3817592586894927], [3.0741639369332465, 0.060846391653270805], [2.3844578698947383, 0.20778190961352788], [2.2675870548088066, 0.24418329306902878], [0.48989140141680165, 1.690201700276901], [0.02923274618288251, 3.3453292888688257], [1.913004942944279, 0.3805480667356208], [2.209806012150012, 0.26363949964801237], [0.1538502410714998, 2.5849003192626503], [0.07237503534304779, 2.996270688409738], [2.6186117829950333, 0.14576167443230434], [0.8953041627389584, 1.110483611666116], [2.8047954012772673, 0.10578604015257356], [3.145386577259785, 0.05129148090277607], [0.0032183065706372083, 3.776297824616726], [3.3673481173547968, 0.027213930728727454], [0.03627463566749126, 3.2744385833046086], [0.5183692570741546, 1.6384546553565142], [2.5594553762667425, 0.1601361921450535], [1.5140637509517172, 0.5921718367354496], [2.4424404900914722, 0.1911168029462005], [0.12264082344337962, 2.7218363491879347], [0.0526409008647646, 3.1348967023888314], [0.044144513949427824, 3.2037206785004053], [0.012910194369378482, 3.558418049321683], [0.00572715026898644, 3.7030153990868047], [2.8699075825017824, 0.09358694958980969], [0.0014296266856932787, 3.8501880088317026]]",22.98
SCH1,MGPSO,19,100,0.019086,0.003458,15.796157,0.004139,0.113399,100.0000,100.0000,"[[0.8045521661268948, 1.216678888260142], [1.4985035878492576, 0.6019683428430378], [0.5318237565748888, 1.6147738589560254], [4.000013622827352, 1.1598819316165653e-11], [2.60156825274919, 0.14981716920706065], [0.006434765172697411, 3.6855668129506682], [0.2478030495142926, 2.2566102431219326], [1.5424149908299258, 0.5746549469792959], [2.282605066151608, 0.23928800857257285], [3.936560766224852e-14, 4.000000793630761], [0.562212050320599, 1.5629800144271464], [0.6935613641026025, 1.3623480977923168], [0.26995625698702275, 2.1916636616597036], [0.4742782435950607, 1.7195637579321688], [0.8431636631610835, 1.170205916252288], [0.00040353810316890625, 3.920050506730964], [3.1509906261554956, 0.05057866497409318], [0.11952129513580359, 2.736647214760856], [1.370657857624534, 0.6876539368496918], [1.8280250311809658, 0.41984599393603994], [2.4719850743847007, 0.18296597836064654], [0.048625659133010805, 3.1665765980665794], [0.39277473390673034, 1.8859050239880661], [0.41952843750447505, 1.8286878403098887], [1.3289299589575454, 0.7177609809953708], [2.6669356952284025, 0.1346335647651735], [0.16858009731257767, 2.5262398289755796], [3.22508817858324, 0.04167597703641241], [0.032382472531010786, 3.3125772485320653], [3.007337857532889, 0.07066677404289669], [0.01003516538273931, 3.609332474945267], [0.5026262167816612, 1.6667807575743758], [2.3450951756708185, 0.21961374065421277], [0.1868979288554529, 2.4576302047342726], [1.880038813911438, 0.3954585179741994], [0.04004229143971223, 3.239619488768901], [1.5870284704711188, 0.5479357418603522], [0.9615690952351588, 1.0391839122422213], [1.7769054124092172, 0.4448807876960609], [1.6329175115682149, 0.5214910780673435], [2.8681389141671385, 0.09390666049630528], [2.937482167896434, 0.08184837616405008], [0.1512348596133436, 2.595677803824808], [0.10530718724691704, 2.8072644314215656], [1.4554652965498163, 0.6297586389920798], [1.1642394372775937, 0.8482423338909963], [0.02559499599262693, 3.38565754914174], [2.536291654743124, 0.16599601985379933], [0.44661738159301695, 1.7734398518564913], [3.4516026257051147, 0.020206928308707364], [3.375471116846631, 0.026489019335024164], [1.12312458472539, 0.8840216895828058], [0.36651097769393026, 1.9449049727660261], [1.7276992943753269, 0.4700202712696723], [0.07979048622225482, 2.949902093700198], [2.4083598807869593, 0.20080334922066598], [1.2048533062864206, 0.8142209030234544], [0.20612765408246234, 2.3900763152378257], [2.04420181415859, 0.3251783812167875], [3.68321244781456, 0.006533532747644179], [1.412846626786326, 0.6583176250258765], [3.528351268484899, 0.01478884472355888], [0.29311401706343093, 2.1275138062639183], [1.0826322805161166, 0.9206475991101571], [0.8819614749503208, 1.1254493161512662], [0.6256790768897661, 1.46168393937197], [0.09202159189743947, 2.878619156446187], [1.0014702903411696, 0.998530789741802], [3.2998022791960677, 0.03365911606357386], [0.22648643420540973, 2.3228627982714167], [2.8000814258651983, 0.10670389177650974], [0.13492063253547618, 2.665658872137548], [1.9888798306844209, 0.3477737963192864], [2.733045375290445, 0.12027545606241247], [3.605182285687683, 0.010255257005779476], [3.920167025902309, 0.0004023567699651394], [2.161061559698866, 0.2808417546931164], [0.7664417548875354, 1.2645753841931076], [0.3412373124810423, 2.0046164618301123], [0.019630845496341975, 3.4591903687805075], [0.058095739852707336, 3.093973425183392], [0.7296985551017748, 1.3128027589692095], [0.659139017200098, 1.4116439401905008], [2.102690299796663, 0.3024278232576394], [3.84084747974118, 0.001615395164344365], [1.2872448967140415, 0.7489722795804404], [1.0415548472657805, 0.959291068888336], [0.0036210644046212157, 3.7629199416944443], [0.014439211139095985, 3.5337861364318437], [0.06857584852471349, 3.021096217985095], [0.5933418359000511, 1.5121944239119756], [3.7611193179186673, 0.003677143677297121], [0.0016104748803424166, 3.8410875852805137], [3.0790133883186033, 0.060166316819064446], [1.2459097317581889, 0.7810966664517563], [1.9348130545377886, 0.37091074836771915], [0.3163855922479591, 2.0664590432318923], [1.6799198549701215, 0.49545096418468787], [2.221057296420635, 0.25977247326965924], [0.9213552169646307, 1.0818652154886417]]",22.18
SCH1,MGPSO,20,100,0.019040,0.003740,15.136306,0.003326,0.083683,100.0000,100.0000,"[[3.999981135041511, 2.2242968626701232e-11], [1.1977090629085, 0.8201132608116458], [8.407376145348872e-12, 3.9999884018181033], [0.9578223649284471, 1.0430863790853206], [1.3774057046546877, 0.6828885543531784], [0.005870749916170099, 3.699387473604523], [0.013173742905363444, 3.5540660360589036], [1.5294539218839867, 0.5826102059228905], [0.17884223760316742, 2.487252511442986], [0.0091595987182056, 3.626336428715018], [0.9207353639132394, 1.0825371117887048], [1.034692671066125, 0.9658989017706104], [0.37114110491708524, 1.9342870512911066], [1.115032845651287, 0.8912282182542537], [0.45469843556037437, 1.7574452088562167], [0.23420365767937207, 2.2984199603438578], [0.21477519463727293, 2.3610214045679534], [0.0710384257780476, 3.004917038482604], [0.7790207151248769, 1.2485347086382304], [0.04405257195290237, 3.204504389150725], [0.1464268130017684, 2.6157965480362892], [2.1410258909919584, 0.2881279544248655], [2.0231259294276684, 0.33366067592249427], [0.00036721534356369014, 3.923715760712754], [0.036438869150542286, 3.2728801573223834], [1.1559209491905407, 0.8553703812924429], [2.39218913929486, 0.2055077810287208], [0.029543381743300134, 3.3420158492816525], [0.8483355120118442, 1.1641302799177489], [3.430838296770306, 0.021829405675296905], [0.8841755735168149, 1.1229511483769057], [0.0014686024444549176, 3.848179205840258], [2.327121300428162, 0.22515925475378795], [0.023367402278256243, 3.411911405127112], [0.017911593208248568, 3.4825747914357787], [1.0744992334722356, 0.9281770395809107], [1.7433526354916904, 0.46190944561763414], [3.2085546394243196, 0.04357911742920856], [0.3978949268565526, 1.8747384058089898], [0.06133205270521689, 3.070719694977195], [1.9660457524050865, 0.3574156131927152], [1.329835752952948, 0.7170955643831247], [0.7449574308659195, 1.2925207704976645], [0.8132918115153202, 1.2059840918655087], [2.9963627121272687, 0.07236073393313341], [3.666867843409675, 0.007240861985919014], [1.2405383877299245, 0.7853600294956785], [0.25454413931393427, 2.2364494366245515], [0.6115865917809901, 1.4834265145957066], [0.4257806803473215, 1.8157057991308565], [0.1049383513998674, 2.809170771006733], [1.635450543416003, 0.5200611452708288], [2.4581683897976334, 0.18674955218503664], [0.6778590209053734, 1.3845712511400325], [2.202278858528074, 0.2662480519664045], [1.8530968739276927, 0.40795684057289533], [0.6445122126191849, 1.433251494161875], [2.859214955507334, 0.09552962219108464], [1.7976667654493506, 0.4345829280299122], [0.11784543292819215, 2.7447005291212143], [1.9096357376605284, 0.3820529203190772], [3.0661179916705614, 0.061984364538010595], [0.09277508828302224, 2.874414955757193], [2.656545278711763, 0.13698053408438812], [0.546750967286082, 1.5890465404412846], [0.19641840507762887, 2.4236537615780858], [0.5785349727707004, 1.5360755130027959], [0.7107217240358858, 1.338549192184324], [3.281072631250611, 0.03558009450683379], [0.05233651439257692, 3.137249507446663], [3.7485932280839753, 0.004079579742744264], [0.16224942676023285, 2.5510415481288855], [3.508550041311486, 0.016100464505261276], [0.5153586197221847, 1.6438193259713652], [3.586994583649141, 0.011249515447185207], [0.9957934905939791, 1.0042153754240322], [0.13169647147283803, 2.680096132686226], [2.5234346778977286, 0.16930571742142608], [3.355368272459923, 0.02830253238642698], [1.582299844868429, 0.5507198228579608], [2.081079132994356, 0.3107007980920686], [1.4779654873353263, 0.6151013315763747], [2.7234090077000292, 0.12230727214099699], [0.2758176791632655, 2.1750837915391696], [2.2641286458578476, 0.24531993202372526], [2.92765597490781, 0.08349820360205491], [1.4272271276254003, 0.6485626654554099], [0.003302216453747187, 3.7734425565306653], [0.34596775532361473, 1.9932068058904098], [1.6892592937361863, 0.49039896672421884], [2.5895415777294333, 0.15272052664599245], [0.2981232800089564, 2.1140966134722805], [3.9151134764498465, 0.0004552006177468749], [0.08160380655199073, 2.938948607101233], [0.4845470510795908, 1.700170492983784], [2.7910973249499955, 0.10846631619304577], [1.2838388889435772, 0.7515743089463728], [3.831293811973426, 0.0018173932354005817], [0.32157324167925844, 2.053276112362172], [3.136805825595987, 0.05239383803231961]]",21.62
SCH1,MGPSO,21,100,0.018958,0.003453,17.440252,0.003584,0.084648,100.0000,100.0000,"[[0.7504701787215091, 1.2852829024629595], [0.23675076962297023, 2.2904691060481617], [0.2180295453670693, 2.350284186418717], [2.726148016996384, 0.12172765848329614], [3.6008971223608617, 0.01048514686349828], [3.297048421488479, 0.033937879591456235], [0.7850392305018125, 1.2409416460624394], [0.5560515335681091, 1.5732970118064298], [2.1113032112780363, 0.299173534434222], [0.2000361904720449, 2.4110199670820167], [3.1502477606671877, 0.05067283179468488], [2.795114577548638, 0.10767611123149301], [2.1667407302314428, 0.2787995209713601], [3.2231822417837095, 0.04189295165346491], [0.12138265020551306, 2.7277821323783247], [3.9999913672404386, 4.6577886288350845e-12], [0.979537109790175, 1.020674425048154], [1.262552822115034, 0.768017790118894], [3.6790411733509694, 0.006710447058240666], [0.16622733446791285, 2.5353878722624494], [1.2114857432782429, 0.8087852205931163], [1.8426227403575888, 0.41289311120279815], [0.5867968192708729, 1.5226902433936615], [1.269859485917984e-10, 4.0000450753438725], [3.5235953347819997, 0.015098457476130075], [3.0062854515419133, 0.07082820456312358], [0.1504966596155669, 2.59874070140272], [3.078022131850147, 0.06030497385622054], [0.27647799075635593, 2.1732310123675376], [1.8956201073864196, 0.3883592893224418], [0.38970526143545137, 1.892650159326725], [1.790113197583811, 0.438308720462008], [2.8647148328919396, 0.09452744063527964], [0.496895534656721, 1.6772628361465876], [1.7372879243470483, 0.4650391831026851], [0.8215234670067635, 1.1960061974149865], [2.0021606771270335, 0.3422515935787354], [0.009682759916874202, 3.6160786965867464], [3.83796438577021, 0.0016750743471459063], [0.25622528343621537, 2.231477265785761], [0.18279630193390536, 2.472608934730392], [1.3144071970787736, 0.7285032345801717], [0.04526937081563052, 3.1942053702551036], [0.3653680001024592, 1.9475408760840058], [0.006207818292651405, 3.691048981065417], [1.1141161030737188, 0.8920481679050412], [0.053671029945843676, 3.1269906755984023], [2.4645337475721574, 0.18500032850712958], [0.03759041978338815, 3.262060461281326], [0.09557889807479332, 2.858945415915793], [0.46876148073328433, 1.7301151560442876], [0.0034962148876251284, 3.7669810183314585], [0.526063888679909, 1.6248534139162205], [2.5279684594190175, 0.1681339214216428], [0.8980526281026486, 1.107427079510124], [1.0680671897735072, 0.9341737421413461], [0.3419177727697466, 2.002968358114537], [1.161862841345082, 0.8502731737721911], [0.31948496445463404, 2.0585649235699184], [1.4723675737115387, 0.6187214000206073], [2.28218045006992, 0.23942551534695716], [3.7580581520306, 0.0037735020780590863], [2.4025669567883994, 0.20248056153434696], [1.3665944378739534, 0.6905372305695716], [0.0003921886055510358, 3.9211771793660355], [1.9484515456290523, 0.36497371097574033], [1.631409103860869, 0.5223440561467666], [0.6833590950408356, 1.3767376288531243], [0.6504663882261547, 1.4244065295721844], [1.5256635434318417, 0.584953402681884], [3.9185786148085686, 0.000418611566837086], [1.41890252563522, 0.6541947266024692], [1.0235608077091356, 0.9767135257690115], [1.5772902651723506, 0.5536815779080241], [0.024328063845860906, 3.4004298177080994], [3.371742194857813, 0.026820471808274078], [0.1080821119808273, 2.793048351314115], [2.056610475588997, 0.32025556942916694], [0.01878199037514773, 3.470592382664126], [0.8593921201903679, 1.1512559410505179], [0.44156631384927764, 1.783548063048798], [0.06303350513062825, 3.058774533505255], [2.2239659435032135, 0.2587790146592048], [0.6181328146387336, 1.473275896713891], [0.297600191431541, 2.115490418091837], [0.41520817277218036, 1.8377422148292075], [2.6588820150005743, 0.13645054813109178], [0.030598594750663986, 3.3309004341052155], [0.13553189417412437, 2.66294562954105], [0.9381826576043708, 1.0637894765152427], [2.593060625738143, 0.15186741238005524], [0.01383810876291953, 3.543296144421042], [2.3414851777104424, 0.22072028732565663], [0.716573461717066, 1.3305469722351753], [0.0015581007067311443, 3.843666963185658], [0.07308137097907119, 2.9917387168378693], [2.935041682538171, 0.08225634221043421], [0.08397712829205503, 2.9248248291212864], [3.4473514873641156, 0.0205336090379041], [1.6838701549123274, 0.4933092527942106]]",21.96
SCH1,MGPSO,22,100,0.019130,0.004136,17.316692,0.002396,0.096733,100.0000,100.0000,"[[1.0416406325368945e-10, 4.000040824423044], [0.4684976436080621, 1.7306221355308606], [0.2778521057754836, 2.1693849629421553], [0.49520542383015087, 1.6803720750717535], [3.2408271386564484, 0.03990815435290506], [0.8537864657376032, 1.1577638126953294], [0.4427040855728922, 1.7812636167353353], [1.5840064923914878, 0.5497137040980016], [0.3926436145555606, 1.8861923716846825], [0.12054875759445945, 2.7317434719221474], [0.7440345938660229, 1.2937369977366158], [0.9672216712196325, 1.0333245272269074], [3.1703725072205784, 0.04815655180829856], [0.9285918965857638, 1.0740529688575429], [3.3118558122191097, 0.03245384533297305], [0.06124911292288809, 3.071306787953292], [0.07151442705245528, 3.001827167691438], [0.5510970406908566, 1.5816606209213229], [0.3217858112804678, 2.0527390994458514], [1.6900916932797945, 0.48995062860888383], [4.000008424554933, 4.43581569250284e-12], [0.8909364823385089, 1.1153592129112042], [0.094378758307132, 2.8655337180705236], [0.6755131946345708, 1.387928805732419], [3.100396099484531, 0.057219430413074535], [1.1810141600700752, 0.8340351445788338], [0.16583826798023765, 2.536908469712736], [2.7550376822777887, 0.11571520807572451], [1.0064066838516064, 0.9936137734679044], [2.6866060615602123, 0.13025822263621295], [3.6823520462613, 0.006569822918795608], [0.8162140405458483, 1.2024314448805289], [1.7989746049127207, 0.4339402454138432], [2.2442567126724056, 0.2519193220744355], [0.3684338527445668, 1.9404837618421469], [0.14996578870886745, 2.6009491266481004], [1.2280474076725094, 0.795355390087693], [1.1346704519973134, 0.8738340045427747], [0.0040361296543910295, 3.7499139651935622], [1.3259139282515457, 0.7199804884345165], [2.5528381819383035, 0.16179672447514162], [1.6367186384094397, 0.5193464402445422], [0.4171719493410398, 1.8336179651060216], [0.2993714501032723, 2.110777563231531], [1.4270746854851302, 0.6486654347237345], [0.5228178825360399, 1.6305720215178865], [1.478796375432184, 0.6145655002665177], [2.1865995894349632, 0.271737508966864], [0.13486829481667997, 2.6658915362983975], [1.3761026895571347, 0.6838065530250258], [0.10705452700517551, 2.7982870029265836], [0.05167750189259215, 3.142370056480715], [2.3634558632454112, 0.2140417601030168], [0.0004494837682415596, 3.9156453547893713], [3.83933829402922, 0.001646497047948047], [1.276793341435059, 0.7569821215984446], [2.4881605594894127, 0.17859885111135743], [2.619416340166443, 0.14557193033830063], [0.19981420312817075, 2.411790923064197], [1.9626035807611717, 0.35888541402769947], [0.25699848588434676, 2.2291977624034742], [3.7604265879279297, 0.0036988366885660554], [0.6429477123874326, 1.43558689729367], [1.0898447851396063, 0.9140195299075702], [1.9075650382758143, 0.3829799305584005], [1.7437642990410285, 0.46169758376220166], [1.0477185326851466, 0.9533936160520826], [2.0736466660291275, 0.3135818524644364], [2.0174629276831246, 0.3359660436806355], [3.030142626576146, 0.06722068063862625], [0.1823691195373034, 2.4741812163495847], [3.91918662906861, 0.00041235112017488164], [0.04294306989461811, 3.214034680315957], [0.7092455592043596, 1.3405768388832664], [2.4255643000409566, 0.19587499794447844], [0.007131357910437006, 3.669341887134641], [3.5307364216731667, 0.014634855916443432], [0.021386556594681864, 3.436420826389134], [0.027770000354646673, 3.3611966692992055], [0.580894824639801, 1.532236563332572], [2.8228149176781883, 0.10232098621370014], [0.015816952858665276, 3.5127550821721223], [2.96019890614659, 0.0781074726980747], [1.852067005819421, 0.40844026502328734], [0.23717552743440606, 2.2891487209067094], [0.01108278588070014, 3.589983540938131], [1.5311387603370425, 0.5815710857423532], [0.0017943640971657027, 3.8323546239101263], [0.7798601489842116, 1.2474725168368868], [3.3838597482912944, 0.025751569373243827], [0.08255294713965204, 2.933271800407299], [2.303387937566403, 0.2326213466767114], [0.21806260363924784, 2.350175653572953], [2.891485478988376, 0.08973808116375406], [3.606001935179064, 0.010211590332451271], [0.6117833137543299, 1.4831201775139835], [0.34467478436209154, 1.9963143882998806], [3.4568041091944344, 0.019811051035044786], [0.03497817116520093, 3.286880090267238], [2.1298680400163192, 0.29224107006858985]]",21.70
SCH1,MGPSO,23,100,0.019087,0.004002,19.694222,0.004579,0.090554,100.0000,100.0000,"[[1.9797734977646826, 0.35159653144291264], [1.278891425781867e-11, 3.9999856953761936], [3.9212062933673377, 0.00039189749380459584], [1.1123964777588167, 0.8935881573748404], [3.7660040467801617, 0.0035260436884564966], [2.0324559305327234, 0.3298867824623929], [1.018445072501833, 0.9817234868547218], [1.1609443707153848, 0.851059229386656], [0.09344292266562515, 2.87070551723059], [3.6894121902993975, 0.006275132769422652], [1.927673761146813, 0.3740461018281755], [0.7660434661818076, 1.2650871027135453], [0.042314380615202395, 3.2194959985628575], [3.999996021157391, 9.894497738802548e-13], [3.6136264598817385, 0.009810091892055377], [1.8242148708573962, 0.4216749187868574], [0.26538858687295813, 2.2047533959749357], [1.875599925745162, 0.39749817313754976], [0.22929777052749523, 2.3138958992639416], [3.317744383883129, 0.03187380157588739], [2.7622003087417912, 0.11425288567437801], [3.538526091768651, 0.014137912767090739], [0.3692285948354821, 1.9386612706562663], [0.2470129067165906, 2.258997185585229], [0.8047804810295011, 1.2163981579663612], [0.16343548060966884, 2.5463493079662007], [0.14800955625133172, 2.609129151534543], [2.628786439164341, 0.1433733430979496], [3.1752726173254846, 0.04755475834651448], [2.3137295044946873, 0.22935015472408007], [0.05095130106631395, 3.148055505826895], [0.0039020570575655452, 3.7540362672402146], [0.9294173397645458, 1.0731656057315182], [0.47222299501282927, 1.723483662117608], [0.3464470841674048, 1.9920568559600083], [0.6240080310243525, 1.4642408724524365], [0.006930409131187297, 3.6739340936876124], [0.010816865660901, 3.594800218668961], [0.07060757714073466, 3.0077241243333472], [0.11934491577281975, 2.737491576099931], [3.3905552592175363, 0.025171077283739785], [0.5006999104046183, 1.6702938323879157], [1.514029253070558, 0.5921934117275203], [1.0649647972355873, 0.9370795328696556], [1.3111726205512513, 0.7309147753180792], [0.17929665905190265, 2.485559210439975], [0.2120589949515061, 2.370064445767362], [1.260201986750917, 0.769853248844843], [2.695000903508451, 0.12841773902060483], [2.255290776233992, 0.24824055006275805], [1.210149307233876, 0.809877847909802], [0.5300378366868476, 1.6178899374568718], [0.0017344870693052127, 3.8351457926483348], [0.10599858344627773, 2.8037016376077166], [0.30417776694802007, 2.098085232359246], [0.9735234924620019, 1.0268317285422466], [0.7286091052673279, 1.3142649977882286], [2.435900332228115, 0.1929518849277659], [1.41260615857127, 0.6584817873394531], [3.246061637964505, 0.039329631886293674], [1.6174431815552381, 0.5302935960915072], [1.5653325955995279, 0.5608024948215891], [1.7205825751899564, 0.4737434121281323], [2.9666223864576957, 0.07706810600361601], [0.2844152121982547, 2.1511915026047026], [2.563376422220161, 0.15915728515726882], [3.8432031324469826, 0.00156745363916632], [0.0816122868351475, 2.9388977164535675], [0.6928199832000382, 1.3633876395113105], [0.03439766201608055, 3.2925333939337786], [1.6686894304619773, 0.5015789335409334], [0.020996626461682547, 3.441388117736249], [2.829822505989461, 0.10099199126913734], [3.464062504252628, 0.01926565893562179], [3.03518693624239, 0.06647177633821721], [0.1953487284431053, 2.427417831860978], [0.6581822945400869, 1.4130448995071139], [3.104454552723597, 0.05666959264021262], [0.591577633898319, 1.5150142683273926], [0.06036784963149161, 3.0775730622501865], [0.0004329276157580119, 3.917205276849151], [2.8979261275855968, 0.08860765644844865], [1.3615432952209932, 0.6941358003116521], [0.02727247807055848, 3.366697236989775], [0.845350643845058, 1.1676325603697997], [0.5602874996379206, 1.5661933137101083], [2.4989887206580974, 0.17571270813661663], [2.1412370067003517, 0.2880505149502702], [0.44505530141224015, 1.7765566930941015], [1.7721757885406897, 0.4472520692137138], [2.1979858937650967, 0.2677435462516709], [0.39360689841220103, 1.8840829645563757], [0.41892249280999894, 1.8299536083001864], [1.4627681203448846, 0.6249700752092514], [0.324999293175522, 2.0446509226829006], [0.13326328357631861, 2.6730535256233394], [0.8870305573678791, 1.1197385700265654], [2.0862592606448724, 0.3087037074443705], [2.3747293812441175, 0.21066658955340667], [0.015482771260647694, 3.5177636334224855]]",21.83
SCH1,MGPSO,24,100,0.019132,0.003922,17.714466,0.005681,0.094999,100.0000,100.0000,"[[1.2127699464783187e-13, 4.0000013929939895], [4.000008307972007, 4.31389544961447e-12], [0.437708268590371, 1.7913272874302626], [0.6634233781900101, 1.4053911421554797], [0.7628428773581938, 1.269207802292239], [1.65294596606151, 0.5102681172181509], [3.8445492238060472, 0.0015403891242479113], [3.6170356909313717, 0.009633305431972654], [0.6957028323660822, 1.359350734961296], [0.6311556938616231, 1.4533433800542186], [0.03499022003244646, 3.286763302233345], [0.8318676912092574, 1.1835964486413315], [0.36802723263901627, 1.941417308851458], [0.7288877366955884, 1.3138908425345681], [0.051652162608751634, 3.142567677128977], [1.4758939134340345, 0.6164389424579115], [3.6920285267242585, 0.006167714324118754], [2.6138874793752214, 0.1468789228629028], [1.71378375995613, 0.4773211983313378], [1.592965339937172, 0.5444561105710661], [0.18571135565935235, 2.4619417392228526], [0.7969611095487054, 1.226053976511039], [0.00045050570393674437, 3.915550027124674], [1.5339978664504692, 0.5798111659710143], [0.10795478642563053, 2.79369583826888], [0.2221978889837918, 2.3366830458333414], [0.46223470905424113, 1.7427209023476347], [0.30271810382228914, 2.10192514192046], [0.41382156586875385, 1.840662990518206], [0.04292932578555601, 3.214153594620064], [0.20363471938381028, 2.3985985673522325], [0.26130092730214954, 2.2165968321249543], [1.896196002228574, 0.3880986868521305], [0.24140264663167516, 2.2760929137633923], [0.16849125896143408, 2.5265837879439763], [2.85648596650361, 0.09602921684107252], [0.1365117562914873, 2.6586118609454608], [0.12185324969876096, 2.7255538565956288], [0.34582131885250234, 1.99355834425973], [1.2548908135562762, 0.7740144464936433], [0.09494508051051913, 2.8624186961404705], [2.9833157312176453, 0.0744046954984615], [0.015735164939937426, 3.5139756218926737], [1.308126437560065, 0.7331922302778401], [1.4184272205165493, 0.654517531168441], [1.8357734830439152, 0.41614473849852496], [0.0828099825912429, 2.931741035281879], [3.324580835919542, 0.031207585172486448], [3.3965206431284036, 0.02465993567777669], [0.4874360192951965, 1.694771286692455], [3.0488014072539777, 0.06447448792498317], [3.469055115172093, 0.018895261668714084], [0.011015316248670767, 3.5911998091759423], [0.39050278230708446, 1.890893909520514], [2.4345977954572082, 0.19331870160830938], [2.73319967485064, 0.12024308966045441], [1.7742237777853729, 0.4462241114409796], [1.9563357792095837, 0.36157282915054306], [0.00707210351895073, 3.670688904914723], [0.5413934208348008, 1.5982157616784913], [1.1092473512199923, 0.8964148575739564], [0.8671672502780706, 1.1422946344092904], [3.5426921864801044, 0.013875879537712917], [2.6734337794068805, 0.13317839673946605], [1.2041703037841345, 0.8147825491483981], [1.1554126708552699, 0.8558077199691635], [2.315849374814267, 0.22868336779357198], [3.1839917933058786, 0.046494424277007444], [2.794322316692867, 0.10783167756939091], [0.5704471011635789, 1.5493291593054226], [1.0654290386086356, 0.9366441546823527], [1.3630402273571105, 0.6930676752200245], [3.1155363110422227, 0.05518355946701806], [0.07156717834551236, 3.001485474208769], [3.7679175750902525, 0.0034677425880139646], [0.001785825329822863, 3.8327497188993744], [0.15208279706077119, 2.5921710197565737], [0.5141136020061513, 1.6460449779843305], [0.003997705321059547, 3.751088067037042], [0.9042908478720357, 1.1005225102951308], [0.06118122931104981, 3.0717876428264814], [2.136313355210232, 0.28986026950401794], [0.9826343904649538, 1.0175177153292447], [2.1964353514330393, 0.2682850814981899], [0.9430506703613257, 1.0586188295664314], [2.256574157392441, 0.24781500776104176], [1.0228360955362712, 0.9774217127343884], [2.0768720828625136, 0.31232931471513714], [0.027734075566236464, 3.361592041867879], [2.494383862660224, 0.1769364507252751], [0.6003859964796014, 1.5010028411285847], [3.921895628795911, 0.0003850366970418819], [2.374896632012219, 0.21061677851793553], [0.021317412134029334, 3.4372980681526255], [2.919985904024106, 0.08479940588188664], [2.0171368549421196, 0.3360991258758962], [2.553544679139509, 0.16161892345115425], [0.32383466588882115, 2.047575749547989], [0.2816777799708413, 2.158744790087868], [3.2538502266327005, 0.03847749709729497]]",21.69
SCH1,MGPSO,25,100,0.019111,0.003717,19.734730,0.003745,0.109294,100.0000,100.0000,"[[0.6711824389826097, 1.3941534455616247], [3.6125619878418034, 0.009865636844424886], [4.000000305866037, 5.847126813959201e-15], [3.173900423092845, 0.047722852369146036], [0.35308646444726954, 1.9762432994159056], [3.842321197194841, 0.0015853162256665595], [3.3171546812718056, 0.031931630441523064], [0.7030174400762116, 1.3491720290264737], [2.7699228196605694, 0.11268877581254569], [2.5240469310916653, 0.16914717598406445], [1.0420024021055082e-13, 4.000001291202584], [3.0341326626207885, 0.06662790109154965], [0.7363641093243254, 1.3038976857173576], [0.8818555319294369, 1.1255689998780027], [1.3717954083786754, 0.6868486067534096], [3.2451309518176443, 0.039432149544383246], [3.103546304173845, 0.05679238007648654], [3.53760612179901, 0.014196127070279292], [3.9207676573610053, 0.0003962949957225674], [1.3285433813464442, 0.7180451326163672], [0.9606503003719533, 1.040139516564408], [1.8302747355215663, 0.4187688666949362], [3.389994543337931, 0.025219414835574883], [3.4634215034567553, 0.019313494077251084], [1.4163731139741444, 0.6559141210212264], [0.16206754086107145, 2.5517630187978866], [1.6637180079178502, 0.5043102776947771], [1.8870527678560547, 0.39225119858197627], [0.07508497824050295, 2.9790194455974737], [0.19720968082196116, 2.4208778162337645], [2.117149374815743, 0.29697841538062636], [0.12989875121510547, 2.6882399776345864], [2.6446396887638524, 0.13970041001407776], [1.718117537048085, 0.47503823259641953], [1.20381185010366, 0.815077453759019], [0.37952010636050093, 1.9153119776164993], [3.764932048621256, 0.0035589241064903515], [2.290463325335902, 0.23675262813749418], [1.2449102769147307, 0.7818883824316115], [1.2860820346212416, 0.7498597567847746], [1.1626975247401847, 0.8495594101137871], [0.8070486376153873, 1.2136132059085372], [0.2366523773523398, 2.2907751875899853], [1.040714462536989, 0.9600979159117338], [0.08747036240633452, 2.9044548094648897], [2.706843031598925, 0.12584853945848565], [0.5205701052136161, 1.6345483306218411], [0.10082178228175198, 2.8307239449054213], [1.9446416617793327, 0.3666252949631395], [2.05945791204181, 0.319133305134204], [0.6400164610500654, 1.439975308689514], [0.9208297679798848, 1.0824347534356342], [0.7708413813431451, 1.2589384639078804], [0.8438528062177579, 1.1693943563936036], [0.9999606613258359, 1.000039339447945], [1.0808305761334778, 0.9223105006576308], [0.1791856858224954, 2.4859724762236786], [0.43464688499859006, 1.7975366939035269], [2.002175574359844, 0.3422454343530343], [0.2579164143271864, 2.226497543381319], [2.3479394110844307, 0.21874447395354418], [1.121780242749058, 0.8852151383295676], [0.06366540833753433, 3.0543852027451783], [0.579741088196159, 1.5341118574560573], [2.464957384449, 0.18488428366553858], [0.05317027390456861, 3.130823060284287], [0.30342742068516626, 2.1000575627260765], [0.6095695588097754, 1.486572129903308], [2.9000832768569924, 0.08823092748007136], [1.7737171497056747, 0.44647824054355645], [1.5612559691436547, 0.563246814860474], [2.966860538083397, 0.07702972671115027], [1.5112707460980346, 0.5939206530531482], [0.0037798925140889806, 3.757856570672862], [1.4636484444887585, 0.6243948747922773], [2.2324597361229737, 0.255892512543239], [0.1455793120587057, 2.6193850279194644], [2.8345418220603253, 0.10010278432561548], [0.327752846343822, 2.037764736876624], [1.6130573307884974, 0.5328095718090243], [0.03517029134906645, 3.2850205319109502], [0.2801831391014439, 2.1628900026597506], [0.4621215015641711, 1.742940737983578], [0.006757491263284677, 3.6779416458230827], [0.5501478728812037, 1.5832697213388691], [0.015376695880461344, 3.5193654721290413], [0.021097852492914824, 3.4400938594888757], [2.4060311690422314, 0.20147649487941097], [0.11490346523246897, 2.759006919134831], [2.5838898213959305, 0.15409688986735076], [0.00041828764012104194, 3.9186099614016707], [0.0016817869583087796, 3.8376434032399223], [3.688421696815057, 0.006316051287854796], [0.40679797195670414, 1.8555693363171488], [0.010610431943347664, 3.5985826281563185], [0.027689120640165925, 3.3620871898717413], [0.04372421830363842, 3.207310748267308], [2.174933562403077, 0.2758711794095532], [0.49092737255495167, 1.6882789891719725], [0.21657724052477198, 2.3550628440195096]]",20.85
SCH1,MGPSO,26,100,0.019122,0.003635,15.628093,0.003128,0.113534,100.0000,100.0000,"[[0.3594758550481366, 1.9612236412953405], [3.999991820535996, 4.181481237280804e-12], [1.9022839745815348, 0.3853515304324716], [0.20070453914619615, 2.4087021322451516], [0.8769702017547356, 1.1311027150334327], [3.920043708817207, 0.00040360707803061967], [0.15122575684918554, 2.595715515935623], [9.824738841262958e-12, 3.999987462234047], [0.7991017004993431, 1.2234021594319604], [1.7941658775774634, 0.4363067863695382], [0.8375440659205151, 1.1768467205055404], [1.2534408626905882, 0.7751539354103127], [0.5940403776707461, 1.5110797806582028], [0.2183250074889549, 2.3493145420759656], [1.2974879236648127, 0.7411948274475596], [0.5639873631890807, 1.5600236798158464], [1.4849531502173803, 0.6106069988368605], [1.2099726719775006, 0.8100223595716878], [1.6356310624314865, 0.5199593568874546], [0.725340007205887, 1.3186641912095673], [2.716668140891163, 0.12374085066122996], [1.5338974215731713, 0.5798729217174489], [0.1670087652378281, 2.5323405286206087], [1.5845019271774854, 0.5494219044926655], [1.9580118662093262, 0.3608527779441714], [0.09631577555668597, 2.8549244557437206], [0.08448769496966761, 2.9218170109345527], [2.2524049783884617, 0.2491991969567285], [2.3152290315613167, 0.22887835936200057], [2.510073137264405, 0.17278900317111975], [2.4443852620436424, 0.1905732891187865], [1.8476865033204564, 0.4105011971967722], [2.577681838030034, 0.15561757422197522], [0.4054315157468498, 1.8584913413513855], [3.8408963736384676, 0.0016143926012067097], [1.6877200392931255, 0.49122885497557595], [1.7407026238571182, 0.4632750325287548], [0.27535951742184156, 2.176371123278257], [1.4362682642059823, 0.642491858563379], [0.9568913752291909, 1.0440583857358934], [0.18347653944466283, 2.4701100780259138], [0.5358350037265261, 1.6078049390543034], [2.859779372171996, 0.09542648702829319], [3.006243798880683, 0.07083459811315164], [0.9165483530122591, 1.0870870791257943], [0.25542934575696047, 2.233828610668212], [0.004131189077720183, 3.7470338821227016], [0.028822615954774013, 3.3497336267373194], [0.001837362511228014, 3.830379495442819], [2.787850937413325, 0.10910741796199042], [2.0145052276837374, 0.3371745483116262], [3.3792548086224277, 0.026154990317304016], [0.6912210482999435, 1.3656328638130104], [2.6467212030402667, 0.13922250932973573], [0.33747192292492234, 2.013778576805698], [2.190939729050655, 0.27021041039315696], [1.1663503563213757, 0.8464422900377874], [3.7624759732357758, 0.0036348502476002678], [0.23647068343888877, 2.291340627370087], [0.31614064931685176, 2.0670852055650464], [2.13130790963178, 0.2917080471319117], [0.12224434144259803, 2.7237060105122053], [0.4813120391032506, 1.7062458010375698], [0.007340534428507826, 3.66463285891463], [1.0815071826236988, 0.9216856814076693], [2.0724810407891656, 0.31403536051860753], [1.3428074826216203, 0.7076246683255192], [3.6073109298239547, 0.010142057330512806], [0.016376401197916352, 3.5044951462503833], [0.9977863915289152, 1.0022160612177788], [0.29554772658554557, 2.120975670899938], [0.011405174727211307, 3.5842251241216374], [3.530732954868359, 0.014635079115692631], [0.38212122521815345, 1.9094830382829004], [0.07339094414849043, 2.9897604229947867], [1.1235787954255425, 0.8836188042453568], [0.04446903633628987, 3.200961726717317], [0.0534111157943393, 3.1289773146439113], [2.3795418899170007, 0.2092363676051589], [3.15427226917491, 0.0501638587691003], [1.0396090108478018, 0.9611602648703771], [3.6844866844868234, 0.006479980153388496], [3.0793063310707973, 0.06012537478161233], [3.454766688536921, 0.019965614090427377], [0.0004597494700408126, 3.9146926723328725], [0.5082279857508473, 1.6566235650757852], [0.06304043068097577, 3.0587262911331883], [1.3890667718713223, 0.6747196961946538], [0.658004263019105, 1.4133057857633708], [0.7618697965051918, 1.2704636694436222], [0.10889740373629427, 2.7889131387616284], [0.4299629207957645, 1.8071006040257378], [0.625242446016509, 1.4623515000204026], [2.932510277239372, 0.0826807584973214], [0.02214460570420578, 3.426902057437289], [0.03622296562323552, 3.274929691009721], [3.228950674067442, 0.04123818781153501], [0.13634242927524204, 2.659359400122953], [0.4554540904809242, 1.7559605365536715], [3.303619082189044, 0.03327484583924762]]",20.12
SCH1,MGPSO,27,100,0.019120,0.004358,18.275685,0.002381,0.090167,100.0000,100.0000,"[[3.999966250504287, 7.1189579133505e-11], [2.1722359921747496, 0.2768330479481216], [0.3115028962750855, 2.0790051156711793], [0.8136537876242466, 1.205543395467717], [0.35575918932177275, 1.9699371026714785], [1.9386662338540326, 0.36922642884091783], [2.453174792046261e-12, 3.9999937349568286], [2.483393078630898, 0.17987903818533327], [1.330274879192483, 0.7167731649758591], [0.15893641402690714, 2.5642632110067667], [1.8282403866085963, 0.4197427961739346], [0.1929413175696667, 2.4359378795779625], [0.6340733874317862, 1.4489243800996991], [1.7745756868040043, 0.44604765470507685], [0.8934756130664273, 1.1125220548931933], [2.4198248102351805, 0.19751037236217248], [3.026101694239067, 0.06782409789203198], [1.378030761320465, 0.6824485630060282], [0.2110471376043524, 2.3734524593170976], [1.9959450933588063, 0.3448282573925828], [0.7025737922837927, 1.3497867909160226], [1.7221506042445864, 0.4729211686118303], [0.11383960853676912, 2.7642345786897744], [0.6678637652901802, 1.3989464759353574], [2.5475506503762744, 0.1631313027753988], [3.6927718833893217, 0.006137370533311891], [3.0983134199154017, 0.05750276213980527], [1.6204737186814246, 0.5285605714544617], [0.33327834495074526, 2.024067761393688], [0.04580154102155278, 3.1897497573397215], [0.17555288598441965, 2.499591616816568], [2.053734697455126, 0.3213917943061862], [1.1032184027789038, 0.9018502393751702], [0.37897339892078447, 1.9165407840595063], [1.0600690836862317, 0.9416828294624118], [0.4820792018842574, 1.7048022567187022], [2.294767055193868, 0.23537163295066468], [1.2369310108239628, 0.7882350026454533], [0.10036557945253877, 2.833144497225519], [0.07594081201086814, 2.973646390282313], [2.2330193077587155, 0.25570311032198895], [0.2692007098700848, 2.1938184901521462], [0.00035149815740527734, 3.925358361681562], [1.191593351127744, 0.8251882373019663], [2.9544033545421904, 0.07905218731625398], [1.018264702686646, 0.9819005908916836], [3.171337569805532, 0.04803769426410481], [0.73875552796033, 1.300719977334758], [0.009018516433881069, 3.6291550370862384], [0.2901578337151692, 2.135505810895079], [2.6790423675235076, 0.13193018883158286], [1.1471239472314327, 0.8629690532409128], [0.9758726374253129, 1.0244219925601885], [3.466964815450479, 0.01904986915794872], [0.5399659965320455, 1.6006708523669129], [0.7757773708209297, 1.2526483733053868], [0.454852378981395, 1.7571425977591226], [0.013073719370691668, 3.5557122540819486], [3.9222840654024256, 0.00038119762887471603], [0.023586638895289946, 3.4092689504598686], [0.03757151137005317, 3.2622366276450587], [0.4284947269590352, 1.8101143819089576], [0.05496274951204357, 3.1171973245828153], [0.0014122849505820198, 3.8510907655020605], [2.814525775828696, 0.10390639955208164], [0.5705833575546739, 1.549104626721908], [0.08773184100028794, 2.902949390081721], [0.01794923615331822, 3.48205019859765], [0.22973741577482554, 2.3125001710924655], [0.8531272513493358, 1.158531736060907], [0.0031907856464143732, 3.77724262711745], [0.24906036257818612, 2.2528224505919976], [3.3180651431713164, 0.03184237065460846], [1.2830946867636777, 0.7521439048395524], [0.14301124350602518, 2.6303381472633496], [2.356872722360291, 0.21602884242288806], [0.4032062559316128, 1.8632652930535765], [0.005743332851064312, 3.702604213605413], [0.5106673595601648, 1.6522276185541318], [1.6710365698072194, 0.5002933817427115], [2.883822902253811, 0.09109396345013047], [3.7686342201902012, 0.0034460368270176206], [3.844984223338076, 0.0015316944188618399], [3.3924091732414046, 0.025011615632444292], [2.1123075671918135, 0.2987956273168282], [2.612737484090156, 0.14715168344977653], [3.616920691195058, 0.00963924122089999], [0.9343495152847779, 1.0678792587644401], [1.4256142431262098, 0.6496506869399447], [0.1279793081695933, 2.697011478093217], [3.541643045781339, 0.013941621541571518], [2.746300048854874, 0.11751427907184502], [0.6018259880393865, 1.4987282118437695], [1.8828129871770187, 0.3941876770622629], [1.5216360889398293, 0.5874515136490682], [0.03020080080667839, 3.3350656967392363], [3.244057392234139, 0.03955058914579545], [0.0650659090602852, 3.044745104134421], [1.4729925810999345, 0.6183163511543213], [1.5704109610323214, 0.5577694042763286]]",20.81
SCH1,MGPSO,28,100,0.018983,0.003758,17.098184,0.003123,0.082325,100.0000,100.0000,"[[0.35702692209997267, 1.9669577277878998], [0.38317699933823096, 1.9071253057317148], [1.9953510678563582, 0.34507522629767096], [1.286469265675671, 0.7495641255156151], [0.2621312527749977, 2.2141810472280063], [0.41017285268392806, 1.8483833135252468], [1.6687353040630117, 0.5015537836393109], [0.6193176620924845, 1.471448129618219], [2.2942243923641894, 0.23554547053419778], [0.24064851905205908, 2.27841094300961], [0.30780848163605085, 2.088588865154434], [1.7196891556988332, 0.4742123907916307], [0.3319797257856521, 2.027272453143325], [0.4959401686364872, 1.6790193855501407], [2.3556614829242095, 0.21639575103188877], [0.28451727136574084, 2.1509108545559643], [2.75153664109113, 0.11643406031228569], [0.6842859373917041, 1.3754228398509087], [2.418123919880201, 0.19799669303964254], [1.5706973803961992, 0.5575987292285217], [2.054267513691966, 0.3211810657939878], [0.4380032685596787, 1.7907306537814316], [0.005604149405502948, 3.706160681471993], [0.14911546458744213, 2.6044966011136483], [2.822120203058006, 0.10245330291123636], [1.0602896847963865, 0.9414749333488073], [0.04311385870264003, 3.2125587797089348], [0.09347016823007835, 2.870554516322207], [0.08175474163488931, 2.9380432980625915], [2.233579152257626, 0.25551370964811776], [0.651581584845114, 1.4227574401258911], [1.2402198892509426, 0.7856134837404534], [1.1485039778929884, 0.86177286359531], [0.9351273478667146, 1.0670480356152927], [0.8959604185436707, 1.1097529893741156], [1.8267909173978978, 0.42043774003643686], [3.6262356792425656, 0.009164662908199712], [0.5569284703462721, 1.5718228565462589], [3.8493341654082824, 0.001446128074128488], [0.165468165844226, 2.5383570284268657], [2.9659073283937425, 0.07718340778987783], [1.6193862015926055, 0.5291819595722828], [0.5878326428083731, 1.5210228533147423], [0.07089108440948022, 3.0058758964653447], [0.012642132193691044, 3.5628931854477797], [2.6821112168261423, 0.13125024522719703], [1.1041829552629379, 0.900978548598065], [0.10596718423547476, 2.8038631377908], [1.5220568270256385, 0.5871901386124433], [3.258658229304107, 0.03795662427529151], [1.379824740494753, 0.6811870817774894], [2.1729688397947604, 0.27657151289113946], [1.474254839518709, 0.6174989848046444], [2.1127259110781704, 0.2986383147952656], [0.201067674999403, 2.4074448606957803], [0.00034964147659608327, 3.925554831325508], [0.8214798013622779, 1.1960588848621752], [0.035520964811540164, 3.2816407110678556], [0.0515609225143491, 3.1432797104277035], [0.0031482146706318104, 3.7787124003937906], [0.01725292821335493, 3.4918513185720457], [1.9383400414759353, 0.3693688022240243], [0.4664804764383555, 1.7345054357372718], [0.022638345320627928, 3.420796567832518], [0.5258820895475674, 1.6251729637024614], [1.277434354217013e-11, 4.00001429649824], [0.11939518470021819, 2.737250852438391], [2.614254655333815, 0.14679190048620472], [1.3324268194132523, 0.7151950610311765], [0.22027597294830817, 2.342933285218406], [0.7860067729881506, 1.2397258523883163], [1.882087648111268, 0.3945196649533109], [3.924043921618811, 0.0003640476018794642], [1.1937501775260253, 0.8233951758795451], [2.893559043869864, 0.08937322175140687], [3.185202453261786, 0.04634825583005976], [3.331916114958115, 0.03050133155278924], [1.7720710954194587, 0.4473046661090294], [0.028744988117690315, 3.350571109320339], [0.7175156339772016, 1.3292638511789947], [3.405502083845107, 0.023901082604135548], [1.4268101670819207, 0.6488437928479275], [1.0174644319811716, 0.9826867538805869], [3.99999688325834, 6.071301474080689e-13], [3.0383869605355405, 0.06599917954052129], [3.111827413156978, 0.05567842022098362], [3.7000626529756624, 0.005843885120760907], [0.060837592591741714, 3.074226483051682], [0.7513715786682088, 1.284103885124582], [0.008769977736893371, 3.634177340609181], [3.4779799969233487, 0.018242739434075752], [0.18283173359405286, 2.4724786304294324], [3.5520485111503706, 0.013296878525382106], [2.547544223930291, 0.16313292899599174], [0.8583761880675316, 1.1524324473881744], [0.9760919171597557, 1.0241973494168244], [0.13406000646384233, 2.669491775406826], [2.482117758979533, 0.18022247710817135], [3.7743875969034835, 0.00327432077272464], [0.0013990864468788505, 3.8517816304129595]]",20.52
SCH1,MGPSO,29,100,0.019236,0.003890,19.754508,0.004779,0.116845,100.0000,100.0000,"[[4.000002032071968, 2.580822144388285e-13], [2.539340685648551, 0.165217140377655], [0.28592805013154804, 2.1470384311692303], [0.3272036491327908, 2.0391349469027524], [0.6396210272659423, 1.4405685993968589], [2.028954893549621, 0.33129938476410503], [2.138660082645902, 0.28899673144914867], [3.733861564280209e-13, 4.000002444213642], [1.328771740423662, 0.7178772668124309], [0.34879671834764897, 1.986436141813579], [2.0833886256144227, 0.30980931899441544], [0.028723125601315454, 3.3508071945146893], [0.9584707834276618, 1.0424099393085886], [0.8069519142138223, 1.2137318225103992], [1.2768609647506381, 0.7569300542155877], [0.04508603279679931, 3.195747157701123], [1.7044782853379914, 0.48225150307279924], [0.5795521458221574, 1.5344192532943914], [0.4182067218762412, 1.8314505389282119], [1.9216167049325736, 0.3767210991595327], [0.6092080217361439, 1.4871368585852618], [0.7373373896617982, 1.3026033046722818], [0.07628073315978906, 2.9715220579023263], [2.307302349516308, 0.2313795725003815], [1.0416264089324963, 0.9592223937816269], [0.7717338023038295, 1.2577985671491925], [0.05457758609700807, 3.12010373544514], [0.8429765734546317, 1.170426345714498], [0.17571619353744386, 2.498975576566798], [0.5224619839151942, 1.6312007119712166], [0.01607848698147653, 3.5088745913895516], [0.00711777632302128, 3.6696501168823867], [2.659080068010705, 0.13640568642677678], [1.6515217997504785, 0.5110598753697856], [0.02192385670160089, 3.4296555836820057], [1.866935893909608, 0.40150139127820905], [0.06498614166709865, 3.045290958451262], [1.4904074229089972, 0.6071176745381354], [1.5973863268009587, 0.5418763397852729], [0.00400719759482181, 3.7507974791455707], [0.0017760387003118705, 3.833203742029151], [3.0460587560904377, 0.0648740358980975], [0.22815728444829633, 2.3175247841561175], [1.4356635619343994, 0.6428964080920192], [0.2466819875763083, 2.25999836877312], [0.21009242920028415, 2.3766588014939125], [0.15955421420197927, 2.5617846978975565], [2.3645958033252934, 0.21369888879285306], [0.011134783395387393, 3.589048850999864], [3.4929883712155037, 0.017173101999171672], [0.44306750323426036, 1.7805348646083663], [0.0004434779193226425, 3.916207816177028], [0.5506662751551432, 1.5823906136839432], [3.740296553183559, 0.00435802893603601], [3.82591144177447, 0.0019365524748168332], [0.49543376514627174, 1.6799515253975732], [2.91173391615024, 0.08621249589201621], [0.12932233001943463, 2.690865768175819], [3.9124960594060636, 0.00048386588051155873], [0.10136686367097335, 2.8278403351936223], [1.1780546174218398, 0.836525638047242], [1.0857278544275764, 0.9177972323033042], [2.2503374794652165, 0.24988752371660922], [0.1925225574000826, 2.437426856761134], [0.265946201675057, 2.203147319864009], [2.9783489331479407, 0.07519147221985817], [0.46885528750654554, 1.7299349527569696], [2.4805311250645894, 0.18065033245958725], [3.2627084642872006, 0.03752089380882513], [0.8807298234945476, 1.1268415491964485], [1.5437921027743984, 0.5738148750206963], [1.3818116950907875, 0.679792222411777], [0.3943235112446811, 1.8825161579799257], [2.5985750406808723, 0.15053652878487428], [2.847218685447846, 0.09773730039569259], [1.8120740286699344, 0.42754206584169335], [0.6716161748299974, 1.3935285010055225], [1.757719717207828, 0.4545588224842625], [0.7041398505842911, 1.3476181972430443], [0.11487887799559135, 2.7591274081717665], [0.14399816730653936, 2.626114549599098], [1.9750037921870147, 0.3536106663691596], [2.422435944385737, 0.19676528893247966], [0.9193127004912807, 1.0840808681426166], [3.57434716098955, 0.011969586718823335], [3.6572651800087033, 0.007674153023061059], [2.7834443955168693, 0.10998125197064093], [1.13172740191139, 0.876420311866978], [3.3382925171031346, 0.029894589126706096], [0.088437531682318, 2.89889959327216], [0.03642707528586384, 3.272991940795827], [3.116238449110003, 0.05509015823265819], [0.9995186602794771, 1.0004814555923747], [3.4157837380411156, 0.023048127412405334], [2.7207829351273523, 0.12286455415008855], [0.3713491727291942, 1.9338121445659076], [0.30625871152898543, 2.092632865893873], [2.194084364611984, 0.2691075854345547], [1.22665607639217, 0.7964758066655848], [3.1879110184755195, 0.04602217198621615]]",20.06
SCH1,MGPSO,30,100,0.019005,0.003941,16.747369,0.003924,0.078298,100.0000,100.0000,"[[1.5454390472218094, 0.572811496766321], [1.650790937284359, 0.5114665656816341], [1.5136879403777318e-13, 3.999998443754443], [1.442711480545007, 0.6381944716542994], [1.493666822151561, 0.6050403121361992], [3.999974973737265, 3.914473661095166e-11], [0.1086657762826324, 2.790086078076218], [0.922030106068541, 1.0811341562806982], [0.0003825046727892275, 3.9221515979630523], [0.560470835385458, 1.5658868298569224], [0.9665012867186807, 1.0340693944287593], [2.2573567013461506, 0.24755577107080493], [0.5293880687770988, 1.6190257029481323], [0.33813001331629244, 2.01217210031342], [0.0966789659926419, 2.8529493105279706], [1.1977125645627857, 0.8201103632424588], [3.0219448298548426, 0.06844806364595322], [1.9246858171103867, 0.3753639600033233], [0.3870451654142902, 1.8985270026056196], [1.3924793206527233, 0.6723448807830734], [0.3152138453838681, 2.0694575081687443], [1.2458558046496253, 0.781139366353235], [0.41302575269112574, 1.8423425666376572], [0.23242251826452526, 2.3040137721133354], [1.293922147618842, 0.7438941958473946], [0.009594900876853513, 3.6177806412720552], [0.19659504533420552, 2.4230334520008117], [0.25154447019447207, 2.245376101609334], [0.4403601029857981, 1.785974741405312], [0.031169103047441023, 3.3249781594924723], [0.0034479681895377757, 3.7685703595662288], [1.1504910124887493, 0.8600532492972136], [0.21398826134101676, 2.363633651690135], [0.03837410614039475, 3.2548017111146925], [2.03574262063803, 0.3285645149356612], [0.4693855252426664, 1.7289168784811928], [0.04636015099931581, 3.1851038500127546], [2.201767927933016, 0.26642574344792463], [1.0574802047829075, 0.9441259437780861], [1.8691610188860375, 0.40047047158162813], [0.8803313150800411, 1.127292407570467], [0.7264993993863197, 1.3171020347218376], [0.018841155259728987, 3.469788804244214], [1.3426458576278109, 0.7077420051142581], [1.0120178909988558, 0.9880538931502553], [3.094963207864033, 0.05796020048763087], [3.540695929600831, 0.014001112244855873], [1.1035866797154228, 0.9015173233807651], [0.6920503561398655, 1.3644677954454132], [0.6245588633715158, 1.4633973973998307], [1.8135966815784363, 0.4268029315583948], [0.08531295450198405, 2.91697769780905], [0.7623036580073408, 1.2699035480374863], [1.5977065460240194, 0.5416898593046895], [0.4989705669897922, 1.6734566187253928], [0.01383526028275213, 3.54334172735798], [0.024623154440867094, 3.3969524835840286], [2.880930917123031, 0.09160881002216843], [3.922062715175985, 0.00038338293741224145], [0.27196480989316946, 2.185954992492803], [3.6920306989283755, 0.006167625541365953], [0.12136362952150435, 2.7278723047031295], [0.14909690162211964, 2.604574183772391], [3.3908778259465517, 0.025143292639990347], [0.6579258154338306, 1.4134207612011684], [3.7682249813546487, 0.0034584232619729012], [0.8004672281455818, 1.221713862750125], [0.3623852790527757, 1.9544474756939736], [2.4296081938366427, 0.19472799439525457], [2.146616170250348, 0.2860821737611571], [1.9800124342400145, 0.35149584922045607], [0.001530907956910304, 3.845023632373426], [2.7447716691519894, 0.11783069262052265], [0.13482497958237336, 2.6660841333749925], [0.07456028956787471, 2.982331086018548], [3.844754081059652, 0.0015362913412999277], [0.05507893089383087, 3.1163228953333166], [2.551468953341053, 0.16214166062417046], [0.839614310463272, 1.174395494701742], [1.7046779683176743, 0.4821452979475991], [3.2422563254309638, 0.03974973349399976], [1.7589961806038614, 0.4539100465564808], [0.29322466077125936, 2.127215756740588], [0.16413457958139097, 2.5435935361942588], [3.1685840389570905, 0.04837725661477931], [0.06445841583366911, 3.048911935686795], [0.5920392047425932, 1.5142758486865284], [0.18008629178467547, 2.482623282304113], [2.95032381899326, 0.07972114499935773], [2.812564399584581, 0.10428366653879588], [2.090727619276019, 0.30698817939663386], [3.4654792661478075, 0.0191601581344449], [3.615852687722526, 0.009694458789839915], [0.006137982238716255, 3.692756879076034], [2.4897579197038646, 0.17817121624633916], [2.3133476715237866, 0.2294703926513252], [3.316347202581702, 0.03201090877241414], [2.614478059466692, 0.14673896829525915], [2.3711115925734676, 0.21174592059266842], [2.6802156036907636, 0.1316699896591855]]",19.96
