problem_name,solver_name,run_id,final_archive_size           [archive solutions at the last iteration],final_igd                    [IGD of the final archive],final_gd                     [GD of the final archive],final_hypervolume            [hypervolume of the final archive],final_spacing                [spacing of the final archive],final_spread                 [spread of the final archive],final_feasibility_pct        [% feasible in population at the last iteration],final_front_feasibility_pct  [% of returned front members satisfying all constraints],final_feasible_front         [objective vectors of FEASIBLE front members only; for honest cross-algorithm HV],run_time_s
SRN,CCPSO_strict,1,100,0.899823,0.391818,24195.559795,0.250452,0.061931,71.0000,100.0000,"[[58.69242095691768, -58.93163402128441], [19.47275327287546, -19.031473994467934], [196.98404548305786, -197.19486841251853], [31.727966699543863, -31.92926287541199], [145.78819612273134, -145.97494669960378], [71.06615639156679, -71.3114149660841], [169.48722487513376, -169.72292226778484], [201.4910188402608, -201.70470558111353], [10.10783554473353, 2.445958741259216], [188.30954402615475, -188.4734816557964], [167.41231814352193, -167.658224669499], [36.02784081681183, -36.273032781299534], [50.504329146999325, -50.746969322930326], [124.80898312780522, -125.04279208297308], [89.97513929709093, -90.19557187119243], [12.472179949082848, -8.134020291603266], [52.57165663541825, -52.79980309217349], [38.157428024771605, -38.40460971300418], [183.9344981218362, -184.17342617096543], [44.4009462645588, -44.649904626945315], [56.6159831214095, -56.85957887928248], [113.21220715315724, -113.4360973471853], [132.05221524256268, -132.28793789565228], [42.31281757745641, -42.56099679093202], [163.1521692946473, -163.40216427434487], [127.24552332497933, -127.46309028620419], [171.61465624031976, -171.77597282041262], [129.66304782649866, -129.90266837747325], [161.02075702520833, -161.26273610953464], [85.5834427538934, -85.77962545404179], [73.07218422758851, -73.26866779063356], [120.01398270524605, -120.25837263196652], [46.43574802989659, -46.652552956114704], [83.38874277139341, -83.6069049219835], [69.1147782263721, -69.30635299993673], [60.76714893798142, -61.00370460737376], [48.43897004532705, -48.670750358974786], [17.47971539983964, -16.62577349584238], [29.6429015602912, -29.85545498322717], [192.58642656283646, -192.8310300411194], [27.50659191591039, -27.717495310953282], [136.73846406296738, -136.9813525251646], [11.332942223409908, -5.059306965042469], [186.17673243018348, -186.34862018866056], [77.11780368778172, -77.31690074609742], [23.345135761822306, -23.53036514457098], [156.80134979680633, -157.04788129684204], [152.41099092219906, -152.63215264936284], [158.9305408603158, -159.1496624285602], [101.40372023162237, -101.6355234767266], [139.0074615641679, -139.24875092177825], [103.89049784534765, -104.14038482418356], [15.694840928810903, -13.918551151126856], [13.956354117892182, -11.025332652201676], [150.1576423541715, -150.40462257550536], [21.406864759708977, -21.193958599361824], [87.76781468234071, -88.01724950995838], [106.33476658774713, -106.52026226082137], [33.88241292184923, -34.07560581047377], [54.56598513157086, -54.815420078129534], [205.92691327988584, -206.13612375198568], [177.738033859954, -177.9089293538989], [25.395214556000454, -25.6449800799645], [10.539316169117972, -1.7063248872512862], [194.74228948631736, -194.9905871736422], [181.86398654454618, -182.04912007121487], [190.41556401700592, -190.6606747642117], [99.02751346864599, -99.27646110866756], [147.994933115987, -148.18127156567706], [64.9241886748769, -65.13479916534567], [215.7312603170104, -215.23119433558927], [122.43726142936488, -122.66488546563754], [94.3968301650054, -94.6414022500372], [40.2356870404562, -40.485672800058936], [203.74847301872657, -203.85459723593289], [210.63093073904912, -210.79168288344138], [208.24455751987395, -208.43079476209482], [79.3150557842637, -79.56377096200106], [110.95088873341166, -111.15877344163084], [115.42789320746961, -115.66726386891126], [108.60021190867712, -108.84447606442146], [154.66575848356732, -154.86720365624353], [92.11073329080553, -92.3594420092877], [67.04253673885567, -67.17989676480964], [96.7152292168845, -96.93565957788992], [218.80409969141982, -216.8884759157022], [199.2279865606179, -199.46957393472405], [143.53714961939556, -143.72881941492096], [141.2650197020442, -141.49359776338412], [222.7962121968744, -217.73683040934947], [134.40185324653777, -134.62322201843443], [212.9970783421303, -213.14870926009976], [165.3113381230953, -165.54632096838148], [62.87571288723081, -63.0533600424574], [81.52458920520685, -81.62025095642959], [179.7387216625253, -179.9817056214772], [75.07580969636247, -75.29038504033392], [175.7160804723857, -175.91069513535896], [117.64697966103188, -117.89452343282179], [173.6869831908051, -173.93602735362933]]",19.30
SRN,CCPSO_strict,2,100,0.902002,0.294720,34757.108141,0.250257,0.063604,73.0000,100.0000,"[[76.0164838170181, -76.2344489855471], [88.46802595665304, -88.68671931276008], [159.4617274208429, -159.70236131465572], [157.47262197463849, -157.66452012165996], [26.323079021230786, -26.560667181187657], [186.62293205179685, -186.79428935148337], [112.27249099951307, -112.52001604540601], [84.35942418952965, -84.60840164960175], [207.73462009243144, -207.92836760856687], [114.63364538868784, -114.62586647936988], [214.199984012586, -214.1846787408491], [165.3966287715757, -165.6379441826828], [175.74254746293494, -175.9894841784163], [110.07530941110508, -110.25882185649101], [142.60306963958502, -142.79680888191604], [195.26782280038748, -195.51602704872812], [153.32115975323984, -153.51307279070647], [177.88253047565283, -178.10611320860875], [30.906097594627813, -31.119667426533365], [82.3017938724181, -82.5511393863319], [69.8704243585963, -70.1140389784822], [18.169760463212025, -17.569934592945813], [140.50263249286633, -140.75255292303564], [21.97605047387018, -22.079677679283154], [14.597102163937901, -12.234050569946817], [161.45541457277383, -161.68294000618602], [103.30119556111329, -103.54825677420284], [201.42925244761142, -201.57273065049577], [16.387600700304006, -15.043590654510748], [61.15669118084768, -61.40200148277495], [173.66824473250043, -173.75156762618727], [33.20035032508012, -33.43572563342417], [199.24447869379637, -199.49219164611299], [151.19544159155345, -151.31085695892165], [130.88011969836103, -131.12771581749908], [98.94283028339318, -99.18603414997143], [28.608875981843468, -28.832681767965717], [155.38068510926595, -155.61620529116163], [205.5497633889867, -205.74341913550026], [146.94370393615614, -147.17507082636573], [86.46479534626775, -86.64532558968192], [94.6668506500149, -94.79242606337439], [144.76629956361506, -144.96266299225815], [197.24171373162798, -197.48842519787678], [163.44576260589497, -163.63962288491518], [73.89796651881021, -74.14713831209453], [92.60675928585209, -92.71923786315273], [216.74535385300737, -215.8551273011875], [24.063534749324262, -24.302176347509384], [96.7532815833804, -97.00115932747624], [49.79796069246663, -49.90650876423052], [90.54513889534014, -90.77295568301093], [171.53720234018346, -171.78555125699302], [38.08563388918057, -38.333454710408496], [138.2486342474472, -138.4408963992464], [212.0771402852273, -212.2536724727315], [80.22577265833031, -80.47546714899148], [101.1356431588691, -101.37474075148819], [107.79208766724105, -108.02945930343995], [52.15675327316456, -52.26382386530199], [203.47574271159561, -203.64249088577918], [188.87829570136853, -189.12736639422474], [193.2125944041592, -193.41438152976968], [42.645426280947234, -42.85166407938129], [20.094967106769747, -19.87585354236162], [180.00258843760892, -180.2206262132177], [40.46413748522185, -40.65174722490264], [209.93948656650815, -210.1792574656684], [35.800363621350385, -35.87068546560795], [105.56022319385917, -105.79830799433535], [123.65043797742624, -123.8697703944407], [10.104015846864352, 2.208471587304757], [121.33696106948078, -121.56148613953371], [133.44760204502242, -133.6299720771275], [223.23233509960392, -217.73351630233964], [47.40589952666657, -47.56003355542141], [119.09086721511213, -119.23158909049937], [191.09394264297055, -191.3379933912736], [45.056405416522054, -45.25666149721866], [56.681495446589636, -56.927262387061134], [149.13750131478028, -149.33534612556963], [182.14313779548348, -182.3879673332235], [71.89554616659274, -72.09056844924524], [135.90904649499652, -136.05589498848343], [184.36219951931466, -184.5958693578958], [167.49691247259682, -167.74625877125615], [54.449366132247675, -54.69631254718419], [67.7620545598316, -67.91657531184819], [58.9265827997543, -59.00906994623115], [11.701895436253782, -5.740450186478392], [63.37601385303043, -63.40047645852341], [13.055486817137062, -9.054337812308747], [169.51185977734377, -169.75273098569406], [116.84118997607636, -116.96169732235631], [219.6108846318685, -217.17142886206508], [65.52887318443007, -65.6308326515894], [128.4917730657042, -128.73997937647422], [126.01602706184678, -126.26600923716649], [10.561338930007157, -2.049723049567274], [78.1498533688164, -78.37880377691445]]",19.24
SRN,CCPSO_strict,3,100,0.899964,0.328458,30292.188619,0.325007,0.078645,78.0000,100.0000,"[[191.16377969085795, -191.413451506085], [12.677557399291185, -8.543541824638542], [193.14822743791643, -193.30846492848713], [53.107531640287874, -53.31873855964761], [106.24972464137853, -106.48505772109931], [14.20332122601392, -11.429554832005465], [19.907358430727395, -19.52150882485469], [185.2041098905319, -185.35332453270524], [50.97555639519686, -51.12707717507097], [160.72332506266292, -160.90718925921448], [189.16128678289488, -189.41106855263934], [172.52480038890752, -172.7523838681447], [195.10726647235282, -195.30569192221947], [126.18046196852119, -126.42767579675699], [10.10084706819827, 2.806847724338872], [163.0896769678517, -163.30925007029833], [216.33506112689372, -215.66462860439302], [101.37528472619093, -101.60750446530386], [197.09240302068534, -197.32009263275316], [222.89227000712248, -217.73875129756732], [113.80767975283612, -114.05691995386229], [183.15400008464616, -183.40328547045203], [87.8238755083672, -88.0730566100175], [10.516007052975183, -1.4373086923674112], [219.09315409696617, -217.07407895457555], [11.465348894731289, -5.164520867304914], [203.33826350549668, -203.5330108786032], [170.24854731833983, -170.49540448842774], [28.554030688204918, -28.802990676245393], [179.12188589252617, -179.3001864204722], [83.8395257319118, -84.06195399763345], [130.83520966541403, -131.0289933126104], [118.8216841389619, -119.06576929313698], [149.3922036657408, -149.6145763891784], [66.39978947523768, -66.63247376855728], [40.662039149329885, -40.90226590454675], [209.6259233235029, -209.8625605962563], [201.22546634500142, -201.47522548228358], [73.3774286222041, -73.58969368565808], [116.37048634314668, -116.55681414882532], [68.78837265064674, -68.99268957337667], [96.66042832710279, -96.81505692624293], [48.798678628242904, -49.042452118165656], [143.24737157848665, -143.4971416124133], [64.03182791843363, -64.2299582548456], [121.25850564023051, -121.49828197833091], [42.651244458829275, -42.859963903362], [156.12812607009784, -156.09424343507894], [141.26875440971187, -141.489119425538], [135.18393804700966, -135.39983135391114], [137.2420280949995, -137.46328638185776], [147.3098000467, -147.53004335416855], [24.115939796067483, -24.359133359032448], [128.50097614535443, -128.73163189392577], [75.69267305559336, -75.6262303379935], [139.21176249182105, -139.452303984268], [26.33223104939375, -26.568224874754392], [55.25920334386542, -55.47545888562764], [165.5076605961787, -165.75410295438954], [181.0917923945582, -181.34060801277164], [153.68535820143708, -153.9280615978242], [36.902207434815644, -37.02394137212168], [94.29410586188054, -94.54398901272955], [44.669729901553, -44.91654472739175], [211.7906673515294, -212.03250932651508], [145.2851987756487, -145.53025341093337], [167.87264482101938, -168.11649984326905], [205.50923826663427, -205.75038624260853], [187.15159172796365, -187.3867191323447], [108.82214091428972, -109.03554118920164], [199.26408256873214, -199.40116837398216], [123.74756203500118, -123.9972190670506], [57.4223724451236, -57.60211922849824], [46.690082757350645, -46.91165346684818], [213.98107173412296, -213.9147363914196], [85.82195297678128, -86.00090728398894], [174.84042504859616, -174.9622242161009], [90.02746808711142, -90.26404693826692], [59.56095465458091, -59.69676055478271], [38.776544624398305, -38.91155407954011], [92.02710322703508, -92.27077930808585], [16.007090205221793, -14.419198345855081], [103.79707927043367, -104.01598164043884], [158.30388908812938, -158.53663146643694], [17.836495911222027, -17.047473300013845], [77.64404138888236, -77.8708367953081], [99.03113923286803, -99.24848358917322], [71.02077522249616, -71.25193768806042], [30.72782894710729, -30.957505778534347], [207.57922378685325, -207.8137990862731], [34.82745006577622, -35.03797743881499], [61.71277943626097, -61.93782037066795], [151.51721967102688, -151.7490187508527], [32.82671628256358, -33.070545951449944], [133.01789352254227, -133.18702180912481], [176.97952019891508, -177.20813588864587], [111.27681966912908, -111.52681709434464], [21.963581369198177, -22.045888322937714], [79.68664813667309, -79.92089497694045], [81.70196637820779, -81.9031185294161]]",18.65
SRN,CCPSO_strict,4,100,0.897825,0.397762,24968.040260,0.264107,0.056197,69.0000,100.0000,"[[19.163524908937386, -18.80712508321446], [126.45209372128502, -126.7014065367087], [190.61326622791722, -190.82086902482044], [21.200978827574357, -21.072912182379163], [59.62807583922887, -59.875524337157636], [170.6180881831953, -170.8647899458378], [195.21091553436793, -195.45317942147136], [98.63442735673101, -98.87355284862514], [72.33461694126224, -72.56347779739805], [96.42354183059844, -96.6688607706631], [11.596160230885413, -5.87556680793465], [61.9131326483542, -62.06583901984201], [27.489756939880404, -27.73409461816504], [74.2051840184378, -74.45489744970081], [48.111427316493646, -48.21387962281361], [133.3083784256134, -133.4969516044475], [77.96303225050342, -78.14782601595259], [199.96773623592645, -200.16477783842822], [14.215370379112407, -11.418950488872845], [148.70084196224582, -148.91786416901343], [111.57648709261642, -111.76352808337798], [117.93470666392437, -118.08947086979731], [172.85050747061544, -173.07827907174715], [186.22272627100529, -186.4160176497631], [166.26148368114067, -166.51063554073974], [92.0628048394633, -92.23928328195129], [181.87755238812326, -182.0737757250143], [23.20391811957105, -23.375415254675588], [15.750192036455497, -13.922611935986266], [31.785745872912344, -32.03159843751561], [83.57181171770367, -83.82051627817881], [43.34884452188231, -43.55008760523725], [153.06357497676885, -153.3081966266691], [33.97727062890857, -34.193325448499145], [164.22599096063186, -164.29521267471404], [139.98370035386964, -140.22173556544885], [168.50256793287005, -168.6814231530666], [212.98723258649724, -213.2124756739524], [113.63850638369343, -113.86723049965678], [115.77320139109796, -115.98353139945547], [206.66630220711502, -206.72347778636592], [150.92489900325282, -151.0845386521503], [94.22583774817988, -94.47114538488755], [76.05215287983104, -76.29023055118475], [120.08039771672053, -120.29879394551145], [45.79811460709147, -45.86584063465835], [142.17893294850467, -142.33147851784594], [10.100961620477435, 2.4280276159220344], [36.26253149706752, -36.430122254128506], [87.76461700023027, -88.010415440926], [124.35332367162583, -124.52090723197688], [38.60538289916939, -38.739180194616694], [159.78374590018495, -159.9479301595929], [68.44755813646846, -68.68814697886197], [81.58604376637486, -81.83493318103004], [85.65342942332748, -85.90097708314707], [222.94767367592877, -217.7365534817165], [208.6851541201609, -208.9346985973991], [70.43083450088457, -70.66959876834875], [109.50093856780846, -109.72548891451584], [135.61329453285308, -135.7216291454828], [107.33793239819624, -107.58776192901344], [25.36812775770685, -25.56178415533521], [17.341009099520043, -16.446194963305633], [218.80503038016877, -216.8968219377369], [128.78993695005056, -128.90813970143594], [12.73562085489736, -8.718444510430412], [179.61259883392268, -179.86159212734304], [50.40083396214892, -50.64523637822704], [204.4171811901581, -204.6176598473915], [210.89245241289228, -211.1190227745438], [137.72085512585832, -137.95700757509195], [29.701665622766427, -29.827095839048155], [144.39371905479933, -144.4666492591002], [55.05568299422838, -55.27056277542465], [57.442497008605955, -57.548181414300615], [105.19948765751128, -105.42674358384886], [177.40475465849926, -177.58460455256093], [130.93720849396215, -131.1871257131468], [157.61125951102906, -157.85313863743553], [103.0381606286767, -103.21597792861326], [100.8621413966742, -101.02525516683696], [197.60989360667335, -197.83738275090647], [192.86405240624703, -193.08913071927623], [175.17742980195064, -175.37414633711737], [10.58521462678318, -1.9347836298724292], [162.00310687180112, -162.19887825424692], [202.2360909385829, -202.21924708901136], [89.87513752686087, -90.1142985843465], [155.35533984236395, -155.58830460706835], [215.49296989962335, -215.2017400190282], [52.722619699822424, -52.95285263763053], [64.0969042375878, -64.34531979130303], [79.83323968820422, -79.97106062169041], [146.47802914747112, -146.6666331021309], [122.24484947792268, -122.41286201971408], [184.02736229118275, -184.25945191763358], [66.25960439692176, -66.50248587348294], [40.949308580361404, -41.18887904056335], [188.37386072990236, -188.62384895141463]]",18.81
SRN,CCPSO_strict,5,100,0.909082,0.400143,29606.653778,0.348503,0.071145,75.0000,100.0000,"[[57.362530427506584, -57.58252942540422], [176.29701957485673, -176.54218777078077], [109.11546029099208, -109.36531268861341], [21.18421445539372, -21.040272102308812], [206.18235620415317, -206.36856612625587], [106.75556725419474, -107.00441429913683], [163.32677546688143, -163.5763547530085], [182.63228935176406, -182.88164654594868], [27.02161738165905, -27.267357008152995], [191.0405560730899, -191.2704054577742], [180.53351449300328, -180.77783633383865], [213.10680089347034, -213.22139807152587], [64.04401004770116, -64.26668935364265], [193.19521815718295, -193.44266347301647], [88.88350282422985, -89.11943517927486], [66.31946591596858, -66.56415530399805], [113.93077884701144, -114.1155768580685], [41.69214342981813, -41.89126402080071], [126.05086052592468, -126.26424183788448], [102.03191900022576, -102.22526471498159], [111.54917975041248, -111.68206453456878], [68.70119130113626, -68.92914383713637], [208.40522301849663, -208.6448823038836], [23.13037002406446, -23.25094680204178], [30.911745756128216, -31.142259437202966], [203.87392697177856, -204.1144902520075], [43.84667961238874, -44.067411504650515], [131.06789920236494, -131.29422497349472], [80.9505214995219, -81.18806471070528], [174.21868432359298, -174.45326361541106], [116.2984636822669, -116.5468902095319], [25.058175976083326, -25.305947844291715], [118.72026616881666, -118.95108092479904], [210.69230993460266, -210.93524713524482], [82.93165969403489, -83.18106375757458], [184.65920939217366, -184.89132819389326], [199.54755995610856, -199.77116599807832], [186.75972020484983, -187.00110630005835], [13.595598009746045, -10.020204328262004], [39.462934780153134, -39.70830063269187], [19.255621784693716, -18.9578178892533], [84.92387509700694, -85.16763722067026], [121.09142083865892, -121.3350138636897], [104.36910216458054, -104.60925808736313], [165.4801974692695, -165.72760828623728], [59.61549443228661, -59.864066604419016], [215.711053000218, -215.28922238877465], [33.07736359363081, -33.31770197302582], [140.8796819103967, -141.1295630369975], [37.343654821083504, -37.55192581931355], [46.02001521280906, -46.27001066374012], [35.230160903790456, -35.45963254504655], [72.95096532409653, -73.17381802549939], [138.36996179619555, -138.60701302493234], [55.063584343222914, -55.30820049905833], [48.29562162366864, -48.457611265568154], [197.47128896880537, -197.72098595259328], [128.54430652776406, -128.79213817798308], [123.54546935832434, -123.77283663952205], [188.9416313228567, -189.04136713889534], [14.76022463230542, -12.451912072727325], [201.66124970090502, -201.8939686669381], [195.37802149509193, -195.59486656578042], [167.67395613057306, -167.8769716745382], [70.84139083426818, -71.04115253253183], [159.01377331555105, -159.24874521521332], [75.04918808935952, -75.23068979697665], [10.449726334548679, -1.2023062937179487], [95.16124492782538, -95.40814257090192], [50.474280477303765, -50.71966541929133], [86.87692349095559, -87.11648821519583], [16.012478765468572, -14.589932660506435], [222.73574336282843, -217.7358214266746], [17.755491117142647, -16.78278411315782], [99.70693353186286, -99.95620493045945], [11.304034556104611, -4.601255373408637], [156.83079953062747, -157.0807706546438], [90.93341685050832, -91.16937872368226], [171.993962572701, -172.2370604020201], [97.42930362328885, -97.63880025213645], [150.21626218445317, -150.46305946855892], [147.99076253960052, -147.99565713568452], [169.8040317087679, -170.05329914122], [61.832927742176224, -62.08174868410911], [178.39166774090506, -178.60585867560957], [52.81213596661998, -52.98028307179396], [135.88836592500394, -136.10258749687117], [79.06223553250257, -79.31222322070724], [12.291633101704647, -7.521893641826528], [161.1497470554276, -161.39536934432923], [10.102012154249811, 2.4643916673155024], [92.9978682890229, -93.21571174878227], [77.06059176985377, -77.30015491999656], [218.8346969779897, -216.84268178197527], [152.2723517216635, -152.51012251668072], [154.6752712184416, -154.8176168605487], [28.946635910107336, -29.1928538068533], [143.1642335191685, -143.34764990713128], [133.46998069478408, -133.7199409153977], [145.37603959232658, -145.61209495628685]]",18.73
SRN,CCPSO_strict,6,100,0.891199,0.376761,29140.527145,0.363379,0.087386,80.0000,100.0000,"[[160.8396568242625, -161.06892360651236], [173.1387025985863, -173.37558263604572], [129.75069813209512, -129.9876651874016], [162.8525092527371, -163.10195296915336], [77.91966942808683, -78.1502506157308], [124.69968270414105, -124.92594944326612], [156.79269888161102, -157.0390684340876], [66.61339789716072, -66.8542808609643], [199.38308386101437, -199.6008743504681], [192.8420656297242, -193.07676926196308], [201.5418766988357, -201.69341198985882], [167.1276441368595, -167.2473365918556], [60.40516991112784, -60.61597020546246], [56.42736158275172, -56.677360398560765], [102.23512058013449, -102.42022895588552], [165.00542436957437, -165.16415098398153], [152.74837365570198, -152.96780752691436], [122.2316087942506, -122.44411369269929], [34.788162303008875, -35.032488623636524], [94.10144482213457, -94.34985208659977], [146.37181556670123, -146.57748040006732], [218.38053328506643, -216.75373915693996], [205.62589404118995, -205.83180794320748], [98.27798974590704, -98.47441233067296], [70.95771871963083, -71.20184922653496], [132.27922800984288, -132.47023715494763], [190.69540605430302, -190.9442680369552], [115.0201750047922, -115.2560774398552], [38.57373763704527, -38.82298072759515], [154.74486487794888, -154.96931525575891], [188.58332010478367, -188.78022438215842], [89.79511551565372, -89.98426534361796], [222.1203721448775, -217.70842032332962], [117.35572020256274, -117.60530249735795], [22.62386488325306, -22.6752123607602], [179.85820707182503, -180.022066689064], [141.8439022237132, -142.01217415620738], [139.54191030200718, -139.76627330152115], [127.17756498291598, -127.39835966884478], [169.1159401526263, -169.356617788199], [197.20385694504046, -197.4464068878646], [104.183599845091, -104.33530346561965], [215.22027848398542, -214.92646645022478], [50.54325413699431, -50.7005834070367], [18.699779340900463, -18.272970153519744], [32.77865956365669, -33.02379229876609], [171.1153364072954, -171.349122753084], [82.79826254316902, -83.04778056236384], [186.34525756733655, -186.59336638231267], [137.23009012525418, -137.44856787774205], [20.716232748273512, -20.476461940094687], [96.21835240463842, -96.44646070398002], [134.7523386774355, -134.97676601330159], [182.0540352384139, -182.21944717534848], [10.101614830992386, 2.8059348880744217], [175.3260642639432, -175.56751766639022], [36.650724835678034, -36.88722287838489], [58.37978943087418, -58.597981661359135], [144.11800235899182, -144.26858695025436], [54.452971173978895, -54.616696354829], [26.633521825190563, -26.860722493160882], [177.6030485984205, -177.80619405119822], [100.25669850912979, -100.50521726295781], [16.935193688483135, -15.604246762355938], [112.71562025767618, -112.96388758760459], [210.039438231871, -210.26921694222855], [158.7988660145012, -159.0409337708095], [14.944469757759958, -12.82203608866649], [28.67865795852189, -28.920985490765965], [108.33610041266512, -108.45088902687397], [73.26809939367281, -73.42931291714986], [24.63340002519336, -24.85417777480013], [207.81630411725627, -208.01432297885685], [184.18504748866522, -184.42229256455647], [91.9481698581066, -92.19815560963237], [40.5290748917147, -40.71352292551073], [52.47860335998533, -52.64894454728997], [194.99285083732434, -195.2409448544995], [110.6022137470656, -110.69821138765519], [42.4579165875645, -42.70677227002456], [62.41237069364988, -62.66194868274762], [148.5414236755742, -148.73915453928853], [80.45149342943292, -80.58190253054961], [68.78884819539356, -69.03882037121367], [44.444914681163084, -44.67287571632309], [10.58563925320978, -2.0574613784253826], [46.57111498450037, -46.731746054990154], [48.51353365016034, -48.738662057892526], [85.1473567784788, -85.35857863208759], [106.20652211876049, -106.44445561069722], [203.5668729242383, -203.81238798641573], [150.6160727538803, -150.86577145668508], [87.45739733230742, -87.70047887041434], [30.723525425562958, -30.972698719386916], [11.68614667012757, -6.0412796296884785], [75.49324440143879, -75.70385495423656], [212.5366809192962, -212.7533179542891], [64.55618341796676, -64.79900864125227], [13.24671607608105, -9.481746093101538], [119.78676836448122, -120.02189297453037]]",18.88
SRN,CCPSO_strict,7,100,0.896977,0.322913,30298.364229,0.284439,0.067990,63.0000,100.0000,"[[111.40899031530799, -111.65415901725328], [115.9327426400645, -116.16140405700317], [143.95228457940652, -144.2022794189713], [182.91924634182507, -183.15307121845595], [59.92147527331493, -60.13619033151119], [145.86330875283363, -146.10883780092837], [73.59278014907802, -73.81100750955518], [64.55047565767843, -64.72757617109836], [169.23987190279803, -169.4893654715494], [57.6182341071339, -57.85043705601325], [201.03091249634943, -201.28083959569148], [106.99243048034633, -107.15338610483062], [95.84117215953958, -96.08968408543194], [216.45429972481426, -215.7262961054509], [147.85545783663667, -148.09875107909136], [180.6535790162343, -180.88187175960695], [104.74185709338813, -104.98669422996203], [194.44810517755405, -194.68131935911316], [55.389505924298305, -55.568864166838594], [77.74459925896024, -77.9941589242454], [32.637616403867234, -32.84305778042278], [16.77200134779555, -15.60210433846322], [219.3448142177819, -217.04511124786154], [102.49740667183033, -102.71018364070355], [75.72752674571092, -75.88486494096215], [69.0245736371922, -69.27149743881519], [203.21982679895433, -203.46760229272363], [214.0341835048861, -214.10043036819172], [44.885033118164344, -45.06634486344282], [18.76944255803155, -18.252759633001272], [120.55986103818728, -120.69891120303343], [85.60456216221088, -85.78757936020843], [176.1204127727616, -176.3572402738183], [151.97168803338315, -152.16625658998646], [10.10072255359812, 2.67258967215973], [138.004051193072, -138.1753846343027], [46.86767072314922, -47.11666306412593], [89.63614240286861, -89.88532787814262], [42.88880847243289, -43.07781725695655], [81.60440887588196, -81.85307105973594], [48.93977219844313, -49.174887529344446], [66.7925759180858, -67.03900377549687], [211.96337964239407, -212.21337721069665], [162.45021009504234, -162.68777548956714], [187.64615595835068, -187.78461567697082], [87.55722165316955, -87.80329892171127], [40.908977023721285, -41.069883959013936], [34.82339506701537, -35.06066488677447], [223.19000752000545, -217.73262500896953], [97.97999916151285, -98.19191899222449], [100.25852678543313, -100.44286221930821], [62.2462328536386, -62.43468754591913], [171.52335037236656, -171.77070241245315], [153.97809266755274, -154.21850639334974], [135.8801047353835, -136.03037131714632], [133.82201140173302, -134.02278634639706], [209.76819316664867, -209.97087365893407], [196.65671669507, -196.86605387239766], [71.32861396076775, -71.52005885605007], [23.197101350194277, -23.386282333163866], [129.69411005427312, -129.89106431929156], [207.5868400040354, -207.73715818538955], [131.81266569462647, -131.9469797910733], [93.79741583066232, -93.97280402579361], [118.25087597056881, -118.50079014428215], [53.226923216346535, -53.397546764102415], [113.65453987330724, -113.90040988830226], [205.4751934603604, -205.67940654149587], [20.893562057194167, -20.86573823677729], [79.67847587673236, -79.90795082451166], [198.9410360881331, -199.01229283473975], [122.87826225126587, -123.12572592667915], [185.24015918051384, -185.4897560224209], [91.67637517356965, -91.9005091004068], [158.21924439326068, -158.46008526475387], [156.15290827685217, -156.32206648838044], [149.8988194202105, -150.13938987603203], [14.990718815078324, -12.693020045947708], [127.45749745848809, -127.67248596702451], [178.40054013513262, -178.64393455856967], [125.21440475323301, -125.36342346406374], [28.052333324066847, -28.299375932553694], [10.583313673518752, -2.1162157316061263], [160.35153880225914, -160.5517096696397], [38.887451180326394, -39.12486557623646], [51.05930846542478, -51.308447453026176], [173.8684678442098, -174.10159508415256], [25.604290340757277, -25.707389341327964], [36.880863066433406, -37.09288877171452], [164.8158784672656, -164.94409468149195], [30.26239733941798, -30.505370545227684], [142.06213888151402, -142.1099360168894], [109.21618549740712, -109.45907805178636], [13.089089717705255, -9.440308257531568], [83.61392837264182, -83.86392837261391], [189.89218667416, -190.13109357016924], [192.20754411266674, -192.43773129254149], [140.00412509804391, -140.20409619166116], [11.625826232917714, -5.856827678461315], [166.98666562495035, -167.1848258779707]]",18.95
SRN,CCPSO_strict,8,100,0.909192,0.328359,16508.787285,0.281417,0.066567,77.0000,100.0000,"[[23.602078596524674, -23.8085328779863], [73.0382046407158, -73.27833804801993], [36.744089611940595, -36.994067825216355], [28.00702704381808, -28.256985312649604], [30.29234227466197, -30.419240996473604], [89.24031948213991, -89.47160254321604], [87.25103532672209, -87.49974447041058], [127.15816765883541, -127.40792702386925], [197.5498868366507, -197.67543076610596], [52.94106671642253, -53.12955286936939], [19.16188178403322, -18.832059388606872], [146.18524343989748, -146.4285317745087], [129.57268095843438, -129.76456382840186], [134.28049778524127, -134.52783116331466], [131.89614097921117, -132.13516953466885], [12.404449083650192, -7.744228643717323], [150.87257680921337, -151.1163487526693], [42.72304911515003, -42.971714534163176], [124.76231572032763, -125.00868333354279], [122.42572767596401, -122.63861732450651], [32.45670756174151, -32.70668516466328], [205.50035870355018, -205.74984283431502], [10.479815317626345, -1.2774675393008321], [175.88667925217277, -176.07529927565824], [207.60834932482405, -207.85752891912426], [101.83658184112349, -102.07627235036756], [178.23831525433312, -178.48810480083927], [120.02621537666833, -120.15609360710796], [63.9858358384634, -64.23480505735495], [11.281168828076616, -4.661285267649356], [166.95352509987174, -167.16744161778644], [83.42602960454576, -83.67441676992404], [79.43607713694956, -79.67394887788276], [209.69043297652024, -209.91551508989826], [191.5117033110713, -191.71401429209777], [85.36099687888532, -85.54819659129865], [97.44575393595358, -97.63149649211326], [171.47248941307265, -171.69587145778104], [185.1753725652333, -185.42282860951906], [95.29193026819384, -95.47406620116664], [40.73782773446027, -40.965540670963335], [99.61957661617855, -99.86948446019564], [148.5629160074733, -148.80524128793886], [187.41349280171917, -187.66332523356337], [110.62596853301287, -110.85994215891554], [216.55630399379575, -215.6810912128209], [17.09772297136101, -16.128620561683693], [139.06557774490577, -139.2526170055701], [117.5794430825205, -117.81632483434912], [193.61451590825658, -193.7095321495266], [143.86078573921603, -144.0787915415836], [75.1545668916748, -75.33766537046517], [77.28771788784181, -77.5235404516835], [182.8816434385789, -183.12795545314032], [173.68072261176485, -173.92864830252034], [199.60367364691666, -199.73303629277024], [10.100145330648742, 2.538548687139402], [106.328129569335, -106.5196342884413], [195.5235710489348, -195.74445686372508], [222.65727643174395, -217.7321270368688], [44.74478805357123, -44.90243292094365], [68.59703425575931, -68.84124850446861], [61.670668047335, -61.858869450702954], [48.80695401423483, -49.03464281361156], [115.23569713035154, -115.46889642298777], [153.10862984018343, -153.33251789648799], [55.00288085428345, -55.251551690277], [112.93635378266603, -113.15758977707978], [93.2420847414205, -93.49005522547225], [59.310849742106925, -59.55949552552177], [155.42758277025808, -155.65068882440067], [160.05177999948566, -160.17709832155788], [70.73533273190796, -70.9843988119556], [38.761820357614496, -38.97555103940206], [180.62815144108407, -180.848300589831], [211.81732813840702, -212.05685215276483], [50.82745176936983, -51.07718348668948], [141.49893659537608, -141.59195180304874], [157.78650100306356, -157.85737758553014], [169.19665570826484, -169.43335791332274], [164.5794240448456, -164.77762602710322], [189.44613873509616, -189.6256038396059], [13.645567957639539, -10.50601565090301], [219.1386512142483, -217.09225975651253], [34.66492714132537, -34.86867211769773], [104.10993400610529, -104.29826557488333], [91.20442719627388, -91.45036480210231], [214.13184894730088, -214.00184494668036], [108.52432399911307, -108.69384916282877], [81.5203606638719, -81.77001461761671], [162.25568213318942, -162.44860596086392], [46.77464336408917, -46.99984877276236], [15.254524517057142, -13.305846095074202], [57.11769775746974, -57.36721227764039], [136.6495967831398, -136.81423802757433], [25.825474144813615, -26.066837576237273], [66.22909250067718, -66.47742690925072], [201.48586618595968, -201.7210502423757], [21.46359458942491, -21.14962200452357], [203.50192250875602, -203.7518341710729]]",18.38
SRN,CCPSO_strict,9,100,0.900154,0.414460,27897.435550,0.347366,0.072799,72.0000,100.0000,"[[149.16656838436617, -149.35858920660706], [87.42065612433679, -87.66885770338205], [53.65285821317063, -53.88137541299928], [72.5568033254863, -72.80409218315481], [134.19163265577242, -134.41251296594353], [99.17856613305055, -99.42000423448482], [212.87277203657612, -212.99391407738065], [167.2354939799694, -167.43944440774862], [57.53024122163171, -57.76132664087185], [89.44343816513873, -89.63773971601235], [188.70948431608517, -188.9098838855109], [186.2222193513552, -186.46716374826502], [153.48905035402714, -153.6759909975362], [20.38550511013391, -19.837093875458656], [77.09114828953673, -77.33401042917275], [74.87310436509206, -75.11553282172918], [13.5973294025585, -10.190405697171098], [61.56397650221146, -61.78237696566788], [205.64366145848703, -205.89366108746492], [10.100388152207405, 2.4792072552420636], [109.44112202831624, -109.69055326649968], [203.24989325099392, -203.47973438215206], [125.07295753780784, -125.31948370845174], [171.9455344457452, -172.19426360217207], [142.83160700577224, -143.0321162033662], [35.442761182955124, -35.688185067416924], [144.96863800518898, -145.18488673534736], [70.31998991041891, -70.566539845805], [33.34129912719862, -33.590195553530364], [215.55738142429192, -215.26549510865038], [122.95466042552253, -123.08040470812944], [196.05192424727588, -196.279127275555], [16.53023042921763, -15.257108781794287], [65.80232531246565, -66.03633042082743], [193.64280146169318, -193.81873395467272], [68.0747531868137, -68.3186979159182], [183.78154275763066, -183.99350715067047], [83.40879962735538, -83.65451306550142], [151.30626546042382, -151.54622966130665], [162.46008435696115, -162.67001516307752], [174.2357411411029, -174.48045849543198], [105.52626939160209, -105.759133712936], [120.72562605324086, -120.97542091785662], [93.20769561830693, -93.39674277147391], [155.69241831506287, -155.937190286055], [147.08750438325768, -147.22833157850351], [22.151835866111433, -22.30775671371265], [11.238728289261688, -4.750030383563673], [63.65404534689925, -63.89583052399902], [37.44351261317118, -37.6932982677786], [43.515039343859044, -43.68750390332042], [210.40041232027798, -210.64568305906806], [14.875007013239173, -12.760447439653106], [208.03943048035566, -208.21249891396582], [47.501218512382806, -47.612946990283405], [127.36347922475484, -127.6092366775602], [10.499927653665427, -1.5303144111335714], [39.477842078497645, -39.72099138152444], [79.34272398940368, -79.57937983247893], [91.30194644320224, -91.53998925247538], [49.544615001513144, -49.772877155859], [222.67375381507924, -217.7352989610472], [111.70743583814725, -111.91829073762538], [31.175313648284046, -31.411454000008874], [169.5760548241635, -169.8256360522232], [200.81974301901334, -201.06841068917063], [97.176956072284, -97.31165970683196], [116.25163011238602, -116.50132152748117], [51.63359641341465, -51.79180751918051], [26.526207472683577, -26.766788764964545], [24.271324191892937, -24.479787292651167], [118.50816435269118, -118.7380240858899], [55.636167268078765, -55.803457641530144], [81.39452336985869, -81.6426991862031], [113.95198813955038, -114.2018288640076], [129.69120101754922, -129.9062071906802], [140.69504665807517, -140.8682737197686], [160.18612765444072, -160.41871961631873], [198.44686333739753, -198.69064456805592], [138.46238718795252, -138.70665207535012], [131.93421876806374, -132.14420308337571], [12.363488307536914, -7.504444373728313], [85.45164834984709, -85.70092962079747], [107.4573607599313, -107.68227506341498], [181.30007657027627, -181.52501719121716], [164.83587701517092, -165.0719042437951], [178.84964011545563, -179.09955179574246], [45.37230546449553, -45.58976710806195], [101.31701994428053, -101.49040934274166], [18.475181029518843, -17.64254076432905], [136.36496880986337, -136.60850266443768], [28.796846882671197, -29.03173181633654], [191.1531494085423, -191.40209114869614], [41.6210803529364, -41.81465069206615], [103.36875127972623, -103.61710364177227], [176.57105056311818, -176.7637070281776], [157.94966068491485, -158.16044684144833], [95.43134704559688, -95.39340022335136], [219.03413752033458, -216.4772427595115], [59.55863330433159, -59.79074725756382]]",19.22
SRN,CCPSO_strict,10,100,0.898712,0.357363,26342.851131,0.271883,0.065299,73.0000,100.0000,"[[51.38605725692851, -51.63415896046405], [188.92042375681282, -189.14584516690113], [202.07954113298035, -202.3083934600042], [83.28172581260011, -83.52176467772864], [111.320154547134, -111.57015238420102], [87.86138561177205, -88.10076483873675], [195.32469780466556, -195.49422481630495], [133.33976236473328, -133.5613857418531], [49.323555239395084, -49.509439846834496], [197.53276462873114, -197.7827569516932], [15.951099951054289, -14.41150790561177], [24.047303238443885, -24.136483612860903], [69.9083126535057, -70.14536007468375], [206.74330792398905, -206.91054613424257], [92.53154020219378, -92.68043564012258], [137.38528281898118, -137.5914090629378], [90.15196243298557, -90.3807995480775], [85.56417687949133, -85.78987416837501], [34.6932376773332, -34.81342882094637], [176.40530491795508, -176.64476221250476], [63.5257295768038, -63.72821002084934], [180.67599176807238, -180.91692282020728], [209.1283100333636, -209.35447219861345], [122.6187919648699, -122.86311615139016], [105.10493432995868, -105.35347989604509], [65.60304740633252, -65.79123309262545], [182.78738392635736, -183.02267179110476], [10.55241013295581, -1.6721498066300393], [36.7005734960125, -36.947776895098215], [147.99789755860076, -148.24584109889395], [150.35624754927602, -150.60624575358352], [76.66306341391787, -76.90435663027537], [160.29031109881933, -160.5292333614412], [118.09490408359085, -118.29606246479673], [152.77713187537762, -153.02712843288225], [143.67071831424974, -143.91743124022616], [96.99851998511389, -97.21957055325156], [139.46460599936776, -139.71308142012148], [120.35841823744555, -120.54649109989604], [26.131695197337827, -26.3732827283243], [57.305176905229146, -57.54427821716766], [28.248084460487654, -28.49646975939355], [171.9841925998786, -172.16605966388542], [14.270595800189277, -11.673241001792672], [61.44466504123107, -61.63617746736317], [115.84072131471764, -116.06086440477625], [184.86622339394364, -185.0797333057559], [19.649063587384852, -19.433335709690645], [74.39475835176836, -74.64457516413331], [107.15120606712807, -107.40085959351502], [99.11724302351277, -99.3600937228341], [169.65631878148676, -169.90550065757117], [11.42762353675796, -5.349784851830153], [109.24279188126178, -109.48884391043195], [124.85363555335792, -125.10067808634183], [186.93822219297118, -187.07221767937943], [127.07304314327628, -127.28512555382505], [45.14764901601333, -45.397629333392985], [53.42231460584639, -53.67216740249498], [59.310640297414146, -59.557451529795145], [222.97284813168798, -217.7239919095118], [162.73438610010027, -162.9772764930305], [129.18140106388913, -129.3889324128461], [43.090514105215924, -43.21063415533695], [55.40622255131994, -55.57192723896807], [193.0246454238443, -193.26628533123142], [167.4157604883354, -167.6168836576479], [145.7347496052781, -145.9497628274393], [72.18625018571163, -72.31850916797293], [157.76351619620527, -158.0052113877921], [103.10520766396738, -103.35432104320293], [78.92876826974418, -79.17242302248795], [213.64549126704006, -213.7322742477656], [12.748464979347766, -8.639178331327066], [199.7836991169598, -200.02779203794975], [10.103506076202487, 2.2222257782815698], [165.08845200055043, -165.26667330990585], [135.34010694049505, -135.57973695654442], [17.799004682937813, -16.933155352828603], [178.54332653585743, -178.75049172848898], [204.38291283475436, -204.62757590320953], [174.1780598466778, -174.37867634696946], [38.89049525214419, -39.058819191038694], [30.42008121865406, -30.657180688620336], [81.0544636832237, -81.30028858996467], [211.3528963788474, -211.60111354081866], [141.5633155412856, -141.8132180227392], [21.751743272666335, -21.818525207058475], [131.2619966910224, -131.5119909411642], [155.18753078972617, -155.41906076105326], [40.940784674788716, -41.18839609108247], [94.7777959152399, -94.95298425193847], [101.0776276878868, -101.28891830857025], [47.2846039873596, -47.49332046971105], [32.530639962084805, -32.77896489764116], [67.89878119756385, -67.93129886423299], [190.96377261527553, -191.15752595888466], [215.61859383259022, -215.30770624599506], [219.0190094926112, -216.82284194040415], [113.5748218645793, -113.81761446917588]]",18.87
SRN,CCPSO_strict,11,100,0.908020,0.370478,20288.548944,0.211850,0.051293,73.0000,100.0000,"[[22.137785526303517, -22.156011748998232], [41.76848977891189, -41.911862764568646], [122.99284914803103, -123.2420518813437], [187.16447625227732, -187.35756712350906], [160.41920160519888, -160.62163056449154], [164.65492331545948, -164.85943994177703], [24.10710185686851, -24.311412020906236], [97.01345399926132, -97.18956877290746], [120.67329852542211, -120.90767356625479], [46.377007131134434, -46.611655154876736], [26.173321605225535, -26.418532092672955], [166.79144952962295, -167.04141142891842], [28.231703052074348, -28.4695929194174], [211.2745486414043, -211.49218647953126], [53.176682466647605, -53.386407757796945], [215.95427167221018, -215.45054357570103], [59.597587557484914, -59.847005539079824], [173.41073691940304, -173.653084506566], [153.98169914794252, -154.14929604809913], [82.00707104332608, -82.2408241106076], [116.15685119889233, -116.24160225818358], [158.22221013486188, -158.4709872894375], [143.53319385712967, -143.73765351665142], [20.186386345176622, -19.98289049283464], [202.41145190079533, -202.62478792275618], [141.34561886068528, -141.5642968105449], [125.31939658757175, -125.50725692988914], [15.150907355035002, -13.080814739597766], [151.9185915328471, -152.14247099682473], [196.01362875259295, -196.22939509952957], [180.2694384531695, -180.5167838764942], [145.69077318542247, -145.8755255641885], [68.49864020642711, -68.7386990779771], [206.87410152456266, -207.04976137930893], [70.85585944850025, -71.10498635224769], [94.78412580312035, -95.00034752699281], [63.89300164843641, -64.13208957314319], [175.64019612814963, -175.85144098473725], [39.38018315564251, -39.61111882524843], [147.77218657980566, -147.9506981144234], [136.82315911068645, -137.02446296892361], [200.1791220083097, -200.42566226068564], [134.51615545831459, -134.75899459238497], [18.34064745705336, -17.79771327800463], [169.01612399682313, -169.26587532082505], [198.0516803110971, -198.29727309778914], [55.32849769397285, -55.57849764595817], [191.68570489952458, -191.85746421104105], [86.03294583756532, -86.23059988811497], [129.9092410531037, -130.13125134286682], [103.33420867733994, -103.5796131534523], [213.34566149551267, -213.51513403032533], [219.05515823195861, -216.99094012330613], [83.97458483333465, -84.21037863815766], [193.85370873259313, -194.1030293228253], [44.05142270711869, -44.22290608614323], [73.17885853147553, -73.35649789913481], [90.23142916743502, -90.47973006950537], [77.79592829680668, -78.04291622077326], [12.281628789061466, -7.548157303968147], [51.00527231787784, -51.12387145648232], [57.584634917058594, -57.61771704835154], [61.817693026157656, -62.05944207313205], [162.55593844607154, -162.80278830507365], [113.79373509302646, -114.03654036411533], [184.84025230779648, -185.08176512943413], [222.8167168508861, -217.73655257614013], [10.102743941611235, 2.6747173530647492], [156.04575097031667, -156.25845763785117], [66.1104636758839, -66.29079364600433], [149.8792603608083, -150.00721409966974], [34.67043565503629, -34.871607523139495], [107.51844515846004, -107.6814318759248], [105.47471209027773, -105.72453343873016], [36.938997348304724, -37.18788646439342], [139.1200593769533, -139.30539848581185], [32.69247240331222, -32.63808258327987], [30.428531978852376, -30.655762195854404], [182.54071635628753, -182.79059888507047], [99.17148187439747, -99.37520009150623], [204.59903302288706, -204.82513269394553], [10.391907307299702, -1.0925574792759543], [127.60027294039713, -127.83988228692215], [11.176479294901968, -4.51161557267756], [118.41019741105734, -118.65537979977283], [79.97659630724246, -80.11911593516041], [111.65144063730578, -111.87234126967115], [13.595639979243558, -10.405436443288504], [177.92839154344264, -178.13519689138087], [209.03636176180908, -209.255111158298], [92.5398796834499, -92.63454884317382], [16.73080971979715, -15.499994971420938], [101.35579816444368, -101.54503672953732], [189.45590365045317, -189.52529213551819], [75.47804497594008, -75.72673764002204], [132.21882135678842, -132.46497729671893], [88.05668618437525, -88.28570855814928], [48.707901353318036, -48.93094586433048], [171.17716363648321, -171.4143249817936], [109.68510121417272, -109.71028970146725]]",18.75
SRN,CCPSO_strict,12,100,0.895187,0.342714,33957.311954,0.202477,0.052345,76.0000,100.0000,"[[132.64391531956096, -132.89342142815465], [66.96506418457805, -67.11211967307204], [202.87031415053076, -203.11169615337178], [205.17507169267856, -205.40504633276655], [183.16220519903192, -183.3947817893829], [51.72316720896028, -51.89438519325384], [72.87586264680235, -73.09225245219044], [19.7871295507963, -19.617838568405478], [21.845861224791808, -21.868598093839907], [30.419535268118356, -30.66703234661633], [216.2657015644082, -215.71411697337487], [45.375587966620444, -45.61333658776199], [219.16439700073386, -217.03999150406543], [200.7391958232951, -200.95743906795943], [93.03119102230391, -93.28112850009086], [214.01575303028898, -214.00440402548432], [60.42572782044492, -60.64628388123065], [109.8346658945926, -110.08248583054464], [79.16240411047016, -79.33439311086255], [153.89851789265578, -154.10450521070706], [53.81679349966122, -54.06630740210241], [134.78112180850525, -134.93175220350648], [41.04421607704979, -41.290544750712456], [97.39445968904278, -97.52691549350229], [143.55379636542247, -143.68488459642282], [170.07366459713944, -170.32023200819816], [81.37330391277594, -81.56636385220054], [209.63783806413113, -209.78713024209236], [17.744423211804676, -16.934667431456], [222.68827516544084, -217.7345887506204], [112.08727114173922, -112.33712145824349], [95.2467350811485, -95.39105225327415], [10.101318079591996, 2.4827388638851184], [55.99381713628917, -56.23861542188493], [74.95065844253969, -75.19732939491529], [126.05078776079571, -126.2847973370033], [207.38454584099696, -207.6080648761314], [103.45981067419189, -103.70676245342958], [70.85671167311523, -71.07047996518182], [85.9782517224613, -86.18594580257805], [136.91989129907913, -137.14727121477404], [193.87299403737023, -194.11233627285017], [90.71451495928183, -90.96148541965329], [187.41846605208028, -187.598742181394], [101.54113178985294, -101.61978469693041], [196.1432519033702, -196.34725867013722], [139.13786147451094, -139.3845960707598], [141.300113995628, -141.55010259078222], [28.303096077053535, -28.488118322300892], [151.79270585750825, -152.0202922448755], [114.44492614286345, -114.67173441325836], [12.591808901984521, -8.293843558476183], [36.845297639519195, -37.0595553725529], [77.01359273786511, -77.23489067023522], [178.8834027232141, -179.0602443713507], [105.4710267268367, -105.7207786780176], [43.201586157858635, -43.41596597350813], [32.55156916654019, -32.80137916979579], [181.06390752308653, -181.22775395374245], [88.37623735573074, -88.60902481852186], [160.64904778641014, -160.88925740938004], [23.94305354301405, -24.17468984572542], [68.88739216321979, -69.1087323078302], [128.3433906405091, -128.5523498744287], [58.209906025169715, -58.45236960581207], [158.46861967133682, -158.5119844767351], [34.69214907483803, -34.92944270674785], [64.8020416933588, -65.04722588929991], [11.386753220823284, -5.077660448957887], [145.56104582700686, -145.7855759488257], [176.74757849903853, -176.99591560347815], [211.8324887108764, -211.95253028622824], [116.7793041404422, -117.02003461842064], [121.54216141930618, -121.64463755505258], [189.56413471857087, -189.81412340018812], [172.36833522365035, -172.59709371465777], [191.74364725238755, -191.95928932964867], [47.43371766888742, -47.682806903953555], [99.44738542060387, -99.67764253163449], [107.64951584725996, -107.8963117442784], [156.2037039039472, -156.3951397769733], [10.50307027151431, -1.5572201519075577], [62.59919642324574, -62.848824062954975], [14.244317419616145, -11.495825627731097], [119.1970852771931, -119.24864042061427], [185.30226451232411, -185.51517724789713], [165.40853619559672, -165.64597718297313], [49.57238095940356, -49.82222792943526], [130.4662786931309, -130.69314318539935], [83.65553631693233, -83.89081657197751], [26.125408226113354, -26.361992997488333], [149.7105125557194, -149.89435388885252], [167.75891519590937, -167.95568165651588], [123.75658149437486, -124.00627957960964], [174.601180197466, -174.76139532829245], [198.46296406305402, -198.6922199936267], [147.43897442273254, -147.67703054568767], [15.982158126084272, -14.324505047851352], [163.03972601876256, -163.28636860232334], [38.98228553735283, -39.228679294493574]]",18.41
SRN,CCPSO_strict,13,100,0.903491,0.349693,25955.633256,0.245544,0.057823,76.0000,100.0000,"[[190.68630451470975, -190.93043126205856], [188.43101355460414, -188.6371907673547], [62.9890842216214, -63.1928907664318], [74.20139401204126, -74.41694259440823], [158.00424452166206, -158.24724952010982], [211.12337244896602, -211.3105194034795], [134.32374206829806, -134.57286105274653], [179.16062728636402, -179.38319790256656], [67.54101569595834, -67.73445578846993], [18.533777974135887, -17.990598198417167], [132.33893943933458, -132.49503031653103], [76.37392156013354, -76.59319667465776], [195.16537748187085, -195.35365641181863], [222.92045969191417, -217.7336149818293], [160.2365944594379, -160.4580549253099], [31.795336482241485, -31.930412389271265], [197.28233161200717, -197.51397408322998], [138.4882824776654, -138.65755606769088], [10.103769368568338, 2.7428721305945407], [122.04485009584252, -122.29301887097917], [186.04361207569053, -186.2925462953641], [140.5341969699051, -140.78149468556919], [142.6711175816137, -142.77820208940307], [65.27472084908382, -65.491155502341], [78.56514648157726, -78.81445971472425], [49.627331341505965, -49.87439299775821], [25.145275815235333, -25.394225738851507], [174.9409780328756, -175.18658913001275], [181.42130660039192, -181.66759423881425], [151.2529956512536, -151.5027178667026], [39.83682044044431, -39.977288227619795], [29.62904235770786, -29.876914837801166], [168.77961162504042, -169.01183457167375], [146.93998542035908, -147.1787718156326], [92.38011648559775, -92.48975061696251], [94.59476757981975, -94.83610316679221], [183.73733485656555, -183.9722322880388], [155.7466825440183, -155.9481639347987], [99.35791739344315, -99.5823970835685], [33.79242759568869, -34.02756590319973], [89.97685300276518, -90.22431259084259], [51.743585913891266, -51.9104898685282], [45.685935806533294, -45.826523838569685], [83.00681388700465, -83.23460762436869], [72.03937339499952, -72.17069275351741], [192.9345390448713, -193.1147843046101], [153.50544165560942, -153.65070272553308], [213.52754671513333, -213.69660814409963], [60.68079396929671, -60.917465676946144], [27.44206330899418, -27.668805273955886], [47.6365728602903, -47.88454426731451], [199.48387590457003, -199.63291718935804], [10.552929773273014, -1.1995000140065581], [58.34772867937066, -58.549809239045175], [22.858083317084116, -22.94396719541624], [162.42284444419866, -162.67081549279865], [130.16142199398973, -130.37565584003596], [20.65441062514185, -20.521372612460333], [149.10246251836816, -149.3137617542097], [164.52175638063284, -164.7717472659606], [69.74188870501189, -69.99184630848531], [170.9028489052889, -171.15263609743528], [111.18819152785628, -111.37020908690752], [87.59491280907326, -87.84440736142055], [206.53389490146088, -206.3371893681207], [115.79564088026255, -115.99711048538283], [108.98699355746925, -109.12716884282429], [124.22723440361091, -124.26341570692921], [136.41610077024046, -136.5280522219601], [144.76731201646575, -144.99061665051047], [128.16729732809188, -128.34544977793195], [117.85849581123412, -118.07897967660695], [216.26763622447262, -215.45123690807407], [11.27976327707621, -4.577797978144181], [97.0336991774183, -97.28359829393443], [172.95055279434968, -173.19739211901376], [119.96784089455451, -120.04627504479024], [13.555942994710803, -10.202039777904526], [166.6486651110849, -166.80970446346987], [80.8162727506886, -80.99787080587211], [177.03442634608223, -177.24206621135787], [106.59971580666726, -106.73197343089112], [126.26217876351531, -126.29978027719474], [37.854158230991615, -37.994627107614726], [41.7841431546194, -41.98809206765173], [204.21181233199053, -204.11955026385564], [101.85281858073265, -102.05836968708778], [15.465134055876145, -12.606933437320576], [53.9330216083863, -54.03954603272551], [35.88491141461625, -36.12973899003695], [208.84717732742106, -208.91216533699998], [219.34048103871126, -216.86132620518612], [56.12127489943311, -56.363262900164045], [201.95748044481212, -201.5790846421637], [85.30965994301543, -85.55153133371444], [104.207185754211, -104.44000258182821], [16.989175025948537, -15.341558341095233], [43.74029981149093, -43.9312170817077], [113.44553128734076, -113.64477270505716], [12.354330791503394, -7.321794329326328]]",18.33
SRN,CCPSO_strict,14,100,0.896245,0.320663,30531.954636,0.189306,0.049457,83.0000,100.0000,"[[113.93510007269336, -114.1763094108226], [50.203870347899084, -50.31949763050885], [181.24904427024148, -181.45951645739368], [54.80647672442139, -54.98510027331059], [193.68701962395056, -193.93701698398644], [21.75226468851654, -21.792018704698407], [159.69200596111068, -159.9389115886451], [11.526569026514029, -5.569454292284961], [57.09699659497804, -57.34632997762423], [70.93806807139183, -71.15620679398458], [137.9086794839745, -138.15552100417986], [187.51449632665447, -187.73763965393456], [19.816585140110497, -19.425538498493097], [30.270368617355473, -30.439482863693826], [144.58305376694432, -144.8325732239704], [99.02584109784634, -99.27573905412159], [164.07354527914816, -164.2830491899959], [12.803471311649833, -8.826981947262409], [140.3099707973491, -140.46421210285982], [64.0293390485379, -64.27748569020126], [189.67103291167325, -189.80894200003718], [213.66692843555936, -213.81507468174132], [216.26239736089173, -215.645860422143], [150.97835997258372, -151.17230509492654], [17.869026284483752, -16.95061624613469], [105.47122279311318, -105.5452730967161], [28.08263712237126, -28.31585578001217], [168.45001050705727, -168.68902841505258], [109.55735110335686, -109.80379391192851], [86.57232098510605, -86.8207532052362], [172.80335060361045, -173.02704610913148], [10.556632298097139, -1.972365059548446], [174.93522252558233, -175.14454030528748], [103.27701731754482, -103.49798756396387], [96.93939208704796, -97.1264732264123], [142.48326544104475, -142.72821126060776], [66.34610427422783, -66.59563463114877], [148.88723243071203, -149.1359463912554], [94.79835685035417, -94.96034349074445], [197.90666423180508, -198.156043036807], [157.52207622330553, -157.74588700333766], [15.979674721539833, -14.361741214664836], [75.53054989759082, -75.65835116269145], [183.28250161736514, -183.49209498375768], [191.67001174089154, -191.9197202799478], [59.40400852872783, -59.64198109758453], [77.72577905158262, -77.97333620783279], [208.96277919626763, -209.207909814616], [206.7336891792856, -206.90411221132376], [111.8021578774397, -111.95078026899688], [185.39304444651955, -185.55096573153688], [45.55459431814065, -45.79994527580244], [219.22430076695719, -217.00051213933529], [179.1485298978318, -179.39521846181032], [32.37053186668163, -32.60620205288865], [153.16012354364727, -153.37350254917826], [135.5643652867451, -135.79971590757165], [41.06177497246104, -41.26512277679005], [130.88618386165334, -131.08946955126962], [170.59685348323197, -170.84144571330938], [200.0030290875501, -200.25164290043784], [23.734760273950126, -23.95281969889429], [166.24582689907814, -166.46238875996352], [47.860492888309196, -48.08952664667296], [73.19441655179938, -73.44225840232966], [36.68671363675833, -36.90625859337622], [126.44039195787052, -126.64988939207836], [128.59780485617742, -128.84331134155772], [82.19993643468855, -82.43254772231087], [118.12289333042008, -118.33952172173062], [25.939048441533675, -26.163459468425405], [211.20462152322244, -211.4542380058449], [14.337742292956806, -11.56675797369666], [177.0003312070159, -177.24165429448496], [101.1212196164056, -101.36950788696686], [79.97905838249942, -80.1766669732031], [120.0870152036967, -120.32508327103167], [61.71909729867595, -61.945822715951245], [124.27971291839079, -124.52402359453917], [10.108552623918287, 2.3194967879938986], [161.88957031949317, -162.13160354023935], [43.44468803897381, -43.480784153793806], [68.65281468806197, -68.90185789267922], [222.9860458862751, -217.7384335257347], [133.20075341529045, -133.44509096963623], [116.03314703693782, -116.24623550315661], [90.78036217796536, -91.0285338374211], [122.19188023769931, -122.35709409739496], [88.68966106648418, -88.92374688565863], [204.43829500001294, -204.6877941348984], [52.5317189408556, -52.69915409135953], [84.37764574002676, -84.62753986438103], [107.46713726447126, -107.69073651085667], [155.32877660163496, -155.57762239323458], [34.49702529399025, -34.74687436120758], [202.2374373928544, -202.46107999934028], [195.71888361483204, -195.96808257232027], [38.836489006809884, -39.08247420858075], [146.76278430457288, -146.93516222798996], [92.82267042473507, -93.03824546127879]]",19.01
SRN,CCPSO_strict,15,100,0.906564,0.313837,20469.630089,0.283506,0.059217,64.0000,100.0000,"[[163.5157287628328, -163.7480691069723], [141.73215148225069, -141.96440152692205], [115.50802664363705, -115.75152193810096], [73.16006548163098, -73.37051682857313], [79.79033978283584, -80.03311464168112], [165.47496374269124, -165.71629027428622], [194.73017514535417, -194.97887685465489], [90.78247523994568, -91.03017652659072], [24.403617974446675, -24.55073647525374], [146.33959335577472, -146.5839988560724], [82.0013839813647, -82.1549128207711], [208.22147332563, -208.44257413420644], [132.69627849573828, -132.9303739700463], [171.33716705192492, -171.58452743438474], [139.45985805913674, -139.69577710585588], [22.139450118538914, -22.22543194143914], [217.01550391736623, -216.0540292654033], [77.65203151468762, -77.83929592287879], [46.98255917129496, -47.22994735936869], [117.50207220870914, -117.71018473631318], [75.37578488285249, -75.62564375662238], [93.17515120214809, -93.42503250788481], [11.557933910208408, -5.726300227080206], [210.3591720060875, -210.6090563553687], [121.52700870832267, -121.71767975679376], [71.02064828444796, -71.25149748727947], [66.84812233690643, -67.08181123295792], [183.63817031517848, -183.88736660460393], [56.06954469068623, -56.3017515792531], [157.5257353012389, -157.75414664660724], [159.61712132062303, -159.79747183678938], [190.140509994458, -190.3712671077239], [28.97634696310044, -29.212658353119117], [134.86332218783718, -135.1107605099934], [88.50209303481752, -88.74510281809557], [113.48590009058469, -113.73551993902714], [123.61131377761104, -123.80886305501531], [197.0370925913436, -197.27580282387294], [53.76360764233605, -54.00954828806924], [51.45759966932391, -51.6781952875934], [86.35473305973616, -86.58682991842294], [14.409933970996141, -11.920378309594469], [192.43333681866656, -192.66375636752093], [144.05116316853565, -144.23283829729806], [137.2312788500953, -137.36050037539937], [130.487435628502, -130.7193533165118], [185.78960661473025, -185.99168831737], [155.36204137226466, -155.59822761372078], [169.37991117403115, -169.61610369365306], [102.63110380031176, -102.88068410816786], [187.91640676666282, -188.0804692141623], [109.36509654548506, -109.59468799146146], [17.95450310495492, -17.27733624222301], [212.57863005444878, -212.66924995503504], [42.65367520384087, -42.903039331327264], [44.848703406236666, -45.080374822895465], [10.104627033879709, 2.8910479539327882], [26.695624948019105, -26.90427395017659], [33.6187296221081, -33.861498690098486], [40.463884744043526, -40.67998529417562], [150.86710333413984, -151.11554962716625], [219.74582063805963, -217.26458198912871], [69.00407750422269, -69.13071027480667], [111.47513431442599, -111.71601553755767], [31.335880550932995, -31.529053493265163], [223.01178532252794, -217.7381230821197], [104.932408249416, -105.15440683801499], [167.46218043684675, -167.68418478244152], [100.38974154201712, -100.57264260991633], [201.64659675223967, -201.8620268677988], [84.14610246910392, -84.39571915563778], [206.05987117538533, -206.208309232416], [175.4450666597011, -175.6872882922136], [128.18248438657395, -128.41224394082806], [58.32384552618031, -58.4855805790607], [203.82774445335477, -203.96871568475103], [20.00185511648666, -19.808871759420278], [35.91494957254863, -36.16394042735885], [16.185979857623952, -14.605169202683248], [179.5180357883255, -179.74328243685676], [13.037701205680154, -8.829080813497743], [10.555910890581096, -1.8343872886659227], [161.59614774447235, -161.73087140458298], [49.29020568488079, -49.432608660046384], [95.54414755332739, -95.78766715546894], [181.62762953559232, -181.82707431508157], [38.16272622818005, -38.412487526257955], [62.690937787266236, -62.88632679342875], [107.13637445023132, -107.37828382450223], [173.494628830619, -173.5973982760098], [214.39141278928864, -214.40107223927987], [148.59559577511294, -148.79593741930245], [153.06983242125884, -153.31045880574737], [177.52696291604386, -177.76622591132767], [119.51981012828936, -119.6957376431437], [199.3714243831315, -199.40071895457044], [125.8879674388679, -126.1063601872216], [97.9272199332234, -98.17694178062347], [64.76622791915615, -65.00858766229855], [60.4969029866206, -60.72984864032104]]",18.19
SRN,CCPSO_strict,16,100,0.902643,0.354098,29239.216501,0.282426,0.065175,70.0000,100.0000,"[[183.35449851084306, -183.59405086662247], [195.80584759466655, -196.04547420252186], [76.52796617479599, -76.7443938526525], [62.17089077784025, -62.399277184999015], [84.20411098410277, -84.44854777888874], [15.422639861347795, -13.559975760975204], [123.69256781722285, -123.89407933615466], [115.15492276953914, -115.4047650675779], [13.968160177005691, -11.166121123018943], [64.23735617181829, -64.48644672172946], [57.85409657860157, -58.098023747395], [66.2949656936558, -66.54465739111419], [74.544495891888, -74.78037458858117], [156.7982059904922, -156.96541917672573], [223.24762506917986, -217.73166158766566], [181.18556402225093, -181.29467680116116], [103.88755604272957, -104.11402748266627], [121.55011743855789, -121.73787466717914], [72.49737470430361, -72.74011968753666], [106.19998677020618, -106.44553133622452], [42.024294269765086, -42.273174588827146], [119.41010317325042, -119.63195691106193], [10.104293641108265, 2.529217758106502], [125.81093062941166, -126.0331879700362], [140.4135366822975, -140.66328843503032], [210.75308013101517, -210.98738554449358], [82.27439192944365, -82.47824032061104], [215.7801213916551, -215.2059119540861], [208.49553965650816, -208.73221488183873], [51.18029227890594, -51.42820302267689], [21.099064683780018, -21.006920781680723], [204.02724624789505, -204.2625087546876], [159.14218688930697, -159.38645267783068], [32.54841006240997, -32.77140862722643], [189.86322892266176, -189.99784504505536], [27.832790065400204, -28.082165917808926], [30.173784230930217, -30.42293580751121], [117.28151665683453, -117.53040702726898], [60.013019843625855, -60.25756374361623], [25.50449966193316, -25.75351980995157], [112.9575356443294, -113.15351896112844], [17.222528546731787, -16.136208326612092], [86.23873671313638, -86.47253285936843], [170.50062732585477, -170.7313825899024], [206.28552825677298, -206.53548308420616], [78.4456894737276, -78.68202416782891], [101.506899698491, -101.73621705314136], [90.29056761155643, -90.52105917646158], [68.38760314407673, -68.63593804067523], [136.24119110003028, -136.49110187975214], [94.77638022340173, -94.89030150271094], [18.94950455158125, -18.533846762146304], [37.309646308799515, -37.50728622954489], [218.88225751329225, -216.86522575298997], [53.32434630099117, -53.537190635895854], [144.85310997224985, -145.1021818108769], [110.67969530852837, -110.92966076747871], [142.6336787504803, -142.84243416687855], [46.69962751276158, -46.861858155079105], [197.81376701438967, -198.02954701246225], [134.28335513418233, -134.2271016395853], [55.56345311172604, -55.805334592422746], [147.12932249450907, -147.33006260162605], [23.265956647685, -23.41975884899636], [44.341641837205046, -44.59156296482934], [92.63055268794636, -92.69472462398808], [39.67204544149861, -39.88402522268137], [127.96328988912849, -128.20973987713052], [138.35630399196043, -138.58288266507714], [34.92504763682177, -35.15846106100151], [187.73428440674604, -187.75900102651485], [185.43759608992667, -185.68452419321946], [11.46172112029157, -5.114652902875715], [199.92241040681535, -200.08963772218019], [193.8374175786432, -194.04950727120988], [176.76933092074412, -177.01623778013297], [12.636103860128587, -8.28130602526207], [213.1850055822667, -213.28443793095235], [10.517453997257356, -1.536130671129416], [96.98235726014478, -97.19704805589332], [48.90598675109052, -49.13899241066292], [132.20115887793798, -132.32980033159805], [202.15017810531074, -202.10287180198944], [163.8342212049585, -164.07680612868532], [178.96267636624862, -179.17135502122406], [88.36948989876349, -88.51433942560506], [99.29176632308135, -99.51411888176953], [174.69343833794036, -174.88620711258963], [161.54994022748036, -161.76884005144342], [152.01278298014182, -152.0726788064659], [108.36312051446943, -108.6130104141919], [168.24681421018255, -168.47093611611245], [149.36069757919515, -149.60657367507537], [191.78785615448805, -192.01381782659328], [166.09100474605788, -166.33925580115857], [130.11453543035967, -130.2896866801007], [154.3655924400609, -154.53317628526574], [80.31488144355086, -80.52112810146022], [70.43922308342209, -70.68922156309355], [172.6396532154506, -172.78436491528524]]",18.45
SRN,CCPSO_strict,17,100,0.902693,0.334593,26712.531821,0.282633,0.060252,75.0000,100.0000,"[[139.79903799515668, -140.04786727335548], [73.83936087709532, -74.07793883609926], [17.33614745360027, -16.35370859698202], [144.3165038034292, -144.4856238340413], [130.59829489208798, -130.84751716731458], [192.1322616930081, -192.28906913163337], [10.109238484664818, 2.06478383899504], [36.50474975562134, -36.66812661106658], [34.184531044988375, -34.434407174192216], [19.026100092249276, -18.64358763324725], [205.0964232300981, -205.33607540326017], [14.181096671930963, -11.552415059155209], [121.62868328472595, -121.85026959054727], [85.03223614930192, -85.28208274910654], [196.53851505840936, -196.7527278896359], [168.62071191768598, -168.8412173656915], [76.17696766542579, -76.40392602375374], [207.10470218527456, -207.35032579477388], [212.8236346399931, -213.05685092078602], [87.10895445974182, -87.3585214204467], [198.68946971397878, -198.93922591506117], [202.95181108197497, -203.19760259039734], [114.97267356057262, -115.2154964639493], [214.7311192876926, -214.5933067918777], [178.81018271718582, -179.05266101656423], [141.99812801220267, -142.2078001801413], [112.64684007328084, -112.84247766444263], [80.84190651869895, -80.90592121704987], [148.91451581238272, -149.03525566150273], [128.30909377602248, -128.50036459241298], [10.578510621658477, -2.1035977830992696], [126.04114336869551, -126.29113943751511], [123.78361018221872, -124.03265222564494], [22.938474068679582, -22.989253992094977], [176.79775030260717, -177.04297075305433], [159.80578073616613, -160.04602634988225], [216.97625591584563, -216.13456993883216], [146.63707546542346, -146.8830138278674], [219.85556192542327, -217.14824072407237], [170.78311805862776, -170.90198437345992], [153.22934586682365, -153.4790498971721], [174.83406895949582, -175.05167981728908], [82.98193644924844, -83.21230863299135], [172.83857275791496, -173.04183220218795], [102.73951001458752, -102.98941003269289], [95.7471375062374, -95.99694956054982], [54.01033221475076, -54.251153379946544], [27.41674801016952, -27.649877331871444], [12.764936458848178, -8.675332365767812], [93.4701110920735, -93.70306766727337], [91.29962562023324, -91.53494787474801], [98.06665466371055, -98.28072738582594], [49.94385185985537, -50.19383980017936], [100.39441640113057, -100.63085427100617], [211.06041594218362, -211.08964203034026], [71.51141422010026, -71.7051790014014], [185.15943656695728, -185.40868442252997], [119.51112205891889, -119.75735362863571], [151.02028859138971, -151.2444585307544], [189.80973145280763, -190.03932246942418], [60.26524092209346, -60.51459050960088], [155.52040131202972, -155.5944932661613], [105.16485561179422, -105.40787601502896], [180.89684074238818, -181.1389025697558], [157.61355167057764, -157.86126863244698], [43.41417395339893, -43.52050014142473], [56.09495873723719, -56.302759464819715], [164.3503619920319, -164.53095844833126], [31.99848063086268, -32.158248025944715], [223.2458907048097, -217.73565686694764], [15.738582921547538, -14.083052292945363], [47.89879121006176, -48.09200620240513], [11.505416947615158, -5.583838165187774], [194.30323256026645, -194.5406197736471], [187.54418207830105, -187.78791349291404], [25.150435281334047, -25.398310588510572], [137.56057179034792, -137.80982790172058], [52.00964304586394, -52.188099174685846], [110.17342383629088, -110.41367863466465], [89.26733161811428, -89.48009980993388], [29.74219740516437, -29.78629374703995], [135.271246027561, -135.5031298272038], [200.9063158324247, -201.11451503112622], [117.25789599672129, -117.43828653096699], [183.00996613551092, -183.24810475216665], [107.6626616341877, -107.89935761985367], [162.0968222954302, -162.28673467048432], [20.955247299261146, -20.855392094851837], [78.46516383938246, -78.67620946652026], [58.18572172912077, -58.434776176049], [133.1325728103497, -133.06552760718702], [64.90745379686501, -64.92062872940224], [38.810321708259735, -38.95094377977762], [209.02548248530354, -209.22954404277561], [69.17266789203768, -69.39004230790334], [45.583320323365534, -45.8242565768267], [62.77978011798695, -62.61367479255965], [166.50565518661628, -166.7302757140723], [67.09928998453438, -67.1004890705929], [41.05983257200175, -41.21869503807034]]",18.45
SRN,CCPSO_strict,18,100,0.907332,0.391251,22247.603855,0.308346,0.065165,72.0000,100.0000,"[[114.22094610325428, -114.47079588978127], [184.2713343682579, -184.50879962750184], [201.97103440627936, -201.99158245302698], [204.16804746540518, -204.4178101643634], [21.971190662450947, -22.08581434801353], [91.97287247772155, -92.22268368511058], [39.83795635290568, -40.05860115535932], [156.16033362204143, -156.40664524860705], [199.57988369869906, -199.82988214651473], [133.70468247254234, -133.72722547712476], [142.5285727848603, -142.6530889405028], [135.80548039872147, -136.0551899328815], [89.92435752329582, -90.17339344456332], [110.10555165587816, -110.35333329014927], [213.10354638197174, -213.3065611865369], [124.77397784742212, -125.023748060618], [101.99074167585682, -102.22391789656845], [30.95084426902928, -31.153647848901098], [14.807275000546273, -12.480257257213292], [58.55187894415377, -58.79814278292949], [129.2540523226773, -129.33799776544888], [127.04978586284776, -127.29978565736853], [76.48250352235998, -76.67352500728191], [53.55179038257967, -53.79902949398401], [24.149938159338163, -24.376625844553296], [179.87291893326886, -180.0872124523295], [182.15401329034307, -182.22689638401204], [106.0667223610411, -106.17603427383821], [97.97377011174999, -98.22053466792444], [131.3891325228911, -131.63195538548862], [208.57999936891838, -208.82998735981965], [116.23379554486826, -116.44270029133743], [163.34741093416642, -163.5958614584501], [168.32393964182265, -168.4791973725136], [175.35650132155718, -175.59674132204077], [18.193169388340497, -17.412109025043915], [61.0026394546956, -61.24589386170683], [160.96582793102112, -161.21084442741406], [177.58769801223835, -177.827830659152], [41.92639345492816, -42.175583182857224], [16.517110207225624, -14.991979602425697], [13.407831957354198, -10.116964791025545], [149.12262519779117, -149.37197992370014], [188.50629227541503, -188.7271138840607], [210.86586561138742, -211.04749882750303], [28.66968911543281, -28.892346475292417], [222.8368968894608, -217.7283077120427], [80.3806558267862, -80.63000078166154], [118.32771421478267, -118.55985657060043], [99.9765806980365, -100.21519573003067], [96.00642649833725, -96.2305780577067], [195.0434634182693, -195.24741831961907], [186.3513169766711, -186.592554258686], [37.61493361935591, -37.86439285673544], [218.8090827086958, -216.89026716112195], [10.499285103758275, -1.343193454327297], [70.28478941395869, -70.33148134985586], [170.66363997743593, -170.90558873084242], [26.407053726313436, -26.638673240110478], [11.194559246462347, -4.465128604672866], [12.211734639265478, -7.409838278384604], [112.16179777064485, -112.4114393593881], [74.39723639990308, -74.63712813293739], [158.54733883093627, -158.7931587248283], [19.957698626421305, -19.774748611649116], [33.23732365747925, -33.484563674858755], [78.51179029718944, -78.66986846947538], [140.2931353728677, -140.53272053356162], [103.99657105600275, -104.24655582074703], [108.0672246310707, -108.26123929989355], [197.38968151338804, -197.52966722681342], [82.28021269357747, -82.52477619223431], [93.97952274852354, -94.22831785739076], [84.31240638156909, -84.46904582859838], [215.70425166627206, -215.26684956327148], [138.0388705593412, -138.25961907153427], [144.70882560560008, -144.8789689791278], [173.03474653395, -173.2169837655118], [87.96301768668539, -88.19189959111063], [67.9408055863588, -67.94522496478676], [192.82493478814814, -193.04579404305505], [151.44797559310305, -151.68875752462878], [10.106204898850548, 2.8612993952970713], [72.35370377285368, -72.5949435518077], [153.81283810009853, -154.06178066084289], [122.59808693641804, -122.83501587957394], [206.40232190903538, -206.59219051649848], [146.93376837109855, -147.17623428703104], [51.26543171249817, -51.31312861274033], [165.86000638058957, -166.03204438765886], [120.55307025180646, -120.74633724634305], [56.21630598239176, -56.18477910148887], [46.61759345128311, -46.86758436506403], [86.07451309135288, -86.31998130484429], [48.991256674046596, -48.95984278185874], [35.44065705908601, -35.674878212315164], [190.68796906319653, -190.8864138264564], [65.59315601609427, -65.82993051123492], [44.320833544422655, -44.53232593957798], [63.26320769134797, -63.47269153698326]]",18.72
SRN,CCPSO_strict,19,100,0.893672,0.341655,27841.012784,0.381161,0.079784,75.0000,100.0000,"[[49.903166035198495, -50.09189842965401], [139.79485812092958, -140.00272070008413], [118.44052415892469, -118.67622547166128], [35.854233200388634, -36.091159688882385], [181.56904978348572, -181.81416429510722], [195.66709428119023, -195.86940666624784], [124.78727673834513, -125.03098572634534], [82.58496962025743, -82.77147975169198], [198.02145241540586, -198.26845946769865], [114.241929054026, -114.49040823067853], [219.66538899995086, -217.20948486726573], [131.2386424414966, -131.48242162044374], [164.8174115885354, -165.02688233594304], [14.535549838871763, -12.168407319703233], [116.3418768173521, -116.5739509275646], [32.01866758516087, -32.2637925997728], [112.10951150893828, -112.35885586388434], [76.59915837408357, -76.7059207098238], [150.69879564381512, -150.94359781986455], [56.22027764960191, -56.40043589365985], [157.71840444794998, -157.92699707412726], [162.46226743259655, -162.70378293250184], [188.65828727221285, -188.89933773440595], [78.5318826319739, -78.72741118084878], [141.90681129150653, -142.04160636034976], [60.245290709433945, -60.4783460564217], [153.05058286582786, -153.29627925404014], [74.49840854390911, -74.74803970720895], [160.0869154466892, -160.29995940053902], [213.06562291050085, -213.23826833721972], [96.18887076288576, -96.33370840452592], [52.09258069320667, -52.31428689848456], [80.51803820012299, -80.71396620604027], [126.87528299178315, -127.12415934796502], [174.41449416109484, -174.66369670735833], [72.4379773688042, -72.68764895508019], [84.66998871358054, -84.91990002620201], [58.176309113618686, -58.42630583613658], [16.351627798774732, -15.090507392736829], [41.5370023785381, -41.78533886803015], [135.58624751149415, -135.80307580277008], [70.47455880771143, -70.593322787533], [193.40335359796475, -193.5585615006624], [122.68920555062438, -122.89366578844613], [98.56345438245322, -98.78385440729066], [183.98813663134837, -184.2305778089971], [10.595552691413719, -2.174927814510675], [12.977649373125121, -9.052512975929295], [39.79261411941975, -39.805690282022304], [200.33341850720703, -200.5662698754154], [100.89783593006814, -101.13691248792954], [43.58488212761752, -43.76060215632057], [86.89606601026165, -87.14419116378663], [186.27823990021872, -186.52797699280865], [172.12897937466803, -172.17314640413795], [66.40211030303388, -66.5613472722054], [47.74339682204099, -47.91174851013328], [25.629807962434423, -25.77182895724938], [11.693886842462463, -5.764031876567176], [176.81393931880945, -177.04904951978094], [89.20181767029877, -89.33102561925965], [133.3918779073821, -133.6118752676476], [64.33582393376061, -64.53430371777499], [202.65158374209767, -202.8268374516812], [146.24706757996879, -146.3193844588072], [10.101765911815615, 2.668771817582364], [144.0186590791493, -144.21657588662106], [222.94056329757115, -217.73623671317267], [62.30890513073126, -62.551750661428734], [20.9288696294662, -20.518894922566226], [209.12931404371506, -209.33460236743718], [54.153614223386285, -54.39661368741956], [23.18483594704484, -23.33276120549094], [211.06832286546964, -211.31328159925215], [207.06225665715814, -207.27009355824802], [155.38649759747577, -155.6308171797449], [217.09854391336046, -216.13031973002248], [129.06818216896454, -129.2904332740864], [148.4364436122074, -148.68537195056697], [179.19030648089336, -179.42740033935416], [18.555464194015602, -17.75479485872003], [215.14818609857988, -214.91016269510666], [37.82004864838286, -38.06462236735493], [191.02987385646256, -191.27928303728896], [45.62855823676418, -45.83815283181525], [68.33263363154667, -68.54499065821133], [109.90343468448886, -110.1473347811049], [103.23454403024687, -103.3675156268784], [167.22567093621007, -167.4490123025427], [105.49327515863891, -105.66382541097686], [29.954064064831375, -30.113080078516884], [137.6693627255041, -137.90996195927045], [204.99561392924207, -204.83590477816387], [91.4794162352505, -91.68810333674145], [27.650551792759742, -27.900415138127478], [169.62929893163525, -169.83296136339226], [33.992255600422936, -34.19452536854811], [93.80476984538318, -94.02528313366781], [107.7478285123179, -107.89023068692823], [120.60506880939803, -120.84675766895666]]",19.66
SRN,CCPSO_strict,20,100,0.895712,0.322247,21937.237678,0.240983,0.062717,71.0000,100.0000,"[[66.10005243770026, -66.35003026235265], [211.84451002444314, -212.00310517941162], [202.54364017364674, -202.79302817182244], [49.08716551869714, -49.336206572802475], [81.22422984321787, -81.46855633445091], [98.30473873381479, -98.55417709665983], [134.65389397939057, -134.8965415938555], [200.2362773833505, -200.47908689707296], [61.173653955985365, -61.40213956128964], [68.49841667605438, -68.73795838977365], [100.43706833163144, -100.60738650464684], [79.2518057968489, -79.47024659824707], [115.34691590348025, -115.59476207657288], [187.36063786817977, -187.41929013998143], [89.79811519889392, -90.02516291075781], [31.3404183517318, -31.564432342321723], [175.24084118922588, -175.4905946184553], [10.100229881346424, 2.5585301119399295], [138.87287357015495, -139.11666027562237], [46.673534093197034, -46.91362506118937], [153.586847502894, -153.83367527372295], [70.86169651916785, -71.02579736168747], [136.73989724499552, -136.98898064283657], [182.5456825293321, -182.79351418611972], [209.58249839024955, -209.79856968727316], [27.31673547432085, -27.54530833960502], [159.791523372887, -159.93059055761535], [51.56251186989799, -51.645396353550645], [96.1743896994488, -96.42094743436544], [161.88485819394987, -161.986126886035], [58.793087611012346, -59.023159900854516], [149.48755204172593, -149.6011953910656], [25.303575121434584, -25.477457167858546], [191.7846707658297, -192.03088438839703], [63.669841308021674, -63.84680309864238], [33.36834209171383, -33.616189875675225], [102.51639042344212, -102.74698114317353], [155.65199722317692, -155.89990759084873], [170.51566166861457, -170.72548372803405], [126.44249353568239, -126.46615649381948], [189.5459528961075, -189.79182042317905], [117.66039260989034, -117.8893493894441], [113.17353883337896, -113.41767063056474], [147.25588689627546, -147.50552993242877], [44.39351425581809, -44.61689763959834], [10.429943489447412, -1.3393049892379612], [193.8950024610264, -194.10369538761685], [14.025689805276876, -11.274890055718007], [157.73168189242432, -157.97705809073761], [122.12687720095417, -122.30366833151021], [83.35049204612076, -83.55814184235163], [198.1050039607744, -198.30802578673496], [111.03174846737139, -111.26245987437329], [106.6829528978364, -106.92417250687551], [196.01851540832908, -196.22332390331934], [42.06417307042766, -42.3124488909688], [145.22160384339958, -145.31696751746372], [19.31922847406331, -18.796972859519087], [23.29773473278787, -23.45676138639386], [108.79405624773167, -109.04314784078416], [53.95906413854182, -54.17558012310737], [124.1989796243577, -124.4125671155073], [205.01892027647494, -205.14706877372], [151.49873628077975, -151.7414455221859], [128.46428775109467, -128.6820793449719], [73.12184877196589, -73.25696099168827], [163.99302845878648, -164.2376495126938], [132.5339568980894, -132.77195632706577], [85.47291959597706, -85.70714262169355], [11.53013133336451, -4.79662185089233], [29.338444156618454, -29.576731763924617], [77.24848117384198, -77.45994876922454], [87.61893799464242, -87.86114719588707], [166.23682485022385, -166.32470064416177], [12.626916132288256, -8.25856908706729], [17.435987808291014, -16.44674189009088], [177.68204051616402, -177.92795730938855], [130.52888409706154, -130.77047564329646], [222.93754863900475, -217.73432380550895], [141.00282843169165, -141.23009948018307], [119.87164193310062, -120.10474330682769], [104.68963876014325, -104.70038320494872], [180.10521388307137, -180.35519327798048], [172.94832826776542, -173.18377970829403], [214.03153587552325, -214.03506284094513], [142.98172514388105, -143.2251898759522], [219.2722283135488, -217.05100435865637], [168.29144637869803, -168.5152656104276], [40.0413261735399, -40.01349698909216], [91.95295869268332, -92.04843211206042], [216.53264013187692, -215.72535953838076], [75.16647452448197, -75.41593215880293], [207.3596566469754, -207.4174200866609], [184.89529612833368, -185.07130472394653], [21.37339288036862, -20.862177526579593], [56.48709232682113, -56.73672589075387], [94.08983904037831, -94.31319296419315], [37.710671472069876, -37.87424575035466], [15.646146581469983, -13.961402841805901], [35.508814218551464, -35.73339520001483]]",18.68
SRN,CCPSO_strict,21,100,0.893342,0.354758,21089.964337,0.282443,0.066918,73.0000,100.0000,"[[154.11695714868335, -154.35044665657398], [111.00828829817439, -111.18118596208173], [14.364947848165404, -11.841658548767903], [182.55181953363822, -182.80020772826362], [60.41438575690836, -60.639307617723276], [17.673861927739935, -16.832355029108797], [16.054719850711063, -14.371504686910033], [131.10982122711445, -131.35605758990772], [197.69530608853086, -197.9414870479926], [216.1109249441643, -215.64043979093037], [45.37625091015398, -45.62619226240362], [218.89892075329303, -217.01201373674002], [77.78951822968435, -77.92618620365153], [209.28160427756876, -209.39565342644988], [31.345833561217137, -31.55284178187772], [47.370471746639886, -47.61511456637009], [133.64637142233755, -133.85061639497906], [24.757604249535294, -25.00641746410964], [73.89828421124876, -74.07998046715265], [65.10473872822749, -65.33708762094749], [202.21606559211313, -202.4435473264202], [152.04668226223157, -152.25718374770724], [184.660381696512, -184.906481675181], [94.94654776920748, -95.19086961692145], [62.78031395516184, -62.97729843019948], [26.993431359547444, -27.243425934654475], [49.43370146033628, -49.681276381857785], [176.3259099296101, -176.57232121668602], [106.56478826131925, -106.81399965526275], [167.40706132985565, -167.63765687727857], [75.83283964544427, -76.0812103156446], [193.19630192840685, -193.421542044344], [29.12211129715756, -29.37051003586563], [204.65725703097021, -204.7725182212885], [162.9564143894938, -163.08363603774913], [69.69935380953709, -69.92102780798263], [41.43443980376722, -41.60324074670676], [174.18730109017267, -174.42206877383], [222.69840342673092, -217.73194345392415], [19.225201279288477, -18.892922587045938], [186.87858857274875, -186.9507778532625], [172.01199321175943, -172.17665591311336], [37.59110344938952, -37.783815087785655], [35.573002743536996, -35.81626723469361], [211.2924145876099, -211.54164836102814], [160.69553664153602, -160.945536175114], [21.03927345107319, -20.93869067727685], [165.16826398321385, -165.39868777171188], [58.10600814733748, -58.32868613978742], [85.73245569112791, -85.9739738155246], [178.4259512676278, -178.6633224703091], [195.41872592894046, -195.66872568020085], [145.2166862964459, -145.4547855525576], [90.27228344571967, -90.4345015217207], [22.83409279462307, -22.989562562060573], [92.63007017038164, -92.85230417539864], [101.99258112857606, -102.23979504407151], [199.95949609303483, -200.1921573204047], [188.9750431359447, -189.1450625740709], [191.04701609602114, -191.288763497322], [115.07841372833826, -115.31315325047007], [147.51386236687037, -147.68449631508486], [121.75806853551899, -121.98555876019687], [10.100446450183224, 2.6895805545701075], [97.326181026184, -97.5597796968233], [108.76997179770002, -109.01182961405215], [87.95919773493662, -88.16642486225692], [206.9650527928937, -207.18491908905673], [213.48988712903798, -213.67272518867605], [124.02424710875758, -124.2722441894192], [81.73770571077091, -81.87260784587924], [53.780221142717984, -54.02238438612028], [158.5524247607445, -158.71532626650242], [71.7783540723086, -71.99242050469994], [67.4103667878933, -67.5574064259339], [126.47193279220387, -126.67342984592327], [138.25817334639981, -138.46876003527197], [43.39521601751899, -43.59462002797045], [39.483974117786794, -39.71073311491006], [10.558126537367094, -1.9238610372129328], [169.70654429365496, -169.9086406791069], [142.9343701569316, -143.15789280804788], [135.96176380717378, -136.18844152458013], [140.60156995064577, -140.85064232402874], [79.70361337855907, -79.92416305286287], [119.44084770135035, -119.62720660522074], [11.678470182802203, -5.708337446074504], [99.62581979511592, -99.8496044848392], [12.957382325580717, -8.932437486040241], [156.31585218812958, -156.55312935042113], [149.80671878254833, -150.05391048279387], [117.30917417478815, -117.53133225764978], [33.46911701882217, -33.68871008968882], [180.4973680233066, -180.7194171783514], [113.08207403009162, -113.24304367818618], [104.340516304733, -104.55243456280618], [55.98854415235182, -56.1721176499552], [83.72182269555825, -83.97015851908806], [51.57071373703437, -51.812296783068845], [128.9024843165651, -129.05101535614392]]",19.26
SRN,CCPSO_strict,22,100,0.897317,0.338317,22286.938834,0.215939,0.057620,74.0000,100.0000,"[[172.59312748704772, -172.82360728444004], [81.17015962640419, -81.31463790369247], [72.86105981646332, -73.0953950331962], [168.0395542832029, -168.25380854263858], [26.16994059497868, -26.415024791173842], [21.93530765676867, -21.998809553281916], [85.19177482591306, -85.43477907216119], [181.57792147184554, -181.82685899842758], [24.027759043076493, -24.216950571349827], [70.85575232851293, -71.10338747651883], [141.95151104065482, -142.18059977808227], [41.09101907213104, -41.33452575621453], [49.668014148904234, -49.85605551858632], [199.7920781646115, -199.95228789257175], [74.91992013054767, -75.09695167400241], [190.69712041199722, -190.94169430308705], [66.92108831949591, -67.1693525554978], [53.920934539873315, -54.12146274088992], [163.45461759080823, -163.66408035387468], [91.37330113902743, -91.56220503728525], [131.52213463359905, -131.76669552371771], [34.73673557875487, -34.97875817122995], [51.78759672262913, -51.97824679165814], [68.89457476611884, -69.08840977542846], [14.643059586002416, -12.176593302472998], [10.54813652895384, -1.9288614955766619], [114.3091861982735, -114.53261923233433], [188.3979163692173, -188.59352123589431], [36.86169823488833, -37.09607353381375], [174.9123845739749, -175.1339922706327], [195.3194967560089, -195.56947660348303], [19.956883111139245, -19.644654880261246], [144.04973475229, -144.21222368818337], [79.0383208180516, -79.28813985845713], [64.91434277534358, -65.16075797486121], [186.08121495226456, -186.32249382238916], [62.797810183151455, -63.04695150794764], [148.24639284820842, -148.29793040435126], [158.96104670201456, -159.1843070104519], [102.6121113133971, -102.84546235985354], [120.76579554560305, -120.95389082436382], [83.2059592581024, -83.45235338611886], [170.32157689357948, -170.55328307946272], [97.89289805172707, -98.13810328982635], [43.222774718446736, -43.46826109712199], [150.26928221045847, -150.51398025484954], [32.60683898878845, -32.81514561364676], [146.08378312327372, -146.3242706835681], [177.142766057185, -177.33055767840756], [213.3082050234038, -213.4891207447877], [60.60472553183661, -60.852942028368325], [45.40289007372721, -45.60873052548855], [89.26433129835866, -89.50831518824121], [135.8409731642547, -136.08247638709918], [129.38189439244292, -129.5068854047896], [219.06353421609626, -217.06622345494344], [154.56152939856767, -154.7701955126727], [107.34762911298525, -107.5734957881877], [100.22005457047104, -100.46865730793023], [30.43221432151809, -30.664581065934478], [201.90379799909874, -202.1468656997941], [47.54368949323233, -47.78997220590833], [216.08117298322853, -215.49461424494044], [87.24461094524571, -87.44686610835949], [210.89424237104967, -211.11445719165363], [193.07601699585894, -193.24839682993402], [93.51152776820885, -93.76019194664978], [125.09404615219694, -125.28655029081887], [156.80400781853484, -157.05395696106407], [204.0958150347866, -204.30594392722566], [38.98827299766685, -39.23180289159488], [179.37247222643674, -179.61746354734314], [139.9644417541727, -140.20590329281228], [127.25223131850179, -127.45861349719549], [222.8785225329872, -217.73106929678505], [122.92581449443253, -123.13408543119996], [161.17125721829342, -161.41858503848795], [95.67610545254712, -95.8967560123977], [118.6375028777881, -118.8686891138967], [165.73308033514547, -165.94253551395857], [18.050976499157606, -17.44201483485486], [104.99070451382786, -105.21368992878978], [76.99742620313877, -77.19126139947102], [208.56768172942535, -208.78953713219616], [111.98399265474451, -112.19061583674821], [116.44550388500635, -116.69550275513777], [197.5468552562213, -197.79365941966256], [183.8500954152344, -184.07788519187235], [10.100968811518507, 2.523161507531177], [16.27491045816234, -14.965109922927184], [152.42013426512827, -152.62907953516708], [109.70136067403504, -109.85543757554078], [28.26823557561307, -28.51594094624997], [12.881009137729873, -9.053446497271647], [137.92488956588957, -138.1575193527463], [58.354611387828044, -58.5313903138326], [206.3711161439932, -206.61167177385408], [11.57781471451979, -5.687329317463018], [133.67959845847452, -133.91751065221564], [56.09525856359682, -56.34015382360033]]",19.11
SRN,CCPSO_strict,23,100,0.893841,0.348983,23079.622314,0.275576,0.060851,79.0000,100.0000,"[[21.78715438301027, -21.605402105370043], [72.3137292249743, -72.56225135650084], [18.141982005409474, -17.29392439043591], [70.15873504290475, -70.40822386867428], [166.10602013536595, -166.3166829186596], [109.69920147831343, -109.8674483901625], [180.18113985193315, -180.4226516299549], [43.90759488533737, -44.12444499170829], [23.64035929611009, -23.79744445816887], [107.38117338733775, -107.6152529927344], [111.9283593994424, -112.16759118635693], [82.80107976396205, -82.99354625001779], [48.01679445057722, -48.26671752968985], [63.53802069028556, -63.78433913133563], [118.91558791805824, -119.15505466140948], [157.12943865092328, -157.37668005269214], [10.102196639643122, 2.3564274597100363], [139.1186980405846, -139.35517308934402], [54.349279319155826, -54.57235104539751], [116.5565230642843, -116.78981703183078], [32.05229609122695, -32.29776440104277], [68.00543632832701, -68.22473440731291], [34.07061257674367, -34.31426128659196], [96.0865641930759, -96.33400519617456], [45.9023129609334, -46.152311669673594], [78.56224823778777, -78.77672505374593], [209.1100049444605, -209.3599728075103], [27.992123545332397, -28.06145057998468], [219.2353478854959, -216.99653469172128], [145.53062388636934, -145.78043260831257], [84.90293005750368, -85.139295809868], [141.27912920597277, -141.4760963913964], [161.66823381666748, -161.9015410081344], [16.560154431763117, -15.35173916889579], [12.444171258692474, -8.000526110236782], [163.87950045999554, -164.08722772526164], [130.69490596528183, -130.9238056552913], [200.0782665702645, -199.90206595463064], [52.15431903608972, -52.38808227833316], [193.21771853679502, -193.39591057303824], [134.99708750919058, -135.09365422219543], [30.026102622724252, -30.1931730567374], [65.79866510378622, -65.954174514985], [182.41214895439657, -182.6616692684182], [105.16891351990765, -105.41604025548587], [204.65055384097528, -204.7008912101336], [76.44880524756829, -76.69834566718059], [159.4605519401547, -159.58329002976367], [143.36866354470135, -143.6021642035425], [150.28322382589192, -150.36662024123805], [98.41337712906434, -98.66140473440765], [207.06060977242424, -207.09968845014726], [173.13295367039782, -173.25950685840897], [213.78597483741189, -213.47272317864076], [137.0007476957778, -137.22782007104598], [175.43647297125466, -175.6551718238823], [154.84773805088804, -155.0518097752746], [39.81247459262376, -40.050676901479335], [211.29004007962914, -211.5398436589159], [19.825506172439887, -19.504482131299056], [10.476399935999828, -1.5836427218481948], [50.15059740663795, -50.362492406840836], [152.56433384273464, -152.7864576360828], [132.9012353592317, -133.15026787038678], [170.66476809602688, -170.83318080615666], [58.978353212356495, -59.228230638393455], [61.29527517579951, -61.53977163958388], [35.98564977869292, -36.235163188159405], [91.56260104676544, -91.80279028266722], [114.21267696665456, -114.43698594418731], [56.67050719863082, -56.87898558090434], [202.32861895480264, -202.34333232095568], [186.72025438454452, -186.94655333951187], [89.32248303861272, -89.47253292632992], [168.29765213779447, -168.5463990781089], [100.71292091380465, -100.96016717349126], [197.7283948836443, -197.81464160883237], [25.79281084410288, -25.999498842553866], [188.8400343263445, -189.08329343083287], [128.4734192208407, -128.71995916412402], [87.14687333137411, -87.3195510026274], [222.91851167493746, -217.73863450348327], [11.397785320842857, -4.85597712785205], [37.939740009973704, -38.17192449959461], [177.79831912929853, -178.04090749054225], [93.71182707141423, -93.94280403597978], [216.01825660674865, -215.48847235471152], [102.99126399181462, -103.1203587864361], [15.16043824515162, -12.722203045797215], [126.07412218860748, -126.30398880803752], [195.35868509485317, -195.60809635678083], [184.50227544560062, -184.7392740082662], [123.6815250423673, -123.89727008852753], [191.02714208590254, -191.15123856011795], [13.751465527504037, -10.398944931944202], [41.88840991341377, -42.06696306265292], [121.1920712475956, -121.43169505015507], [147.87512417025872, -148.124315526518], [74.38587333174624, -74.63549435882402], [80.67247426721615, -80.86658269809448]]",19.49
SRN,CCPSO_strict,24,100,0.894364,0.348048,21740.732059,0.286866,0.061142,74.0000,100.0000,"[[187.41746218581346, -187.66691184383498], [14.066736220652995, -11.218461395194783], [206.17415783661704, -206.39857455406695], [57.030651327898795, -57.19272987540465], [154.41792704124984, -154.61389184385754], [112.12060949744485, -112.33472517139819], [22.991324453108994, -23.19421167793507], [42.03285678119893, -42.23453705732713], [125.4560018790923, -125.67431860262796], [44.204000619726756, -44.44815904020823], [219.6783261141058, -217.23897677135432], [210.43400923509773, -210.67087258182107], [17.489886799767106, -16.644457802825602], [96.19006591400753, -96.43700667194035], [177.09100586457234, -177.2559199003047], [21.255802373122897, -21.030387595965415], [50.64735974121487, -50.88590972415615], [98.61392124702134, -98.82122508007002], [189.6167842252888, -189.84942602650975], [39.833016497790894, -40.06435383588423], [151.9580814221546, -152.19316017218063], [181.22625331586065, -181.471784600913], [116.5887235752595, -116.82740959982415], [208.35305703672873, -208.57872444758655], [172.91231822964244, -173.11544623754452], [48.599655471730316, -48.82816518598329], [134.60772603926216, -134.8266127087714], [25.052785092513098, -25.289581394827888], [10.47110615987646, -1.5820542000020463], [147.25370684956536, -147.48825914180858], [15.713808876683945, -13.93412325367747], [138.84378227950322, -139.09084738210672], [170.70887501394884, -170.9556109812222], [196.09023093847384, -196.3317357039588], [214.58015361754497, -214.585552200145], [63.274883289855524, -63.37667580266541], [11.467256307587549, -5.014143993336872], [76.6614317954939, -76.8929916437058], [163.98727458678246, -164.147538295804], [114.32170124216823, -114.56867986369099], [132.39848405426739, -132.6480401450118], [54.90784219923325, -55.156914756456146], [27.01385208229649, -27.2337952407006], [12.566891143982449, -8.350550713754817], [166.24059346118358, -166.44587167838887], [35.54079504019562, -35.78735058416492], [58.99601651666024, -59.245310324257574], [204.1624450380948, -204.3720779250561], [168.46542841096158, -168.638405143645], [83.96761206413831, -84.16194119768433], [52.84014514274665, -52.97581490838342], [65.34507737051216, -65.56221886618742], [198.0998315797395, -198.31608822423863], [183.26436495345354, -183.48171140098086], [185.37389596592553, -185.60992463818584], [10.102898716102183, 2.4134479976902696], [69.80510315333379, -70.03367637567133], [29.12342739275364, -29.27510296603225], [149.6210140822879, -149.8680649880862], [202.11790145802598, -202.31224891243315], [101.01097352634196, -101.18196268540082], [72.06553301155695, -72.30699791766322], [103.23941181452976, -103.48680538307815], [46.43357362380874, -46.6366670667451], [161.6212498983303, -161.86422347973368], [179.17037550441322, -179.34915787438217], [88.89494741428646, -89.01215704367712], [74.40480623942149, -74.61636179618374], [118.78753990889457, -119.00368498986853], [91.316671475445, -91.55882113959959], [212.4398670589281, -212.67803460097065], [81.53162665195717, -81.71128199067454], [156.85473830750567, -157.1025875000579], [19.343993347700852, -18.922271219118464], [136.79729271719125, -137.0221972375894], [217.0456848987792, -215.9701213873506], [127.7803753894428, -128.03011821909755], [93.7277206220015, -93.97272455256045], [107.69360979017554, -107.81395092854021], [200.1434469661608, -200.3609697661319], [222.84440097495127, -217.73824318471443], [79.10492363187674, -79.32661554440512], [86.37635479826017, -86.61313384223007], [191.75490006730806, -192.00310598587313], [37.722445765764704, -37.897116955844375], [130.1274848070579, -130.3769921006295], [140.96867370951804, -141.05211524580722], [159.30156077587378, -159.55105673596873], [193.87433603630953, -194.12379791072456], [67.51531938400765, -67.76143774037227], [123.15266540182274, -123.37905814318938], [145.05395801416194, -145.27157281384143], [175.1025897950562, -175.1796444205824], [120.98648956643271, -121.19165521599732], [31.25583151415944, -31.491243755329712], [61.14561382969808, -61.3409065120847], [143.02286133622962, -143.17869857447718], [109.85457933649593, -110.08883489855654], [105.47812844150177, -105.59457918094701], [33.39304430460907, -33.62201096863173]]",19.04
SRN,CCPSO_strict,25,100,0.909656,0.397758,19307.835008,0.251889,0.048898,69.0000,100.0000,"[[11.955016450913845, -6.465860049632284], [180.7638916318952, -180.88245349431222], [139.5310795121989, -139.78089438206754], [196.31818582873453, -196.53457646349148], [189.82132889601286, -190.0417212658162], [152.79307516663403, -153.02571624063657], [171.93207984605652, -172.17642161920412], [154.8670996664359, -155.09986100241485], [33.38560611882147, -33.58043919825546], [75.16325545622225, -75.40329582344786], [15.831869157070104, -14.23467827153743], [132.8138571813741, -133.03986544047086], [183.1282244043204, -183.27494427643387], [68.57175552007806, -68.80525662528046], [95.39474767620281, -95.60713051208477], [70.81541311742971, -71.06428614650866], [31.213940890975316, -31.46386307718918], [93.08583190049231, -93.2635154391916], [10.9952036948394, -3.7817839336642423], [185.42311499276812, -185.5573330114548], [137.35989569060322, -137.60977699707664], [200.68804680927096, -200.86900500777767], [144.08567623065895, -144.27158427283706], [150.65234248795804, -150.85238841857227], [109.97218395080408, -110.22214958256929], [169.9026723027054, -170.00264116217068], [141.83094810782495, -142.01003272442526], [165.50480746740814, -165.7050853625262], [46.715675533108666, -46.964965787719805], [128.42982348304164, -128.66799518469224], [14.384725635112588, -11.689694776282208], [173.9923783451547, -174.23321671559572], [66.35676783527822, -66.59246260152099], [88.3985418837763, -88.64626852461903], [161.12289644237498, -161.35495427818924], [156.96910394155827, -157.1283740277823], [53.2389859804272, -53.470689443356676], [222.76439025692136, -217.7353897262309], [90.73129402549459, -90.95284184582111], [17.45031866631006, -16.59105581039831], [59.81165045603085, -59.98445426166987], [178.4393176346411, -178.6886990389925], [57.65817097339327, -57.76198863440639], [55.40737078544817, -55.652600736521855], [112.513545326421, -112.75002106730777], [135.12081321420396, -135.3231974804214], [22.90944515209874, -23.09471493501362], [42.28739284690985, -42.53377422643116], [207.3805464075361, -207.52740796186208], [115.14882338948817, -115.32177613239764], [81.757308711676, -81.9971506672854], [40.05429859759399, -40.2603614743428], [214.0566402063381, -213.89410493224253], [51.10354115374211, -51.29879006529662], [61.98174818179794, -62.208527449645814], [24.969749777157627, -25.188313557178756], [148.34007499643883, -148.58784153266075], [176.28389650888644, -176.41206753560647], [202.8314969925801, -203.05976595018856], [209.63323237669218, -209.7302574628971], [37.85785023434978, -38.05714034971618], [35.591224181425616, -35.841164403387864], [77.37904653871038, -77.62493594895595], [79.64809469893531, -79.86191676180297], [167.66728839039513, -167.89495457585167], [163.29062976881667, -163.51434822064854], [10.10394392758112, 2.9919665121794337], [159.123167976393, -159.1745186362834], [10.363189643817357, -0.6372005043921138], [19.18769432040272, -18.719982420044044], [205.02055414317127, -205.25489685785087], [44.53436027182215, -44.73811567212335], [146.27071339974813, -146.42384133805268], [187.53330306706243, -187.781882183792], [211.73713353570088, -211.97991789144706], [20.984141692642968, -20.97864407824659], [12.976429664720039, -9.149661288505694], [124.1204088102745, -124.35815563134483], [26.986345990288267, -27.16410750285369], [219.18484398640123, -217.04852289494886], [126.31730040655657, -126.56725523548194], [64.20335704930378, -64.44217818648497], [100.20947137747152, -100.33925964555904], [105.19902126615443, -105.19891662909687], [97.7892732534704, -97.96454280776284], [216.4383633911945, -215.59553568205732], [72.98826147777274, -73.2346959118326], [29.134500859857575, -29.33644201912807], [191.9440475567641, -192.18529301293364], [117.5038585035741, -117.75356709544619], [102.71347206659736, -102.9280064087615], [194.13953782971274, -194.3456405527243], [86.24965446330259, -86.39786278685054], [107.5327856595772, -107.75338683671957], [130.61246078028645, -130.79190315676107], [198.5066940944602, -198.7094968130836], [119.80754224632071, -120.05390357709433], [48.9298674261166, -49.1074228737765], [84.0634399716142, -84.31215568440749], [122.0007745661066, -122.19166668546997]]",18.64
SRN,CCPSO_strict,26,100,0.891417,0.283625,30850.162571,0.274081,0.065061,73.0000,100.0000,"[[47.74278699122078, -47.98959126676294], [141.19623623441763, -141.41758189722006], [72.67738440058832, -72.92688902040517], [43.42023723926425, -43.61418654399927], [131.85884804243233, -132.08297907666616], [207.33983040658683, -207.57431184302584], [209.53884922681743, -209.75074197602285], [196.01225554096345, -196.25127150652182], [26.56441579446339, -26.68009222273195], [145.63707603564075, -145.88481923068207], [184.07016067781666, -184.3191770266221], [136.5804449912828, -136.82726082295994], [143.4008525013516, -143.65020381279297], [117.86422530777023, -118.10455415471736], [127.14209054415102, -127.35573109105938], [97.67771488593823, -97.9245363301429], [28.555103062108437, -28.76227810641752], [14.302096800511798, -11.649616617941273], [216.54566115605405, -215.9052068479216], [134.25004086133814, -134.48027275715765], [81.82469813014865, -82.04821177276904], [41.24057569923753, -41.47841803151543], [193.6370094209201, -193.8773375081149], [110.9139097145776, -111.15297144130116], [93.7413841528091, -93.97506831026413], [175.1343783784785, -175.36954580016896], [75.04307128678839, -75.27832627908315], [138.965391778829, -139.06459801919138], [188.69086551456988, -188.92433810137345], [39.10505700415736, -39.28088912513967], [166.44915884876048, -166.5585674184391], [164.1831483604299, -164.3841441581804], [36.917127857944834, -37.166920035569305], [115.51546946850976, -115.75965743605568], [124.8527067492549, -125.1000492831748], [91.75779501870288, -92.0048911184492], [16.222622245563446, -14.545580408482529], [95.72619851313013, -95.92427879244569], [179.67599382468921, -179.89178282919437], [108.57973961796752, -108.81567997537212], [205.08990132686128, -205.33284245135607], [103.96798975454033, -104.21763622179321], [129.507653052381, -129.75151495013256], [51.90299149798649, -52.13893234538817], [24.413571879189217, -24.550407482786177], [211.7916015456142, -211.98918534219894], [158.0164505922276, -158.25868289085943], [219.4854846342398, -217.20474000731616], [177.4799766359301, -177.72801611181848], [10.102814294126533, 2.416828139695671], [20.180844869485384, -20.014643257784765], [147.94201659888824, -148.17948016938715], [122.53294475113707, -122.76549844663398], [11.503211530775507, -5.4845557949123505], [18.19024706327085, -17.62314513271288], [87.78442526057516, -88.0164662171562], [200.59224037899676, -200.83670453108022], [70.4113507188063, -70.6124419927813], [65.94237529879311, -66.19161369084998], [85.96029851599485, -86.02224249456988], [61.77923479525869, -61.996408423935584], [59.86341509211727, -60.103333517867625], [106.24406808511084, -106.483875940477], [53.858606299659264, -54.088531074795014], [63.818404042424746, -64.0425037713657], [79.63401161734227, -79.73737086481356], [83.82190189079517, -84.0409717093449], [162.04395904108918, -162.23563103447157], [172.90218682502456, -173.1450921063489], [156.11917230059473, -156.24034256961903], [168.52600024948683, -168.77503026488017], [152.11740440572007, -152.36490612487756], [55.92906724476576, -56.068728077723776], [120.18021674514054, -120.41930530302521], [186.37071392208173, -186.58613962468831], [191.16690344137504, -191.40016063049146], [45.63794959608373, -45.75734637945298], [170.68462255708235, -170.9324890328753], [89.83944019941339, -89.9490773485661], [223.1077774460855, -217.73333366941227], [12.720285947204305, -8.703249821363212], [198.22144523695778, -198.45215284047214], [77.29894882093429, -77.5403941870431], [214.0998921484427, -214.10884600685006], [202.93159144686047, -203.18126688427827], [30.591251241099748, -30.82665936195156], [10.558420861977776, -1.9125828877328939], [49.83557881354942, -50.08023699894759], [68.11915087990376, -68.35919593898646], [102.02550564816642, -101.9555064915697], [22.32666253558095, -22.309592238963837], [99.86298024305482, -100.10946497432579], [57.88486738740487, -58.11731807758011], [34.827467644736934, -35.00808511486875], [160.2421617084098, -160.0121088010694], [154.19063026349409, -154.40512092932047], [113.22739064567119, -113.47539552844054], [149.97473432601197, -150.2181968114561], [32.71561079032992, -32.955173996876624], [181.88609367418724, -182.0850774461717]]",18.52
SRN,CCPSO_strict,27,100,0.901469,0.306908,23928.214671,0.317480,0.071453,77.0000,100.0000,"[[85.21977699237274, -85.46786788366731], [119.15129264337543, -119.3883600879243], [106.55757162993302, -106.74509885015961], [29.75903278613015, -29.91042818068272], [34.324998993711034, -34.570115293408115], [27.398734036981967, -27.62821355090752], [59.89968404492204, -60.14688374923712], [91.20162411917923, -91.36807489133676], [55.12341439966909, -55.34432260538803], [148.65662365255756, -148.8815327041429], [198.31208572271782, -198.53569239268424], [209.34654060587513, -209.5895010889459], [13.060548593795135, -9.33875639068103], [200.4437554472349, -200.6752273698915], [112.62691244400932, -112.84486908463717], [213.94892085042852, -214.06669787751505], [150.76540149291964, -151.01086580328524], [216.49552848387697, -215.86303092558956], [46.025637867058094, -46.220651959558396], [108.56778041432074, -108.7383014502285], [121.53567233788846, -121.69093567171392], [16.610714397569463, -15.468324237503566], [48.362635049489015, -48.449873988399546], [187.6173673027347, -187.86220661430838], [22.876424182565714, -22.949596448345886], [14.773442027056237, -12.43320828291921], [41.46042624163734, -41.639176730586385], [155.18434794377606, -155.4087425150658], [76.93753684376048, -77.18236119972649], [25.054992174052394, -25.295318285166125], [164.49445211983613, -164.72625399682644], [11.569494586583678, -5.816683998447012], [144.21526496980587, -144.46501787344715], [202.57641917331733, -202.8257750077667], [62.23305238800799, -62.41625218691175], [179.6159623281065, -179.86014088168378], [43.720643254422086, -43.954562790870696], [20.68886134127031, -20.625604485179743], [39.11820006875796, -39.35320868567654], [64.49099722125388, -64.73360196766808], [171.39290925827726, -171.63804906826073], [204.77468595254837, -205.0230965398406], [104.56352056219143, -104.80883603659186], [159.85607488009688, -160.10315552896276], [50.55692686546158, -50.788976474929484], [89.24075138067617, -89.48742546681055], [139.63806236395158, -139.87546627801672], [72.96256010659701, -73.2112885081007], [68.92803378099374, -68.9511284553694], [191.8952792888615, -192.05032426537574], [52.88024759337388, -52.9919916038339], [78.985744871771, -79.2357161297469], [141.97033832299812, -142.13470623802763], [177.75117772389945, -177.81443268517063], [102.75646243739428, -102.93244810152099], [194.0243514533515, -194.27172613554578], [219.7403285799066, -217.2054197905452], [196.16216602479318, -196.38639667013493], [166.7543042976286, -167.00155046149058], [36.755499022427216, -37.00216057508422], [93.08432257650605, -93.3320537508418], [97.00474273187442, -97.25268700283303], [126.1769883318924, -126.42653103620572], [130.7196555751633, -130.88698777478442], [10.544053194355715, -1.864155132315818], [74.9814759069246, -75.18938553453907], [123.88039231360817, -124.12712711108185], [135.15266468175528, -135.40257803744288], [162.20705229666265, -162.45348111925927], [181.54666667238652, -181.79654346862284], [100.80572854952422, -101.03399967185447], [98.88719291203779, -99.1262020302718], [70.97962408529227, -70.95489276219779], [114.86323163581287, -114.9384911009038], [175.70242416499119, -175.9247570564712], [110.57662549864222, -110.765662167719], [116.94717910566055, -117.19211852554079], [31.99567668893615, -32.22272468599664], [57.45176538799208, -57.65387486836623], [81.03909570078915, -81.22540636599425], [66.64765824764405, -66.8975224166396], [132.9473900421574, -133.10843467555594], [87.26059269901178, -87.48061416811632], [189.74121967894985, -189.91191032243785], [185.57370057508814, -185.76184140263754], [128.49122790715654, -128.57562548432085], [173.54412969921077, -173.79111082041157], [10.101875298481524, 2.832011280299583], [169.07382202496262, -169.3111380787623], [222.98713157397472, -217.73849409531675], [152.95580386395505, -153.20544956197455], [207.03809223908198, -207.2870593252295], [211.53782188149373, -211.77853106401952], [157.67687603576675, -157.61896484463296], [137.3979836553008, -137.64023347030573], [146.4625248857756, -146.7124661582491], [95.13301553848275, -95.26589879352024], [83.19535005571461, -83.29498605586907], [18.610858665383763, -18.103359676624024], [183.55439156435418, -183.7877193428822]]",18.95
SRN,CCPSO_strict,28,100,0.903884,0.328162,25534.154914,0.205879,0.050583,71.0000,100.0000,"[[15.262331445753087, -13.27402125536846], [119.4210101764102, -119.66844898756608], [17.155295395968967, -16.030834367848275], [48.10515703858706, -48.35515639466671], [30.846368173313696, -31.061731171770596], [134.85203604777433, -135.0577766930918], [39.41742634769315, -39.638712359021895], [41.563014250045725, -41.767994679406655], [21.009150317313196, -20.808330211901623], [186.2595683324457, -186.48770934508548], [35.03299908581077, -35.23050061305245], [50.378335239262555, -50.583654521819156], [45.929069511925576, -46.098813579402716], [216.11485889372372, -215.56726576892052], [82.2048668179725, -82.45486285661471], [177.78999496288893, -177.96200920155252], [66.45239262725723, -66.70113963447261], [88.73064276006151, -88.9535615547297], [190.52651566062568, -190.77547530291685], [171.21136967075267, -171.46136274672418], [107.05209747262926, -107.28676401087887], [143.51220027381405, -143.7564994022878], [73.20404375780454, -73.43560725706082], [208.94626366883276, -209.17729472846696], [84.43282209097171, -84.63349027805755], [104.7398586020542, -104.93951019391855], [157.96061511154704, -158.21014263814345], [80.01335084992822, -80.26257338121367], [223.19709332472692, -217.7349887340268], [32.91281860884954, -33.08360253757651], [86.59558784700994, -86.76492948978932], [184.18163532475583, -184.37217232795925], [147.5489780497056, -147.7488252817826], [57.174398255383174, -57.424061806529934], [182.02060703286287, -182.24744867612978], [13.782050994894526, -10.557866372162788], [175.56236277191988, -175.81010802033637], [117.39743386703843, -117.6459877451896], [173.42960529569393, -173.64820090103848], [70.9109085415658, -71.16086653000698], [22.92874833634168, -23.03748976418742], [59.55492165016287, -59.80219194418565], [121.54034647316628, -121.7262998396774], [68.69423370147445, -68.91418084336898], [137.14633121965088, -137.3897435868398], [61.91344579798344, -62.145292797309935], [145.6187267472577, -145.70521338759448], [90.93558292853312, -91.18525343456336], [141.37038126198473, -141.6197397476971], [192.94993470784775, -193.19664537790925], [168.90077186064417, -169.1493667960553], [179.8778613179565, -180.09364304297225], [43.74560521239755, -43.967321090938924], [213.49371837032763, -213.62149154363152], [151.67046792777063, -151.77912647819124], [11.175314037001634, -4.375745328956752], [77.69262471378008, -77.9344542242927], [28.76406436379365, -29.01331972564833], [162.29355703586924, -162.5435307124504], [153.72749863399193, -153.90229033552495], [12.280331608852798, -7.634424959341216], [115.39183213650415, -115.58711110978699], [201.91057558621105, -202.12717581145165], [132.4957862811337, -132.73031181638635], [195.14177525968248, -195.37302455831227], [188.39657137168436, -188.64161369090704], [155.82622189761827, -156.0757963237765], [139.27019427700807, -139.5173790410812], [97.68561302346048, -97.93272318110762], [206.61389742956604, -206.85899899442597], [130.19652834339382, -130.4191220619585], [37.22081203426342, -37.430087982518195], [123.61529843769006, -123.84416676698521], [95.38755403521155, -95.63750672115319], [24.884593128264143, -25.105589016878703], [52.56875780919977, -52.794325604443536], [113.34554591479126, -113.58343947763044], [219.13021019334448, -217.0790285464249], [164.49677590346315, -164.7381343346034], [64.16895827797615, -64.36432657923349], [166.67640466971002, -166.91469220285117], [125.75875912231704, -125.98901679290051], [26.85613826718546, -27.101124165971317], [160.11943707478474, -160.35679686096245], [109.26818590016144, -109.50894152738945], [75.46248680802515, -75.61710484219486], [211.26827330078615, -211.4642286672643], [93.18000230343769, -93.38945544577702], [128.0547657995264, -128.30402777221832], [54.865383817990136, -55.114556847007634], [102.41051605318927, -102.57974879611054], [111.28430853817355, -111.53412484390611], [18.98267623322012, -18.491304589017208], [204.23700848129099, -204.47516034027126], [10.100068917739357, 2.6088390041179634], [100.01739418731637, -100.26235230695526], [10.472537539336347, -1.155610677967446], [197.51704009977408, -197.75702007429868], [149.6981987005683, -149.74078173074167], [199.7183690625303, -199.9639607343028]]",18.97
SRN,CCPSO_strict,29,100,0.886779,0.339736,25001.803216,0.399481,0.085982,72.0000,100.0000,"[[56.28496579640535, -56.426217323943355], [72.9983159733294, -73.248238378759], [64.87702751628713, -65.09416456749798], [17.305335476780918, -16.407886951738448], [47.298799413495885, -47.548576261692546], [196.53994157131498, -196.74072283657117], [58.50868831263067, -58.752377922407376], [113.91798465945588, -114.1667452074374], [148.08949589654048, -148.23986311942235], [135.8174084678554, -136.06740302240905], [122.59527716070231, -122.83122498616021], [66.91418313348068, -67.13266589015201], [157.58585175743832, -157.79045948508292], [143.11944764152497, -143.35487659503212], [198.55140588459128, -198.79525996207929], [120.49137481303447, -120.57743398497963], [118.21130451024091, -118.45711191522183], [51.64843835375531, -51.897586221632764], [126.92838445503152, -127.14383630348539], [162.3600106018981, -162.6052777447809], [15.69282498021174, -13.962044651166437], [21.48819906926472, -21.344375845118748], [152.8122354016691, -153.01841753994898], [77.10755355744537, -77.34945276791115], [29.64041268473801, -29.837674851525932], [169.7276555502412, -169.94971483951184], [45.1816140950617, -45.39686017547835], [27.606660853573562, -27.832542797350225], [79.01832514914727, -79.26646466323308], [190.6485851557173, -190.86693803613872], [101.1306285340591, -101.38053173189587], [75.10132467463399, -75.34641666767446], [43.093071850202165, -43.3407195452928], [223.1402968520596, -217.73118711422626], [88.6988537673462, -88.94668516343762], [92.84774976468235, -93.08386283686605], [11.444763400983804, -5.330778923390043], [19.30931075028971, -19.002753634418895], [37.34695851188372, -37.570986172901144], [164.76461724118747, -164.9773005249915], [12.72169344551892, -8.584370244922969], [214.94324714184862, -214.73923702015762], [212.1783932682962, -212.40978750101092], [155.17055479441092, -155.4205546401016], [60.72693687069955, -60.96180376436345], [133.56798232930362, -133.79572755147683], [105.63749015296956, -105.76941086102121], [194.59125756068147, -194.82028140036357], [70.92860593360436, -71.16958045490028], [84.56292157229109, -84.77101542618016], [31.642689530222405, -31.82081769029565], [10.514775146134, -1.591291399140787], [62.76334138198657, -62.963713502200164], [145.68501921571954, -145.78801889898526], [68.90712126295128, -69.14077744785978], [138.23492632634796, -138.4848442909667], [207.36175512216505, -207.59849475362938], [131.34912657817418, -131.4990754864088], [188.45134224015914, -188.69916747086663], [33.57398025969294, -33.810227724599706], [181.76473590908682, -181.9936800811362], [39.2634959083268, -39.47222990218539], [124.71476894046106, -124.96476857385454], [23.488944740189105, -23.65281124027122], [49.5384603752907, -49.692533353771495], [41.093570396872174, -41.342787388913635], [80.86001914952993, -81.1073164837051], [109.82670242341865, -109.91329275786097], [90.78784321464312, -91.03763745599876], [25.58251366936073, -25.823832515012302], [159.99588293918524, -160.13027379115874], [94.9905083618074, -95.02590847756593], [202.82454893545142, -203.04248013120986], [205.09674906195107, -205.22797986824682], [218.53466141890522, -216.6285317751595], [184.16634057984038, -184.19750895253506], [179.44915805779254, -179.67477544723644], [99.06399374679756, -99.3136402136152], [53.992797707930706, -54.140091810229265], [129.0980810587592, -129.34800063412433], [172.24670962491882, -172.37679946140872], [209.87933344218771, -210.09363074427972], [107.69899001227185, -107.94160028540898], [111.88096309294605, -112.1253126375373], [174.54342190950234, -174.791695146963], [186.25533824669577, -186.48810992020802], [200.73070854957265, -200.92113928842414], [140.5940641354626, -140.78027081028742], [103.37510506003765, -103.53628384083643], [192.58817310439267, -192.8258528796749], [10.100626431366532, 2.764109871707592], [167.25878596977344, -167.42058082177016], [150.48465556249272, -150.6845139379725], [35.402083614384395, -35.65177859717173], [96.98932290279184, -97.21552471169473], [82.665342237032, -82.91144027127054], [177.07077229449496, -177.17475450538038], [116.11867376789647, -116.34163401552722], [86.66858996783782, -86.90402297337133], [14.023207602537907, -11.199388152018553]]",19.10
SRN,CCPSO_strict,30,100,0.903898,0.346484,26277.177497,0.395608,0.075055,72.0000,100.0000,"[[18.932093896663396, -18.438762718883865], [178.91937654946236, -179.1672249415018], [85.93124460336534, -86.03945282247393], [185.49368922691963, -185.73798379583596], [78.39980613744794, -78.64973458738667], [95.75001849295145, -95.91755924287679], [108.08399950229945, -108.33311472032594], [35.96165097526158, -36.19981444140476], [196.84700306067958, -196.98321502271534], [80.89956799359871, -81.14956211778569], [128.39729075893646, -128.6388680154498], [59.76269597026581, -60.00872296553719], [26.6527535193421, -26.900170462782086], [203.3500235772112, -203.58536573366382], [83.47206771901199, -83.66928019107874], [62.04561448660294, -62.281492844325655], [55.133374334211965, -55.3766019686567], [17.17899481855035, -16.233295615150414], [155.1774703682914, -155.37637897940567], [37.807663824571115, -38.03359959177605], [183.3782454844827, -183.53482686798458], [199.0375809440198, -199.25198013360284], [24.71465180008627, -24.89165392372885], [148.59643130510725, -148.77804882143124], [211.2282880398683, -211.46809156267045], [110.45152506587979, -110.6023752858828], [11.466028294092803, -5.2487255986480905], [137.76284812414843, -137.96640572873147], [168.44651230754823, -168.68798397867982], [34.201761733391685, -34.40409289252588], [170.5325346764107, -170.77981414704982], [217.35922638209112, -216.35255476281003], [215.18180727340308, -215.0235273382691], [213.21598359791005, -213.2797230570727], [93.25388253206192, -93.47418039915495], [142.19242590283392, -142.43221328991552], [181.15494980357988, -181.37116410119665], [22.72028939701275, -22.839527746866175], [13.978768328624643, -11.178688437733303], [10.100168958415274, 2.6501820386960864], [222.70327547299706, -217.7351066009309], [98.24167228753517, -98.46423252141491], [219.95736248800853, -217.1595998994301], [73.66235412683099, -73.79071950223164], [209.42173297157677, -209.67145741594757], [157.42306367495817, -157.64980587847563], [15.62596832996935, -13.774714359975093], [176.9047638773336, -177.0104259459423], [205.42577977919447, -205.66222354494522], [46.2549089809949, -46.31259200502123], [48.399867159845236, -48.648778796491314], [135.48721474721572, -135.73570171960654], [12.538469676901318, -8.279531067900233], [139.98457244779334, -140.23261517560036], [39.80414226417642, -39.96675031991364], [133.18768748538787, -133.43296490103765], [174.68176755687077, -174.9267719998015], [71.23594014467331, -71.30996831295388], [189.83195058883655, -190.06300553093817], [28.59213699683462, -28.82950191503436], [144.33640050211253, -144.5110624741412], [146.41008821576833, -146.65338832304715], [88.28410112482311, -88.5094961300492], [172.61583721029007, -172.86554771268683], [114.82253642173278, -114.90049085531975], [64.30920483791355, -64.44750107954465], [52.84852468485505, -53.06676165433059], [44.04949278777094, -44.21773606371625], [105.71502887609316, -105.84916080208038], [130.7922782398864, -131.03014687109555], [164.06515771637618, -164.2734257698139], [123.76934915288447, -123.9936486421161], [100.71431453187947, -100.9250279523669], [126.14884831490238, -126.25158724650896], [166.22582560606895, -166.40164063063156], [116.97291609604736, -117.22268909098173], [121.54269491515856, -121.75276470972109], [119.26005654779729, -119.48204755461906], [68.74453009431922, -68.94965328977608], [32.36892452928788, -32.616480457784576], [194.5456402619887, -194.56304202829438], [57.46942478902782, -57.68073200129551], [90.75304374931, -91.00137520292253], [153.01998148655036, -153.23413858996608], [20.81292721075994, -20.66352324547047], [112.66118586136176, -112.76147532232817], [201.3083095198157, -201.3627920324087], [192.2002226632528, -192.2971604797752], [41.92362709431299, -42.081382449372164], [150.90535393946413, -150.98315072352932], [76.03057448224831, -76.2680498642106], [161.8826360213498, -162.0822800661022], [159.63672650919094, -159.8723938301685], [50.59625022508983, -50.844162200114724], [66.47164123070914, -66.69220925260109], [10.476073794102367, -1.5377274952467408], [30.437232671203454, -30.681116519132406], [207.44642788279992, -207.67986488646068], [103.2026920812027, -103.42877101224677], [187.6290010150466, -187.8168771186125]]",19.26
