problem_name,solver_name,run_id,final_archive_size           [archive solutions at the last iteration],final_igd                    [IGD of the final archive],final_gd                     [GD of the final archive],final_hypervolume            [hypervolume of the final archive],final_spacing                [spacing of the final archive],final_spread                 [spread of the final archive],final_feasibility_pct        [% feasible in population at the last iteration],final_front_feasibility_pct  [% of returned front members satisfying all constraints],final_feasible_front         [objective vectors of FEASIBLE front members only; for honest cross-algorithm HV],run_time_s
ZDT1,MGPSO,1,100,0.004270,0.002125,6.443541,0.003132,0.090158,100.0000,100.0000,"[[0.01410680395152673, 0.8829770044212892], [0.05053662938368669, 0.7756939744642343], [0.043122283696784725, 0.7930092978250056], [0.18448115402639795, 0.570903209153635], [0.10634549656126979, 0.6742493564190728], [0.0015612966560127426, 0.9611644052814536], [0.3196491133844169, 0.4349560668567537], [0.006708809241259495, 0.9192194809905383], [0.0035882623871033026, 0.9404890680603747], [1.0, 0.0], [0.22286853497246456, 0.5281930769455748], [0.28936495098133, 0.462338341099408], [0.0003258053864970273, 0.9821994565322945], [0.2133681736868197, 0.5382145534535323], [0.6712263817423108, 0.1808279781293999], [0.06659192757233823, 0.7422055037061135], [0.0362241446403473, 0.8099067711047601], [0.351476466395408, 0.4072748925417444], [0.058367235751417834, 0.7584279364301079], [0.024510042261166765, 0.8437641529703156], [0.09856178151516576, 0.6865223624411152], [0.37382805475188974, 0.3887517898759675], [0.1391488323933437, 0.6270945392831773], [0.3297566333931625, 0.42604103489352385], [0.52351786511285, 0.27660368349958625], [0.36282108245168454, 0.397985083036755], [0.2795336544030643, 0.47146031886037953], [0.7679315552781323, 0.12370730546336198], [0.39626969867440875, 0.37075841432967754], [0.15610920925192978, 0.605247188928575], [0.23206788304995252, 0.5182707165692848], [0.7065477964960687, 0.1594519500946735], [0.9086603689424999, 0.04676579336245567], [0.13123619697926037, 0.6379165960394175], [0.2995772921982413, 0.45299111725358004], [0.4298579483148496, 0.34452980139662615], [0.16536775965490924, 0.5934598439433658], [0.30965699692430537, 0.44363749382031975], [0.11408504025174915, 0.6624088077809268], [0.20371477691728468, 0.5488156041557849], [0.793023633215223, 0.1094908232958291], [0.030125519548713675, 0.8267651663675233], [0.19396940476547375, 0.5597574571245926], [0.26993860521689916, 0.4806401501524688], [0.41856248256449724, 0.3531996084674733], [0.7432312627656581, 0.13791636711487265], [0.7187249310586421, 0.15231258959497546], [0.8308188176196216, 0.08851639227010892], [0.07507033815860234, 0.7263447743994169], [0.8181932173590623, 0.0955040617130961], [0.40727678671113976, 0.36193326553313876], [0.009951693462176225, 0.901009796420835], [0.2508699723182938, 0.499259414443384], [0.8955412592703226, 0.05369745289627751], [0.4634629741091669, 0.3193700731487729], [0.536288553281639, 0.2676957289227403], [0.8056148236949374, 0.10253289599562454], [0.6945936653575441, 0.16658948471704416], [0.49881501367651626, 0.293831114711984], [0.14772528707592558, 0.6159072577377066], [0.6828838238347208, 0.17366525069088193], [0.2412869610897471, 0.5088398838007081], [0.9216791899141407, 0.03996146220661977], [0.12229715743286806, 0.6505057841799945], [0.08297670574128985, 0.7124940047139379], [0.4410137123038891, 0.33610832154339826], [0.17476175304122932, 0.5820009968130204], [0.26023742064046995, 0.4900805623018935], [0.9608860124912565, 0.019754388929649702], [0.6235355844784201, 0.21041935154643163], [0.882513438097396, 0.060629655979073147], [0.7804837001624771, 0.11661453421301984], [0.6477176362881057, 0.1953795637735428], [0.8435433329988191, 0.08157606090544176], [0.38516127044163995, 0.379592522868449], [0.6355149495746184, 0.20287493683478858], [0.9739684880417336, 0.013148903557707155], [0.5490823345273536, 0.25929646054904726], [0.8693861816999462, 0.06761862170914398], [0.47558495355041014, 0.31038145265475636], [0.586558387204595, 0.23420945866002535], [0.5615386643789496, 0.2508031271945379], [0.7555574377474494, 0.13077555987118827], [0.7310608515564488, 0.14503232819536338], [0.9347691509795962, 0.03318131065399548], [0.0, 1.0000017475002483], [0.34059563095306733, 0.416621245365948], [0.6110026787801546, 0.21837833897934558], [0.9478225297987077, 0.026463937979331068], [0.45213665592647834, 0.32759653940807626], [0.0903582172940669, 0.6995822933273287], [0.5113650884587199, 0.285017034364683], [0.5986797768413319, 0.22634535516299106], [0.6593039244828047, 0.18806978365680543], [0.019226660776382576, 0.8615297965523441], [0.4871916109054744, 0.3020622287646614], [0.856536424921557, 0.07461918296479313], [0.5738695282302648, 0.24247068797514823], [1.0, 0.0], [0.9869583699912533, 0.006542215294855436]]",18.91
ZDT1,MGPSO,2,100,0.004235,0.002442,5.681097,0.003373,0.102596,100.0000,100.0000,"[[0.02122125747163165, 0.8555116858673947], [0.0051536040639935665, 0.9290385079756439], [0.025290689870112404, 0.8411438434734936], [0.030763806422896778, 0.8247690790364806], [0.04250002794469232, 0.7948102898827414], [0.036633076404973514, 0.8091237058625119], [0.11984813678587533, 0.6542551923181943], [0.4303033772903284, 0.3441242861432805], [0.8424413019122527, 0.08217302408553626], [0.0005557207383570795, 0.9764519099208026], [0.8199776383122637, 0.09448621550450075], [0.363928969343445, 0.39719977999409223], [0.5115300619228904, 0.2849065308837897], [0.5486829384220537, 0.25940767836824813], [0.04819547701739427, 0.7807238330810876], [0.5362590989701387, 0.26778234258620687], [0.3530849809522175, 0.40584264830035904], [0.012123035732966655, 0.8902163043551805], [0.44142401787541957, 0.33571899788019405], [0.27752908514966795, 0.4735986867318169], [0.8764265501688923, 0.06387423092269334], [0.00836244343930631, 0.9086029882055519], [0.1500106641479897, 0.6130560912765697], [0.255367527995121, 0.49468903732126845], [0.8088275904518604, 0.10066823285452595], [0.0695833291772266, 0.7365017056983113], [0.8312002420835748, 0.08830298685641448], [0.26630347435836943, 0.4840180728237348], [0.210753907612654, 0.5411727788192022], [0.05496239400960856, 0.7655842678455601], [0.29952365065590947, 0.45277619132614266], [0.40786418895988463, 0.36146620569338245], [0.37451381605311573, 0.3880321134012299], [0.7978042099310104, 0.10682179400376282], [0.5863441433695137, 0.23429550361582685], [0.016653848966665663, 0.870966160641841], [0.1702464830536119, 0.5879163591580749], [0.2441999117982811, 0.5058411596149909], [0.7643927878187798, 0.12575590401906972], [0.3422286639241837, 0.4151064457032463], [0.3856208061094084, 0.3790711160537371], [0.3315457884904325, 0.42425114135271524], [0.15989333956197047, 0.600246500143697], [0.4190913082439779, 0.35262974857737045], [0.7422514341116119, 0.13847186376649848], [0.23275358724210427, 0.5175762399478385], [0.4992208517300079, 0.2934840264748257], [0.32093296537609683, 0.433693859163894], [1.0, 0.0], [0.0, 1.0000031991970784], [0.7755803404012632, 0.11936421865082944], [0.19011647011426364, 0.5641287641155425], [0.18018452456635992, 0.5755991475308858], [0.07661036123117082, 0.7235990362006001], [0.20062518658624706, 0.5521121490091438], [0.11003446691647012, 0.6682966240767566], [0.46388531197668303, 0.3189109575669512], [0.8650023274390427, 0.06994595054042697], [0.08463432707810156, 0.7093279145488357], [0.2883761022909783, 0.4630447531180543], [0.5240985164889201, 0.27616410167183303], [0.5738344742315802, 0.2425639374191188], [0.6958800164171852, 0.16589641063091318], [0.786806925773062, 0.11298429330964863], [0.12922002645100195, 0.6405714578631877], [0.13984009065412822, 0.6262384418675911], [0.10069612581277948, 0.6826993093652455], [0.5988865603958582, 0.22613214449276878], [0.707588334731734, 0.1588469848380322], [0.6722041206504071, 0.18013115599369312], [0.06199349670914707, 0.7510339950676516], [0.6113439196231425, 0.2181328781243427], [0.6840903837901557, 0.17290371863336929], [0.7533061094334911, 0.13207480560353438], [0.4875940290198573, 0.3017376657220411], [1.0, 0.0], [0.47582101394402154, 0.3102335297703735], [0.31010082148890666, 0.44316345007372043], [0.39670824336992794, 0.37029980230771525], [0.5612068934607808, 0.2509866691288195], [0.9236603338465933, 0.038951656052293206], [0.09259595092578543, 0.695927548696167], [0.9362142143120977, 0.03243293385675658], [0.4525837097486723, 0.3272645847049705], [0.9618014675658461, 0.01928786174486177], [0.9121566170871025, 0.04500942148779334], [0.899969679682143, 0.05135558068564925], [0.002379876987307572, 0.9512957002085087], [0.6478476117423287, 0.19511319054738588], [0.974670221878313, 0.012758165302359872], [0.9873302718226704, 0.006355367225997725], [0.2215211972002894, 0.5293513582844025], [0.6236412902448291, 0.2103996959738073], [0.9490651446772808, 0.02580544905307489], [0.7191290421059365, 0.1520123462800042], [0.6600729356129627, 0.18760233607107712], [0.8537157495882632, 0.07604613183320878], [0.7304913552731026, 0.14532118591772336], [0.8882648139985057, 0.057529122545515544], [0.6357206043092358, 0.20271012824042334]]",18.45
ZDT1,MGPSO,3,100,0.004171,0.002494,6.169431,0.001662,0.091618,100.0000,100.0000,"[[0.014553338526597376, 0.8796919903876527], [0.2500906439356839, 0.5000164774856095], [0.5381581063853119, 0.2665890180255673], [0.15043813964660402, 0.61242294186815], [0.00675099730765992, 0.917947916014381], [0.08746969276838681, 0.7048739160241277], [0.683843954079363, 0.17312172021740233], [0.024196467295953438, 0.8451828643197866], [0.03606970509782494, 0.8105533499540094], [0.2938852274447333, 0.45823662507429064], [0.10380883991864515, 0.6786414821604629], [0.5486828671255604, 0.2593358799712778], [0.029914832165122363, 0.8271370240715935], [0.5276839383288889, 0.27378859135115063], [0.22952972684216033, 0.5212825236755564], [0.4056953692757759, 0.363078231613653], [0.4624312627830032, 0.32002365562603674], [0.6717423914884522, 0.18042408997950507], [0.0036914584545852114, 0.9396845623074654], [0.21934040183128214, 0.5321038401118786], [0.49514200484174464, 0.29639214756397797], [0.04943906243463071, 0.7781536613574402], [0.6135361863430611, 0.21677035648331053], [0.5593091100942067, 0.25223053858711725], [0.6957790226128739, 0.16589437187945957], [0.2716367592850031, 0.4789549819351451], [0.707857527910493, 0.1587080767600231], [0.20928867462951983, 0.5426878831740121], [0.18958628175811776, 0.5648730375664999], [0.7562008923503903, 0.13042088694732554], [0.4172361182667374, 0.35418766811097524], [0.793076588309718, 0.1094721282002386], [0.4399901420510044, 0.33679348911349044], [0.4732444851488445, 0.3121113219174151], [0.1797432127751662, 0.5761837870177461], [0.38243302255906375, 0.38161125841710003], [0.6362568211177724, 0.2024052818622694], [0.056658193162176906, 0.7620542288501088], [0.42876156523049525, 0.34533203075508107], [0.7319705332421079, 0.1444619711419972], [0.09536359738836087, 0.6913485039224461], [0.3601565722921397, 0.40008742054494595], [0.32705073224728354, 0.42829014185260966], [0.28272619498869894, 0.46841309047257407], [0.3047809017172082, 0.44800756978597417], [0.07203027448587562, 0.7316682151882581], [0.31591355480367367, 0.4380257931058493], [0.768435490883296, 0.12341387052000176], [0.0005252903767684058, 0.9771426044266296], [0.23961540792612024, 0.510536065498618], [0.6024930072845089, 0.22388050787771258], [0.1310613986482712, 0.6380760889957949], [0.8057163494163375, 0.1023924419342016], [0.9171551033928359, 0.04237349279259256], [0.06474301054755138, 0.7459663054708289], [0.8311320025570065, 0.0884076395463865], [0.12158774098931224, 0.6513328438960393], [0.39412984678930235, 0.3723410936533783], [0.9291396255384794, 0.03609596197379538], [0.11233890369945959, 0.664933778974503], [0.9882505748526533, 0.005896022299083378], [0.7440570795541074, 0.1374801341013938], [0.5168173624427903, 0.2811446165066975], [0.019043574141273, 0.8623929390926673], [0.1406316846608192, 0.6250867945458704], [0.5699266363116172, 0.2451153903301826], [0.37106403135069743, 0.3908864958977139], [0.001652507065837111, 0.9595384946465247], [0.7199061770379915, 0.15154108266958394], [0.07959891433904409, 0.7179255705494886], [0.17015719576732236, 0.5877908168606594], [0.964717049834453, 0.017802696658871124], [0.5058915101854135, 0.28878277031031035], [0.33798992411879614, 0.41882288889492664], [0.34907232742331407, 0.4091957452056964], [0.48410383310117544, 0.3043107754469005], [0.45139089563612916, 0.32826002456238307], [0.7806944815624096, 0.1164698191131814], [0.8807955626858424, 0.061542574871542396], [0.19946192661303908, 0.5536914308739909], [0.868319538360631, 0.06816520399668315], [0.26078066188029914, 0.48964655890114045], [0.04251012746376581, 0.794041463145387], [0.9410756197817323, 0.029950986929224526], [0.010568500028223071, 0.8977817560925178], [0.16029337516132203, 0.6000793593522006], [0.624870853668016, 0.20955609945920434], [0.5806872109065678, 0.2380267958651176], [0.8928139544116297, 0.055138749900887594], [0.6480469076307142, 0.19501405972198527], [0.8559529009718967, 0.07485213168379364], [0.6598643644587033, 0.18771063328601395], [0.9765134855556444, 0.011817188202388204], [0.591651307369018, 0.23085170409097194], [0.9048498693960783, 0.048777695940302526], [0.9528553601337391, 0.023867234635209546], [0.0, 1.0000003197805263], [0.8435629407015648, 0.08160049537603214], [0.8183658486794458, 0.09537476502589667], [1.0, 2.8939161234993284e-09]]",18.95
ZDT1,MGPSO,4,100,0.004194,0.002070,6.572151,0.002071,0.114139,100.0000,100.0000,"[[0.04291843048300825, 0.7948339375237139], [0.0019128815310951452, 0.9599523414042214], [0.19008139521315348, 0.5642465145902343], [0.057251478057479654, 0.7610270861432059], [0.4590192266795081, 0.32283438637241063], [0.22973233119127867, 0.5207911727430264], [0.000376111825592898, 0.98378324005534], [0.10843952755261588, 0.6713197628297959], [0.2979710696300356, 0.45445874385116364], [0.6393187017173395, 0.20049455482391657], [0.15371910173893966, 0.6082411250587619], [0.04980198981364104, 0.7772368707782258], [0.11756124019139189, 0.6574793248921273], [0.27422216600177984, 0.4765409748301505], [0.4137686361448671, 0.35708973564519286], [0.011182063817095078, 0.8943406134541997], [0.28583043503252714, 0.46543877014793483], [0.020350089492198076, 0.8578472128432632], [0.47053927736367734, 0.3140467966602804], [0.0037758909756266945, 0.9385540959657067], [0.16258272376261085, 0.5971508900550255], [0.7202895315358463, 0.15132816057163245], [0.6970222270932718, 0.1651510004920886], [0.6279989393757925, 0.20759847377662308], [0.5949628442995489, 0.22866374086807806], [0.025641472757863784, 0.840643183177175], [0.03706724290268226, 0.8075539984245185], [0.06516592897395593, 0.7451076554719496], [0.5397783913207735, 0.26540924324200665], [0.6852967385832522, 0.17218237914449164], [0.4029701585426744, 0.36520408532436444], [0.13607266001353735, 0.6312662252560219], [0.4822656581403052, 0.3057659615373448], [0.550881161710982, 0.257822773839668], [0.2192124285176804, 0.5318087037616483], [0.09945632552575057, 0.6848012148078877], [0.6737331275351818, 0.17925986928094906], [0.7085727342407733, 0.15823779590915596], [0.0734515637341507, 0.7293498134914495], [0.17131675312321035, 0.5861144736974954], [0.8668192363410303, 0.06899029986595932], [0.5839989874269165, 0.23602050191881863], [0.08203397537073348, 0.713613942403092], [0.4939736401253565, 0.29730762462621596], [0.8333190676785954, 0.08715868238597534], [0.7319295709242313, 0.14451907374750061], [0.3814036792592649, 0.3830349435341418], [0.6059191066926677, 0.22163127469614377], [0.42429593448946157, 0.3486785114332911], [0.2517708883367069, 0.4983253454634932], [0.9621657232183125, 0.01910272127026714], [0.20924155248621013, 0.5432525057410705], [0.1807197108816473, 0.5749314932115416], [0.4357170369455333, 0.3400737684231363], [0.32216390252733745, 0.4324219040175799], [0.09054524852985579, 0.6990927856987117], [0.9747408279289307, 0.01271752467642109], [0.1448674253592852, 0.6193861992529163], [0.19983252036230603, 0.5530771472704602], [0.5730029485878178, 0.24316719992456803], [0.3348800914398997, 0.4214116860355557], [0.4470489491852677, 0.33141254883052385], [0.7434527327826227, 0.13793264686397536], [0.8896820784052987, 0.05677529341313081], [0.8000232757753012, 0.10560773159780198], [0.5284773490566427, 0.27304722001790915], [0.015073612607245379, 0.8772579809922105], [0.7775173939245007, 0.11826036831345106], [0.39219556304366276, 0.37375446735379], [0.35878897383020686, 0.40154740344902207], [0.844449123279969, 0.08109932370399385], [0.9497015538499621, 0.025479659102737574], [0.9014549521363164, 0.05055245137551885], [0.5170843597177329, 0.28093849369512014], [0.37021160778487705, 0.39159088662552355], [0.24062350928259352, 0.5097000557164518], [0.9374352308097342, 0.03180477203265855], [0.9133165275239387, 0.044382610154946885], [0.8223450229418955, 0.09324748105265147], [0.26312630215915167, 0.4870483634580254], [0.9873561330030219, 0.0063422959793022525], [0.6508349439171616, 0.1933744141584238], [0.8556773588806492, 0.07501458466712696], [0.0, 1.0000007811809541], [0.9255238404479695, 0.037964628644102466], [0.12627307048989744, 0.6446533404870631], [0.7661369943809776, 0.1247286575487942], [0.03109509310872577, 0.8237322437249616], [0.7888287516188661, 0.1119181951556797], [0.8112821263665977, 0.09930269354044417], [0.007134769610771419, 0.9155927264173676], [0.6622324166682523, 0.18623529156111793], [0.6169583069670838, 0.2145731098613153], [1.0, 0.0], [0.3099434273623411, 0.4434160630294333], [0.5618571988970512, 0.25043518367874185], [0.7546630754803451, 0.1312873571536683], [0.8782628358790288, 0.06286364532072057], [0.5053550882912584, 0.2891276642802123], [0.3468869548174384, 0.41114498877591626]]",18.70
ZDT1,MGPSO,5,100,0.004254,0.002178,7.124700,0.003591,0.121752,100.0000,100.0000,"[[0.006150987639440109, 0.9224643254641693], [0.01788902455892244, 0.8670103999895762], [0.08726451624572262, 0.7054115674237441], [0.11399162863865586, 0.6624901521070853], [1.0, 0.0], [0.059431921570012425, 0.7573552658931685], [0.0026367112647953106, 0.9486922169000461], [0.17788544471712953, 0.5787539729802026], [0.09559276420575294, 0.6911830709138235], [0.21035009477799874, 0.5416373769843336], [0.10460776993003851, 0.6769941763395597], [0.16706922058868925, 0.5918012988503917], [0.9395914626543187, 0.030699017262771768], [0.04045986107511465, 0.7994699471773099], [0.8668691303134168, 0.06895931248052103], [0.7372386437646239, 0.14142709947628043], [0.44459245842927814, 0.33328632243864253], [0.5127625981985865, 0.28400736874442084], [0.0006812848259678539, 0.9742864020557599], [0.5243293426171893, 0.2761032278582946], [0.37005918226583145, 0.39183313584169027], [0.2988380690951909, 0.4535209990014376], [0.5359083174698609, 0.26805050581421475], [0.07234492639614032, 0.7312263341138515], [0.927558254649095, 0.03690617791326032], [0.1992501040017074, 0.5537730230143506], [0.8302200617157831, 0.0888650368180737], [0.18861059828583027, 0.5657946950714032], [0.3598932697207726, 0.4001512415619741], [0.155480136200139, 0.6058918657066883], [0.7944712897311095, 0.10867181211612768], [0.987842784993699, 0.006100143344690888], [0.41160851276716204, 0.3584652133467743], [0.0275855365411799, 0.8339326397651594], [0.022854289917850212, 0.8497748955544066], [0.1238082174099785, 0.6484681658882591], [0.7713859096828329, 0.12174954315362775], [0.06570842189553128, 0.7438671718128584], [0.4782489812371573, 0.3085630315200804], [0.5825703375584299, 0.2367917649972112], [0.8546427968719342, 0.07556435932225272], [0.14441155464291333, 0.6200619273728798], [0.0337031506103538, 0.8165600031341145], [0.4225206001554973, 0.3500317253860359], [0.38019695636372886, 0.3834821817645077], [0.22065093830133697, 0.5302699447024033], [0.3497137902367893, 0.4086575269146651], [0.7259892715671113, 0.1479873257374167], [0.28785010983848053, 0.463709825344751], [0.4009701699947821, 0.36677887926756575], [0.9032997655114477, 0.0495936407314946], [0.806372752710984, 0.10209219140672281], [0.8423894192279479, 0.08218759713084084], [0.24244633116668274, 0.5076608959790373], [0.013953091923238514, 0.88218392053456], [0.9516157312790607, 0.024505319095913667], [0.2766024738718913, 0.4741426332403774], [0.8912355378824904, 0.055964206912235685], [0.7147064696552644, 0.15464614849564293], [0.5475074415537473, 0.2601206991158423], [0.25374766885974104, 0.49635371893712316], [0.010124571268239513, 0.8997818077131243], [0.48954673978423796, 0.3003612102754797], [0.9154393574710558, 0.04322705540806882], [0.7598972519027261, 0.12831888339184877], [0.05250195336529773, 0.7712425980005321], [0.3397751205038143, 0.4174302642451687], [0.8790415630442069, 0.06244710427772933], [0.07968176800878829, 0.7180818983697653], [0.6565337433514767, 0.18978216680027485], [0.6685284918148882, 0.18236902303586525], [0.04640952574466914, 0.7852703214797964], [0.23128422297220996, 0.5192777706819766], [0.6060068970506779, 0.22154606008396258], [0.13430281295314372, 0.6336930202470386], [0.39090542457967764, 0.3751835088619782], [0.5592082926426949, 0.25226412028514517], [0.5709792031132753, 0.24448269481934698], [0.782946802084973, 0.11517527964294556], [0.6435600012401116, 0.19778271556949317], [0.3193049592975567, 0.43501728509857646], [0.6918699025287672, 0.16822149834252415], [0.26497017194932476, 0.4852865462556854], [0.7485089324809795, 0.13484510997718988], [1.0, 0.0], [0.0, 1.0000004699513205], [0.9757259304840353, 0.012223284170481633], [0.7034264715244671, 0.16133123816848968], [0.6307498305419558, 0.2058198209959291], [0.3091905284980566, 0.44433959232448794], [0.32937981047081377, 0.42619301234955886], [0.8182056663920919, 0.09546985831414795], [0.618693826694033, 0.21343901782893165], [0.4669497182525023, 0.3167018861380781], [0.9636856110719787, 0.01836307411971241], [0.43347057779136444, 0.3416696696952338], [0.5941704360859481, 0.22918111117414808], [0.45584362816726176, 0.3248755480604359], [0.6802462083513803, 0.17531691893284926], [0.5010041989084506, 0.29219714511906203]]",18.87
ZDT1,MGPSO,6,100,0.004236,0.002051,4.637417,0.003550,0.103982,100.0000,100.0000,"[[0.05613378207376818, 0.7655052292502788], [0.07637811403549685, 0.7236934048598799], [0.0195722491100766, 0.8603837062059508], [0.18040585279055343, 0.5762046743825373], [1.0, 0.0], [0.0008437353905635936, 0.9710562034885529], [0.006053527026634309, 0.9225189809202872], [0.09196255031391487, 0.6969704116008776], [0.036483352611702824, 0.809271214877132], [0.04181683972722772, 0.7956509823476183], [0.20879601559937555, 0.5430802564285858], [0.4574992798249321, 0.3236964560289437], [0.17041683265066132, 0.5873276424622973], [0.219191891303504, 0.5318620378971765], [0.840661881329827, 0.08313656714775852], [0.41049982704916343, 0.3593597872964716], [0.7485941304061117, 0.1347987345159247], [0.10752834124981148, 0.672679679908108], [0.18933802426975885, 0.5649214544721135], [0.03071744264137033, 0.8249797419838872], [0.7257796949730695, 0.14810624455986082], [0.38821693779471533, 0.37693346922967164], [0.06939754422826407, 0.7367242934354553], [0.01435154122983101, 0.8802081975256144], [0.2630391335383553, 0.48719969306660366], [0.30841491385674674, 0.4448372684163184], [0.8176413135406855, 0.0957792038938752], [0.11645295512789394, 0.6601171414236499], [0.14245575949467004, 0.6226245727688628], [0.19903584620119913, 0.5538938590946292], [0.0251426713545444, 0.8419784569859503], [0.009774303406964663, 0.9015465419610458], [0.06250535511371746, 0.7501813743416635], [0.541434832528151, 0.26418195747842554], [0.1245172667512287, 0.6471730364804322], [0.09957662607063478, 0.6844565909894753], [0.9743307639870966, 0.01292668629412745], [0.5298450450857249, 0.27210660662831004], [0.15164813118174447, 0.6107727284327703], [0.6106450964800012, 0.21857156756918306], [0.4216120166493428, 0.35082454110075856], [0.2852401848635513, 0.4659501364370425], [0.08398390611794063, 0.7103221019222874], [0.1333004425099686, 0.6349853147190286], [0.680285193617502, 0.17523554666599514], [0.36636698288197067, 0.3947576256355667], [0.9360792309312499, 0.03249892669917129], [0.49403968434026463, 0.29713740201116323], [0.6573275651713537, 0.189306872622934], [0.343567267561119, 0.4139523637622418], [0.4696178896278202, 0.31476911146826925], [0.24048781545541142, 0.5096180554402873], [0.7716424838963293, 0.12157922408696104], [0.3772779268030989, 0.38579850560202267], [0.7370980033379227, 0.141460786614927], [0.27401095958339505, 0.4766157745675443], [0.7031154430834414, 0.16148267008605474], [0.5758682414145987, 0.24115239253627097], [0.048331580773500506, 0.7801714326140793], [0.5990628339731245, 0.2260219156603431], [0.35486356171006794, 0.40430677775805607], [0.00297193480471436, 0.9457225290584068], [0.5179778029690287, 0.2803409979052515], [0.8869134569815192, 0.058241617394957236], [0.645927182359235, 0.19631724383251956], [0.7831390654521164, 0.11504884761206347], [0.5059122257694031, 0.28872648549770086], [0.29682171069067464, 0.4552423973308827], [0.8061330117596528, 0.10217428907887988], [0.0, 1.0], [0.16085336441082443, 0.5989856310634397], [0.7946427464922247, 0.10858682812938955], [0.39950907158999227, 0.36811229144602753], [0.6687993116446906, 0.18221174262285536], [0.5875169153883699, 0.23352774767862586], [0.5529224629494172, 0.2564150955926356], [0.2294994821058846, 0.5209624473187611], [0.852081538937669, 0.07694286338130522], [0.9871564215156403, 0.006443677721488377], [0.9487958824242984, 0.02593866082387162], [0.9614874347410411, 0.01945308269878148], [0.4334140953725905, 0.34166572853097654], [0.7144351574107753, 0.15476630798722862], [0.6916632171671413, 0.16834290061460652], [0.564436814051357, 0.24876767268386105], [0.7601534018634888, 0.12814011335311312], [0.4819424567633709, 0.3057842919792974], [0.25203526370435736, 0.49798414351454734], [0.8636121963765272, 0.07074913181290203], [0.6224798913247354, 0.21108411965529647], [0.8990248713950462, 0.05184369192400962], [0.9112067133773496, 0.04543209101495875], [0.32017817928179004, 0.43419886801127794], [0.44537833354465306, 0.3327080810810384], [0.8290929449435993, 0.08946833616326115], [0.9234572598554992, 0.039034546418449355], [1.0, 0.0], [0.6342261986327742, 0.20376658952723367], [0.3320738174914699, 0.42382623035812456], [0.8753825876645186, 0.06457032693111754]]",19.22
ZDT1,MGPSO,7,100,0.004220,0.002128,6.451214,0.003426,0.123490,100.0000,100.0000,"[[0.0025436018478945943, 0.9541753856899271], [0.2000423952540451, 0.5529353055446894], [0.16019582862605786, 0.5998845147971829], [0.13188952473687476, 0.6370189913460966], [0.7171282861139913, 0.15316572688985286], [0.6028412798935906, 0.22376192064080488], [0.1409469330357767, 0.6249028508049738], [0.19044644555114992, 0.5638624119368064], [0.2712621406937715, 0.47921329391997736], [0.40804895225956106, 0.3614431517022332], [0.042619825323936766, 0.7935562751762272], [0.3971235621018989, 0.3700117339472569], [0.0007217603943912021, 0.9733750719809118], [0.011818168650361949, 0.8913176455002252], [0.05648721909443192, 0.7624793076134965], [0.15017301116231752, 0.6126365255538958], [0.5914439185414443, 0.2310416702062165], [0.06336694269093646, 0.7483310608291946], [0.00861016098831555, 0.9084108461508562], [0.7059768806890706, 0.15981202816852397], [0.36460890104406973, 0.3962203376054822], [0.82259164992094, 0.09304982726710735], [0.3863900649173279, 0.37849119142831084], [0.6141543066500887, 0.2163429612141129], [0.08748526867869355, 0.7043488845384677], [0.07881433974783547, 0.7193441738570986], [0.34201220031290924, 0.41518254255709036], [0.33068415058088607, 0.42507949152875846], [0.0, 1.0], [0.8104363752006085, 0.09976227211202368], [0.2097316688837931, 0.5420699420309996], [0.2282218455959102, 0.5224321173528312], [0.17032625655980682, 0.5873808276193644], [0.07114471697778635, 0.7334655961340986], [0.21876616672070515, 0.5323543030237666], [0.6947310655638639, 0.1665701740620682], [0.44011422235345954, 0.3366007581564271], [0.022025036038950785, 0.8518382361435463], [0.09593686215393349, 0.6903124562956997], [0.12309229787480379, 0.6492042488720958], [0.18025424264110468, 0.575498606927114], [0.5800528592334544, 0.2383950096836853], [0.29427430735440696, 0.45756808170388497], [0.8589961481747097, 0.07318126691689773], [0.6833716729161617, 0.173376052299285], [0.4510337717028819, 0.3284133984753682], [0.05023684065527839, 0.7759280836777558], [0.23797736512805268, 0.5122828302977179], [0.473601847025265, 0.3118719113521681], [0.31920346197835764, 0.4350922787101755], [0.03557079120701656, 0.8139807947695675], [0.35331349067917256, 0.4056497352641542], [0.027846242542475252, 0.8332096039565687], [0.30729117714590226, 0.4457231570258417], [0.7983766514986571, 0.10649620407737542], [0.4621937779169766, 0.32016508812345224], [0.7629950087066083, 0.12651963491491255], [0.8947357406872387, 0.05409601260463288], [0.1139471450778562, 0.6631661474027525], [0.8829140988039965, 0.06039907282929183], [0.25977086410733247, 0.49039269515398676], [0.004940906938834533, 0.9297121522136467], [0.2832591152534314, 0.4682994251099478], [0.10456036209108255, 0.676748987999816], [0.9417237346958427, 0.02957813299404444], [0.016498224070695233, 0.8716257007632258], [0.533550708683265, 0.26964993845135615], [0.545936846730898, 0.2611611480088808], [0.5573602768980521, 0.2534723660400624], [0.5687646360906969, 0.2458405680652807], [0.49762578703765037, 0.29460817401003236], [0.6488878194691954, 0.19447885190039035], [0.5095535273619555, 0.28620972092627106], [0.728620519934541, 0.14640749273637862], [0.24913250665345918, 0.5009804989205868], [0.9183441327748099, 0.04172381077720658], [0.8347111335623484, 0.08639015434616486], [0.7747805256914191, 0.11980220680657644], [0.625637536468987, 0.20905316909464147], [0.42936308144619645, 0.34481277449362524], [0.976605811713537, 0.011770655413391435], [0.4854415306782257, 0.303320524181871], [1.0, 0.0], [0.0, 1.0], [0.7513856629154481, 0.13325194249478223], [0.6718058976493708, 0.18039444402495808], [0.9533835181297379, 0.023603506239771185], [0.8709172099289252, 0.06677820549340942], [0.929975071584246, 0.03564790517201647], [0.7864957807733197, 0.11318860155716495], [0.7399817593706406, 0.13978514356651728], [0.9650098671617234, 0.017652356522466366], [0.988304186029776, 0.00588704475884537], [0.906499635742934, 0.047903164056897866], [0.6602662482061021, 0.18750095296422933], [0.41867620112730447, 0.35322246504224336], [0.8468625314531386, 0.07975213734315413], [0.3753889212345013, 0.3873834597427483], [0.6372833815950655, 0.2017318114215933], [0.521359083431152, 0.27797445867111287]]",19.11
ZDT1,MGPSO,8,100,0.004263,0.002115,7.431623,0.003088,0.075559,100.0000,100.0000,"[[0.00030139159439615364, 0.9843200967602812], [0.01487088147828669, 0.8797666578769825], [0.14390490124917288, 0.6208040122506049], [1.0, 0.0], [0.07690428883659084, 0.7227588633809149], [0.32324893298918894, 0.431576303922675], [0.3772896844932716, 0.3860443502925465], [0.006553726433356166, 0.9192186680737625], [0.047821540353494285, 0.7817460070268499], [0.3024342366426922, 0.4505261227664177], [0.1905898364486311, 0.5635818808360301], [0.23993005263938139, 0.5104577860017356], [0.9485967371784106, 0.02607075303185124], [0.16274996007402634, 0.5967752994341374], [0.4322311863556122, 0.3426165451122401], [0.10118639310697497, 0.6823247997187771], [0.5044025967490259, 0.2898755898950579], [0.05487462293200274, 0.7659518387193225], [0.7353641403947913, 0.14248976484290193], [0.2706337487951759, 0.47984947786473603], [0.5286916374431287, 0.2729919853130741], [0.04123024970758297, 0.7982561765659658], [0.33386623980252783, 0.4222899155318905], [0.2298304965166778, 0.5207405365549796], [0.5406050973408503, 0.2647906976405347], [0.5646957655644338, 0.2486125916127208], [0.9742365195294697, 0.012972217676973903], [0.11729223951479395, 0.6576054155788966], [0.034582542026187935, 0.8141983380800397], [0.06949342259226726, 0.7367016070880881], [0.46805970765739885, 0.3159122324207069], [0.1347461117327991, 0.6330847864931511], [0.10899279233229481, 0.6700733236128417], [0.001418639378851852, 0.9646499043877389], [0.15313372144598103, 0.6087192553443864], [0.9871068393908191, 0.0064709377944500495], [0.24984370427706068, 0.5001971318166545], [0.40953379862954475, 0.36037971699428034], [0.7236032523682399, 0.14943440100868893], [0.12605990288515057, 0.6454219748643585], [0.29165448062480415, 0.4600077099965993], [0.312721309653166, 0.4408670520954071], [0.6262352419111427, 0.20872569459335774], [0.5770048615274327, 0.240586156528255], [0.3984670342623969, 0.36882857938654634], [0.18108324455734673, 0.5744767617768205], [0.34479107632732153, 0.412839657104429], [0.48019971778601356, 0.3071161357046359], [0.4437841939877776, 0.33386146465137884], [0.36652468261811894, 0.39462674674086146], [0.9107776218280519, 0.04568190473688621], [0.7843035262400249, 0.11440259609338072], [0.6385412458717916, 0.20099492802853428], [0.5525904159215933, 0.2566507658246493], [0.062309363489068945, 0.7507063125815208], [0.8357707474619971, 0.08585044338205648], [0.7592543111928602, 0.1286817835213251], [0.018543458217825215, 0.8638915018395791], [0.49232707605445114, 0.2984560296235236], [0.023902726526475737, 0.8472379224744919], [0.7472404720921841, 0.13557919937243787], [0.8485353255310392, 0.07889113486113135], [0.6138660083841843, 0.2165793524082479], [0.4559336813332239, 0.3248160426501324], [0.028975378851266553, 0.8303858371377072], [0.5165348413522886, 0.2813397254603096], [0.6015013992807452, 0.2245296411906506], [0.8613017657844809, 0.07194340837588954], [0.8984238568440034, 0.05216505982128525], [0.0929312810654428, 0.6952333927333914], [0.7970653717966251, 0.10721861807907956], [0.6633557336904614, 0.18554337989913713], [0.08455535153212962, 0.7094768833699581], [0.9358333940287341, 0.03262094311620067], [0.20055865199803835, 0.5532679344123443], [0.6878573287401715, 0.17075132518562156], [0.9232574358096507, 0.03915152502733779], [0.4206830697037339, 0.3514128554276386], [0.17225083587843937, 0.5858711963132845], [0.3556530875856575, 0.40366153547101374], [0.2604661743377133, 0.4896447769885491], [0.0, 1.0000019245398415], [0.6507840195372853, 0.19330600990793273], [0.771820966865512, 0.12147643104890553], [0.21975450165209975, 0.5314277891115482], [0.8737475622188653, 0.06526680490209194], [0.675540609638819, 0.1781516910951082], [0.2099615367709684, 0.5418073671738546], [0.8229030221782667, 0.09286010441037038], [0.6998298529777985, 0.1635153080921057], [0.8860334792727255, 0.05873724564131351], [0.7116664350216014, 0.15646909441274948], [0.01014997083348173, 0.8995095816328801], [0.00348640727248406, 0.9410827254230745], [0.8098955740603854, 0.1000723540414832], [1.0, 0.0], [0.28112363123342965, 0.46983305111355994], [0.38797177696132334, 0.37733548451144266], [0.9613985992101006, 0.019501863170804146], [0.5891305064481416, 0.2324767882714206]]",19.15
ZDT1,MGPSO,9,100,0.004207,0.002242,5.905107,0.003316,0.106965,100.0000,100.0000,"[[0.06269116186843571, 0.7501599920131344], [0.6309582672649198, 0.20569129721424287], [0.42351053361655444, 0.34949077810984674], [0.0007122145346331599, 0.9751872571319323], [0.008736841954315011, 0.9067843310109215], [0.10341187664866694, 0.6790200866534104], [0.3148247564680695, 0.4389540375374829], [0.049747782160292964, 0.7776656453998056], [0.18645354627277666, 0.5683167381541218], [0.07819248184060112, 0.7208856021069443], [0.043026273230883594, 0.7930271945385429], [0.17731061522219432, 0.5793628526417346], [0.22405625391415795, 0.5268806539128598], [0.14815384014927313, 0.6151081120347509], [0.3246267929421234, 0.4303969615219527], [0.527617211454316, 0.2737115194967887], [0.4473701906098524, 0.33128275571013127], [0.45914513367082443, 0.322433071314765], [0.21462348556084457, 0.5368927779264918], [0.03079108159819699, 0.8250083989096839], [0.036883773771111794, 0.8081885151031655], [0.25438985656292173, 0.4958577644743968], [0.018495444029322794, 0.8643538417462523], [0.004528056171457462, 0.933186075374797], [0.39932198495805066, 0.3683342846205874], [0.9878663658245169, 0.006093686482612448], [0.8406749799446473, 0.08312832097955952], [1.0, 0.0], [0.29504515267710685, 0.4569683047803883], [0.1581598185307883, 0.6027034490644583], [0.05593694955804995, 0.7634927589644104], [0.3049697197033505, 0.44789406369245377], [0.28527565653456216, 0.4662684656053663], [0.01326653706293271, 0.8850772932314641], [0.0020327537601250723, 0.9553402689767618], [0.6076819001886065, 0.2204883908036782], [0.6193152150185472, 0.21305603280342178], [0.20523574779158077, 0.5470841615132178], [0.33454214631033546, 0.4217254648626595], [0.8773013751161907, 0.06336145512737772], [0.2750158569375585, 0.4755852098961755], [0.02410539905968312, 0.8449622724644565], [0.5050893460877719, 0.28930652958411796], [0.6426143147341352, 0.19849553497170352], [0.9756458312151532, 0.012270435932578979], [0.3550871055533873, 0.4041208318596153], [0.13866392280356388, 0.6277542244863764], [0.6541353154697758, 0.19125262465609474], [0.12073902060148023, 0.6526814584114793], [0.8895995059928542, 0.05685566940766471], [0.5499672762224703, 0.25843158362775714], [0.9633760012877756, 0.01849536440045644], [0.08613984240765582, 0.7069366941443664], [0.5842886126369895, 0.2356436078446865], [0.09428036726388622, 0.6930808601942946], [0.5388768914092816, 0.2660642744676253], [0.8527285832848882, 0.07657570865864674], [0.5611971812262776, 0.25090036704136415], [0.19573838029281498, 0.557633968636196], [0.12955655503190142, 0.6403377194995035], [0.7542934989091817, 0.13153373981146368], [0.2647200246831841, 0.4855520438497055], [0.4705009783916968, 0.31439299143889093], [0.3659055085228342, 0.3952426307652143], [0.24404122719792767, 0.506189376105549], [0.5726520098659358, 0.24332891431593817], [0.16728673408773465, 0.591031108033738], [0.41141846752478617, 0.35879042876412476], [0.8042951816925739, 0.10320517788915107], [0.864991032088591, 0.0699779096743139], [0.702671627470152, 0.16178455900374236], [0.5960004966294017, 0.22802517999065355], [0.8286584950239412, 0.08970014807039454], [0.9511454291052883, 0.024788394815775498], [0.7920330423736048, 0.11004931473184505], [0.9141021131693983, 0.04392365807611731], [0.767011255016613, 0.12430591262263756], [0.7795397619720412, 0.11716639255553259], [0.49370021592877733, 0.2974907803884229], [0.7284282615391522, 0.146624526069812], [0.5163474530195836, 0.28152986280398884], [0.9263818336845286, 0.03753838008912106], [0.6661001074850684, 0.18404633782125202], [0.6781211950126154, 0.1765745166158294], [0.3449449978113985, 0.4128068220407646], [0.11184039038946963, 0.6656906281307364], [0.8165386660422288, 0.09642951466590356], [0.9387046904134251, 0.03118583287304334], [0.690353294912368, 0.16921241198933343], [0.3770076455959941, 0.38607178288585453], [0.7414179958887005, 0.1389578240914747], [0.7154578477011032, 0.15422795761028824], [0.2340998947036893, 0.5162360147052139], [0.4354122032208881, 0.3401821331035104], [0.9018528056188383, 0.0503615112674203], [0.3876387761040029, 0.37755249689189685], [0.0, 1.0000000710232522], [0.07016075392539356, 0.7352278501420086], [1.0, 0.0], [0.4818726403139548, 0.30584091508700145]]",19.06
ZDT1,MGPSO,10,100,0.004265,0.002166,5.949030,0.003105,0.085921,100.0000,100.0000,"[[0.018445829276531933, 0.8668993937453489], [0.0016234253872448035, 0.960935455362162], [0.028090162608730596, 0.8328967729975025], [0.014035182808252045, 0.8823252176328941], [0.6147751396646132, 0.21602998058818443], [0.07689963731166655, 0.7236811468331259], [0.6972598462735248, 0.1649998916267428], [0.4205476621848271, 0.35167828238045606], [0.15036665983580355, 0.6123442326605418], [0.0003813024193197734, 0.9814455608738917], [0.22974719527469023, 0.5208095768430915], [0.1419242636579292, 0.623744229163331], [0.11691959260552676, 0.658786096136696], [0.6499559039745387, 0.19385019894440475], [0.13359424751752785, 0.6346642164574279], [0.387380421564977, 0.37770433497095246], [1.0, 0.0], [0.010015039660953906, 0.9004482807406539], [0.27566623034517634, 0.4750706329943728], [0.6735844821911121, 0.17931962318281647], [0.15939179844142087, 0.6009568811242324], [0.1684940732945137, 0.5897612230119974], [0.46665058969421747, 0.316904389182767], [0.003506385590773431, 0.9409136071291009], [0.5580321071155303, 0.25308398931050263], [0.43199113685466106, 0.3428573340155689], [0.08419107884802646, 0.710809390913052], [0.2524566023011224, 0.49764700979235865], [0.6854248844736419, 0.17216581508176915], [0.0543281932028848, 0.767028242671987], [0.37656769826933534, 0.38640616689548474], [0.0469796262432014, 0.7838378900014474], [0.09946139755725864, 0.6849967112920994], [0.34365672232835387, 0.4137806604453239], [0.524013170858161, 0.2761934533980396], [0.09142649273247352, 0.6977851106597148], [0.6380527387940805, 0.20124417915923754], [0.7328916289159013, 0.143913594381919], [0.39830488276437825, 0.3689075390686264], [0.7449479578106123, 0.13691406500893072], [0.24101966054655669, 0.5091396033797222], [0.4093387972500674, 0.36021753141143403], [0.17755664902743756, 0.5786255928451056], [0.7571997330095294, 0.12988770285838308], [0.36547539412333496, 0.39549814133511024], [0.5803718546385226, 0.23820158494868568], [1.0, 0.0], [0.6262831007996567, 0.2086228876050076], [0.4781589354194553, 0.308518433462894], [0.5125913156627702, 0.284142104056666], [0.0621881870580433, 0.7506738100775285], [0.2984115704217534, 0.45380705441283425], [0.040307232643868485, 0.7992844341103691], [0.033779589855864045, 0.8165416690170819], [0.197270957935478, 0.5561099738188056], [0.022801188103846126, 0.8491726584573819], [0.5692055006777015, 0.2456472130563588], [0.5351960845524846, 0.26842913020356085], [0.3545878933394112, 0.4045537808554356], [0.21868694951509526, 0.532441794808857], [0.9506490735985667, 0.02499797487747308], [0.1250731828119745, 0.6464204897192696], [0.3098878685334421, 0.4433589777813147], [0.5012101153601892, 0.2922260780893034], [0.8858451031955216, 0.05884111799593546], [0.6031747233376556, 0.2233858138470529], [0.8330564070294505, 0.08729079600555757], [0.3212267744963797, 0.43337634152125254], [0.8595304561921737, 0.07290479844627924], [0.06942438862955258, 0.7369912318279371], [0.20746690863069697, 0.5445632876625855], [0.8071399860046561, 0.10161144846525859], [0.0062332464343606495, 0.9210626219046497], [0.6617330681573407, 0.1865428992355181], [0.9250863210663948, 0.03823230495100428], [0.4551726825521424, 0.3253823227508692], [0.1875208921929753, 0.5673904022910163], [0.9875863259154725, 0.006229419102244395], [0.7090681064644765, 0.15795712456166164], [0.7944933501852872, 0.10867611808601871], [0.48969544375458174, 0.30037649457693316], [0.28710060961704886, 0.4642378281327051], [0.8727303057723949, 0.06581331415345128], [0.7820244214079487, 0.1157146418768869], [0.10789343232241222, 0.6716683260446665], [0.44353555120387833, 0.33411691056508935], [0.769572892971979, 0.1227661373654464], [0.9378403313914481, 0.03157995292365398], [0.5917879008939593, 0.23080175583257762], [0.8989615665930765, 0.05191772075263301], [0.7209086526259968, 0.15097016976800287], [0.9119337540525839, 0.045054358426207496], [0.8463253382860161, 0.08006692569044717], [0.8201751749855263, 0.09439126962460341], [0.3324890324750604, 0.4233892540112221], [0.0, 1.0000000587119087], [0.962770019256892, 0.018812428385649147], [0.9751329997832716, 0.012519107528491873], [0.26406856184168237, 0.48619192396936134], [0.5466407262526066, 0.2608045414624428]]",19.00
ZDT1,MGPSO,11,100,0.004237,0.002228,4.099572,0.003313,0.088757,100.0000,100.0000,"[[0.16619941064310206, 0.5925637633366848], [1.0, 0.0], [0.07600553470523869, 0.7251935775220477], [0.024274514883415338, 0.8454351007392089], [0.00847928195522607, 0.9085709388688967], [0.8485672681762271, 0.07886702561552242], [0.06833821456692613, 0.7386638648037518], [0.04782752280084612, 0.78159062548789], [0.005341880166042534, 0.9270009370734883], [0.586560459577528, 0.23421013366720134], [0.3746960270187253, 0.3879529791156551], [0.14792011250503018, 0.6154674710360842], [0.5752221343748825, 0.24175275940349375], [0.17548193635012382, 0.5812220845194029], [0.28519392936045385, 0.4659950502510181], [0.0006641344970944596, 0.9742952691736556], [0.08405771929310855, 0.710638922222512], [0.6801152985984672, 0.17535300249849672], [0.128410565537527, 0.6416914146126081], [0.11097096776813997, 0.6669346644666135], [0.23413992926946312, 0.5163225892056396], [0.012895522791936287, 0.8866358343726961], [0.3183339411722623, 0.436072068718851], [0.5278002139051696, 0.2735379916471531], [0.7535929652969895, 0.1319741562622869], [0.39582563726707176, 0.37086232999668295], [0.2643292757468738, 0.4858827445580772], [0.035738624104814765, 0.8112777507082192], [0.34079935576132137, 0.41626822306332983], [0.29626928200452174, 0.45620491561510035], [0.8136396953665331, 0.0980034861350674], [0.21290611094054857, 0.5389657318277704], [0.5516529691740764, 0.2573421998857541], [0.6684076962333078, 0.1824620186977418], [0.4783703969847851, 0.3084399260007042], [0.15692485463173567, 0.6040129162017687], [0.01799835362240952, 0.8658560269667487], [0.11959142871784995, 0.6542598241370193], [0.03022128407775214, 0.8270943123863098], [0.49097642136750796, 0.2994791561574911], [0.7900738011046371, 0.11114759876041153], [0.2442989401850738, 0.5061475473230911], [0.6568534423611784, 0.18954383520959373], [0.0018796598222907274, 0.956720666680164], [0.04178441514785902, 0.7958793209695703], [0.1937419754171518, 0.5600997681826725], [0.3295670999141558, 0.42594455093150346], [0.5034923508483842, 0.29057656314359903], [0.18426689775336624, 0.570855536792161], [0.837002376764391, 0.0851421612904676], [0.3072677792866164, 0.445709265094989], [0.2749334443540837, 0.4759163563122136], [0.8019093711827854, 0.10458031008757074], [0.9338291896776296, 0.033747366171519674], [0.6099748598475637, 0.21901156494552826], [0.8603988414126582, 0.07244296163613116], [0.6451110559969149, 0.19682371043542643], [0.10157126526534266, 0.6814017590824881], [0.3636270887323424, 0.39702646350582627], [0.7285844469198055, 0.14647604136405593], [0.35227627829033525, 0.40648214748116296], [0.09263706349130707, 0.695726715713184], [0.9086347489451689, 0.04678274098202458], [0.7779941196549124, 0.11799190752956741], [0.8962267510519717, 0.05331271485719247], [0.7038996345566588, 0.16103394279668726], [0.44164520793479883, 0.33562170729618596], [0.6336031443236148, 0.2040847450505031], [0.38519992141423726, 0.3793938122135861], [0.7408761399566065, 0.13926437630429978], [0.9210683532941589, 0.04031770172761803], [0.4660074103360019, 0.3173696448344466], [0.0, 1.0000066992750296], [0.5398914598416251, 0.2652518830978804], [0.20283804137105654, 0.549696296203193], [0.41838712122848404, 0.35317492809216194], [0.5158038493532993, 0.2818072935700324], [0.5981835020737172, 0.2266207459465105], [0.6919796050900211, 0.16816889869106563], [0.7161762548397788, 0.15373058498253686], [0.003328038512425746, 0.9425050624725758], [0.22316617105615397, 0.5276483266711935], [0.7659772043665474, 0.12501727642087324], [0.8842110692072834, 0.05981357909702068], [0.9865781409903353, 0.006734017031377818], [0.9732132247475902, 0.013501019584719835], [0.06147411605158726, 0.7521429797208493], [0.2542583492938744, 0.49578940556398876], [0.872187967895629, 0.06613622353967828], [0.40743313750552246, 0.36210103110959424], [0.054546063576999426, 0.7667802856784891], [0.43012461695741466, 0.34417795468579965], [0.621746439842899, 0.2116559843623836], [1.0, 0.0], [0.5634448335613126, 0.24948638170119225], [0.9468063552451503, 0.026964572852406343], [0.9599557582913509, 0.02023486515613418], [0.4539741582880191, 0.32635433849050405], [0.8252857258381607, 0.09155296095727142], [0.1382933571043199, 0.6284421567299123]]",18.61
ZDT1,MGPSO,12,100,0.004252,0.002552,5.845791,0.003315,0.100539,100.0000,100.0000,"[[0.04235370833434532, 0.7964460997598739], [0.011461550372041496, 0.8932776011679633], [0.41096982987390374, 0.3591023353186936], [0.2797968629296942, 0.47119305594107014], [1.0, 0.0], [0.09759967520913848, 0.6877560399494076], [0.36737938599630243, 0.39393773514892555], [0.24847934969996494, 0.5017947981695442], [0.1825308055278188, 0.572947494702129], [0.001365403551937261, 0.9634232165974662], [0.2286662332685414, 0.5218686733144636], [0.6587819531206613, 0.18839675851604598], [0.48125799521017365, 0.3063126642515158], [0.11688574594224727, 0.6589835920240299], [0.08015589489065011, 0.7170270732144228], [0.2193584844570859, 0.5317332150533108], [0.056359458182713734, 0.7630002405351595], [0.3127303890788593, 0.44089492972435773], [0.4338255012526523, 0.3414776299204905], [0.4572475095406156, 0.32395812216499925], [0.0005756832911647525, 0.9775653067171535], [0.15496326028477359, 0.6066819483609485], [0.4222940871920037, 0.35022705330864856], [0.3238229734405753, 0.4312918093305338], [0.02467386460459725, 0.8432040831183366], [0.6712915117763112, 0.18074655213178872], [0.14516422888232017, 0.6190837450613622], [0.23838759769842538, 0.5118709617304943], [0.03561506491042821, 0.8114955303247052], [0.3889902979857758, 0.3763990457855833], [0.1360524701747223, 0.6312465750237947], [0.586996626890395, 0.23391820596917828], [0.007599626377604085, 0.9129325894529443], [0.1072203506436692, 0.6729175661240867], [0.16389081657243632, 0.5952821633942766], [0.21011220565117394, 0.5419287762504992], [0.04892702814415816, 0.7792195826903693], [0.015912066710219497, 0.8740222445905202], [0.08886182814744581, 0.7021917415963257], [0.20099085332150235, 0.5517406709299459], [0.25869853336047877, 0.4913864153372945], [0.6837596338686454, 0.17311325125406674], [0.1255962142170739, 0.6457777343861794], [0.46918206946516317, 0.3150788560606614], [0.8423888416534892, 0.08219133131141934], [0.5639380037087108, 0.24909841381444878], [0.552250005251293, 0.25687939524474734], [0.4933107630794576, 0.29764611108354794], [0.29081410804212304, 0.4607742901313805], [0.5173352432379771, 0.28078913035924946], [0.6104296780722809, 0.21874049574090568], [0.5753614189777175, 0.24148703520021722], [0.7092652624399981, 0.15783430847607735], [0.3564934315172955, 0.4030102078723638], [0.30158231149312487, 0.45089917920686906], [0.33446320949609476, 0.4218409334415171], [0.5986723450160125, 0.22629019150198193], [0.17317117234219176, 0.5839758038929713], [0.19179276917600785, 0.5621070863828601], [0.26933252994390305, 0.48106536008457684], [0.7342106289249252, 0.14318126219583602], [0.07232773061679931, 0.7312769083762312], [0.0, 1.00000207598064], [0.900649014094721, 0.05097682947395415], [0.5053530535810468, 0.2892147679248496], [0.7218749370562241, 0.15039418891702616], [0.8769963134292522, 0.06355849271141342], [0.4001203723615443, 0.3675921520090383], [0.06393487425736283, 0.7472312538780921], [0.7467297255934691, 0.13590093832568412], [0.974568960806091, 0.01279857952735489], [0.540682174133814, 0.2647814888189633], [0.9620093774261291, 0.01918607523075165], [0.00418552888117929, 0.935415812170614], [0.4455531900009487, 0.33260722390119546], [0.8190203820426223, 0.0950087676354453], [0.37810516386136594, 0.38515188194317934], [0.8887646754300401, 0.057260233466340696], [0.02991457137559772, 0.8271213367238331], [0.3454844587628463, 0.4123066575266278], [0.9872396931075254, 0.006405042870748463], [0.7837884615617451, 0.11471635463134928], [0.8307295185720115, 0.08858425126034747], [0.6465255076716347, 0.1959495745239343], [0.7953854890232936, 0.10815982459551478], [0.7590782607087014, 0.12880794147604815], [0.925067695608137, 0.03820198580369141], [0.771370786346938, 0.12176518900875262], [0.6223655897193875, 0.2111404578093646], [0.6344068936527647, 0.20355334216670773], [0.9127722258264033, 0.04461429969063047], [0.8538750142664112, 0.0759573289015311], [0.6964609853470775, 0.16549696884060738], [0.8071450577740216, 0.10161513429149951], [0.019608507276767467, 0.8605226551106372], [0.94964765222244, 0.02552191196671229], [0.9372374808376108, 0.031890422243939655], [0.8654587110422014, 0.0697239876389272], [0.5288924327613889, 0.2728132564166875], [1.0, 0.0]]",18.88
ZDT1,MGPSO,13,100,0.004187,0.001514,5.155567,0.003387,0.130519,100.0000,100.0000,"[[0.21282526383529765, 0.5393993312902382], [0.0017090974684845356, 0.9597560151890763], [0.07749790336651079, 0.7221162421004912], [0.565690954819474, 0.248093686018523], [0.5895702618742115, 0.23243515981542995], [0.25364440397865257, 0.4967248346591279], [0.39231596302115923, 0.3737943653145225], [0.9563182499863214, 0.022107326541650787], [0.6838643181111265, 0.1731469677360033], [0.27353760601352284, 0.47703183390818865], [0.09434425668352486, 0.6932682220892277], [0.025912905829878596, 0.8391664881898814], [0.15981437088701045, 0.6009914648183774], [0.17021379090265415, 0.587652247091911], [0.7066375297765939, 0.15943605778527498], [0.5182051414144502, 0.28019729223106987], [0.36983877954976097, 0.3919720379033419], [0.06922637119501807, 0.7370216231538677], [0.2637276069247501, 0.4867984166256266], [0.12963480336839533, 0.6402176367139034], [0.6374828526338762, 0.20162864378608664], [0.294449575291136, 0.4575765006081117], [0.08573961595772836, 0.7077817041346424], [0.06139174253964669, 0.7531476104180416], [0.039039895856120665, 0.8026395306845862], [0.02048991664852895, 0.8594945422627903], [0.4955247223630016, 0.2961231785665857], [0.0, 1.0000022843923622], [0.7527422484325297, 0.13246201088098183], [0.7409795148216562, 0.13920758091134164], [0.4039116179187324, 0.36459467853055494], [0.19129419782772183, 0.5627626599750293], [0.6136357998413966, 0.2166732637539453], [0.304648087055328, 0.4480760334392048], [0.004046499404846693, 0.9377001604336145], [0.2839468912334116, 0.46713856771730466], [0.3811107630865781, 0.3830010627314709], [0.35861690713699496, 0.4012783590581573], [0.03237726533635843, 0.8202210471825934], [0.33669796467441415, 0.41991086326695587], [0.473092444912668, 0.31236293115824926], [0.7879906189578803, 0.11241939752025948], [0.42739024049244195, 0.3463976851895449], [0.6951894443286655, 0.16630243096685335], [0.6015913294271508, 0.22463643758394952], [0.9455102432161239, 0.027648342648472966], [0.05365693990946105, 0.7685659404481829], [0.23354888224233383, 0.5172179837936692], [0.3477269217864403, 0.4107579443673044], [0.6723342732228966, 0.18014832235880696], [0.11130781110882977, 0.6665061026160901], [0.20193823860887417, 0.5511492247261093], [0.04621833664170649, 0.785291495131646], [0.1494303232577604, 0.6137564383391093], [0.006678083185447353, 0.9184810296442647], [0.9017491843648663, 0.05051338311203221], [0.5774102109158805, 0.2401500183506828], [0.7644383981533238, 0.12570023253416937], [0.9672247058399863, 0.01655895950128239], [0.1807186801455003, 0.5753240209026423], [0.7180401156663149, 0.15264051054615657], [0.1205045366934549, 0.6532112022713936], [0.9890435527053484, 0.005505946871994164], [0.8907023553928444, 0.05631164708366778], [0.9236700906682157, 0.03893054368676773], [1.0, 0.0], [0.8795513584487485, 0.06228915209232783], [0.014662717015162419, 0.8792135514562742], [0.9781022006424687, 0.011011456233253579], [0.450513774392012, 0.32895768897155114], [0.5067487791999905, 0.2881695656798662], [0.625594233527117, 0.20916874036721064], [0.1393377655813155, 0.6268819463305043], [0.22348881269845672, 0.5278889956399604], [0.5298793365372129, 0.27232203104910013], [0.4618100487376727, 0.3206811487177431], [0.9126616232673537, 0.044681654552035065], [0.8109788099678809, 0.09955169352192665], [0.10277036821279568, 0.679698790642409], [0.8568004975024699, 0.07439771031864138], [0.4156313371323757, 0.35531167738633207], [0.7761931221201911, 0.1191274270589054], [0.6606667522000285, 0.18724246672782807], [0.32589495569028704, 0.4292092615587967], [0.01023088118144655, 0.8989765571146545], [0.4842134126441545, 0.3041896894472625], [0.7995559181946146, 0.10615269883756688], [0.7294661184922254, 0.14597420883796172], [0.3151487279742451, 0.43867402017100804], [0.2433992389569789, 0.5067345314961076], [0.553684031664672, 0.25595544957521393], [0.43860276152612376, 0.33784464701194866], [0.6490172373763227, 0.1944091251019057], [0.0012282675062760262, 0.9653600355175783], [0.9345970598917539, 0.033268174575739655], [0.822654014718242, 0.09324461740687537], [0.541764922278406, 0.2640721961718527], [0.8338749467944503, 0.08692721585817806], [0.8681154295951943, 0.06827752225125694], [0.8450590139317509, 0.08082414147511252]]",18.88
ZDT1,MGPSO,14,100,0.004235,0.002411,5.270372,0.001530,0.086086,100.0000,100.0000,"[[0.10374557771083195, 0.6797243392268504], [0.4848649849410176, 0.3037436705995502], [0.06232561197277531, 0.7516207524769762], [0.019119190157928824, 0.8654043450542594], [0.24715187836363128, 0.503373100770206], [0.4956582981535425, 0.29612348408135186], [0.41152654357361396, 0.3587179956367304], [0.00920410894967938, 0.904333465709047], [0.17295677344514748, 0.5842679808440168], [0.21696245938089675, 0.5346704624990556], [0.0864595189598889, 0.706052928660303], [0.2578180544758476, 0.4926671946634036], [0.4220371826862639, 0.35054559372705413], [0.029777741554649184, 0.8276484556671929], [0.22624983925967995, 0.5246584312097082], [0.3461009124757757, 0.41187471214430726], [0.09465566931534014, 0.6927964078355577], [0.11193164833891267, 0.6656120005309245], [0.5172963622281407, 0.2808278271181267], [0.20731982531882107, 0.5448587578393513], [0.0014388849135456017, 0.9635525871620216], [0.5752012302224572, 0.24161200180947778], [0.1207681774176999, 0.6525820958138585], [0.5287529983331046, 0.27286392076304095], [0.5402443202153726, 0.2650093803922635], [0.0029512894424450486, 0.9463138247784391], [0.40094080587854963, 0.3669511181994322], [0.2784322093431413, 0.4724669980070787], [0.26823391987678247, 0.48234464359308254], [0.0694197134025224, 0.7365686090935355], [0.563375542048921, 0.24945805697955342], [0.46386776283303, 0.31903693704923347], [0.7387453299403526, 0.14054224945824764], [0.02372045289180749, 0.8460082968229365], [0.07782549619154222, 0.7212165429948032], [0.14615834066721045, 0.618232574203903], [0.18180641677141407, 0.574300404559696], [0.041624251902996845, 0.7960076013904648], [0.3348674927468441, 0.42143455560419685], [0.7261127257327469, 0.14795180766341162], [0.453271399431356, 0.32685249244626335], [0.2893218283628754, 0.46212656436958505], [0.00044103678628404364, 0.9819293418183906], [0.3792484030919851, 0.38427926200635115], [0.15487564394815168, 0.6065703533104515], [0.16379401796855558, 0.5953656138690515], [0.8288321161307539, 0.08964254613958758], [0.841667054955807, 0.082627336081427], [0.05446364176637353, 0.7666460457260365], [0.005493531119902473, 0.9262276877706983], [0.8923719694911063, 0.0553633350220734], [0.32337165055828865, 0.4313725168893323], [0.4744073969938709, 0.3112908233953983], [0.19853553243418004, 0.5545533465731357], [0.4428328324772704, 0.3345460371639855], [0.18993477272869214, 0.5642936850103354], [0.04840302033981955, 0.781249528744158], [0.6768500879150122, 0.1772974354361791], [0.5517848142823428, 0.2572087318616722], [0.03568979106957548, 0.811439465571561], [0.35696816621955146, 0.40256369067044495], [0.01332317222693058, 0.884895711711891], [0.4324242607887828, 0.34242167613038], [0.12897244634260494, 0.6410097792337706], [0.815970504463242, 0.09669991723911635], [0.390080561184475, 0.3754452302359602], [0.30046823203915796, 0.45191464383423224], [0.3680196925616153, 0.3933565940913082], [0.6130876299805601, 0.2170238278512232], [0.6889610645179538, 0.1699670177455243], [0.1373346959218653, 0.6299835361904009], [0.6393999364579053, 0.2004324106889783], [1.0, 0.0], [0.7011587916193746, 0.16265459105589714], [0.31205004878259607, 0.44160601788592097], [0.9654886284391915, 0.017498227855909362], [0.929618603725847, 0.03584019012082468], [0.7645471045267485, 0.1256220131780717], [0.8796647234316881, 0.06209678766389266], [0.777513877560388, 0.11838214053674499], [0.6264024777182222, 0.2085524687154007], [0.9768970628384175, 0.011625318837152539], [0.85419358115791, 0.07579114934370626], [0.23620434290661063, 0.5139983324820918], [0.8031341300012249, 0.10384952406688781], [0.6003074434877251, 0.22520581883070073], [0.7518211017058771, 0.13310156421324243], [0.713657799749014, 0.1552490920174736], [0.6521311634339781, 0.19245792203925374], [0.7901943374562731, 0.11107651468375725], [0.5063255354450359, 0.28845892580305205], [0.9417060148276898, 0.02959153377331656], [0.9884430590925782, 0.005802133618533569], [0.5880534713097851, 0.23381906256641327], [0.9175796646146942, 0.042242009064700464], [0.6648777643620996, 0.18461984302420614], [0.904746224289701, 0.04882394802714114], [0.0, 1.0], [0.9534353951030656, 0.02356010185137452], [0.8668608097044552, 0.06894910224229552]]",18.99
ZDT1,MGPSO,15,100,0.004235,0.002366,5.008984,0.001794,0.090450,100.0000,100.0000,"[[0.010169913648998108, 0.9017580635711737], [0.02312036609202267, 0.8488154648860718], [0.03820360180104709, 0.8059836816149633], [0.0004180041415254854, 0.980549592899905], [0.005992153215415408, 0.9230491535577907], [0.7495573345734043, 0.13428382179744866], [0.0322195349979974, 0.8210156750482336], [0.1380948315746, 0.6285789097919182], [0.14862049534155317, 0.6148717331051857], [0.018637694090623824, 0.864734154865793], [0.3864894251884105, 0.3784900986602718], [0.10690143433454513, 0.6738332323137031], [0.2086231375697187, 0.5435777131572538], [0.0718415024535366, 0.7328103451130229], [0.18876003750110554, 0.5660898998803089], [0.0440454987473471, 0.7903518963831314], [0.7268705261088582, 0.1474681847725241], [0.33139924009080435, 0.4243511029589212], [0.027212165025564894, 0.8352487178951009], [0.06450519829112611, 0.7467019329650779], [0.21887446244413472, 0.5326504870336779], [0.32075089678755575, 0.4339167330872685], [0.2896169612891907, 0.46185879276863556], [0.3531644295334726, 0.40575659916874524], [0.23960376726694574, 0.5105862292564033], [0.6925188989251971, 0.16794107229861568], [0.5482068524150772, 0.2596159221971623], [0.014224904516280445, 0.8814101999081859], [0.8334938055177202, 0.08710831317886539], [0.9766542070342444, 0.011745133468672389], [0.05056371138490076, 0.7756644623081459], [0.4792790481637593, 0.307771978653326], [0.45619752193224555, 0.3246049130475218], [0.34230020459111943, 0.4150934097875464], [0.09681379777692983, 0.6892082702831617], [0.9534189118983083, 0.023588442757955085], [0.8210484298069542, 0.09393036177284855], [0.5603468375122594, 0.25149207752668606], [0.3641736511713548, 0.39664909114785485], [0.5849829759345866, 0.23522974966891125], [0.11676408840590521, 0.6583817520719683], [0.7845894032160139, 0.1142899516309983], [0.772732699999036, 0.12102225698881143], [0.001259957435564285, 0.9649072102616639], [0.9063088126330484, 0.048014825640568866], [0.22914545720840115, 0.5215516682258059], [0.4326477324576048, 0.34229628457563965], [0.5130763453814091, 0.28372608136543104], [0.6573434884700353, 0.18930689259591052], [0.3978683190431239, 0.36930203232416103], [0.05755953512658224, 0.7602311919874654], [0.40931230380917133, 0.3602304684030975], [0.42102139255110554, 0.35124819595244144], [0.5364284884688163, 0.26783854231822957], [0.279637999442929, 0.4711995323024203], [0.6807691787269092, 0.17498482139186236], [0.8458531055142118, 0.0803357339734233], [0.5250485575758366, 0.27578059826092133], [0.7382054471855274, 0.14084945359678488], [0.6215187181065064, 0.21171046335709637], [0.2998582750308439, 0.45257530785765754], [0.8580018304618945, 0.07377909802796151], [0.9883500315909408, 0.005860378970558887], [0.7040032976250237, 0.16103461215218298], [0.6094243415777271, 0.21934847879172983], [0.9650376594579015, 0.017644640604337156], [0.4905078945979695, 0.2997084254235501], [0.12750665280946938, 0.6431534902562194], [0.5971508671696024, 0.22732582329248618], [0.31036523409521694, 0.44311414252871156], [0.8701821368534336, 0.06720373249698226], [0.5728925240325167, 0.24322145876102144], [0.24953146589638153, 0.5006715853662357], [0.46768354523730304, 0.31624117919399125], [0.9300442344200128, 0.035632863705453245], [0.19850533440206292, 0.5546170122580822], [0.08800153824399426, 0.7037497929234116], [0.633497268115268, 0.2041602722139328], [0.16906681451646402, 0.5889685281587747], [0.7965554144632417, 0.10753952465201523], [0.7154837993338118, 0.15414620848387617], [0.6691465191375522, 0.18229875667135045], [0.1786866653030298, 0.5775222715002091], [0.07936533425698822, 0.7183427552769579], [0.4445420948107778, 0.3334524465608275], [0.761201127528454, 0.1276605905649871], [0.9181701868286235, 0.04180041818149953], [0.8823433872511126, 0.06070204451456574], [0.2693864082157371, 0.48099470746155326], [0.941685162146879, 0.02961729336913316], [0.0, 1.0000177257328224], [0.8943684499774833, 0.05434269807093322], [0.6456016698728153, 0.19654820692773545], [0.003582171621129615, 0.9402703728989542], [0.2595233544523614, 0.4906766652234119], [0.3753526153967415, 0.3874755666364455], [0.1585229249381821, 0.6020483692081534], [0.8088658606995647, 0.10070078154499222], [0.5016903862346249, 0.2917105108517018], [1.0, 2.2735760198056955e-08]]",18.95
ZDT1,MGPSO,16,100,0.004211,0.001243,6.826330,0.004011,0.098753,100.0000,100.0000,"[[0.0038156484206481947, 0.9434867453317358], [0.6108122184969157, 0.2185887369900114], [0.5984944172143956, 0.22645784124996934], [1.0, 0.0], [0.865562616287687, 0.06964877995074467], [0.6831651943429803, 0.1735421170504443], [0.159079416163454, 0.6011675586339623], [0.5616124555874732, 0.2506891151446695], [0.006432267719302628, 0.9209782396860262], [0.1990036559455416, 0.5553893486007742], [0.02103060831140524, 0.8551319778367927], [0.4658517771133961, 0.3174744314521476], [0.7556772207841309, 0.130716501101196], [0.03658179080318835, 0.8089002077641674], [0.5493772921102189, 0.2588370828801078], [0.2793640154059379, 0.4714569883868566], [0.7678872524600499, 0.12374156391362671], [0.29010371872025426, 0.4618574317463233], [0.3005143416403414, 0.4518771904989681], [0.6470863363826571, 0.1955839655238151], [0.5253808637049744, 0.27530233105406476], [0.42085833762234026, 0.3514228945737762], [0.31161189716711063, 0.44184492804177444], [0.15042041785472726, 0.6125984708211656], [0.9012869185217238, 0.05066630962493997], [0.43189443133829974, 0.34282769784909467], [0.013035777136924498, 0.886006303944293], [0.6228781844641273, 0.21078520122544495], [0.01639345908718809, 0.8725716304106325], [0.4099071616121529, 0.35983727513499053], [0.6712255862610207, 0.1807515840903626], [0.5738668634110436, 0.24250349141989713], [0.16802995436507118, 0.5903162219098741], [0.14164412674490834, 0.6237591945252542], [0.04353864933603874, 0.7915476409933766], [0.6951762051194683, 0.1663895534340648], [0.36659487824419246, 0.39461154334816634], [0.11622310855005563, 0.6592609689506825], [0.4430173209487657, 0.3344175181899832], [0.2591663723370872, 0.4915596194074476], [0.513223564854036, 0.2836451486844608], [0.030508084598253715, 0.8258448622086405], [0.7800183824747117, 0.11681971782062481], [0.3992409112336314, 0.36828749748505957], [0.2483870501996211, 0.501667787903829], [0.8169722571652698, 0.09616961990800049], [0.09180156137771736, 0.6971271067440538], [0.4777199404154349, 0.30890637142278504], [0.841167735349251, 0.08288021343471885], [0.3558528456786436, 0.4035350510385553], [0.7312745518439712, 0.14489076297631795], [0.7434225169758014, 0.13778286940708181], [0.45441514789801685, 0.32596075749562065], [0.3453516069968987, 0.412384713427526], [0.12470975223314829, 0.6468751031353341], [0.7922477496287232, 0.10992117965039569], [0.9253660462517594, 0.03804055124999039], [0.2295250353216873, 0.5211805633587997], [0.9499878546423082, 0.02535319031952013], [0.8290608865786584, 0.08950064077517622], [0.08381858141545956, 0.7108041376701705], [0.2193898054957918, 0.5316813662338197], [0.002031038365413018, 0.957877858084558], [0.5373342087539035, 0.26701275249015055], [0.7071539486922427, 0.15912568691495418], [0.0, 1.0], [0.9874572190687547, 0.006291179938129554], [0.8774739153067139, 0.06328987191238816], [0.09941137990051538, 0.6848031570544462], [0.32264148532133263, 0.43203656694664466], [0.10776042872702613, 0.6717944796784595], [0.2390784548377396, 0.5110649720349101], [0.2088630798408383, 0.5430831925459166], [0.5860944602389797, 0.23446079179779275], [0.8534218965616587, 0.07621248083726956], [0.9624256485537048, 0.01897076309215258], [0.050992154465012395, 0.774400761483329], [0.17826523264659477, 0.5778038538199108], [0.2689740141791782, 0.4814014383156861], [0.058685390756110345, 0.7581374365498357], [0.38800279169077856, 0.3771199352530973], [0.33402767390949184, 0.4222788854042119], [0.009884830495625385, 0.9008887553132281], [0.7192901905360528, 0.15189390029270114], [0.9133325653922083, 0.04434060220941792], [0.9749556405489787, 0.012608946408125378], [0.18866618009862435, 0.5659087299377371], [0.889350613344356, 0.05695533865674784], [0.48953316908112976, 0.3003747562806388], [0.5013594218817922, 0.29197708593967686], [0.13315543089373172, 0.6352462565454078], [0.6590633362405485, 0.18821084440875108], [0.3774620929950352, 0.38586116616317934], [1.0, 0.0], [0.025243132056938483, 0.8413733841086848], [0.06672507812788536, 0.7418437242562053], [0.8045657039483292, 0.10302920881920585], [0.6349465252854375, 0.2031688052168492], [0.07475683689549673, 0.7267171644813845], [0.9376402187485371, 0.03169056545289068]]",19.45
ZDT1,MGPSO,17,100,0.004250,0.001951,5.581468,0.003342,0.084234,100.0000,100.0000,"[[0.2760080308759417, 0.4750884275198148], [0.11205151801838423, 0.6655904196770912], [0.0027415056884254, 0.9486835198137191], [0.014994677978536153, 0.8782569333367206], [0.43190185503547884, 0.34287464791607364], [0.019003355067034655, 0.8625631232212844], [0.7833856086368497, 0.1149230336808774], [0.07277221996192337, 0.7305482736905227], [0.7367355998756461, 0.14172885434014837], [0.023303298139267792, 0.8475030539410887], [0.12110847096294579, 0.6523579675605096], [0.7715344520267307, 0.12164017876077052], [0.14086612718569297, 0.625242003171704], [0.059517557158091094, 0.7565096937319317], [0.01126869338054172, 0.8942449432151128], [0.04573215560677735, 0.7861871954602009], [0.6221978169427478, 0.2114147124919958], [0.03934259872975732, 0.8022771009013123], [0.7253259151689166, 0.1483794854481568], [0.0871705333395858, 0.7049948655170872], [0.007753698846344394, 0.9120234026222946], [0.2985470821205211, 0.4539022917712866], [0.46612273621879696, 0.3173759950112974], [0.6452462325256132, 0.19677717590169824], [0.28708362014197786, 0.4642532935593142], [0.15083200256208829, 0.6119906860795636], [0.0009901303898929292, 0.9694383333481538], [0.19033522034938055, 0.5641242438932669], [1.0, 0.0], [0.5512619634491479, 0.2575408555823831], [0.21057279380653493, 0.5413395375367669], [0.22088392326901102, 0.5300965256943715], [0.30967939451862525, 0.44365798158573583], [0.161111804383122, 0.5988287769451517], [0.4208734741037694, 0.35148784944539957], [0.18022649587085698, 0.5755570465675823], [0.26455448660992975, 0.4858146462662744], [0.2533355181607114, 0.49681438879117074], [0.17063648450612168, 0.587156175594958], [0.1031377919290943, 0.6789904673642349], [0.8568799055892686, 0.07434485576304597], [0.668193645008457, 0.182601371789776], [0.8443989866877346, 0.08109611189515925], [0.03299391345909797, 0.8184957358393355], [0.502349608657902, 0.29140015489407345], [0.20033577910309863, 0.5525259157840444], [0.05252584534075766, 0.7711333243726955], [0.5146392135190553, 0.2826665440060743], [0.3771062051221778, 0.3861237195897731], [0.8815401804707668, 0.061106573044052356], [0.7953823731329144, 0.10817844729117522], [0.8691955015246923, 0.06770038462883003], [0.4781867161202949, 0.3086442986188038], [0.40978173930900574, 0.3599476890303342], [0.6336795105291193, 0.20401305890734148], [0.8075929607042345, 0.10139719567889798], [0.5866521358939022, 0.23410430848772684], [0.5268521413274386, 0.2742238585317524], [0.0794033054586672, 0.7184270169041845], [0.5985828414785213, 0.22633550003661906], [0.354895694315026, 0.40438576212182475], [0.0, 1.0000035972985026], [0.13070990619793188, 0.6386297622610677], [0.5391067951363376, 0.2659579451218044], [0.23169097239907405, 0.5187764368000485], [0.33242740826556455, 0.42344959607391824], [0.36598837181799915, 0.39517062127356467], [0.7024776718200844, 0.16187402115342192], [0.972615442672363, 0.013793776883537324], [0.6910045540888126, 0.16875643927027847], [0.32087033688452626, 0.4338103068333467], [0.9455124651091111, 0.02762568215906031], [0.7597867510227533, 0.12835654951830644], [0.4901246051138814, 0.29995615971350964], [0.6567698613594453, 0.18965741336385486], [0.02799114874979647, 0.8332076984217252], [0.2425896571648294, 0.5076307496959017], [0.09514547384380641, 0.6918304265341539], [0.5749095353651568, 0.24180933648494532], [0.4546431604146137, 0.32582475450861903], [0.8320163677600124, 0.08794712776359723], [0.9193715016541746, 0.0411668819996043], [0.6796344917904928, 0.17580254703386936], [0.387872322802214, 0.3772365661102254], [0.44317848273621396, 0.33430622776729374], [0.8198089580168398, 0.09457346601862428], [0.6103231488974165, 0.21880812660866752], [0.9323219325107922, 0.03445516164124506], [0.893960248256896, 0.054544115591626474], [0.7480685275767778, 0.13509659062849141], [1.0, 0.0], [0.3437839256396053, 0.4140034105636862], [0.004611904295344471, 0.9325552752207238], [0.958992570812515, 0.020722127262279722], [0.3988879017510252, 0.3685579755619121], [0.986285079104066, 0.0068818443750057945], [0.7138625452354932, 0.1551268994854509], [0.9066890959462496, 0.047814031299089794], [0.06594430557537277, 0.7433635603790991], [0.5631281692421746, 0.24975559681955595]]",19.65
ZDT1,MGPSO,18,100,0.004272,0.001968,6.527090,0.003454,0.112131,100.0000,100.0000,"[[0.07560408340090946, 0.7258872111164268], [0.8388218850511255, 0.0841749531397229], [0.008523880228476055, 0.9096167147588172], [0.10750204291802323, 0.6734747475312156], [0.0167165399507484, 0.8713024897530909], [0.0010692597460038589, 0.9694131510933164], [0.33036616924120044, 0.4253089008180713], [0.02146155412337858, 0.8544795299558132], [0.7803730200549528, 0.11663664638176725], [0.37417482255253953, 0.38854782459286225], [0.060356865032409335, 0.7569366378029835], [0.4193305758625401, 0.35276651409696524], [0.15415283916006062, 0.607884155136771], [0.183086177206484, 0.5721951539068159], [0.320831277688893, 0.43422944692148135], [0.026909635582844094, 0.8367971088768726], [0.0378720512549523, 0.8060017033608975], [0.116736259346127, 0.6591372463171135], [0.8034765695305455, 0.10366879766254343], [0.4945807985409967, 0.2969197876440539], [0.44285817449215525, 0.3346937250721004], [0.2695729767038697, 0.4811004939397977], [0.12590165277385434, 0.6458149582406835], [0.2594994417599491, 0.4906478138990846], [0.08287826343470539, 0.7125402939314314], [0.6408141740505269, 0.1995585935442732], [0.14497350506360585, 0.6197841309820235], [0.698736497106331, 0.16426904980091392], [0.6181586722701579, 0.21381753740715925], [0.629594945971316, 0.20658121246734726], [0.012239484204833673, 0.8899223722450674], [0.8966544900890272, 0.05311396268253906], [0.051852689250511175, 0.7723630992923105], [0.03199592737137069, 0.8213489502585779], [0.8270481394645884, 0.0906308723241286], [0.4076468691211589, 0.36158334837759215], [0.7343133527612583, 0.1432151055156192], [0.8152383020629442, 0.09713701180320765], [0.745874097876841, 0.13638021637870992], [1.0, 0.0], [0.045218343480755874, 0.7884683224670339], [0.4814744470460571, 0.3062335139595152], [0.0028458544469184277, 0.946931088016502], [0.6866773038620887, 0.1713431663687112], [0.20253885541165811, 0.5502466062177612], [0.005370150758893855, 0.9268152704562556], [0.23145565354349568, 0.5191846430439828], [0.7106010411425303, 0.15716105067292147], [0.24987867938899644, 0.5003644771205584], [0.7224038291410546, 0.15007085752608304], [0.06732461999928208, 0.7412041899254366], [0.43088540307524975, 0.3437406546621411], [0.861986413187174, 0.07158397846899461], [0.5593613376778954, 0.25224491100412094], [0.13539950042834914, 0.6322833338414994], [0.8735384571218627, 0.06543874145073575], [0.21190577206464972, 0.5398827542891578], [0.5952763428953163, 0.2285440411364532], [0.5835351836635436, 0.23641015164085263], [0.7689278117605944, 0.1231535248136886], [0.0, 1.0000114283717294], [0.5713947675237616, 0.24430998749040855], [0.24147826526405144, 0.5093074137045194], [0.16359410664600188, 0.5959742700932661], [0.5336285716762463, 0.2697743735565346], [0.6066403835152199, 0.22121342457872342], [0.9081423034869279, 0.04707867597956603], [0.3519464195942338, 0.40683877259048473], [0.7574829590963532, 0.12979498530716543], [0.09085461552353474, 0.6990085300087412], [0.4685532095947469, 0.31565086231682815], [0.3851048302972419, 0.37966168814197127], [0.88513007750522, 0.059209934403135996], [0.663468211445714, 0.1855117510178665], [0.0990869699332946, 0.6854463853433608], [0.2900818274228826, 0.46228720804835377], [0.3410398972074503, 0.41606711783329714], [0.1932081026937713, 0.5605528071071315], [0.29971130594486495, 0.4526123960279376], [0.5075470876196452, 0.28761506208928583], [0.39644125438572875, 0.37052915115542295], [0.9323648221925728, 0.03447862960077181], [0.4554894315169015, 0.32520758528671934], [0.850473495502663, 0.07779480045593835], [0.7918911682372813, 0.11014324913255952], [0.5208317436055592, 0.27880719889786537], [1.0, 0.0], [0.2798377373900272, 0.47122630515088687], [0.6751067658518036, 0.17846476938954065], [0.3629971274203099, 0.3975372355154764], [0.17354584090780567, 0.5837537438535414], [0.22145251282301037, 0.5294268129404338], [0.3102702228949395, 0.44338033569704655], [0.5464611671920614, 0.2610676903734733], [0.9451955986640986, 0.027837668510847565], [0.9200346182273133, 0.04083161801009972], [0.6522471643594122, 0.19239936124006465], [0.9721862228474871, 0.014018180894482717], [0.9859736993803492, 0.007039781677917599], [0.9588701356861805, 0.020930819468323897]]",19.60
ZDT1,MGPSO,19,100,0.004240,0.001999,6.913639,0.003351,0.099116,100.0000,100.0000,"[[0.03471500752549367, 0.8150216838906162], [1.0, 0.0], [0.20107327682899903, 0.5521129761093433], [0.06045088017145639, 0.7545963299006857], [0.012994381957314005, 0.8868023385108029], [0.31790386402919923, 0.4362269808805899], [0.6652966907537302, 0.18447287485396638], [0.008635287678707027, 0.9076445017902904], [0.09001667746404729, 0.7001629907789095], [0.615214647784658, 0.21572499921665292], [0.11364768461824165, 0.6635122419217643], [0.07472816522814352, 0.727347428877374], [0.27487035718759745, 0.4760486087702606], [0.25408920035437593, 0.4964137935424742], [0.13122382418843392, 0.6380795137454085], [0.40281350761651596, 0.36552896956696834], [0.5463462249243287, 0.26093252842459963], [0.09760269077305572, 0.6878014690244875], [0.44658032256833474, 0.33175563243909856], [0.5797324933234439, 0.23864164045481376], [0.35072056750571845, 0.4079186677103118], [0.3923342741441098, 0.37378356638798904], [0.3400965724540642, 0.4173721345764691], [0.1221594285011588, 0.6509849939132634], [0.6910957310953573, 0.16873960270059682], [0.29629137484178925, 0.45596189562116585], [0.6781734524163125, 0.17659091167875213], [0.06733576520691104, 0.7408892465936536], [0.8419095058146328, 0.08245742333888832], [0.16998889052375718, 0.587937321978354], [0.21180983233291292, 0.5400787710926833], [0.32886610032217534, 0.426806840160432], [0.3716842867160806, 0.39056577979585533], [0.08228607109711539, 0.713418579873473], [0.04060508893266135, 0.7990186593260569], [0.005584144628115073, 0.9257502954839988], [0.8537985108756732, 0.07599812256089317], [0.2641613697235857, 0.48625511403703187], [0.5570579082372165, 0.2537108517625276], [0.4803284601854697, 0.30700321847512274], [0.5243095688197744, 0.27594895777031164], [0.42434099132521, 0.34871342100671904], [0.05365641655332794, 0.7692795705008292], [0.15026179807518758, 0.612865107157811], [0.307050810387576, 0.44605467574022933], [0.19076271031927838, 0.5636781697781499], [0.36113191115022475, 0.39920796135184344], [0.640140462028624, 0.19998200645971975], [0.1405199905661545, 0.6252924029054134], [0.5023215419286612, 0.2914517365672908], [0.23276212852298947, 0.5179269418635275], [0.5354947881257882, 0.2683604255962838], [0.2854545407224168, 0.46584818188407057], [0.8299504977372812, 0.08908872620915093], [0.002859007521320265, 0.947796883475158], [0.5132457953689138, 0.2836880800801555], [0.7556100789524699, 0.13098839385712455], [0.023191700160677065, 0.8480655235875627], [0.0009390636558379573, 0.9705134433725414], [0.3821368310061688, 0.38204985744906494], [0.792927000751581, 0.10959653652977944], [0.4912806480572536, 0.29914282333501113], [0.10547330822544954, 0.6753662122446717], [0.0, 1.0000010381282367], [0.7040952930186581, 0.16104276222599065], [0.9146215040833784, 0.043653577878120665], [0.5684389548101461, 0.24619032887915196], [0.6031768668434211, 0.22339045402244742], [0.7805527303394879, 0.11655996145534014], [0.4356827353811204, 0.3404717330468374], [0.7681204696242276, 0.12362023695955424], [0.24336167745520015, 0.5072354352710414], [0.951317905788182, 0.02465372682228691], [0.02880270843243038, 0.8310825125965109], [0.6527228054572096, 0.19221100406360184], [0.017567678485062188, 0.8680090179877702], [0.9391207725270032, 0.030917621850902865], [0.9022715321957236, 0.050178464841796104], [0.8779463225051969, 0.06301231092073432], [0.22217366721730714, 0.5289598963825044], [0.16011951403180036, 0.5999302046988253], [0.8052914166045457, 0.1027334101136445], [0.04705552829988344, 0.7832863581831506], [0.9756636430173393, 0.012262686079526497], [0.18052727854073036, 0.5758613442515342], [0.8176087050802012, 0.09580023913428777], [0.46897325571595827, 0.31527286074555366], [0.9635403149309856, 0.01841943139018149], [0.7169535271045349, 0.15332725610702067], [0.987825158319758, 0.006122101773373424], [0.6276678875379264, 0.20775355726627562], [0.4578642384760341, 0.3235913899653848], [0.5914426466905047, 0.23099551191363957], [0.7427428884910382, 0.13818697628794688], [0.4134926000375307, 0.35717884484452467], [0.8902214576595904, 0.0565181677866003], [0.8658624456905819, 0.06954128484294962], [1.0, 0.0], [0.9268889846150249, 0.037264160593625105], [0.729998832669345, 0.14564275747601826]]",19.56
ZDT1,MGPSO,20,100,0.004186,0.002254,3.133143,0.001984,0.108886,100.0000,100.0000,"[[0.014570158723032378, 0.8802750898794115], [0.0005739357037424231, 0.979844496248703], [0.0018678407628689442, 0.9577487022273026], [0.19566783694102147, 0.5579435438159884], [0.024144126923858034, 0.846003925323932], [0.09740239785218718, 0.6880529507157523], [0.5704600277211755, 0.2447281344712921], [0.08833306254568829, 0.7029536708686389], [0.2926482229529768, 0.45912510072169543], [0.03429316216150102, 0.8150358620958784], [0.16425258047120067, 0.595210941671391], [0.44748040071601614, 0.33110948629500553], [0.6353590807234784, 0.2029147721100606], [0.07958481799685546, 0.7180515914452194], [0.0479840134369094, 0.78130892535019], [0.6027770160008354, 0.22365025351625847], [0.6464465396436071, 0.1960211936115908], [0.4240335854480859, 0.3489454498638367], [0.24952734899161974, 0.5006044930103575], [0.5269720502971009, 0.2740771724612951], [0.00675183611305652, 0.9180201006442804], [0.537949333177562, 0.26660639265491326], [0.5159900234171613, 0.2817455291959213], [0.7871230956306762, 0.11281211311698142], [0.22792623481689656, 0.523169187942648], [0.5048420655633165, 0.2894962276915408], [0.11623677548883443, 0.6593043419944137], [0.3139440089188248, 0.4397463208386399], [0.2603584031597898, 0.4897916436465883], [0.13468707883406866, 0.6332100875090022], [0.36702624515583837, 0.39417765885090994], [0.3563594158903675, 0.40304725484064235], [0.5919149398929041, 0.2306848178807279], [0.32453896131719273, 0.4304046306181867], [0.6244346365867417, 0.20985057252405506], [0.34570781029261854, 0.4120670655387319], [0.7496836558496882, 0.1341694284921526], [0.15415871784823132, 0.6076133806048555], [0.7622311023352729, 0.12698353574905197], [0.028609314419469345, 0.8310264298851354], [0.06329852832185268, 0.7485856156554488], [0.018958919165330657, 0.862414391913188], [0.12522202862090764, 0.6462109053681862], [0.00398320611668751, 0.9371264970700218], [0.6799879459270604, 0.17542397747797853], [0.28174712067720403, 0.46925250768251986], [0.0, 1.0000042590618479], [0.3351978967070331, 0.4210907544289876], [0.6136012322574298, 0.2167638712422797], [0.8597697651663185, 0.07276842160666637], [0.040683957008032345, 0.7985128596605873], [0.07132493592274791, 0.7330602840420153], [0.6686592756492984, 0.18229046589588133], [0.2062354848246296, 0.545918683843358], [0.7378158917018911, 0.14114910093122654], [0.01024492673800348, 0.8988869551668984], [0.21715397366169453, 0.5340987700319164], [0.1743784160334435, 0.5825035823595058], [0.41244211102100736, 0.3577924712522014], [0.14427772540437178, 0.6202568492606505], [0.7141947059581844, 0.15497304948181465], [0.6574845066549115, 0.18914616055930078], [0.2386915977946602, 0.5115599989935248], [0.3781910792979254, 0.385073461059943], [0.5596775063932622, 0.25204965686326414], [0.7746893567902933, 0.11986131815240864], [0.49360727042951635, 0.29754933237665543], [0.5488251240170015, 0.25918262319346735], [0.10698981596085133, 0.6729847060305828], [0.2708926553920751, 0.47956520997820573], [0.8945526915065298, 0.05419732766112032], [0.6913946444489483, 0.16863462708883892], [0.18489029721106373, 0.5700140593014698], [1.0, 0.0], [0.30324579578462185, 0.4494265952573731], [0.4009755456604154, 0.3670217185436631], [0.9182112693989585, 0.041782627862356564], [0.47075250190118567, 0.3139154364876303], [0.4587963969684775, 0.32271281049518846], [0.7259592041210905, 0.14798890775182588], [0.5811815888851942, 0.2376656635580913], [0.9414446327818452, 0.029747394565765653], [0.43559014349878694, 0.34005511053092324], [0.9530102999591491, 0.023787821522848553], [0.8358856801724986, 0.08575115065750988], [0.9061796475409768, 0.0480983321437083], [0.8238003999633805, 0.09239460875180655], [0.847817692130777, 0.07924539130951572], [0.8829959912799913, 0.060330431984561866], [0.38949691481102366, 0.3760026395701969], [0.8714810735393148, 0.06654914688703943], [0.9648078118070998, 0.017767232098406173], [0.9299318303179271, 0.03567519771744323], [0.48219218894445826, 0.30564163044330345], [0.9764988021592972, 0.011823951975738524], [0.7995040176679753, 0.1058732654990091], [0.7026931586851134, 0.1617442137016967], [0.8115048707004312, 0.09922642563601333], [0.05565294524538798, 0.7642766985898211], [0.9882407221022612, 0.0058975543523951575]]",18.88
ZDT1,MGPSO,21,100,0.004288,0.001864,5.934067,0.004242,0.098771,100.0000,100.0000,"[[0.002946600125968757, 0.9483173578240448], [1.0, 0.0], [0.3187002602264095, 0.4357332524121851], [0.2857269339082071, 0.46555330734264727], [0.707040427778086, 0.1592054638473155], [0.001059003675822373, 0.9682605005397132], [0.09168808431624165, 0.6975680251698612], [0.011146723811057746, 0.8944621171533407], [0.008205510966591778, 0.9111529776162496], [0.015573673776978603, 0.8763273960714479], [0.19999129645314206, 0.5529008273772837], [0.2749034089115757, 0.4756905433352224], [0.20953233021041576, 0.5423919024382078], [0.16988344993136079, 0.588545694576558], [0.44236497238142153, 0.3349792897420712], [0.2516832819417504, 0.49862140283749284], [0.5385353200647943, 0.26618162390632766], [0.2967457275109403, 0.4553543901364734], [0.22021191941549462, 0.5308867554145676], [0.2406355182222243, 0.5094659513432321], [0.005509896835522998, 0.9273792885803276], [0.02065377557477288, 0.8574881042770315], [0.5136685476132756, 0.28333607971346864], [0.9388144957668466, 0.031179284612033443], [0.9632196316727276, 0.01856520685953216], [0.19022101889379517, 0.5643274796651365], [0.6609238991780839, 0.18704515535968164], [0.0, 1.0], [0.9265475268800327, 0.037440063985504334], [0.18019322049219344, 0.5757519017574081], [0.9877122402122207, 0.006166216161408679], [0.7914725343151554, 0.11036101008327513], [0.32884984460898237, 0.4265574846806344], [0.33982809531313907, 0.4175037283494923], [0.14093900256967795, 0.6246402186763673], [0.30773060315136147, 0.4455871023206751], [0.477527156800989, 0.30898350275544856], [0.40805257070256734, 0.3615871108850177], [0.1311810741170817, 0.6381106007271998], [0.5881271676036122, 0.2331178289421419], [0.15028545286157924, 0.6124301920338079], [0.15986366779274502, 0.600329337648339], [0.1217604477038251, 0.6511275169801718], [0.0, 1.0], [0.02953311761607491, 0.8282466182968492], [0.8781282421048416, 0.0629627341657231], [0.4894955722027379, 0.3004023821899306], [0.26299125254893224, 0.4872820459837219], [0.6248337622749646, 0.2095360136803626], [0.23037821359007482, 0.5200673035394843], [0.4539555440602915, 0.32629382711450716], [0.39605852378578965, 0.37068516970582827], [0.5757229668082179, 0.2412373435218962], [0.8901813656863333, 0.05652876812309837], [0.5510122710530092, 0.2577058043146121], [0.9143263891097895, 0.043797589393095485], [0.6005455112079983, 0.22532274712269884], [0.04628251710551612, 0.7849391155723962], [0.82906505787117, 0.08952888719643148], [0.08178616234880366, 0.7141671518883765], [0.7303349039186258, 0.14543448582846327], [0.8166839787275852, 0.09630269175144072], [0.3615092869565625, 0.398778388654717], [0.5260475097119253, 0.2747693990644969], [0.03522803864960322, 0.8125745076575023], [0.8415212561413212, 0.0827281534179652], [0.11199000286460858, 0.6657786618142156], [0.9022417722025244, 0.05015991775212086], [0.754396145275595, 0.13145705172850114], [0.9754351197062644, 0.01235938632626173], [0.3504885472455589, 0.408004344871311], [0.7668183989645194, 0.12436095737135072], [0.41933009792043113, 0.3524616502598427], [0.4656770305195249, 0.31762020713408445], [0.672492376569017, 0.18005730457128194], [0.8040923520763545, 0.10329470470248585], [0.6840048967489659, 0.17296181539664152], [0.7424102903102408, 0.13838808164505917], [0.4310180128397957, 0.3435587923080825], [0.05889491067579655, 0.7573316972880988], [0.05260865221084621, 0.7707823429015237], [0.6367804612090111, 0.20208530819456308], [0.10183071154553652, 0.6809477443286797], [0.6955041724031248, 0.1660760858902105], [0.06632353819486625, 0.7427747222670422], [0.024783841969329146, 0.8427388740514026], [0.7185859995360077, 0.1523242660206391], [0.040693957447876516, 0.7983581574358016], [0.779125531744172, 0.11733323097495284], [0.372922992217984, 0.38937709269481074], [0.8536306426050854, 0.07609539075049417], [0.6488246641815427, 0.19456117769575126], [0.6126713498165772, 0.21732158508598048], [0.07407957258949444, 0.7294563061438888], [0.38457171212870844, 0.38005790024364494], [0.9509683139513475, 0.02483650588177505], [0.8658615748709365, 0.06961916961980395], [0.5017048382572064, 0.2918732080938399], [1.0, 0.0], [0.5633136232468217, 0.24949478861590857]]",19.57
ZDT1,MGPSO,22,100,0.004246,0.002377,6.349222,0.003287,0.097063,100.0000,100.0000,"[[0.001651045003720375, 0.9761593104587519], [0.16917978075511098, 0.5895303671856418], [0.18786432450180285, 0.5671299066489114], [0.32937239936211066, 0.42655596824192016], [0.14121554018118998, 0.6253077625945347], [0.21495580982240203, 0.5367072319678019], [1.0, 0.0], [0.09671164681020175, 0.6897278896545768], [0.01897212213053831, 0.8647602254160334], [0.5815570236150001, 0.23747212179903582], [0.04813343009862148, 0.7817408166545173], [0.33988680748195044, 0.41728261409263456], [0.38212180242421634, 0.3818646754745877], [0.03497489241342994, 0.8141996091316366], [0.41383761831307553, 0.357031995828624], [0.5690867140023319, 0.24567095719539622], [0.029273582748705063, 0.8295478266539551], [0.023623585760607663, 0.8467277080808051], [0.350535146165582, 0.4085015937433577], [0.3610005606085318, 0.39944472315450463], [0.2536617963632253, 0.4965147499900032], [0.8033859541556955, 0.1037072282647939], [0.005871001554505706, 0.9261328201466686], [0.06706146222464682, 0.7411029560380404], [0.08862366352073314, 0.7023853940501731], [0.31846422554004894, 0.4357042926002153], [0.5192170456562922, 0.2794402463629242], [0.5565979748300383, 0.2539698774439387], [0.07459616617441799, 0.7281195649452443], [0.00941018277032124, 0.9031377780994331], [0.11445614261171577, 0.6617267985775631], [0.44688251680952373, 0.331727024873034], [0.2858715351063845, 0.46533121673562217], [0.4944019052868503, 0.29703178490547655], [0.42450163559024034, 0.34870451247958967], [0.6070507593161939, 0.22089894821278572], [0.4030873073151795, 0.3652711801452352], [0.506781321054164, 0.288198841168717], [0.39271803458246063, 0.37349750747387145], [0.1780947076183632, 0.5780160628898077], [0.826290927361514, 0.09102089427898355], [0.962266369105439, 0.01905296336616823], [0.08082262791171912, 0.7157211652432928], [0.7805803085413627, 0.11652491292570678], [0.5942082852654753, 0.2291568195472696], [0.6587283188429549, 0.18842569377379156], [0.6199063579686134, 0.212689951257599], [0.29684479441763845, 0.45517376152285594], [0.3714880376842391, 0.39060406799584946], [0.2749005195171787, 0.47582137232867666], [0.05469077192308269, 0.7673268098861313], [0.0, 1.0000000141440213], [0.7574901542417655, 0.1296750643441258], [0.46965855330075623, 0.31470061998912646], [0.5317739967585864, 0.27083642340998176], [0.4580697335426955, 0.3232421640098327], [0.6457305166842722, 0.19644993514743586], [0.26420808833156384, 0.48599389630775214], [0.9241818584846344, 0.038661910603124745], [0.9748710603004382, 0.012646184247481936], [0.6967900928761844, 0.16528640714532686], [0.4815251517792992, 0.3061146564523922], [0.1591301670066947, 0.6011412115789649], [0.10551388482489465, 0.6751710209908307], [0.6715240381364934, 0.18066196874964302], [0.24367209221565422, 0.5064007031502289], [0.8618406380409197, 0.07165155530093774], [0.5441760782358034, 0.26232284352443536], [0.9874578500365253, 0.006332054932691079], [0.13190850003757792, 0.636831417709491], [0.30755331525197827, 0.4454340817759234], [0.06058159685288356, 0.7539438308457648], [0.7690810718384726, 0.12304502869213065], [0.849827654855044, 0.07813947961941083], [0.7217828361860985, 0.15042196580531908], [0.6328936148196848, 0.20446022632345076], [0.15036744389984147, 0.612917952274849], [0.12415687742270994, 0.650652202735026], [0.7338262461072212, 0.14343943899336864], [0.8149055184083241, 0.0973427100481466], [0.042067766152500075, 0.7949004763732448], [0.2241719917910405, 0.5266062941220275], [0.2341077354953779, 0.5161946782269007], [0.013356822241764266, 0.8844394493892843], [0.4353018068687984, 0.34024743624263176], [0.792046450771617, 0.11003253129922017], [0.7094664504835326, 0.15772872628685505], [0.8864912690004296, 0.058464869505307555], [0.6841978860922358, 0.17286309960462262], [0.0025423319071392614, 0.9504410106101134], [0.8739739328770502, 0.06513486679354391], [0.9495582510982657, 0.025583957363560353], [0.19648673104039216, 0.5567577651099077], [0.20561243166856968, 0.546583277260595], [0.8379181456856132, 0.08462870988162], [0.9368314747133053, 0.03210088416007204], [0.7455907087428347, 0.13662253761997545], [0.9115686582324192, 0.04525154406020745], [0.8990612600421669, 0.05183884676239757], [1.0, 0.0]]",19.20
ZDT1,MGPSO,23,100,0.004245,0.002154,6.488275,0.003363,0.097131,100.0000,100.0000,"[[0.002733403693560177, 0.9490988468439381], [0.1507292557852667, 0.6125131725280746], [0.1166429935319579, 0.6586328486448777], [0.25725470046878873, 0.49361111560342014], [0.42699098508381517, 0.3469377498926319], [0.029118380080519535, 0.8300129757362597], [1.0, 0.0], [0.38123984420605206, 0.3829218379680353], [0.41537480173678, 0.35566533089428526], [0.6969185507612232, 0.16538889685583216], [0.04739108817426505, 0.7830686724707636], [0.040614053434571806, 0.7995073452830478], [0.19533851685431514, 0.5581236696788884], [0.5448463514574109, 0.26189520868297106], [0.5215927383036829, 0.2780450509752902], [0.3927308158475761, 0.3735283919328194], [0.5684228185206948, 0.24608576303874308], [0.023670276844821703, 0.8463614900473557], [0.40397705453990307, 0.36456104755191965], [0.03468812482446748, 0.8146184409401931], [0.08407432861308406, 0.7107123466909216], [0.13304240253066268, 0.6352984767485675], [0.2252107502146183, 0.5256910981939409], [0.49780629727261066, 0.29451628744935116], [0.36945678122361597, 0.3922204776345369], [0.8899875816329135, 0.056608805074687345], [0.3130384965803448, 0.4410653506149542], [0.05473980543354795, 0.7672670315233296], [0.9260626601692685, 0.03768790222587943], [0.2147868700267982, 0.5365847637604788], [0.12497879445289783, 0.6469843386413336], [0.1767500163272391, 0.5796977764064892], [0.0007315598205234358, 0.9735946617156876], [0.1680987921744599, 0.5902154981371018], [0.43858120642627074, 0.33779052292876927], [0.26786812402798565, 0.4827539673191842], [0.3470444655644793, 0.4109986230498191], [0.5097967624511921, 0.286144041197648], [0.24651362092429613, 0.5039015330671122], [0.1860792590636302, 0.5688729480954122], [0.9751647392270999, 0.012498794744063348], [0.2790796241548997, 0.47210184760407664], [0.9019396281272877, 0.05031812621224415], [0.07666863080160517, 0.7238461860105665], [0.5332811789771656, 0.2698768690983014], [0.32429994438791343, 0.43067041526009275], [0.014555731109041958, 0.8802352622909161], [0.06875652642690178, 0.7378579488408713], [0.4738665432525083, 0.3116367891534596], [0.33550926239264517, 0.4209410788699656], [0.09901049373143045, 0.685689045224445], [0.01898502990997175, 0.8622645820751939], [0.35827822143825794, 0.4014726689409648], [0.4856319568124175, 0.3032126890584259], [0.06151534739175719, 0.7520542677016746], [0.1420846562867153, 0.6233000861656557], [0.00984713203985843, 0.9008760267851151], [0.09103212438549124, 0.6983264478515422], [0.3015798265883479, 0.45085747822591404], [0.9628126327933587, 0.018774159428044897], [0.450217105813608, 0.32911264338982743], [0.23564792631870612, 0.5146572322226298], [0.1590127250777, 0.601265517277747], [0.6855232076391926, 0.17207332595243927], [0.5566499793797008, 0.2539561494449196], [0.9140111088998812, 0.04400722430240805], [0.20503795380901418, 0.5473522804208538], [0.9875695544519651, 0.006238732898386325], [0.7313557325899622, 0.1448256458376519], [0.616115560601722, 0.21508533174405522], [0.5923154431524292, 0.23043251988572216], [0.7925149362512847, 0.10978074045905188], [0.8048635081674621, 0.10287554577070379], [0.8540264310764218, 0.07588901212796176], [0.10753565735086634, 0.672119355976387], [0.6741672600850862, 0.17904951911870076], [0.6626520709234014, 0.18602187577977533], [0.9382758098785143, 0.03140602064226206], [0.7197207337951332, 0.15167474127247685], [0.9504882473579427, 0.025082903796910343], [0.7434227210706494, 0.13783434097767425], [0.6281785340471446, 0.20750959510546427], [0.8781137164636718, 0.06295685490628539], [0.7081154163075783, 0.15853258589602817], [0.8172026298842135, 0.09605505765432742], [0.29035180214719447, 0.46152475474802274], [0.639924338376982, 0.200091194988308], [0.005987440830470092, 0.9229581934444776], [0.5803419981469976, 0.23831364979223937], [0.0, 1.0000018902605488], [0.7678447070344884, 0.12376586685990155], [0.8292509293340182, 0.08942847572903952], [0.7801487566705121, 0.11677717010139291], [0.7555725406815976, 0.1307861477094712], [0.651210076922891, 0.19309819919588428], [1.0, 0.0], [0.4619993011900768, 0.32031737135904237], [0.8415387326361226, 0.08267450136692862], [0.6041997722676409, 0.22278601888200092], [0.8660997321444255, 0.06943125020240339]]",18.54
ZDT1,MGPSO,24,100,0.004231,0.002269,5.925514,0.003159,0.084949,100.0000,100.0000,"[[0.11235774095931385, 0.6649270083643395], [0.000684447259965193, 0.9748385593233933], [0.028589145087915435, 0.8323018769850824], [0.147142175003113, 0.6176577370911088], [0.09463381491742523, 0.6927241211213304], [0.033670331905939266, 0.8179336747533732], [0.1745339672700258, 0.5829373715714249], [0.1382130417748254, 0.62849587706331], [0.30768450604209124, 0.44568179824008086], [1.0, 0.0], [0.48339383970029776, 0.30494952875485465], [0.23380909593582375, 0.5166426974903532], [0.7919737327870406, 0.11012998126039772], [0.03855273064294862, 0.8036935872919918], [0.004833377454840498, 0.9306958069745654], [0.05028238495614473, 0.775907711683221], [0.3855227067016338, 0.37918203827394614], [0.2965204160015805, 0.45564090956010056], [0.34145217685125406, 0.41572351522454964], [0.7443913274692066, 0.1372589766415609], [0.2865260407072045, 0.46507054354803773], [0.3632514492872611, 0.39740637512248694], [0.012499377942394897, 0.8895987862051823], [0.20390311733826882, 0.5485175365186685], [0.044252821239835316, 0.7897758362428859], [0.527447418469223, 0.2739161836697904], [0.4185133180274565, 0.3531080211071814], [0.10365164011961503, 0.6781371955117359], [0.06362526172871327, 0.7479007260168378], [0.18392169706015474, 0.5712688826878716], [0.3190873302990592, 0.43557816718188036], [0.39691860692005565, 0.370245655174409], [0.15547663399628595, 0.6057143942503327], [0.45029290970791863, 0.32906333694765333], [0.05670699478315783, 0.7619480029161335], [0.42916254736100895, 0.3451736002562707], [0.07848565933976892, 0.7199119857441715], [0.1299441044350622, 0.6395794171368084], [0.16480901052897085, 0.5940950546710234], [0.2549381637043679, 0.4951128035334023], [0.24434336818721925, 0.5059719433539456], [0.017591291090365724, 0.8675052496378806], [0.1210720210664209, 0.6522061710662321], [0.5846788675452074, 0.23557881184380025], [0.7325778079188905, 0.1441081884824535], [0.19400878964117066, 0.5596351700482783], [0.6212681129369908, 0.21187038361586455], [0.26557719026521953, 0.4847057391625209], [0.4610211800215662, 0.3210546242029266], [0.6086167832652979, 0.2199479752977105], [0.6464633764379168, 0.19601692719086541], [0.3521591810970363, 0.40660490604120814], [0.0, 1.0000060852130461], [0.8953894584404671, 0.0537502697288859], [0.8166616648020208, 0.0963846362118577], [0.6590191454402802, 0.18821717937647542], [0.4077394688200052, 0.3615279187906168], [0.21374472115060153, 0.5377319107177134], [0.07080639005493805, 0.7339196356702078], [0.8819447928794324, 0.061040638204184365], [0.33015038814732195, 0.4254350052815691], [0.6338012207276736, 0.20393470420314766], [0.80427712202063, 0.10322679837354544], [0.37428811094785863, 0.3882116305771592], [0.8686863201897446, 0.06798538451669987], [0.22377874804850695, 0.527011719664983], [0.5611651217689312, 0.25089415770262785], [0.023103284776231692, 0.8481608002805262], [0.7680006570373683, 0.1236537543283581], [0.5386026473524747, 0.266130493129379], [0.5053279793714911, 0.2891756010811369], [0.08645638576037507, 0.7062389232091462], [0.5497906058260885, 0.2585410036808137], [0.948399039825913, 0.026163041195734177], [0.6838635964019907, 0.1730485155172753], [0.4396644640162176, 0.3369645171268419], [0.8294831160899887, 0.08924699446993607], [0.8423740828250067, 0.08220585794411571], [0.572819977068521, 0.24315907752615598], [0.7799688275413711, 0.1168691861472342], [0.9352527272973499, 0.03291827410078862], [0.6715887563982061, 0.1805183377584443], [0.5164032425313541, 0.2814638873617385], [0.008522211141093194, 0.9079200889255189], [0.9088316179095713, 0.04669962900437103], [0.8555022053999025, 0.07511483120465141], [0.5965650944647178, 0.22763612143537756], [0.9744141937716135, 0.012892850400701724], [0.7561439112404975, 0.13044036965358774], [0.2761825217414371, 0.4746186422475146], [0.6962161844200777, 0.16564875532495837], [0.7081824867872017, 0.158493541301307], [0.9220138798257698, 0.03983836413261097], [0.002316083924739143, 0.9519553096824572], [0.47224596173428424, 0.3128694309290729], [0.4942849234694534, 0.2969689602056063], [0.9613926140189861, 0.019494481101170153], [0.9871952888713735, 0.006427521853272213], [0.7203228595407182, 0.15129617438250964], [1.0, 0.0]]",18.25
ZDT1,MGPSO,25,100,0.004231,0.002376,5.852590,0.003515,0.118494,100.0000,100.0000,"[[0.07311296582695902, 0.7312114463235995], [0.08859158087127095, 0.7037078448688079], [1.0, 0.0], [0.05567364166056277, 0.7642170407718266], [0.27368871815210233, 0.4769005707743916], [0.4636380995426928, 0.3191239008381884], [0.4749197116346578, 0.3109324943158354], [0.12306443149645357, 0.6495305609684954], [0.4863087450856066, 0.30275098904237663], [0.2435494447397648, 0.5067549983319334], [0.020592333434471644, 0.8565167137289974], [0.004198078192571453, 0.9354272475525476], [0.0477788800122419, 0.7818197904501268], [0.2634237210974894, 0.4869475954905316], [0.08048838518058989, 0.7165518683462468], [0.7520993892303268, 0.13279517185132433], [0.16054962456210164, 0.5994266776540706], [0.7410172462339438, 0.1391961931000046], [0.34848040054122575, 0.4097699163842082], [0.71891690600701, 0.1521386875268339], [0.1143078845476142, 0.6621802771394739], [0.40659382231832486, 0.36244679701053273], [0.7864714594794738, 0.11319463512355177], [0.13198946399818406, 0.6368739405314943], [0.0, 1.0000010625815534], [0.41817422580655694, 0.35337067359885227], [0.5809984153999512, 0.237800817484049], [0.39497725677220485, 0.37157871243074314], [0.7634488169356206, 0.12626309942980818], [0.6629122958096756, 0.18583209897945946], [0.5096656741102663, 0.2861654346002724], [0.8218231327107697, 0.09345763448317719], [0.2533234046008652, 0.49671998289468194], [0.9285129169818993, 0.03641695769998637], [0.3055111503270877, 0.4473275712596796], [0.3269108468412225, 0.428661985220014], [0.8579039169106571, 0.0737741290751824], [0.002047383740427011, 0.9550343034389335], [0.5927969272360324, 0.230078084884243], [0.729926600902338, 0.14567912557446622], [0.3599086990920415, 0.4001267536903829], [0.03347126791158639, 0.817233139778961], [0.02652117178804425, 0.8371920998320139], [0.9402330364873009, 0.030346356308820554], [0.9168134922469586, 0.04250285188081564], [0.6164173735064988, 0.2149356626641724], [0.29478984183836987, 0.4571022137840018], [0.42975782479996405, 0.3446840543846067], [0.2022865150248243, 0.550394310729641], [0.09661827440736848, 0.6892348411478515], [0.06405993586340483, 0.7469713805202115], [0.8338606837370706, 0.08687016403085931], [0.5336208338705423, 0.26961027855325287], [0.23320212117746297, 0.517191878714663], [0.17022641460285337, 0.5874357924337851], [0.1412844835590617, 0.6241315424978918], [0.040260608911877105, 0.7993888673661766], [0.9639828708748482, 0.01817672247581897], [0.49800403718226666, 0.29433120155203524], [0.0005608360397458961, 0.976570809591184], [0.628192820518277, 0.20742556710781687], [0.9520984517493483, 0.024285941170729356], [0.8099444891001406, 0.1000497685293766], [0.8933585848427423, 0.05482525691256567], [0.1506767647550662, 0.6119121671558119], [0.9050893192087744, 0.048674375755368565], [0.6741179813312778, 0.1789551001880963], [0.21282836240605196, 0.5388581905290803], [0.7748881383076656, 0.11973129923335293], [0.5570581792248189, 0.253690068010891], [0.28429427356177234, 0.4668538595373148], [0.45222907779846233, 0.32754928918380494], [0.7076616680976484, 0.15883582047159264], [0.6964021967294949, 0.16550599086004986], [0.5216223647295719, 0.27786151303197526], [0.5688125830421684, 0.2458278908213594], [0.006878847859703774, 0.9171256674523319], [1.0, 0.0], [0.10517937535036387, 0.6758497853164901], [0.6045701411112758, 0.2224987443744988], [0.639896290837398, 0.20006615697411798], [0.8696057650828742, 0.0674893506995368], [0.7980969183051904, 0.1066474649997568], [0.5452829730388103, 0.26157629290043977], [0.015510205022273515, 0.8755630266670765], [0.4408854127127197, 0.3361189235966853], [0.8815503496865535, 0.061100519472928036], [0.3161238831317868, 0.43778183503731044], [0.9879686196137193, 0.006035065285512512], [0.22316213140645758, 0.5276119803591759], [0.3373507095057462, 0.4192051893425374], [0.1911838955350087, 0.5628856954901151], [0.371509980258965, 0.39054470067943664], [0.651518430520279, 0.19290214334202851], [0.685306745048262, 0.17218115930385264], [0.38331618536852075, 0.3809542517289442], [0.18058048249132364, 0.5752075424711488], [0.9759079099688803, 0.012126470963982998], [0.011007323269396019, 0.8964230227057771], [0.8458861508754573, 0.08028400365654942]]",17.92
ZDT1,MGPSO,26,100,0.004264,0.002265,6.497429,0.003487,0.112597,100.0000,100.0000,"[[0.0009809670881345267, 0.9733972681218568], [0.16798902728678788, 0.5909947819886906], [0.5198622853262787, 0.27910006493064504], [0.701967547313924, 0.1622404121131483], [0.18792992820604582, 0.5665297412520766], [0.1113368636028294, 0.6670001927088399], [0.3220631372695618, 0.4328050374445614], [0.6789045922964494, 0.1760551616926314], [0.7491309898877816, 0.13452257675518545], [0.4370567587078765, 0.3389231923209606], [0.14904777168896732, 0.6140018448969736], [0.7372995158772069, 0.14150735414038168], [0.7610024833756766, 0.12770775725602665], [0.6224570716855164, 0.21124854923733918], [0.03707380982960068, 0.8079362305121377], [0.44899813667322097, 0.3300428543323526], [0.020788974410210027, 0.8558758260677916], [1.0, 0.0], [0.41270338613865865, 0.35760463585421215], [0.4610048867842632, 0.3211730612801823], [0.011100267194262756, 0.8947336076412095], [0.5667043650090702, 0.24733293463310901], [0.04454375408278932, 0.7892418496041015], [0.35381157498613397, 0.4051865148195807], [0.8544755668028086, 0.07568525412612212], [0.2599537423076741, 0.49030742995607995], [0.6112394218106683, 0.21818815254389654], [0.09307657286531568, 0.6949392728405749], [0.34326294285922526, 0.4144385575358076], [0.5552083948725185, 0.2549793312760252], [0.8079191888086698, 0.1011727710547754], [0.31191789530993896, 0.4417314618144371], [0.13969276486303323, 0.6264783378989048], [0.27071751164623126, 0.47998539531728274], [0.23894324646242923, 0.5113103866180526], [0.7253289420482643, 0.14834192128422258], [0.08465222467584312, 0.7090788932792114], [0.06023703910284828, 0.7546131932548875], [0.47258242073250645, 0.3126732014778554], [0.8428705491115919, 0.08192906090285838], [0.5317967943761883, 0.27076534748407965], [0.17751202215902862, 0.5787017884311685], [0.15836244887290132, 0.6021662806259285], [0.30165050268020194, 0.4507882922420743], [0.20828714417955613, 0.5441840854625926], [0.1302603285841516, 0.6401696199297652], [0.36496235165401525, 0.3958874512169182], [0.8893093427358661, 0.05697540309658254], [0.008154504288118813, 0.9100594059297099], [0.3763292297664774, 0.3865840996976945], [0.8776354654597394, 0.06324526738588691], [0.10203218102670064, 0.6805869363485286], [0.005651584051413416, 0.9257488487650471], [0.5079195806882442, 0.28735258625956644], [0.4000430706159279, 0.36751949815790774], [0.7962447310545681, 0.10767708048868974], [0.7845349250048537, 0.11426644637300741], [0.7135312137683538, 0.15532266868866174], [0.633610004916857, 0.20402019202416533], [0.29163183163355033, 0.4602209324717656], [0.015487482938654318, 0.876006961242807], [0.33236735689570884, 0.4235135261128099], [0.07696578767629492, 0.7251712199177491], [0.3880683200385643, 0.3771177271012061], [0.866057416132878, 0.06941677277550574], [0.49615630070010974, 0.2956983495659762], [0.8312648377739087, 0.08829151530713024], [0.0, 1.0000008296499772], [0.9249718207681863, 0.03825730312945857], [0.819643429951738, 0.09468546033374495], [0.06841536323740033, 0.7384685139217754], [0.9617026978758111, 0.019348922607290334], [0.9744021623410055, 0.012885016583717592], [0.9369411458356754, 0.03207653769245682], [0.5779378263332358, 0.23979978861724374], [0.003063801420790657, 0.944977718794723], [0.9010235172067468, 0.050793111785514725], [0.4844570758045952, 0.30399493681072415], [0.2814544047437933, 0.4700652700929345], [0.772725744017434, 0.12095179653364063], [0.2491570987872051, 0.5008451485352188], [0.6559520333990699, 0.190107086682906], [0.6002298699305324, 0.22525729758458474], [0.030944646437523315, 0.824250774468695], [0.9129991912160835, 0.044516712543845365], [0.5892378497095012, 0.2324401499388717], [0.9493603710154561, 0.025650344636795688], [0.21823963173765643, 0.5328683744504131], [0.026021561163285745, 0.8389755563186095], [0.19792950706398482, 0.5552110613910896], [0.22875817474590987, 0.5217380485803264], [0.6674504873892744, 0.18311444725705195], [0.9871731931356027, 0.00643649608798301], [0.5436383879966984, 0.26282300392516206], [0.6446352992731157, 0.19714080119476887], [0.052086983568948586, 0.7717870218249089], [0.12024431413510694, 0.653278906697913], [0.6903939684908424, 0.16910738644786522], [1.0, 0.0], [0.4249490435925151, 0.34816385705560915]]",17.72
ZDT1,MGPSO,27,100,0.004242,0.001874,5.785590,0.003583,0.113806,100.0000,100.0000,"[[0.19714089763653853, 0.5563755759701633], [0.15429676653247232, 0.6075289974810809], [0.024004254875779438, 0.8454633560938977], [0.010323859056586615, 0.900213569024764], [0.6448982320856527, 0.1970283370652477], [0.2816560364108789, 0.46951231151453354], [0.5589848539818985, 0.25240147921520356], [0.005992914502326974, 0.9229803592845321], [0.13478664560179243, 0.633083604475936], [0.09296251138176871, 0.695284690213601], [1.0, 0.0], [0.18555575412675007, 0.5695122515326695], [0.6815039550846408, 0.17448794183896846], [0.10089436918532291, 0.6825861971845621], [0.054504607509906204, 0.7666670287097024], [0.1259552674030864, 0.6452164625145249], [0.01889394103452957, 0.8631217123425172], [0.6692852110166694, 0.18201033513464887], [0.6569971144989888, 0.18945413597238017], [0.8353319447414722, 0.0860572132389477], [0.1641379466106787, 0.5949649583310908], [0.061304995642983987, 0.7525069153161152], [0.5714126424318402, 0.24409808081493822], [0.8574357622750177, 0.07413097939517034], [0.0031214887145736008, 0.9447760924856796], [0.029425065052214983, 0.8285852767280132], [0.0009342883246398759, 0.969465827467478], [0.06868233758431064, 0.7381851245017361], [0.04127272319489372, 0.7969690514124795], [0.24114031220354584, 0.5091123319160256], [0.11764372527520905, 0.6571450986687905], [0.31180111633860785, 0.44161509180729913], [0.6939364032397597, 0.1671432079321717], [0.5962297965321727, 0.22794929575838266], [0.40049460844260154, 0.3672336862012702], [0.4224957538737451, 0.3501637362826491], [0.07679778866368148, 0.7232368914687418], [0.25096219617634374, 0.499043403053369], [0.01413201644015638, 0.8811411849842679], [0.8015264774419609, 0.10479622605368462], [0.8463423344105389, 0.08006614324590244], [0.2307723363787415, 0.5197004673940466], [0.465301642921683, 0.3179871131407429], [0.4438116299190129, 0.3338153545020773], [0.5465859944760934, 0.2607591706888016], [0.7901144844695644, 0.11118345169874261], [0.7306554051906522, 0.14521761221779803], [0.9748408182175069, 0.012662165270104817], [0.3224970241691725, 0.43233072115785376], [0.891010702996755, 0.05607060275600258], [0.20845999784524472, 0.543515774229486], [0.29160335357339184, 0.46012743596702027], [0.41184017842897735, 0.3582696653570289], [0.8796358407255989, 0.06211813144058102], [0.3664748699867778, 0.39469118243139917], [0.3778802194605254, 0.3853368501138926], [0.2612646242067833, 0.4889069414573626], [0.27151741934968726, 0.479125414437], [0.34393988522053304, 0.41359682610234116], [0.7184106500851053, 0.15244847727524266], [0.433152550729728, 0.342022915175391], [0.3332686705141564, 0.4228152223306457], [0.08445429985827778, 0.7095240625892587], [0.5342408174123713, 0.2691155608157333], [0.5223163554085013, 0.27730440425044545], [0.38922382005353695, 0.3763814123257875], [0.03552086017752826, 0.8116378760506318], [0.21963243604741983, 0.5314324829302771], [0.9382073212468346, 0.031410889788339794], [0.8685045435004646, 0.06807950047792224], [0.9502749774811091, 0.02519980683366804], [0.301521323759995, 0.4510596920936364], [0.9626019726101918, 0.018912384331623414], [0.7666306826056443, 0.12449150922138695], [0.47639882592664473, 0.3101796190799556], [0.6203567931301481, 0.2123996712379968], [0.04764866410294838, 0.7818975584143767], [0.9142447753000011, 0.043952290167024656], [0.7427871297443259, 0.13818910433185475], [0.4988267155796072, 0.2938348825371944], [0.4875891268899468, 0.30213901504203994], [0.3551774498205804, 0.40407565554641317], [0.14434661363280565, 0.6201221416571555], [0.7548026039797976, 0.13128713440830886], [0.8128872160889042, 0.0984104517052774], [0.9874204161115688, 0.0063298951128989075], [0.9025144439404699, 0.050014573316668476], [0.6082650447569572, 0.22009163449473], [0.17464305417629003, 0.5822445214958107], [0.7061264653185247, 0.15972011344967485], [0.0, 1.0000032065376037], [0.7785195657286411, 0.11774590028867458], [0.5107046683229364, 0.285391904896074], [0.6327430532942474, 0.20461447009901745], [0.9261064841068567, 0.03769834804575226], [0.10954750083940043, 0.6690857021806268], [0.4545233386283416, 0.32581982252148184], [0.8241989064589904, 0.09221216672974121], [0.5838563685238509, 0.2359207389064134], [1.0, 0.0]]",17.57
ZDT1,MGPSO,28,100,0.004234,0.002093,4.802550,0.003203,0.091021,100.0000,100.0000,"[[0.007342930246608148, 0.9177005017893144], [0.014287551912251839, 0.8808896387732419], [0.055264272012440885, 0.7653515484455695], [0.46348757669463403, 0.3193106339394344], [0.010240759352161719, 0.8995543860500526], [0.20476325662008926, 0.5476517250967637], [0.06382311793704296, 0.7489719907744967], [0.1482730090300458, 0.6150800473922153], [0.38665662444890847, 0.37826265709141], [0.3114911029477794, 0.44198694525879173], [0.004432363686967922, 0.9335483352595836], [0.04766205065613105, 0.7818426121421408], [0.1049213102616191, 0.676121070344012], [0.6980544998266489, 0.16455741381409905], [0.48660773536110136, 0.3025711452723072], [0.16728092208945022, 0.591021248031262], [0.13050288819767752, 0.639038664231551], [0.13915672113965769, 0.6270884700773212], [0.08828172208512519, 0.7034618044074898], [0.2886404911306847, 0.46283764588850324], [0.5216105728129797, 0.2778274563017788], [0.39694585249693226, 0.37009913484309526], [0.25478195091370326, 0.4953952458925669], [0.5097779312959287, 0.2860625556731449], [0.3228684780349392, 0.4318665226804838], [0.6170119631731364, 0.21459357191306982], [0.5456660787595925, 0.2613307753767395], [0.1216164884284745, 0.651407737673775], [0.732967039120739, 0.14388305023320444], [0.07945175729448317, 0.7183141767694428], [0.4072238227595657, 0.3619536800633502], [0.002003405717821316, 0.9552569396413758], [0.19549186892691603, 0.5578782211741977], [0.6864800757822729, 0.17148035666377123], [0.09635253812642164, 0.6896854926976149], [1.0, 0.0], [0.4402620170893048, 0.3364785547686834], [0.49809844206477394, 0.2942760574205377], [0.3662304683014286, 0.39486551431431777], [0.3558520716182484, 0.4035720674802338], [0.5699599438709186, 0.24506592593640258], [0.2141049104661209, 0.5374499072004142], [0.028753754626895667, 0.8305640697302348], [0.6285414873004322, 0.20722180980309257], [0.0, 1.000002626457035], [0.5335990574360907, 0.269599226627206], [0.000732810754658364, 0.9729948492926668], [0.9868771817595855, 0.006592625558650369], [0.6401469501428787, 0.19991331463502277], [0.417797770474293, 0.3536376193794082], [0.7096932487744185, 0.15764038023309393], [0.593682198536464, 0.22953245264227784], [0.4291572960806474, 0.3451023966936896], [0.6748326817947207, 0.17856258076053255], [0.11333792985682845, 0.6636736694006445], [0.6632740538458788, 0.18563190043501004], [0.07130728455469598, 0.7336483806679158], [0.1766387189384951, 0.5797585328783035], [0.34486621439667514, 0.41283690472972445], [0.33415463512958105, 0.422214628575821], [0.27702691148085234, 0.47370444468748363], [0.03433965374597803, 0.8151341080234619], [0.744680110092737, 0.1371039497283746], [0.8188834433495199, 0.09509414495888881], [0.9738072039627325, 0.013184844749891724], [0.9101655422163784, 0.04598904761376601], [0.4517867358274759, 0.3279043329183989], [0.023159476668921153, 0.8478614269039453], [0.1860543178726355, 0.5687713740201584], [0.8323595172527398, 0.08767172058293295], [0.6054217452875351, 0.22194726353590413], [0.871921136682691, 0.06623572153601624], [0.22331506479362564, 0.5274611940608983], [0.8057636368552591, 0.10236312630214038], [0.7930958721387957, 0.10946855311504834], [0.8456055640058568, 0.0804469071665185], [0.7808121375198245, 0.11638529671609789], [0.9226899759238076, 0.03946134432569693], [0.04056290865781309, 0.7986629277648335], [0.376486302317229, 0.38646484921124], [0.26583312028033257, 0.4844274255515191], [0.8585462925598513, 0.07343861190023705], [0.5817257478489106, 0.23731096097296736], [0.721323429116069, 0.1508158511326534], [0.9479826576664432, 0.02635801217337481], [0.7684830954854592, 0.12337229828355349], [0.7566903483276507, 0.13029022061005832], [0.23372624216926058, 0.5167194164481426], [0.24406362755656597, 0.5060008278076163], [0.651682945676253, 0.19274527620757603], [0.4751152560584472, 0.3108560631446703], [0.018357464284920945, 0.864682442233709], [0.5577775154283939, 0.2531741703191172], [0.8847283803941451, 0.05940834207508676], [0.1578225586238991, 0.6031478472417691], [0.9609350624194777, 0.01977702857595857], [1.0, 0.0], [0.935278357864121, 0.03291913056510293], [0.29996453447389393, 0.4523327613877193], [0.8973089477759685, 0.052830597957296506]]",17.14
ZDT1,MGPSO,29,100,0.004267,0.002061,5.627309,0.003358,0.119898,100.0000,100.0000,"[[0.0045287393350286346, 0.9347084470097853], [0.7314354070367438, 0.14481088332312872], [0.6155924540107478, 0.21563307441255342], [0.6382225396078574, 0.20117395478048208], [0.25206097433761326, 0.4981833051243566], [0.6269212390965583, 0.20832987484618848], [0.08400399503268688, 0.7105872432895793], [0.17301186695781912, 0.5842760115265758], [0.015553519008567801, 0.8785214450164636], [0.9233037280575246, 0.03912353304001497], [0.15320874754455982, 0.6085987013823163], [0.8150053712588992, 0.09727774417033219], [0.37851726673055586, 0.38503058156039166], [0.7674528363288713, 0.12405923397554396], [0.8031449368803287, 0.10381886865952784], [0.8625256594187745, 0.07130439114133681], [0.0, 1.0000004618423317], [0.34776336834041327, 0.410303305415928], [0.6609411927574546, 0.18702681940014687], [0.3684262381537396, 0.39342877576818364], [0.16312849762754084, 0.5965153969394169], [0.5810594912348573, 0.23776693372177626], [0.44265624546902804, 0.33480563541052516], [0.0016355677974438931, 0.9610240525782529], [0.6840154896828508, 0.17298081621559527], [0.054649264874243215, 0.7663221471004602], [0.9109570655688972, 0.04556300870093868], [0.8386848693084679, 0.08422665143103479], [0.0992431001967785, 0.685084102120472], [0.5925029839814593, 0.23043134203671933], [0.3373581174671898, 0.4192147656547568], [0.6957200764561191, 0.16590420446288942], [0.3272119293800709, 0.42830413872188045], [0.5697474380441805, 0.245418769159596], [0.29579436288411154, 0.4561716656681125], [0.8744616719744545, 0.06488912892499919], [0.7076811036518014, 0.15889553775560522], [0.719560455885369, 0.1517430234851891], [0.00028887901180851827, 0.9830268227889026], [0.03254383441775477, 0.8204619774904905], [0.7433920467427724, 0.13786526300088142], [0.07580869421023562, 0.7248416878583226], [0.35796666461651094, 0.40174738856596365], [0.9486501705470234, 0.026044737036490358], [0.02008016008845026, 0.8585618430917714], [0.008219746752320567, 0.9095769044660759], [0.09167619790849235, 0.6975264458403979], [0.011025273543731506, 0.8955000802714305], [0.14377095328808298, 0.6209188445464008], [0.4317215668343923, 0.34301194077122116], [0.7792525924265795, 0.11728933134205181], [0.6039126511969011, 0.22294407170800043], [0.02556137778750432, 0.8402731072845845], [0.2631040600424722, 0.48712328188711435], [0.8505553769828804, 0.07774457939840763], [0.9359454679988969, 0.03256108719753155], [0.8268278720046516, 0.0907203365778148], [0.27384463700789713, 0.476776341168894], [0.1838939209133086, 0.5715954542313905], [0.6724951682236373, 0.17999581341607032], [0.6495887232760951, 0.19404165451688687], [0.06861956693903715, 0.7381027343036478], [0.12570195991483996, 0.6454651439330057], [0.5114775534299315, 0.28528267393828843], [0.399323018554743, 0.3682130706178584], [0.31701616566337065, 0.4374713804966105], [0.48853922901329994, 0.30106928737656835], [0.46544055698991743, 0.3177845071961259], [0.30629013372526037, 0.44657186341918736], [0.5581469170774553, 0.2529080502510734], [0.8865503447245628, 0.058463150340929956], [0.5228599045631561, 0.2769750919162059], [0.5343913643379208, 0.2689806795218731], [0.9613526981671189, 0.01951731624027889], [0.22065913915177704, 0.5308327071714952], [0.545833135352771, 0.26120463112331904], [0.24050958126867927, 0.5095839988633344], [0.47704055575008053, 0.30946845452590427], [0.1076543966001905, 0.6719684692406248], [0.19849075844030956, 0.5545616486132103], [0.4101139075647986, 0.3598376787533513], [0.9743434735775951, 0.01292718456963655], [0.06143899106733275, 0.7522328394051474], [0.8987180790945731, 0.052008047971502595], [0.7912026617219035, 0.11052933465381005], [0.9871616452913659, 0.006447780065915105], [0.5002314770701468, 0.29316707023147776], [0.2852104988215365, 0.4665485320462567], [0.4532010995863452, 0.32687262325666433], [0.04665778428757793, 0.7843625405883203], [0.22873525474893597, 0.5218032190269479], [0.20904545501222793, 0.5432104832997616], [0.03948440233705319, 0.8016537323595649], [0.13501933586658077, 0.6327312147108048], [0.11658877674709212, 0.6590431868061869], [0.4208633063410331, 0.35145431182387793], [0.38852087874529, 0.37679314961042715], [1.0, 0.0], [0.7553321549809231, 0.1309143592540578], [0.16335422286836987, 0.5962979384010908]]",17.52
ZDT1,MGPSO,30,100,0.004213,0.002202,5.366714,0.003500,0.123511,100.0000,100.0000,"[[0.0004671221840069073, 0.9804617952761456], [0.10511271531133964, 0.6763753568538893], [0.02846629695494607, 0.8324468129911657], [0.34417695168966894, 0.41378016181712335], [1.0, 0.0], [0.004682857669170981, 0.9316586220913257], [0.4839625694782914, 0.30436426892282353], [0.3649132259161598, 0.3959407349463882], [0.07112356585496105, 0.7344177514634956], [0.3005494866900533, 0.45180540048546686], [0.27798858038181795, 0.4729417445679814], [0.01736116850673597, 0.8692755261009887], [0.45166417123190045, 0.3281059624825713], [0.6273557115544279, 0.2080058548105701], [0.4191160890061283, 0.3527064597475663], [0.6164126061062125, 0.21501654132716208], [0.5507816295671778, 0.2579144293215074], [0.25537743234451515, 0.49468836073246014], [0.5171984289496842, 0.28094007353096695], [0.7934868417638841, 0.10930803097063087], [0.49495742135046783, 0.2965691639627761], [0.4083310849720231, 0.3611043985226901], [0.047730864785789806, 0.7820343717946864], [0.02233345466391423, 0.8506479614054122], [0.4624140433315941, 0.3199945156861843], [0.28935372219892697, 0.46225924864221574], [0.24451788860423884, 0.5056798961830178], [0.8280725348904332, 0.09002773684323964], [0.375786984811761, 0.3870773850434815], [0.040929062890862955, 0.7984636488971347], [0.6502344120478765, 0.19364682859772364], [0.583890899967633, 0.23616679615508385], [0.47319860428953703, 0.3121965902200896], [0.08773297883822079, 0.7045115691254126], [0.07884466862889472, 0.7192518278391996], [0.26670150444548185, 0.483831049724759], [0.8166436482183959, 0.09636147125216746], [0.6855903202916365, 0.17199797245289927], [0.008075707313003222, 0.9101428742837993], [0.5618131566608471, 0.2504836148005219], [0.6054873519124414, 0.22188661283171246], [0.11434587236805138, 0.6620395375123796], [0.3973339079013567, 0.36972413336005616], [0.6619687781823836, 0.186407318777791], [0.5283673544840888, 0.2731385833821947], [0.594604305996823, 0.22889812848610686], [0.7817054575103617, 0.11591047682317189], [0.012306085494320773, 0.8890711188032431], [0.03440390626705947, 0.815028472488544], [0.5059602627652428, 0.2887046072489006], [0.20073884205566014, 0.5520760677208496], [0.6737227470371996, 0.17923536095152903], [0.13301605936744518, 0.6355230670338258], [0.22258007100342303, 0.5282431760775015], [0.3866226208295319, 0.37821792881938604], [0.7580125781414395, 0.12936859778591409], [0.0019742573626343463, 0.9559129956507167], [0.14255143641660417, 0.6226160735165498], [0.8394446844597402, 0.08379369045493924], [0.05552764879946981, 0.7659212553054962], [0.709777669380225, 0.15751762143736625], [0.9870613948738948, 0.006492090161537916], [0.19021959607688022, 0.5639647309061794], [0.0, 1.0], [0.9105687433832523, 0.0457809673211248], [0.17994944249636952, 0.5758464598432809], [0.8509077689644439, 0.07755751784608693], [0.2114694140398563, 0.5403195612762071], [0.5395922404166327, 0.26553361828662864], [0.12371346362501767, 0.6490070703345242], [0.7460296859326749, 0.1362815574471979], [0.17013381805458944, 0.5877792543868058], [0.23361067278140712, 0.5167717571853938], [0.9230282290342952, 0.039262089453090274], [0.8744225278627239, 0.06504542883405491], [0.804956790236657, 0.10281617308943208], [0.7339997585697429, 0.14327633700510028], [0.961223515923733, 0.01960656912504056], [0.6976354770476876, 0.16476607435712962], [0.5727927561730637, 0.24334221782300836], [0.3116152844289178, 0.4419878807262171], [0.8624922559782096, 0.07129568396431098], [0.0625086044193317, 0.7501027127082148], [0.9741226137327186, 0.01302630459830085], [0.7219843067003264, 0.15030901582977485], [0.9483906284059703, 0.026170870923891434], [0.6387164364847252, 0.20081047190854157], [1.0, 0.0], [0.32234616747573563, 0.432335613882623], [0.15168163513593663, 0.6108584141712798], [0.9356367912307011, 0.032747512005100794], [0.3331509567053791, 0.42282487616047065], [0.1609364488747711, 0.5991636329641296], [0.8864094096428681, 0.05850853850621697], [0.7698996135081781, 0.12265323080007474], [0.35453242637041094, 0.4046867945768236], [0.4408105129322419, 0.33606526414960125], [0.8984948015653149, 0.052117912026332536], [0.4298268708313493, 0.34439155360538776], [0.09607370172791069, 0.690411004728042]]",17.50
