problem_name,solver_name,run_id,final_archive_size           [archive solutions at the last iteration],final_igd                    [IGD of the final archive],final_gd                     [GD of the final archive],final_hypervolume            [hypervolume of the final archive],final_spacing                [spacing of the final archive],final_spread                 [spread of the final archive],final_feasibility_pct        [% feasible in population at the last iteration],final_front_feasibility_pct  [% of returned front members satisfying all constraints],final_feasible_front         [objective vectors of FEASIBLE front members only; for honest cross-algorithm HV],run_time_s
ZDT6,MGPSO,1,100,0.003431,1.597966,8.141658,0.092221,1.285762,100.0000,100.0000,"[[1.0, 0.0], [0.2807753365337946, 6.5603293719934035], [0.7744553313574035, 0.4002189397320943], [0.32140850896268147, 0.896696570366386], [0.7674638827198046, 0.410999188720642], [0.6838028550676849, 0.5324136554012827], [0.8032296551216427, 0.3548221211331669], [0.33495026363024005, 0.8878083208940327], [0.2808190901225879, 4.101757935736064], [0.5443375019993257, 0.703696683917134], [0.3915061207866465, 0.8467229573865918], [0.4534068167062095, 0.7944222585643417], [0.3285826684196328, 0.8920334300142336], [0.28924703539289964, 0.9163361525164186], [0.4239463760901262, 0.8202694702000493], [0.31219089221756013, 0.9025368468164038], [0.47993697216596864, 0.7696605027481622], [0.671918170331685, 0.5485259723781207], [0.37022897769397745, 0.8629305040756723], [0.4623362925878386, 0.7862451525561325], [0.7501605507484002, 0.437259148100857], [0.6589559004683132, 0.5657771212379945], [0.8436527043084249, 0.28825011451308147], [0.7607846794253001, 0.4212066715517433], [0.28077557989159296, 5.055982221465918], [0.8917485674538203, 0.20478449244405939], [0.28077531881688345, 7.832340321374845], [0.28077910784122173, 4.837446837352539], [0.280776029925794, 4.908032868667147], [0.5284750945800256, 0.720714074408633], [0.7060497666079129, 0.5014937270729118], [0.7817186399244115, 0.3889159679947283], [0.6196338234415327, 0.6160539248472274], [0.28077531898851993, 7.007291430210104], [0.4719242338629135, 0.7772875174929021], [0.38267381634218367, 0.8535607502861087], [0.4369605558360229, 0.809065472643474], [0.5602308709421453, 0.6861413712434054], [0.7341447275097004, 0.46103151906970774], [0.30565772657564183, 0.9065733541846102], [0.8844728008364214, 0.217707864580576], [0.2971894491264574, 0.9116784313279128], [0.5523503027680108, 0.6949091430320868], [0.28077537042934453, 5.762191070492285], [0.519590311927919, 0.7300259077506478], [0.726453338594041, 0.47226554684557154], [0.6908711561366255, 0.5226970456184423], [0.6092260601321479, 0.6288436076558606], [0.5855228938112853, 0.6571629408228583], [0.8232506914693758, 0.32225829899519465], [0.8697589460884554, 0.24351937569909932], [0.8168294046299053, 0.3327897237319545], [0.8566700708911633, 0.26611638963932926], [0.6656189576919704, 0.5569514031610548], [0.8769734028803814, 0.23091765064040426], [0.6514997945881004, 0.575548017651663], [0.4453005074075641, 0.8017074581025659], [0.5782620880608778, 0.6656129575114736], [0.3996437981964106, 0.8402848345631466], [0.2809250089952774, 0.9210811393210033], [0.644710280026177, 0.5843486548285683], [0.9186047583524304, 0.15616529793227296], [0.7889635524690863, 0.3775365128753593], [0.6368440355055687, 0.594429674440982], [0.7422478222364288, 0.4490681703852788], [0.7125206676084643, 0.4923142982307883], [0.8498356582314373, 0.27777935399833975], [0.3433670612990499, 0.8820990612148545], [0.6981571192435281, 0.5125766368495781], [0.8982657545350234, 0.19311863422962505], [0.5367654525303114, 0.71188284896993], [0.8104145760537768, 0.34322821491957733], [0.987898950804077, 0.024055663000203897], [0.8635629674679525, 0.2542590012179441], [0.981855719930498, 0.03595934523976341], [0.7186477849589933, 0.48354536117353253], [0.3515173840947565, 0.8764355286791794], [0.9631033274641041, 0.07243198062757072], [0.8366030350388626, 0.3000953617637637], [0.9335404705287205, 0.12850218988501516], [0.9410761846164531, 0.11437561474773938], [0.9694213866724662, 0.060222175062032646], [0.9259555708671686, 0.14260628078005588], [0.568846195843776, 0.6764140054740644], [0.8299188439654616, 0.31123471243103185], [0.9559127217143992, 0.08623086846456951], [0.9118667123302506, 0.16849909894401993], [0.993952460138363, 0.012058506984895856], [0.2807753188807912, 7.7571388569053745], [0.5949737734756979, 0.646006208876089], [0.9049318022438659, 0.18109843328766873], [0.6276866014164727, 0.6060095304022382], [0.41136268575579427, 0.8307807407677796], [0.35985934048101753, 0.8705012550685671], [0.9756542535593743, 0.04809877751150016], [0.4937685452479066, 0.756192623723766], [0.9485283188432372, 0.10029402835242218], [0.7961554870543601, 0.36613644043323457], [0.2807976492720492, 4.103157693764103], [1.0, 0.0]]",21.89
ZDT6,MGPSO,2,100,0.003894,1.476507,8.169674,0.180913,1.294024,100.0000,100.0000,"[[1.0, 0.0], [0.49882528315206165, 0.7511733368882655], [0.28077532956383455, 5.598908998992198], [0.7994641643088624, 0.3608570499859324], [0.38676964517887424, 0.8504092415682077], [0.6449814808273495, 0.5839988893897594], [0.2807753188776264, 7.053120990050415], [0.683519276390939, 0.532801398802007], [0.53689173933241, 0.7117472602366195], [0.5901951759476887, 0.6516696542880769], [0.3597476619001536, 0.8705816197573728], [0.4465358989830116, 0.8006056909194337], [0.6596179480039531, 0.5649041626710543], [0.3241664524104333, 0.8949161111316343], [0.614511202284677, 0.6223759822666408], [0.6225739943989942, 0.6124016214980812], [0.8474761607185022, 0.2817841570138274], [0.46538409829100214, 0.7834176410578708], [0.8326637510636407, 0.3066710776646274], [0.6755607494628748, 0.5436176737851589], [0.45566574836451845, 0.7923687257674034], [0.41145611183269315, 0.8307038680355223], [0.4826355375777729, 0.7670629378670142], [0.28077532095200664, 5.802353504996383], [0.719477880437159, 0.4823515795616532], [0.2896154179920586, 0.9161229096612852], [0.40327447925822124, 0.8373696943790105], [0.42839869807528175, 0.8164745554874036], [0.5596431649852629, 0.6867995278852779], [0.6979256357204461, 0.5128998070042112], [0.8550651292488118, 0.26886362474271275], [0.8082270924472801, 0.3467689670342158], [0.582957840924994, 0.6601601557040693], [0.8625919796197725, 0.25593507669564197], [0.3949273520932315, 0.8440323865686288], [0.2807753445266491, 4.682087209316287], [0.5064830935233102, 0.7434748759750578], [0.28077547586496554, 0.9211651321528022], [0.280775319337515, 6.824056105201083], [0.43741375739792576, 0.8086692048390285], [0.7046991667605118, 0.5033990843670404], [0.877312659372152, 0.2303224977053624], [0.5753252969407205, 0.6690008027000718], [0.5675686218104424, 0.677865859536195], [0.6907877874994823, 0.5228122326415701], [0.28077531881891693, 7.285024615039928], [0.5438850490664966, 0.7041890534019346], [0.8401872857225596, 0.29408532491015793], [0.5980290230940382, 0.6423612875371904], [0.29817938082958484, 0.9110890568480854], [0.33321000926127387, 0.8889710897281018], [0.7500906607369613, 0.4373640006751889], [0.28077531885291473, 7.274009119952367], [0.7423518206705734, 0.4489137743470849], [0.3690331292296314, 0.8638145495309861], [0.6300739538572556, 0.6030068126706849], [0.7825837730877094, 0.3875626380998045], [0.5298402991204749, 0.7192692574279256], [0.8699680891627855, 0.24315552383845174], [0.6523760178571192, 0.5744055313248877], [0.5145007919475668, 0.7352889350853266], [0.6376211353606479, 0.5934392877413983], [0.9634743352471797, 0.07171720532000514], [0.9481856957621525, 0.10094388635204277], [0.9927643478805357, 0.014418949577334694], [0.7907341607350533, 0.37473948704663085], [0.3152876523647087, 0.9005936962663506], [0.3421239233350932, 0.8829512210818032], [0.5220686672668283, 0.7274443066582377], [0.8164616336981367, 0.33339040069896964], [0.6062093792515331, 0.6325101885074709], [0.5518760644198706, 0.6954328095204348], [0.35067351980025874, 0.8770280825108976], [0.3779897670215635, 0.8571237360269841], [0.7122080029777978, 0.4927597604943771], [0.970959578025174, 0.057237497841176155], [0.42031275876170926, 0.8233371848221211], [0.9405029426475008, 0.11545421487139185], [0.9782450093620457, 0.04303670165825102], [0.7273720942337005, 0.4709298365300807], [0.3066374173335261, 0.9059734942910249], [0.7742436070977252, 0.4005468368683033], [0.9333001082628712, 0.12895090791651287], [0.7581370870776452, 0.42522815719742313], [0.8247576668876915, 0.31977479090997174], [0.4740065362356163, 0.7753178036059134], [0.6676453809925313, 0.5542496452393377], [0.28077538879023956, 3.1225845969346917], [0.9089358146981517, 0.17383568475900735], [0.9009722903371201, 0.18824893204468418], [0.9855359471048457, 0.02871889696415475], [0.9558990517989041, 0.08625700276995607], [0.7661766006153807, 0.4129734166694594], [0.8931083474858729, 0.20235747965105333], [0.7346865946000455, 0.4602356077149884], [0.9172112146642631, 0.158723587694107], [0.924815260782916, 0.14471673342302716], [0.8851709867090107, 0.2164723242885963], [0.4905794289459826, 0.7593318238950336], [1.0, 0.0]]",21.73
ZDT6,MGPSO,3,100,0.003502,0.997428,8.582051,0.080339,1.258483,100.0000,100.0000,"[[1.0, 0.0], [0.7619572226815485, 0.4194211908034211], [0.5998508304873941, 0.6401789811635836], [0.30123135559732506, 0.9092596704049979], [0.37581186839582104, 0.8587654395728421], [0.7141373251966673, 0.4900078807609495], [0.7067557753646417, 0.5004962739887241], [0.5330781082559104, 0.7158277304982998], [0.7225713748130813, 0.4778906083007336], [0.7686148766216965, 0.40923117143581433], [0.41055839116607307, 0.8314418074431258], [0.28077531883559836, 5.658603198480676], [0.7980903609415015, 0.3630517757722638], [0.5138627110282531, 0.735945114214694], [0.4458425633726797, 0.8012244086852781], [0.49585626400649774, 0.7541265654455185], [0.6857779276034739, 0.5297086340118845], [0.5484946711938645, 0.6991535956719345], [0.571638046664217, 0.6732299436059184], [0.6590280980062475, 0.5656819660382678], [0.5620940198779714, 0.6840503128174227], [0.6088794215958325, 0.6292658499571244], [0.8643333525442264, 0.25292785567965803], [0.6151424684876852, 0.6215997434628773], [0.7487221566845635, 0.4394151320896159], [0.6510902944518925, 0.576081428470548], [0.5884000508559739, 0.6537853801526874], [0.6276770300478873, 0.6060215459502636], [0.35839658596919144, 0.871551887165628], [0.9052920979425386, 0.1804462174027971], [0.9299709132072052, 0.13515410058855692], [0.9362585790360731, 0.12341987318135317], [0.5394650097263898, 0.7089775032809063], [0.42353641614513304, 0.8206169041989366], [0.8051697646544307, 0.3517016500863287], [0.9425222319474101, 0.11165184228487235], [0.7758052886350639, 0.39812615412586516], [0.8382733753688619, 0.29729774814769516], [0.7418410802240203, 0.4496718116920587], [0.28077533918155095, 5.20279556693345], [0.4598364188423604, 0.7885504679062333], [0.6359392654497991, 0.59558125065917], [0.31935550731310314, 0.8980120599487905], [0.948614601795168, 0.10013033726099485], [0.39591253882968414, 0.8432532615974339], [0.8122840470781079, 0.3401946268624102], [0.8574552945640705, 0.264770417824043], [0.8857132552391873, 0.21551202949360226], [0.28077546525338193, 3.3320822040853373], [0.2808607586296863, 0.9211172342619571], [0.4853611013060902, 0.7644246013389392], [0.2913431831696769, 0.9151191496205601], [0.8714761097126413, 0.24052939020012032], [0.36719305390944823, 0.8651692611606531], [0.9235509889855018, 0.14705357074390146], [0.8445875786302519, 0.28667182202348807], [0.7324347538255225, 0.4635393313885463], [0.3484949398063234, 0.8785512769293871], [0.783552821979299, 0.38604497516827696], [0.5529845832961747, 0.6942080506367561], [0.6437927387617666, 0.5855309095176238], [0.6665153059460664, 0.5557573469396214], [0.8257620303383647, 0.31811706925146166], [0.4723860815371276, 0.7768513899699983], [0.7550268979357398, 0.42993438339353385], [0.28077542406351286, 4.272088526476837], [0.5789186103511492, 0.6648532425890943], [0.5252410755608525, 0.7241218125436788], [0.32848124542798496, 0.8921000714020799], [0.8990569837658094, 0.19169653994192504], [0.7903982317590609, 0.3752706352321499], [0.9173209437577344, 0.15852228614341946], [0.6926438248979547, 0.5202445318307314], [0.280820556424361, 3.0895100146321526], [0.9113143778578434, 0.16950610470957184], [0.8190398119943829, 0.32917378636820593], [0.878912132278271, 0.227513463734063], [0.33671482836706657, 0.8866231243577369], [0.43265707017159183, 0.8128078596305343], [0.3865422589481091, 0.850585082047293], [0.2807753753209338, 4.781187171240927], [0.6795522521921498, 0.5382087365405769], [0.9860500240428773, 0.027705350085041047], [0.9930365629339488, 0.013878384676329514], [0.6727936466029407, 0.5473487090907173], [0.6213961919162572, 0.6138667726719741], [0.8512516457286556, 0.27537063564425535], [0.30925544399052884, 0.9043610703622209], [0.5094327856245182, 0.7404782369308437], [0.9662007788389304, 0.06645605497104434], [0.43870426559660425, 0.8075385673473441], [0.954463418147865, 0.08899958341749392], [0.9603376048533749, 0.07775168470448313], [0.6996498935510996, 0.5104900264539349], [0.8320865353834712, 0.30763199763353133], [0.8925949847104225, 0.20327419326980056], [0.28077532340593025, 5.618278804594906], [0.9792196643754811, 0.04112884890037005], [0.9727681072277576, 0.05372220956052587], [1.0, 0.0]]",22.13
ZDT6,MGPSO,4,100,0.003681,1.596283,8.439223,0.082905,1.331548,100.0000,100.0000,"[[1.0, 0.0], [0.4126098438368031, 0.8297531167689689], [0.34487311411877, 0.8810625351580219], [0.33696015138033353, 0.8864578563817427], [0.4206781453434064, 0.8230298980304318], [0.3129668614365827, 0.9020517436425348], [0.28077532052683873, 7.607709391083963], [0.8301109274018159, 0.31091584820809715], [0.7365929370158896, 0.4574308451383058], [0.8215886825994463, 0.32499203662450626], [0.8383893437064673, 0.297103308359439], [0.6736490555892534, 0.546196949903707], [0.35318282669876166, 0.8752618909250724], [0.7282119603414025, 0.46970734081573173], [0.6512539523860573, 0.575868289501539], [0.6590294949367295, 0.5656801248034393], [0.6282283945801181, 0.6053290842432875], [0.9230812307009855, 0.14792104152755403], [0.8131656818016768, 0.33876157394001405], [0.8463754090791662, 0.28364866690607404], [0.2807753188169956, 7.854816720460378], [0.9587071984137402, 0.08088050770967736], [0.9656248295672043, 0.06756868852330766], [0.36215299017607694, 0.8688452117065263], [0.2807753605927109, 6.885139063953977], [0.937390945742998, 0.12129821483904779], [0.5221796983112412, 0.7273283626715811], [0.9931234127302406, 0.013705887087040125], [0.5979587582335704, 0.6424453234517665], [0.28077550780141314, 0.9211651142188586], [0.9302671429127101, 0.1346030428170235], [0.8543527177962887, 0.270081433594095], [0.6963103055530735, 0.5151519583805855], [0.7773619312562203, 0.3957084278335994], [0.5575998139126788, 0.6890824475245461], [0.6813076731823229, 0.5358198544628892], [0.7621915487804858, 0.41906404296760436], [0.784171710905623, 0.385074727815348], [0.8784722037286048, 0.22828658727620865], [0.404497440961745, 0.8363818202553996], [0.7454243251045924, 0.4443425755423629], [0.47526631685175436, 0.7741219280661679], [0.32101102899600575, 0.8969519192629256], [0.6434516480071715, 0.5859699766768551], [0.4377805867121184, 0.8083481578979934], [0.2807753399105448, 6.939623659042727], [0.2890084075464462, 0.9164741403674672], [0.9445731953899973, 0.10778147855073006], [0.45998144454207546, 0.7884170706769855], [0.9793524387554118, 0.04086880070382737], [0.7038520847175598, 0.504592242838745], [0.30521810654973003, 0.9068419074341977], [0.452733791717016, 0.7950321138375336], [0.753848310740145, 0.4317127243942297], [0.9725000890526346, 0.05424357679261771], [0.7985998272462241, 0.36223831592230094], [0.605814821074697, 0.6329884025662329], [0.3709625533243637, 0.8623867840310686], [0.6357717245427669, 0.5957943142719162], [0.5897990188833093, 0.6521371173242858], [0.2972901571592951, 0.9116185624562017], [0.9012714822207807, 0.18770971533555703], [0.8057653113201639, 0.3507422630731193], [0.6661953337425686, 0.5561837772996276], [0.8937270085228535, 0.2012520342367914], [0.491749629255231, 0.7581823021273428], [0.2807753188154585, 8.573753070092053], [0.7696964071075477, 0.40756744088573216], [0.4292653593001, 0.815731251304956], [0.467577667006397, 0.7813711253168549], [0.7913312632186308, 0.37379483185280604], [0.32897268978560645, 0.8917769693752231], [0.2807755013533738, 6.548493958878735], [0.6207675157976849, 0.6146476913303711], [0.8703273142475991, 0.2425303660745608], [0.38790138266783125, 0.8495325173243847], [0.5649475842857768, 0.680834227009665], [0.37941482837262375, 0.8560443880109725], [0.5499221193517053, 0.6975856626477288], [0.9159224313274439, 0.1610860997912238], [0.5391637062666772, 0.7093024978447802], [0.4829971690280216, 0.7667137347109168], [0.5153026307887323, 0.7344631987022114], [0.3962816425891632, 0.8429608597468348], [0.5814009145457097, 0.6619729765654123], [0.8862047869158566, 0.2146410756474212], [0.9516299168155742, 0.0944005014215834], [0.9086677722215268, 0.17432287972596738], [0.500245461489539, 0.7497544782591181], [0.688806865221566, 0.5255451024236395], [0.5730234178325462, 0.6716441626155072], [0.5304403221991272, 0.7186330645852861], [0.8622361593702863, 0.2565488054743782], [0.7119749384540375, 0.4930916870133696], [0.4454873548653595, 0.8015410166550653], [0.9862476572532579, 0.027315558562460263], [0.6131071355488358, 0.6240996403391015], [0.507934445520065, 0.7420025990542242], [0.7200401410544923, 0.4815421952702268], [1.0, 0.0]]",22.09
ZDT6,MGPSO,5,100,0.003424,0.875782,6.525199,0.064605,1.316934,100.0000,100.0000,"[[1.0, 0.0], [0.36021431303318463, 0.8702456486860308], [0.6447162627137469, 0.5843409405924189], [0.3363346511945131, 0.8868790024058653], [0.759040734435237, 0.42385716346801605], [0.6819640535459985, 0.5349250296711104], [0.3285083677842957, 0.8920822522956979], [0.689292203623048, 0.5248762580244826], [0.5141650371623638, 0.735634314559825], [0.5228242122143099, 0.7266548431224863], [0.4815385339123227, 0.7681206403575709], [0.5719320223516695, 0.6728937618087294], [0.41606452434874786, 0.8268903115784502], [0.3442138359614182, 0.8815168351327258], [0.751795669431288, 0.4348032714243616], [0.28077531882002926, 5.495156990776965], [0.5561166666234996, 0.6907342531035674], [0.7289538258598072, 0.4686263197643499], [0.9749082323896957, 0.04955393841879907], [0.439534542157494, 0.8068093862504021], [0.6021689734778378, 0.6373925273806471], [0.9811854368010511, 0.03727513860953058], [0.7443056558331469, 0.4460090906947891], [0.5397343368319358, 0.7086868456445905], [0.4008965720033122, 0.8392819385559931], [0.3846121095881737, 0.8520735251581346], [0.9685833950865752, 0.06184620676256336], [0.505856043397614, 0.7441096633581112], [0.2807753188266544, 0.9211652203377906], [0.448098593279763, 0.7992076507006975], [0.809040668729482, 0.34545319634175253], [0.6155970654298482, 0.6210402530341592], [0.962263127645186, 0.0740496731745045], [0.6970349307706901, 0.5141423052854992], [0.32056346343508535, 0.8972390659105027], [0.5869813482884377, 0.6554528967614878], [0.4648584169244583, 0.7839066522144865], [0.7953382837481888, 0.3674370144044855], [0.8629987577257456, 0.2552331441638198], [0.7663884241958883, 0.41264878325854326], [0.6746223514310576, 0.5448846829496305], [0.987481287413358, 0.024880707008456904], [0.7735983826617342, 0.4015455423431491], [0.712698857785088, 0.4920603381118309], [0.49778314571677296, 0.752211939840314], [0.7208772550111187, 0.4803359832076346], [0.280775318815371, 6.25975710165476], [0.5945745751904634, 0.6464810745370799], [0.36828695698949243, 0.8643647173114197], [0.7880862550932597, 0.37892005453308164], [0.6526671243482631, 0.5740256247949689], [0.4085725359638577, 0.8330684828560622], [0.816251439869216, 0.3337335869114316], [0.5311302951512105, 0.717900609572588], [0.6369282579997885, 0.5943223941613549], [0.4565042916117761, 0.7916038317400305], [0.28077531881554063, 6.143574453524918], [0.9224541050652239, 0.14907842404831695], [0.8475288176051115, 0.2816949033288817], [0.30422610187401755, 0.9074464789385399], [0.47286798109769146, 0.7763958724525933], [0.8396003062860175, 0.29507132568442573], [0.5640760638797611, 0.6818181941579158], [0.885538151877228, 0.21582218156986355], [0.6220459984202643, 0.6130587758493365], [0.6087078187252967, 0.6294747914226914], [0.35222808906256287, 0.8759353732753353], [0.29639748384656806, 0.9121485315694234], [0.376310305510424, 0.8583905539666514], [0.39306912279878514, 0.8454966647021935], [0.3124912396995654, 0.9023492251110288], [0.8705019774134652, 0.24222630731924688], [0.43132893638513714, 0.8139553486368662], [0.9005579846203311, 0.18899531633656752], [0.8319205450139511, 0.3079082067836906], [0.6669654163803869, 0.5551571333525371], [0.7808575389843079, 0.39026150381137015], [0.9494613328429412, 0.09852317743610561], [0.5479048247886483, 0.6998003029733206], [0.8239966182685671, 0.32102957308196534], [0.9292861228821592, 0.1364273018186446], [0.9559233605932129, 0.08621052867217827], [0.7367669002537722, 0.457174534690448], [0.9937413068523192, 0.012478215055444775], [0.8779882915100883, 0.2291365599711962], [0.8552899978348174, 0.268479019603718], [0.9428623122340374, 0.11101066016868455], [0.28867085264314374, 0.9166691388342804], [0.8931383053604267, 0.20230396749790513], [0.5793564956229084, 0.6643460509795429], [0.9361446109573999, 0.12363326737541847], [0.6293624516297526, 0.6039029044785873], [0.9151712216175706, 0.1624616351230035], [0.42391204621549217, 0.8202985770733944], [0.7048867570704094, 0.5031346597067616], [0.659618250379, 0.5649037637669468], [0.9077906064326867, 0.17591621487257492], [0.8021589624646077, 0.3565409989377041], [0.4898700997527311, 0.7600272853682493], [1.0, 0.0]]",23.50
ZDT6,MGPSO,6,100,0.003797,1.260688,8.347897,0.068893,1.213653,100.0000,100.0000,"[[1.0, 0.0], [0.6023790090653387, 0.6371395294374607], [0.28077542406281797, 0.9211651612423447], [0.4216328683654387, 0.8222257243139327], [0.28077539785390015, 3.794568065700103], [0.6693191806507693, 0.5520118344129827], [0.5207515082460217, 0.7288178666594936], [0.4131145724205425, 0.8293363500537924], [0.8480108198451588, 0.2808776494255416], [0.28077532405750194, 5.076855514581944], [0.7727948187790203, 0.4027881680683011], [0.369792318936353, 0.8632536408556746], [0.4312539366443159, 0.8140200421287804], [0.3519924792460054, 0.8761012945542505], [0.6438952176498177, 0.5853989486876938], [0.4395140895121884, 0.806827365120272], [0.8404816306817462, 0.2935906284865528], [0.7874656607095103, 0.37989783320333437], [0.5812100412495231, 0.6621948879507276], [0.8328236246097067, 0.3064048102919503], [0.9645054265623182, 0.0697292821318406], [0.28967687894565775, 0.9160873058043028], [0.7322418531106987, 0.46382186855301], [0.39685728102680196, 0.8425042984960139], [0.3074939375772351, 0.9054474783532475], [0.28077531889602947, 5.315780139938435], [0.34321343651018577, 0.8822045369988687], [0.5110964106363243, 0.7387804590346658], [0.9278145611749865, 0.13916014007166722], [0.7497647520484929, 0.437852816585662], [0.7651483342743445, 0.414548026557196], [0.37920450640790104, 0.8562039423199401], [0.6353375991590026, 0.5963461350948747], [0.7948623470233863, 0.36819384928447374], [0.684123381557977, 0.5319751988056786], [0.7071162277325291, 0.499986640477318], [0.8021863612756347, 0.35649704178335684], [0.2807753407685306, 4.677419723165579], [0.5591965612713612, 0.6872992058622848], [0.8174919032542423, 0.33170698811375665], [0.6992841134142702, 0.5110017287264181], [0.5298011068834798, 0.7193107871450396], [0.6522972592691141, 0.5745082855500021], [0.8098196262253234, 0.3441921729802775], [0.31656565323855057, 0.8997861871896498], [0.5953171294480635, 0.6455975153857176], [0.676731479644843, 0.5420345044577014], [0.6608992227320907, 0.5632122173921184], [0.4651800933802013, 0.7836074807227872], [0.5027867905217126, 0.7472054432768755], [0.29853671235635193, 0.9108758313754608], [0.3611274429982758, 0.869586969913527], [0.28077532781847603, 4.822581054294926], [0.4049884451684056, 0.8359843592800773], [0.6265888733335976, 0.6073863838145328], [0.33441817863864975, 0.8881644817960082], [0.8251733156571516, 0.31908899912738287], [0.9716756240263019, 0.055846481673096804], [0.8692445360798601, 0.24441393649530885], [0.47502471952427405, 0.7743515158408848], [0.6093665315902941, 0.6286724301776152], [0.2807753195261289, 5.15600346106933], [0.9351417813738404, 0.12550984872896043], [0.3880938017185419, 0.8493832010676491], [0.4562980000019855, 0.791792135194188], [0.6179646788464797, 0.6181196556981672], [0.8552543432998201, 0.2685400082667935], [0.7573236347203293, 0.4264609122939893], [0.2807753247401844, 4.921505143679542], [0.5663123459526178, 0.6792903268216426], [0.7156215575400606, 0.48788578638393765], [0.5738117077482143, 0.6707401240510779], [0.978804733455705, 0.041941293764706344], [0.7237264544504773, 0.47622001912854117], [0.9422877730818606, 0.11209375270042798], [0.280775319329714, 5.205432210216106], [0.3255285098165277, 0.8940311892966308], [0.4479283641856685, 0.7993601805579511], [0.9859190039337257, 0.02796371768233019], [0.2807753188609483, 5.401250157351408], [0.886009626565999, 0.21498694163237897], [0.5883013412636678, 0.6539015318673694], [0.28077538555266635, 4.441773613776333], [0.9211172055241189, 0.15154309368743812], [0.7801715965017414, 0.391332280011924], [0.9040183286081547, 0.18275086154051845], [0.4836512953527947, 0.7660814245035638], [0.6920181831655163, 0.521110834168298], [0.49279621198207935, 0.7571518934561136], [0.5389437955137494, 0.7095395852772339], [0.9126835744084214, 0.1670086930050675], [0.8950206694191087, 0.19893800131257044], [0.8770359975339134, 0.23080785902969347], [0.8622295998074276, 0.2565601172159232], [0.9498270534929156, 0.09782856845296595], [0.7410174200449837, 0.45089318318987615], [0.9572532721300441, 0.08366617299632373], [0.9929643084421477, 0.014021882160007437], [0.5505208001376115, 0.696926848615844], [1.0, 0.0]]",22.35
ZDT6,MGPSO,7,100,0.003471,0.892678,8.303210,0.261219,1.363976,100.0000,100.0000,"[[1.0, 0.0], [0.31978812288006675, 0.8977355564648434], [0.3046012404631334, 0.9072180843083204], [0.7542092187445336, 0.43116845436076023], [0.8925537478832548, 0.20334780713955525], [0.49146527489244185, 0.7584618835748966], [0.2807753195919187, 0.9211652199080559], [0.4577433075958206, 0.7904710643512379], [0.44087697174921614, 0.8056274957812408], [0.6258060775359949, 0.6083667533190122], [0.28884273112817527, 0.9165698766744167], [0.48371276667650176, 0.7660219593541642], [0.5816716360410322, 0.661658107825349], [0.5367774690851205, 0.7118699486825726], [0.8227110440664779, 0.32314653797104587], [0.7322269421200577, 0.4638437052335097], [0.9476064785477072, 0.10204196181441372], [0.8097629064591991, 0.3442840353227503], [0.573635342167608, 0.6709424942162512], [0.682049566694811, 0.5348083885714205], [0.4664223273252155, 0.7824502125725296], [0.8851570661730407, 0.21649696820393527], [0.4236544636480619, 0.820516895431073], [0.4751207754247825, 0.7742602487597534], [0.6746133440019699, 0.5448968360944798], [0.49926221294341244, 0.7507372427268467], [0.43222311495595145, 0.8131831788977744], [0.6188275518810683, 0.6170524610328837], [0.9734601990406735, 0.05237524088369239], [0.4493851567272936, 0.7980529809131858], [0.32755011973058434, 0.8927109190644799], [0.6968389501843795, 0.514415477505932], [0.7394615248956082, 0.45319665319906177], [0.7832195565576694, 0.38656712622560774], [0.7762353471616308, 0.3974586858168625], [0.6044574012106307, 0.6346312501216906], [0.8033090330755261, 0.35469459737926323], [0.8778540727312573, 0.2293722269891445], [0.842549854873448, 0.29010974205273166], [0.8561657757239374, 0.2669801644790286], [0.6895459385415884, 0.5245263986408], [0.7253936984694414, 0.4738039822208252], [0.7042018679341582, 0.5040997291980425], [0.6393622457661722, 0.5912159186888368], [0.9933493530914116, 0.01325706271287408], [0.5269362085095965, 0.722338232161531], [0.6117011340176823, 0.6258217226414815], [0.596940332662381, 0.6436622392409259], [0.3351328782152002, 0.8876859539391958], [0.6529911073649316, 0.5736026137023204], [0.8492392050569737, 0.2787927725941993], [0.37122547978323706, 0.8621916431597054], [0.6460610384486402, 0.5826051345986647], [0.5175985914619792, 0.7320916981165753], [0.6673876642616791, 0.5545937055913404], [0.2966686094951301, 0.911987736140226], [0.8998515913931253, 0.19026711346725989], [0.8292854576931173, 0.31228562965871687], [0.8162195448420041, 0.33378565461791165], [0.7618516613443491, 0.41958204610685523], [0.6601618073456297, 0.5641863881221517], [0.746858760837424, 0.4422019913603875], [0.2807753194362699, 6.227096315850587], [0.3121462379473159, 0.9025647261353377], [0.9344183347260684, 0.12686237572776127], [0.9669677209830626, 0.06497342657682204], [0.5634012350150982, 0.6825790483834621], [0.5082393188070575, 0.7416927948185381], [0.5450951724995019, 0.7028712529177383], [0.4143656798987181, 0.8283010833220731], [0.3523070297900094, 0.8758797567605414], [0.71128876035617, 0.49406829939098307], [0.34348951330205935, 0.8820149542515144], [0.7689942665623548, 0.408647817994226], [0.863352015513863, 0.2546232973081505], [0.914096644335494, 0.16442732481458944], [0.37949380114688114, 0.8559844548910914], [0.9278426082524891, 0.13910809431121807], [0.9209228678766938, 0.15190107142176568], [0.5536474746908866, 0.6934744737684041], [0.9605243102676672, 0.07739304938482228], [0.40517034567689836, 0.8358369909840627], [0.9409964761599016, 0.11452563185464781], [0.954081125404198, 0.08972920614745905], [0.3624271259018754, 0.8686465784105062], [0.5892317375542202, 0.6528059594588346], [0.9069715988236107, 0.17740251892734338], [0.7184335862409161, 0.48385318216101614], [0.7968221098926084, 0.3650745251862919], [0.3963842868090812, 0.842879497170856], [0.3876548196023599, 0.8497237408390618], [0.9801159086793446, 0.039372805553662626], [0.6326315426824938, 0.599777331203168], [0.986697529400262, 0.026427985475419136], [0.8705364534035669, 0.24216628329553946], [0.280775318815496, 8.099677499268463], [0.7900181784373759, 0.3758712777384905], [0.5646578527500287, 0.681161509327727], [1.0, 0.0], [0.8359528996173856, 0.3011827496212852]]",23.61
ZDT6,MGPSO,8,100,0.003330,1.326005,8.110612,0.054231,1.351313,100.0000,100.0000,"[[1.0, 0.0], [0.5702903812317359, 0.6747688810745613], [0.36742320669711037, 0.8650001871804125], [0.6582054592644717, 0.5667655733944459], [0.39129873080917277, 0.8468853032671305], [0.4136024418629848, 0.8289330200849763], [0.8939799103531385, 0.20079991988499446], [0.28077577488628047, 0.9211649642370088], [0.6193411451058934, 0.6164165459789206], [0.7686699901760012, 0.40914644620282614], [0.5067131182820368, 0.7432418157608947], [0.802777063937381, 0.35554898561607806], [0.5617210346793032, 0.6844694791988131], [0.8097291703825117, 0.34433867063164936], [0.529471160629698, 0.7196602900614405], [0.4012418566749647, 0.8390049724520271], [0.8622457162155307, 0.2565323248679665], [0.4579912090216246, 0.7902440524589105], [0.38046932204527784, 0.8552430949824067], [0.874855605015738, 0.23462767037254706], [0.5161634451336033, 0.7335752979078096], [0.5917566703875734, 0.6498240430518127], [0.5994036518619696, 0.6407152621345347], [0.6722235075309069, 0.5481155559228448], [0.8557938150163673, 0.26761694617973164], [0.9377154517539166, 0.12068973154194818], [0.2807753406700715, 5.433101773996754], [0.9563710879848895, 0.08535434206659887], [0.6790771088183531, 0.5388542802789066], [0.8875332889976276, 0.21228466092105358], [0.35818236925126556, 0.87170539035755], [0.6286149764790551, 0.604843211346237], [0.4246831478802854, 0.8196442239064916], [0.3136420611203692, 0.9016286574961666], [0.5542276112958711, 0.6928317548772729], [0.7550149314735821, 0.4299524532519421], [0.8494470546882921, 0.27843970128138573], [0.6653795890479934, 0.5572700024783234], [0.4656334202536003, 0.783185517942934], [0.7617770094893808, 0.4196957878134159], [0.7768367642287315, 0.39652464174263424], [0.49631190143777093, 0.7536744964912243], [0.9123563472186079, 0.1676058956899189], [0.3494523224779368, 0.8778830743147761], [0.5235848116412275, 0.7258589450186204], [0.6364000176082967, 0.5949950175881598], [0.7048112946927385, 0.5032410388735458], [0.836447840645378, 0.30035500987968433], [0.6441676760972684, 0.5850480050714446], [0.5800305259857907, 0.6635645889246469], [0.723434893893878, 0.4766419542967534], [0.8298058318710314, 0.3114222813928256], [0.4502371616676629, 0.7972864982534468], [0.8684504334399247, 0.2457938446580069], [0.5379775936364473, 0.7105801087451376], [0.9000607781634475, 0.18989059561180932], [0.9439608359912756, 0.10893794011465219], [0.6079507549625094, 0.6303958795405149], [0.9501675364635856, 0.09718165265072065], [0.9688191224701899, 0.061389507936091214], [0.28077573325434413, 5.4255821953074435], [0.881206383318387, 0.22347530999892806], [0.3334928168329838, 0.8887825411208019], [0.96258440131641, 0.07343127034232855], [0.6964113678056183, 0.5150112067911079], [0.4414160260593242, 0.8051518919379941], [0.2960892624473831, 0.9123311486633647], [0.28077531881659257, 8.337241674051613], [0.8165340401584911, 0.33327216126245174], [0.6510152965666531, 0.5761790836362326], [0.8429868312340749, 0.28937320236593334], [0.7141794818787042, 0.48994766766346565], [0.47601284981628755, 0.7734117668097764], [0.7853511186325557, 0.3832236204625934], [0.687788735185771, 0.5269466557515574], [0.8232108231410716, 0.3223239406633993], [0.30466360939518145, 0.9071800851103003], [0.43261575649613837, 0.8128436072312739], [0.7928445158466231, 0.3713975736919338], [0.28801007608458984, 0.9170501960737487], [0.48584790345039, 0.7639518147128606], [0.5468819379445402, 0.700920145950024], [0.2807753211022378, 5.989742029261623], [0.9250016691388406, 0.14437191209035882], [0.28077532055821086, 8.302709820913282], [0.9313270838951581, 0.13262986280334121], [0.9061881873087085, 0.178822969182157], [0.3238108767328175, 0.8951465161095241], [0.9186900662054661, 0.15600856225539628], [0.9813526723956657, 0.03694693238188518], [0.38182584136999853, 0.8542090268620928], [0.3412548428956358, 0.883545132200275], [0.7407249553905668, 0.4513265404616428], [0.975097622557662, 0.04918462648239541], [0.987650320763497, 0.02454684389576145], [0.6134338309214739, 0.6236989350810046], [0.9937984344170974, 0.012364671750126233], [0.7477905133788064, 0.4408093481006611], [0.7317029240093443, 0.4646108309961756], [1.0, 0.0]]",23.08
ZDT6,MGPSO,9,100,0.003575,0.999162,8.105757,0.290502,1.345594,100.0000,100.0000,"[[1.0, 0.0], [0.6477229330154185, 0.5804550020459036], [0.5260216742223082, 0.7233011982483599], [0.6627111963613435, 0.5608138702173169], [0.393521559698343, 0.8451407820525835], [0.38525150357085225, 0.8515812789963977], [0.7686119851398596, 0.4092356162993642], [0.369785883156728, 0.8632584006179987], [0.6401453574977392, 0.5902139212740918], [0.29845680652941464, 0.9109235346362635], [0.6326158846920503, 0.5997971424352945], [0.28077531881538054, 7.758345663880186], [0.5092001772553859, 0.7407151794830835], [0.4168718814387846, 0.8262178344656879], [0.8402200117228752, 0.2940303319004115], [0.49308191619289754, 0.7568702239235403], [0.6170582794086485, 0.6192390798132382], [0.7019012020563993, 0.5073347025517818], [0.7517813937414506, 0.43482473602416205], [0.6248501322244797, 0.6095623122590502], [0.6552905584804751, 0.5705942839663469], [0.7602159259774993, 0.42207174589017327], [0.4770730709528451, 0.7724012849716216], [0.5345454512669612, 0.7142611605298008], [0.55127564001176, 0.6960951687296244], [0.45110012938851574, 0.7965086732656643], [0.8558337917673171, 0.26754852086917646], [0.4334895946401852, 0.8120867713386879], [0.44216720214693905, 0.8044881653455479], [0.9006265066446216, 0.18887189552910533], [0.601351061924268, 0.6383769003225552], [0.5589132757333753, 0.6876159502089879], [0.2807753405140905, 3.581164428337304], [0.5010053746581393, 0.7489936145636574], [0.4851220144159576, 0.7646566311290034], [0.33111757727211355, 0.8903611500214459], [0.8785007374856056, 0.22823645423724703], [0.3389795142445351, 0.885092888922539], [0.9150084225833485, 0.16275958660153245], [0.5431009338490513, 0.7050413756522884], [0.792141305305524, 0.3725121524288607], [0.9223428637274821, 0.1492836417309874], [0.28077533412094546, 5.709272267680942], [0.9078404423344228, 0.1758257312620395], [0.4092601689977703, 0.8325061140719165], [0.28077536863319674, 0.9211651923688925], [0.5749432078238853, 0.6694403077771807], [0.609155045213252, 0.628930130891241], [0.4604083200542275, 0.788024178824844], [0.28077531881583284, 5.725275233012966], [0.5666213211678894, 0.6789402783979555], [0.8117153283215631, 0.34111822576781703], [0.7435507314984088, 0.4471323096881812], [0.6857025877193966, 0.5298119611949232], [0.7765901638953066, 0.3969077173410609], [0.6938279962562748, 0.5186027116110028], [0.6702968585443274, 0.5507021214256059], [0.5951677350582896, 0.6457753671455857], [0.7298897179365371, 0.46726099965052226], [0.361911863728856, 0.869019802892306], [0.323215616819187, 0.8955316650441925], [0.9445951097714071, 0.10774007859594326], [0.7235618498593501, 0.4764582494281153], [0.35380848332726256, 0.8748195571256622], [0.5890503818872045, 0.6530196475985386], [0.8709691350848077, 0.241412765729622], [0.951902427773019, 0.09388176799983228], [0.9933568635318301, 0.013242141674205121], [0.5823341661946319, 0.6608869188824029], [0.30685331400689064, 0.9058410436829886], [0.9662768000013474, 0.06630914577915603], [0.3465185150669984, 0.8799249187157624], [0.28963944829744126, 0.9161089899899538], [0.7097158283247023, 0.49630344302538176], [0.4015261617052457, 0.8387767414662529], [0.8053920578149797, 0.35134363320855244], [0.425091029735861, 0.8192976164381054], [0.8480810756980566, 0.2807584890428272], [0.8254293667672217, 0.31866636047826347], [0.9798535712856052, 0.03988697883884529], [0.9297723971424515, 0.13552328951197945], [0.37741726004547504, 0.8575562118197663], [0.863455241338347, 0.25444504620533703], [0.3153367383293194, 0.9005627414598263], [0.9589944467032289, 0.0803296511923679], [0.4687475390073549, 0.7802757446745483], [0.832861603869384, 0.3063415488001172], [0.8933694246127207, 0.20189107116713634], [0.5174634152977384, 0.7322316138284003], [0.9730103716193722, 0.05325081672113119], [0.6782075643949277, 0.5400344995974999], [0.8186037894863549, 0.3298878358385795], [0.9866968587726687, 0.026429308888148317], [0.7164963960269577, 0.48663291448038104], [0.7843458186858979, 0.3848016367099485], [0.9371560014080563, 0.1217386290248631], [0.885921679454779, 0.21514277787202385], [0.798424413761198, 0.3625184555100873], [0.7372317580865229, 0.4564893348686546], [1.0, 0.0]]",23.06
ZDT6,MGPSO,10,100,0.003379,1.120470,5.681310,0.151339,1.321980,100.0000,100.0000,"[[1.0, 0.0], [0.6018979982075907, 0.637718799753695], [0.5500944708244238, 0.6973960731683972], [0.7269745605800296, 0.4715079882694728], [0.609515784371953, 0.628490508601443], [0.6805113528244875, 0.5369042986769859], [0.6885865680718726, 0.5258485382710004], [0.7340794218029816, 0.4611274024854003], [0.7119520754824733, 0.49312424221619866], [0.647930121706713, 0.580186557385124], [0.6245660030761133, 0.6099173078015284], [0.7637005235918004, 0.4167615102656099], [0.7195781646447996, 0.48220726496642163], [0.5767502407851001, 0.6673591597543291], [0.4395709987596572, 0.8067773370494374], [0.4221998815945618, 0.821747259981538], [0.3711120564599085, 0.8622758415500977], [0.8365991251586755, 0.3001019037837388], [0.317359723336071, 0.8992828060040525], [0.33531805349261357, 0.8875618030019248], [0.8443734147860952, 0.28703353640246887], [0.5852879935845622, 0.6574379645657575], [0.3443044184211972, 0.8814544674556412], [0.748679212985915, 0.43947943604279094], [0.2807759316698417, 0.9211648761949324], [0.8744421051248787, 0.23535100478477056], [0.7561320305963805, 0.4282643523061944], [0.3624937945384412, 0.8685982489211224], [0.5589114686155487, 0.6876179702500105], [0.6723240466882356, 0.5479803762447552], [0.664252114167753, 0.5587691288236705], [0.7996297143089754, 0.3605923199941463], [0.28077532119708126, 5.812368123963386], [0.770881381308111, 0.40574189595249877], [0.8521549632364432, 0.27383191863149603], [0.5678994193723648, 0.6774902494765309], [0.6966955083189394, 0.5146153686882146], [0.867122813213818, 0.24809802680415405], [0.32621325884072927, 0.8935849097565114], [0.28077534206802945, 4.211596108287962], [0.8597532976452416, 0.2608242671881327], [0.6400012604614658, 0.590398386607735], [0.39697805280273823, 0.8424084255929464], [0.2807753188163462, 7.527837028446629], [0.593535516876258, 0.6477155902064332], [0.7042440931850205, 0.5040402572140082], [0.520684495176095, 0.7288876564832151], [0.6167002591482607, 0.6196807903664682], [0.8287130862278813, 0.31323462071466013], [0.9151419803796381, 0.16251515574683406], [0.82122064739927, 0.3255966482851238], [0.9939308081381103, 0.012101548633922987], [0.6561860465274001, 0.5694198723427407], [0.5139667197791689, 0.7358382109594412], [0.4795414476174813, 0.7700400000169304], [0.28077531882393403, 7.159861856112408], [0.2987561128364974, 0.9107447850428261], [0.43064870874158734, 0.8145416896592035], [0.8879307210882825, 0.2115790345476426], [0.2898708620539776, 0.9159748833320839], [0.8810019233147552, 0.22383561111570216], [0.5341297552063611, 0.7147054046031929], [0.3080836239044171, 0.9050844806819216], [0.456733090897236, 0.7913948836794571], [0.542245569706099, 0.705969742134108], [0.9496514138075153, 0.0981621922533874], [0.4647297174946017, 0.7840262896773877], [0.9358982640039294, 0.12409443943443133], [0.6323744339527435, 0.6001025752829472], [0.9560599944544603, 0.08594928700373727], [0.8139025368862018, 0.3375626604502049], [0.741377978065683, 0.45035869363923975], [0.7855957141675677, 0.3828393738815493], [0.44802024547283414, 0.7992778596464615], [0.9016747004379972, 0.18698273459004788], [0.4050131001706765, 0.8359643886901376], [0.28077573486089824, 3.7882517057968768], [0.4134319312658288, 0.829074038209807], [0.8947844063129824, 0.19936086621912363], [0.9689935385294107, 0.06105152228825139], [0.5067065395550268, 0.7432484827721701], [0.975370583766978, 0.04865222432206451], [0.9625326337435524, 0.0735309289787005], [0.9084893359304829, 0.17464712650059022], [0.38014851871501465, 0.8554871037187801], [0.9815829573512658, 0.03649489783754312], [0.942878552143596, 0.1109800359075962], [0.49964527290895255, 0.7503546012597383], [0.9878031441365654, 0.02424494843391567], [0.8065166374649119, 0.34953091349229193], [0.9290287122599742, 0.1369056517965741], [0.7784484875059012, 0.39401795229977477], [0.922362518161629, 0.1492473850905387], [0.47226950066131457, 0.7769615187451127], [0.5274036477288524, 0.7218453923623005], [0.3533465276850447, 0.8751462313729219], [0.38836820523962434, 0.8491701371589531], [0.49017917887656004, 0.7597243725959013], [0.7928350357970146, 0.3714126060127465], [1.0, 0.0]]",22.57
ZDT6,MGPSO,11,100,0.003307,1.171242,7.913027,0.121369,1.334980,100.0000,100.0000,"[[1.0, 0.0], [0.7055716207041425, 0.5021686880569297], [0.5516766908225588, 0.6956528288030709], [0.28077532019561724, 5.378708354788849], [0.5117738336953908, 0.7380875431447225], [0.9446226118289982, 0.10768812122136173], [0.9510362555936619, 0.09553004054638703], [0.6091286146726509, 0.6289623307869772], [0.8766691201935694, 0.23145125369903308], [0.5667910004574801, 0.6787479618004089], [0.5288220560267018, 0.7203472330596918], [0.3605613400668579, 0.8699955200491917], [0.2963569768124502, 0.9121725422945849], [0.6255692389976772, 0.608663127219867], [0.9638307835213632, 0.07103022073659515], [0.3851627513325262, 0.8516496549859586], [0.9318407963676548, 0.1316727302248949], [0.9881432202923589, 0.023572976190246675], [0.2807753189905463, 7.526596842521946], [0.8079658085936136, 0.3471912521436682], [0.47306468824496206, 0.7762098007356968], [0.8459805765317552, 0.2843168641309991], [0.8613956258919289, 0.2579975756942521], [0.6412208936572262, 0.5888357655374281], [0.884262921984607, 0.2180790848032449], [0.5048495577823017, 0.7451269240070144], [0.6973789796430041, 0.5136625587520824], [0.6890867707779789, 0.5251594223387772], [0.8309052648201731, 0.309596440894118], [0.3685009670617816, 0.8642070372745317], [0.28077531881622064, 7.647298599569219], [0.4823822218860202, 0.7673073920083063], [0.9574504384157192, 0.08328865797754714], [0.3122035914673055, 0.9025289174749158], [0.7846475219538666, 0.3843282662916565], [0.6728842383031278, 0.5472268018432195], [0.5202549916046315, 0.7293347437104648], [0.9252473339744601, 0.14391737097315382], [0.41821075997918855, 0.8250997602376295], [0.8536851476547622, 0.2712216686736668], [0.60020072905865, 0.639759084837465], [0.6175871270966745, 0.618586140444476], [0.5365188058219621, 0.7121475709993758], [0.8690194691123758, 0.24480516230364446], [0.42653729740823976, 0.8180659339196749], [0.7227542535702008, 0.47762628894618187], [0.769478517381295, 0.407902811288684], [0.8913721844609546, 0.205455628769306], [0.7771561502672626, 0.396028318101768], [0.4016390827759342, 0.8386860471869063], [0.8000116070501313, 0.3599814285850663], [0.5441976720176933, 0.7038488937705232], [0.6569092281110711, 0.5684702660225167], [0.30431623951802433, 0.9073916263656084], [0.4098754139957106, 0.8320021450018449], [0.7308700912753967, 0.4658289096790933], [0.7391574492003721, 0.45364626529159935], [0.559289491154048, 0.687195265084646], [0.3526421283150327, 0.875643529337444], [0.2807753456103318, 0.9211652052973988], [0.7141880796193606, 0.4899353869296098], [0.9382339472777714, 0.11971706017557204], [0.3287588795755124, 0.8919175991002537], [0.792257873872047, 0.37232746128774363], [0.4898942742805804, 0.7600036000271034], [0.7546004061021437, 0.43057822711047977], [0.9119485886830108, 0.16834977159906483], [0.6334793485459651, 0.5987039149657797], [0.3936197456386109, 0.8450634958433952], [0.5850618799115888, 0.6577025966743177], [0.6649532318942306, 0.5578371993934176], [0.4348133487088536, 0.8109373517845929], [0.28855457736102597, 0.9167362558839997], [0.9700026567605776, 0.05909484587742109], [0.2807753195485685, 6.253470581732979], [0.9051080777855129, 0.18077936752741386], [0.34394538811602293, 0.8817015699937183], [0.7620513251796773, 0.4192777777918977], [0.747014651264557, 0.44196911079609225], [0.32027501914934164, 0.8974239121088888], [0.49754384613255365, 0.7524501211756258], [0.5926556307370072, 0.6487593033557202], [0.994080731836947, 0.011803498590519879], [0.3364885656680132, 0.8867754451746832], [0.898248023606829, 0.19315048808642565], [0.9760698237327671, 0.047287699198285016], [0.5756064366207452, 0.6686772301207681], [0.918605701188643, 0.15616356574372148], [0.6492275640929276, 0.5785035700219636], [0.9821904168968603, 0.03530198495597181], [0.44954760535635585, 0.7979069505183661], [0.8383647722403198, 0.2971445086664367], [0.44195193067863625, 0.8046784909694259], [0.6808533610297242, 0.5364387007745282], [0.3768546255449965, 0.8579805912053404], [0.8156656040707678, 0.3346896223358694], [0.45679191055313517, 0.7913411504532166], [0.823211387945513, 0.3223230107568221], [0.4656827942193832, 0.7831395351680276], [1.0, 0.0]]",23.13
ZDT6,MGPSO,12,100,0.003221,1.295599,7.974117,0.167119,1.318973,100.0000,100.0000,"[[1.0, 0.0], [0.5431141056372906, 0.7050270682578059], [0.6828843275583637, 0.5336689951751614], [0.4735580286793307, 0.7757427934733462], [0.7785729168118642, 0.39382421320706595], [0.4889014166158261, 0.7609754048310384], [0.4262017782941234, 0.8183520441789269], [0.7061097472561886, 0.5014090248298015], [0.3222654881396786, 0.8961449551540946], [0.4523184931769695, 0.7954079807301158], [0.5635036430047122, 0.6824636443204178], [0.31481707709146667, 0.9008902079715855], [0.5806757448203499, 0.6628156793773319], [0.801355885330461, 0.3578287450462331], [0.722412498047307, 0.47812018266504963], [0.5207690969525298, 0.7287995476592466], [0.3879042530256882, 0.8495302904845828], [0.3316611694181133, 0.8900008687002096], [0.6434751002485535, 0.585939795360114], [0.7719527409210277, 0.4040889657845127], [0.8816876536840336, 0.22262688134114372], [0.3782885831865622, 0.8568977478307034], [0.553960875867069, 0.6931273480085898], [0.7410548219768305, 0.4508377508248881], [0.6078062104531681, 0.6305716105345591], [0.8969927915638004, 0.19540393188258054], [0.4802890336156491, 0.7693224441885459], [0.7940429415664556, 0.3694958069484904], [0.40261167364725603, 0.8379038402429554], [0.43549190157384443, 0.810346803663597], [0.2807761743109114, 2.662019086335547], [0.7319666398901079, 0.4642248380879851], [0.2807753188233515, 7.181030453075504], [0.5888801555216236, 0.6532201624328283], [0.6904568787149084, 0.5232692986352663], [0.35079918757057005, 0.8769399299998281], [0.36950473033799347, 0.8634662542578467], [0.7139789615434751, 0.49023404247330093], [0.2807753188155161, 7.364434824825737], [0.49679616934867865, 0.7531935661204789], [0.6756850936407234, 0.5434496542317269], [0.6354031672803437, 0.5962628150101075], [0.7570602988441528, 0.42685970391400196], [0.74814314456591, 0.44028183523903186], [0.6271149730419021, 0.6067268105866543], [0.6172296424322201, 0.6190275685029937], [0.8893456811580707, 0.20906425940548734], [0.9117167352448439, 0.16877259467448325], [0.6982923241598806, 0.5123878300193923], [0.3957334985991038, 0.8433949980865132], [0.2807753191802189, 6.764340014709532], [0.41085068351159404, 0.831201715858056], [0.2807753188232164, 7.364110474632752], [0.5969722373541491, 0.6436241478283815], [0.5045123935674478, 0.7454672447368447], [0.7861637497942584, 0.3819465585094307], [0.6515896132827379, 0.575430975862052], [0.360330340957149, 0.8701620453857047], [0.46231465163985286, 0.7862651628791215], [0.8328845068247221, 0.30630339829133935], [0.8529609069580972, 0.2724576912012202], [0.9043619582906122, 0.18212944839676903], [0.5713550196809288, 0.6735534414854054], [0.6673974954004742, 0.554580583133174], [0.8460803100608718, 0.284148108927299], [0.8098996544938274, 0.344062549650779], [0.8742498130185589, 0.23568726443701482], [0.8597513776745549, 0.26082756858670486], [0.2906807269000091, 0.9155047150088823], [0.8175209462821198, 0.3316595023899874], [0.5119133617451626, 0.7379447100667663], [0.3076619136839551, 0.9053441468683265], [0.342476337863881, 0.8827099580033448], [0.5321387706818692, 0.716828328737189], [0.8249465801436177, 0.3194631399093498], [0.7648391125332795, 0.41502113193930534], [0.28077531946902046, 3.8307408466780557], [0.41915338596385043, 0.8243104390350394], [0.4443094848424227, 0.802589081679061], [0.9268377163949613, 0.14097184746777336], [0.8394528097894283, 0.29531898013663394], [0.28077716280892595, 0.9211641848449699], [0.9422095011978701, 0.11224125585246092], [0.9346226878545005, 0.12648043134762887], [0.4662643710686719, 0.7825975362719358], [0.8669681814776224, 0.24836617230538427], [0.9495574388112699, 0.0983406703981815], [0.9682596038082556, 0.06247333963307988], [0.98450739398484, 0.030745191189179066], [0.9948311249156052, 0.010311032899151473], [0.9624371162026125, 0.07371479735559894], [0.989654041586624, 0.02058487797126074], [0.956010123028365, 0.08604464466729045], [0.29882106409897924, 0.9107059716507537], [0.5356267238494834, 0.7131040126982693], [0.6596560723864767, 0.5648538661636474], [0.9191443064649509, 0.15517374389306438], [0.9735142629154915, 0.05226997990010729], [0.9790069581644504, 0.04154537586559015], [1.0, 0.0]]",22.07
ZDT6,MGPSO,13,100,0.003213,1.575053,8.781071,0.138885,1.332620,100.0000,100.0000,"[[1.0, 0.0], [0.2807753188758616, 8.982073183697649], [0.2807758667490099, 6.683236185817055], [0.2807772371792967, 6.392467706186725], [0.4754465829834935, 0.77395054672932], [0.4149399845293702, 0.827824809238766], [0.34433048440667036, 0.8814365175082677], [0.38656152498910745, 0.8505701873980956], [0.7305435411892569, 0.46630613442666047], [0.8002376345815525, 0.35961972819932164], [0.3709374195387971, 0.8624054307858984], [0.7140289993417349, 0.4901625880990407], [0.5330701597228622, 0.7158362048130422], [0.7889701672880511, 0.37752607512946457], [0.295627928439097, 0.9126041279268081], [0.7460733355884877, 0.4433745779238679], [0.7774405119626788, 0.3955862503592078], [0.40889748761474676, 0.832802844622348], [0.450871974962732, 0.7967144621932055], [0.6572567835200441, 0.5680135205168859], [0.8868231091860532, 0.21354477301358155], [0.707719889693385, 0.4991325577323831], [0.4351570674270985, 0.8106383266682476], [0.5433991310168809, 0.7047173844100987], [0.7012786014002095, 0.5082083232181661], [0.3292034846955283, 0.8916250656643211], [0.28078389894565514, 0.9211604020928761], [0.7951302571180816, 0.3677678742153334], [0.2807777709358086, 5.868806214404169], [0.8300253401883065, 0.31105793464528597], [0.5710209951040883, 0.6739350231503367], [0.6492823682627755, 0.5784324062630816], [0.6634118774395128, 0.5598846808721809], [0.7703599185166501, 0.4065455959430202], [0.3502523573841986, 0.8773232861468117], [0.607877558690485, 0.630484873640496], [0.3237258726909913, 0.8952015593504561], [0.28783298160575677, 0.91715217469994], [0.9487239685705949, 0.09992283145966074], [0.2807753220930549, 8.226534172383724], [0.6698157555794726, 0.5513468535775002], [0.6236523341444209, 0.6110577661162155], [0.8707152778651264, 0.2418549048922558], [0.5086502156094572, 0.7412749581604527], [0.5014559280559945, 0.7485419522175013], [0.5804454920100391, 0.6630830308052236], [0.8631955786568789, 0.254893392987216], [0.7226058336378651, 0.47784080919252603], [0.46410511714241953, 0.784606440242221], [0.5901220917575337, 0.6517559168197129], [0.2807753392935012, 7.410418648795364], [0.31471176622236696, 0.9009565042011982], [0.4457713731703793, 0.8012878828617944], [0.692594853346808, 0.5203123691175136], [0.9426448228432701, 0.11142073796677987], [0.42605019781901254, 0.8184812289383803], [0.39344412163407116, 0.8452017231515943], [0.6029198677860115, 0.6364876330288984], [0.8377909212201877, 0.2981063723210292], [0.3373982486507625, 0.8861624218073982], [0.8939866152546878, 0.20078793174546683], [0.4898254077555356, 0.7600710699171233], [0.9025530043459387, 0.18539807434612], [0.5502950388092831, 0.6971753702618896], [0.8788514679513436, 0.2276200972797684], [0.8455464419587215, 0.2850512144909464], [0.5958857349012949, 0.6449201909411437], [0.982505613849158, 0.03468271875488915], [0.39964627511653583, 0.8402828547854782], [0.9598377458535687, 0.07871150163473994], [0.38149258856630697, 0.8544634048689784], [0.5559384156868392, 0.6909324779636072], [0.36287846799555534, 0.8683192174651987], [0.976790598268508, 0.04588012713425016], [0.7546552477155918, 0.4304954570953188], [0.9883562267777898, 0.02315196898957017], [0.8085007721236844, 0.3463265014754061], [0.3046059468698944, 0.9072152171314951], [0.8153843757988382, 0.3351483197031391], [0.9092726196692522, 0.17322330311981537], [0.82348362669217, 0.32187471656991073], [0.639057288808837, 0.5916057816202986], [0.7384413039866333, 0.4547044405665206], [0.6311708355642616, 0.6016233763331118], [0.9655175448987414, 0.06777587049270684], [0.9291445198589461, 0.13669046121608852], [0.9711590117896318, 0.05685017381978574], [0.48345903115611977, 0.7662673651935861], [0.8518741712001348, 0.27431039644208355], [0.954323506408779, 0.08926664511565308], [0.7638928290314104, 0.4164677457543884], [0.9226071434376039, 0.1487960588779047], [0.9158977045275488, 0.1611313948411669], [0.994176839646141, 0.011612411511211174], [0.6857631306945334, 0.5297289285800323], [0.9358575676353833, 0.12417061309958399], [0.7826858361858282, 0.3874028818340909], [0.6775175636756825, 0.5409699509109676], [0.857473333259988, 0.26473948274800563], [1.0, 0.0]]",22.25
ZDT6,MGPSO,14,100,0.003415,0.917301,8.205085,0.098638,1.234611,100.0000,100.0000,"[[1.0, 0.0], [0.5757773995491895, 0.668480386168373], [0.4612822294172869, 0.7872187048238175], [0.5936872964958607, 0.6475353939794359], [0.6785494384390377, 0.5395706595940666], [0.5504879684807229, 0.6969629965579667], [0.2874020158167393, 0.9174000813044747], [0.4436705558154943, 0.8031564379023703], [0.5395798291505869, 0.7088536079738235], [0.6868621180831647, 0.5282204307423088], [0.5862071919483198, 0.6563611281080657], [0.306752218655965, 0.9059030763496431], [0.563437952865073, 0.6825376732712157], [0.28077539372746996, 3.4353473163131008], [0.3579860567149947, 0.8718459831976486], [0.7271812503503208, 0.4712074291389441], [0.41579048292710874, 0.8271182743072417], [0.6237597561662829, 0.6109237665873793], [0.5018708507849985, 0.7481256491323418], [0.280822701455672, 0.9211386103471385], [0.28077532541526196, 4.201266476617671], [0.3506227059765912, 0.8770637180536529], [0.28077532660115145, 3.7691267332041885], [0.38012666638807924, 0.8555037175006859], [0.31708934364771046, 0.8994543481450642], [0.3697271227562584, 0.8633018546983786], [0.2807753236532329, 5.2406403245304105], [0.32702130161366894, 0.8930570682909018], [0.75017237382682, 0.43724140954703383], [0.7195019542084629, 0.482316937890203], [0.6373678719884075, 0.593762195756969], [0.8594414314592853, 0.26136042589121455], [0.799640430498251, 0.3605751819125719], [0.4052329819128089, 0.8357862303700532], [0.6631402447753941, 0.5602450157592304], [0.2807753249534237, 4.888296165588638], [0.831814934600518, 0.30808391457553597], [0.5107034722659594, 0.7391819634154925], [0.6432459883111596, 0.5862345985215995], [0.8061942640647486, 0.35005080858909843], [0.7350946205722897, 0.45963589880568145], [0.2964193951445403, 0.9121355421821449], [0.4715079407730104, 0.7776802617879953], [0.6064148312617279, 0.6322610524258101], [0.34192177239289256, 0.883089501563703], [0.3961137106806989, 0.8430939282107676], [0.8388403037234269, 0.2963469448491889], [0.49053860180391073, 0.7593718801402642], [0.6498245511614027, 0.5777280527078815], [0.6178446328264755, 0.6182680096875177], [0.7848153265542236, 0.3840649032055874], [0.5571855605049439, 0.6895442511647915], [0.7579491930609463, 0.42551302073826036], [0.2807756272264381, 1.4863788229681865], [0.42555277895718935, 0.8189048323218135], [0.4812567157725882, 0.7683919735237823], [0.8896865656249262, 0.20845781494652382], [0.451786654140352, 0.7958888191406659], [0.933310013618837, 0.1289324184788062], [0.9395759572315427, 0.1171970205924302], [0.2807754202866194, 2.96572305567386], [0.5329660724979954, 0.7159471655660614], [0.9457443819348306, 0.10556756403870537], [0.8666110616279536, 0.24898526786407116], [0.8453877951142752, 0.28531947587182427], [0.6954617997243681, 0.516332885124143], [0.7430324746959447, 0.4479027415472203], [0.6006582598854551, 0.639209654831377], [0.38779260317742226, 0.8496168969208783], [0.9517364828919076, 0.09419766713254163], [0.703030663516893, 0.5057478861549971], [0.8815615743711502, 0.22284919059225894], [0.5209091369463277, 0.728653671045832], [0.43463347171678346, 0.8110937452634159], [0.7105157586837252, 0.49516735666209044], [0.9201391732268057, 0.15334390189349045], [0.8978054980301815, 0.19394528770677777], [0.9757729407633109, 0.04786716807412017], [0.9266149906578353, 0.14138465908817988], [0.3365792577885608, 0.8867144032265015], [0.9939287505530257, 0.012105638824101317], [0.6563808005144436, 0.5691642447160182], [0.6307598617485606, 0.6021419968069368], [0.2807753233261626, 5.3991704130371065], [0.874073592061005, 0.23599535566157182], [0.6708879165161448, 0.5499094034726264], [0.7760971080523787, 0.3976732788727343], [0.9637657982887529, 0.07115548604884292], [0.7919396093444078, 0.3728316551514268], [0.8232165384394023, 0.32231453083984796], [0.7664631704168096, 0.41253420839461274], [0.981814083416774, 0.03604110560447993], [0.8148875699266531, 0.335958248379034], [0.9129223736438811, 0.16657273970042197], [0.9054614333746251, 0.1801395926711693], [0.9577386734767815, 0.08273663332693482], [0.852762711471305, 0.2727957579241078], [0.9697631920355919, 0.05955935137293966], [0.9878512247681576, 0.02414995772405104], [1.0, 0.0]]",23.20
ZDT6,MGPSO,15,100,0.003539,1.081995,7.812454,0.031562,1.305933,100.0000,100.0000,"[[0.2807753201770077, 0.9211652195794988], [0.6058329345523892, 0.6329664554116405], [0.43526339716345086, 0.810545775089732], [0.6227009945466851, 0.6122434713905691], [0.7906930193477371, 0.37480454915475914], [0.4452733307621124, 0.8017316609120144], [0.3969158296303381, 0.8424578241888604], [0.28077531885134177, 6.525925779811504], [0.7159887428643489, 0.4873601200915293], [0.8107539256695635, 0.3426780720113919], [0.8387332903459146, 0.2965264676655157], [0.8317637031859466, 0.30816914206240054], [0.6710330963085314, 0.5497145836585853], [0.7435152144543046, 0.4471851258749695], [0.5113184295664075, 0.7385534635857427], [0.38720402545700006, 0.8500730426698948], [0.7972440773598604, 0.364401881114625], [0.3774929983915155, 0.8574990361653833], [0.8248180949192963, 0.31967511029370277], [0.5895812847790047, 0.6523939086383381], [0.7367930706654464, 0.4571359710193825], [0.9337526836894411, 0.12810592570276658], [0.2807753189021822, 6.291347732367757], [0.80379122586382, 0.3539196652243375], [0.5654141539184786, 0.6803068345486509], [0.7776742912546256, 0.3952226967216157], [0.47296202217753625, 0.7763069255777357], [0.518768879400334, 0.7308788497657217], [0.9725705256513173, 0.05410657263432039], [0.7300526917581964, 0.4670230672566118], [0.7503101912474749, 0.43703461691017764], [0.8454337112704349, 0.28524183984749896], [0.48917642006643525, 0.7607064300509865], [0.3056246221487061, 0.9065935903364606], [0.4254682468769243, 0.8189767708994766], [0.7708067521612452, 0.40585695082263273], [0.6392791893974492, 0.5913221180033403], [0.5570621026003766, 0.6896818138464476], [0.29734989326676464, 0.9115830409742437], [0.6937182229165764, 0.5187550271934673], [0.6786290608304669, 0.5394625977963584], [0.5488405779498975, 0.6987740199956225], [0.946572011434368, 0.10400142716909477], [0.8177596075503973, 0.33126922425902017], [0.3583621402954793, 0.8715765764028433], [0.3683762320053121, 0.8642989516935684], [0.7228995117534702, 0.4774162959065944], [0.581606944731454, 0.6617333618401433], [0.6861499654177587, 0.5291982249572085], [0.7572203011739674, 0.4266174154900061], [0.2807753188180562, 6.573496071317384], [0.48111730110754036, 0.7685261425749963], [0.9014884344650262, 0.18731860252579613], [0.7012228233326254, 0.5082865520374216], [0.9080861091706967, 0.17537961833122562], [0.8813036048710541, 0.22330395604128495], [0.32172397170149725, 0.8964936860326143], [0.5734464243476676, 0.6711591984028747], [0.6630333734051366, 0.5603867457510048], [0.8742038424835148, 0.235767641787058], [0.8883738278070776, 0.21079194206740082], [0.6142611728027166, 0.6226832115870311], [0.5409928655482727, 0.7073267194258686], [0.2807753190005231, 4.535150242310989], [0.6551640115073456, 0.5707601180256028], [0.8525501809930626, 0.27315818888869625], [0.28899785961460767, 0.9164802371381755], [0.9594389803938833, 0.07947684290074564], [0.7086390539747148, 0.4978306911818212], [0.9401595297255926, 0.11610005866615258], [0.647351347365751, 0.5809362330637469], [0.9530259362919924, 0.09174156475477124], [0.5040889889650757, 0.7458942912041677], [0.8598335877975254, 0.26068620129523523], [0.40639220701125456, 0.8348453740805216], [0.5333289838442196, 0.7155601949916922], [0.9273620252919699, 0.1399996740463758], [0.45458895603908445, 0.7933488810472953], [0.41598106201565654, 0.8269597560443265], [0.8950632162194392, 0.19886183897091347], [0.3392110332311583, 0.88493587493425], [0.9208819159595281, 0.15197649685870873], [0.34853227605978643, 0.8785252525445848], [0.7640280053610307, 0.4162612070240449], [0.3136034018770486, 0.9016529063311424], [0.4639574351125808, 0.7847434984037553], [0.5977673927772083, 0.6426741441323389], [0.8669838993836685, 0.24833891820948895], [0.9865028909329407, 0.026812046180950455], [0.3304512450740399, 0.8908019746290168], [0.5260251502334435, 0.7232975413218832], [0.9794053441179502, 0.040765171913199505], [0.9660033890772243, 0.06683745229131688], [0.6309574982769809, 0.6018926353680536], [0.9144560442878124, 0.16377014306548654], [0.4966350593059803, 0.7533536178681455], [1.0, 0.0], [0.9932550315103378, 0.013444442379397903], [0.2807753190037734, 4.356920617555008], [1.0, 0.0]]",23.53
ZDT6,MGPSO,16,100,0.003622,1.356847,8.348481,0.234788,1.341881,100.0000,100.0000,"[[1.0, 0.0], [0.7046554832726628, 0.50346064989377], [0.603508410322174, 0.6357775986704025], [0.31784068601664917, 0.8989772983124659], [0.7880114898488455, 0.37903789186620285], [0.48858352932741056, 0.7612861348699713], [0.5312383202033066, 0.7177858471475691], [0.5875633069704347, 0.6547693603019668], [0.5956884973454606, 0.6451552141303072], [0.6599960462780617, 0.5644052188973265], [0.8546312877583688, 0.26960536198447216], [0.8104515179069449, 0.34316833712232897], [0.651610630011891, 0.5754035868555065], [0.46150193067794454, 0.7870159679805296], [0.37664698410643493, 0.858137049363527], [0.31014567852152153, 0.903809658094425], [0.5709756413081297, 0.67398681703277], [0.8177911202038082, 0.3312176837158005], [0.3027271694630488, 0.9083562608688905], [0.3499971722924494, 0.8775019793872895], [0.6197092850570116, 0.6159604020141275], [0.28077531885979856, 7.809597781314852], [0.5138390754650277, 0.7359694045252456], [0.8029745376155113, 0.3552318919411558], [0.9296234766122615, 0.13580019173133207], [0.9368530041872881, 0.12230644854525308], [0.6350707174100009, 0.5966851838883468], [0.8250469392108737, 0.31929754809876887], [0.5227852029867174, 0.7266956315381368], [0.9080983273721198, 0.17535742782395836], [0.6122996701734503, 0.6250891139054839], [0.7398656004448352, 0.4525988932784035], [0.5474462791802461, 0.7003025714117039], [0.9007727232880118, 0.1886085009802989], [0.34166346612497467, 0.8832660759154682], [0.8705093325578238, 0.24221350192973212], [0.8779701950094839, 0.2291683366750088], [0.496819989816905, 0.7531698977183304], [0.9225196174536298, 0.14895755541320865], [0.8624970853867215, 0.25609877769941036], [0.3587177058981307, 0.8713216074751822], [0.5551642446455629, 0.6917926614671216], [0.8394632771885004, 0.2953014062519429], [0.9153859310557052, 0.16206859722527966], [0.8322232514158743, 0.3074044598027905], [0.2807753192672813, 5.403128324655688], [0.4234084732525095, 0.8207252647779789], [0.676767985143174, 0.5419850942852485], [0.7955589831238086, 0.36708590437101163], [0.6678717619226067, 0.5539473096263929], [0.36771941248410733, 0.8647824336823429], [0.9796953080915546, 0.04019710330339399], [0.7631481261602037, 0.41760493753816985], [0.9865410279487854, 0.026736800173753794], [0.7313877562442953, 0.46507195001593526], [0.28769222601119626, 0.9172331830927227], [0.2951586391573664, 0.9128813777307716], [0.7552295469246852, 0.4296283314519347], [0.4794949462617679, 0.7700845965094243], [0.9515178005493515, 0.09461387523772447], [0.8472417217893508, 0.2821814648594164], [0.9588042852756505, 0.08069434253704899], [0.38546238368023944, 0.8514187507675479], [0.9658746942920293, 0.06708607492627894], [0.43185655385052923, 0.8134999168963449], [0.32537864351136714, 0.8941287383467027], [0.2807753188338903, 8.302970827146536], [0.7130887912231652, 0.4915043758318852], [0.5626986021306428, 0.6833702831602205], [0.7802788190781208, 0.39116496449805327], [0.6846357553030454, 0.5312738825606285], [0.7473137565057011, 0.4415221493373377], [0.28077533339821237, 3.7443766267234895], [0.45279550770237, 0.794976228204553], [0.6928812407493736, 0.5199155862176086], [0.8856694319528223, 0.21558965730436497], [0.2807755247476258, 0.9211651047026954], [0.41065429357539174, 0.831363051168096], [0.39408171348455434, 0.8446996030970776], [0.46885669283708076, 0.7801734015818753], [0.47704703321285025, 0.7724261281028177], [0.4026222607261569, 0.8378953151677585], [0.6272913209274233, 0.6065055986891283], [0.9728794561757467, 0.05350556375118343], [0.3336816006153639, 0.8886565894107687], [0.2807753188344402, 8.276288491975077], [0.6967515860425026, 0.514537227347257], [0.8933819841842215, 0.2018686303350633], [0.5792252807630827, 0.664498074124928], [0.9442424092576729, 0.10840627255926538], [0.9933048152160195, 0.01334554406866928], [0.43778680502881884, 0.808342713342659], [0.7717294366485625, 0.40443367661009233], [0.5395760363167343, 0.7088577010327222], [0.4451557517764648, 0.8018363566603304], [0.6431188885128072, 0.5863980952380514], [0.72185067827938, 0.478931598267599], [0.5052081121592484, 0.7447647634084882], [0.4157168784721358, 0.8271794769533835], [1.0, 0.0]]",22.24
ZDT6,MGPSO,17,100,0.003489,1.025743,8.114648,0.244831,1.324530,100.0000,100.0000,"[[1.0, 0.0], [0.7066790149794442, 0.5006047697876825], [0.538072132128416, 0.7104783806267805], [0.45606299188822064, 0.7920065474299648], [0.6480541227275907, 0.5800258540157728], [0.44784769553925996, 0.7994324416001743], [0.858153374787393, 0.26357278534100825], [0.7350070042355139, 0.4597647037247352], [0.2807753290790317, 0.9211652145805614], [0.8512565034683668, 0.27536236530281044], [0.8861690254303027, 0.2147044583679074], [0.4962998122192547, 0.7536864963911325], [0.38352919148504483, 0.8529053592788278], [0.28817116547676247, 0.9169573793877643], [0.5698952741195578, 0.6752193765361941], [0.46381545644009536, 0.784875222367266], [0.6246347165305636, 0.6098314709047825], [0.327507322791842, 0.8927389535177201], [0.6779009327645269, 0.5404503253569843], [0.632575277544885, 0.5998485182390118], [0.48833874237739316, 0.761525272693266], [0.872233329585058, 0.23920901876096368], [0.8367103481596191, 0.299915793282609], [0.6850055980956612, 0.5307673305776055], [0.5781180524424929, 0.665779517440099], [0.47207127634222534, 0.7771487100526223], [0.280775318835924, 7.081081677811811], [0.4803515990333632, 0.7692623413060911], [0.421007845264175, 0.8227523942260164], [0.7801933049245198, 0.3912984069509553], [0.31870696838565904, 0.8984258683024225], [0.6165531695998723, 0.6198621890563512], [0.28077531886498175, 6.998934463613745], [0.6401413491274526, 0.5902190531372848], [0.6995106199714392, 0.5106848925471728], [0.7137368022926872, 0.4905797770530095], [0.3105882079271103, 0.9035349650966261], [0.9240267447711431, 0.14617457494764474], [0.8042079689617667, 0.35324954265839004], [0.2807753194719337, 5.94907669969425], [0.3458746877547546, 0.880370700370551], [0.8934114687210452, 0.20181594755770493], [0.7881218173421048, 0.3788640010293779], [0.939605084422948, 0.1171422853265448], [0.6707310885206408, 0.5501198068919164], [0.663333421422636, 0.5599887720237396], [0.3627749639378054, 0.868394325539924], [0.5125202275688121, 0.737323016332813], [0.7579603065320418, 0.4254961737218532], [0.8288423513516509, 0.3130203566058666], [0.5855620202518769, 0.6571171204385405], [0.8652368859161463, 0.2513651312501296], [0.6921690409029935, 0.5209020188154301], [0.7501327988611918, 0.4373007840726748], [0.3030444512823248, 0.9081640605469946], [0.430179326951329, 0.8149457466637016], [0.33674646369170336, 0.8866018191911323], [0.5540207438084935, 0.6930610154298835], [0.7960114008556439, 0.36636584970783537], [0.7424905002174463, 0.44870785708684635], [0.6011505255874832, 0.6386180455858927], [0.8124941848392392, 0.3398531996024202], [0.72051698201931, 0.48085527862178523], [0.7731396733213515, 0.4022550455365539], [0.9007065720514138, 0.18872767106339128], [0.9678672563947958, 0.06323297399881067], [0.4115250280562268, 0.8306471512833218], [0.820670313505706, 0.32650023653044624], [0.9468793364776685, 0.10341952215161021], [0.9872689852699577, 0.02529995072402813], [0.38899635955523626, 0.8486818322527734], [0.9318177328607615, 0.1317157127262305], [0.5459629919740193, 0.7019244113947769], [0.28077532272004124, 3.1676719873423], [0.5210990174998162, 0.7284558139607262], [0.9162646525490192, 0.16045908648922502], [0.43918774151217044, 0.807114127705439], [0.39634486235361077, 0.8429107500858973], [0.5624927083645201, 0.6836019530367469], [0.6558289300338606, 0.5698884145306417], [0.5932838414676813, 0.6480142834533511], [0.9610670004495543, 0.07635022064689645], [0.9085008600485337, 0.1746261872910746], [0.6089848600768244, 0.6291374401972106], [0.8792358406953652, 0.2269443364367144], [0.7281940065324816, 0.4697334888501722], [0.3762824862648817, 0.8584114905303191], [0.3548031072172759, 0.8741147551089662], [0.5045614497899056, 0.7454177433859086], [0.40410087510076653, 0.8367024827427947], [0.2956224386451004, 0.9126073737695238], [0.9743852350453196, 0.05057341372567725], [0.8438953682911206, 0.28784060737679396], [0.9936420132367915, 0.012675549530735908], [0.7654154563808474, 0.4141391791332991], [0.5295259749911918, 0.7196022418096277], [0.9539818725616074, 0.08991858682384912], [0.3695448268710062, 0.8634366209328781], [0.9808629123219572, 0.03790794723128843], [1.0, 0.0]]",22.86
ZDT6,MGPSO,18,100,0.003565,0.968770,6.821655,0.267480,1.349582,100.0000,100.0000,"[[1.0, 0.0], [0.6567257337133278, 0.5687113106786913], [0.8193568439342513, 0.32865436229810285], [0.5205207257568698, 0.7290581740575415], [0.4915308850445046, 0.758397389047366], [0.5130735637493655, 0.7367555181815257], [0.46746634285839406, 0.7814752182945983], [0.2807753188456614, 4.573175822052966], [0.2807753188207247, 7.267606414846081], [0.6479847086600882, 0.5801158173427007], [0.9059673537684225, 0.17922315390584198], [0.8860151228895639, 0.21497720201099102], [0.3539608722909361, 0.8747117008870396], [0.5508652315811898, 0.696547496635002], [0.9391425608330066, 0.11801125043202243], [0.6653656193043035, 0.5572885926478006], [0.34617640383163784, 0.8801618974301948], [0.7981188481628974, 0.36300630420713], [0.3613658668697629, 0.8694147102614648], [0.5354455531168092, 0.7132980596474343], [0.5280062336809899, 0.721209417194016], [0.7679581609839093, 0.41024026297821203], [0.6255055299718134, 0.6087428319746808], [0.952152102988156, 0.093406372775232], [0.899343255738903, 0.19118170835695025], [0.40099517764809733, 0.8392028675029708], [0.7213724320542034, 0.47962181427220363], [0.8927010563454473, 0.2030848239997226], [0.45879804839151284, 0.7895043507921391], [0.3386314118773446, 0.8853287668899562], [0.737423952055384, 0.4562059149350187], [0.2807753188402289, 7.264107827658812], [0.28077533269795796, 0.921165212548351], [0.8662568886316983, 0.24959900289812953], [0.8052107664883569, 0.35163562153123284], [0.6177326000117218, 0.618406434882758], [0.9456224170649502, 0.10579824434424134], [0.4499974681727261, 0.7975022786381363], [0.44176897280089644, 0.8048401746704408], [0.9261684192701038, 0.14221205914671708], [0.753052349049802, 0.43291215959057516], [0.919520063291981, 0.1544828532035113], [0.8727268750536813, 0.23834780155903612], [0.6095464932903953, 0.628453072517382], [0.7830064535022325, 0.38690089377385617], [0.4261563699152495, 0.818390748380657], [0.9326260194028921, 0.13020870793271622], [0.8793947986512061, 0.22666478810520474], [0.5429889150320947, 0.7051630381522687], [0.29818643564989844, 0.9110848495944089], [0.912757784134887, 0.16687322750117106], [0.376837837496403, 0.8579932442310345], [0.8395953677790309, 0.2950796184039939], [0.48358915166100036, 0.766141532395794], [0.36893570936953535, 0.8638864423519977], [0.6820524192666839, 0.5348044973724636], [0.8261936848269418, 0.31740399515207995], [0.8328808367003532, 0.3063095118573196], [0.315187021167993, 0.9006571416872471], [0.7057328668396525, 0.5019411206622852], [0.6735331980635624, 0.5463530311062701], [0.7293700203632845, 0.468019373395262], [0.7905617194233142, 0.37501216778245305], [0.8463012796873755, 0.28377414399951073], [0.7604915735096243, 0.4216525666208557], [0.6403207093927099, 0.5899893891228167], [0.4988794548630152, 0.7511192895155807], [0.5758417183156441, 0.6684063154472863], [0.4177835934564368, 0.8254568690386268], [0.5927608126430932, 0.6486346189946998], [0.5842623552222281, 0.658637500270175], [0.7755215148242873, 0.39856638004464273], [0.30676798135977557, 0.9058934056124484], [0.8122918603299989, 0.3401819336416295], [0.33072723724505615, 0.8906194945442524], [0.9587986880462054, 0.08070507580087538], [0.6980944376768201, 0.5126641560846843], [0.4339695093210644, 0.8116704649796347], [0.972287376523163, 0.05465725745370509], [0.8595300392551328, 0.2612081116180698], [0.6012507858865768, 0.6384974924707738], [0.39333343638934826, 0.8452888078181465], [0.2894478224998486, 0.9162199580500962], [0.32284966318708586, 0.8957680949799852], [0.8528975243747736, 0.2725658129153824], [0.6328740663388037, 0.5994704161557874], [0.5674731161171769, 0.6779742624842611], [0.6904160308452651, 0.5233257043518699], [0.7454999533649805, 0.4442298195328118], [0.7134400150670999, 0.49100334490105635], [0.3850721700014882, 0.8517194238903449], [0.47563734709495675, 0.7737691140484716], [0.9792137144088338, 0.041140501513655], [0.5060048425517394, 0.7439590993141894], [0.55920190689976, 0.6872932273196721], [0.9655810238637937, 0.0676532863541478], [0.40937835415461743, 0.8324093631496566], [0.9861463863284947, 0.0275153047312513], [0.9931122618316501, 0.013728035399623972], [1.0, 0.0]]",23.57
ZDT6,MGPSO,19,100,0.003430,0.726507,7.584322,0.252104,1.318173,100.0000,100.0000,"[[1.0, 0.0], [0.6469577605764163, 0.5814456560299484], [0.5937136745210501, 0.6475040726867126], [0.7891755965772705, 0.37720187776690917], [0.7366731829481512, 0.4573126215250397], [0.6868630829746913, 0.5282191052465023], [0.6307382621111084, 0.6021692447090587], [0.28077532437959296, 5.248985172778954], [0.6998174196500181, 0.5102555791543905], [0.7063730064741902, 0.5010371757246137], [0.43011194228714367, 0.8150037171019808], [0.3467894588300032, 0.8797370712443935], [0.3553518165159929, 0.8737250864987841], [0.5630035197556267, 0.6830270367427758], [0.4800211839072891, 0.7695796630002445], [0.441638330823129, 0.8049555847477605], [0.5451170540269594, 0.7028473974089691], [0.3117906977496233, 0.9027865607968031], [0.6932619378407411, 0.5193878855413004], [0.5846423517336456, 0.6581933205593522], [0.8296065006755509, 0.31175305403686726], [0.6104704707570754, 0.6273258043336347], [0.4503494801146569, 0.7971853457604583], [0.8168889810067267, 0.3326923927097917], [0.7753138604211407, 0.39888841783886797], [0.5763129504538753, 0.6678633831391491], [0.8232259552974734, 0.3222990265245622], [0.5548316708507569, 0.6921618170209574], [0.7136129537318106, 0.4907565522661608], [0.7441227010654852, 0.44628140575900654], [0.8027190533609537, 0.35564212137129436], [0.4073329486586651, 0.8340798689370373], [0.5150107359426837, 0.7347639418637754], [0.7212558950651778, 0.47978993383372914], [0.49698387625083185, 0.7530070267466978], [0.8760710073585508, 0.23249959006577403], [0.8832211464199073, 0.21992040651670464], [0.5332736756159353, 0.7156191868950702], [0.28077550360508985, 3.16324172662005], [0.8898148493605234, 0.20822953385750909], [0.3629409575702798, 0.8682738613179684], [0.8358939498143158, 0.3012813046638222], [0.3019967088100337, 0.9087979878679077], [0.6014528435088082, 0.638254477035169], [0.6785989837367781, 0.539503419271412], [0.8104144393271386, 0.3432284365300795], [0.7957468894960874, 0.3667868878573016], [0.4728539291874584, 0.7764091616519821], [0.8423171261090104, 0.2905018590634574], [0.7289133729272366, 0.4686852947678394], [0.39370913489382964, 0.8449931171011522], [0.3704098793170242, 0.8627965213043476], [0.8489776339006553, 0.2792369771364449], [0.662437117520847, 0.5611770653306716], [0.5240220435168397, 0.7254008979084354], [0.759707399865684, 0.4228446665893216], [0.32083342591802566, 0.8970659128137027], [0.4180157534757589, 0.8252628298460936], [0.9334315333442568, 0.1287055725585896], [0.46092194457553315, 0.7875509610087091], [0.3305282815034388, 0.8907510551263835], [0.38542486024738787, 0.8514476771032815], [0.766774045378393, 0.4120575633340541], [0.6214833281457511, 0.6137584728368806], [0.8961794316540921, 0.1968624262801485], [0.6706734894498458, 0.5501970705491674], [0.5042412361897414, 0.7457407757258414], [0.3373565498580644, 0.8861905582678633], [0.751905162798291, 0.43463862615727555], [0.2807758543121477, 0.9211649196352836], [0.48967702382806666, 0.760216412334887], [0.2807753189589527, 6.308249054808422], [0.9531701537061511, 0.09146665808379228], [0.29095621004428485, 0.915344483836666], [0.9935559362370722, 0.012846601568074933], [0.9195760883554984, 0.15437981772480058], [0.7819508480339884, 0.38855287125892635], [0.5501523718094643, 0.697332367792421], [0.535645091252086, 0.7130843362175444], [0.9040732664819803, 0.18265152883260227], [0.2978577341324006, 0.9112807702175122], [0.9601146364994482, 0.07817988477953253], [0.6385820042833787, 0.5922130238054228], [0.9466824608605727, 0.10379231829897018], [0.8623779783949375, 0.2563042223794608], [0.4009679449882978, 0.8392247070918614], [0.9870701484787499, 0.025692521982138672], [0.9264808226236676, 0.14163328531057218], [0.6546943197676224, 0.5713753476640102], [0.8695001256868463, 0.24396953143055844], [0.9804820431269377, 0.038654963105625995], [0.28588978535886866, 0.91826703062746], [0.9670244579674239, 0.06486369769281009], [0.9402554880509622, 0.11591961719004695], [0.9737783060426561, 0.051755810680695125], [0.8555234385519255, 0.2680796460882898], [0.3781067157355442, 0.8570353115156804], [0.9114066310828953, 0.16933795281812714], [0.5694970746362054, 0.6756730819808043], [1.0, 0.0]]",21.94
ZDT6,MGPSO,20,100,0.003467,1.754914,8.464766,0.134952,1.309818,100.0000,100.0000,"[[1.0, 0.0], [0.2807753188157678, 8.535567635824364], [0.49491827898904506, 0.7550558971225217], [0.4497173736385167, 0.7977542838476748], [0.28077614762704606, 0.9211647549237152], [0.3782569313852021, 0.8569216938590505], [0.414426868040244, 0.8282503710463542], [0.4395168462899709, 0.8068249418273181], [0.5401139384825873, 0.708276933456828], [0.7088370525402998, 0.4975500329459802], [0.7640196103033936, 0.41627403507185057], [0.5645665742183861, 0.6812645832753156], [0.5194436029497826, 0.7301783433545486], [0.5281984926988846, 0.7210063523106263], [0.34010316947078434, 0.8843298341159269], [0.5811972175311036, 0.662209794334103], [0.4289839793027508, 0.8159727455015771], [0.28077532253653126, 7.474291803818453], [0.8589434420183989, 0.26221616341358545], [0.6199330185911132, 0.6156830524605106], [0.845060959744045, 0.2858719743164735], [0.2807753214448826, 7.718498079953554], [0.38841184570616794, 0.849136238115128], [0.29438748397345005, 0.9133360092797816], [0.7997808066291405, 0.3603506613476414], [0.9385981039821224, 0.11903359920116496], [0.8378328300610529, 0.2980361488718868], [0.5921992328185112, 0.6493000686491668], [0.2807753304928773, 6.399138305003893], [0.9197460860418702, 0.15406713721066057], [0.9260137883754431, 0.14249846373856], [0.932281173789252, 0.13085181299813453], [0.287560455219539, 0.9173089845939315], [0.7840096726685194, 0.3853288331622011], [0.6274913330596025, 0.606254626935083], [0.7405723921268187, 0.45155253201956147], [0.4859732173227467, 0.7638300320449785], [0.8076660605987499, 0.3476755345568965], [0.4592013748860836, 0.7891340973027305], [0.42146057851123453, 0.8223709807609755], [0.7237089934916461, 0.4762452927393086], [0.28077532603238897, 6.908819724499071], [0.8720163458661178, 0.23958749254230327], [0.468893890660698, 0.7801385193010735], [0.6610544562289142, 0.5630070058998945], [0.8657084028146236, 0.25054896129615345], [0.6438264841382841, 0.5854874583221358], [0.5096361708912714, 0.7402709733192827], [0.7168950408321908, 0.48606150043021146], [0.401618186832831, 0.8387028320051092], [0.3493928147495363, 0.8779246610013962], [0.6357422086497504, 0.5958318441411372], [0.3680601928033539, 0.8645316944735579], [0.4783526570307811, 0.7711787355115919], [0.6522908727407433, 0.5745166173391194], [0.8154433495504294, 0.3350521436739762], [0.609141055303576, 0.6289471747436458], [0.8927247870935201, 0.20304245450882918], [0.8520240352538143, 0.274055043349807], [0.7026385797990788, 0.5062990261779334], [0.7324494600583833, 0.46351778846018277], [0.8229336328950775, 0.32278023585010984], [0.50205789873399, 0.7479378663188107], [0.6774684112609468, 0.5410365517435687], [0.3591832533595538, 0.8709873905060466], [0.8301721287116753, 0.3108142367103256], [0.8786029245254809, 0.22805690101527198], [0.5560622208584682, 0.6907948065339481], [0.9690482859666989, 0.06094541946500298], [0.885500235694578, 0.21588933258484677], [0.9752103533466504, 0.04896476672550132], [0.899706228487994, 0.1905287024199096], [0.321688007956373, 0.8965168255370605], [0.9065034560153795, 0.17825148423217285], [0.7910384932939426, 0.3742581021272491], [0.5725226665117187, 0.6722177963303113], [0.28077534959950745, 5.711998260853366], [0.6848907207938817, 0.5309247005704372], [0.6696717783776212, 0.5515397092445542], [0.7495368300192946, 0.438194540444627], [0.7565151154849545, 0.42768488004278593], [0.3326278453524101, 0.8893587164962131], [0.6001533487748338, 0.6398159579543526], [0.6925333705244149, 0.5203975307100934], [0.31560260317230826, 0.9003949968708626], [0.5482732073022438, 0.6993964901545108], [0.2807753194366144, 8.485005751613723], [0.993776620354896, 0.012408028836000895], [0.7775119843676856, 0.3954751141646238], [0.28077535134655307, 4.770089612834818], [0.7704952864114052, 0.4063370136178067], [0.9131233780825949, 0.16620569639903038], [0.39607324539575217, 0.8431259842816763], [0.9875910508236355, 0.024663916333067415], [0.9624386201487943, 0.07371190244608472], [0.9813724402471613, 0.036908133523331776], [0.3046103458958749, 0.9072125371731955], [0.9536482446220138, 0.09055502552935168], [0.9457365277259703, 0.1055824201248251], [1.0, 0.0]]",21.25
ZDT6,MGPSO,21,100,0.003144,1.311011,7.791593,0.080394,1.299284,100.0000,100.0000,"[[1.0, 0.0], [0.6051986909322827, 0.6337345444938514], [0.75220075787042, 0.43419401985916584], [0.4837331378120241, 0.7660022513825333], [0.40251422529369385, 0.8379822984362175], [0.33534982670709723, 0.8875404937275199], [0.6910255466856214, 0.5224836938278381], [0.49361780550467105, 0.7563414620887527], [0.6846167978748858, 0.5312998400675377], [0.6307405647606523, 0.6021663399654134], [0.28077831350842575, 5.359865377586459], [0.28077532339026956, 5.998964583801234], [0.3474494995144246, 0.8792788452871758], [0.314644857066787, 0.9009986139214212], [0.5077108747480291, 0.742229667662591], [0.5166484301191372, 0.733074399655431], [0.2807753201141502, 6.554049256898713], [0.6701729880281484, 0.5508681661174233], [0.8885016813354379, 0.21056476226409993], [0.45183978562147564, 0.795840808129539], [0.28077647369321634, 5.691594843196586], [0.5423327063730884, 0.7058752355980416], [0.4216248871318239, 0.8222324545510767], [0.5718958670895808, 0.6729351172058564], [0.43130198299093425, 0.8139785994680879], [0.32601372016028163, 0.8937150542672536], [0.8438157883174264, 0.2879749153862402], [0.8691516077624162, 0.2445754827240071], [0.7308618493961017, 0.46584095709731], [0.5576733497365048, 0.689000434993666], [0.548325812838732, 0.6993388029747438], [0.36171144881645045, 0.8691648277951043], [0.3685239712800711, 0.8641900825919653], [0.7450851979916719, 0.444848047733711], [0.8754459186335062, 0.23359444354793646], [0.8015463163917986, 0.35752350267873867], [0.37691079876683686, 0.857938249772945], [0.8566108302714786, 0.2662178854616082], [0.850277201374044, 0.2770286808235235], [0.35353398457920315, 0.8750137217475518], [0.8244873592472047, 0.3202205944415708], [0.593781352096967, 0.6474237059018977], [0.831349279349284, 0.30885837572542607], [0.7839239488824357, 0.38546324236856844], [0.9101015548954917, 0.1717151597768083], [0.4080492189058218, 0.8334958349503487], [0.8820550601445246, 0.22197887087343904], [0.4678742806019427, 0.7810936575512146], [0.5265787820748346, 0.7227147862685839], [0.7761617801523313, 0.3975728910307642], [0.6199483554951597, 0.615664036518847], [0.7601223693241035, 0.42221398365311125], [0.6980132176249794, 0.5127775480208232], [0.7076373681910171, 0.49924935513969093], [0.9890795758803047, 0.021721592576436577], [0.8629721998935551, 0.25527898221087797], [0.9727427255730943, 0.05377158984462782], [0.612581989958419, 0.6247433055785835], [0.2807948964721073, 0.9211542261152186], [0.5295449481080841, 0.7195821479332065], [0.967321952863045, 0.06428823950922491], [0.3946790573127116, 0.8442284417187493], [0.9782081660248466, 0.043108783922306104], [0.30347009646362677, 0.9079059005523571], [0.5824115528103704, 0.6607967831530132], [0.895405146715938, 0.1982496232346096], [0.6384343310786459, 0.5924016049001619], [0.809053472608763, 0.3454324784597015], [0.7382925352085721, 0.4549241324552994], [0.9561767347085861, 0.0857260520020261], [0.902779236413838, 0.18498965030004766], [0.9314797749075373, 0.13234542893820367], [0.6540198642893243, 0.5722580171149738], [0.9945457473026996, 0.010878756522114785], [0.41454147503885896, 0.828155365472607], [0.28079300796321416, 5.068046321119429], [0.8378374148462469, 0.298028466283758], [0.28688395394612787, 0.9176975969682359], [0.7682078032652819, 0.40985677100232987], [0.6467178743757336, 0.5817559909629328], [0.9440285744419109, 0.10881005063717353], [0.8169241040203842, 0.3326350082704925], [0.7153794889752431, 0.4882321867535201], [0.477788677919058, 0.7717179792523586], [0.7922455232167878, 0.3723470309429582], [0.29712528315482933, 0.9117165661101625], [0.9246310232460203, 0.1450574708510175], [0.6624726954877466, 0.5611299277331994], [0.9377258020414784, 0.12067032018566615], [0.5621774566104449, 0.6839565072790112], [0.28078026764517705, 5.08364372018649], [0.9173636997638375, 0.15844384235560383], [0.7238510371273299, 0.4760396760496889], [0.2807753188184371, 7.0345763134500965], [0.9617905880251126, 0.07495886478630809], [0.4417064699181671, 0.8048953944324313], [0.9500731932287992, 0.09736092750803271], [0.9836557192638941, 0.032421425959431205], [0.6775558093423639, 0.5409181252264141], [1.0, 0.0]]",20.76
ZDT6,MGPSO,22,100,0.003819,1.501818,8.813962,0.246656,1.330384,100.0000,100.0000,"[[1.0, 0.0], [0.3346656271430778, 0.8879989180089305], [0.28077531881566986, 8.074126378599573], [0.3741958498650855, 0.8599774659437465], [0.622295577153865, 0.612748214654738], [0.3667624630451768, 0.8654852957010353], [0.8055897459378889, 0.3510251612397276], [0.4977650128087271, 0.7522299920235278], [0.4067017099855783, 0.8345937190948065], [0.8991341782851288, 0.19155772943952631], [0.5950468916087965, 0.6459191967867092], [0.841612327891657, 0.2916886895407861], [0.2807753188588836, 7.896745240997129], [0.6947234781662708, 0.5173592888845591], [0.8203223017361796, 0.3270713212742563], [0.656582504222573, 0.5688994151488149], [0.7019944832726228, 0.5072037454548033], [0.6132863685235869, 0.6238798301831512], [0.5163563791996775, 0.733376089659799], [0.8129412486372767, 0.3391265262640655], [0.533952789525009, 0.7148944185584614], [0.6044139286506217, 0.6346838028531212], [0.9059561163645519, 0.1792435152216586], [0.2807753211791003, 5.839766873799991], [0.8344716598593352, 0.30365704889160594], [0.5858373451936936, 0.6567946049764051], [0.8919053782515689, 0.20450479624592577], [0.8273544438760256, 0.31548462419859236], [0.2807753190705674, 7.508621670710353], [0.9548725684433296, 0.08821837803443888], [0.7901264484107182, 0.3757001955218646], [0.4223385586600188, 0.8216301418689779], [0.71738993302214, 0.4853516839984894], [0.9265597940361744, 0.1414869480756421], [0.5516897493857279, 0.6956384204227127], [0.6651771152010557, 0.5575394054128014], [0.8629872458806408, 0.2552530134473464], [0.577330156778455, 0.6666898900741646], [0.3595517969136417, 0.8707225053361713], [0.4382297821378206, 0.8079546580474383], [0.6807222398733461, 0.5366172321418146], [0.2807753409955225, 4.008819709945149], [0.7312871561228738, 0.4652190952897196], [0.63085869367456, 0.6020173086152276], [0.31104673816467976, 0.9032499266771131], [0.7822392281541466, 0.388101789936805], [0.3039260481653737, 0.907628957246579], [0.8847276579509518, 0.2172569712566237], [0.9127131058274945, 0.1669547864507287], [0.2964578200239949, 0.9121127609466206], [0.6393487757465885, 0.5912331429513384], [0.481864393698349, 0.7678067060857225], [0.39873679663411643, 0.8410089670099633], [0.2807753189243338, 7.89217181738633], [0.5695644589220126, 0.6755963271328751], [0.7980045525516923, 0.3631887341067733], [0.6481194005676929, 0.5799412426077744], [0.4646855450230988, 0.7840673442465856], [0.34293092816701387, 0.8823983785065104], [0.969337558992903, 0.060384696725680365], [0.9335553055696586, 0.12847449144274137], [0.3825583996156793, 0.8536490708834903], [0.3264768354402976, 0.8934128759208888], [0.3516982195858367, 0.8763083623401526], [0.4143586335545788, 0.8283069227987823], [0.7384465274911796, 0.4546967260362186], [0.6877291705800536, 0.5270285879332716], [0.5246986275214776, 0.7246913502770778], [0.44623923742536065, 0.8008705429820326], [0.43023685587187466, 0.8148962478494838], [0.9477217553463781, 0.10182347444317974], [0.5606307392765228, 0.6856931741782595], [0.9406186623694789, 0.11523653200225226], [0.6731119316706674, 0.5469203274425828], [0.2890841821196941, 0.9164303356481875], [0.3908258600423794, 0.8472551471221345], [0.8775563686668613, 0.22989481981223192], [0.28077781959000636, 0.9211638160262818], [0.7745153735653847, 0.40012593611087255], [0.9621318473732846, 0.07430230827007056], [0.7099027486186704, 0.49603808750365685], [0.9922760852811064, 0.015388170579202387], [0.47321056026329844, 0.7760717656552952], [0.8488413088225563, 0.2794684324364096], [0.7525815290667996, 0.43362104210747776], [0.5070798504788122, 0.7428700252383855], [0.3189166348645375, 0.8982921800066793], [0.7667334997147774, 0.41211974041512933], [0.9197332276944211, 0.15409078987480207], [0.856010795120599, 0.26724551863699997], [0.7594068337097082, 0.42330126091499565], [0.9769504575338709, 0.045567803524360295], [0.8703695951883192, 0.24245676777172132], [0.745626086083012, 0.4440417397525288], [0.4550770271204666, 0.7929048993871981], [0.5427033659674683, 0.7054730565675802], [0.7242311159047493, 0.4754892907553616], [0.9845593051272684, 0.030642974687310365], [0.49084125105079024, 0.7590748662668951], [1.0, 0.0]]",21.05
ZDT6,MGPSO,23,100,0.003602,1.638477,8.733389,0.158556,1.285298,100.0000,100.0000,"[[1.0, 0.0], [0.28077716992298285, 0.9211641808500404], [0.729749736170811, 0.4674653225586318], [0.698947874852993, 0.5114718682384848], [0.2807753353321253, 5.968044565948259], [0.5785046502058862, 0.6653323696901653], [0.7218749388088141, 0.4788965727197708], [0.6849552444923588, 0.530836313042413], [0.30668780650874705, 0.9059425893388533], [0.691890630903372, 0.5212873548681338], [0.6194261566758388, 0.6163112364257992], [0.636410256548902, 0.5949819853593608], [0.903073738252193, 0.18445782327920968], [0.5564807015258167, 0.6903292288293348], [0.6453598200987379, 0.5835107026021247], [0.4038494102166096, 0.8369056538676967], [0.6276745585253135, 0.6060246485800528], [0.5635246236489178, 0.6824399985413456], [0.36906725281583597, 0.8637893628989718], [0.800577307723095, 0.35907597435884087], [0.37761524849958583, 0.857406724100596], [0.6027447563815826, 0.6366987586545065], [0.808189824110044, 0.3468292082049761], [0.7525550614682671, 0.43366087945849274], [0.4675384524457066, 0.7814077954846738], [0.7064930993318009, 0.5008675005965461], [0.7605257737715131, 0.42160054742924125], [0.49543347853753483, 0.754545668344198], [0.48612663973609105, 0.7636808901388967], [0.2807753188877269, 7.512451636430714], [0.6543983793471106, 0.571762761107875], [0.28077531883854734, 7.848156917645445], [0.8322228392246684, 0.30740514587283163], [0.7141712500854431, 0.4899594255513955], [0.3333468273410709, 0.8888798927016422], [0.2807760886007695, 3.5672457481176725], [0.41295358716132813, 0.8294693348505914], [0.28938883488829836, 0.9162541022419932], [0.36014215807612604, 0.8702976259762707], [0.7928136035482738, 0.37144659002880054], [0.9101451792453685, 0.17163575269641596], [0.8809524351658018, 0.22392280697544376], [0.38603101869890455, 0.850980052602286], [0.35106857596525254, 0.8767508549697297], [0.9390012388197079, 0.11827667349505389], [0.6775885950404898, 0.540873695871055], [0.4589479912488089, 0.7893667413286832], [0.5944111505751706, 0.646675384071902], [0.5490837810561388, 0.6985070013810943], [0.3950195835757052, 0.8439595285916764], [0.3423782215991471, 0.8827771533746053], [0.2807753266046126, 6.075109516940499], [0.8652819203982512, 0.25128719823191437], [0.4307943985775856, 0.8144161861541763], [0.2981538028928792, 0.9111043098205142], [0.8407500136854508, 0.29313941448791436], [0.92450745401299, 0.14528596747441924], [0.5029723023293122, 0.7470188630895509], [0.873097543774285, 0.23770067905531056], [0.7688082920829564, 0.4089338100244876], [0.917316451061347, 0.1585305286122154], [0.7373941345239823, 0.45624989036962715], [0.9532959204515612, 0.09122688805041068], [0.7450437816124984, 0.4449097634805478], [0.4399176368665737, 0.8064724727737294], [0.2807753188166524, 7.937470211659815], [0.9462299498509725, 0.10464888200502598], [0.6110061188000019, 0.626671522788958], [0.966979838857388, 0.06494999124333989], [0.8241643732212071, 0.32075308591289486], [0.8883936976962776, 0.21075663789353483], [0.5203625124619974, 0.7292228556242376], [0.5864479849474132, 0.6560787609511185], [0.5111781660887088, 0.7386968825141844], [0.449462329956703, 0.7979836139498918], [0.848964167757702, 0.2792598418634724], [0.9317663985220629, 0.1318113785852243], [0.895718433935563, 0.19768848710802234], [0.5395694589410361, 0.7088647989780775], [0.4765667228207827, 0.7728841586998593], [0.31594091296892457, 0.9001813395123625], [0.9602125725527376, 0.07799181551165357], [0.2807753356476881, 5.689471927904536], [0.5299434161838816, 0.7191599756433572], [0.28077538551196846, 4.672717146861021], [0.8570343546707887, 0.2654921149140248], [0.7771710825091123, 0.39600510851161463], [0.4217863726617055, 0.822096255836881], [0.9804353410733891, 0.03874654197430705], [0.7850050284085899, 0.383767105373229], [0.8160754066676956, 0.3340209306321552], [0.9932564611343018, 0.013441602414963283], [0.6624471978786557, 0.5611637100227171], [0.9868464635622123, 0.02613405735475527], [0.2807753188915306, 6.5735412129425494], [0.5710521087855747, 0.6738994890515482], [0.9737187383807479, 0.051871818526204705], [0.6701779459020936, 0.5508615208264506], [0.32455534513126105, 0.894663827946728], [1.0, 0.0]]",20.76
ZDT6,MGPSO,24,100,0.003896,1.404076,6.866635,0.169230,1.300318,100.0000,100.0000,"[[1.0, 0.0], [0.7372545555114365, 0.45645572037763427], [0.7699085626390447, 0.4072408051750801], [0.7775449910225266, 0.39542378693577906], [0.926749873460497, 0.14113467204095287], [0.5547136118744777, 0.6922928088011714], [0.30766662641139897, 0.9053412469926286], [0.7286105231470953, 0.4691267055593161], [0.7025789133582159, 0.5063828705043886], [0.4737140339423479, 0.7755950140460681], [0.632484351512402, 0.5999635450919363], [0.4909442819699785, 0.7589737120009822], [0.9541815129038678, 0.08953764043248602], [0.4992822597833827, 0.7507172250655988], [0.28077531887687557, 7.391781722922918], [0.5624612399052361, 0.6836373536042644], [0.7196069080035368, 0.48216589795358933], [0.7539756188694227, 0.4315207661504711], [0.2807753615426689, 1.990358562145184], [0.6493139083561765, 0.5783914484152268], [0.4506499949143046, 0.7969145820837372], [0.3879408401010026, 0.8495019045817284], [0.584593346685238, 0.6582506190113531], [0.34575755097173255, 0.8804517159460298], [0.6716381886240281, 0.5489021435818344], [0.7456519632440997, 0.4440031497102198], [0.5308005417046913, 0.7182507849260062], [0.28077531881720574, 7.539077316764299], [0.28077531944415546, 6.357337849992728], [0.5916706100494131, 0.6499258892037554], [0.6949819120077478, 0.517000141982055], [0.2986728807836574, 0.9107945102843912], [0.5774695045417095, 0.6665289713243525], [0.9403442004441531, 0.11575278469104633], [0.4429379915777777, 0.8038059356170446], [0.41947962164593133, 0.8240368470237863], [0.6408810126348923, 0.589271527644075], [0.6076689470190468, 0.6307384508287628], [0.2807755612603222, 0.921165084198951], [0.5389077362164514, 0.7095784518460597], [0.546870193469007, 0.7009329914951709], [0.48252691111841695, 0.7671677800465193], [0.5994525165865003, 0.6406566803581115], [0.5146867185231241, 0.7350975817758985], [0.7619747270487423, 0.41939451533899474], [0.6870477420915442, 0.527965400086911], [0.8448698652701331, 0.2861949107584272], [0.38003840697500446, 0.8555708092239009], [0.28077531904468367, 6.8817606109367295], [0.4116621333952848, 0.8305342879284427], [0.43487660738226086, 0.8108823363516949], [0.3638928727786733, 0.8675819771408843], [0.4028116286269018, 0.837742791842943], [0.8009563948038733, 0.3584688536227819], [0.8088404017372401, 0.34577720451754], [0.33568772598430585, 0.8873137506234856], [0.5702485236242928, 0.6748166213043144], [0.9472790649001139, 0.1026623732019657], [0.7111750159953195, 0.49423009662405704], [0.37210252340003336, 0.8615397120793277], [0.42722178308543424, 0.8174815480573021], [0.3551860799724581, 0.8738428485937986], [0.9199319020605221, 0.15372529557130998], [0.8378110707423622, 0.2980726097415366], [0.6241736324282233, 0.6104072765813572], [0.2807753285329293, 6.265164206569867], [0.6638702395130323, 0.5592763050889091], [0.8238615729271082, 0.3212521086540713], [0.3267451342186086, 0.8932376172644634], [0.28077535229324846, 5.006357629149809], [0.65664135268039, 0.5688221339500676], [0.7932770978302017, 0.3707114460580926], [0.28980313535053415, 0.916014142741], [0.4579569017712196, 0.7902754761201055], [0.785888080999882, 0.3823799241423228], [0.8751372463067555, 0.23413480012662913], [0.8906288567768523, 0.20678023947635704], [0.8829820101858167, 0.2203427696882143], [0.39503015281283493, 0.8439511783686683], [0.905717286449815, 0.1796761970259838], [0.3171921294934863, 0.8993891529873874], [0.9335379407428545, 0.12850691319359075], [0.8986557152592177, 0.19241790543194381], [0.9760853852337726, 0.04725732073303768], [0.6796152530061846, 0.5381231078813397], [0.6159579725600735, 0.6205957760396839], [0.5224757840703985, 0.7270190550600223], [0.8308661308574917, 0.3096614725939014], [0.8673209483858746, 0.24775437249102705], [0.9690093010799803, 0.06102097442048815], [0.466155501751493, 0.7826990481868138], [0.9618572801357836, 0.07483057264979265], [0.9127284428525994, 0.16692678960786933], [0.8598870331618877, 0.26059429020004654], [0.9840830975918746, 0.031580457033980935], [0.992046427608822, 0.015843885468574292], [0.8164522757785694, 0.3334056813759949], [0.506936402470513, 0.7430154838502541], [0.8523779551168447, 0.2734518216308264], [1.0, 0.0]]",21.14
ZDT6,MGPSO,25,100,0.003694,1.454513,8.513217,0.019036,1.318961,100.0000,100.0000,"[[1.0, 0.0], [0.28077531925485044, 6.466335529391148], [0.4547038071548527, 0.7932444477588825], [0.2807753189116957, 6.665444585472794], [0.33539705145811605, 0.8875088178732019], [0.7664587204438136, 0.412541029855632], [0.6334468830462174, 0.5987450463590318], [0.36293665098904027, 0.8682769873688596], [0.28077531881577944, 7.1726278288598095], [0.6420644592519493, 0.587753230165502], [0.6834420398657972, 0.5329069781440781], [0.4978768371767883, 0.7521186550028378], [0.5604589164607559, 0.6858858029596355], [0.48958646231162606, 0.7603050959211868], [0.28996534546953356, 0.915920098426734], [0.7073432716577659, 0.49966549604048804], [0.35366664884177823, 0.8749199014970264], [0.5755450621562198, 0.6687478814275931], [0.5367495143184364, 0.7118999588789225], [0.5831808080948775, 0.6599001450698057], [0.5995492854381, 0.6405406543306637], [0.3444666947869962, 0.8813426961825224], [0.5913013049809006, 0.650362766727884], [0.7981029326231039, 0.3630317089384012], [0.715302771388362, 0.4883419452441288], [0.7903944311815879, 0.37527664315713405], [0.8414775338861596, 0.29191555996486707], [0.6756434281967283, 0.5435059579345725], [0.8623879170830009, 0.2562870804692432], [0.31813612935668445, 0.898789403197947], [0.388068612061495, 0.8494027523326648], [0.6510498795613872, 0.5761340543231033], [0.7747731321461228, 0.3997265937044866], [0.5292216648069938, 0.7199244294989138], [0.7230831693276993, 0.47715073023500965], [0.5680932298601016, 0.6772700821871178], [0.4633708609082601, 0.7852874452611379], [0.44706990453231843, 0.8001285004614637], [0.4220011762319338, 0.8219150072588643], [0.3967211972719987, 0.8426122916350719], [0.8342596366612978, 0.30401085863775945], [0.8056880972199751, 0.3508666899980559], [0.6166175190365933, 0.6197828352171564], [0.895397524819419, 0.19826327254725784], [0.6083158150581971, 0.6299518691500814], [0.37188679904590116, 0.8617002086953935], [0.2807753188322797, 7.0243491517554855], [0.480841827485194, 0.768791136940699], [0.5527765616720168, 0.694438072866063], [0.544701788479508, 0.7032999616272253], [0.8129942151536367, 0.33904040612672226], [0.8689115890656304, 0.2449926503874411], [0.7826218362327024, 0.38750306145175306], [0.8821345803010802, 0.22183858223703712], [0.8272593910699253, 0.3156418998866164], [0.6248978153078324, 0.6095027204234982], [0.9089259494871573, 0.17385361834886948], [0.29939696506078384, 0.9103614573123918], [0.4720390187992287, 0.7771791647310614], [0.5137302959150718, 0.7360811830590128], [0.5211876712039416, 0.728363411385012], [0.28077531892263907, 6.634453453830538], [0.4312307107437714, 0.8140400741114218], [0.9358839875059102, 0.12412116193003742], [0.3799772845516419, 0.8556172632247605], [0.929184529757033, 0.13661610966020143], [0.4141183987573728, 0.8285059518106296], [0.28077531882919315, 7.153147392736179], [0.6912200245215946, 0.5222148777003661], [0.915798130483723, 0.16131378420251774], [0.6995808367158647, 0.5105866528999307], [0.8483599435651084, 0.28028540615420616], [0.7314724332549041, 0.46494807938814986], [0.40578701588585664, 0.8353368977384515], [0.3267897224260937, 0.8932084773166766], [0.9225976150556932, 0.14881364069354708], [0.9788115753731175, 0.04192789991559598], [0.28077531928939514, 0.9211652200779382], [0.7503653304210025, 0.4369518709021797], [0.8553253214184771, 0.26841859454037886], [0.43928899355908335, 0.8070251801378476], [0.9428462645016056, 0.11104092151536837], [0.9860553611787422, 0.027694824690660313], [0.9568592617620914, 0.08442035318010555], [0.9021823954403123, 0.18606692535757996], [0.7437703677708994, 0.44680564002594103], [0.7367364566668771, 0.4572193934179346], [0.5054586842304968, 0.744511518535975], [0.9497641535314411, 0.09794805266670525], [0.9930243252756357, 0.013902689410868585], [0.8201516019854823, 0.32735134976064695], [0.8754848191018678, 0.23352633152216984], [0.6591745960181202, 0.565488851964348], [0.30885906666429697, 0.9046060769392593], [0.6672175493106767, 0.5548207418918547], [0.758763062938492, 0.424278614320198], [0.8888391555436512, 0.20996495557244899], [0.9715615311963429, 0.05606819109941763], [0.9642702505707316, 0.07018288386425853], [1.0, 0.0]]",21.09
ZDT6,MGPSO,26,100,0.003450,1.519785,8.606865,0.062019,1.293960,100.0000,100.0000,"[[1.0, 0.0], [0.8510136899261521, 0.27577569955827497], [0.8582111782997514, 0.26347357344135236], [0.7366875286136483, 0.4572914851851152], [0.28077531885489193, 7.439809495774043], [0.49543659345634783, 0.7545425818643695], [0.8727049320773361, 0.2383861015278922], [0.5460375553778866, 0.7018429881169415], [0.37491081650449665, 0.8594418796679316], [0.8088723390054586, 0.34572553919183846], [0.36271397845254516, 0.8684385698351266], [0.5075027950055011, 0.7424409130616043], [0.729174553809105, 0.4683044700772926], [0.2807754204609796, 5.862658687175607], [0.4142767656106765, 0.8283747614751567], [0.43986691860729255, 0.8065170939149255], [0.38358606100949355, 0.852861733799221], [0.6825950435837722, 0.5340640064748681], [0.3911608094375132, 0.8469932211601895], [0.6757840309014749, 0.5433159435785544], [0.6941856368961683, 0.5181063015270612], [0.9022140807647647, 0.18600975246979057], [0.5174963835141893, 0.7321974930497351], [0.551379066086811, 0.6959811254812361], [0.7725152724771227, 0.40322015378959686], [0.3311909799439784, 0.8903125348037473], [0.7962628687308997, 0.36596544388043806], [0.5362944390863171, 0.7123882746050925], [0.4885865516637975, 0.7612831815332793], [0.43166104803309224, 0.8136687396109724], [0.526446244611799, 0.7228543515341339], [0.3406089579696172, 0.8839855377508515], [0.5690046199731819, 0.6762337424491749], [0.2807753355999818, 6.1651411605699495], [0.2807754614666086, 4.1670405067060035], [0.6699880566524998, 0.5511160039430067], [0.8801097627985089, 0.2254068054267523], [0.9216805218404958, 0.15050501565983143], [0.5964261933456128, 0.6442757958912617], [0.9343234694182417, 0.1270396544942599], [0.714084876449405, 0.49008278922623805], [0.8373392995801023, 0.29886289737870364], [0.6244685454914931, 0.610039035691739], [0.5888877077653141, 0.653211267642914], [0.8230916369372643, 0.3225201572039347], [0.2807753254508434, 7.36520699369586], [0.2807769855521851, 3.8132156456814315], [0.3595534999385307, 0.870721280681953], [0.6062087918462453, 0.6325109006883156], [0.9151896237843811, 0.16242795251740305], [0.4514314588990762, 0.7962096379162517], [0.9281266465937282, 0.13858092788268073], [0.2807866374236282, 0.921158864244332], [0.8653361660513719, 0.25119331972351255], [0.2807753255027431, 7.108730741666111], [0.4224536767509117, 0.8215328909996362], [0.7448459931468567, 0.44520444649307267], [0.9669826566656786, 0.0649445417077863], [0.6399600395039405, 0.5904511478381149], [0.7653148671343011, 0.4142931541432071], [0.7812853903673158, 0.3895931387985909], [0.4054487290151152, 0.8356113281400277], [0.34939602633694533, 0.8779224167799526], [0.6558222531829296, 0.5698971722300654], [0.4706716998157294, 0.7784681509925719], [0.5793912167237055, 0.664305817983424], [0.8028019414119902, 0.3555090428651394], [0.973639292763799, 0.052026527586409244], [0.632031196556976, 0.6005365665787572], [0.501416648587014, 0.7485813445197669], [0.8949166530732368, 0.199124184052196], [0.28950473718153835, 0.9161870071494485], [0.7885043788524153, 0.37826084453056674], [0.9086176956958474, 0.17441388306836847], [0.947235047593551, 0.10274576461044305], [0.6479595002207834, 0.5801484860736326], [0.9537904153519582, 0.09028384358273911], [0.8159865108184436, 0.33416601416234193], [0.4608968166766241, 0.7875741243773544], [0.32085309419601316, 0.8970532919448443], [0.707496883710596, 0.4994481595397954], [0.8874119980978291, 0.21249994563201857], [0.8441829321175768, 0.2873551771213707], [0.5605229290653128, 0.6858140459920423], [0.6618369378541475, 0.5619718676918453], [0.7002276287790166, 0.5096812678945157], [0.3096304322072515, 0.9041289954511507], [0.7580745123796435, 0.4253230336803657], [0.7224697201824389, 0.47803750341950835], [0.9603802840755453, 0.07766970995897482], [0.8302550918936562, 0.3106764823846565], [0.9802496087839312, 0.03911070447894982], [0.2999264397726549, 0.9100441307253], [0.9868724240327109, 0.026082818683801245], [0.7512823618885806, 0.4355748127151159], [0.993455718362575, 0.013045735652700174], [0.48027360171566025, 0.7693372674950674], [0.28077533114849007, 7.073104411286223], [0.9407636335449011, 0.11496378579939504], [1.0, 0.0]]",19.69
ZDT6,MGPSO,27,100,0.003374,1.463452,8.530552,0.140318,1.272081,100.0000,100.0000,"[[1.0, 0.0], [0.28077531885643814, 7.203394906852914], [0.4515298439752774, 0.7961207999996617], [0.6154727035659434, 0.6211933511652283], [0.46960762206674345, 0.7794686812968187], [0.5824016523475484, 0.6608083153428455], [0.4779912643818386, 0.7715243511746512], [0.38512021985949785, 0.851682416255372], [0.28146503705858406, 0.9207774329136099], [0.48495676525894627, 0.7648169358295793], [0.7831338740970429, 0.38670133524175687], [0.6651243377042118, 0.5576096153935337], [0.356078116838505, 0.873208374708744], [0.4051583900968625, 0.8358466789341186], [0.31796419311929247, 0.8988987718939973], [0.7589028552375302, 0.4240664563123243], [0.3465215490677027, 0.8799228160317197], [0.6306756556717974, 0.6022482173429484], [0.573667354648077, 0.6709057662110773], [0.5876605242509056, 0.6546551082371508], [0.33944049135259147, 0.8847801528303113], [0.6059775686922955, 0.6327911862417743], [0.7321835008637414, 0.46390732106291555], [0.6937208526123917, 0.5187513786507363], [0.28077548235443917, 5.380470753737706], [0.7107010892214833, 0.4949039617793972], [0.39684651427345996, 0.8425128441090045], [0.765099839777009, 0.4146222351731952], [0.30131240621646815, 0.9092108338600421], [0.7520301331654711, 0.43445067881112387], [0.7452258523810154, 0.4446384289429891], [0.43959914406284106, 0.8067525925392175], [0.725326280967902, 0.4739017861372721], [0.5958278197413535, 0.6449892092222652], [0.8703524475238903, 0.24248661708917374], [0.30969414183088106, 0.9040895385156341], [0.5470746725071696, 0.7007093027011732], [0.4140108401978997, 0.8285950241986292], [0.2939534024091244, 0.9135913972120994], [0.28077532761516966, 6.4249081010398665], [0.5209096637688134, 0.7286531221922617], [0.2807756876418893, 5.239066703105278], [0.8217963556109433, 0.324650749904572], [0.8015569183508799, 0.35750650664384076], [0.7747881567738563, 0.3997033121229703], [0.3630744050148127, 0.8681769764231397], [0.8470736178947973, 0.2824662858666189], [0.9110649597161178, 0.16996063917746873], [0.37480591874003866, 0.8595205232774356], [0.5659448677156165, 0.6797064067063534], [0.5606154354273056, 0.6857103335606525], [0.8409105601449595, 0.2928694298366905], [0.8072367145604658, 0.34836888666562515], [0.493128620453983, 0.7568241636891516], [0.6846913603248926, 0.531197741096448], [0.8975808364847494, 0.19434864197533752], [0.46109141552794397, 0.787394706526437], [0.2807830818152066, 5.13659306946013], [0.9446023925701483, 0.10772631995075144], [0.5394402153202494, 0.7090042540952429], [0.6554759067906999, 0.5703513356169096], [0.7022432239734352, 0.5068544543833957], [0.28078370906871297, 3.966496288986739], [0.7185033694869205, 0.48375290803594184], [0.43082393489559645, 0.8143907371210749], [0.6380010868392809, 0.5929546131918964], [0.5152037969430647, 0.7345650476154493], [0.7924433312235966, 0.37203356679924926], [0.8908687222438743, 0.20635291972756686], [0.2807754268836581, 5.58210516814394], [0.9571162047834555, 0.08392857054091452], [0.8146180380941949, 0.3363974520115649], [0.9690939371357081, 0.06085694100681216], [0.9043400882574748, 0.18216900477046272], [0.6746381596082325, 0.544863353600417], [0.8771243834897763, 0.23065281588767983], [0.28079432716088903, 0.9211545458342636], [0.9381828621121494, 0.11981291723905563], [0.2807753212097983, 6.502290958528363], [0.42427431459838927, 0.819991305972067], [0.2807753620812302, 6.016071060803193], [0.7389648291487608, 0.45393098128114273], [0.9630416902931636, 0.07255070275728648], [0.9317957755608046, 0.13175663264703863], [0.8549289889583428, 0.26909642383866583], [0.9812517768660224, 0.037144950397273835], [0.862533118185013, 0.2560366200340384], [0.5274488026322238, 0.7217977606018334], [0.9508687108808822, 0.09584869466772927], [0.9875253473405923, 0.024793688359842636], [0.6467325672064901, 0.5817369865145028], [0.8346603671313122, 0.3033420715402232], [0.3300253514416721, 0.8910832674058008], [0.9751586937965426, 0.049065521913020826], [0.828342848306491, 0.3138481256594897], [0.9246271737638043, 0.14506458953755963], [0.8840790182408257, 0.21840428950633783], [0.9177990509362371, 0.15764490210054238], [0.9938461427497234, 0.012269844541496489], [1.0, 0.0]]",19.06
ZDT6,MGPSO,28,100,0.003579,0.774016,6.470364,0.209185,1.324779,100.0000,100.0000,"[[1.0, 0.0], [0.4916656203030354, 0.7582649178120314], [0.6701133589102901, 0.5509480862099687], [0.5058551561231258, 0.744110561023648], [0.722314396333213, 0.47826191284978603], [0.7078286590180514, 0.4989785894727071], [0.6931660125442449, 0.5195208790535117], [0.8085513332156145, 0.3462447415552524], [0.7294514729060957, 0.46790054867512754], [0.6317391511306119, 0.600905644928774], [0.7583695265301698, 0.4248756612304061], [0.28077531881547724, 6.5808232228936205], [0.2807753592335963, 0.9211651976472449], [0.6234490143758817, 0.6113113264737415], [0.8013089568364279, 0.3579039556937158], [0.6067707754085623, 0.6318292261100921], [0.7438945491234735, 0.446620899784384], [0.8368037331366514, 0.299759512208564], [0.7367334279119224, 0.4572238561971482], [0.8654098224650421, 0.25106583918102443], [0.6152148302339713, 0.621510712660186], [0.787181586595965, 0.38034514972425915], [0.44814943881173597, 0.7991620804927261], [0.546952968973675, 0.7008424497308822], [0.5982686613158807, 0.6420746088873039], [0.2976254000084575, 0.9114191212698056], [0.2807753319520149, 4.036366651945416], [0.5896066021197581, 0.6523640547367933], [0.6550165684693541, 0.570953295030632], [0.6399290591124027, 0.590490799303515], [0.8438386829937758, 0.2879362770833299], [0.7941528128239008, 0.36932130988388634], [0.3457664167779386, 0.8804455850285449], [0.5392400578628246, 0.7092201599960977], [0.8509324442010487, 0.275913975406029], [0.8726604821764383, 0.23846368284758612], [0.5554685969926626, 0.691454637755003], [0.8870943416773652, 0.213063628964002], [0.9010329309685055, 0.18813965731030446], [0.5636321868516813, 0.6823187579447915], [0.5140341679809824, 0.7357688741480991], [0.6476380602701473, 0.5805649428895211], [0.9369608789786865, 0.1221043112634872], [0.6623038124051257, 0.5613536600736361], [0.894038952932252, 0.20069435063980245], [0.8297600127605729, 0.3114983212235739], [0.9656570593801732, 0.06750644366923664], [0.9151606339412529, 0.1624810140842441], [0.7510892081048461, 0.4358650014684351], [0.7659412560515946, 0.41333399227810563], [0.31368757110423307, 0.9016001077347268], [0.353727770360889, 0.8748766644755142], [0.28077531894764907, 5.183813307009548], [0.780218868322599, 0.3912585175134029], [0.3837528534165878, 0.8527337474946268], [0.4086169441864116, 0.833032192923759], [0.44034075775524073, 0.8061000170595404], [0.8581505718528675, 0.26357759602859654], [0.49867524165093935, 0.7513230033643772], [0.37725023233104493, 0.8576822622061726], [0.9080433805888168, 0.17545721896883315], [0.7004649640055887, 0.5093488342006494], [0.9795315331071421, 0.04051797564877169], [0.433646734686541, 0.8119505094957007], [0.36981577378976316, 0.8632362934562787], [0.6779839627627842, 0.5403377462364717], [0.8798976568773782, 0.22578011342169957], [0.9443541967909007, 0.10819515100341281], [0.41751742195659414, 0.8256792023627193], [0.28918556355293457, 0.9163717098325717], [0.3373285069174956, 0.8862094784208131], [0.3621038764490645, 0.8688807826605607], [0.9931893734107388, 0.013574868543984153], [0.7150630473833091, 0.48868483826689546], [0.9223705804046455, 0.14923251240399737], [0.3212253553552433, 0.8968142710768976], [0.48416490916854094, 0.7655843407298185], [0.5806613815912733, 0.6628323599285136], [0.8157855036563753, 0.3344940120241141], [0.40116765615563266, 0.8390645116545961], [0.5724212285450347, 0.6723339371109931], [0.47774458741313197, 0.7717601091974563], [0.9726453213228912, 0.05396107890868984], [0.9515182380535471, 0.0946130426514733], [0.463695018237787, 0.7849869300614584], [0.3056175824142554, 0.9065978933192658], [0.47084636934184554, 0.7783036964776024], [0.4255221238305864, 0.8189309221307071], [0.3292047645088487, 0.8916242230246735], [0.6853909989139471, 0.5302391786077418], [0.773134324725598, 0.40226331593109366], [0.9863618566645325, 0.02709028771729627], [0.5309287957134436, 0.7181146138822725], [0.8227214382355665, 0.32312943506760083], [0.45583473999114477, 0.7922146898172054], [0.5223856766375922, 0.727113204843885], [0.929637095860635, 0.13577486999980448], [0.9585758840049956, 0.08113227460404127], [0.39208657291328, 0.8462681193411192], [1.0, 0.0]]",20.60
ZDT6,MGPSO,29,100,0.002844,0.004694,7.609478,0.002942,0.100007,100.0000,100.0000,"[[1.0, 0.0], [0.5394435033280167, 0.709000706717196], [0.5314973622226948, 0.7175105539503175], [0.5642064744310745, 0.6816710542100572], [0.6156569616618113, 0.620966505557347], [0.464558914417733, 0.7841850150350174], [0.36064607592203957, 0.8699344079220345], [0.41869587522638696, 0.8246937640684098], [0.5476501376633561, 0.7000793267173071], [0.6469623206909427, 0.5814397556061898], [0.455175031341318, 0.7928156908434302], [0.5991616475339414, 0.641005320124413], [0.2807753189278842, 0.9211652202809449], [0.8337286471861785, 0.3048965428611048], [0.7932767726397103, 0.3707119619903254], [0.44567759910947147, 0.8013714776520172], [0.5729578198777247, 0.6717193366409648], [0.3529929442782668, 0.8753959812897605], [0.42781061078931426, 0.8169780812960739], [0.925914414390903, 0.14268249722315107], [0.2886958506063061, 0.9166547058427014], [0.7444098474245365, 0.4458539790573782], [0.3368504009398132, 0.886531807386687], [0.751718257103827, 0.43491966193678466], [0.6234754173966234, 0.6112784039021062], [0.7298103679044463, 0.4673768268991767], [0.7152925286577577, 0.4883565984463909], [0.7866212531447143, 0.38122700410103927], [0.6623624276437077, 0.5612760144459341], [0.8880583682864962, 0.21135233451632585], [0.5908199041840924, 0.6509318408198999], [0.6775830876798932, 0.5408811592901822], [0.881617633273242, 0.2227503487016873], [0.8479723187575293, 0.2809429466209791], [0.639150707576942, 0.5914863730038944], [0.6546589749376764, 0.5714216265335508], [0.6852250148047085, 0.530466679085887], [0.6699892601673784, 0.551114391260369], [0.773091910971229, 0.4023288971908534], [0.8267177114387724, 0.3165378255934387], [0.8129781661590697, 0.33906650134863603], [0.4010886776240725, 0.8391278726817728], [0.7004374991122315, 0.5093873098374027], [0.9131304762317224, 0.16619273337682783], [0.5237624397993982, 0.7256729066553818], [0.6928350146185266, 0.5199796425185461], [0.8198843259434572, 0.32778969207224284], [0.6074727048260066, 0.6309769128913755], [0.9067673748257521, 0.17777292795161403], [0.9005247686465827, 0.18905514105401866], [0.9322067716376977, 0.1309905349128213], [0.34493239074381266, 0.8810216458157577], [0.556042783302886, 0.6908164231367797], [0.43693246868451563, 0.8090900178092548], [0.5815119969139159, 0.6618437974451898], [0.3764735090702015, 0.8582676969683689], [0.7588579598928348, 0.4241345967072848], [0.2966507920277218, 0.9119983075893253], [0.919494587915148, 0.1545297027947521], [0.8408330065875742, 0.2929998550329004], [0.7659186299975876, 0.4133686522226184], [0.8064346643788289, 0.34966313208820554], [0.8617516143014657, 0.25738415524881786], [0.4738792638020324, 0.7754384433384438], [0.9908411107830322, 0.018233893182246996], [0.868479143597036, 0.24574397713695884], [0.7798235938016809, 0.391875162550231], [0.63131938884027, 0.601435829274348], [0.8943064081476118, 0.20021604834611728], [0.9661378350451272, 0.0665776836943146], [0.3933268713371961, 0.8452939722840928], [0.9861933248551873, 0.027422726011070986], [0.3206561201782112, 0.8971796525922566], [0.4827232560807775, 0.7669782580387721], [0.9551945581275971, 0.08760335612342451], [0.3686009767769365, 0.8641333199190884], [0.8751905891349621, 0.23404143268959798], [0.7371520642627, 0.4566068341532402], [0.3847585318086164, 0.8519608722004779], [0.9438164886492714, 0.10921043575375977], [0.4097333070946316, 0.8321186170572963], [0.5160270556758988, 0.7337160778104628], [0.9712391395692991, 0.056694533768687605], [0.9954168299365806, 0.009145334679008466], [0.5078149244320787, 0.7421240025240423], [0.3125017137355369, 0.9023426789123525], [0.499682521814374, 0.7503173773932277], [0.30472426093713, 0.9071431247963199], [0.707891929833788, 0.49888901567619537], [0.9606017710057186, 0.07724423754067689], [0.49143848813958013, 0.7584882123750838], [0.9763227221938182, 0.046793942128052435], [0.7226106629641282, 0.4778338297705431], [0.3288948070922485, 0.8918282058677527], [0.7999045101240245, 0.36015277468324436], [0.8549013412816264, 0.26914369667487614], [0.9494771094675755, 0.0984932185970977], [0.938158325497878, 0.11985895629901755], [0.9813020945530776, 0.037046199225742704], [1.0, 0.0]]",20.51
ZDT6,MGPSO,30,100,0.003630,1.900857,7.507035,0.068336,1.303832,100.0000,100.0000,"[[1.0, 0.0], [0.8174187068864832, 0.3318266576320297], [0.809383014318728, 0.3448991361323298], [0.5557870451491791, 0.6911007604443444], [0.4028530381925809, 0.837709429619007], [0.5455207986863344, 0.7024070582006239], [0.41822272960674645, 0.8250897484402823], [0.2978774849499133, 0.9112690039599142], [0.5800893993232907, 0.6634962887927438], [0.6919420370642828, 0.5212162173433307], [0.6837118547319716, 0.5325380996989674], [0.28077531935790445, 7.6695082500504075], [0.37784187093685884, 0.8572355205669341], [0.4106652634872091, 0.8313540413649811], [0.5160930723777077, 0.7336479406437382], [0.3946555269288893, 0.8442470150644807], [0.3601030078526295, 0.8703258237354891], [0.5718184817264942, 0.673023623956007], [0.7003948934918958, 0.5094469931704759], [0.8405777665839217, 0.2934290183247861], [0.280775319067204, 8.023172670454459], [0.4847000630476128, 0.7650658488816402], [0.8013266645939727, 0.3578755766106987], [0.3233344373224507, 0.8954548416413742], [0.47681258891100553, 0.7726497550559844], [0.28931071365465055, 0.9162993109646368], [0.6758866095633262, 0.5431772910129917], [0.5637100977364811, 0.682230925709927], [0.7928605087627226, 0.37137221364451667], [0.2807753190764417, 7.933169938153186], [0.8250285435869142, 0.31932790226685515], [0.3505143011245918, 0.877139724707139], [0.36953864219482435, 0.8634411919248056], [0.7844826455968387, 0.3845869787573848], [0.426362202759083, 0.8182152720584226], [0.280775349366159, 6.437530290980095], [0.3066774547417974, 0.9059489387530928], [0.5360913153386111, 0.7126061016185179], [0.7272622549605664, 0.4710896125096721], [0.3408298532194779, 0.8838350111543891], [0.46086571987713476, 0.7876027882421304], [0.280775318815382, 8.441846216468258], [0.2807753188379719, 8.299893494733022], [0.7356603855312435, 0.4588037971600222], [0.525833154338158, 0.7234994937987829], [0.8552435440297119, 0.26855848039549823], [0.7435792782054607, 0.44708985702344617], [0.4514856968115035, 0.7961606655746312], [0.5080718129520831, 0.7418630328835835], [0.8330232722877532, 0.30607222782700383], [0.3325146982082615, 0.8894339754754688], [0.4999850668254813, 0.750014932951519], [0.9219134996569445, 0.15007549915028506], [0.8705377183130842, 0.24216408099424924], [0.280775322181007, 6.853566789379909], [0.4348103073767543, 0.8109399965989325], [0.7180997494039119, 0.48433274990603903], [0.8628293566811782, 0.2555255012491442], [0.6608384168091068, 0.5632925868692332], [0.28077538252250944, 0.9211651845693385], [0.7677535743301781, 0.4105544491032357], [0.8479270967969368, 0.2810196385175182], [0.9518016123865164, 0.09407369065842763], [0.9370880606486046, 0.12186596658983717], [0.7515030619124279, 0.43524314793624563], [0.7084214543879762, 0.4981390429628245], [0.7757437231053662, 0.39822167606262493], [0.8944849406278323, 0.19989669099002327], [0.31480584225735286, 0.9008972816806387], [0.8860935747213121, 0.21483817683760642], [0.4923230467864238, 0.7576180176029328], [0.6096473454072988, 0.6283301142378337], [0.6259012040993026, 0.6082476827070431], [0.6384073866772519, 0.5924360086359217], [0.6019489931445341, 0.6376574096522816], [0.6323766738601715, 0.6000997423575463], [0.280775319402337, 7.209277484781694], [0.9072313750092719, 0.17693123219878593], [0.7595484337650551, 0.42308617676505167], [0.6176250062434356, 0.6185393516627962], [0.5877672425086874, 0.6545296686337339], [0.46880790459104105, 0.7802191485929574], [0.4433917035045386, 0.8034037972633433], [0.9657349859874411, 0.06735593683983687], [0.9295451533906415, 0.13594580780796883], [0.3862933358627624, 0.850777458668019], [0.914336639602954, 0.16398850947957788], [0.900666292106872, 0.18880023026245873], [0.6530229961828911, 0.5735609664563199], [0.9445400145753711, 0.10784416086595783], [0.9930843302596052, 0.013783512992831426], [0.5958692190430218, 0.6449398737970593], [0.6453905538645334, 0.5834710329824309], [0.8782468907263885, 0.22868239892943099], [0.9863224684827766, 0.027167988166042156], [0.9726572016700334, 0.05393796803941986], [0.6683668489610552, 0.55328575520987], [0.9589495976542963, 0.08041566915866316], [1.0, 0.0], [0.9794106252868673, 0.04075482707518763]]",18.94
