problem_name,solver_name,run_id,final_archive_size           [archive solutions at the last iteration],final_igd                    [IGD of the final archive],final_gd                     [GD of the final archive],final_hypervolume            [hypervolume of the final archive],final_spacing                [spacing of the final archive],final_spread                 [spread of the final archive],final_feasibility_pct        [% feasible in population at the last iteration],final_front_feasibility_pct  [% of returned front members satisfying all constraints],final_feasible_front         [objective vectors of FEASIBLE front members only; for honest cross-algorithm HV],p_red                        [mean relative error distance across all iterations; 0=ideal],run_time_s
BNH,MGPSO_feasarch,1,100,0.407933,0.237021,6470.967395,0.600170,0.330301,91.0000,100.0000,"[[25.012068642831398, 20.892609887496825], [0.0, 50.0], [136.0, 4.0], [18.935831715828883, 23.998188534933686], [22.866919375201654, 21.90633391717985], [53.518611371431234, 11.657603612571915], [23.940314918663542, 21.39540969155403], [49.96479236022847, 12.518496840710746], [91.2194400816044, 5.649967986644495], [107.42237573316265, 4.599713948026289], [36.226063620726265, 16.51693692583755], [89.16384243544451, 5.834190854999051], [13.672656181939434, 27.290125134733827], [69.27256326148103, 8.476953573215582], [3.2261850377766184, 38.11240634722196], [21.857367235065876, 22.4247973926081], [48.309099342233296, 12.960483881100794], [27.287691789057796, 19.89021638835776], [34.81752901930467, 16.992602336988803], [41.689211163484984, 14.7674783923054], [127.95209577002149, 4.0421962382041645], [10.04593013730413, 30.09998177722815], [30.84998423024679, 18.444904688344266], [61.98267781509159, 9.840100452114728], [14.731225217481128, 26.590379053318742], [17.89379286958863, 24.569697948385596], [2.774324485389722, 38.92748876215103], [33.37583673272543, 17.494214543817286], [16.796166493548697, 25.228210141855946], [28.623276442311685, 19.44472116345932], [100.15374948189366, 4.990419478855589], [51.71702057850047, 12.083114325531625], [19.912207518098725, 23.425099869383125], [32.23914050164111, 17.99625481560632], [58.63204384311342, 10.51493297928894], [0.10196538835828553, 47.77780633342071], [93.37141543595482, 5.470893441037399], [29.611161536065808, 18.92477262458861], [44.80539377602383, 13.879983507565498], [71.18642817560266, 8.137532473205333], [20.80307080212407, 22.949413468209706], [97.85083228382695, 5.140058019165037], [1.3404688356226566, 42.15577827400831], [133.28110381634212, 4.004684145727872], [65.51165493362113, 9.146521760867001], [11.790996444561225, 28.735434999367513], [4.247924925415942, 36.48898641943073], [0.025663945641626863, 48.87992922289635], [112.46632824091841, 4.394068339916583], [78.8678513061065, 6.98019019004545], [4.773290213555184, 35.752815642882965], [0.5815904123418544, 44.7908470865041], [109.92079579812356, 4.491597030497875], [60.44631106913283, 10.173090523863557], [125.32859890978548, 4.075245758347453], [0.8095383006243375, 43.85530269839761], [5.369183784270628, 34.982369777690295], [0.22369507824287643, 46.71172028918604], [104.94880016589804, 4.719492925745552], [1.6705557627411953, 41.35184130980597], [95.60219079323191, 5.299320129345903], [46.66316620661962, 13.419049731073393], [1.9918532699830644, 40.5278321843121], [26.127768254095777, 20.388044854913844], [43.18250389338159, 14.32931689204239], [0.38011077236747093, 45.7457735371453], [2.385542980811124, 39.71729532024975], [76.9215082167234, 7.2454164411351485], [82.97607016823645, 6.474471962843866], [6.590966498653797, 33.51057786723486], [38.88639094203086, 15.62976255175244], [114.9977625374979, 4.3090978877501245], [5.952804692638054, 34.23599764499798], [117.57464730594322, 4.234319685035377], [80.87198886635342, 6.724718463100582], [87.11504159406526, 6.031368327882246], [63.73392411457509, 9.495643836486444], [120.14002444339516, 4.171070267041414], [15.762820971623952, 25.90226915396793], [3.7223900055593786, 37.28894220995281], [8.616915331999092, 31.398149357953614], [12.67449499733798, 27.99584316478014], [73.13103307048026, 7.8151389519924255], [9.421414119331663, 30.813478723368025], [75.05868110396673, 7.516197871741772], [67.38409672491684, 8.809938632129564], [7.250418750475388, 32.79009338080313], [10.858948304789138, 29.416923667523854], [57.005810584863994, 10.888194047876773], [40.22453230808982, 15.228421683517357], [122.73709022151412, 4.117897824916067], [130.60225790821755, 4.018718453019491], [102.5120995728805, 4.850549624120733], [37.56798063617232, 16.053271688570824], [7.914013132806831, 32.09069196405005], [55.205710809808494, 11.285346228368441], [1.0851093629994575, 42.93063741578011], [0.0, 50.0], [85.03246088462187, 6.24652396746426], [136.0, 4.0]]",0.003091,43.19
BNH,MGPSO_feasarch,2,100,0.419396,0.259912,6121.878201,0.618179,0.329462,92.0000,100.0000,"[[0.0, 50.0], [56.24739826595722, 11.030073760414066], [16.502862595550393, 25.405574274415876], [28.237739978206413, 19.48745504045099], [43.6073518165328, 14.208040937636422], [49.82609989804145, 12.54444102698432], [46.69154231314427, 13.35563090741121], [98.94885280966326, 5.067056658212696], [37.47571343079089, 16.082308343234637], [51.38610306181593, 12.17855822834281], [117.26789086407368, 4.242620012936349], [39.0317712332545, 15.58963937354901], [5.504000509496711, 34.792197505413824], [4.41302294536588, 36.25501109188813], [52.955908099351035, 11.792922248008464], [4.977472942835529, 35.53874648027019], [107.68624286441074, 4.587696356582321], [112.35305919708699, 4.398146008781205], [109.99959039096576, 4.4883903029006325], [33.16551946006602, 17.5795648184218], [79.83101738603492, 6.855255427984875], [13.344124875673508, 27.505696027092895], [34.692111637420155, 17.09841065340825], [6.795716218608391, 33.322380431879026], [2.661283383071964, 39.13197682917243], [42.15419324623228, 14.629943745454636], [6.1045601930591324, 34.05759072541362], [114.77873173274102, 4.315991049370951], [14.436523459994003, 26.812249632198537], [65.38328403387364, 9.179680461555993], [67.34251292670416, 8.809071570780343], [31.858858830960987, 18.056558411487963], [69.43220137427045, 8.447757464443034], [59.74542208967005, 10.293960505310743], [20.956925455778254, 22.868843214924595], [8.815704237024248, 31.209841051337115], [30.566207215750882, 18.548544636912652], [119.81359522577621, 4.178516167114378], [105.42076982114567, 4.6956287810393995], [94.78813087893289, 5.3603235238029825], [40.648397717980814, 15.115893682391532], [12.369360040200057, 28.252363618327845], [88.44705416685173, 5.901594332341745], [101.08230328937042, 4.933773987860728], [15.484070257550236, 26.09442724468962], [8.10848933355218, 31.89367356149545], [29.408789854538746, 19.00589294529758], [84.08554102528102, 6.349515886007591], [81.93040600717492, 6.596613982180655], [7.452702807662949, 32.560178050326094], [58.046520805520096, 10.674362156923618], [45.13815661176235, 13.785980710134078], [22.255605335819627, 22.276983565489388], [1.3551292513334652, 42.119586423495036], [71.48605113233033, 8.08642795345253], [127.69813643800333, 4.0449621507825375], [61.62151190271587, 9.908212666925584], [0.6532050654669319, 44.45653883171456], [77.75472076502902, 7.129733765758861], [11.35878684949474, 29.012979665896665], [73.56842236784544, 7.745563222615092], [17.697710551388415, 24.75906265862796], [54.64004949544508, 11.4111567294229], [96.85553301842182, 5.2089050407858055], [23.278207868030215, 21.722381258740235], [3.494308935573371, 37.66365574958742], [3.9561226294569773, 36.949864942986316], [2.292914209158436, 39.86906625898709], [1.9563997824202126, 40.60038176952139], [0.4669568449462952, 45.28513482588161], [48.29478782122911, 12.934019832509474], [24.35534523966213, 21.192992627131574], [19.96741166395382, 23.536404640911442], [90.54528119137791, 5.708931684723623], [10.467753426020188, 29.758159652015102], [75.64611104661789, 7.428948830355861], [103.24636661953309, 4.809650658287426], [3.076825008983657, 38.36765409026101], [18.66240070307838, 24.165820257764445], [92.69245889207039, 5.525917320000201], [130.466863719436, 4.019683170791292], [0.8665582638853317, 43.636215424115306], [26.770275962826332, 20.133493047196367], [63.4034889839708, 9.551182384267577], [25.5067938966624, 20.668105686640068], [133.23201662060944, 4.004856025289131], [9.649949416647756, 30.49432848052859], [0.18286151260593653, 47.027272717206145], [122.37747073597305, 4.124627331810034], [125.01249264704335, 4.079907072796924], [86.23157695269148, 6.120774944735841], [35.974141211228584, 16.59569508731426], [0.02406034699703343, 48.90938040264936], [0.3096683377624895, 46.144795742695905], [0.086447019342349, 47.96249301538899], [1.1043468179858036, 42.84713436955103], [136.0, 4.0], [1.645313843136353, 41.341890750054], [0.0, 50.0], [136.0, 4.0]]",0.003213,44.12
BNH,MGPSO_feasarch,3,100,0.407989,0.253862,4738.041537,0.597004,0.316414,93.0000,100.0000,"[[0.0, 50.0], [25.78607286343397, 20.540042635996734], [21.029099181295663, 22.85648706461391], [19.917582691907267, 23.426796580664742], [72.34084044074348, 7.943527824377949], [70.69259627890605, 8.222938425782871], [22.168421817959604, 22.273503454230273], [69.0338953499243, 8.508749520825024], [56.99391301811522, 10.890062568235997], [24.550213162984754, 21.10171009018333], [31.064528647440447, 18.357681134770583], [55.18517107156299, 11.292349465385158], [13.558875714948755, 27.37737838239744], [33.95929783865138, 17.311943465101315], [29.72960906423955, 18.87841557842669], [62.246433530850794, 9.780214000543001], [28.445084585752454, 19.41067662394033], [11.172356117809606, 29.218472473625987], [18.913123027799013, 24.004388935896465], [5.879228854146701, 34.32888044704099], [53.40502295405769, 11.716118021474053], [11.913994583330906, 28.571906538412875], [58.662270571292346, 10.511388638342272], [65.63637998911298, 9.134580287087605], [14.310890287169135, 26.8281221577167], [16.937200952654578, 25.137339979799563], [8.002513660535389, 32.00528873868317], [32.517639651437115, 17.83549819816605], [27.090279145682942, 19.969692053670894], [87.00694792515765, 6.04216266110266], [38.36757910193942, 15.795809844889991], [83.10440017319291, 6.459777333400788], [88.98538469526923, 5.850815989717355], [49.5127406769003, 12.62635866423058], [39.915781513533105, 15.340595282106321], [41.47176112106119, 14.857307682428075], [75.7680393977815, 7.4110570420128425], [7.275357041374207, 32.76622864848656], [12.713493754769821, 27.96747481771061], [81.19634210702655, 6.684973123248735], [47.57079921121944, 13.124290524259917], [16.004722558730037, 25.713630040692763], [67.36132501234187, 8.80567573311788], [85.04721803808002, 6.24494498511376], [9.48463718972087, 30.595964666374634], [45.89869208850385, 13.57180001645969], [77.5500194967249, 7.157852573572667], [74.03877336228362, 7.671902660026191], [60.4164432129885, 10.142178403109313], [0.6861905642289621, 44.31805844218681], [63.94586967454114, 9.452125006513484], [17.902094519036027, 24.557393418337533], [3.6062366845874623, 37.47422078655573], [51.434351139932666, 12.147316865531042], [4.688799732123535, 35.88761100670027], [107.36971783129842, 4.602129437790888], [5.258747800029617, 35.09936314933526], [0.923874146494517, 43.46186903889962], [79.35123844252269, 6.916980929337317], [35.38406534469322, 16.785938866198755], [6.556109236490688, 33.54869308704325], [23.345330418143405, 21.690390068775237], [2.2169814953788327, 40.03041361639186], [8.740470603428983, 31.280342568101812], [2.6602685548153255, 39.15194156827202], [10.313246097630556, 29.89563843247994], [93.10805378749845, 5.492078026955456], [4.125488705524322, 36.67168734100774], [0.4915841867514219, 45.177036220495324], [15.175069940192053, 26.27426204622109], [95.2836013512008, 5.32297787723072], [99.9238358473196, 5.004767345031408], [42.93298654980732, 14.455548145508141], [3.1536514021055027, 38.31036207439974], [0.3242480277167339, 46.06576651762525], [112.31373359204792, 4.399567343577852], [117.36076542606742, 4.2400900744611185], [122.63877641633391, 4.11971762785019], [44.440984627338636, 14.011484585948374], [114.81486177013949, 4.314848096617076], [97.55022334932997, 5.1605806323380445], [109.74340888410687, 4.498860918623242], [119.93421559465854, 4.175744631395986], [1.1668134774710783, 42.653626053405475], [104.83550587150425, 4.725293609260701], [125.31944931148794, 4.075378595773096], [91.01693949903014, 5.667532574933768], [132.938526776296, 4.005949308625169], [1.8144163857870959, 40.929253020627], [130.3840016437814, 4.020285891295359], [1.535479464657852, 41.80279419746321], [36.899541504326045, 16.311507646552755], [0.03559063989411098, 48.67906190834287], [127.83105600178897, 4.043503074865554], [0.11475575355685816, 47.66559630597585], [0.2757747220902683, 47.0487835006148], [0.0, 50.0], [136.0, 4.0], [102.33023721232522, 4.860870606415857], [136.0, 4.0]]",0.003162,45.13
BNH,MGPSO_feasarch,4,100,0.413483,0.207728,4945.019345,0.581708,0.314167,94.0000,100.0000,"[[0.0, 50.0], [90.51783251920772, 5.711362120118643], [94.70003150459604, 5.367034977352851], [10.96255285218442, 29.341097672562], [69.76518769901568, 8.385001872767011], [9.35996724272938, 30.709425198865077], [51.05527526962259, 12.23953580006373], [71.55098175763507, 8.07542342416016], [84.51144944269785, 6.302781799856714], [40.75396093385717, 15.05142767209379], [82.59985234152384, 6.51792082978049], [44.20753429345489, 14.037336674269689], [92.60237208597468, 5.533319035339822], [88.46589756199913, 5.899800895409455], [7.198213323467452, 32.82857163517795], [55.90707824877772, 11.113382520065116], [21.926119277924506, 22.372147133205097], [24.38709763199202, 21.17894074773218], [4.289700300552213, 36.50283442204133], [76.97735819494531, 7.237559722055343], [26.827593194234275, 20.084399886872546], [37.345478729241364, 16.15049351990969], [38.96364569549321, 15.602734717663797], [59.07952881628439, 10.43729840223547], [8.653725445343744, 31.439689743848326], [107.96946007913351, 4.574957013419555], [19.691215943605844, 23.58152898658728], [5.371640467163523, 34.967330788406294], [20.76404980733543, 22.972760379489216], [105.598564234686, 4.686764079647984], [6.563681049124774, 33.535285923661405], [2.788806382082667, 38.888780453731584], [15.827396419942557, 25.830172220466267], [120.30762275359874, 4.1673144373335465], [115.26370629004496, 4.300843092289348], [78.82193496738026, 6.986248203946163], [73.31887108716788, 7.785131063519143], [49.36484409428311, 12.659833200552374], [10.159500091001686, 30.011634652467265], [28.260311106036006, 19.50025654134207], [101.07135486325934, 4.934429839531101], [60.927538648831934, 10.099024519636803], [122.85373029715565, 4.1157581963879135], [125.42940663680845, 4.073790393999052], [96.78970446377343, 5.213549813113547], [3.246030498033783, 38.07676814750394], [11.826146652706594, 28.674259312807113], [5.9515779342289195, 34.240149380097364], [68.0374195035509, 8.684323528126562], [75.10311603068175, 7.5095368163382075], [98.92069370727265, 5.068890761203121], [3.7395937169041558, 37.28508650217256], [62.631491341549264, 9.698357423553425], [23.212608886416348, 21.799163068995377], [32.961579864542124, 17.645952544485514], [133.33703286443767, 4.004492135061134], [16.877398859739138, 25.338694312489668], [52.670662143469585, 11.85161627940322], [103.32538808366921, 4.805322328147833], [130.66599666835788, 4.018272922868119], [35.67688921496208, 16.685197238591943], [54.24546357457829, 11.481960036138636], [25.631291029824254, 20.62818501828649], [112.79501479112082, 4.382371261777795], [47.66473828365494, 13.102642230158283], [45.93549621812065, 13.593205574670751], [13.72734531748579, 27.236746070186634], [4.800110692324858, 35.75315423839675], [1.0926581544952447, 42.92292911436484], [110.37708040553136, 4.473196249514494], [1.3814590243244689, 42.03457637864844], [31.306023521414733, 18.28097446479419], [29.79296520041556, 18.91285708848635], [117.83485185861208, 4.227404156866991], [18.663051007075968, 24.12528263175085], [14.78479198037467, 26.514175605686226], [86.47216108791437, 6.0961593082984855], [0.0534101280765623, 48.385178842714865], [64.42429055272444, 9.351754423644113], [57.51800283277228, 10.792951627023125], [7.95631407837411, 32.06971726924456], [80.71186887060604, 6.744500126050751], [128.03771509029463, 4.041284371759425], [12.72979056322574, 27.962993323555168], [34.151102395999516, 17.218301117004003], [0.8504822273195869, 43.72484815939755], [2.1985441549328435, 40.47071732743254], [66.3156656039227, 9.011089676704703], [2.458360236320737, 39.57521911277267], [0.02180837731600064, 49.20995318962245], [0.3987634733327391, 45.63451649216794], [42.86481253139466, 14.445505564930487], [0.23684220356799499, 47.49660787476104], [0.2772819049429856, 46.462184784418966], [1.8543877534004893, 41.13070544568627], [0.6655131048856642, 44.51982309292689], [17.707149555741033, 24.675739946471282], [0.0, 50.0], [136.0, 4.0], [109.98635093420945, 4.48892826043948]]",0.003294,43.43
BNH,MGPSO_feasarch,5,100,0.414138,0.272131,4228.425409,0.614389,0.330705,83.0000,100.0000,"[[25.323169851137283, 20.753673563920835], [0.0, 50.0], [136.0, 4.0], [63.87099450807506, 9.457991813426311], [80.78370734990578, 6.735611779969224], [65.66842263431415, 9.116014770873278], [35.91472406402207, 16.602560918473312], [33.268220578436754, 17.542607138998896], [4.8648663634427445, 35.621065085868445], [22.025669219202783, 22.320867659725177], [17.545351156894085, 24.769339490400814], [10.7218393963396, 29.52741244555921], [58.719513319707275, 10.495369619506992], [20.941929816939307, 22.92209988425632], [9.841098040646475, 30.278769211345473], [28.613418883318396, 19.33780267304453], [15.520921441807895, 26.026375002287587], [1.2004453336396224, 42.56541912944921], [40.21567490847987, 15.238740581735094], [27.524771552518644, 19.795911971844667], [1.4885328544865541, 41.745404461293816], [24.22097273947182, 21.26726807494575], [14.526156435841596, 26.682050128777632], [95.4896514267092, 5.307645443042741], [23.12746085910242, 21.794381232643318], [16.53839199522886, 25.40163583634557], [13.55138222022952, 27.36236171958366], [11.655122559199484, 28.797446883753807], [56.9624007868138, 10.901000941622815], [67.50875638132159, 8.797469244675677], [38.71002468488113, 15.687612727882447], [84.91437302686236, 6.259187690255655], [4.332988054771382, 36.36486971923853], [34.62916351152518, 17.08162946023172], [1.8110701749486449, 40.93915520952822], [43.34880555635554, 14.288664006991977], [7.466335467990758, 32.54546481243743], [45.0407391502901, 13.851212761856038], [29.73977150361739, 18.873970890378864], [127.46162678976728, 4.04762057403182], [41.765611156667255, 14.744583622232103], [2.521284867385751, 39.40852551485612], [32.08013007580604, 17.974652815047776], [60.453553038428765, 10.1352632081543], [19.721614421507184, 23.52854464295727], [76.85280443263704, 7.255101808984316], [82.84458013965687, 6.489594756012156], [12.549940842223949, 28.09542855831379], [2.953182380840239, 38.66414872726786], [73.00962660925798, 7.8346377461069014], [6.116183258413005, 34.07580611157861], [5.473072747317308, 34.838408918705326], [89.08339885368653, 5.841672240657259], [86.96501327326462, 6.046361081027982], [74.89663725800821, 7.540574987965675], [113.95251734918567, 4.34276793057961], [62.16372330116404, 9.803235252787346], [0.9379820610520002, 43.388976188668664], [130.26774819024502, 4.021147273821602], [8.281919003813961, 31.794149244436404], [37.28774619384646, 16.14356990133849], [108.98544790947993, 4.530601446425456], [0.3266681857821927, 46.05498711741028], [3.3501658818874485, 37.89530651752905], [26.480055413628868, 20.26130262180706], [6.769558202284714, 33.296778832767686], [78.7865775283605, 6.9909195283429995], [53.28123020739551, 11.734867616732775], [0.5029498443405445, 45.129042107859654], [69.3328142371104, 8.465914875929453], [121.9009992573929, 4.1338538337044985], [9.146928107543182, 31.047383157987046], [0.7053702964832004, 44.24885585729319], [99.83312744111976, 5.010463571567426], [124.66454410146082, 4.085209924272839], [49.91006083854829, 12.52411126116824], [116.55503542482137, 4.262530342430544], [104.28917569846982, 4.753661415037161], [133.1176096578493, 4.0052688203925815], [93.31939273341243, 5.475062246363439], [97.66696237055612, 5.152583155303093], [71.14576712331906, 8.144509015185475], [55.08327452304937, 11.31060062365431], [30.886646982990833, 18.444352327292833], [111.44008463657208, 4.431895296813869], [18.6769489589666, 24.145728853327736], [48.16873264271765, 12.975589636162926], [46.52485516126961, 13.420285312016572], [106.62258063343118, 4.637024097740165], [3.8411576284468327, 37.10314239256272], [91.14214938471981, 5.656657284723813], [51.642173366840495, 12.128064253485586], [119.1975783042582, 4.193041316826041], [102.05488141670538, 4.876643251884225], [0.10109214943023104, 47.82443060807441], [0.20922706952555853, 46.94336383617441], [2.1676158658184503, 40.133022496431266], [0.03892001459186212, 48.61474129709768], [0.0, 50.0], [136.0, 4.0]]",0.003092,44.29
BNH,MGPSO_feasarch,6,100,0.409207,0.216160,5643.418629,0.631399,0.335408,87.0000,100.0000,"[[0.0, 50.0], [136.0, 4.0], [47.89546756610724, 13.040590690458577], [16.754929878225077, 25.256557927638074], [35.39282623082502, 16.783870370895293], [34.00226486192554, 17.282845203562108], [65.2508750659485, 9.198579894075838], [12.10290682609702, 28.426597764830575], [24.08102452467034, 21.32772826280508], [29.84473330700776, 18.84366671490522], [49.52447878989723, 12.623954333649538], [61.60181272975035, 9.912686928779106], [43.03750273188796, 14.386092663630187], [41.43424562404863, 14.869074215260863], [78.33070992193942, 7.051650013641982], [44.65186935990957, 13.917041295528062], [68.84619086563814, 8.54037207916971], [107.05316439336892, 4.6167715524269], [76.37762560266907, 7.322710820060829], [19.783853237622584, 23.49946130466845], [21.98360776208925, 22.4195570062831], [27.414465257060677, 19.848927323081956], [8.129137126330788, 31.87726264925344], [11.23026075277173, 29.120795505098187], [63.37795409559638, 9.551629611233114], [74.44028161177323, 7.609956850016912], [28.609263040811538, 19.33094256875795], [38.31130463237912, 15.829225376603574], [15.789953322306149, 25.85035126299661], [18.743418955251194, 24.073386214876326], [88.58039497019037, 5.888928588286135], [72.53353528607491, 7.911895073413137], [31.15588369498461, 18.326238393926552], [36.85819129980744, 16.334947406091683], [6.802794005882775, 33.273606603005234], [86.47002228473897, 6.096377251289354], [13.96055800616485, 27.087163940251628], [95.11314859162917, 5.335749318170697], [32.56506962591025, 17.791979398780732], [82.3330691899535, 6.549067883533629], [20.78743433787909, 22.95762079239448], [5.583785601037042, 34.68715907148707], [10.40412006796307, 29.795656803908454], [4.0023225514223295, 36.917912710028915], [17.7554885707498, 24.660660701148352], [39.93222415391523, 15.356362320213222], [51.11252386518903, 12.2540016444411], [9.64409587023793, 30.487252236074124], [56.09430587676621, 11.08267071169222], [26.282111129349346, 20.32786394833723], [70.6813745837917, 8.224896381645884], [67.07554447026203, 8.858279109369471], [5.03841878324862, 35.42168625535682], [97.39039161461727, 5.171587509978039], [92.88760644429036, 5.509965024531997], [90.72111041456102, 5.693418310588275], [120.21600291993899, 4.169361982376908], [54.263200108155544, 11.47781134624736], [4.491361636042488, 36.141408942337826], [57.96025947397115, 10.665600434593722], [117.56706689996263, 4.234522870886079], [102.09372323235816, 4.874407685645946], [14.876550508818234, 26.448641704701068], [52.69397827328263, 11.879417939502599], [2.1873247570408676, 40.09121303157697], [0.8929809204550094, 43.54471268395513], [0.3068881469951441, 46.258251845951406], [59.730083601740894, 10.2844871920544], [3.5527793551884708, 37.64275958550115], [1.1727311699297354, 42.640239137402624], [0.45371912046961327, 45.354930645416815], [99.76217103793951, 5.014933484879089], [13.02376172425047, 27.737830413504156], [122.81030725107732, 4.1165522852682415], [7.454851756153387, 32.5746745066979], [6.171501236920825, 33.97665795580073], [22.9794038159418, 21.848957161826757], [112.28733263689064, 4.400523172891062], [1.8296629836283127, 40.897718898904316], [46.317885684575565, 13.456835519033573], [130.6440789657711, 4.018425504043414], [114.91466208205671, 4.3117030843973], [1.5296899531131045, 41.77747650839446], [104.52498301976972, 4.741336652671585], [25.196963924080254, 20.828090932145074], [128.0139339191553, 4.0415366054293305], [84.3834208911953, 6.316759169567619], [133.32479724033212, 4.004533793262384], [3.058124909635763, 38.412304347799655], [125.41193643716281, 4.074041535148139], [109.64996247922956, 4.502712457007026], [0.6636802169876466, 44.40669688619721], [80.3149577665532, 6.793999031597093], [9.034573732923493, 31.188208781248775], [0.022482303393567243, 48.97190401086365], [0.08113908014963955, 48.00916396608327], [0.21598143179740334, 46.86728777218548], [2.9056436195742035, 39.297450212241124], [0.0, 50.0], [136.0, 4.0]]",0.003097,44.74
BNH,MGPSO_feasarch,7,100,0.405220,0.160545,5273.480373,0.590500,0.313749,86.0000,100.0000,"[[28.860883125264856, 19.22780457631045], [0.0, 50.0], [136.0, 4.0], [14.615817005165319, 26.625756586572322], [37.1117393637861, 16.201778960743916], [88.5978490040122, 5.8872749879558155], [54.97640482045563, 11.320611265959602], [56.69196477711947, 10.93216426760172], [15.533077934975031, 26.017979477937118], [4.7930809187268775, 35.72004940695115], [43.46097793443464, 14.250087251475769], [31.33380727431556, 18.25321174678507], [48.50146616113089, 12.89987783649617], [30.10589220186923, 18.739766089376992], [3.8089821100781904, 37.15254444191339], [50.06517662940313, 12.487290497520398], [34.12060413165359, 17.22611637710689], [21.199167343673466, 22.75364208842372], [27.512372620753915, 19.789703515925616], [51.6710448723242, 12.104306778392537], [62.0119646474696, 9.824937513243583], [76.57771871042603, 7.2941083643033915], [53.31068494358179, 11.699698682946824], [46.78874889718034, 13.332667591071646], [65.74861341365921, 9.106150500721158], [40.31015174654995, 15.198580612267683], [74.77182483257076, 7.559443383306027], [22.47664112188639, 22.10384837544174], [8.526092846454716, 31.484649387265364], [60.23640829061645, 10.179822628701444], [80.34057462703473, 6.790784289504472], [19.952706880256393, 23.43549808393281], [86.45408693768054, 6.098001557432532], [67.53740943525008, 8.774373467815892], [26.20911795427418, 20.35217244654499], [90.7272596343653, 5.692877496722726], [78.4388191438632, 7.0371629969592195], [4.2903365551495725, 36.42930407380372], [84.36069639975571, 6.319246444872077], [25.03943200159533, 20.885695728360933], [32.67328295882569, 17.75084151838714], [117.4366448630749, 4.23803399606296], [105.94867682352223, 4.6695064234143935], [0.021715526653673357, 48.97221792540057], [0.4900390340915821, 45.17938660855487], [0.6889560450590423, 44.3087025997466], [103.75565580446106, 4.782002075811422], [1.1908619931963946, 42.60607532329463], [6.5052717034864145, 33.66297001399017], [35.52011529819936, 16.73744792389485], [2.923305028661113, 38.65216903718969], [63.83225241345985, 9.466569948274799], [112.70555535949876, 4.3855349547599465], [10.917643403206409, 29.365522971377608], [7.793870950832879, 32.20800339065889], [110.43141059944179, 4.471032356912977], [41.894687796705426, 14.706225034746346], [1.804745227736371, 40.951936520964146], [0.08433266229593511, 47.967662193289314], [97.1958738875222, 5.185072639477777], [18.74968620822476, 24.071297576542307], [7.140486651417964, 32.91785751009684], [17.6464700386794, 24.711423994287674], [101.5905312591679, 4.903642131244897], [23.737503681461497, 21.484393169134368], [5.32618595177995, 35.01852916602367], [0.9209327422159048, 43.45523889264251], [95.03085543818761, 5.341943843124086], [2.1472322725584805, 40.19382940211127], [82.32780743375707, 6.549685024683883], [11.827524570088892, 28.679992668259807], [124.99004767514934, 4.080243693049123], [58.50179268150369, 10.541508908713602], [13.70562753584899, 27.30286978116301], [10.111754754654978, 30.042712934015753], [92.87237767952504, 5.511205898178412], [108.17382703061172, 4.565866480363271], [127.63604487196564, 4.04565235341588], [130.38688101863704, 4.020264790453908], [122.44236692376644, 4.123398084796858], [5.875815648442181, 34.328628746132594], [0.32298956936333334, 46.07104072842781], [12.737518017989828, 27.989367370022485], [2.545516826364933, 39.36851759720477], [71.18243619196284, 8.139500732854707], [115.07423989381587, 4.306711188845418], [16.6400601343324, 25.345152294841363], [3.3699491103121444, 37.885032766034485], [133.18460676190776, 4.005025013886416], [0.18923999501220454, 46.99049635757781], [99.40261834727568, 5.037774024344017], [69.37833713039397, 8.457590180410406], [119.92453313040615, 4.175966234983932], [72.9307813814491, 7.847344688569988], [1.476684928657575, 41.78095266772196], [38.740142484207986, 15.711656322289718], [9.294183027089886, 30.781944479976833], [45.17504590226976, 13.787585421625504], [0.0, 50.0], [136.0, 4.0]]",0.003205,43.02
BNH,MGPSO_feasarch,8,100,0.412994,0.236607,5916.168607,0.651385,0.339998,90.0000,100.0000,"[[0.0, 50.0], [58.66501118085456, 10.523587179442355], [31.461727645018236, 18.2192735459818], [24.87570373338116, 20.95535640674739], [18.9869389509008, 23.955334524465975], [26.142067997491573, 20.389723054464163], [57.19435612270884, 10.826656841689513], [36.81713373389109, 16.2990927659516], [53.96462952637739, 11.548038281743857], [52.30860729534292, 11.944341387192516], [15.781137687430999, 25.858361112219704], [14.787068767134038, 26.514076848549152], [17.918199856883547, 24.581753357918295], [65.19579268616229, 9.21275785759686], [47.36881912897142, 13.177098285472582], [39.6801097611948, 15.38454210557365], [8.94924161183495, 31.084741185010877], [6.919832951753067, 33.17846101093023], [60.266852497708676, 10.201129608538782], [32.75450097491591, 17.735830441325227], [10.44722256024009, 29.76857956349635], [41.10741885326696, 14.940744070948131], [7.5803522577452025, 32.47046748561342], [61.76515575473634, 9.874324558387407], [11.237183808782204, 29.109799677102412], [28.72517076432117, 19.31811313097695], [48.99886086214195, 12.761774929199827], [63.488158689097716, 9.535042483572852], [20.12487389495332, 23.31011707851995], [21.313534121462084, 22.6839069354116], [9.682574386096071, 30.423278324591834], [76.12172964975115, 7.359574494727716], [8.26072726679615, 31.750536016113536], [80.42866826434432, 6.779750325381318], [38.18887447697824, 15.850082273117382], [44.22472254132485, 14.044352075919718], [1.959021138455229, 40.67494187996054], [109.58345025159045, 4.505464379973719], [2.289796544587494, 39.87376772320803], [22.53784500909088, 22.115732604701613], [5.68297413409924, 34.56473015880556], [34.00272366673788, 17.268993059563744], [42.783300731419615, 14.493201372610766], [23.67944977225116, 21.512623959147664], [45.74564640185966, 13.618926499488147], [1.6114608190351793, 41.42672049494823], [107.00818041931501, 4.618869215953781], [89.7322408616447, 5.781920785086264], [4.5026871080902495, 36.121269223225156], [2.683090419822711, 39.10889345930245], [68.75970736908315, 8.57187861694489], [12.891896123161114, 27.86031917979157], [66.91726096797844, 8.88909391163845], [78.25822601634309, 7.061392805630552], [84.9744787869418, 6.252735602824004], [27.494426911013306, 19.82629671651283], [13.803603388367126, 27.191107262642277], [3.0853318303518753, 38.350923875641385], [122.76933322063434, 4.1173042604455965], [16.796863254475586, 25.229936577231804], [112.19316402303251, 4.403943140589919], [87.3441406547343, 6.008622246081535], [127.99098815131863, 4.041780737660439], [1.31845771636636, 42.22652545715246], [120.17014712844095, 4.170391876830043], [74.22775342662928, 7.642640116753313], [72.30663678949338, 7.949164782182849], [4.005286488303209, 36.90177789560427], [102.01211031295327, 4.879109034800983], [3.568378352549585, 37.63474647429469], [133.29821408355906, 4.004624971783203], [82.68031535252712, 6.508581742524596], [12.071109792396946, 28.451096480528303], [125.38130194431253, 4.07448300778277], [30.159859855910316, 18.774699134726127], [70.50527832670926, 8.252442062654026], [5.141143273908044, 35.31793745258521], [0.8183010758157334, 43.80860367449935], [94.57483111833724, 5.376609928317473], [0.27377733084744027, 46.368675672467276], [117.54327879924791, 4.235161122320577], [0.43232085198338643, 45.461728604330986], [0.6489602910716787, 44.635176197482636], [99.49576697525814, 5.031826157648011], [1.0580383334511931, 43.01372150429598], [6.302093259011279, 33.88483762576699], [92.11409763382092, 5.573852592438433], [0.18779881751023553, 47.09992334592911], [35.375165062619644, 16.794259848782467], [97.01867819406158, 5.197442882358727], [104.51349819425907, 4.7419340776028225], [55.52675241092295, 11.201078615411383], [114.82635480124186, 4.31448501022785], [130.62660213620507, 4.018547637195527], [0.08017440150721304, 48.40815474904606], [0.023265156079187436, 49.24317030169692], [136.0, 4.0], [0.0, 50.0], [50.60495417072319, 12.351203949193067], [136.0, 4.0]]",0.003166,45.30
BNH,MGPSO_feasarch,9,100,0.403377,0.180054,6275.950642,0.599101,0.310547,89.0000,100.0000,"[[29.33854893085504, 19.041646138179782], [0.0, 50.0], [66.49778247138372, 8.962671628261115], [37.54298075971273, 16.07770142729202], [17.31460965955425, 24.97262251294834], [26.6630326033573, 20.1563972625093], [61.16348954223895, 9.996336261941892], [30.59602262692229, 18.53864388441258], [25.278869680466048, 20.76998499931979], [49.40658971156731, 12.649434290322684], [38.96231273941761, 15.652904151016063], [20.280715846770644, 23.24534188297875], [21.383624096527967, 22.649134497598048], [28.058942003926358, 19.593377865047902], [19.221325302630476, 23.81921839657765], [13.581086207512957, 27.336601010676212], [9.430038945014736, 30.645299871178317], [43.21428552329765, 14.320208145111305], [68.37603201530456, 8.64403787409465], [23.908767580193473, 21.402126600162084], [59.49644373089023, 10.350973306320023], [44.70859599244212, 13.89712198537675], [33.31680316475857, 17.530913520704495], [36.17128279410086, 16.531303160826422], [57.77172867105495, 10.701927845207258], [11.802122461861735, 28.680304468448817], [108.23196464198635, 4.5632960086348815], [22.593534720694763, 22.038613198134797], [15.465061079765, 26.09266221773223], [51.108226912622484, 12.244578348745666], [52.65174067360422, 11.854360099198217], [105.87663725717248, 4.6730359123637015], [16.346317514494118, 25.502372073549566], [115.32853335998296, 4.298849899409709], [127.93832789600901, 4.042343838927402], [56.08868075902353, 11.106894615157959], [40.26714095975892, 15.226793558344443], [34.69946364358712, 17.035321922854962], [73.87411009023901, 7.69755496308456], [72.01460680348653, 7.997566149984405], [62.9621750775371, 9.650462768059544], [54.42365617157468, 11.472337787679512], [112.95622197800984, 4.376707752387174], [18.19836545582649, 24.384760778724136], [96.74150990925688, 5.216957600041521], [117.77387185485131, 4.229014562490749], [98.9699977277174, 5.065680718820118], [101.24779589149635, 4.92389507958271], [14.485504469239242, 26.717864295331665], [4.538562874372487, 36.163131603001986], [87.56375891803592, 5.986984892320112], [79.46489012507837, 6.902268685789235], [32.06755486607074, 18.028467890427553], [130.59504076911338, 4.018769248131188], [47.84163805855711, 13.059896038420309], [12.656146710458572, 28.008719593732742], [70.18166560205407, 8.310572206627622], [5.0956710504192735, 35.31280297756598], [120.28139987555913, 4.167899087820499], [81.39128263140063, 6.6612941853119745], [94.47892572073508, 5.383974042388023], [6.942283850904204, 33.106734406214954], [125.35148667478416, 4.074914007652397], [83.2919636849345, 6.438414551538994], [3.914876749418295, 37.04176299038983], [103.54953384329619, 4.793121743615831], [110.57971103237423, 4.465154995729977], [5.67851572679314, 34.583715352335204], [85.40994726090771, 6.206382030732064], [46.213876585349595, 13.48946910434778], [92.12390100997906, 5.573031832580791], [89.79863873839528, 5.775882016353596], [133.27978319746921, 4.004688728793998], [10.993775762543684, 29.334807599856706], [6.318550931337013, 33.83000100663904], [64.76633587768936, 9.344709176671019], [41.65833610373621, 14.777132036040896], [1.7616102858019516, 41.34410841937529], [7.646586048178525, 32.48134596119987], [2.884462795764301, 38.74728375645877], [3.3613556074057054, 37.89485010241434], [10.214836899293001, 29.98415386724252], [122.80229991056929, 4.116699035807767], [2.0419353570757526, 40.44160691343904], [0.18028565112439193, 47.16399190972564], [2.597265249495465, 39.65863625468306], [8.154051974484613, 31.850470665791658], [0.2711997407402492, 46.41137157233074], [77.58944143945675, 7.1524222146852034], [0.9537896501973536, 43.421160392012126], [0.1500154935500292, 48.1009121924308], [0.039767158447204375, 49.01285655695608], [1.2816663534848565, 42.31714867993289], [0.7164836268461998, 44.193790423076265], [0.544351317841135, 45.006595173830476], [75.74361855983457, 7.414634614849181], [136.0, 4.0], [8.809711809734901, 31.22584711549861], [0.0, 50.0], [136.0, 4.0]]",0.003129,44.53
BNH,MGPSO_feasarch,10,100,0.416312,0.222395,5683.282568,0.649008,0.338714,86.0000,100.0000,"[[0.0, 50.0], [42.929560714384515, 14.418088441029731], [47.57120392344602, 13.131478543644075], [8.280236530472123, 31.723103079395756], [50.63436344387762, 12.346784809240994], [9.647460482489308, 30.449644221227928], [28.1115414753144, 19.582436361341873], [19.14972563332012, 23.849070773939943], [14.214176782062381, 26.903894396462412], [60.752215664460735, 10.077521047195237], [20.270102058589167, 23.235792809852992], [15.989652147989677, 25.74832883960019], [6.433162831641281, 33.68333038807677], [21.427756897383887, 22.63402435831884], [73.95446244538964, 7.685019049667458], [8.957871609425332, 31.076571097749586], [75.84555106951218, 7.399721513236701], [39.8104774228903, 15.373654846700166], [23.934272826016368, 21.39272794566695], [10.363673977497474, 29.854704398308627], [46.03677018600888, 13.54881299527628], [49.09994552803629, 12.732836216099656], [41.35477196301917, 14.879504852610914], [31.015290062570052, 18.45042986962096], [58.91350993751388, 10.454310526482516], [13.368711598835333, 27.524727376020426], [64.45479661535344, 9.34601916460524], [32.39455453782376, 17.86156433776543], [52.27008138956194, 11.947470567471434], [22.656852132563802, 22.012804331788605], [11.046020273883432, 29.269933782845207], [7.674343345481114, 32.406784767867435], [16.90703982851218, 25.163201575718567], [72.0817181509624, 7.986399608774024], [26.659679225967725, 20.204638552221237], [36.75337862534131, 16.327013601489952], [53.97326496371268, 11.567254018251239], [44.482203348398514, 13.986203596117194], [38.27841076566086, 15.83867401918193], [88.35658835209354, 5.910220779986845], [66.52461403392758, 9.006610962980993], [12.558673091275018, 28.089583442080553], [29.562781842262456, 18.976626035389856], [81.81349505763893, 6.610540306778362], [7.020180456708642, 33.02032335537921], [62.63785204745949, 9.73729077073801], [83.93688955036355, 6.365986748565482], [18.074656115181842, 24.51695949490336], [57.26249422191319, 10.817530414724803], [55.605780019814524, 11.176356868452281], [107.14888146653777, 4.6123221846181135], [70.22030209505368, 8.302546801807821], [95.22517734199013, 5.327346408744738], [77.77438672517624, 7.127042593189213], [3.48759075436227, 37.679510901135664], [33.74122082565019, 17.361716094178426], [92.86680070015109, 5.511660491942659], [1.880065178697904, 40.77793448347303], [97.53265479547646, 5.16178725837545], [119.86948160123502, 4.17722910296315], [35.26747381690569, 16.837868986479833], [25.23849149282082, 20.79780564441709], [122.67587066811949, 4.11902924920823], [3.973499752811278, 36.973154721967816], [0.6756826826328277, 44.42504132408061], [125.48084523777739, 4.073053562446117], [1.6378085305533914, 41.557341246265295], [68.36700260537864, 8.64574802998385], [99.75054011232075, 5.015667356032524], [114.71802763714521, 4.317916643284451], [1.0841101660498964, 43.06736541732654], [1.322676217171869, 42.30775649645629], [5.177989340411787, 35.25035739576131], [104.52414179508074, 4.741380402164415], [79.80190360667191, 6.85897260902807], [2.294383893130506, 39.92596423434146], [2.7946710060306916, 39.09057163918667], [3.110423485273122, 38.3281248871332], [86.09964090792394, 6.134360320288401], [130.60700617143885, 4.018685072751422], [5.8480037204178545, 34.48153284439134], [15.087852518742105, 26.314533888971653], [133.3222817475106, 4.004542381825772], [128.05130266443715, 4.04114061533242], [112.195592961552, 4.40385471837052], [4.696185722792736, 36.17311168200994], [0.5105586860480388, 45.212254890412915], [11.918896369429664, 28.65856983969178], [109.18650808632954, 4.5220703066585175], [0.8590203607441268, 43.74852205487882], [0.12937715335226913, 47.77908151276833], [101.93632129252074, 4.902159907230296], [0.36904848823127, 45.99082740992132], [0.0, 50.0], [0.06747073285116433, 48.718111231340814], [0.25394931338315263, 46.513097161949105], [136.0, 4.0], [90.61814061031686, 5.70249170085761], [117.30703872710312, 4.241551817360006], [136.0, 4.0]]",0.003203,44.27
BNH,MGPSO_feasarch,11,100,0.416538,0.223310,4144.406741,0.609862,0.338892,85.0000,100.0000,"[[0.0, 50.0], [13.027398467411786, 27.770856475770763], [59.608255488896724, 10.324773816022573], [54.507425010061624, 11.42978813134973], [49.76214271405837, 12.562922375876624], [28.878966039540252, 19.22981421486167], [52.97820849994961, 11.787511341998531], [41.994995928043274, 14.722864778881046], [61.308929336193636, 9.961312733481876], [57.90012311727489, 10.679043604164796], [21.611598988801894, 22.53104738788336], [26.387475571762856, 20.275418263125236], [30.264164178286837, 18.67073365218318], [34.18360698039301, 17.204149198245773], [38.79305201085847, 15.656776950557058], [10.693646665666973, 29.622476956242803], [31.581206696608874, 18.18501735875566], [63.046802477052736, 9.623444387016626], [19.525193119327, 23.647737906126476], [11.40110834235643, 28.98857673043809], [4.082198508000223, 36.734918731350504], [17.389193711392245, 24.876634814163374], [8.370191582937208, 31.642727024878567], [56.209127572825395, 11.040028413343496], [37.21039206732325, 16.19089236285394], [27.683666488042334, 19.76436158300466], [3.6029935650713143, 37.486289156130624], [6.351084358697973, 33.76883480339795], [9.874487297163212, 30.25795216878675], [5.7504429865530415, 34.48257270972319], [80.95292553249047, 6.714759929344718], [32.82704448790038, 17.69366581912064], [9.108735759525567, 30.94974273748425], [40.3989699281642, 15.169198492577385], [76.84502533515574, 7.2561998735212825], [78.91697065943625, 6.973719978052396], [68.76735016381588, 8.554374046598682], [23.951344282950316, 21.39767129308144], [20.57553312387989, 23.076274722484534], [95.43180551826947, 5.311938123242962], [7.008167416218808, 33.08110242613124], [5.205364588347928, 35.219181338551195], [13.814686947863967, 27.183325363637316], [43.423776398944426, 14.263518205235641], [45.00660321562655, 13.814076606324821], [16.440380306261044, 25.47183193712315], [125.29512257971348, 4.075732383726755], [12.174710294296734, 28.38010376016873], [83.0412749728379, 6.46699761035698], [97.67787465345393, 5.151837383435885], [18.486948360975084, 24.25392297817809], [7.659625910573191, 32.3459901455758], [2.3428268322399375, 39.84394287931511], [89.21997713745525, 5.828982599471765], [112.4357128963515, 4.395168120331214], [85.06558017278289, 6.242981384336423], [15.571349544557345, 26.04326193339007], [48.192998408828984, 12.968352850857105], [35.693130024480084, 16.706792357643522], [130.52480374489795, 4.019267281797114], [3.173416237375461, 38.19744918870512], [99.88713903999748, 5.007069372548692], [120.15053716433572, 4.170833344120199], [51.30332159086805, 12.179438229636567], [22.810566928631566, 21.97081872241913], [70.75478172115783, 8.212102292191801], [65.19470946973159, 9.282612947475467], [115.01500945198943, 4.308558738717401], [104.7320396806418, 4.730615634473586], [0.9506979042781021, 43.406661720409986], [87.15173604204998, 6.02771307927034], [109.84513446690381, 4.494687734894736], [1.2200841899439387, 42.502200345756265], [107.28290121590116, 4.606124389155202], [73.04556285998109, 7.965809705793136], [91.3047051282474, 5.642609640248359], [4.613678155874258, 35.97087939615383], [2.7448403394754894, 38.9944449879509], [133.1850686102125, 4.005023353524149], [127.86080239553549, 4.043179983217141], [67.02986199015456, 8.890785523973307], [46.562836699353, 13.390155954588664], [0.7194224605381887, 44.185731027128796], [0.3184790949008085, 46.62251546950152], [1.9113742965492317, 40.7212910784814], [122.73268420025423, 4.117979060699273], [1.5636536081463352, 41.585695953642485], [25.163536987563376, 20.823219157890637], [102.41121330506975, 4.856265649714553], [0.1388354384523611, 47.40812804914381], [0.47608470484408527, 45.40881595982093], [117.56171916455254, 4.234666270699091], [93.38387154145983, 5.469896434691833], [0.11957100648114481, 48.300940710056196], [0.036473343670329374, 49.05421855491528], [14.671297761678009, 26.588982480839693], [0.0, 50.0], [136.0, 4.0], [74.09399901330252, 7.663331650533916], [136.0, 4.0]]",0.003186,45.33
BNH,MGPSO_feasarch,12,100,0.423592,0.275113,5763.870678,0.684538,0.375443,94.0000,100.0000,"[[0.0, 50.0], [23.95355847549156, 21.389765264984995], [42.91434121489283, 14.412076975826496], [115.49267007421881, 4.29383652474693], [31.31946281492145, 18.257860875254288], [53.960727879990756, 11.561934791668254], [28.802552913148414, 19.296658124204306], [19.529804740366398, 23.63666800351821], [52.20512557107726, 11.9614422609219], [112.7492487185424, 4.383987899809988], [45.73846118731639, 13.613137153723907], [27.464648737330066, 19.821254579082478], [4.6789016495711415, 35.8914177776472], [11.426662853761103, 28.954190778793254], [12.9645466913393, 27.78095895257679], [20.62440605627481, 23.04527599258822], [7.061429621148229, 32.97594798171997], [47.314148303669334, 13.207425414998063], [82.2740271861201, 6.5559991022566955], [26.27404352327761, 20.34083974677212], [80.14869646628495, 6.8149313918977], [13.75165141541824, 27.2257072552083], [25.118959927903635, 20.865828637167112], [18.447641079191147, 24.243358137500678], [84.3511949211345, 6.320286983994352], [8.469690929311481, 31.585873643290054], [33.739083569445754, 17.36316867805381], [10.696825332189718, 29.57022514664475], [6.423032981943703, 33.68561084125609], [121.1049810682515, 4.150064775867991], [44.35493552929502, 14.024601283614489], [38.88693472170217, 15.629525644941154], [90.67668132702951, 5.697329247281509], [41.42249415123567, 14.85206448427715], [7.740536273010467, 32.26475673256193], [32.576034068521196, 17.797832293059216], [78.04971289367433, 7.089553237664186], [55.757332396926344, 11.154287618676872], [21.724346804424272, 22.477099058617405], [92.89271542236116, 5.509548884994393], [30.00676177457251, 18.767618923082253], [65.58977784306819, 9.199201023428952], [3.5772713487289485, 37.520999038859706], [48.987881409068365, 12.755645631051145], [5.813768869113149, 34.40396738579447], [17.434798464982592, 24.834264740712612], [1.947604910933554, 40.653674261013286], [9.929277797383602, 30.20610737003902], [118.28933671404667, 4.215599090421754], [102.38651312286312, 4.857668695675098], [40.12832727664377, 15.240162349429873], [2.289638678354529, 39.87427884602353], [4.115113885937694, 36.70041207865323], [88.54849606451995, 5.891953281078971], [36.30001335701074, 16.474996408740115], [35.009387209714234, 16.920328347566453], [104.86726069783214, 4.723664927148498], [9.189916734720969, 30.893104970340218], [16.50375220239933, 25.453074288484405], [59.44476894079323, 10.372757757332193], [129.89961525603536, 4.023996893695326], [5.226196442818567, 35.144585369069915], [63.469894686722796, 9.540335136756354], [12.179492530117983, 28.36816782282309], [57.57865932393587, 10.762933911905746], [86.42671876442488, 6.100793290248376], [37.580344648914966, 16.05495515206019], [2.6780832750778645, 39.117409827695234], [67.66551125379932, 8.780319430211728], [14.601509390465056, 26.649860186169143], [15.535733335915259, 26.01455293994676], [69.73840015236442, 8.392217150161427], [50.5912836384694, 12.353149059907206], [73.89182748494702, 7.694787869106763], [107.4181808143043, 4.599906164085896], [3.1569924260243902, 38.331475594582216], [97.50431360615266, 5.1637354448387205], [123.98758199129547, 4.096047426788022], [132.92690835716442, 4.005994906528089], [75.90475364294466, 7.391083676484982], [110.04498989068047, 4.486548202750615], [0.6866668501139378, 44.3143071217614], [71.78669294103503, 8.035683222792173], [22.814219383676615, 21.93392959525496], [126.932242145539, 4.053861155119181], [0.3487497444881931, 45.91157895203712], [99.95455078653741, 5.002843098259353], [95.1658784011737, 5.331789934059302], [61.5748515612874, 9.926110258870093], [0.5087075890470614, 45.09785737404961], [0.11228210019041192, 47.65876312568359], [0.2264296333946953, 46.711047598292694], [1.421272749984454, 41.9352951176031], [1.3660525397723964, 42.77583321619245], [0.8994031274558607, 43.518978813524335], [0.055827891560868, 48.464208724599764], [0.0, 50.0], [0.023314531631148914, 49.24237379417879], [136.0, 4.0], [135.93197909642095, 4.000002892761002]]",0.003142,43.90
BNH,MGPSO_feasarch,13,100,0.409204,0.144474,4083.232762,0.620278,0.326832,91.0000,100.0000,"[[0.0, 50.0], [45.35726004819793, 13.726736329481486], [6.92263965092514, 33.13442296306063], [43.75600761615597, 14.165073562032909], [50.16024664985956, 12.469458016437773], [103.64902310781628, 4.787742677156682], [25.404262114506594, 20.71423313563858], [39.12365926376678, 15.553234888038597], [125.43985747845066, 4.0736403746004655], [58.78389152686607, 10.484005861685457], [99.0716940306518, 5.0590787653855065], [36.151551461618126, 16.53175424755834], [101.34685186422892, 4.918013127916431], [17.142644734546014, 25.02468897640686], [26.603090192418883, 20.181189259720277], [27.86901171556395, 19.66996603721646], [53.49391841746469, 11.661758963971575], [13.348359882414048, 27.51364200659314], [82.26452250241856, 6.557116194714938], [15.14869539129678, 26.266352985439006], [16.138384185065398, 25.666405427608495], [78.11263431273285, 7.081034548181398], [21.573253951505215, 22.557087643854025], [110.67736527629826, 4.461308131859754], [22.855774535867443, 21.91280655427033], [20.46006913698175, 23.203667332329804], [66.42106292367491, 9.005680290769167], [19.238810379810122, 23.7977292289988], [88.41236064170775, 5.904899376318767], [60.68211311972164, 10.090385034348357], [92.55098388727723, 5.537551860858514], [128.03136541258698, 4.041351640904152], [76.10009241774085, 7.362706220740151], [108.32086508433726, 4.559378707503426], [80.16819888829136, 6.81246994430129], [18.182762335213376, 24.39690140358212], [120.36720682506395, 4.165990111623496], [90.46214384598841, 5.716300249226444], [14.250534287408584, 26.87299658726102], [115.46727560313431, 4.294609060140072], [31.856547881672377, 18.120915522585804], [42.1992322955511, 14.618377182994248], [64.43211452443538, 9.348919146804603], [24.144092169024525, 21.332123227895813], [117.90541025025011, 4.225548633170812], [1.0628058982106712, 42.978674668603716], [122.88087721742157, 4.115263232757822], [9.280882547858273, 30.778899318513723], [11.74426541456506, 28.72743067015021], [4.11358743672579, 36.688091792826896], [8.534729958493205, 31.53541708018925], [5.152069667498795, 35.278183138468265], [2.742262881722552, 38.979162473778], [72.25925987555122, 7.956983813376445], [57.16429512610354, 10.89985144390399], [11.017708880002914, 29.292972664624973], [33.189759306432606, 17.568411228637657], [37.678940680714405, 16.02526869334408], [74.18057067956292, 7.652492351704728], [96.86576444145018, 5.208184150633436], [40.6820062409778, 15.082030936776388], [94.679966209829, 5.368566575757949], [29.073785344656052, 19.141679374399665], [1.6298151267556529, 41.3955546288454], [51.84558826368233, 12.047584824664884], [4.627251534376273, 35.95577249660413], [0.8392671052221858, 43.731983421597405], [1.37496268128015, 42.19076471721624], [10.137132089255658, 30.020811705908912], [2.3309507302837793, 39.79548401245087], [1.9323584045017785, 40.65654553345243], [30.46640820451387, 18.60808974143253], [70.77886774762013, 8.207771898929408], [55.17849482732173, 11.306891162271313], [0.33769403200483705, 46.16544392966286], [46.98361134399564, 13.304500468713792], [12.531510614967459, 28.131902167906258], [68.49374180728941, 8.604248081887956], [133.2489452922431, 4.0047963945258775], [113.0545277498353, 4.373277715307888], [3.1672970244535543, 38.20881547575758], [84.27069519690743, 6.32911625976236], [6.341854887239069, 33.863173032557526], [34.65715632850388, 17.045808936019903], [62.471229953913195, 9.729016373002725], [130.63555157351323, 4.018485044123135], [48.578039912527124, 12.885200822422567], [3.655276827687911, 37.445030003720355], [105.97916857233386, 4.668015859124567], [7.71125085801466, 32.33518015519664], [86.31816288534719, 6.111892474890013], [0.15709108273815642, 47.26567596867378], [0.0200898765466983, 49.29632866101679], [5.760891391171031, 34.586394288120786], [0.6554711058221958, 44.473753276077765], [0.08265857226205126, 48.037352327702116], [0.5491732702926768, 45.11937534329684], [0.0, 50.0], [136.0, 4.0], [136.0, 4.0]]",0.003252,44.06
BNH,MGPSO_feasarch,14,100,0.408632,0.164402,5126.786695,0.570302,0.320304,92.0000,100.0000,"[[43.9340347010873, 14.120094030562829], [7.75765769869197, 32.245607859707604], [12.282928035095981, 28.311868783188714], [46.958037645733455, 13.311143761221683], [48.60723657136025, 12.85912907785948], [8.437111890088634, 31.57022582445265], [19.661199086790617, 23.563067979368142], [18.563417377419178, 24.180746849855495], [66.00092640529795, 9.060382679531257], [62.406359366151335, 9.746791024911825], [58.82571436034534, 10.477741648742775], [28.0471898927332, 19.563726291943865], [23.151405755803097, 21.781135453688172], [26.75544219686862, 20.11885227912444], [21.914654768267503, 22.39195260936595], [29.45474062640676, 18.98996155651448], [55.243437057871674, 11.272158557246996], [57.09745975678306, 10.878999875037554], [67.83639893074673, 8.735482355624782], [52.006901252219876, 12.008356498529846], [4.277130263994389, 36.45004317816122], [33.66601233945596, 17.39262724533093], [85.3347843694771, 6.214333779865258], [60.625310118426526, 10.10308952144947], [5.848520095507612, 34.366430927978854], [3.8158824713200374, 37.14717924992868], [24.3306421062274, 21.203856367701583], [9.168911286831953, 30.906399335849272], [71.54289852468087, 8.076792025036504], [77.22920620766303, 7.202315098226423], [83.2486155051752, 6.443339703713158], [3.4097584778233143, 37.89074503258667], [42.355161806300046, 14.621515283413263], [32.33253089543601, 17.88385712881911], [7.083946947681676, 32.951492211620206], [9.886906436061864, 30.248673364310903], [11.454497411414922, 28.9319594591362], [69.67073131633677, 8.404439595891194], [40.90262742235916, 15.055600305048142], [13.192797660430612, 27.615592586540096], [81.17579609609473, 6.687477885233044], [39.46608267394022, 15.483507759249607], [20.781185375097685, 22.96948250181171], [37.903821209522874, 15.944460908791324], [64.17994972423156, 9.40177636876135], [17.533210151230925, 24.820859953286757], [79.16905505950402, 6.940682730052117], [94.44230238116353, 5.386792952424566], [14.206795841256433, 26.928635161364518], [110.77942816715304, 4.4573073404138075], [113.03600370458682, 4.373922680635162], [25.55178432275774, 20.674269950377404], [6.454683009607763, 33.66462894801515], [36.479353662270086, 16.425750983002875], [15.322834740154748, 26.22151066480233], [4.774520793609153, 35.74495927348936], [50.348518754871485, 12.415479469882909], [103.86578809099748, 4.776099824953901], [92.23279846452479, 5.5639338997163765], [45.45658285470783, 13.701621330195557], [96.76506377201514, 5.215291365061818], [122.92601634912386, 4.1144427392284], [99.07834165964476, 5.058648111806407], [16.41603423270489, 25.454928702369003], [0.06529112677073776, 48.31028003800222], [5.297145522479042, 35.0527555916594], [10.626961669963503, 29.60615356530866], [115.38003424111938, 4.297271737541201], [2.5502723048912372, 39.46536874013215], [125.44305848925416, 4.073594457126514], [53.55652723183013, 11.643880442037275], [130.71765744692095, 4.01791586268046], [106.15794731925338, 4.659316307460711], [108.49305616111354, 4.551836955579445], [0.5686713670345804, 44.85002528398859], [0.01574401295415114, 49.124761828264205], [73.43327370356722, 7.766949666237057], [0.24277980534837806, 46.67513127938939], [86.91133761159392, 6.051743805835466], [0.7629118637378656, 44.02500452557386], [1.001077816275011, 43.19705489007909], [3.221049317862121, 38.86244310341409], [0.13202341522536526, 47.541029895063275], [133.38612111267747, 4.004326964809548], [120.33432817334234, 4.166720169579899], [101.65059600811516, 4.900121307464001], [1.4567386010551289, 42.265472714181136], [35.00471734845851, 16.926792357830102], [75.3488427103805, 7.472882727525599], [1.8917375133852476, 40.98749993636116], [2.243944627660367, 40.09510314809771], [30.952946953456994, 18.45883779853942], [128.0213462337089, 4.041457901226007], [0.40193492981219137, 45.69883354114786], [0.0, 50.0], [88.8899479447089, 5.859749209467912], [117.98531521722252, 4.22345745257267], [136.0, 4.0], [43.61013527219241, 14.489936420685062], [136.0, 4.0]]",0.003164,44.62
BNH,MGPSO_feasarch,15,100,0.426304,0.354301,4877.473374,0.620705,0.325936,87.0000,100.0000,"[[0.0, 50.0], [11.923601606520048, 28.582560694533345], [33.34738174584352, 17.54017612250572], [22.05973559248237, 22.32680803642006], [39.12022126829041, 15.564048891107994], [5.68431146158562, 34.56635656310983], [13.818762802468434, 27.17348510591956], [36.176670161527, 16.517228268058645], [109.6611436774314, 4.502250697693734], [37.61825159723034, 16.03738337706651], [74.50840492223537, 7.5995308607106065], [12.91707820596633, 27.855538756540575], [51.77062401765754, 12.065081609133841], [18.826604870737057, 24.042493763941962], [34.764853207796605, 17.001977973771105], [31.832255984762835, 18.064187532811353], [50.2353080864212, 12.442660525857551], [14.762084895878134, 26.529356737270756], [24.425226395679232, 21.20077532710077], [53.432931140780056, 11.678875152095493], [56.69336860874009, 10.942220442712998], [78.51128754295922, 7.027481571964238], [27.85858503652988, 19.657445169686202], [47.160697418585976, 13.230578468505009], [20.900524702039295, 22.898723764125464], [70.6617551965886, 8.228321414547228], [15.71978365310104, 25.895489912036844], [80.50056564746345, 6.7707692668743436], [43.90196026118064, 14.125960810567292], [65.02173419002716, 9.263206396965376], [48.72220100780275, 12.843685998969677], [55.02653456864857, 11.303766671533552], [104.96779890678475, 4.718522933262836], [1.6504781329791216, 41.3290503016882], [1.3533416658702702, 42.167559278876155], [76.49510336221363, 7.305894326295726], [30.444444985377892, 18.620856501162017], [61.46779795949787, 9.931166700829277], [63.209114656118146, 9.605358975074827], [42.20429690791708, 14.618074514534985], [10.991331967082816, 29.309172067496185], [59.89826871125123, 10.273545275696144], [10.156874991910861, 30.03302476138996], [40.652962459074146, 15.087989027571698], [88.97535313232481, 5.851753590003778], [2.6803718676871338, 39.1510053688984], [45.61796985779302, 13.698113678568882], [1.9573121564429514, 40.59754910477801], [19.844175790224583, 23.507380822351784], [112.00415688783362, 4.410857733510339], [95.7275780092654, 5.2900848884844045], [66.83817254186589, 8.901802753507097], [98.03300090049636, 5.1277344525696495], [107.31113142126317, 4.6048236324998335], [100.31340862340937, 4.9805315718700465], [84.69083699838244, 6.2832993239525425], [72.5725980625291, 7.905508212725936], [0.6317447859811027, 44.54243820438597], [26.65986973999413, 20.17231584185735], [29.176503171365596, 19.13321176583458], [121.9066665122999, 4.13374200297716], [102.59208975967398, 4.846034204149279], [58.32388652422077, 10.584331599108157], [23.19815645105013, 21.77384538430612], [5.112664658427243, 35.307990035586215], [3.547821454035118, 37.56813943721609], [91.19509530799938, 5.652072995028448], [119.3649302660403, 4.189033751436474], [3.085140518152063, 38.35134845537157], [8.631325849427792, 31.503471862608315], [82.57719559002831, 6.520555114757979], [4.517244640140367, 36.105252570567785], [9.363415012254364, 30.72190830005589], [133.18286809880834, 4.00503126694245], [114.40904721310534, 4.327820188190623], [1.0786426638906963, 42.96226041321613], [7.823090583484316, 32.186876342367256], [7.155965488854196, 33.015650076445596], [25.491314316476377, 20.67634534827421], [6.368211648285577, 33.748001181613354], [116.86210851799824, 4.253846634327274], [93.44942915171153, 5.464656450109393], [17.78759743290275, 24.62734914392871], [86.81757437612475, 6.0611704035968135], [16.74713042529712, 25.250356181422614], [124.67834831066695, 4.084996097531063], [127.53586403807762, 4.046777537035568], [68.78451680553334, 8.567246580185323], [4.114817534698322, 36.8230300437677], [2.297837877799854, 39.86831930179154], [0.07604226663010619, 48.069374710854], [0.8565246861264126, 43.78213567778038], [0.1765936111968855, 47.08499215667011], [0.4626183249518896, 45.30737894965873], [0.31082011948634203, 46.14362654858314], [0.013477192255002761, 49.18327537386027], [0.0, 50.0], [130.3525770939665, 4.020516913807247], [136.0, 4.0], [136.0, 4.0]]",0.003128,43.66
BNH,MGPSO_feasarch,16,100,0.413715,0.228965,4796.512729,0.613300,0.333381,94.0000,100.0000,"[[0.0, 50.0], [29.207500349226393, 19.115252808240008], [47.52917610940261, 13.142978740962192], [40.29190981992075, 15.193367575628294], [24.569954672007754, 21.09285568858857], [49.10922716671776, 12.7359510173452], [41.744321343177404, 14.796169216090137], [23.448361856896252, 21.62837854536818], [50.746496797598276, 12.328748898660539], [26.74985059465094, 20.11671615498681], [27.963556402323185, 19.599079379274563], [89.45816284714147, 5.8069960571106405], [33.10292152283427, 17.592744646199606], [54.04437216659338, 11.53609205003983], [18.176477737738168, 24.39762293238197], [35.985635872700556, 16.58309527543688], [64.98309246844777, 9.245562960877756], [59.312632445113934, 10.376086796440958], [63.08961682583623, 9.60882490038215], [22.320981102988398, 22.172925471510347], [16.212561851194803, 25.58222107005789], [55.7401137062794, 11.148735257459467], [20.15564732783889, 23.300023128423824], [110.22321128432773, 4.4793558679244185], [79.1533571935914, 6.942731831952887], [12.428198034822756, 28.17930457307356], [31.789893787763475, 18.082384091049743], [100.49904629663696, 4.969112439623711], [37.384682909634705, 16.112279594223935], [91.53640205063599, 5.62272572232283], [61.20403854926514, 9.99587599246621], [8.422466820902805, 31.65324841486509], [105.3296071221456, 4.7002005649672185], [5.048457673795085, 35.37457873486048], [9.857262379005288, 30.263828360986892], [67.05758793393882, 8.899729421346617], [21.234663974520345, 22.734232192341114], [68.97396915371226, 8.532009762393182], [81.22692744797853, 6.681247684075897], [1.5844212525854529, 41.49861760381196], [14.361427647406867, 26.94327923550464], [15.258309040904035, 26.252670633113226], [115.10881530580092, 4.305635576106022], [4.03194018871991, 36.82328455282392], [13.345677093696022, 27.52734543712591], [3.1129109856490595, 38.317892197930945], [98.1910771016843, 5.117109535288557], [30.414145331608005, 18.60962538949648], [4.580469137335037, 36.132698315146314], [52.357182609764294, 11.925293088268296], [5.625126008552886, 34.63571980757354], [112.6351214688006, 4.3880362940179465], [1.9237367655921904, 40.70730171875715], [57.53442630718453, 10.755277851544216], [43.125577837112814, 14.34564502074717], [72.95950381097883, 7.842711689042892], [83.23732724172876, 6.444623444970697], [107.76779608842119, 4.584011133079943], [9.090330805664722, 30.962935928690925], [19.166847223800985, 23.839225822954546], [46.05575853025461, 13.551004633494534], [127.95206568026727, 4.042196560493222], [75.01125638675242, 7.523318268724269], [87.4003519479165, 6.003068603243571], [25.748106537908576, 20.60102977431186], [3.5625912461176745, 37.544301634227814], [7.019702601157698, 33.069286900500686], [6.3323937274171485, 33.800777371462424], [2.27522247727535, 39.906419882287565], [70.94888638793977, 8.1784300165009], [95.94519052460541, 5.274157892884039], [85.34088373068423, 6.213687747641879], [1.3359530691408716, 42.34639217372161], [117.63148357021547, 4.2327993457883135], [102.90668542620391, 4.828417901726067], [133.29947976149174, 4.004620609724844], [17.202978672236956, 25.003903637817352], [77.05294874169468, 7.226949657959334], [38.78545872956249, 15.679858547239313], [1.012551166694434, 43.16628018799022], [44.66887979031731, 13.974637071176847], [130.59175007631478, 4.0187924319206285], [11.626196775068456, 28.85753657754546], [122.74256586407196, 4.117796909910403], [93.73988705272635, 5.441588440316556], [125.34584497077513, 4.074995710302828], [2.6973073493176978, 39.094002444347794], [0.4353812785884582, 45.619767669974266], [0.7800579244968885, 43.95597125681722], [7.80628036267018, 32.214750130444514], [120.15702893597705, 4.170687129843138], [0.6322756855475604, 44.774908402979534], [0.10462527729790011, 47.82673880561083], [34.58688382341967, 17.087574606571106], [10.71781890144944, 29.535811859890238], [0.048439506394370675, 48.91166103187238], [136.0, 4.0], [0.23943493220506942, 46.740107996269415], [0.0, 50.0], [136.0, 4.0]]",0.003166,44.63
BNH,MGPSO_feasarch,17,100,0.424276,0.335220,5451.892531,0.561892,0.303011,84.0000,100.0000,"[[0.0, 50.0], [136.0, 4.0], [12.10602742089705, 28.483104074763126], [29.135366090891743, 19.137382098161808], [30.64634878957218, 18.556181526891166], [18.419872788920834, 24.28419929777941], [26.414451367448905, 20.277685046703326], [55.87612412448119, 11.118708368924409], [105.64158966534025, 4.6846290994603415], [32.041267442422985, 18.00514588673263], [20.460795882833267, 23.1412479454733], [66.35184533656493, 8.994971900493343], [44.27598472230986, 14.019090117285689], [27.80492365688238, 19.714921353700152], [62.70584237227452, 9.684938843407355], [68.2299273486203, 8.657111786020629], [41.176949240787835, 14.92330985960594], [131.19005069110312, 4.0148183306468495], [103.3903403530068, 4.801775206789134], [21.577743575638316, 22.59760596446874], [11.188383490722273, 29.15194476473836], [7.2678190296468195, 32.75929584493561], [47.4989614378607, 13.144642624014576], [2.190038531712762, 40.09400345832614], [60.98668225475217, 10.032257497210967], [12.93809481598642, 27.80656613188696], [52.501551327633614, 11.89047271484262], [15.572468581356596, 25.99036575021037], [83.89464481712693, 6.370682713577015], [36.62958087327469, 16.364997192157954], [6.017894018621462, 34.17794905766299], [72.04139236754014, 7.9931062267751845], [25.097672968925547, 20.887699874943905], [94.54655339921018, 5.378778569356717], [92.35411463819128, 5.553839824354554], [39.704013629847495, 15.373880493671212], [8.729693363152302, 31.290208042704883], [77.90681404758757, 7.10896724274008], [81.87538846674408, 6.603160770937732], [107.92205563223338, 4.577077834954146], [5.451872197361304, 34.85961851263407], [50.8271073175328, 12.308293237018589], [64.5074048875976, 9.35110287697982], [1.1498973639804704, 42.707385761372066], [3.4682779933079466, 37.705168285211855], [133.58398330805528, 4.0036929580304585], [59.24106383353801, 10.38838394624399], [19.3891578646826, 23.71399764701009], [22.738044082366443, 22.04945939221087], [54.21610597553297, 11.503668309128074], [33.733753141903456, 17.44627241330078], [101.16102168288529, 4.929066859528873], [17.424052024316005, 24.866341389810525], [49.15913494641727, 12.714630600328082], [4.928064282010418, 35.54014338536902], [70.13282760736752, 8.321553573346623], [45.84829373678279, 13.584279775365406], [10.39139111877233, 29.845051675468977], [35.13877555769312, 16.872688674908236], [112.51311998771793, 4.392390847479826], [9.525387501322427, 30.557769502486888], [57.54255507826987, 10.751635019015795], [1.4595701626280722, 41.82476767485409], [90.19923081253975, 5.7397442650818356], [79.86517027122343, 6.85089951894434], [23.824197982794463, 21.445506830407282], [13.810031618474683, 27.17628871676535], [75.91117561229126, 7.390147737090748], [88.05937694515015, 5.938752102732471], [98.95400609644975, 5.066721221090445], [6.690139419960294, 33.47928333551499], [117.13095881924524, 4.246376946689613], [14.665176128389035, 26.600036951641275], [85.96431136396149, 6.148358872311164], [114.79632936291686, 4.315434067148533], [16.579540401678862, 25.418716506341013], [3.035813807883464, 38.46441377317427], [121.78433925892827, 4.136167070546787], [0.1067430913815364, 47.728293322980775], [126.46048910270324, 4.059762666399581], [3.926661039984828, 36.996365807467114], [2.5977960591122384, 39.26271064511771], [96.72447659358895, 5.21816347458158], [0.8735922117606981, 43.6284874146486], [42.71339148360546, 14.480846535715864], [4.425324204547904, 36.29109619635782], [124.08678337924245, 4.094416097513719], [73.94891430583374, 7.685883514175142], [0.24366331526614776, 46.6125113428086], [1.8122752123319321, 40.93522357379531], [0.4174872937366679, 45.5952289752112], [7.9965132049498475, 32.0167715388667], [38.23972504649303, 15.83556849263493], [128.82463280680702, 4.033387675499139], [0.6168953890412499, 44.60752211842764], [0.026881318675142617, 48.847638687414474], [110.18961709855877, 4.4807068453734304], [119.4457917317091, 4.1871138568542285], [0.0, 50.0], [136.0, 4.0]]",0.003204,44.03
BNH,MGPSO_feasarch,18,100,0.423216,0.276810,5860.040890,0.586022,0.324182,90.0000,100.0000,"[[0.0, 50.0], [136.0, 4.0], [56.937416065839145, 10.88321070680864], [27.619291273642425, 19.765417073298323], [16.22617180168495, 25.582819745619894], [110.3413458865051, 4.474622638953225], [60.651331011198586, 10.094887137233561], [58.81053044211865, 10.476539686288866], [84.83951952328565, 6.267241341607732], [112.4886146912338, 4.393268856467146], [25.331055008477783, 20.747792657691114], [28.777138611095506, 19.262149708454793], [29.964210566100682, 18.80904943189727], [24.247509724154348, 21.24375957450509], [62.46631469111326, 9.731972682597702], [17.401804800846726, 24.85383983068649], [32.312038344926385, 17.887281909859453], [26.45890516186368, 20.24304714221698], [114.66882747743784, 4.319482159562385], [37.70626415098405, 16.016713024680435], [20.912266704610204, 22.893240114049718], [33.59786880465175, 17.420718718511345], [40.75781567955164, 15.049137358492034], [130.9983646910382, 4.016038898418261], [64.43141040299419, 9.35296829600064], [119.14192761551045, 4.1943841940421835], [14.046307317946798, 27.048258257747147], [42.274873037493336, 14.613581714993998], [18.60056603318135, 24.175224586801427], [80.41691746720088, 6.7812202487745505], [45.82339434874517, 13.613613299827868], [8.249576505449078, 31.754383067432673], [12.019046982226818, 28.490835143858632], [47.59993518497552, 13.11588567101906], [15.098519699376482, 26.299677311504308], [31.092416697909186, 18.344456828287754], [72.28499843971227, 7.9527343577977465], [5.147465668056545, 35.279927680447045], [9.687660352475504, 30.45459672185698], [74.23144016182407, 7.6420711285488565], [55.090980931277315, 11.289355268697118], [4.547705949524596, 36.057840498482534], [6.9957747931551575, 33.056955078380845], [126.14249942930297, 4.063922910454549], [1.186169015381982, 42.596179238591795], [8.941957020268024, 31.09219353600635], [6.357245815717682, 33.76332244097011], [76.25411186404888, 7.3404638548450585], [44.16042725184185, 14.12372341006538], [7.650465243143298, 32.37691951534107], [4.0186919483221, 36.87735428982474], [87.0459129183522, 6.038266966337863], [106.13584021392084, 4.660388372191534], [23.168383585421523, 21.77791346146725], [133.4893272109269, 4.0039899197681805], [0.9147923310465902, 43.46736043528412], [5.744937467464805, 34.521692497132776], [49.4763906402128, 12.631592634499906], [66.34140411654428, 8.994285156154366], [99.90190116450404, 5.006142933522124], [70.30464291146244, 8.29107795887619], [22.017881996826183, 22.3251122951337], [34.89992413019634, 16.960814280777168], [123.78364907067679, 4.099447867813794], [97.8278876717785, 5.1416162436732495], [89.22285238394934, 5.828716103379329], [1.4775821931058644, 41.77449324006838], [91.3975368526256, 5.634623414306167], [36.29413756363851, 16.474568426575832], [116.89272191360067, 4.252989820142816], [121.44557104899869, 4.143005985719196], [108.21357741996184, 4.564108228967514], [95.77368553861717, 5.286699608675548], [1.843699143820924, 40.952935987714945], [104.04380368132522, 4.766616860570679], [39.23396609204792, 15.522807926107344], [82.61255759708865, 6.516444481233943], [0.29066167615147454, 46.261580557788164], [11.288050566126147, 29.14133018859164], [0.0732324462074579, 48.12413269158928], [0.4548285674745509, 45.34684138913447], [10.381785739796383, 29.8157706349449], [51.379352275136284, 12.164196524100841], [0.17021874837427475, 47.180994480494746], [19.784168044146995, 23.54965983892052], [78.31268872849593, 7.054070069807365], [93.58320606559602, 5.454001985539897], [128.53676189621783, 4.036175469218283], [101.93550288025824, 4.88353616475473], [3.0628241132533605, 38.396942803921945], [3.512665906022941, 37.69451793140715], [0.019747167646413436, 49.04872233526517], [53.20846572093845, 11.723103576307514], [0.6685734669034329, 44.40210755054092], [12.99524517001352, 27.773234912079424], [2.1888853402963058, 40.08605447101757], [68.32821423840059, 8.653100783248806], [2.6151722193051916, 39.305438784704506], [0.0, 50.0], [136.0, 4.0]]",0.003205,45.11
BNH,MGPSO_feasarch,19,100,0.403085,0.105757,4555.720904,0.587618,0.322850,91.0000,100.0000,"[[0.0, 50.0], [32.91438760955923, 17.663885167740347], [42.31150228355622, 14.58412415633666], [40.91591367982031, 15.003739307822858], [38.16289849033291, 15.859042423815568], [46.86136174898902, 13.315465678609396], [88.49024789263372, 5.897485060668058], [45.28796336395162, 13.743848919018292], [28.945607660659277, 19.2300668334173], [8.174648925242874, 31.828885307314977], [19.440690655783705, 23.698697495196345], [26.2415996113251, 20.339301009133628], [30.31414757020071, 18.677832294588562], [21.508039181860376, 22.617782301907603], [90.61170432672387, 5.703059936211688], [101.55984190301841, 4.905444329757993], [92.74633009236089, 5.521502511108006], [18.397931240377183, 24.280900473437516], [110.77941671394387, 4.457307788240871], [27.626878834958717, 19.740642784798883], [97.11949433737766, 5.190394712985162], [9.006550799615649, 31.04698781932278], [50.49435928198159, 12.38548318753286], [24.93086140398256, 20.929322066082538], [14.458811185900377, 26.761598390276717], [36.86675444709297, 16.291611929030317], [9.829646596430507, 30.292350584467318], [48.56732080007925, 12.863484922724037], [23.798220075544602, 21.50003953439677], [86.43950831601056, 6.099488346967277], [6.718267711038452, 33.35241939586501], [22.659082696165026, 22.03777081346655], [13.416791620284451, 27.453647404139936], [10.664042210939638, 29.57611717627843], [84.41178186548117, 6.313657651914687], [15.470421285262352, 26.05921029487978], [7.419264679518351, 32.60261317619758], [17.424220993992677, 24.839772296048952], [1.4212203758572421, 42.01187433417031], [80.5848224865506, 6.760272024331059], [78.75566994351448, 6.995007524115682], [4.863817321211883, 35.665212256817725], [113.16134337840175, 4.3695710008497795], [1.7582711548411725, 41.094923779454604], [128.14409484224961, 4.040165857449283], [4.319512399307394, 36.38533623145386], [5.425102413866119, 34.898552518775375], [43.74626871583162, 14.16785788291645], [123.07967330576244, 4.111673260385446], [125.5978347733885, 4.0713922915310405], [20.453872229124197, 23.133907508836263], [99.32573699925089, 5.042699349325219], [11.54141941423254, 28.867809562792417], [35.507768697756845, 16.749651024735755], [1.1060758597620797, 42.92303289946145], [115.57463650690703, 4.291350748430061], [6.080422168991602, 34.09678164211667], [57.84733030303296, 10.753265175764392], [16.47385312126271, 25.43411711531617], [0.28836918758224406, 46.33607700628775], [120.54798603581429, 4.162007102806264], [3.37486753711933, 37.87996297577729], [0.1672244707955794, 47.16198465420576], [118.08408328579006, 4.22088746463772], [133.35439856190698, 4.004433345223772], [103.81219298786108, 4.77896872238419], [71.06497077397103, 8.158401344463686], [52.28475681731838, 11.944076309975511], [69.22593448148953, 8.485512747807414], [39.56491691885974, 15.429075730968922], [12.446593383943823, 28.203408269074625], [108.42179010801442, 4.554951023433162], [55.73403736265189, 11.145618815469913], [74.94056630302437, 7.533953175702974], [76.82940641757769, 7.2584054490133], [59.683719693627886, 10.319096621263064], [82.52709462359073, 6.526387489050544], [0.6146840868023711, 44.63532534716109], [3.8524700601412727, 37.13091388019676], [2.106417555735141, 40.264642834984116], [0.07845974118306401, 48.05292682866981], [63.184178508258256, 9.58923426378607], [34.20303106311938, 17.21420233780714], [65.34082161133817, 9.251621070559498], [2.533528367168416, 39.419520543467925], [130.7278159721094, 4.017846076589233], [61.45591336249234, 9.936266893370922], [31.586260381556492, 18.158568994448654], [0.8420016531007728, 43.76104500047651], [54.00939769119006, 11.538426809338684], [0.02232314623237154, 48.9631908594077], [72.97890838254305, 7.839584281243717], [94.90834708382793, 5.351200108943578], [0.42684692055025775, 45.486999971377614], [67.29369950097464, 8.853038972929657], [2.9379981719929473, 38.623450798861725], [136.0, 4.0], [106.1040014893252, 4.661934191020985], [0.0, 50.0], [136.0, 4.0]]",0.003162,43.66
BNH,MGPSO_feasarch,20,100,0.420907,0.260828,3550.702901,0.602387,0.325847,86.0000,100.0000,"[[0.0, 50.0], [54.16999659125369, 11.49998335543404], [34.6855569715685, 17.032820809428344], [23.034789494977932, 21.837046280969446], [29.20177219834273, 19.089375792801643], [9.09351479756118, 30.961281148749734], [15.51159093420425, 26.029712577454223], [20.658185642182243, 23.025767526073395], [50.90499655849892, 12.275945097554763], [93.42287086038434, 5.466777752230821], [31.82193850347282, 18.068393705557988], [25.51820548241173, 20.685643569343878], [61.65418783683984, 9.891400473457818], [19.576062090776787, 23.611189702207984], [123.5537896597338, 4.103356397672994], [27.971439992304962, 19.619618287080346], [24.316128180558685, 21.26881815838164], [55.8968530997352, 11.129939659132859], [3.6441189282632385, 37.412735180885385], [5.770809081333313, 34.45973988550227], [44.25553665779026, 14.024276183555099], [33.31352729555702, 17.533002229186117], [82.78070271192416, 6.496965669296316], [125.98045865690291, 4.066099637318699], [8.347418985118765, 31.657225052458585], [14.598946651306676, 26.63926794352686], [116.41912114684425, 4.266425849119285], [39.50287313573271, 15.543127611855306], [63.73903548516859, 9.600828531724247], [118.79225290366901, 4.203317453159709], [21.894777157174673, 22.436788021212777], [80.67489046995061, 6.74908375425687], [13.60482670694011, 27.320868293457114], [114.0405933734774, 4.3398547702343055], [69.24869885380616, 8.4813323507117], [133.4259780542381, 4.004195161290714], [91.2541255926676, 5.646971968799619], [89.17913547713347, 5.832770938997459], [18.511627880632396, 24.20694253515655], [6.3875074437669275, 33.761584896031], [5.219875154473984, 35.15347490816022], [30.521515840882447, 18.571976727847954], [17.49473300756872, 24.804143949509587], [95.53549110087098, 5.30425020679732], [87.00089612042802, 6.042768183873706], [7.008504980222728, 33.05505905944051], [130.92504920373017, 4.016518843810095], [74.98764633405088, 7.526867407514635], [16.51586077563905, 25.402290315072122], [97.75863662832634, 5.1463274618924055], [67.34856842887073, 8.84224595235102], [121.16244949451155, 4.148860809964976], [52.584638730242474, 11.897092210089552], [76.88508912535443, 7.2505477331857975], [71.15919100467363, 8.142204676572273], [73.03211556835552, 7.831019686304489], [2.4150936265930945, 39.63898225668222], [47.31550287184708, 13.189828629707007], [42.64336404166649, 14.486032586330222], [49.27879474749693, 12.685854829347978], [4.187786185914472, 36.64576389275233], [1.4198487634065269, 41.95420728120453], [78.73373793706813, 6.9979109543202735], [4.663361191139062, 35.9018899430658], [41.10899150862538, 14.963311422360208], [26.73828813185929, 20.138055836320277], [0.30997922583105586, 46.144026762142175], [65.40344229570917, 9.187324172273101], [59.68925794971943, 10.297135279423692], [99.9382778512028, 5.003862286963128], [106.75549226567213, 4.6307310884156845], [109.0875313494239, 4.526259859844026], [1.7264457411555658, 41.18946773418536], [111.62905465994909, 4.424780220515897], [36.18783378840649, 16.51962672284104], [102.04056937406983, 4.877467876387612], [12.012751049209076, 28.50957840075199], [104.2995678216877, 4.753115668067185], [45.83775110028452, 13.616515921109627], [11.136143811190118, 29.34757571950563], [57.68939147156186, 10.737270316908647], [1.2411433144538253, 42.8074434877131], [0.9111421718026038, 43.59541061768874], [128.4417899608282, 4.037120696436006], [2.0431713298118845, 40.406314539485415], [0.5086737753906176, 45.22617844664948], [37.67512175441915, 16.02151559276033], [10.306456517624667, 29.992645653669225], [84.84657799976836, 6.266481029238323], [3.2336472518606665, 38.17994835175186], [0.16910822852470514, 47.17009727488349], [12.680565048851232, 27.991402868276715], [7.652371487539113, 32.35340941560928], [0.018598851044200233, 49.07630781808665], [0.05812427383276295, 48.375059522276956], [0.6606337632152908, 44.42680190819047], [2.8260501809202303, 38.92414765653231], [0.0, 50.0], [136.0, 4.0], [136.0, 4.0]]",0.003262,42.61
BNH,MGPSO_feasarch,21,100,0.413960,0.277681,5677.422842,0.621090,0.331800,89.0000,100.0000,"[[0.0, 50.0], [43.08971918597211, 14.35998756941602], [38.84241071569954, 15.647510640906406], [26.921013698794397, 20.042055125281156], [41.654260309961735, 14.793833919198175], [49.28282948412809, 12.680609463213937], [6.931847413788859, 33.118899848165626], [40.235681406060706, 15.20635675144138], [0.8471050598207992, 43.73286483590944], [34.968315142789876, 16.9372277526965], [23.370092167944616, 21.683677990997808], [14.290927123895141, 26.857190709935324], [32.338463182486585, 17.883945515772027], [90.43161262239266, 5.719011662903288], [7.630576400860576, 32.38534236802319], [68.75108065621012, 8.56796571876412], [6.256876587035103, 33.90280052228887], [44.588718110638794, 13.932640439930601], [10.003224865547711, 30.146602457023747], [3.87449739505501, 37.05040900578308], [19.15903591588296, 23.83898137176226], [25.699521964042912, 20.598903487513084], [79.89072301219008, 6.847643767336064], [13.411159714690745, 27.484570586125304], [16.16448655529562, 25.61934563308525], [56.32563048622066, 11.012866416357983], [12.572364462422978, 28.116973164901204], [83.9947905714711, 6.35956133309848], [17.183274360733623, 25.017337727767057], [3.374268912657902, 37.860347641853544], [92.67806602234265, 5.527098270852572], [97.26420587550545, 5.180324225248498], [47.68379126686723, 13.096511518591948], [99.57332971835737, 5.026889862451072], [75.95866406108834, 7.383233101588065], [101.95347621848273, 4.882496259394765], [20.197202734825844, 23.27484499861243], [81.92044855613912, 6.597797963295868], [77.91077208017239, 7.108428246120448], [104.37131045516598, 4.749354593505094], [54.445628941842, 11.447382402158441], [74.02872229439807, 7.673464330500442], [18.164419396587057, 24.406202122969738], [52.68072112476389, 11.870509878404967], [2.898169978069987, 38.68675190738941], [37.57449142744671, 16.099654721954984], [21.273636982709792, 22.72712107410248], [111.80456760825017, 4.418232624066267], [124.8816062488535, 4.081880624223206], [122.1826885079679, 4.128356255657951], [88.24247527574715, 5.921140655940594], [1.0941298091421434, 42.87714985578555], [29.69189479461327, 18.91519808815599], [28.368898028741217, 19.466067773909106], [50.96114584117059, 12.26949925035399], [22.302913393138283, 22.18389884380816], [106.82772975086314, 4.627326406152484], [114.32670903535596, 4.330488281774215], [65.40948045678962, 9.164459310033969], [1.382879745169383, 42.030461638836115], [67.14195198596421, 8.883000658457814], [46.09570968629994, 13.547704757517486], [5.594503026540608, 34.67514351323252], [72.22043253867488, 7.963401412269739], [59.94873524378827, 10.238518500979144], [94.95874143181686, 5.347387487216894], [33.7064710101046, 17.428326713765305], [4.419955658962781, 36.2390268610692], [10.843685727232149, 29.4406672680095], [1.7547748799913538, 41.2125163663892], [130.3170168858615, 4.020779964683609], [31.061663183899903, 18.38157596832534], [2.080211158843343, 40.33832723940942], [58.12922895467806, 10.621630115592556], [119.51148927108781, 4.185561894931708], [11.671687142023531, 28.805183215358344], [61.9092793868747, 9.94678697184592], [24.486777304653064, 21.137684815157503], [15.197875333932988, 26.24024268689206], [133.13263647269224, 4.005213627139183], [4.984144602882081, 35.459768414520084], [70.47249790650406, 8.261482167557332], [86.09996652304051, 6.1343267164636925], [9.163491737368783, 30.8928963903955], [127.58030586183527, 4.0462766210961405], [0.31566985632532224, 46.10787699231428], [36.32842718686386, 16.466894966659304], [109.3021524034983, 4.517200010177134], [0.4548994957193949, 45.34566039115546], [2.516674663128272, 39.525273071918164], [0.6504133127742127, 44.56164405302899], [8.36329356403344, 31.647239920278615], [63.65368051900891, 9.523184444961995], [0.0853130010258423, 47.988198765648875], [116.91770201092704, 4.25229186492447], [0.1817820571588724, 47.03877748270121], [0.059551199205527254, 48.7947320801745], [0.0, 50.0], [136.0, 4.0], [136.0, 4.0]]",0.003097,45.87
BNH,MGPSO_feasarch,22,100,0.410654,0.242622,5435.947986,0.635922,0.340678,86.0000,100.0000,"[[0.0, 50.0], [136.0, 4.0], [23.28352821488039, 21.70314732154134], [12.428070092141908, 28.207570791108978], [90.43433211940368, 5.718770032424489], [59.84815649041715, 10.259750994337027], [58.32168441446689, 10.589320710291016], [5.174766423918442, 35.22898942812782], [29.561860503162233, 18.965856172848454], [22.096690825031825, 22.310264466847215], [45.55843592568314, 13.66283204988438], [104.7816602682951, 4.728060356321155], [9.094662408098795, 30.957065356853647], [26.97925888123312, 20.024263776462913], [76.95556810466485, 7.240623282113494], [37.130551890588094, 16.199917330267528], [51.83303501121776, 12.056072557247091], [10.674755893611106, 29.571258480957376], [17.38953293084229, 24.861269294687276], [9.852485346783418, 30.269754758567018], [16.326526482646926, 25.523515342346386], [28.25707487025803, 19.494235661536337], [48.73966567763953, 12.819320946656646], [109.81830266922623, 4.495786499888725], [14.32592457091773, 26.819846864051655], [6.32625834968003, 33.80813078148266], [39.630528965390255, 15.40876752290416], [63.34960100038033, 9.557715088275234], [5.721796614210709, 34.518481853293736], [19.619728410096922, 23.58603965458034], [32.21401697474977, 17.984394967196778], [24.537960549685984, 21.12471868153841], [53.421172950535336, 11.674770713487344], [65.19194037060413, 9.209432807010124], [125.18575897257136, 4.077333712699146], [92.74651876894168, 5.521487063758065], [56.637434579179285, 10.951255932282747], [79.14030019791184, 6.944437038808984], [33.32784852413952, 17.51072332267713], [67.02829058331082, 8.872987357335429], [81.37702046879701, 6.6630212959758195], [20.829212521008248, 22.938822689981365], [38.34740819109941, 15.801806558784182], [11.559143206837302, 28.88939768031125], [55.10107970426287, 11.331112673470077], [130.53451678236837, 4.019198009377343], [8.400764674178859, 31.656600862550494], [117.41892841927012, 4.23851317545962], [112.3318356888015, 4.398912724302938], [50.25936707842962, 12.439453566954473], [107.2835211841251, 4.60609580524976], [42.43096094023019, 14.55658001912666], [0.2965659581559276, 46.24727682837039], [97.47770343108952, 5.165566535286819], [13.377170025678184, 27.487479148915018], [0.16841484112224892, 47.1433696685374], [119.97357451754672, 4.174845388104875], [7.006795380406664, 33.09531922128639], [7.653386414986479, 32.35841388806824], [35.85716617079752, 16.622468700644284], [1.738054678763267, 41.122215235835924], [4.643399858658119, 35.928702742321555], [2.0799045890172314, 40.348027930256734], [2.447496182063257, 39.57245581275713], [43.919107389693096, 14.122816457585277], [2.8379459358506143, 38.817147983881426], [70.86849903707184, 8.192347437045935], [85.86615138387971, 6.158553131503529], [0.07850296513003292, 48.049710915042596], [0.02137458718732639, 48.997578450346495], [127.84602150548488, 4.043340369381209], [95.10360893355906, 5.3364664500828445], [34.576933262344404, 17.105510995387146], [122.56111278584525, 4.121165783968625], [30.828833982301987, 18.44607914964081], [99.87473478458361, 5.007848249241263], [88.13604089377634, 5.9313645815467515], [47.18010905029074, 13.256182640087921], [74.90737249899192, 7.538955853007401], [3.676508376911403, 37.3672269102401], [1.417887672179357, 41.93669160162851], [15.301276889525992, 26.16737388736029], [1.1293168228035406, 42.76806664399708], [0.8738614537860309, 43.61888762591829], [61.60980227315766, 9.90849931482653], [68.90955094519217, 8.543964411495889], [133.2554121681349, 4.004773713745993], [0.46046548735422077, 45.3257017028318], [114.86249666663927, 4.3133447582107305], [3.2384004273426554, 38.08490151569593], [0.6603533821591586, 44.423089678419785], [4.134827936280698, 36.6695395034721], [102.31103303956678, 4.861964936057644], [25.688758756736004, 20.583319075170884], [41.00358194116268, 14.983556336630016], [72.88071161762801, 7.855432055961306], [18.548543933588256, 24.193699687766877], [83.61948656129744, 6.401434651635307], [0.0, 50.0], [136.0, 4.0]]",0.003101,44.49
BNH,MGPSO_feasarch,23,100,0.414306,0.268260,6471.192002,0.607482,0.323829,93.0000,100.0000,"[[0.0, 50.0], [136.0, 4.0], [42.9098595368219, 14.415480907379957], [33.42985480767972, 17.47882301250729], [29.447381593056736, 19.001939866973153], [20.109873697958204, 23.355111386190142], [22.31099468153731, 22.197037343684716], [13.630669595771302, 27.302427300418326], [122.16111883497796, 4.128772828721202], [133.19135486810995, 4.005000781859373], [14.61636074282292, 26.62080622337993], [36.25814890965661, 16.487667837149765], [15.687515603647185, 25.942353857288534], [7.574303504808546, 32.43298201806064], [76.13859550972636, 7.357134963881509], [34.88900739187751, 16.991063406303176], [60.595848473300244, 10.106114639563058], [16.7794757877083, 25.2528945808055], [53.37719501471353, 11.709334320647809], [51.648907957333236, 12.107002957713757], [56.96756482424624, 10.871922135914065], [11.063239007553744, 29.276079158344736], [26.9551331429211, 20.037019355658146], [10.296573737264048, 29.894343754229183], [85.09982575138096, 6.2393225234357], [87.09532264378389, 6.0333344963066615], [55.1998376469389, 11.268883284179946], [58.768228237544704, 10.494042056077715], [111.63959364413756, 4.424385408386726], [25.79218678417243, 20.537054590486868], [21.188759817117216, 22.75247488621575], [28.16359546557275, 19.518356617553643], [17.817655049099905, 24.61735453405723], [39.50041619934109, 15.448962423040406], [74.45789340076402, 7.608967751599021], [102.18811667017295, 4.868989431657196], [46.36507780443618, 13.454466081108798], [130.41301410063247, 4.020073796821976], [23.43475644239888, 21.63006083552782], [72.78255476371167, 7.87132717206913], [2.5744489133960298, 39.3310983307359], [0.021709566094032903, 48.97794629717842], [8.900744496215793, 31.129288538421306], [127.65961713566618, 4.045389680239452], [5.640769265164222, 34.632455074113096], [30.748967441541446, 18.478165786453374], [49.83849892520307, 12.552806482186156], [95.53466814698056, 5.304311110621724], [0.08319603767012998, 47.98248519664162], [79.54898532839029, 6.891418819974813], [18.888850866130195, 23.999981344778227], [83.21042045238465, 6.4476853590112135], [32.073812817032405, 17.972826433783368], [89.17545221534522, 5.833112850588559], [44.62204409055154, 13.92289346701578], [2.991504281246132, 38.547820308738935], [119.44363391964559, 4.187164950492444], [9.609574532027935, 30.50515255926163], [106.77255842483783, 4.629925741587252], [69.31151135561394, 8.458814355587837], [109.13441557473392, 4.52427287262624], [5.022842509535472, 35.40910930067723], [24.5766130456702, 21.094231967197267], [11.876179262479976, 28.600849585908488], [12.726252004308288, 27.967706067140696], [67.48246484059999, 8.815997677455604], [77.8325946715303, 7.119087661287818], [65.61084206453395, 9.130498426566552], [48.09134358354653, 12.98650006434389], [114.16340934891609, 4.335816043579152], [71.09353416411096, 8.153485598888], [41.25566960002037, 14.930765078333788], [81.37289924974073, 6.6635205197381], [0.1901144293277878, 46.969909921096146], [63.93006901757907, 9.445226613064726], [0.5185840959936578, 45.037607373796924], [0.33419872534065465, 46.00694067147768], [62.36491992683043, 9.758450960512388], [99.96575135347348, 5.002141972639039], [1.2338741317006132, 42.47139937671112], [1.8209796475467674, 40.92724092810437], [124.9110368746837, 4.081434633746041], [0.7432563164254814, 44.12462779364691], [97.73948633157633, 5.147632455037207], [6.2380484683833775, 33.9017590917787], [37.876856901873424, 15.963302427341361], [2.1727596544471295, 40.126479274688336], [93.41386555014486, 5.467497497277891], [116.78508028889267, 4.256009645493142], [91.29049387474652, 5.643834531058996], [3.93333227898433, 36.98195775247278], [6.920188443620452, 33.15172871046069], [1.4978607601198912, 41.738526045429865], [0.998934971673117, 43.22018218122477], [4.462032517560912, 36.20694576100005], [3.4909536593692727, 37.744356511524686], [104.47220015616982, 4.744084748001695], [8.223209771089316, 31.789658832533622], [0.0, 50.0], [136.0, 4.0]]",0.003175,44.13
BNH,MGPSO_feasarch,24,100,0.417194,0.250472,4869.153965,0.562041,0.311979,90.0000,100.0000,"[[0.0, 50.0], [28.035403904941234, 19.571200925569695], [32.33488476435606, 17.875135241109792], [59.32218454920739, 10.368572688305633], [26.737927892405246, 20.149725325052493], [25.38129326534289, 20.73285656372073], [39.59393442851837, 15.42919487488889], [11.328199178035163, 29.051976167919292], [33.855182444008385, 17.321240048283208], [52.48501938544493, 11.899220384793576], [24.129061448980906, 21.30085629094451], [30.87178841047521, 18.42954015955783], [14.855700351281877, 26.459845061409766], [50.70812438113808, 12.325440643947005], [47.32666547428708, 13.187746790080967], [36.71808657365288, 16.337898046606742], [111.56369160602684, 4.427233571783779], [64.9601651860973, 9.249962843255314], [15.914242746223074, 25.800695553576478], [54.195017560923034, 11.518182523180677], [18.11946528364379, 24.481148091156953], [29.498514230409448, 19.038469572747672], [19.257078928648074, 23.833829673247827], [20.348106309134742, 23.19657125615727], [13.857969918608138, 27.1506107663055], [78.75894013133245, 6.99457479032457], [113.8261953681313, 4.34697069620057], [9.037172944772077, 31.03648824564795], [67.01974626844634, 8.907249828153201], [10.559162942018757, 29.682972948105448], [61.17799546801672, 9.992996052321823], [9.829565937280814, 30.3481538475926], [120.83664739512668, 4.15575605856712], [42.56252134425709, 14.509153636892076], [22.804777426494546, 21.938714133284442], [45.64767220839701, 13.639653663790725], [44.08628009450303, 14.072657578305002], [57.58212014013232, 10.755796533832331], [35.280886111120566, 16.85160948897335], [116.12411040396388, 4.274991582381178], [109.3260352313268, 4.5161975187242716], [125.73792811112055, 4.0694294808018565], [16.950318840099467, 25.128205917198347], [76.73652322286208, 7.271545818416982], [74.76636932521797, 7.560269951256945], [63.023490733269796, 9.621573493286721], [97.88076379213081, 5.1380273309206865], [12.999202736386373, 27.762039473426796], [0.9792955992558972, 43.25067386826913], [1.587999774233786, 41.631897854259975], [100.01076319939101, 4.999327441440309], [123.25392929484195, 4.108576453223512], [87.04363706315772, 6.038494361713544], [38.14586957073937, 15.871031152668486], [49.1289665080851, 12.824496255119328], [70.89474926932367, 8.194332460593827], [55.88755568839983, 11.13639400389695], [1.8954946136291246, 40.744816109352655], [7.61876002354468, 32.38960102458495], [72.75896944216524, 7.875154518148815], [4.038829099155977, 36.800366050709606], [107.02571284528567, 4.618051152728597], [82.6400407046791, 6.513253117600107], [6.374050013542143, 33.75238863252214], [8.330709274166741, 31.712016802472036], [84.76702208028036, 6.275061060155804], [93.53032042398897, 5.4582078554282925], [0.41944653502769474, 45.65954200853217], [104.66684678180161, 4.7339810402662055], [102.33617995477938, 4.860532138383362], [118.4525921168896, 4.211443183234072], [91.2736042954379, 5.645291069638041], [40.99001011751813, 14.985060371621511], [68.9238722197536, 8.541304315294463], [128.28407194218153, 4.038718451226414], [3.6219288119947723, 37.57249709320916], [0.5583093803482757, 44.889856996350936], [1.2437149403975103, 42.43081580436734], [0.17263808627832172, 47.212287611835514], [133.68020830032737, 4.003402982815537], [0.2952111851563409, 46.491078930054314], [89.19312267209845, 5.831472927252165], [2.3102275470286964, 39.83868007400619], [3.1154723092583056, 38.36962197345196], [5.77563892197548, 34.46801581178539], [5.240794726467802, 35.201933434389716], [21.85272568763721, 22.436306762067467], [95.66565182995237, 5.2946406554715875], [0.083459387864167, 48.09732463047442], [4.6482044438080425, 36.08686843896041], [80.58524108396584, 6.760219947338018], [0.7711327160030386, 44.03685607883597], [0.029085898174740495, 48.94190838430548], [2.88105919744456, 39.031831086021626], [6.995628541571998, 33.07518277634762], [12.173345667253553, 28.376147148251917], [0.0, 50.0], [136.0, 4.0], [131.02835816750934, 4.015844644073037], [106.06462263315983, 4.663849081125112]]",0.003258,45.27
BNH,MGPSO_feasarch,25,100,0.409833,0.182281,4898.516646,0.590495,0.317332,88.0000,100.0000,"[[0.0, 50.0], [25.113612146520772, 20.873571701466297], [26.299749566142847, 20.31669451730114], [87.24969821536072, 6.0179772835718754], [16.83500941362355, 25.216291836927077], [27.63098247301493, 19.738720541396923], [17.917321931291937, 24.57650228208476], [56.015384903331, 11.08159494912726], [52.38558116200301, 11.91777972224606], [42.844479715656306, 14.448958144569943], [22.44735272715118, 22.11058448626921], [85.24366689919992, 6.224000752033179], [6.826967942043899, 33.253941936288534], [19.00739192344499, 23.947545099819656], [6.163759264200139, 33.99298653058969], [20.111821524461515, 23.350021182672318], [47.585474450443925, 13.123244770336946], [73.55858780446616, 7.747116130186393], [106.705409775927, 4.6330979981354465], [7.483562197217541, 32.53655122455014], [9.627458976823343, 30.477058817258133], [3.008490207728043, 38.493163140775096], [46.01608853087305, 13.541479720296326], [39.71678388626254, 15.370583962639898], [12.237264295093036, 28.333335504906756], [91.36953531896336, 5.637029605192943], [104.46395373187038, 4.744514646108618], [77.41541245495051, 7.176449374875121], [99.97747249450914, 5.001408588695033], [69.63417690547907, 8.411054289532533], [50.80421564631882, 12.312401330738748], [14.857722877529604, 26.46434417188448], [97.7926389719539, 5.144012706080938], [11.304533414688784, 29.05428751875308], [23.804306030648902, 21.45240825722007], [93.46470739298843, 5.463437041938768], [13.112368537863732, 27.682173548221982], [44.38308749287991, 13.99092059936562], [2.6278243371076044, 39.22628129101384], [67.70289933932162, 8.768757922449801], [1.8759281797395597, 40.83979895875982], [102.21422146801403, 4.867494649598698], [32.97601005891458, 17.665396058432094], [3.932410444498034, 37.03493904550643], [49.20400169669313, 12.705405479598952], [3.4359315643434707, 37.75707057199217], [125.69531529827229, 4.070023460513039], [29.09428942745093, 19.169282869938613], [8.86384676198794, 31.163913082454798], [38.368224916805104, 15.792385412741211], [4.937521786321502, 35.52704302160062], [61.64017102813453, 9.903504336664763], [57.800580773649045, 10.691189372658425], [37.05019749457729, 16.22938257651028], [41.18470487932558, 14.917527488306128], [118.32452497110083, 4.214699552840404], [81.1594921938729, 6.689466728799671], [4.4302604788364075, 36.275575805008536], [35.64950829367232, 16.712829097638586], [34.26098594138751, 17.176612431713224], [1.5094577476533035, 41.69052194998747], [95.60982634400158, 5.298756522404943], [111.27372912214132, 4.438215268012986], [133.35698245765678, 4.00442463124431], [130.75185123427588, 4.017681518474735], [113.59385047481842, 4.354776784405263], [10.567643061455595, 29.78136058312689], [0.6613340939336034, 44.45473542050464], [115.93074140192476, 4.280688358756994], [21.301371573799777, 22.709529097890705], [65.58778827964812, 9.178624574685593], [83.1960326163868, 6.449323797327568], [13.925959453866561, 27.104003643165136], [63.48458464610884, 9.542453323420697], [54.17942828287251, 11.497105178447274], [108.98473183769222, 4.530631974538107], [71.59935020804969, 8.06724203634798], [30.40140094630561, 18.622084516489792], [75.46424536666527, 7.45959978763916], [79.22589743521237, 6.933271961100655], [15.916736276299844, 25.86145520308015], [0.4805896692731063, 45.3263560504297], [128.21737203806669, 4.0394046991151145], [5.54298815749352, 34.77565730012391], [123.21141803678084, 4.109327646047241], [31.765304259312522, 18.13157414516911], [120.75858685024416, 4.157433304382371], [2.2126222524660157, 40.04590917076497], [59.679056063025016, 10.29463611685967], [0.8500122688303111, 43.699502286525345], [0.3137632540296446, 46.14135854557814], [0.14613348833233078, 47.9384788252263], [1.2054810554556643, 42.627455606038545], [0.03695071768793443, 48.8928151822583], [89.2768662181698, 5.8237147022011815], [0.18881362409897468, 46.997398659710704], [8.154770147058516, 31.85264791872649], [0.0, 50.0], [136.0, 4.0], [136.0, 4.0]]",0.003203,44.14
BNH,MGPSO_feasarch,26,100,0.412224,0.192824,4867.738999,0.603357,0.330251,94.0000,100.0000,"[[21.32480807018141, 22.68552727716891], [54.87665207976837, 11.33849414405552], [9.730856477519172, 30.390900494713826], [11.232791677964013, 29.112564506407328], [20.204255712627642, 23.292211582621704], [58.391415403930544, 10.564853026306093], [53.13074181813148, 11.766516193381783], [24.98405942429557, 20.901985925477362], [37.83406773604118, 15.966652299795157], [56.6231652557643, 10.947176057001833], [49.558969996086844, 12.611687797556602], [46.14185861344282, 13.511495748362497], [23.742084154888268, 21.513927951722593], [17.902539404679327, 24.56793094450663], [39.3304240793874, 15.487760087091054], [65.13065786274316, 9.21696692778821], [22.505217746413763, 22.089836081784608], [60.122760887222015, 10.255836504121138], [7.074766286711685, 32.987890563230074], [9.006581528375126, 31.039364849121945], [41.065573881279725, 14.998558315116558], [28.785611870767116, 19.260269504769788], [13.701402070748019, 27.25152130463788], [10.465811115652352, 29.742625647268213], [47.84256982850842, 13.051316115582093], [61.72618346913555, 9.89875680493503], [19.0503539497509, 23.91315040073698], [12.824994550686178, 27.8913282698524], [15.774226490541531, 25.860056030012796], [6.462273140659139, 33.652379282779776], [16.806304881004586, 25.21380554634569], [30.140627654989938, 18.71560291211021], [31.600838779671044, 18.194844303169027], [4.166856504191094, 36.60992395195815], [12.010279295581087, 28.505737187819207], [84.2214195564479, 6.334532765907612], [63.38806180974291, 9.555698255534072], [86.32153617571589, 6.111546955677865], [27.393100061281746, 19.83990741216703], [33.30369381750419, 17.677206062811887], [88.45133885319386, 5.901186430876322], [34.739570745043004, 17.024885437402276], [7.691109531243002, 32.31653903792859], [1.6533545114177626, 41.32836465781976], [44.408028253878925, 13.981341999135537], [8.334780264202347, 31.673560090187912], [26.216285927830903, 20.42828078924808], [5.8756527970027435, 34.34470903776497], [5.274331557103825, 35.081046325663415], [0.856840052750532, 43.687095266408704], [42.73534918871776, 14.484166095517267], [97.27865051065041, 5.179322021502055], [104.10674922902595, 4.763280628630827], [14.769185426015273, 26.582903392649513], [101.77060763925253, 4.893111949644494], [106.46442690445585, 4.6445607382498], [90.61314047424176, 5.7029331330103705], [2.3366052826097863, 39.80835473083823], [99.54987412886557, 5.028381071241584], [82.22371414376315, 6.5619165103784205], [3.2354716738384908, 38.24068109461524], [116.12850655548185, 4.27486282742812], [2.7754839947553145, 39.01657271859194], [36.16632111375634, 16.545347556428382], [1.967955821355483, 40.57253383744263], [118.55489974234881, 4.208861480380557], [113.584392470255, 4.355096633079147], [70.60449381419707, 8.238331247522197], [94.93671861371482, 5.34905277669596], [0.45477412455769184, 45.38231967065568], [78.03388893021153, 7.091698437875409], [108.83362877327876, 4.537096933005805], [72.45853132421246, 7.965369193148176], [130.83483360896807, 4.017119393212935], [1.3674161707794252, 42.08662883525385], [123.44999539740108, 4.105147716774047], [111.23210669911737, 4.439804812706945], [133.42094105550456, 4.004211704200967], [125.95775351019248, 4.066407709371587], [4.710041394273503, 35.84045413625287], [128.39119844983009, 4.037629395886793], [50.92846827236289, 12.280757858784568], [0.6612274516566872, 44.536374794847916], [3.6305302115983684, 37.434954539351324], [76.03438856206608, 7.3722301864610635], [0.16405830430693247, 47.235242466482845], [0.2951661533576572, 46.318326467130504], [74.11395254551326, 7.66023885596347], [92.74670766384725, 5.521471598637692], [1.0987445973290209, 42.86498211560246], [0.07598455387703654, 48.110726696791716], [80.08691713926524, 6.822739413411624], [121.09633213208099, 4.150246426532006], [0.03347368764742133, 48.761808426031365], [68.78076885934118, 8.567946076173452], [67.18116543047977, 8.866731456170129], [136.0, 4.0], [0.0, 50.0], [0.0, 50.0], [136.0, 4.0]]",0.003183,44.57
BNH,MGPSO_feasarch,27,100,0.424943,0.310082,6228.116344,0.590672,0.319555,94.0000,100.0000,"[[136.0, 4.0], [0.0, 50.0], [66.16145500328759, 9.026072059078992], [64.34938555216051, 9.364613062384848], [21.740720130921964, 22.46989555796677], [50.06449933593382, 12.490637687236422], [13.829586356884747, 27.168329993618965], [24.045849703873394, 21.377901915717533], [29.283869613112266, 19.064257128265], [46.720138058438536, 13.35232289538581], [58.95154061000667, 10.452376396552994], [12.946611631995427, 27.79413982855738], [7.321938338962603, 32.70591059726706], [83.94168565643184, 6.3654540338403125], [43.389720899923674, 14.269899999983991], [67.98068803770434, 8.696298727790968], [81.77962218831391, 6.614585496747181], [15.700022922576853, 25.982639313465647], [41.764393972018084, 14.797007077173365], [22.822743411069624, 21.924978095045212], [27.901491006612673, 19.63598208098641], [124.0536102029304, 4.094959960709858], [0.8745650693031579, 43.617518585331695], [92.73208480534517, 5.522669103491678], [10.375665484319583, 29.818417953445383], [45.07018002905099, 13.812231449711796], [19.67130803641414, 23.594056324273765], [79.66197329380263, 6.876889655240559], [75.51307536551644, 7.448555445646227], [5.9858973572025835, 34.19859979664296], [8.029924466173725, 31.973977467408176], [51.704672417825435, 12.08098432437033], [128.8076907955621, 4.0335485319222935], [14.72833667566669, 26.54792879266902], [6.63876413032674, 33.45644961535062], [60.74181331137379, 10.086961478020982], [131.20061884224677, 4.014752477350893], [117.01600966304366, 4.249555506859885], [38.59335305843287, 15.726006928808976], [108.04548724998168, 4.57156524779084], [20.67151827377245, 23.021605089001845], [9.571964938472565, 30.51805840293389], [40.11119592998888, 15.249725194527187], [88.29817426549081, 5.915805249926009], [57.13945764555237, 10.842588417803814], [5.359767328682999, 34.96960792238174], [105.83894422889041, 4.674887059981267], [16.563137018860722, 25.36425985767191], [110.26111205992837, 4.4778343509840015], [119.33953744109994, 4.1896388682470285], [114.7270070467108, 4.317631392084323], [4.7949863062743034, 35.77175930117074], [112.48260065385467, 4.393484507016567], [17.565823025103228, 24.764834163978435], [4.217376847253282, 36.55982621783991], [0.6602289842259581, 44.41987020000927], [126.42318823042251, 4.0602430513627015], [48.41414641327319, 12.907593957678305], [2.824715744906999, 38.847687542752695], [8.791626494787241, 31.23770871715663], [18.58902902199031, 24.168879291946638], [103.62984013407184, 4.78877810727188], [121.68554431179702, 4.138142805735439], [1.7262041894770648, 41.14888283822782], [69.78072499340146, 8.377117829793903], [62.508058000275746, 9.729288107990524], [71.65727697716355, 8.05746200128742], [35.346347184948996, 16.817929993169695], [1.4126716958581813, 41.99441468078471], [53.5775827151614, 11.674822915242796], [0.4756491709862162, 45.25015492079294], [86.09585230404412, 6.134751335692442], [25.32939663472734, 20.752648464179046], [11.236827193769162, 29.109241907235266], [99.25927932346306, 5.046968706036598], [32.242371485437715, 17.9167797759045], [133.59318947292712, 4.00366469601548], [101.45399402088191, 4.9116771553473955], [2.4343019500022267, 39.58329119121795], [2.074654649544118, 40.36938146265915], [1.146635644902755, 42.80887478349756], [55.301562459546275, 11.250261244805898], [3.299191333893515, 38.10882557672379], [94.88317760356159, 5.353106953129883], [3.7506684634486738, 37.30557083697892], [97.06162380568045, 5.194437251603988], [36.9275045555345, 16.262525483672384], [26.586335441546733, 20.199676647975608], [77.56635184561931, 7.155601918777207], [12.120909077878153, 28.439441399762313], [73.52946565358599, 7.7517176879834215], [0.1877254881330117, 47.01588278937417], [33.80267362755026, 17.360030102628926], [0.3149285528021446, 46.11724057649406], [90.49239592624146, 5.71361648510647], [30.776906909997237, 18.466141411713437], [0.03166057059988418, 48.824115386765506], [0.08448905950239839, 47.99684983840832], [0.0, 50.0], [136.0, 4.0]]",0.003155,44.11
BNH,MGPSO_feasarch,28,100,0.411954,0.222779,4768.374848,0.608110,0.313603,92.0000,100.0000,"[[27.989120012062386, 19.597138766498464], [33.25521921439058, 17.576763937591124], [31.879701950995596, 18.04679180984566], [34.50000975798312, 17.095445666768192], [79.70301097647113, 6.871626308651691], [68.3960545609672, 8.640247608943465], [63.298038920788485, 9.567102766573658], [49.40247700150568, 12.656074775742066], [29.276109753492918, 19.060620218190724], [44.663423668393946, 13.960252452308048], [47.71031250384629, 13.088518598080995], [46.16153861214888, 13.501926887486388], [59.80871394518212, 10.273729563408791], [23.797892623003136, 21.481165374616275], [66.75582742214338, 8.955643838937014], [50.88261049241244, 12.28127994175767], [26.59241228624219, 20.200581312766047], [35.909371189551074, 16.605013657780546], [75.62639106427127, 7.431849528682634], [94.60106679999353, 5.374599886736483], [70.09038341219903, 8.323616389188786], [8.386674580967544, 31.633363228489927], [25.269936090172003, 20.838245893510404], [40.194776149241804, 15.225690817532977], [38.801706181084285, 15.655282872493995], [54.239018709277175, 11.483449595227551], [14.347262137441874, 26.803285466292397], [30.556427079162653, 18.56050672499454], [4.041528060198649, 36.79545863788451], [41.64986150581753, 14.782634175849266], [7.673437766847076, 32.404330839261625], [65.00542490441897, 9.24099952935292], [20.14954350506859, 23.311835865725865], [4.588000879647427, 36.020731130835166], [5.120680582125577, 35.28328592013709], [19.012697429898758, 23.923257064657925], [52.52284818772756, 11.895047208235834], [9.133006864576664, 30.914307973835022], [9.93991458279415, 30.248934492834756], [37.39383573547958, 16.149344037899493], [6.2616321269858215, 33.87200638146415], [83.88366961395593, 6.3719038286932665], [17.91453501483251, 24.55361788524454], [98.68983769132848, 5.0840022378998935], [22.56077460102972, 22.054865585460377], [21.352291514418148, 22.717359484876894], [77.62487360003007, 7.147547627628324], [2.6531107896716097, 39.28750975903446], [71.86969083393632, 8.021767416799312], [11.479523860186223, 28.98989287410964], [81.76568220015191, 6.616251592532417], [85.99237251488174, 6.145450895472246], [100.88010250960876, 4.945932679947507], [12.361697588618973, 28.23336293920422], [110.5289845610722, 4.467160549865185], [90.3068109740499, 5.730125231466021], [88.14208093356592, 5.930783378802053], [112.9344047565627, 4.377471413314953], [43.15275594916544, 14.357401945996555], [96.57175518523069, 5.229009675351932], [16.455409929396716, 25.438014073773022], [3.5511311851582192, 37.62190777947765], [3.0743139669771233, 38.41692133744621], [105.6843477636299, 4.682511329241622], [6.941672660390736, 33.1459778825773], [57.97476613730558, 10.654109220390172], [130.661066019214, 4.018307190984615], [108.11593580771768, 4.568432905187905], [10.712207065336768, 29.61348378137592], [115.43363531296626, 4.295634197119722], [61.57684773743797, 9.927795012672956], [13.31186600646679, 27.528882913014318], [56.03706987505447, 11.115791463230213], [92.42720621738872, 5.547779263628296], [128.07723814513912, 4.040866943506948], [5.696846001870999, 34.55035836372549], [120.04101482348217, 4.173310411328592], [2.2168416481815276, 40.10435386104692], [117.68265879569879, 4.231435120490084], [0.6615827090492435, 44.46105496888998], [73.72176846393538, 7.721417194987341], [0.8909121177714552, 43.577509276231766], [1.6055754006326126, 41.72916616406634], [0.4583898220926495, 45.428011673822], [1.3747715671958227, 42.33584498308621], [133.3651960726957, 4.004396989191679], [0.2961101475099572, 46.34583968285921], [122.73337077585703, 4.117966400022149], [0.19048860324345246, 47.270961476983445], [1.089454826060324, 42.92084074033113], [0.019210193158902183, 49.091598662045435], [1.8360688092783737, 40.90861465786888], [0.12205474035767408, 47.932150606444985], [15.426333170691807, 26.085347455000537], [125.34222189499158, 4.075048204202115], [0.0, 50.0], [136.0, 4.0], [103.25420816042909, 4.809220512685353], [77.64706439469819, 7.14449770069182], [136.0, 4.0]]",0.003268,42.95
BNH,MGPSO_feasarch,29,100,0.441217,0.416421,5050.399157,0.588525,0.320412,89.0000,100.0000,"[[38.28535703234324, 15.823453983473248], [0.0, 50.0], [136.0, 4.0], [18.14513322075061, 24.440865008956166], [10.478095446460937, 29.75573168050421], [12.054568250784286, 28.469426180341397], [23.5141640235279, 21.595473129456796], [41.14240818012694, 14.930753590708601], [30.025136735017718, 18.794494348367135], [48.667685694384474, 12.849214591281424], [14.46823592149611, 26.721907821626935], [39.70735233944952, 15.413704118934724], [31.411966592347536, 18.231438620485285], [12.84225600437613, 27.874063852039512], [36.971827092026544, 16.25210717558732], [71.03717562594998, 8.163189591075483], [53.54733039891296, 11.645456271924076], [116.75303949407555, 4.256912382575677], [89.93403070596801, 5.763611602984383], [102.9577320324645, 4.825580820725941], [16.22614315189238, 25.595119793446383], [94.25671048176225, 5.401135786172998], [6.746870988260429, 33.321325345586104], [51.797480647982226, 12.060944390847439], [11.240987499252315, 29.10307974321173], [60.91682868266567, 10.043481587690982], [9.716467286131962, 30.4032866004553], [15.358312258868093, 26.161181519464858], [67.04501109177062, 8.90222771293265], [13.643981267564762, 27.295030485156627], [17.175796135069486, 25.015758468135036], [109.71538661894706, 4.500014088806481], [45.57230343818139, 13.66804559589212], [119.11326416089197, 4.195077848730945], [21.19807722439124, 22.748145373512322], [19.18042027085218, 23.839621492990446], [2.789685446432428, 38.8960213054117], [96.40169089521956, 5.24116034814355], [107.42570892911007, 4.599561243094745], [83.56628884275602, 6.40741322328001], [8.219487207698766, 31.811187274773793], [8.952258576489424, 31.089885630232434], [6.04997966899877, 34.13162784553063], [44.062447317427775, 14.092409681487833], [22.370995198757377, 22.15045114580016], [98.57368928056346, 5.091655836024299], [24.712049338778318, 21.055562460956512], [7.483161803818426, 32.529538648730124], [100.76085162420617, 4.953149263122102], [28.527847847525344, 19.364643702809357], [4.312445201552598, 36.41150888877079], [75.12877421406903, 7.505695102576083], [50.08545425699026, 12.487454646272216], [35.638442501699345, 16.702034390535875], [1.065007329919814, 43.02011054059605], [69.00792668198959, 8.520817686553356], [3.7862162637790084, 37.18797799944967], [126.26946289692745, 4.0622441853579065], [112.03847561401663, 4.409597225179091], [0.8046959232363117, 43.86621480210431], [58.98710228521513, 10.446636045448148], [64.91080602572879, 9.26228244093203], [1.3249568646314471, 42.192644176236655], [92.0987136398872, 5.575141149850948], [123.87095463607788, 4.097984382919974], [27.227338758865287, 19.910461417130115], [34.19497571191668, 17.20404485719715], [4.886750520767725, 35.6015837529706], [55.288169489706895, 11.253848056924403], [131.10286320766207, 4.0153673598509165], [3.2891750623973204, 38.02326804266666], [128.67872410114853, 4.034786172086163], [5.464219563439009, 34.8492119607796], [32.8446151630802, 17.70421400950155], [121.49479397571079, 4.142001040851526], [85.67529804520831, 6.17847191473733], [2.3623167228635076, 39.73773582781498], [1.979483196583676, 40.5492756741731], [81.38749808404808, 6.661752403062054], [79.2843639150508, 6.925664277224536], [57.12712934270466, 10.840069533032484], [114.38522741096516, 4.328590791551404], [87.79697136256375, 5.9641864412951975], [47.157590945122166, 13.248240618462752], [62.93019492165523, 9.657121408706129], [133.53672658854885, 4.003839761790557], [1.6414922486488364, 41.372969931099796], [25.914581882505765, 20.48630941942835], [0.43575280026958585, 45.58272755340789], [20.202994137160616, 23.278417959493694], [77.19291873646492, 7.207374781019258], [0.14165119985074695, 47.43880505751491], [105.17263665715667, 4.708114780172938], [42.59766556904136, 14.523900109927542], [0.2520620769456502, 46.52240981475307], [0.039541648552447024, 48.65213173663187], [0.6146500705040895, 44.63971699295654], [0.0, 50.0], [73.05824563979397, 7.826819361714209], [136.0, 4.0]]",0.003147,44.72
BNH,MGPSO_feasarch,30,100,0.428718,0.332226,5843.474890,0.606729,0.324962,91.0000,100.0000,"[[136.0, 4.0], [0.0, 50.0], [37.67008987016055, 16.018253372061263], [10.081543502049747, 30.068784849116415], [47.81008666245272, 13.060200722766709], [20.298499948491603, 23.218561253576866], [67.15723344124137, 8.842883145532706], [54.876606941527974, 11.371666904061183], [18.00716600202477, 24.500049829911266], [68.96228906448991, 8.528030935868319], [65.48611699479181, 9.164315481575654], [13.247759899021215, 27.575119515107552], [45.91788996469212, 13.580380111732797], [9.333052171875769, 30.799061716300205], [36.30455478840177, 16.47131023061926], [16.987659230403466, 25.10749225672291], [25.403708198466113, 20.74079149734954], [39.123760726512295, 15.55259068734123], [10.876067029199612, 29.399914937727367], [5.9607296640500405, 34.24746372860564], [15.079174359762577, 26.34162070541245], [7.213911615560317, 32.86301211173269], [40.743117511482154, 15.05494359336307], [21.51343493880369, 22.58113963189753], [24.061785703003093, 21.330232624264376], [16.012393883644968, 25.708215022362687], [11.669587365258199, 28.77207025362425], [8.536826216590896, 31.474598591747096], [30.857629839201934, 18.43703540955834], [32.13771320654045, 17.948533325418524], [44.14458725857721, 14.063170151676696], [63.68841057620683, 9.51699368155896], [49.60395836857459, 12.61525156856197], [76.44167181944123, 7.313534530756764], [26.739119499632004, 20.12192114744862], [42.43888830640829, 14.555597408017658], [98.67357071891266, 5.085072101827977], [133.64194670224498, 4.003516847852477], [94.06489299903217, 5.416061505012074], [14.21492606441469, 26.945811069008933], [56.59626484967633, 10.971450343623541], [28.139096416394274, 19.540278674937344], [103.30329576865262, 4.806530990963771], [119.65235796680638, 4.18225799729118], [70.74977520431788, 8.212973829459166], [91.80372436539413, 5.599985867233343], [100.97734088230733, 4.940073385658143], [33.52385539639767, 17.44290983008395], [78.49989809451213, 7.0290015766088985], [105.62184899749174, 4.68560816361068], [131.3002013245756, 4.0141393263860605], [74.51785424037737, 7.598086600484022], [82.79610031716574, 6.495187459381832], [22.771710359390923, 21.950030125396403], [29.534168638400565, 18.95960088565979], [87.22550991941824, 6.020378150711102], [1.745225601790194, 41.13146867521331], [2.0879337464657466, 40.32161246495231], [58.36763035948621, 10.572976507271926], [126.6317218960751, 4.057583338710218], [6.548348406455148, 33.55332481827037], [4.3321947925878925, 36.366669972383875], [1.4515968765364566, 41.9060765420013], [117.32205285181196, 4.2411428326150205], [89.48768924474773, 5.80428318697366], [34.90569919110682, 16.954555583228924], [2.4969129264108654, 39.50126392262338], [1.1639632274896545, 42.70504088055469], [53.092256460328144, 11.757225238071202], [12.492057938331993, 28.15594587774232], [0.5254914949529841, 45.012339989431695], [0.9408797296850344, 43.494170612852], [51.273716516595535, 12.188886159773539], [96.30583153382585, 5.24804318048866], [61.89841046363894, 9.843633025224502], [128.95935009521241, 4.032122867533508], [3.77937146656154, 37.204902809545914], [3.4456763546374365, 37.977321233884325], [84.98196559218758, 6.251932850727227], [124.28470756756494, 4.091205742590563], [7.859328224602297, 32.14495962996791], [112.65024552519327, 4.387498410129084], [0.735809518016962, 44.27630090870963], [0.22305796660307592, 46.78725134802168], [5.415108538536632, 34.90436086454403], [110.27883073749176, 4.477124001826195], [0.028479088489598056, 48.823203462928774], [19.14446347384905, 23.858706742655894], [80.60030304978066, 6.758346603198014], [0.3460740662468714, 45.957590866914714], [60.120226987878425, 10.202970809174651], [72.66885753380589, 7.900632821492351], [0.10207733182951953, 47.77305225507849], [4.8347382164038875, 35.685717517237705], [2.947053483810855, 38.73505998005875], [121.96640813145838, 4.132566200715761], [114.97250955563449, 4.309888266705723], [107.93481463311728, 4.576506558872573], [0.0, 50.0], [136.0, 4.0]]",0.003178,44.26
