problem_name,solver_name,run_id,final_archive_size           [archive solutions at the last iteration],final_igd                    [IGD of the final archive],final_gd                     [GD of the final archive],final_hypervolume            [hypervolume of the final archive],final_spacing                [spacing of the final archive],final_spread                 [spread of the final archive],final_feasibility_pct        [% feasible in population at the last iteration],final_front_feasibility_pct  [% of returned front members satisfying all constraints],final_feasible_front         [objective vectors of FEASIBLE front members only; for honest cross-algorithm HV],p_red                        [mean relative error distance across all iterations; 0=ideal],run_time_s
CONSTR,CCPSO_filter,1,95,0.029220,0.012310,5.254188,0.046833,0.607993,69.0000,100.0000,"[[1.0, 1.0], [0.5362621662266494, 4.121470476316825], [0.4152014789092375, 7.865829049719455], [0.446946397494362, 6.696177010646177], [0.6257906048597551, 2.279218773157017], [0.640821775054256, 1.9254677922359225], [0.562769634713916, 3.5078656296239754], [0.4889540275140643, 5.346708591414959], [0.5157668025503912, 4.5848300830915045], [0.5081276580641296, 4.853969911147066], [0.6291632864529167, 2.1449938778975635], [0.46969234115738845, 5.956340309170827], [0.46537376126940316, 6.088651381399445], [0.5940694218922784, 2.815522428192219], [0.6046606882887453, 2.596436471618633], [0.8314386978463273, 1.2027344921403063], [0.4267161061845888, 7.408492305379344], [0.3889375975634509, 8.998108781893803], [0.8623760908610407, 1.1595868793179882], [0.5019005295539376, 4.951521840380417], [0.47745338998467085, 5.677506883213726], [0.4532058004618323, 6.4576730760410035], [0.5674338392974341, 3.3730916330773026], [0.5882894767916005, 2.9128990968032777], [0.5560803850227467, 3.607712057647355], [0.47359790007954755, 5.826150853132677], [0.7446322449736831, 1.3429447982545293], [0.524919208053391, 4.343471131148209], [0.9517628929677141, 1.0506818530000437], [0.40325141038969115, 8.365263212571369], [0.6597646188633117, 1.6462030125113467], [0.611940047161624, 2.4532229853633676], [0.458687275339095, 6.3333496437270345], [0.7919898675356168, 1.2626424162617569], [0.6168178566495017, 2.349474183524652], [0.6738472848753718, 1.4840157739671684], [0.521351035982848, 4.472931373026487], [0.41273495118579756, 8.008431115309364], [0.811451956219307, 1.2323588504970404], [0.5773638471998034, 3.1384504781653417], [0.4431573366395092, 6.806148814796927], [0.801582098381832, 1.2475328503701837], [0.6358332644414625, 2.035574904731938], [0.4064191754149962, 8.24437833090497], [0.8416825214642838, 1.1880964312533064], [0.7636815889678523, 1.3094462593389764], [0.6941254577584939, 1.4406617547629677], [0.5311125547158015, 4.228716412534102], [0.4874009818882501, 5.47649794893164], [0.4005535378744815, 8.481909403555125], [0.550643819771893, 3.7495173597177223], [0.5827354580145856, 3.043345415757597], [0.7730030618771674, 1.2936559365904596], [0.872670478719129, 1.145907904972058], [0.4218642977742026, 7.596278625159305], [0.4926537284783978, 5.213246696602583], [0.9226966417893485, 1.0837798196173556], [0.9806486319431791, 1.0197332331137563], [0.4607364478241007, 6.209769979948018], [0.43390661766240846, 7.15826279145834], [0.9709887779625128, 1.0298780199070512], [0.7042820215217184, 1.419885740998093], [0.9613407391275645, 1.0402139005442748], [0.4255292853317455, 7.510005395750986], [0.7823531652515714, 1.2781951226316604], [0.5991073446790678, 2.7001920847987058], [0.4308359779054352, 7.271454128824458], [0.4400689915523907, 6.9357234231956095], [0.7244556130923387, 1.3803468175662275], [0.39182405681261484, 8.868631764097136], [0.9324049723188759, 1.0724953530792702], [0.7541412724722059, 1.3260115001023967], [0.39504921494235556, 8.734882423578942], [0.6653099349964593, 1.53663904495663], [0.8519925146208843, 1.1737192320814878], [0.6090131585947406, 2.5664683181862546], [0.8929051477619182, 1.1199397858848914], [0.3981202311269888, 8.599430134975078], [0.5406224389495888, 3.9981862855025465], [0.40976127173623444, 8.117758138432762], [0.4191053694925771, 7.74024537039355], [0.4496010579146932, 6.572931624535329], [0.9129790173750817, 1.095315424526528], [0.6560307901216271, 1.7660710949936351], [0.6476421827747818, 1.844658756578809], [0.6839918570411514, 1.4620057091408274], [0.4970139030616966, 5.0956498013386415], [0.9421289348245515, 1.0614258442091322], [0.8828668272610888, 1.1326736594037548], [0.7144499122685559, 1.3996782459175503], [0.7345112235636958, 1.3614495843211325], [0.9903166223300264, 1.0097780623404973], [0.8214732476971948, 1.2173250958607145], [0.9029399311570342, 1.1074933841042918], [1.0, 1.0]]",0.007127,42.38
CONSTR,CCPSO_filter,2,94,0.035914,0.010799,5.930825,0.044231,0.590369,71.0000,100.0000,"[[1.0, 1.0], [0.460962037103217, 6.195730780108486], [0.6436455397226138, 1.9530710790824632], [0.45130708102862027, 6.521376949071512], [0.5811284816169658, 3.0614994481318205], [0.47043933153745476, 5.913467278557025], [0.5019204039287167, 4.998931157580848], [0.48727775587455946, 5.383975296027486], [0.39713624054624747, 8.64666395342404], [0.5156609823061389, 4.578812512766431], [0.45432147505590875, 6.419437689484036], [0.7636046510240396, 1.309578194238262], [0.39956174146858586, 8.544152627299626], [0.4577167375899598, 6.304221261781595], [0.4638034941236275, 6.108226025936006], [0.6130111603024998, 2.4230069576305406], [0.6229249056013801, 2.238888936181823], [0.5064757611656804, 4.841038006471427], [0.6525821256796687, 1.7278837329176304], [0.4775321657174951, 5.670783190029435], [0.8767637359372735, 1.1405581218878595], [0.6049171599257801, 2.6060660795405215], [0.5458464875045476, 3.8706157765329907], [0.40199283471517605, 8.418551749215588], [0.5414033473433572, 3.9889751483371243], [0.5772309384823875, 3.147717279289474], [0.5643191345994952, 3.4766080841574603], [0.7537791526953478, 1.3266485235419696], [0.6103106439229228, 2.524965218025806], [0.41373495832507273, 7.936434062354899], [0.5676914134561346, 3.352921895404845], [0.467427577021051, 6.000536535615762], [0.423217373744161, 7.542027319194715], [0.4484585725567384, 6.642013569105476], [0.6288810501406789, 2.1575717462423305], [0.8659879302305623, 1.1547505052798577], [0.39420851635846144, 8.76030386247076], [0.8343283401458514, 1.1985688989363432], [0.5366399404437313, 4.107877635527579], [0.5725228298073977, 3.259216376812071], [0.7139230239685466, 1.4007112341624903], [0.6182647864311488, 2.322908754390144], [0.5579447705209252, 3.6206499495769364], [0.4081530776372576, 8.171795026607407], [0.4826430557351473, 5.5463473566442625], [0.6851473266631232, 1.4595401033968936], [0.8132880037529314, 1.2295767248323877], [0.5204397670060805, 4.46309783010977], [0.49158060020675476, 5.247148869119281], [0.4052107723797262, 8.282162859403572], [0.9380296941650128, 1.0660643327396475], [0.7338535133471125, 1.3626697723895755], [0.43405671041694566, 7.13342793125162], [0.9481772941205389, 1.054655080015946], [0.7832344814795501, 1.2767568635525013], [0.927945327211245, 1.0776496962437443], [0.8553389416918261, 1.1691271743363398], [0.7439976176459959, 1.3440903254018395], [0.9895591310734496, 1.0105510308567658], [0.6946537349718698, 1.4395661459165627], [0.9177696575730763, 1.0895980181392915], [0.7733779944426172, 1.2930287740094182], [0.41111596868388767, 8.065479865850769], [0.5516158789041182, 3.7383112600743784], [0.8031201344649842, 1.2451437301670585], [0.5333235692304716, 4.2209987951245855], [0.8973451703922557, 1.11439837533518], [0.47394201397345237, 5.815017521400732], [0.43136727759788246, 7.293275638165923], [0.9075378328599658, 1.1018824381664112], [0.7040707549508577, 1.420311798165509], [0.3916258339307599, 8.882565125030723], [0.4380992224778382, 6.989281462614901], [0.44166622888594087, 6.884284062528257], [0.958459316854406, 1.0433411021366328], [0.8238229813379971, 1.2138530031972017], [0.6648897926157111, 1.5434371256819863], [0.4271839049958785, 7.431605428248417], [0.5122291525358394, 4.722622004660407], [0.7238945046998617, 1.3814167582534917], [0.9791416410554734, 1.0213026982715618], [0.6384550363018671, 1.9896646517116694], [0.6586684900638663, 1.6452126472111483], [0.4972251488158015, 5.119167855030063], [0.6748264838498913, 1.4818624104599316], [0.7932320810770591, 1.2606650989735426], [0.8870462800956346, 1.1273368959871943], [0.9687748107273078, 1.0322316279561914], [0.5253221758145907, 4.344240419471378], [0.6476268189368493, 1.8304294596194877], [0.4169786204350246, 7.791283035958246], [0.8448391104772285, 1.1836573231501144], [0.42190184453317336, 7.700624483312094], [1.0, 1.0]]",0.008449,43.36
CONSTR,CCPSO_filter,3,96,0.029788,0.010336,5.570172,0.045387,0.605071,72.0000,100.0000,"[[1.0, 1.0], [0.41745648636676946, 7.778518668576037], [0.696871798187664, 1.4349841715516019], [0.5574217558277214, 3.5668160540738203], [0.5279392384902037, 4.280141412935716], [0.41447146457529427, 7.88972175098818], [0.6586036603302015, 1.656006882686566], [0.6110313395909863, 2.4613944203049902], [0.41184406483303065, 8.011172798339668], [0.6258740071632538, 2.1885987165784444], [0.5925203881733518, 2.8160036412066], [0.5418108847704616, 3.9409281613249587], [0.7568062869603186, 1.321342088761523], [0.5145655948404084, 4.6158709546430705], [0.5621103392229609, 3.4764495343915125], [0.438810433395221, 6.962040652293557], [0.664102062805393, 1.5905017471611878], [0.4038184996040297, 8.338863115380644], [0.4233296569409416, 7.551872102363486], [0.4203691184302345, 7.655761400097427], [0.5240447060703725, 4.437550542852051], [0.5474989840530642, 3.8295720054258795], [0.6396989579792984, 2.0118697805848385], [0.40940843060962384, 8.118733527283949], [0.6315973554205246, 2.0988899172428055], [0.5526960314682541, 3.6997224727001163], [0.3985649564794911, 8.566950158597676], [0.6773281037453154, 1.476389351734346], [0.5059669836656301, 4.8692538251682524], [0.9603556510474553, 1.0412809034958088], [0.9506294695308214, 1.051934567622383], [0.5821257658686046, 3.0699915594934004], [0.7980394063956209, 1.2530709536218805], [0.4295384617214582, 7.311246197950971], [0.5865039202372038, 2.9574766285062557], [0.3890426581690322, 8.995603196482474], [0.9213666788685073, 1.0853442206397772], [0.48732108948210406, 5.473848319187618], [0.6516886328715756, 1.7486922682796113], [0.45935579272016897, 6.261645703716035], [0.5697289819666524, 3.437956723505768], [0.4062734028333912, 8.231038104335783], [0.47749765542749223, 5.668704890648111], [0.7876624670977931, 1.269579346194547], [0.9701921217534056, 1.030723686142414], [0.5322488360925405, 4.1593630260655035], [0.7670908924128816, 1.303626480109161], [0.9114194538992006, 1.097189659186928], [0.7166291158356188, 1.3954219524474094], [0.5991093752139665, 2.6920146973196695], [0.9014047886535197, 1.1093795069513195], [0.39590883753233325, 8.686979282902225], [0.474601427244306, 5.776870755902302], [0.7067605180848231, 1.4149064278658294], [0.44263641873296, 6.826680512357338], [0.3925649560283223, 8.848552331505278], [0.4555817709114114, 6.396172145041612], [0.4983589275814716, 5.101334674613095], [0.9310701929336881, 1.0740328791421434], [0.49024255822056995, 5.30766288672951], [0.46583736119073405, 6.035460905450571], [0.777370952109516, 1.2863871453986617], [0.7467180225546721, 1.3391936042721984], [0.7366671954815156, 1.3574650888945303], [0.6678376719040282, 1.49736985808088], [0.8086067147904128, 1.2366951469840262], [0.6870992692191129, 1.4553937761227693], [0.45079892058892934, 6.534088683824857], [0.9800923315945161, 1.0203120336357454], [0.4335374264691437, 7.206688832144174], [0.8912863697862214, 1.1219738502675116], [0.5717313322386209, 3.2446100781538103], [0.494729765019447, 5.211479940026355], [0.447166428677494, 6.680504362691951], [0.8296932346566281, 1.2052647390982452], [0.8402401722759232, 1.190135907560028], [0.4361936766022571, 7.062047064116957], [0.9900326523099752, 1.0100676959156536], [0.9408491075359237, 1.0628696907828208], [0.8812289098521975, 1.1347789306727616], [0.5790225677023596, 3.182183853734165], [0.47055175615735045, 5.893105619987122], [0.6221426496770126, 2.277899239032151], [0.5118324309744223, 4.753444070825068], [0.8192022588747803, 1.2206997590235598], [0.42683765167713017, 7.459970344929997], [0.6180241521542907, 2.4243796912729785], [0.7266207196192189, 1.3762338080918526], [0.5033624448167706, 4.98889878708102], [0.5188671714392702, 4.507614440107717], [0.4859752989816116, 5.576280239151336], [0.8609659407577712, 1.1614861316347302], [0.8709786978857522, 1.1481337057122512], [0.40140216515758914, 8.446753905368327], [0.8505955262540932, 1.1756469075306142], [1.0, 1.0]]",0.007855,43.45
CONSTR,CCPSO_filter,4,95,0.028192,0.010134,4.068628,0.048776,0.606926,61.0000,100.0000,"[[1.0, 1.0], [0.5682447497710721, 3.357718141110865], [0.4163450312946673, 7.84392351828427], [0.5086573444856062, 4.779734297370867], [0.45190059104741365, 6.561165944124223], [0.48656410541188433, 5.411975517567423], [0.46585327881624694, 6.032723532427008], [0.6135467380052145, 2.461377935794572], [0.7731452861997631, 1.2934179614743493], [0.42079945298117527, 7.635426385302115], [0.4242573877126738, 7.537066295885877], [0.5803149470227089, 3.0966870892017435], [0.6678342491333648, 1.4973775323707643], [0.4627168221211837, 6.18508193230384], [0.5138079724670513, 4.647394278824774], [0.39284995476528545, 8.827344868540754], [0.5525338031905405, 3.7286864845125987], [0.5735510363491196, 3.2320135845461926], [0.7641223017273256, 1.3086910272602494], [0.5977387181356575, 2.726654276362075], [0.5182532894822154, 4.566139852418493], [0.43319826099662107, 7.201594469586724], [0.40601681835481196, 8.24678596611654], [0.40283664883120646, 8.388187809770685], [0.6077849384755317, 2.5363211747345376], [0.45379587331816085, 6.42773454243771], [0.8608790052902924, 1.1616034237735828], [0.7462500892478686, 1.3400333405760543], [0.4291587908785901, 7.316285725960953], [0.5457050261860912, 3.8459197171760144], [0.8505349155766626, 1.1757306862846424], [0.479062898767625, 5.650817797358741], [0.396253804132263, 8.684499335015001], [0.4094758281576626, 8.09796396029203], [0.447794535953794, 6.6808157799923755], [0.6558804537783361, 1.7016170880613106], [0.5631654453055235, 3.4792625954639833], [0.8105129045913692, 1.2337866483497426], [0.9506875583786639, 1.0518702923865284], [0.5047434736268069, 4.906584672274388], [0.5324903819878777, 4.175721779332527], [0.7277878135028026, 1.3740268543204304], [0.6883769904681762, 1.4526923674771348], [0.4969009455765649, 5.095531519030949], [0.6253985705395126, 2.2537733444483457], [0.49337236610981366, 5.1998893247287326], [0.47446453737653166, 5.767160440457464], [0.8200413360936711, 1.2194507227691418], [0.4378351950708604, 7.062105886190593], [0.49161910918079826, 5.321554480131342], [0.42636373529379956, 7.4313776703331], [0.4404060160680057, 6.9132943075352955], [0.6983930191964755, 1.4318585273812352], [0.8915448237363865, 1.1216485962075213], [0.9409459017917211, 1.062760354336875], [0.7916163364998903, 1.2632382050394164], [0.6780749000972917, 1.4747633334555192], [0.7081964532792584, 1.4120375714528983], [0.589704042268195, 2.915013866227841], [0.5947485791256027, 2.816326005578225], [0.5002512069379238, 5.006130759629279], [0.45781598580943017, 6.303543384722088], [0.6291055042045035, 2.1320853185849575], [0.9901075724617799, 1.0099912654072767], [0.3993896042473455, 8.533635292208885], [0.5418708264387082, 3.9804873145839967], [0.4822044207144101, 5.526477734902736], [0.5261298790089354, 4.309722068409371], [0.5581445071613109, 3.61599509445602], [0.8300386239146342, 1.204763213648773], [0.41891883435915545, 7.72013374410693], [0.7551679429522693, 1.324208752943854], [0.6369284914769962, 1.9935244935366407], [0.44445183382438774, 6.770935388096712], [0.9801982431104803, 1.0202017877798704], [0.921488145146563, 1.0852011556165486], [0.3897839897223303, 8.985042734980848], [0.9116180705262347, 1.096950611589727], [0.970336195578505, 1.0305706460880908], [0.9605198522424284, 1.0411028961716942], [0.5211602796598178, 4.431756436921846], [0.9015866993066028, 1.1091556705185264], [0.8401858027911355, 1.1902129227582214], [0.8711977438401018, 1.1478450295247071], [0.6020310459061913, 2.654480126662149], [0.8010839485657779, 1.248308622074318], [0.6466398910843265, 1.9207343323777417], [0.8813037963566746, 1.1346825057761214], [0.7179656544680784, 1.3928242859205757], [0.41294225428926346, 7.967155133083624], [0.7369511087749259, 1.3569421201663632], [0.7823399208430822, 1.2782167614843918], [0.9312656906003876, 1.073807410810227], [1.0, 1.0], [0.6522180590756619, 1.800532963785325]]",0.007859,41.82
CONSTR,CCPSO_filter,5,94,0.027853,0.007804,5.802912,0.047343,0.608424,66.0000,100.0000,"[[1.0, 1.0], [0.6144323362895703, 2.4165670496243568], [0.5594542900708613, 3.5421854139050337], [0.627812438063169, 2.2184907070064406], [0.48904374825349334, 5.317673892414038], [0.5413514765909678, 3.968311203626303], [0.5340963934144095, 4.139949137150097], [0.6510908625027838, 1.7668310259361752], [0.47320117173439, 5.795072318791082], [0.6553564729420884, 1.6976124967840236], [0.6087882871184161, 2.5399961592298155], [0.4984101030654681, 5.053828558719221], [0.502123259628992, 4.952490961710199], [0.5864956438178011, 2.9634436659095313], [0.4210117241234045, 7.628047599823963], [0.6462324533374495, 1.8600202185899375], [0.42430011289158887, 7.4990522077333], [0.4390429653296733, 6.946710045474191], [0.5484328613967876, 3.7707562050091563], [0.523374743047168, 4.3835239672112145], [0.5457427685768528, 3.8709469417761273], [0.4529920130254694, 6.459192477231974], [0.5661734574186763, 3.4108740221783207], [0.5538577871734693, 3.6479003367505536], [0.8566544804924298, 1.1673317805157233], [0.9080243668982788, 1.101292031860225], [0.7865370079710917, 1.2713959926431764], [0.4501363337345491, 6.572839196108826], [0.4432557364096063, 6.831798761914103], [0.47079585916329536, 5.929942285814182], [0.3895499570965449, 8.97739686270504], [0.43507409626288673, 7.099525778995725], [0.43160747548732303, 7.235886399894982], [0.40710607505764235, 8.239953433261132], [0.5293594067759655, 4.224915664150123], [0.4626152664233891, 6.144279878270974], [0.5958693415999128, 2.750239309005352], [0.8357869376883728, 1.1964771820504987], [0.7682258598704274, 1.301700518345822], [0.4125275684663396, 7.985473744510147], [0.602665140350846, 2.6413917638037154], [0.6315889812472693, 2.0921849052377124], [0.8877708065359332, 1.126416855158803], [0.4151336587924237, 7.882340551885604], [0.9593835167781009, 1.0423360236147288], [0.9899037802294108, 1.0101991930652587], [0.6396998115958581, 1.9506946294941834], [0.6211200300027717, 2.3031775887089823], [0.6614584160258046, 1.5967459748369035], [0.9285570936738735, 1.0769397022680207], [0.7589418842256935, 1.3176239456335246], [0.8978658525234744, 1.1137521236490675], [0.5830270972703531, 3.108325410199726], [0.7960752441593968, 1.2561626646937556], [0.9797457789199381, 1.02067293528163], [0.8670887639547176, 1.1532844635641288], [0.4942073234650734, 5.182415403863579], [0.40360046661525834, 8.37196687040399], [0.5916804079448592, 2.885791546325778], [0.4001370785035309, 8.50564792686888], [0.5176539024586998, 4.530186746855804], [0.5782287933273906, 3.2138513682173055], [0.39712795611231333, 8.660159559906836], [0.6780679615935604, 1.4747784243482784], [0.5122094910968203, 4.700284118853281], [0.7495067955402304, 1.3342107182353415], [0.46765862968899413, 6.047188036216971], [0.9491059507824564, 1.05362314836988], [0.7100610281844696, 1.4083296509834728], [0.4600224640619651, 6.272182727956969], [0.8462174689599552, 1.1817293268940092], [0.9695583753220364, 1.0313974129384964], [0.8256313473359074, 1.211194322050312], [0.8776052851490432, 1.1394644231548474], [0.44791715447560626, 6.697769954386822], [0.47575990124167783, 5.715672394720914], [0.8156220621165524, 1.226058056111165], [0.6363391588946974, 2.033222940480452], [0.5154195870735931, 4.581480603260166], [0.9388075885717175, 1.0651809936063463], [0.5076931307026243, 4.847496491476789], [0.8059564880117305, 1.240761771726621], [0.7773967142247137, 1.2863445158721636], [0.6667466268245019, 1.4998201112207734], [0.7203631096016936, 1.3881887990529171], [0.6886080118755618, 1.4522050030703242], [0.9182749312359966, 1.0889984752758104], [0.48409669967606617, 5.470723095863425], [0.41767554167293125, 7.760568865308937], [0.7298853528634086, 1.370078185672457], [0.69943862075315, 1.4297180200361368], [0.3930861768078531, 8.817446866869897], [0.7394813271188047, 1.3522991904288348], [1.0, 1.0]]",0.007738,43.93
CONSTR,CCPSO_filter,6,92,0.033048,0.009023,5.734392,0.052768,0.645587,66.0000,100.0000,"[[1.0, 1.0], [0.5595361530521453, 3.5949052434691486], [0.46971781983836747, 5.946489042410897], [0.4959925684593718, 5.115061513722271], [0.46580116223975754, 6.062364946988666], [0.5196812916722521, 4.491853714818682], [0.44030122596342136, 6.9651684028759435], [0.461837456286763, 6.188068977356574], [0.6150580489045563, 2.4083181987758677], [0.5055054801584429, 4.8492833195311675], [0.5771802106463166, 3.13323906143014], [0.6264681274583257, 2.1843694390079893], [0.43583143191015233, 7.064283134752481], [0.6654927025124359, 1.5559362799758978], [0.4873676313543632, 5.390747063778883], [0.4739843892274389, 5.823760841015397], [0.6426557995167066, 1.9545104976290475], [0.6108858112311925, 2.477801962141703], [0.5158118977693222, 4.635617065895902], [0.7587015033749779, 1.318041410952317], [0.41445789302892355, 7.895570401059173], [0.7680849826535463, 1.3019392678987731], [0.7858211094570121, 1.2725542594433248], [0.8696879683652247, 1.1498376847499987], [0.38908903230109626, 8.997555541907719], [0.6618142900690498, 1.6392769860780658], [0.8417123996543573, 1.188054257500118], [0.7400991327543878, 1.351170344273142], [0.7946960090538674, 1.2583427985130555], [0.5528215852460491, 3.668821416810561], [0.42941230395500785, 7.3024214925392], [0.7769846510833672, 1.287026711024056], [0.6822001690144234, 1.4658454298607153], [0.6923452146490463, 1.444366161333123], [0.5011183119634033, 4.9693272283555405], [0.5106364666297725, 4.744944154619237], [0.7493904876775065, 1.3344177921168665], [0.8319482467432057, 1.2019978453162918], [0.4766750394238709, 5.698882236036899], [0.7022851565535061, 1.4239230185464007], [0.523649690408472, 4.383144039214019], [0.8224074401087565, 1.2159423069759174], [0.4048276472893672, 8.311671965448117], [0.9270636259296379, 1.07867461523714], [0.4568191538225107, 6.329481761676589], [0.8603921849191403, 1.162260673130103], [0.5736912025837886, 3.2260228053889253], [0.5976252878084195, 2.7262411550814982], [0.41202752454789304, 8.028846205065106], [0.5644223391455513, 3.4751801436810874], [0.8977274374566433, 1.1139238462323326], [0.8040111552709956, 1.2437638376583786], [0.5331829736442735, 4.129021706657568], [0.9683257961350105, 1.0327102758094584], [0.4441969229602905, 6.760325018001755], [0.42681007761654743, 7.401339569326581], [0.5826244285090082, 3.040228943067244], [0.8131439533577675, 1.229794547288504], [0.9578666127780009, 1.0439866957047432], [0.5461094480785489, 3.8245568096514813], [0.8884274071697665, 1.1255843661843645], [0.421965587427012, 7.598671961415649], [0.43284195354341315, 7.190304240863089], [0.978856044101106, 1.0216006797182426], [0.5914577323403243, 2.8631894041799595], [0.721517690294255, 1.3859674037821195], [0.7119070334673103, 1.4046777921683766], [0.6721867663396506, 1.4876817725011682], [0.4506199681443387, 6.6118256609625385], [0.4079965124593056, 8.18968936715891], [0.39212872931567355, 8.852833359724746], [0.40129697072407094, 8.456214954704482], [0.6550060135011871, 1.7117267845827457], [0.42501240273421975, 7.509146811017086], [0.9894247282352281, 1.0106883034787641], [0.5883951205785704, 2.9489777165472773], [0.56851109126441, 3.3444764312164037], [0.4807757594306395, 5.607059016992977], [0.6062381006135192, 2.5683797400339237], [0.9373125720093822, 1.066879960711751], [0.9475211184461995, 1.0553854479147213], [0.7307357811804771, 1.3684836924018369], [0.442023459882065, 6.841737306234607], [0.9172022519475028, 1.0902720723555706], [0.8512540178786681, 1.174737480231821], [0.48711214387819635, 5.5171163761523205], [0.39906293427584205, 8.59050443024673], [0.8789654122126207, 1.137701195184346], [0.5315610498422982, 4.2510631997606], [0.907349802191797, 1.1021107819546518], [0.4536282075236707, 6.449812616063513], [1.0, 1.0]]",0.008184,43.08
CONSTR,CCPSO_filter,7,95,0.027134,0.010299,5.057859,0.044332,0.565117,69.0000,100.0000,"[[1.0, 1.0], [0.518873043704606, 4.51650860066306], [0.38910114954924985, 8.995704157411144], [0.6199278368674304, 2.3021734167974954], [0.5675618086656462, 3.3391013754173913], [0.5593280688641198, 3.5193825016000195], [0.6082566367946232, 2.529077740213019], [0.48316688491971616, 5.51109119739879], [0.5493015943362833, 3.7765799608393005], [0.5935742788029741, 2.82684536725127], [0.499564049894522, 5.01381848703046], [0.6323059538595649, 2.101044522383521], [0.5873490957675861, 2.9479932154158095], [0.6419914907479577, 1.91679276497272], [0.4786552477298867, 5.626658749601883], [0.6476777782992185, 1.828258844194558], [0.8083929401689572, 1.2370221835324244], [0.4336093301642095, 7.171183511790229], [0.5274876894190889, 4.304875882302024], [0.49651358453719197, 5.159192233594821], [0.4908588381529775, 5.28036296123866], [0.6134212459909332, 2.426996712687285], [0.5813550820083658, 3.0506014786405458], [0.4462904980925887, 6.691310445134794], [0.4546842824025481, 6.406310540947599], [0.4506661268589991, 6.574492641777582], [0.5228286843557817, 4.414135438746858], [0.4759436587687373, 5.751032690948257], [0.7789744386555251, 1.2837391708590016], [0.5993949810067556, 2.6924402856062013], [0.45945228165275614, 6.3091346715158165], [0.5723674746916583, 3.2580014874636696], [0.48632111654806737, 5.403156377300893], [0.6567354855130881, 1.6628631602269994], [0.5053727579182677, 4.907901431075067], [0.7304496422907688, 1.369019768240138], [0.40161318768308796, 8.469085430120368], [0.5418096691138229, 3.945791632758698], [0.8813773810343605, 1.1345877730903728], [0.5145907543064585, 4.660657491192763], [0.46986675132301653, 5.989720552780299], [0.3923312031816287, 8.842367540421428], [0.5647650554213037, 3.398299187393522], [0.4365832722007467, 7.0376634430771645], [0.8703272394980379, 1.1489931081287896], [0.429687176247252, 7.305860565152271], [0.7401345203533625, 1.351105741592177], [0.4722049008944311, 5.855329363241727], [0.9894754284122103, 1.0106365163657256], [0.720818418172461, 1.38731194263233], [0.6377144310620971, 2.00760751705157], [0.690717718458163, 1.4477694335570608], [0.40559719625851687, 8.333849379515893], [0.9362128715737881, 1.0681331461711103], [0.41546834030580615, 7.8540413213859726], [0.4217555329424582, 7.609554051619119], [0.914505876609494, 1.0934866856268581], [0.7006947247484014, 1.4271550286882353], [0.7986649447278134, 1.252089510878435], [0.46550928662137603, 6.0702968244812805], [0.5768730509972835, 3.1379331532619674], [0.443787588514026, 6.835906475634135], [0.41836970948548036, 7.737386785114444], [0.7596513508953874, 1.3163933675906954], [0.8925294706564675, 1.1204111829097212], [0.398509851285746, 8.581163402175642], [0.8383316790975857, 1.192845296120076], [0.9789713014564593, 1.0214804034727631], [0.3964491848930327, 8.699743956095368], [0.6624066584327644, 1.5786800023995924], [0.9253375625092126, 1.080686703442933], [0.7693189187244925, 1.2998510444250737], [0.4619374330691157, 6.160135767455636], [0.8595069181235087, 1.163457767371109], [0.44048483971885777, 6.933660915824454], [0.8282637114012066, 1.2073449388580122], [0.5372221149557044, 4.053583285587193], [0.7888316169203472, 1.2676976664602626], [0.50893368607227, 4.762950086020333], [0.7106812322433808, 1.407100616465328], [0.5554867358032205, 3.634572630861075], [0.9683348420028911, 1.032700628567297], [0.4269223867847757, 7.39731719573716], [0.6689898017484818, 1.494791097541973], [0.4247039075275759, 7.515723154093494], [0.41281401774892656, 8.034117976635425], [0.8487887476508615, 1.178149454463948], [0.9575712970422005, 1.0443086620169753], [0.6802765778180566, 1.4699903430564016], [0.8182377105023897, 1.2221387344589754], [0.7498027245247249, 1.3336841375628061], [0.4078979558353002, 8.171128879298934], [0.903544742652834, 1.106752054208152], [0.9469111134209975, 1.0560653326659173], [1.0, 1.0]]",0.007260,42.83
CONSTR,CCPSO_filter,8,96,0.026872,0.010510,5.301818,0.046885,0.614673,67.0000,100.0000,"[[1.0, 1.0], [0.5073978911790241, 4.880866845069718], [0.5360753974757814, 4.069324655319311], [0.5023322343860325, 4.992234214632307], [0.43825093268357973, 7.006770555919873], [0.551534741632036, 3.726578980402128], [0.4339706192251646, 7.138281300091452], [0.8482975060841386, 1.1788317103702706], [0.43073585324379166, 7.259734078743721], [0.5677736093019607, 3.330979612535335], [0.4418222945753591, 6.846883235373887], [0.5105773784832637, 4.759171291183436], [0.46271995888492223, 6.1386396125165295], [0.4670267924194602, 5.997068978092793], [0.6521980879797096, 1.7811141824715182], [0.5824947982521786, 3.045541927545753], [0.7061080966975491, 1.416213756331327], [0.5569541331588554, 3.6005367857215282], [0.8389326081287571, 1.1919908587538448], [0.5149021666682074, 4.636004627945002], [0.4140251844032292, 7.916826378701112], [0.7156759832510311, 1.3972803662593205], [0.5453167548353496, 3.837399322749911], [0.7628161763720084, 1.31093182207547], [0.7346780270724526, 1.3611404767130484], [0.5998267869274282, 2.6969635976168393], [0.7441346868678306, 1.3438427446637962], [0.4183516848550011, 7.8181626225614345], [0.662720891435971, 1.5924457066264586], [0.4487121500622035, 6.630184316662965], [0.6053344011033985, 2.5926897385386622], [0.7815830015509686, 1.2794546427130657], [0.5746807989248743, 3.2077266781627407], [0.6769637112315545, 1.4771840549337087], [0.6190638408007445, 2.3098809488443934], [0.7911596857344176, 1.2639673355850027], [0.476226667187392, 5.702735887774953], [0.6464136303481558, 1.9102873069227548], [0.978623345936731, 1.0218435970815793], [0.39988248749813265, 8.528741603336632], [0.6964939289468174, 1.4357626943168338], [0.4594899666748564, 6.295808265273523], [0.6262344637591029, 2.183371711402437], [0.49618826319172843, 5.206185489577134], [0.5300584067093375, 4.236409932658131], [0.609624264319458, 2.5091452564617622], [0.857653853679141, 1.1659715580011984], [0.81030085287946, 1.2341095241926885], [0.6671685855826663, 1.498871532038125], [0.7721499505098252, 1.295085234855915], [0.6391310737820438, 1.957341390691235], [0.490274380966752, 5.337410784169627], [0.8671241788472397, 1.1532373613770133], [0.5933720962914639, 2.8116751397027486], [0.4448587785400332, 6.739030011044719], [0.544157101541042, 3.9739725037031772], [0.40579092001072053, 8.277452020851406], [0.6155265359346718, 2.4254166009195037], [0.41978939477168753, 7.693767596550058], [0.6867051328862702, 1.4562291034536603], [0.9060297002171654, 1.1037165776798608], [0.5192388036424467, 4.502329516540704], [0.9158988453261508, 1.091823627798003], [0.8862601754105526, 1.1283368335226824], [0.5618441625573544, 3.4928358948217166], [0.9259901840549508, 1.0799250545194303], [0.4728254360363352, 5.870207866389295], [0.45657523309473513, 6.399611191899605], [0.5248317674418069, 4.353830485957499], [0.4029174735269307, 8.410387114747838], [0.4252108409676665, 7.464792622477074], [0.8963003111370677, 1.1156974817194658], [0.5883899481270317, 2.943875163249106], [0.7251588998449032, 1.3790081045876699], [0.4084602834221532, 8.148521668537327], [0.8197402814404426, 1.2198985735369818], [0.8291957762987999, 1.2059878120262528], [0.7534351541247937, 1.327254236181243], [0.4227934448691717, 7.5780665303536505], [0.9679463300207785, 1.0331151314748344], [0.3951752010001254, 8.757452449821372], [0.9467514884697998, 1.0562433882372488], [0.9363808522866395, 1.067941529942654], [0.3926431767631832, 8.876215739086529], [0.49914161962398973, 5.026708103893715], [0.4526049491248052, 6.527397374674064], [0.8006943629199801, 1.2489159988003289], [0.8767016252680675, 1.1406389256940543], [0.39729839170586634, 8.624031023019828], [0.3889797418274348, 8.996955873381754], [0.9893016019745323, 1.010814091480409], [0.6303331845729185, 2.1125181502180848], [0.9573469370929657, 1.044553401963715], [0.4115085311672064, 8.040976483431832], [0.4812295324755189, 5.566184721694494], [1.0, 1.0]]",0.008013,43.86
CONSTR,CCPSO_filter,9,95,0.029295,0.010941,4.012313,0.047798,0.595708,65.0000,100.0000,"[[1.0, 1.0], [0.6251718011101354, 2.2113334279579355], [0.5664208827120087, 3.4129797214995383], [0.46643113699129957, 6.0135481575444425], [0.6101715885901556, 2.4785296925374403], [0.4701860321748301, 5.904781577377145], [0.5155042698763308, 4.5885046679766255], [0.5619308117275715, 3.496481212521401], [0.4465530665333898, 6.680315157226366], [0.6499011514845751, 1.833161004444563], [0.6592130430717016, 1.6863726013958387], [0.5063938778352384, 4.827036912038112], [0.4441078084402936, 6.792259564846573], [0.6629078364654771, 1.5735268662415378], [0.5702926064474666, 3.311939240655336], [0.556942714423866, 3.5927362090751607], [0.4946297771935879, 5.154137459128675], [0.4500490682356386, 6.561711301020206], [0.7629494556908089, 1.3107028159480825], [0.49934311977350365, 5.068468638189324], [0.5813311836558466, 3.0496898542491344], [0.6056968728707384, 2.5826605459761187], [0.5021267974869124, 4.953668025187532], [0.5129269067784084, 4.7209327339663485], [0.49144718815112, 5.2570662643327175], [0.8790888178551045, 1.1375414857851425], [0.7119428319707292, 1.4046071609877715], [0.6357917807976188, 2.0162186508541984], [0.4735682894208762, 5.801381376406577], [0.8395060511362236, 1.1911766432732165], [0.9286961352046728, 1.0767784661660218], [0.5363022154174029, 4.118379958810554], [0.6315503445988824, 2.130831286733573], [0.8013043243085084, 1.247965310636452], [0.969075603142194, 1.0319112324750874], [0.8592235546362063, 1.1638414643129729], [0.7013974409897168, 1.4257251902558068], [0.4266179503448608, 7.433028952833951], [0.44067916051155887, 6.900655096040029], [0.7325369953860814, 1.3651187671046607], [0.69098508250324, 1.4472092456428842], [0.5858896300841976, 2.9683913971975042], [0.8493580748227333, 1.177359737480222], [0.6542958112614345, 1.7572456506936585], [0.9088672604872815, 1.1002706814016587], [0.8691277296942381, 1.150578868714502], [0.7918640116308016, 1.2628430959257178], [0.7529184348608523, 1.3281651155012708], [0.48349044444967854, 5.493033660725872], [0.4583354548782647, 6.281413001579935], [0.6801592641134375, 1.4702438866336152], [0.39235916847718305, 8.853670698610314], [0.6426544272756615, 1.9332671544313653], [0.7426938815820298, 1.346449761872114], [0.5222935901209778, 4.491349865381511], [0.6695755881373304, 1.4934833612764558], [0.5918500709585542, 2.836562714362605], [0.4229370944791143, 7.579326692799271], [0.5753739072075001, 3.173147588242646], [0.6145828268433211, 2.392575277780187], [0.5461343854279035, 3.8576489367734763], [0.7822123943123296, 1.2784251531569442], [0.5245600444344407, 4.359534185425102], [0.8203428928005854, 1.2190024546760923], [0.4884296245352612, 5.411819167952165], [0.8108531398530888, 1.2332689495180114], [0.9187686165867441, 1.0884133196832877], [0.4125069290038965, 7.9943868469466075], [0.45398430044134613, 6.422953240578919], [0.5293090151352415, 4.238959953795683], [0.958932238631523, 1.0428265519856588], [0.3891600681051565, 8.99467905772759], [0.9487892135015077, 1.0539748826923303], [0.40974943372150086, 8.104838332371866], [0.540269598303555, 3.974551473620734], [0.8988955271162885, 1.112476333270965], [0.9896268152830723, 1.0104819155632525], [0.829923003331141, 1.204931055033063], [0.40676243504779547, 8.209748174785526], [0.9793905129100524, 1.021043176157293], [0.7724633883954599, 1.2945597358046612], [0.40431433790677185, 8.327934115918513], [0.39945101738005734, 8.574838591799885], [0.46303104358986974, 6.139191196326245], [0.43418690597108994, 7.13003948729453], [0.402843292542549, 8.469529413023805], [0.9387235657152007, 1.065276335358763], [0.8889845262442012, 1.124878971993831], [0.41596368320030686, 7.855205443609018], [0.6191875385145336, 2.332158845210801], [0.7221889221099533, 1.3846792291944765], [0.4190971942631671, 7.720885666953371], [0.3961991593364063, 8.709102059579998], [0.4787593738415806, 5.690288876395029], [1.0, 1.0]]",0.007904,43.78
CONSTR,CCPSO_filter,10,97,0.026071,0.010451,5.454814,0.047476,0.597470,64.0000,100.0000,"[[1.0, 1.0], [0.5236052935560429, 4.377255644149452], [0.6421708457535749, 1.9191744443490986], [0.4153094970526361, 7.884748899162457], [0.5190548812209707, 4.497708055682126], [0.5686562325915353, 3.3557325594209955], [0.623581807133327, 2.319757007347416], [0.5871615551693186, 2.929754576372726], [0.49470608874382616, 5.181060086170091], [0.8365144459462694, 1.1954366177965938], [0.5506920498320609, 3.783980052077075], [0.45048740685096167, 6.562265261036495], [0.4471077370109034, 6.70394568151689], [0.5721081581743126, 3.250764495993218], [0.5635331611176274, 3.4301992322656583], [0.3980312142728477, 8.587218346937433], [0.5040146182224339, 4.894725200163877], [0.6002686596804009, 2.6948040742696695], [0.7888210666473419, 1.267714621581056], [0.5409617569142796, 4.055763660364441], [0.7981355588332919, 1.2529199945204696], [0.6609089646586562, 1.640296019357731], [0.7604222683664367, 1.315058805613665], [0.42813041537505603, 7.378091469208466], [0.46517258931758926, 6.053264910423039], [0.6305748557030336, 2.1033705929329654], [0.4535488787393045, 6.438414731295356], [0.4570448506774901, 6.3270860149471275], [0.9891204711549603, 1.010999194903262], [0.5125628123327874, 4.718600903603443], [0.7232113453761904, 1.3827216710487769], [0.38904873306838533, 8.995078687050745], [0.6667660257711313, 1.4997764753287712], [0.4873607412299032, 5.3831886813244445], [0.39530267756200294, 8.719846106335012], [0.40830547179812793, 8.16010968435734], [0.4751452385635392, 5.733701483566957], [0.4355360139788101, 7.074787371424319], [0.7794430327639478, 1.2829673984690646], [0.6089611899739309, 2.517848829033572], [0.5308504084025988, 4.259559586506943], [0.517156722469069, 4.586564518031072], [0.807542236120032, 1.2383253225300792], [0.8267552270143796, 1.2095478411563851], [0.638147309406307, 2.0360769094568063], [0.7508029485165169, 1.3319073959097552], [0.8171420893583826, 1.22377737363302], [0.6269706148103011, 2.1656327278722767], [0.704952748971911, 1.4185347903932286], [0.40137067861018555, 8.450009599482605], [0.5362336952894212, 4.175411584155106], [0.8560703314017115, 1.1681283223104124], [0.6555540523842637, 1.7485494909643073], [0.4803530032296557, 5.631280648798679], [0.714276549900508, 1.4000179624254647], [0.5591771078027835, 3.5546097047415306], [0.5570471494612929, 3.659415315014318], [0.6489589027074747, 1.812651916390355], [0.46158571860436015, 6.211445932884599], [0.5436272161753146, 3.9049320648170345], [0.6765444129432272, 1.4780995613423473], [0.39219509066834507, 8.857965822484388], [0.6954818935354824, 1.4378519545871995], [0.4315104230354486, 7.285537768643501], [0.4912855109978216, 5.2700631864377145], [0.4393495011194938, 6.950548452030996], [0.9359982910602014, 1.068378019010381], [0.8462824433933273, 1.181638598090625], [0.5000733524250519, 5.059560678083185], [0.42204404325357187, 7.601864602542193], [0.5782358714097442, 3.120601406484989], [0.4120840143019506, 8.009024469765917], [0.8756109671461607, 1.142059701763735], [0.8658093941039217, 1.15498862314258], [0.769900794436493, 1.2988686428514749], [0.48204737643366885, 5.532108226956944], [0.5941430158277153, 2.794360376202987], [0.9675979733701652, 1.033487075750043], [0.40478210506605894, 8.309476032012533], [0.8854638196998152, 1.1293516208703074], [0.6044911885858321, 2.60791291270149], [0.41847004020393735, 7.743706230461933], [0.4427228992179, 6.8127220259940895], [0.9256689960643018, 1.0802997661709897], [0.6862566434484517, 1.4571807931431926], [0.4250083871119814, 7.473849035594557], [0.9464641290122675, 1.056564078179701], [0.9155042115596538, 1.0922942651420458], [0.9783633479983244, 1.0221151498019043], [0.8954303953357353, 1.116781388267546], [0.47183394252524047, 5.841604376268458], [0.4714039586128058, 5.957214214719011], [0.7322846307354736, 1.3655892231353337], [0.7415229318302556, 1.3485759604652565], [0.9054408049849538, 1.1044344307153438], [0.9571405616339063, 1.044778625088179], [1.0, 1.0]]",0.008010,44.04
CONSTR,CCPSO_filter,11,92,0.033110,0.010429,4.289061,0.047522,0.640524,56.0000,100.0000,"[[1.0, 1.0], [0.6597381815177091, 1.659576513132283], [0.5678728255706339, 3.3615862839623807], [0.561709526641986, 3.462043870688683], [0.4356982963631699, 7.084130689058812], [0.4302424700667141, 7.300891122060517], [0.4841116879336396, 5.540479454164673], [0.5227976066442854, 4.435466713224604], [0.5400743892310338, 4.00270403017495], [0.6433298206426583, 1.9406060738684838], [0.5129862863078536, 4.654665535590915], [0.5720334749538207, 3.2503490728259314], [0.3891004835554606, 8.992194704265742], [0.4474597979877267, 6.68512273345097], [0.5431525781789661, 3.9147955619085035], [0.4780089409558169, 5.653577724443536], [0.7172307449004707, 1.3942514415479623], [0.4570584380321304, 6.330022048078421], [0.7550453632310865, 1.3244237349139822], [0.6089145891351466, 2.5075206815995004], [0.39816848280496414, 8.58150982751909], [0.5257975872377906, 4.355537462134789], [0.39514922612152037, 8.72284585196724], [0.7265276985640577, 1.3764100143414288], [0.7646626030328996, 1.307766322079406], [0.4651399208227942, 6.05741999356176], [0.6890185818000711, 1.4513396683547857], [0.5542143743850944, 3.6526023006728225], [0.9450294022734711, 1.0581681348689103], [0.8026454226894439, 1.2458801504770003], [0.5928442762112922, 2.8170327305681075], [0.4990871096335104, 5.052548744618773], [0.6160918800729589, 2.3620807726660233], [0.6284571973321601, 2.1399906882224293], [0.6049467013651365, 2.6111260373676677], [0.5031264377080089, 4.940899316987775], [0.8801496152788382, 1.1361704676575837], [0.451054332451931, 6.573975821765963], [0.7743762540451086, 1.2913619119598527], [0.5079715500007179, 4.797361152986048], [0.444613834172946, 6.775236158431847], [0.5765647609077913, 3.1429260275021162], [0.43308084778378353, 7.186806119937264], [0.8909857863722405, 1.122352359931155], [0.4880470977726709, 5.404930988300425], [0.5880989350647496, 2.9143726998994177], [0.9559216551010159, 1.046110834150238], [0.783821641650836, 1.2758004459966972], [0.6482886870413894, 1.805723943300153], [0.4759490156036514, 5.747581541505768], [0.5173945141624068, 4.543233906876983], [0.7933550907849061, 1.260469632848325], [0.4711007460410893, 5.877815858795905], [0.5579346457844423, 3.5617853790208898], [0.7078182632764959, 1.4127920285229612], [0.9668355130010167, 1.0343020984986806], [0.4177461168979275, 7.77898446420031], [0.6641830438018099, 1.5458929226218339], [0.6700882529653143, 1.4923407410512581], [0.821185591849933, 1.2177515167396462], [0.40146207112629423, 8.439893689649562], [0.8598459810534674, 1.162998981253385], [0.81191815691467, 1.2316512341589336], [0.598857429863703, 2.7116648791208653], [0.6245890481288285, 2.284243864440207], [0.49561023136209414, 5.128694306230501], [0.6795455948536342, 1.4715716025138648], [0.9127556125458947, 1.0955835124483757], [0.698432432084018, 1.4317777268964293], [0.3921119994417949, 8.856520869332615], [0.42094541265003604, 7.669792153480993], [0.7455191883176449, 1.34134709833106], [0.9018943197349379, 1.1087773568569483], [0.9235697607412734, 1.0827552422216404], [0.4625748847016033, 6.2067832907530125], [0.9889045186075902, 1.011219972387256], [0.7359999530269353, 1.3586957388887266], [0.4912735066950798, 5.276990497870326], [0.4127196452665114, 7.963107397099216], [0.6544700699100172, 1.7253607421734218], [0.8700212172312045, 1.1493972562904224], [0.4242955824804653, 7.540907492967012], [0.8401826501812868, 1.1902173887835332], [0.4092273613635826, 8.147995519231273], [0.9778536887877894, 1.02264787817047], [0.4054881383914498, 8.302096869957333], [0.8498809851677593, 1.1766353377145018], [0.83066997818941, 1.203847528208103], [0.44193522573904626, 6.880721845025326], [0.4702894008266328, 6.031163544234823], [0.9342796572414844, 1.0703433305532508], [1.0, 1.0]]",0.007863,43.53
CONSTR,CCPSO_filter,12,97,0.026363,0.008937,5.499579,0.046599,0.592906,69.0000,100.0000,"[[1.0, 1.0], [0.5593789678902571, 3.5892977805886326], [0.7040559451416586, 1.4203416744088375], [0.41441449135570885, 7.891719223568943], [0.610138201783438, 2.4947292920159456], [0.49836663639563594, 5.047008975287985], [0.6049384120354797, 2.6026936930327453], [0.5677831324430175, 3.3401964132321407], [0.6853816121342623, 1.459041185663011], [0.5447288699569264, 3.8668457067711652], [0.5135361408675501, 4.638446441775451], [0.4279048771479907, 7.381669318680928], [0.4556899451111598, 6.38802591840875], [0.42397768766750454, 7.520239476163705], [0.4895927303920626, 5.306940567884919], [0.43497858486122915, 7.109257603909062], [0.5322268916881612, 4.175847955040908], [0.6946920674131831, 1.4394867120387433], [0.509600985919648, 4.745447832154048], [0.40893442304981803, 8.132158375021984], [0.43894895140639856, 6.98352744236098], [0.44588636825759403, 6.727971538589774], [0.9898486068375866, 1.0102555007829386], [0.6761178662626378, 1.479032059199498], [0.4062795904534036, 8.242701871673178], [0.4120953808717438, 8.014977142672313], [0.5937038927960663, 2.7949779727209028], [0.47338533806297656, 5.801335540837763], [0.7226850645108708, 1.3837286102997328], [0.563021436102635, 3.465319405864028], [0.4940453980512556, 5.172483304125057], [0.40045492654341436, 8.48079449118758], [0.8475398306368117, 1.1798855509228812], [0.4035832578631142, 8.360868029594663], [0.5039674213741798, 4.903963811478712], [0.41786827584125047, 7.776215190326857], [0.5367345654960194, 4.045138049493278], [0.6667804657909211, 1.4997439956700305], [0.9177996572706815, 1.0895624029472433], [0.9491372715962267, 1.0535883796010181], [0.6619240798068913, 1.5916149410143872], [0.38890563274751094, 8.999843029130796], [0.750757728676468, 1.3319876197117921], [0.7791085379690001, 1.2835182150702973], [0.47921794132921364, 5.6351517212094855], [0.6504316853871958, 1.8246010820085912], [0.7986073877179283, 1.2521797511259745], [0.448943845604418, 6.600599617015909], [0.5420589508850576, 3.945968546211562], [0.7601041716740831, 1.3156091457800594], [0.4834445445545464, 5.546947818702418], [0.4644464269080171, 6.100328923352486], [0.7132678008741276, 1.4019979575335868], [0.8671768049960031, 1.153167375140539], [0.39498296669447086, 8.743128116651233], [0.3921685321483476, 8.8567660424019], [0.47775888841285213, 5.740103669465682], [0.8770927121725234, 1.1401303261579272], [0.9594296625251049, 1.042285890315418], [0.7696245763977659, 1.2993348064331678], [0.969541268871282, 1.0314156107704187], [0.5274848991546809, 4.300778121017717], [0.8083201707138463, 1.237133547115219], [0.6164299933853973, 2.356302800728613], [0.7414319587394533, 1.3487414296251157], [0.622663238354986, 2.245736210042554], [0.9282330756606587, 1.0773156292542818], [0.586196407999054, 3.031744737794152], [0.6318058196497766, 2.132230965400682], [0.47014360734613725, 5.911703408556334], [0.5775071777582628, 3.2665820973963458], [0.4230617986008279, 7.664267560243408], [0.5916706649596322, 2.902903063982295], [0.4524171694278978, 6.494430655753954], [0.3977226689192722, 8.614627105526564], [0.5260833975115734, 4.384532531162111], [0.8870927627710057, 1.12727782478611], [0.654975185650347, 1.6926598097273022], [0.4865457875184469, 5.421777742769696], [0.8377787354546065, 1.1936325877946363], [0.5508128532861654, 3.7153210606408527], [0.732113376450685, 1.3659086586397862], [0.827976640925828, 1.2077635413504162], [0.9075129699370544, 1.1019126261846819], [0.7888435291995062, 1.2676785230332925], [0.6372297640748446, 2.008282084729214], [0.8574630990584684, 1.166230944629621], [0.4313979526577539, 7.240064746637564], [0.47012635286633075, 6.021481274427122], [0.519953799924121, 4.539914761113867], [0.460368201011074, 6.249950297069146], [0.9387073573317175, 1.0652947291715145], [0.5997827764884274, 2.7147513627209916], [0.9796697464098864, 1.0207521500634436], [0.8974475049727203, 1.1142713021753812], [0.8181605101491293, 1.2222540535691782], [1.0, 1.0]]",0.008219,42.47
CONSTR,CCPSO_filter,13,92,0.036525,0.008329,2.544002,0.046570,0.635541,69.0000,100.0000,"[[1.0, 1.0], [0.41134161984703205, 8.03980812531118], [0.5354440719189515, 4.115863393075992], [0.44920104901105185, 6.590067143861694], [0.5459414610626043, 3.8232200207059104], [0.541597441465484, 3.932883734720531], [0.43454644357653566, 7.138797175098187], [0.924936737537178, 1.081155023275097], [0.6085506858263408, 2.521199964690371], [0.3976640186455511, 8.61493783162775], [0.5856376878368346, 2.9814152990668976], [0.44172071505566696, 6.851145716717892], [0.6473449117531184, 1.8422070480645587], [0.4032715990628519, 8.358177896395496], [0.593179529866771, 2.857992817994512], [0.7923357264441933, 1.2620912658927455], [0.7726747013059835, 1.294205696536704], [0.5806620711971877, 3.12736098207425], [0.742675412154667, 1.3464832464276377], [0.7218556294803671, 1.3853185583935352], [0.39467585075342704, 8.737378171130066], [0.5589385396099904, 3.5639453705837414], [0.732261847853515, 1.3656317107484268], [0.5377767111304508, 4.018482806678154], [0.5043920127709182, 4.890930156736904], [0.4603020096359234, 6.244436548541836], [0.6341577455743395, 2.072017008765694], [0.7824632242123115, 1.2780153354896366], [0.5703034122285595, 3.3500730141115507], [0.4534580680310198, 6.473090249139634], [0.9438051311503998, 1.059540753694679], [0.9155036268567097, 1.0922949627555274], [0.8020108644651649, 1.24686590208085], [0.8118179423620803, 1.2318032748702028], [0.8777040778819657, 1.1393361671659918], [0.5750582889153089, 3.2432762731286258], [0.4991063604285754, 5.03336614703425], [0.4144459548261865, 7.903486704388273], [0.4086254416385842, 8.142561221981143], [0.49397738858294316, 5.3019709155584165], [0.4308672964605191, 7.258640064701841], [0.4567336302806472, 6.352042638535759], [0.8309211248887688, 1.203483664149067], [0.8403939955153489, 1.189918068592074], [0.4960738220035517, 5.173941719551169], [0.42478634563108614, 7.504345485068363], [0.8213531704717528, 1.217503061960106], [0.5549267398638024, 3.6539150219656404], [0.6893950974999932, 1.4505470137898826], [0.8966107716896915, 1.115311160176526], [0.4891124802831896, 5.4049908407570895], [0.603860736558299, 2.6385414426409284], [0.620311256715313, 2.3093057349855237], [0.5971960708689852, 2.724401579784173], [0.5266394509771225, 4.29409159761194], [0.971913966744412, 1.0288976537189467], [0.9343636947416466, 1.0702470629239313], [0.8590144829640243, 1.1641247264533958], [0.6141076191633047, 2.426973243095761], [0.5141882929675747, 4.637916641762942], [0.6666962251008406, 1.4999334964717188], [0.40604768464547203, 8.245497098477946], [0.9061144506163197, 1.1036133452234664], [0.4831773802254018, 5.522049242078262], [0.8871448969303776, 1.1272115789203252], [0.6292176442989095, 2.1687012269817374], [0.8683278813663518, 1.1516387086712643], [0.40043101239699375, 8.489166573359283], [0.6608423955351292, 1.612884534675236], [0.9531910565419508, 1.0491076192299431], [0.7112970203256499, 1.4058824533556664], [0.38903457913694667, 8.994551824445812], [0.51325971392285, 4.807135718644783], [0.6246479806902019, 2.222300959465153], [0.46849450330364056, 5.9770539677658014], [0.41892787704204115, 7.771175466650922], [0.6778527832586916, 1.4752465796372871], [0.7526618613512486, 1.3286178712505865], [0.5321635712722208, 4.217938047937926], [0.9812606179757126, 1.0190972527389774], [0.42940331428705636, 7.366915466711131], [0.9625335212543191, 1.0389248560370725], [0.8496770880078756, 1.176917695102932], [0.6429835579101157, 1.9619483422928412], [0.44618825306751775, 6.693740050661821], [0.7626644107857268, 1.3111926895471113], [0.46491050025596176, 6.117784425166058], [0.7004204416603639, 1.4277138994251444], [0.9906250936888832, 1.0094636269269202], [0.438526866534802, 6.963875167422078], [0.3924389018511013, 8.869931184365557], [1.0, 1.0]]",0.008661,39.88
CONSTR,CCPSO_filter,14,93,0.029953,0.009096,3.727274,0.052158,0.644047,74.0000,100.0000,"[[1.0, 1.0], [0.5800833639234322, 3.103264448476929], [0.5371880984716748, 4.067622104531054], [0.6460278945383968, 1.8902488807356612], [0.5735849709604506, 3.2413021406109928], [0.6390002092969108, 1.982437563887167], [0.5507516643725104, 3.72368163874012], [0.56740860021647, 3.3550035552161797], [0.48110980577077206, 5.556408105939748], [0.4702454903783758, 5.896462281999833], [0.43097122283183237, 7.24865996947125], [0.4860133238707069, 5.445907068035362], [0.5309996689315977, 4.190114799420367], [0.7511030410510224, 1.3313752512580628], [0.447060690253706, 6.6621262782271975], [0.5925364234713866, 2.897712693121578], [0.6625888876885613, 1.5708284893137325], [0.49242808028232493, 5.220787381091638], [0.4893322765562633, 5.336061814436371], [0.7804158532014792, 1.2813681268745716], [0.6565312747908999, 1.66952684827011], [0.4982418427501054, 5.103422218750253], [0.5270058053492878, 4.282677932498375], [0.8815141214960119, 1.1344117758464338], [0.6764404411303769, 1.4783267516190095], [0.6852738960319089, 1.4592705278728964], [0.5991759133780918, 2.7724564271618726], [0.809991518467017, 1.2345808285654538], [0.7223564132148346, 1.3843581668355618], [0.5097704790785386, 4.733414811243978], [0.6059761203272223, 2.6144543401086486], [0.7706404029407453, 1.2976220766313626], [0.5859826654753473, 2.9725713558568194], [0.6516294733448826, 1.7800821081778586], [0.7034831104261117, 1.4214982352515657], [0.4408183373906555, 6.880771705320719], [0.45460037478866056, 6.405067593377605], [0.5570983139523616, 3.5870891338873006], [0.5235104553872392, 4.404943166608239], [0.7319471081238935, 1.3662189369982924], [0.507081693058287, 4.880419878546445], [0.5015036877716027, 4.962728687026383], [0.7608389670732808, 1.3143385700218535], [0.7128151479531661, 1.4028882563333274], [0.562505829185611, 3.4858200158534935], [0.42086073093607923, 7.641994824904622], [0.8711149907709648, 1.147954071040573], [0.6222832672687982, 2.253643230984078], [0.8001182785899561, 1.249815217023031], [0.6283574158707925, 2.1882241279301056], [0.6119206058961237, 2.47750321424584], [0.7414840766427175, 1.3486466284317091], [0.39838731483376094, 8.607525924265067], [0.8402743966999608, 1.1900874332567255], [0.8607639453976751, 1.1617586974301037], [0.43829449575642565, 6.98637468548344], [0.6942398738840486, 1.4404243225116442], [0.514898683308632, 4.6049982556880895], [0.4743178577682907, 5.771028554723861], [0.8504705907799539, 1.175819611919696], [0.4614371155955705, 6.171305939280225], [0.66741535247081, 1.4983173466087385], [0.5198086872958166, 4.476297807277079], [0.4241872906832986, 7.503003515468322], [0.5473912011253306, 3.8422804532214787], [0.4102921209925395, 8.071160982767735], [0.47820772264200834, 5.652918935075603], [0.4081456077905047, 8.217244556590149], [0.46643625216073065, 6.012031310814202], [0.9226798706841979, 1.0837995189582565], [0.9124989617499438, 1.0958916578735072], [0.6002379029256828, 2.738521195954833], [0.902110870006868, 1.1085111966252958], [0.40339723948350903, 8.358269431862409], [0.9905460560419089, 1.0095441740446354], [0.9717480497390413, 1.0290733284914189], [0.45893745307949513, 6.285624261933139], [0.8200277606841896, 1.2194709105526509], [0.8918195574099692, 1.1213030614670634], [0.40094259518780084, 8.514690632012874], [0.4135290777933831, 7.946228662469045], [0.7902364022469202, 1.2654441090750161], [0.6333032086474695, 2.0892171665020567], [0.8301330417226023, 1.2046261860929042], [0.9811638027691612, 1.0191978109849518], [0.3890333608218118, 8.996436827865775], [0.9523279735680625, 1.0500584123905612], [0.615606732259359, 2.382105732888968], [0.39224373668475104, 8.852756278646824], [0.9620773121923707, 1.0394175055653392], [0.9425811356538965, 1.0609166279423472], [0.9325116853134574, 1.0723726209005702], [1.0, 1.0]]",0.007713,38.04
CONSTR,CCPSO_filter,15,96,0.026937,0.009548,4.854912,0.048960,0.566108,64.0000,100.0000,"[[1.0, 1.0], [0.5350969918396953, 4.097026665129279], [0.5456218053072112, 3.879122053985968], [0.5396881946554425, 3.971951781785998], [0.5567242712872904, 3.5908796588067684], [0.4047977808163963, 8.292867945028648], [0.5103141204362504, 4.745357880425201], [0.5055775056780897, 4.859620874692207], [0.6194447777313024, 2.3049833916832028], [0.5170313518834608, 4.558499279857822], [0.5201187628759876, 4.468297271594386], [0.5017011098376818, 4.963123279384878], [0.39227974944938615, 8.850872842628608], [0.48302830926324436, 5.531430429668708], [0.49152851045039025, 5.3313400270290865], [0.4784398824116448, 5.662965019334756], [0.4618954134773612, 6.199019012111772], [0.6618654832102718, 1.5899464339271534], [0.6293098309774725, 2.1301691116685886], [0.6438032885421022, 1.8755869364242543], [0.3988813340469136, 8.56861611208364], [0.49308024345335005, 5.224928835843499], [0.6586474240412765, 1.6777285246474238], [0.4495485555883538, 6.573768083280092], [0.6040018559816496, 2.611008189988654], [0.46984723658621097, 5.913621265380713], [0.6356465287368539, 2.0438624856653353], [0.4320655964090687, 7.204637846914761], [0.6496545339437604, 1.7895782049153846], [0.8792207662128089, 1.1373707701507558], [0.6267200916425293, 2.2265497295300873], [0.798133810868338, 1.2529227384967434], [0.48720714289685557, 5.421301925294185], [0.43928295621201097, 6.941997217673951], [0.8087300727539397, 1.236506510255932], [0.45327151480733036, 6.445364957756333], [0.4983866222390091, 5.1077856045435155], [0.4214159712737588, 7.620847333851332], [0.4471152175136517, 6.6932829952614785], [0.5503656383119572, 3.734712554812693], [0.617177759829086, 2.388725258380314], [0.38903278273491665, 8.997657715434286], [0.8983833318021067, 1.113110589434085], [0.6389727905704755, 1.9863862486929904], [0.7672381315864227, 1.303376303693736], [0.5872439086655116, 2.934971244429515], [0.41797806904206947, 7.764298455766339], [0.8888124371088257, 1.1250967676069552], [0.5953236470637568, 2.8481097250362803], [0.43603437704942427, 7.074634287780336], [0.4429255415916506, 6.823432761378804], [0.5322759918493849, 4.162179028082618], [0.5616270100447798, 3.5009109892807966], [0.5816142138268084, 3.0429929264133797], [0.8294845287211161, 1.205567994790429], [0.7278118023327389, 1.3739815661065948], [0.40794650560372236, 8.174878236859938], [0.6767698415882668, 1.477607213780634], [0.4111779950678362, 8.045480364111352], [0.6866530356634738, 1.4563395893731932], [0.4750199089137577, 5.804600955180578], [0.5659895824842106, 3.3816115596165606], [0.51383563825754, 4.651828798624285], [0.9476953094704663, 1.055191462917295], [0.7473350698222274, 1.3380878810329018], [0.42926503438709496, 7.347939134423704], [0.5984426885019833, 2.7004120030536662], [0.458324861368449, 6.326951605520822], [0.42512642705135695, 7.467614778410574], [0.5803083040996065, 3.1521759653460117], [0.8396585696985318, 1.1909602737205869], [0.57344253801613, 3.244415701980934], [0.989359002353954, 1.0107554463250732], [0.5260592405294118, 4.365811675209598], [0.6969848201435018, 1.4347514767884193], [0.5284095279436616, 4.271996571374271], [0.9177198266469095, 1.089657181815194], [0.9277654033042455, 1.0778586875933187], [0.9377054564470496, 1.0664329541058484], [0.787660018968032, 1.269583292180006], [0.6126204156812819, 2.523293135732261], [0.7375429426173941, 1.3558532557456218], [0.41546157928886984, 7.908077250846022], [0.9080727811999485, 1.1012333159888095], [0.8693718338914442, 1.1502558065676498], [0.7572760423668963, 1.3205224304659902], [0.849595478421745, 1.1770307462766336], [0.7071151491402958, 1.41419682666365], [0.7774270224040499, 1.2862943674220175], [0.9579463730920448, 1.043899771520837], [0.8595198619527255, 1.163440246427954], [0.9684451637100301, 1.0325829871141965], [0.7175162120065995, 1.3936967322360687], [0.8190950829479097, 1.2208594836157685], [0.9788720408209727, 1.0215839847272656], [1.0, 1.0]]",0.007282,37.52
CONSTR,CCPSO_filter,16,96,0.026688,0.010102,4.825684,0.049832,0.603657,57.0000,100.0000,"[[0.478872733778929, 5.646440423172751], [1.0, 1.0], [0.5208482950508971, 4.497192687567232], [0.4897332845337413, 5.305992945724625], [0.7567873079705337, 1.3213752258632434], [0.5549427318285444, 3.6328499821887705], [0.5450201301774305, 3.889792060163814], [0.738027416301571, 1.354963213983615], [0.5867028070731222, 2.9416515658313367], [0.5512751162544874, 3.7579541253573403], [0.5018563396305676, 4.959784240539256], [0.5157389738630743, 4.598307034108424], [0.5768064733311663, 3.1552141612404907], [0.5344527813983161, 4.1684411389540275], [0.728629839561325, 1.3724389885021107], [0.7848852481935596, 1.274071594926181], [0.8427691252091688, 1.18656458819823], [0.49383887177053665, 5.187048344693612], [0.4301315300193744, 7.291515369610628], [0.3965825209362196, 8.674683662230128], [0.5241273380385482, 4.368291223462521], [0.3890552269854443, 8.997049799949199], [0.415425868217313, 7.854463878991461], [0.6434715144777381, 1.8944630873233366], [0.4188188265312963, 7.734744009980966], [0.4712889718895114, 5.891607701017228], [0.6121588054799529, 2.442211878712133], [0.8329954445957868, 1.200486757145776], [0.4026468470561151, 8.385240505729715], [0.3997159720119819, 8.523480221852312], [0.9399216911429473, 1.0639184193993834], [0.5729737795456196, 3.253245356049363], [0.9011781403301086, 1.1096585183853795], [0.6631354986328322, 1.572089214885886], [0.6032437400528003, 2.678264000771856], [0.40913469020217696, 8.113291573978408], [0.4646460545973428, 6.0734645438838], [0.7473944609441368, 1.3379815509159145], [0.445247771588802, 6.747477266671126], [0.4234055045062083, 7.605931542893435], [0.5821015138929776, 3.0325631151066954], [0.537994489650858, 4.012038428956092], [0.41283138033802824, 7.985461865765826], [0.719118011260685, 1.3905923427601279], [0.5118528834236487, 4.715460652039553], [0.40598776621724175, 8.257475681685843], [0.6184516259380577, 2.3722408745485652], [0.46146200733292425, 6.20400835598676], [0.49862456408258077, 5.045057966609979], [0.6798547130083678, 1.4709025044115445], [0.7755209409675364, 1.289455831782446], [0.4259563134185737, 7.443926584728144], [0.9497201973031846, 1.0529417009763395], [0.6231383310607008, 2.2540191483746677], [0.8722631974103439, 1.1464429577779884], [0.5074385976082079, 4.833655777590711], [0.8915541415155344, 1.121636873673337], [0.4549303445710921, 6.419429697335123], [0.4384180560017305, 7.00292517379542], [0.5301259007738243, 4.2559975285433325], [0.9108778667058092, 1.0978420231205102], [0.5961669402923544, 2.762986891771214], [0.44219815336539986, 6.8549606866910135], [0.8818727927561198, 1.133950393088664], [0.5610102658401267, 3.5110536740626626], [0.6062414243008851, 2.5544653959650963], [0.8135591646680835, 1.2291669044229632], [0.4832961991298752, 5.535832697111087], [0.8624466482236968, 1.1594920127054924], [0.7661330452685795, 1.3052563209167345], [0.6331783607352298, 2.084270702889197], [0.9205417866456256, 1.086316791379904], [0.6899755845907702, 1.4493266462364862], [0.6996612841605299, 1.429263020033792], [0.6382215966566195, 1.9939939853523672], [0.4513902627467543, 6.516428359961315], [0.9302209829332, 1.0750133767642724], [0.6694430723798677, 1.4937789951952205], [0.5926679458636326, 2.814737208749894], [0.8525733905410016, 1.1729195528439478], [0.7092513426225332, 1.4099374085107719], [0.39276928077854434, 8.829477876221919], [0.48754836748044683, 5.414126709186969], [0.5666631561112051, 3.3740430635018184], [0.9595789185345531, 1.0421237697960029], [0.8040165919071625, 1.2437554275191713], [0.979722706920866, 1.0206969716389065], [0.7944930788893974, 1.2586642056062662], [0.4483185936578246, 6.625378639405222], [0.9695821102296471, 1.0313721648217584], [0.9898504006531056, 1.0102536699891191], [0.4343926940463196, 7.1268836135750195], [0.45818633002513887, 6.309477035285083], [0.6567189047348622, 1.7209586795274263], [0.8232353565164927, 1.2147194506216108], [1.0, 1.0]]",0.006897,38.11
CONSTR,CCPSO_filter,17,95,0.029642,0.010396,4.349193,0.045780,0.586682,70.0000,100.0000,"[[1.0, 1.0], [0.648408023420554, 1.8445976577494616], [0.5888418058955629, 2.9198594591843907], [0.4044389107101036, 8.311234491862765], [0.6421263727776635, 1.967760536640845], [0.510797242253946, 4.7061807443963355], [0.4401134761376557, 6.915458539614516], [0.47891030308979965, 5.642784239269083], [0.45454545203948316, 6.430106027396803], [0.6017834430296499, 2.6548250265547484], [0.8336642133554573, 1.1995237218772405], [0.5045020034680132, 4.929993834407642], [0.6147668485465377, 2.424063770431187], [0.5232468481908804, 4.407143341483221], [0.6929068949710984, 1.4431953372923367], [0.6288010336591993, 2.1436487520141334], [0.5772968002772139, 3.1757438587614097], [0.4014633406501106, 8.438300727258607], [0.6826037895498148, 1.4649786820836603], [0.45065102031305104, 6.541408758795549], [0.7638776190371416, 1.309110222735008], [0.6595979127383872, 1.6507495730336135], [0.46563689483193116, 6.053424694013014], [0.7032635828418083, 1.421941963721644], [0.6645044695051584, 1.5470871644212012], [0.6347403919433869, 2.0538319510586303], [0.9011396598081687, 1.1097059030926197], [0.5378483068418918, 4.058618924500252], [0.7540288151961414, 1.326209263952168], [0.5646600844659476, 3.4695013988149612], [0.6240129389207425, 2.235303650250447], [0.5522094120431926, 3.692708722560693], [0.5576813883476343, 3.5625697958810267], [0.7737664606458821, 1.292379614341613], [0.5082852446910963, 4.815343399759701], [0.4326723955577495, 7.183022383168488], [0.46098910642015467, 6.188313696684692], [0.8036023914747117, 1.2443964958402798], [0.49526697520218815, 5.153260286320656], [0.7441853587892489, 1.3437512417967323], [0.49198486407329867, 5.274253994838356], [0.7935670748846604, 1.2601329259348912], [0.5694580205648065, 3.3392352590359757], [0.4575376716697563, 6.305619504053689], [0.4881141591183682, 5.3588297843307915], [0.4270380382943309, 7.394280581186098], [0.4447298900782191, 6.79737653280335], [0.8236723349066105, 1.214075012138634], [0.7836709012067669, 1.276045848404107], [0.9489560385101499, 1.05378959553278], [0.4077668052625941, 8.175175368685151], [0.5944368447091614, 2.77688370026444], [0.5198305035656019, 4.5091997415548555], [0.5713875862700875, 3.2531867908682424], [0.42966355743678275, 7.303959922703271], [0.42482042667871917, 7.480247788989832], [0.7240856229162029, 1.3810521412820926], [0.6195753191890558, 2.328970751762278], [0.48425294302248323, 5.497501444074213], [0.47030966366564, 5.885005173879297], [0.42227851561627494, 7.596592972063442], [0.9589926143850411, 1.0427608982591123], [0.4156863981360978, 7.841195770617936], [0.546282153451942, 3.824316992341062], [0.43681778079644384, 7.035578716666733], [0.9200071289533621, 1.0869480991279286], [0.8628605944284115, 1.1589357614162858], [0.5003678020998036, 5.04632775374296], [0.7341586236439928, 1.3621034580190652], [0.9105389329317815, 1.0982506775192677], [0.8136839657717556, 1.2289783774361696], [0.39857363942251145, 8.565166941405447], [0.4129148782558423, 8.079621332049005], [0.7136979962486807, 1.401152875944968], [0.8434079608654923, 1.1856658300614276], [0.9391534612619743, 1.0647887073282614], [0.5155352100405051, 4.612865768202408], [0.6721361795463733, 1.4877937394694376], [0.9793068658702951, 1.0211303880845513], [0.8820684921148493, 1.1336988101710763], [0.447741868494851, 6.653540931232228], [0.41362543698429677, 7.942487251920404], [0.9896458438143273, 1.0104624864039902], [0.8724171230708255, 1.1462406841352388], [0.4760189103879697, 5.778118553776461], [0.3891884529044569, 8.989890525905839], [0.8531993934605744, 1.1720589672995463], [0.392347253886188, 8.85383690161852], [0.8916631678827572, 1.1214997277217216], [0.9692344953251043, 1.0317420653343299], [0.9294884841808768, 1.075860558811831], [0.39569168098826296, 8.716339629425859], [0.4202243297952386, 7.713993767248131], [0.5342474514507933, 4.1755238999000595], [1.0, 1.0]]",0.007741,38.14
CONSTR,CCPSO_filter,18,96,0.027741,0.009495,4.618686,0.045369,0.575097,64.0000,100.0000,"[[1.0, 1.0], [0.6170962833750118, 2.3682044273331875], [0.4454483657887749, 6.735326268779646], [0.623866456044173, 2.2704114412786764], [0.44903872556087154, 6.5925736935693875], [0.5947162108576501, 2.7816037904833415], [0.6448324523927913, 1.855969232422478], [0.8163673960075836, 1.2249386794358341], [0.4254988366884288, 7.4821709338134665], [0.5247761695121892, 4.343518159409351], [0.5066942769944873, 4.822526220584334], [0.5895996363358271, 2.8775903831400247], [0.8559938519627746, 1.168232689647271], [0.6067986900501978, 2.6023653454594804], [0.5122981827447078, 4.715043422797367], [0.8459499796352911, 1.182102989624899], [0.7376816806936913, 1.3555982562283955], [0.49881476628740995, 5.070451834037367], [0.8759967303229762, 1.1415567722853308], [0.5359628092228602, 4.09369660396577], [0.8859858078759961, 1.1286862510781452], [0.6503172444920102, 1.7683351814476522], [0.6392658908842432, 1.959077581172372], [0.5168302942730125, 4.5988593715459185], [0.8359844777800645, 1.1961944588438707], [0.5672918117927057, 3.3581194742646803], [0.48932986037902104, 5.31323148943111], [0.4291181263720986, 7.327585116918021], [0.777359324027377, 1.2864063877424876], [0.5515281906130964, 3.7524521655991623], [0.5415416122793363, 3.986232270199115], [0.6006706622558619, 2.6830561820511685], [0.6612581427925688, 1.592822575378335], [0.727768376601583, 1.3740635511941874], [0.7675260382719534, 1.3028873942198105], [0.8066636632204276, 1.2396740371417245], [0.865989819400925, 1.1547479861735332], [0.5552791593561718, 3.653836578155348], [0.42158932276002514, 7.6293273810957825], [0.6670284406117328, 1.4991864501053336], [0.4936656819135906, 5.1829701869229226], [0.4537703116770458, 6.466957533242354], [0.4386078015624306, 6.96751069534798], [0.4112722821248238, 8.031097477875328], [0.3890257037261317, 8.996192315450838], [0.40424162669780783, 8.356289636753205], [0.747720563648004, 1.3373980182130698], [0.635701806802508, 2.061691774170263], [0.6566075803808251, 1.6826259548175668], [0.501652667769483, 4.9624838817090176], [0.5848843274329986, 3.0123649946647313], [0.4832365731846211, 5.521163139729836], [0.5794049945421509, 3.1117390610399043], [0.40876522419921096, 8.151342527443406], [0.4795861508050587, 5.623291251900107], [0.4649237215089805, 6.067063915656785], [0.3920752523983517, 8.85373235411218], [0.9159545690131028, 1.0917572048114266], [0.7079824323203919, 1.4124644261617183], [0.7575905160184235, 1.3199742853904488], [0.43239073363449554, 7.206249423907628], [0.4865375405746574, 5.420973662506987], [0.9059288446307954, 1.1038394526531967], [0.6299978386392457, 2.145619432639231], [0.44241308681358094, 6.854576768368725], [0.39506322920898934, 8.721933522041839], [0.9466797184616689, 1.056323464523963], [0.4348061272239185, 7.109720582817958], [0.6982933439488784, 1.4320629126220188], [0.5306261154550046, 4.271182518670184], [0.4593019775777606, 6.324401301063488], [0.5206624268780707, 4.458600043814636], [0.7871481464441157, 1.270408886201952], [0.9678263207593145, 1.0332432364677202], [0.4776008013940003, 5.768358365567618], [0.6878702898806655, 1.453762453054171], [0.39793519324621407, 8.602042833843285], [0.9892165876782121, 1.010900961888536], [0.9260093709370346, 1.079902678509715], [0.8959403809774161, 1.1161456958877791], [0.9363464503593993, 1.0679807667516317], [0.5732847313041687, 3.246980496307728], [0.8262105922588683, 1.2103451703106223], [0.9572769628434941, 1.044629755875041], [0.40078522202914657, 8.477211718873932], [0.7177683498128063, 1.393207154175577], [0.4719265456879447, 5.935136882591387], [0.4057805801039356, 8.258242365398502], [0.6776435803378917, 1.475702019491386], [0.97846874431865, 1.0220050520840531], [0.7969069892003936, 1.2548515868876835], [0.41889533718854705, 7.775539440555708], [0.4150116502141272, 7.905143239846348], [0.5358219460301272, 4.1988518388682525], [0.5471621702213946, 3.8664784093719367], [1.0, 1.0]]",0.007006,38.00
CONSTR,CCPSO_filter,19,96,0.028920,0.008473,4.439148,0.047190,0.616308,63.0000,100.0000,"[[1.0, 1.0], [0.49132708804210956, 5.250116487293668], [0.5095087653719866, 4.788560562945772], [0.5134677432524295, 4.6363500314421335], [0.47691143044962797, 5.730291000051501], [0.4630769531805343, 6.134370654455112], [0.6373964775694949, 1.9954740737522731], [0.3942981908548945, 8.764160077403437], [0.548412251980386, 3.7839451901767496], [0.6209931310816834, 2.2926257257278078], [0.45205514809705677, 6.507491591724116], [0.6278930850128396, 2.1919500573022304], [0.8001358734688566, 1.2497877337566001], [0.6622564613644926, 1.6087964182118157], [0.602501126325516, 2.627701719495929], [0.6500858251827469, 1.8529980613914312], [0.4799537653293124, 5.597569508011123], [0.8456598964921778, 1.1825084814214668], [0.5332071660849538, 4.139052469255994], [0.5586752551161139, 3.5597546641089544], [0.8741011687729081, 1.1440323336986642], [0.7910146090914151, 1.264199154486707], [0.43566203819148586, 7.092001558424567], [0.43014697060379936, 7.286661986558355], [0.6334450674464213, 2.093760754424142], [0.5030481967606497, 4.9414042923652035], [0.5752799844501439, 3.201567426195571], [0.666761956190524, 1.4997856292122564], [0.4232956712142416, 7.54376001355334], [0.4671508003932857, 6.025461012201666], [0.47272314797380716, 5.817526609109604], [0.56355756928154, 3.460146316630497], [0.6147968483253157, 2.4132107137085907], [0.6085723199097113, 2.5041495829745646], [0.5921311410769203, 2.854187462785835], [0.4839281782209583, 5.508098088471127], [0.4270068037866349, 7.3949570059204355], [0.8271655748435409, 1.2089477976512149], [0.44895057566157076, 6.605591109661715], [0.6768833070957764, 1.4773595234466372], [0.4327675127828157, 7.190119230575068], [0.38892164534848345, 8.999142562336266], [0.5410290619202667, 4.0256616409709505], [0.5548132483660364, 3.674215338763898], [0.5284929209458107, 4.2834227611749], [0.4000370207564204, 8.503661599614565], [0.3915490530041373, 8.878325229851693], [0.8836931394096655, 1.1316145338279202], [0.8090497091390731, 1.2360179958090847], [0.9701448103380839, 1.0307739518304613], [0.541901553452625, 3.924795614461008], [0.9217088184923216, 1.084941339322046], [0.6970176253650345, 1.4346839500310926], [0.7547063361143962, 1.325018688922764], [0.9027022569710157, 1.107784978133835], [0.6428724156562914, 1.9136458189227115], [0.4703553214877201, 5.9127763239871], [0.6547392622521355, 1.7007857562374211], [0.5818160063728159, 3.1131558871974883], [0.7266315559846511, 1.3762132841105559], [0.5970344030405461, 2.7484334602148524], [0.6869053298138449, 1.4558046889387297], [0.4560666248738738, 6.3887023365717495], [0.397066531610131, 8.640867967369783], [0.7072237307314224, 1.4139797019619005], [0.9505209357173181, 1.0520546811999907], [0.4390750842600125, 6.982580723972571], [0.9899910698918889, 1.0101101216086767], [0.8645899138082996, 1.1566177028312223], [0.44653481511095744, 6.7266865771972695], [0.4422377117069109, 6.859521568356358], [0.7819485728318092, 1.2788564807766354], [0.9800712582226849, 1.0203339722597875], [0.7728604235949028, 1.29389469232824], [0.4970580101888574, 5.106424347631671], [0.7360845632850442, 1.358539561727986], [0.45937455077525763, 6.263003348903018], [0.8932162655808107, 1.1195496975749244], [0.4892219347200709, 5.38991457380551], [0.9603312965668235, 1.0413073108988449], [0.7454261630903353, 1.3415144913270423], [0.8363868724887557, 1.1956189568403872], [0.9409304190346766, 1.062777841772747], [0.40708393975531976, 8.198906747080965], [0.9121634114217992, 1.0962947948562076], [0.5235809222273774, 4.378179283013904], [0.76372855840538, 1.3093657281691033], [0.8180459969577102, 1.2224251493424227], [0.4199691835845784, 7.67787731882571], [0.7170403999352672, 1.3946215584090906], [0.41331242037383775, 7.939443798674882], [0.9313347889225776, 1.0737277420473665], [0.4164918968682526, 7.832448322707695], [0.8550983360721353, 1.1694561406743762], [0.40499857210911705, 8.348040167619644], [1.0, 1.0]]",0.007768,36.32
CONSTR,CCPSO_filter,20,94,0.029865,0.011305,4.792093,0.049744,0.614147,62.0000,100.0000,"[[1.0, 1.0], [0.514266615649035, 4.6756204005617015], [0.40498673047506917, 8.294885705197995], [0.426513731582428, 7.419221948928428], [0.5498079216107181, 3.7695489160751814], [0.496518620941056, 5.119629896348621], [0.6446384466914676, 1.9129556374371408], [0.4632908946117397, 6.144851784672669], [0.48710386086416824, 5.3906523049284285], [0.39551817901136005, 8.700147956479867], [0.6132867367276571, 2.4664657865542727], [0.4719917859369066, 5.852635267489466], [0.48132330351779834, 5.550362198368121], [0.5833259614975457, 3.0401302115600104], [0.45070891732982543, 6.538589216997658], [0.5624496946981661, 3.4703980232949334], [0.44706004839934943, 6.662573458341511], [0.5095908571154304, 4.740920135490204], [0.5170106227396438, 4.548469350048425], [0.5781907535524176, 3.1299835085461702], [0.47680024052941866, 5.700678111295755], [0.5257173330125549, 4.334763805109769], [0.6297371832957148, 2.1723895736021572], [0.5942082931780843, 2.7938697543431874], [0.6662107975041653, 1.5232278199077742], [0.6339134420465886, 2.08133198374165], [0.6224260820263936, 2.2967820919863273], [0.5285935268925843, 4.24904313137214], [0.4019781783057597, 8.41873300019432], [0.4581923905061764, 6.283140758092205], [0.9416043878939051, 1.0620171410168435], [0.43072775081341663, 7.331603385611391], [0.8938434491035528, 1.1187641426503858], [0.41726953671906947, 7.804863497324836], [0.795615206440639, 1.256888998481718], [0.9033390129035614, 1.1070041099916028], [0.6953001527276517, 1.4382277870600424], [0.7050483453672397, 1.4183424534939209], [0.7444741359161231, 1.3432300086146525], [0.40812011603946335, 8.175007731063289], [0.5883537361722735, 2.9260586909975532], [0.5677537636706065, 3.3502222905649166], [0.4111682856410746, 8.039055326330072], [0.6749713251064097, 1.4815444194497438], [0.607241475455619, 2.5497350540324812], [0.9319609727327901, 1.0730063052615808], [0.4402312774259261, 6.928667350027883], [0.3889468280416031, 8.998523165364068], [0.912853412896521, 1.0954661349481725], [0.7246537605063099, 1.3799693791712442], [0.7853593088890847, 1.2733025364078656], [0.951263272599107, 1.0512336897731067], [0.5325035782939798, 4.14803292413562], [0.6187550141138886, 2.369043916131192], [0.9707482345379601, 1.0301332152058589], [0.398618404275511, 8.563630193596877], [0.9902395136610487, 1.0098566924509662], [0.5551210506021322, 3.651201565435863], [0.43647890621238966, 7.05944732365483], [0.5588920771343292, 3.5504542057127706], [0.4212589259818912, 7.665309183930286], [0.7147851736958184, 1.3990217435953094], [0.734519224600887, 1.3614347542004313], [0.4666702473012966, 6.001579386808515], [0.443938146037786, 6.800694323699962], [0.8555537459772335, 1.1688336410213207], [0.43373670835635747, 7.186237471737526], [0.7546396399376183, 1.325135796050502], [0.7649155207474774, 1.3073339118845404], [0.5393583399158458, 4.061160730689802], [0.4931224587576846, 5.250836418504802], [0.8843299479914138, 1.1307996548927337], [0.5071744616582314, 4.929055999493704], [0.68517423539395, 1.4594827831274724], [0.3924327467767104, 8.84141117862132], [0.42534779997842703, 7.544797498410102], [0.7751063585260484, 1.290145525191681], [0.8158144219908401, 1.2257689653974124], [0.9224318224557779, 1.0840909600643582], [0.6538139716208575, 1.7111484446625416], [0.572552608279824, 3.248386206186528], [0.5000492478385679, 5.014330204562825], [0.8356704568827317, 1.1966439542810456], [0.6392659634297493, 1.987507278545222], [0.9610040543247663, 1.0405783362720915], [0.9804712360208414, 1.0199177326796596], [0.8651768659545506, 1.1558330317774954], [0.41431036762199436, 7.920867594065742], [0.6008196681902458, 2.6678775185191266], [0.8257746038491984, 1.2109842023945536], [0.805701938390616, 1.2411537720729493], [0.8456055050201142, 1.1825845433399977], [0.8747560635418141, 1.1431758425898573], [1.0, 1.0]]",0.008160,36.34
CONSTR,CCPSO_filter,21,96,0.026315,0.011036,3.819500,0.043540,0.556017,66.0000,100.0000,"[[1.0, 1.0], [0.5041385420813698, 4.892203775952758], [0.5296906877015078, 4.3075224700289025], [0.4161335430588224, 7.821822797205557], [0.6026672127123917, 2.6168688979566808], [0.5235218883538724, 4.386715739291092], [0.4295257466334483, 7.328511820526886], [0.7420548379346136, 1.3476092990422837], [0.45268658923931754, 6.522476302321827], [0.4395067881577237, 6.986148975695935], [0.48583357371536356, 5.443313240117982], [0.5800187986437746, 3.077714538275996], [0.5643135159131627, 3.4232405620828823], [0.720543751486695, 1.3878407771029921], [0.5933401501880566, 2.8649186097505686], [0.38913525368029656, 8.990810013871233], [0.7313151254835093, 1.3673995862438229], [0.5434534234345647, 3.901757900248408], [0.6885857911541806, 1.4522518658478838], [0.652533961095814, 1.728888752304275], [0.4709766932584727, 5.901192820147015], [0.6092528833769305, 2.5214588958218602], [0.5484340264999878, 3.786479926379112], [0.507450810059913, 4.802092745767802], [0.5861879043087773, 2.9789524275691384], [0.7098019194646704, 1.4088437528517754], [0.4425777554686035, 6.863529177784204], [0.5375640852023497, 4.027702293789704], [0.5596830532135868, 3.5596576489302563], [0.46081662540415297, 6.270136965221661], [0.9271553978975724, 1.078567845549528], [0.65740206446434, 1.6531172666738672], [0.4203952343037681, 7.68830472665848], [0.5346357059766014, 4.174473865829381], [0.46353734431359256, 6.136961175348322], [0.49308812357994836, 5.25236472079979], [0.41032552384694565, 8.074308057122904], [0.40712003067565783, 8.203993773493373], [0.597977528120927, 2.74058229406255], [0.45659618461028034, 6.398577428144622], [0.4776441559619407, 5.6574901108547815], [0.7943099623953973, 1.2589543721500156], [0.5169804151770224, 4.575657040480717], [0.500369873174543, 5.0117924670145735], [0.43634138139454587, 7.098741892996282], [0.6781680002437142, 1.4745608752412804], [0.4131521216823957, 7.958534336141341], [0.6299082358834914, 2.157746756743844], [0.9789800923674977, 1.0214712309232654], [0.4322412381179764, 7.206037464143101], [0.3927994897206619, 8.866344187556633], [0.8142951066956995, 1.2280560103791685], [0.8857024817582734, 1.1290473049311391], [0.6460592616901818, 1.8415268488365544], [0.6136268411420414, 2.4340618720088742], [0.3956960819686124, 8.741107097959238], [0.47493079129946714, 5.816313104381043], [0.916877727596931, 1.0906579687794646], [0.8961275284795405, 1.11591259973533], [0.98945714445795, 1.0106551916887978], [0.6678760726656011, 1.4972837640504753], [0.6237205024459087, 2.236419128654712], [0.783849653968188, 1.2757548529077802], [0.4976022520872436, 5.151147323350798], [0.7735560764380721, 1.2927311030954796], [0.5204107667462007, 4.45516088152569], [0.5699545983078652, 3.310596900660812], [0.48200605812304653, 5.546015768591043], [0.6991324512149335, 1.430344133307254], [0.39823356457400877, 8.604839978852144], [0.9374265672749231, 1.0667502233342676], [0.8442555584100717, 1.1844754707724177], [0.8342353056623873, 1.1987025641476472], [0.906408218982255, 1.1032556623579968], [0.6336833420632138, 2.0561157508110006], [0.7631661604416498, 1.3103306354952804], [0.8242538016707702, 1.213218547458308], [0.9477827799067352, 1.0550940797831367], [0.42682376660317844, 7.4463292248867265], [0.42334694679624996, 7.570655057567683], [0.8648525719955925, 1.156266434743396], [0.5129646618715341, 4.668866134882721], [0.7526157204911044, 1.3286993252645187], [0.8545106015455783, 1.1702604955295706], [0.4455720817481378, 6.718201418598088], [0.8752757490573971, 1.142497094289338], [0.4882894963386698, 5.33824943041112], [0.5528745980740823, 3.6730776977368746], [0.4043543628998465, 8.333380455735856], [0.968531563283196, 1.0324908737203464], [0.9581205779832703, 1.0437099703096668], [0.40129709434520194, 8.49171543156686], [0.44861222327287403, 6.618630048068262], [0.8043628709796178, 1.2432199894832534], [0.46726496547465823, 6.016634225491937], [1.0, 1.0]]",0.007115,34.54
CONSTR,CCPSO_filter,22,98,0.026635,0.011042,6.011187,0.044445,0.574257,61.0000,100.0000,"[[1.0, 1.0], [0.5794573643627303, 3.08242782495789], [0.6004521557069344, 2.6718420355836696], [0.4275416396769619, 7.3763411910834025], [0.5259770700312513, 4.332738705568115], [0.5701035550118496, 3.3305446312291895], [0.5548701541075229, 3.6349878810078837], [0.4111070745470743, 8.046562271246575], [0.5614488275646259, 3.527314467333066], [0.6387791158730953, 1.959148601035077], [0.45499156877217306, 6.433443769758713], [0.509394521482466, 4.77337552911434], [0.5499468906441193, 3.7808149547089416], [0.48821536271964583, 5.346445148795435], [0.4080474751892662, 8.164255664221633], [0.6598045078013253, 1.6208664350685231], [0.45727077524380155, 6.3174933726365055], [0.5949432436143229, 2.773619684613541], [0.46581632279088997, 6.035151924938472], [0.6049710584417746, 2.606731726519105], [0.47086349784961534, 5.892084452231262], [0.5299417447698516, 4.226786312005044], [0.8021157630519454, 1.2467028402423248], [0.5123405791802242, 4.680364924547192], [0.4175311263480115, 7.786741637975213], [0.39172011716617955, 8.875830534916613], [0.46223069268308, 6.188732664697401], [0.6655843275871623, 1.5437803222080446], [0.5646947721919098, 3.4136384661592873], [0.7615447729726551, 1.3131204303281419], [0.6446665963253524, 1.8783139624656064], [0.5008586716671026, 5.006899855278791], [0.47583228715440484, 5.771346236897839], [0.5444623281600798, 3.8935719915646545], [0.4051167730947356, 8.287313369419074], [0.3943405154147715, 8.762404784820838], [0.722684378833689, 1.3837299231704157], [0.5890214010478841, 2.8943107952729874], [0.540669307692831, 4.002225115084377], [0.6185770149698571, 2.347655011739707], [0.7919670881824715, 1.262678733651615], [0.6495966409220668, 1.8075436522182742], [0.45064505636391317, 6.537107846650526], [0.5738425605484851, 3.2043544375640365], [0.4209623227223588, 7.651278731934947], [0.48021484466731146, 5.609700909584404], [0.9897992373381916, 1.0103058906058977], [0.8225106238332823, 1.2157897673583042], [0.437764593315787, 7.014827478794282], [0.6253260872134793, 2.1972502269993854], [0.48519627655713005, 5.468867719779714], [0.9205649517126736, 1.0862894553388556], [0.751559520757813, 1.3305666050131058], [0.6545266846459774, 1.7187336735332535], [0.9018710119583632, 1.1088060118802967], [0.8923732268968396, 1.1206073533575456], [0.4929661850140614, 5.229779897983965], [0.5343635634225123, 4.1105952183435495], [0.6729047069326326, 1.4860945237824206], [0.3968646431095867, 8.658406397342041], [0.8533036788090632, 1.1719157257070278], [0.5216585629313939, 4.420533117291715], [0.8633161731528994, 1.1583241819134702], [0.43109380855320634, 7.248030523683251], [0.832794188549205, 1.2007768711043494], [0.732153513930314, 1.3658337779898704], [0.632611666595412, 2.081500723824549], [0.6831057349950875, 1.463902217139476], [0.4967974239547626, 5.115134112395898], [0.4024670341921662, 8.40350368296584], [0.44831208031425185, 6.667073548309173], [0.8731887426863316, 1.1452277739215218], [0.9496234781826526, 1.0530489430545207], [0.6932498229095094, 1.442481435917411], [0.9300926443621003, 1.0751617121817423], [0.7033795276990392, 1.4217075712614118], [0.7417804128461809, 1.348107853324195], [0.4247575668921703, 7.484562245092015], [0.9111514973801772, 1.0975123268471685], [0.9696238942010906, 1.0313277199340651], [0.9797178349333083, 1.020702047409469], [0.7817696515909573, 1.2791491687672043], [0.40100010385896584, 8.546650307681565], [0.8431058657496057, 1.1860906685910668], [0.4440063610544168, 6.773025247681283], [0.7130383331795958, 1.402449143990308], [0.43377720360620303, 7.143635058420908], [0.5053918330992065, 4.868013044071389], [0.4421195164398638, 6.8468657874733605], [0.8827067593605848, 1.1328790556949853], [0.4138950623164855, 7.915213837984087], [0.38918244335699037, 8.986737659410535], [0.9596114013631246, 1.042088493925253], [0.771684323856016, 1.2958666764190794], [0.939750224483438, 1.0641125417657442], [0.5850952959300981, 2.976159356244107], [0.8123114987125644, 1.2310548374421684], [1.0, 1.0]]",0.007515,34.92
CONSTR,CCPSO_filter,23,94,0.030381,0.010961,4.808115,0.048673,0.638491,59.0000,100.0000,"[[1.0, 1.0], [0.4843443257182096, 5.457100249766649], [0.44940903222939044, 6.599614078972738], [0.40646544727262446, 8.232633904270333], [0.4392407799109924, 6.937772532029631], [0.6118397656296642, 2.5214318386687467], [0.5715856173628608, 3.3213144067389737], [0.4434418097296138, 6.800332566651942], [0.5976231013261878, 2.730210046679753], [0.47270692252925445, 5.833710689889157], [0.5456988013179427, 3.871878817511224], [0.41258319103531793, 7.969950702632603], [0.5864174853790182, 2.9402967039158256], [0.43329115395879947, 7.189443342544002], [0.5748012736709052, 3.2214117160258358], [0.5834192745292759, 3.013145034658449], [0.6872104219434838, 1.45515837372187], [0.4362331676856916, 7.050787086869606], [0.9358161221411689, 1.0685859928465187], [0.49489465627780416, 5.174072746427946], [0.9084336543097402, 1.1007958536717082], [0.4296639320389516, 7.320721847047763], [0.40379213919864404, 8.358215603975285], [0.6209168467271093, 2.2793817257644724], [0.4995270583872701, 5.04209726724887], [0.4572663732966049, 6.342495140918004], [0.4008862983972142, 8.477827764063308], [0.5041131821884723, 4.894708668502606], [0.6423667007336362, 1.9382481654308439], [0.963503618563775, 1.037878821348515], [0.6492048297722863, 1.8049574060680096], [0.6977737274069158, 1.4331293379534724], [0.4661618631508172, 6.031317263513364], [0.39233651257606583, 8.863449853669609], [0.9818091040640694, 1.0185279356859005], [0.8053229463844044, 1.2417378698690036], [0.39485178636594015, 8.730011926443556], [0.917557954999679, 1.089849414471427], [0.6274106459566611, 2.160528611339145], [0.7479634415638818, 1.336963739710522], [0.5262744103283358, 4.313728347195507], [0.49030104814762493, 5.3145479860921245], [0.9909062206157283, 1.0091772351359556], [0.6769904953151513, 1.4771256124275156], [0.8529502802763558, 1.1724012795634466], [0.41954954845391107, 7.70058085729491], [0.9542512255438487, 1.0479420651831788], [0.44696718873943997, 6.673265063989833], [0.5507414377340214, 3.7936360065842805], [0.5084220754656431, 4.768546308513593], [0.6612196701786972, 1.6046527416527685], [0.7674739704718014, 1.3029757861172206], [0.7960348530940033, 1.2562264027928316], [0.6667597229212193, 1.4997906526488771], [0.561978378399758, 3.542785355049513], [0.48168625896281825, 5.599308509640572], [0.4612791150565425, 6.179231890483878], [0.8716757622292202, 1.1472155626337526], [0.9450297273171037, 1.0581677709112436], [0.41013064222936846, 8.108385883166275], [0.7771567211886347, 1.2867417507121783], [0.7079476466631457, 1.4125338288974045], [0.7866690057733718, 1.2711826608916708], [0.5421035254199389, 3.946290529479702], [0.5541756827178503, 3.6557693735093904], [0.6546887983644444, 1.720841329547601], [0.7282166089401988, 1.3732177867452624], [0.8993039984434674, 1.1119710373030913], [0.8623594760514707, 1.1596092207147197], [0.9266712157247875, 1.0791313931315532], [0.5127111767158993, 4.668509386337265], [0.7577283219166216, 1.3197342254154745], [0.5366892654903646, 4.077402640413036], [0.603682752960455, 2.6250080491714267], [0.45537594577610313, 6.496454709334049], [0.5228928725209083, 4.411191216912885], [0.8809276463668005, 1.1351670073294762], [0.4160926935340243, 7.85048113663633], [0.46922344806895455, 5.93336917296545], [0.814769402631483, 1.2273411308405453], [0.47765249019450995, 5.698974398375657], [0.5936838378236636, 2.8243465647765125], [0.4258760883409012, 7.45498090954821], [0.3978852162203132, 8.593963862402136], [0.8243393224084646, 1.2130926826083088], [0.8901194945740459, 1.1234446679302714], [0.8338432934950046, 1.1992661064749461], [0.7181053553588808, 1.3925533245748312], [0.38915343517415485, 8.997381442695607], [0.8433956032896475, 1.1856832026388568], [0.738050470758208, 1.354920889045282], [0.9726639592528274, 1.0281043010662916], [0.5802400219083612, 3.1190241384777173], [1.0, 1.0]]",0.007863,35.08
CONSTR,CCPSO_filter,24,94,0.030385,0.010160,6.198603,0.047965,0.617228,66.0000,100.0000,"[[1.0, 1.0], [0.45512815113332616, 6.3970021460837705], [0.685745067348131, 1.4582678718596334], [0.564814707422802, 3.3984653866875005], [0.522058110509265, 4.419596342652144], [0.4884292868714265, 5.373978740207772], [0.5944198528982322, 2.818417684186912], [0.6007969225179801, 2.7108738339168843], [0.5263303507086975, 4.304852481447506], [0.4370732473178792, 7.073795802086014], [0.4591934109696487, 6.258580134564719], [0.4333821115106108, 7.176140021416217], [0.6437569250601725, 1.888655159111865], [0.5471210782878926, 3.7953056565787726], [0.43024547149700026, 7.287387011132131], [0.4474822204179588, 6.704938629493518], [0.5125292654736977, 4.664240104891681], [0.5778920315535117, 3.1188774353679785], [0.41814860304314516, 7.790716637729711], [0.6302027651116044, 2.112530403100822], [0.5012583532861831, 4.973507102050897], [0.6763817541158892, 1.4784550202823228], [0.45098581990962383, 6.5691694021635145], [0.7454733872010244, 1.3414295093143813], [0.6616773781958021, 1.6018426890012645], [0.48210594547091123, 5.545526835410093], [0.42341869983712077, 7.539170671422788], [0.46248928043783344, 6.1431241525975615], [0.6249620099844723, 2.2294927782610032], [0.414171109442642, 7.901678567216383], [0.4078476161488642, 8.170202412837337], [0.39591063324698694, 8.68900338001463], [0.43930335840955226, 6.939129462434743], [0.5603445270070406, 3.564083438359589], [0.8660924985696602, 1.1546110855959222], [0.5704226419748963, 3.315848433714835], [0.41104824412496077, 8.033578057967977], [0.39880316867197363, 8.556482879677118], [0.4953220300154276, 5.1357140394478105], [0.5531067216273461, 3.6799855921647167], [0.6071132176879835, 2.617178405444369], [0.5384222927900588, 4.0746181694224815], [0.42703029962516675, 7.402087866953991], [0.7664523394997935, 1.3047125678455436], [0.8263983609125268, 1.2100701638563012], [0.9622723766669767, 1.0392068028219832], [0.5053946778875112, 4.851519726300931], [0.934155451341133, 1.0704856440802615], [0.8561247545547062, 1.1680540653448659], [0.9435681253330033, 1.0598068895630413], [0.8759276725098469, 1.1416467721982586], [0.8164719819727857, 1.2247817709356885], [0.7866977970144534, 1.2711361386736255], [0.8858063752094614, 1.128914882514292], [0.8362722706785863, 1.1957828031157343], [0.6182734047145668, 2.337208255938348], [0.5168964937206408, 4.554627242493981], [0.9905102388093573, 1.0095806795516318], [0.7047960173838124, 1.4188502422473646], [0.7765719481185086, 1.2877106910992815], [0.8461971308792406, 1.1817577293850554], [0.7149028296814312, 1.3987914979237268], [0.6666886456453894, 1.4999505489282], [0.6951531043251851, 1.4385320209002632], [0.509725619425931, 4.76258672311035], [0.7351052128747824, 1.3603494880539497], [0.8065558649002019, 1.2398397228488738], [0.4935233290965241, 5.272915314931295], [0.4019231003924843, 8.43324573378059], [0.9246656266024991, 1.081472016727065], [0.9716616990364405, 1.0291647813139713], [0.4206308818448756, 7.6636158772018055], [0.9529520443899449, 1.049370748388681], [0.6508050697327925, 1.7589100525405705], [0.3889959207733177, 8.998019545883603], [0.3927155833723132, 8.828681848178421], [0.6582901291797502, 1.689997077234897], [0.79665874694607, 1.255242603979964], [0.7558713062425263, 1.3229765328320895], [0.6370264576238662, 2.0014768463511636], [0.9810943000148632, 1.0192700130709662], [0.5435866940665964, 3.944308764600197], [0.4058057367665964, 8.30764729282208], [0.5832773391694659, 3.050562378244027], [0.4709033221510598, 5.896567282814043], [0.5745858049534813, 3.219934061005548], [0.9150529183780316, 1.0928329716411818], [0.8956105194987891, 1.116556782472397], [0.9053552336107669, 1.1045388184389986], [0.44319176113431547, 6.811471085250678], [0.47455042181791496, 5.775170356718326], [0.4987571771641056, 5.0521705399873404], [0.7248983363142938, 1.3795037868129836], [1.0, 1.0]]",0.008220,34.36
CONSTR,CCPSO_filter,25,95,0.030680,0.009621,5.789217,0.049220,0.606598,65.0000,100.0000,"[[1.0, 1.0], [0.5709597436206897, 3.3141032286688863], [0.6652199681763006, 1.5643284494374952], [0.6833420086174271, 1.4633960555465508], [0.40879074493077505, 8.127787113616636], [0.42414232589701495, 7.528021193583632], [0.4511640087571783, 6.564525161177593], [0.672352515437912, 1.4873150275175024], [0.6356156312219294, 2.0792335903456998], [0.5877820887148779, 2.9588715986560254], [0.5934544488008944, 2.8772910144367314], [0.4216545954542766, 7.658292771776475], [0.4539921905087605, 6.42019345921731], [0.4392609198861113, 6.94002196134728], [0.5757825438484206, 3.170088512121679], [0.5962793911815178, 2.786255610932275], [0.4141067196676023, 7.911054501125443], [0.9893966278777092, 1.0107170085520054], [0.41168857102905604, 8.018859389529696], [0.4339095820234369, 7.136640577827938], [0.6290204531249411, 2.1664977732915873], [0.535564595833921, 4.076550482806503], [0.5042968088157275, 4.946950684608983], [0.6400930417306232, 1.9648917334066232], [0.5503330345323532, 3.7254538522153897], [0.5834369386588014, 3.0651421916291146], [0.6447039159272576, 1.8666184426824268], [0.40676179353204117, 8.251603701351835], [0.48335202959096685, 5.5133529892718744], [0.8800491647218887, 1.1363001524079828], [0.4742774844341838, 5.800188651043144], [0.40341824167834484, 8.355322425720734], [0.49132385550964297, 5.2716763986146855], [0.564860630857025, 3.3925590679522237], [0.4983967227543772, 5.0566211894004995], [0.9580629400169389, 1.0437727608817846], [0.44451787361706147, 6.828251894151083], [0.5090231488686946, 4.763392365970794], [0.4963211730794271, 5.166765489733246], [0.6163697127628867, 2.390580417471308], [0.6084956072481796, 2.5073482785387986], [0.6529191710338723, 1.793156862731169], [0.5419547449950453, 3.9533998428742785], [0.4312091480682343, 7.279113983064419], [0.7051195645291513, 1.4181991967103584], [0.4007949056709419, 8.477660349232396], [0.8894507074821725, 1.1242893974762995], [0.8988411994097267, 1.11254357349964], [0.48719799062654673, 5.3847415524580855], [0.8418495605688567, 1.1878606901264845], [0.417355792937722, 7.776399270707943], [0.4678486212525143, 6.0217140643653995], [0.6057385121074136, 2.5691985453398782], [0.42726127978143125, 7.402420083324769], [0.6942736763085364, 1.4403541919045744], [0.4367503285443594, 7.035160779555472], [0.755713303493649, 1.3232531376343621], [0.45953180421558737, 6.290876694835045], [0.3889765314426919, 8.997365821729762], [0.4701815645358117, 5.906055455603668], [0.8030079328909827, 1.2453177098759263], [0.5160137541517906, 4.646588717582897], [0.9479607590867571, 1.0548959863732927], [0.7155707290175612, 1.3974858940540291], [0.39797646940159964, 8.615573795439243], [0.5562905309690251, 3.6246462100130405], [0.478476588654897, 5.639168548528322], [0.7259225549995099, 1.3775574172656408], [0.7652866898618935, 1.306699846276516], [0.9380169066452602, 1.0660788658665197], [0.9084930848918553, 1.1007238432849904], [0.7841842511750301, 1.2752105114347672], [0.793551546894827, 1.2601575838557777], [0.44738347249690735, 6.6877488803854614], [0.8611384726908543, 1.1612534240576156], [0.39480203246830026, 8.743058742432904], [0.8321158553506578, 1.2017557333751259], [0.563516049763612, 3.533411114535821], [0.3917249619861105, 8.870871558619855], [0.6217442654018155, 2.31370418290614], [0.46309890910316454, 6.120154019631638], [0.9789398291964864, 1.0215132433837122], [0.8126257473008036, 1.2305787791262752], [0.5084379280217574, 4.909027682878959], [0.7356943105582843, 1.359260205833516], [0.9685038086252383, 1.0325204620717698], [0.8223101166335927, 1.2160862182917578], [0.9181671352242076, 1.0891263274804643], [0.9280679096211866, 1.0775073565555933], [0.8515766360587034, 1.174292433183976], [0.7457911858102142, 1.3408578956502655], [0.7747377693328149, 1.2907593247469726], [0.5262909757646198, 4.364811053608324], [0.8705163856292076, 1.1487434544695008], [1.0, 1.0]]",0.007514,34.45
CONSTR,CCPSO_filter,26,95,0.029445,0.010066,3.678177,0.045044,0.621060,62.0000,100.0000,"[[0.5368010543261792, 4.064226854625881], [1.0, 1.0], [0.5578163620514647, 3.621490919648588], [0.5895457316578483, 2.8996003555462613], [0.5766309475054117, 3.1435984406111306], [0.44947105140422894, 6.589072503997569], [0.40268164789945554, 8.383995269370095], [0.6312073099881652, 2.1380612691142304], [0.5207386565134833, 4.488310820078726], [0.40598905849015593, 8.258140962895437], [0.5728288938371491, 3.2663458317562597], [0.56752137808002, 3.3660487109655284], [0.4395814463898372, 6.950446857675008], [0.5416504978926734, 3.960491348564118], [0.9475541224566301, 1.055348688059526], [0.46312525507227364, 6.118379939318855], [0.45261492808794984, 6.466953661941683], [0.6457584308537194, 1.9475045085990152], [0.6164931818911796, 2.365285299141112], [0.6233052299039654, 2.2344798636179903], [0.4297432574203819, 7.304322407074404], [0.5620600846403337, 3.497179742458007], [0.9895127210191079, 1.0105984276483997], [0.49661332835148403, 5.116416817262006], [0.5158058437103059, 4.571748121820888], [0.5131744771313725, 4.703622524548565], [0.6657053855971323, 1.5188753552401753], [0.5025377425074103, 5.034896938939945], [0.6013488975780911, 2.6608895246760023], [0.4094494696640953, 8.13198952406083], [0.42654801359777317, 7.437901298596298], [0.487658949178859, 5.354337517650207], [0.598546585871552, 2.7934435592582476], [0.9267881338259082, 1.078995256307246], [0.4363957401408114, 7.061417731944657], [0.4336318537789481, 7.195597229555488], [0.6109002826077758, 2.473669480910802], [0.5082407908995377, 4.773652278110484], [0.415364863691801, 7.866315970033504], [0.4833957490147704, 5.486967728411419], [0.7647121002075441, 1.3076816748794722], [0.6064895022388695, 2.549192945854565], [0.4675664751914539, 5.972725136703328], [0.7833759438893658, 1.2765263061757068], [0.5295544056323966, 4.345034536088571], [0.5333425100081194, 4.13015766858609], [0.3947673401838405, 8.74983443459565], [0.7740484604446621, 1.2919087771656275], [0.5835066263409364, 2.998861339713824], [0.48213640821788195, 5.61821737271025], [0.4190557601517852, 7.737195372589795], [0.3972917179485134, 8.621126484452507], [0.6361529077971327, 2.0100414305151713], [0.45902653087236495, 6.251939857305629], [0.44599920830609463, 6.7029669914462975], [0.8965880387915568, 1.11533943877706], [0.6546987610808326, 1.7345903978805806], [0.8392358120347749, 1.1915602094903972], [0.4001856340523582, 8.506470974798923], [0.4773491418749939, 5.696083973963701], [0.6859433877270783, 1.457846256545413], [0.9684658757085244, 1.0325609038815182], [0.9166300681198851, 1.0909526479434788], [0.8486502580428011, 1.1783417144139554], [0.7365939388248258, 1.3576000932011694], [0.7927423675613453, 1.2614438699375006], [0.8206380517335847, 1.218564015996475], [0.7553929032765678, 1.3238143960082658], [0.9580012884288465, 1.0438399322406264], [0.6964142542691694, 1.4359269556442658], [0.39204971835922264, 8.870137600536877], [0.9789737833577481, 1.021477813808389], [0.675184411971504, 1.4810768469610414], [0.7461257162437147, 1.3402567130836698], [0.8020444087757558, 1.2468137537750617], [0.5463363663668004, 3.8310215063674917], [0.458633773822499, 6.384381886179404], [0.8673683196803179, 1.15291275610408], [0.8580269343478043, 1.1654645792210603], [0.9371581050332254, 1.0670558090777507], [0.7069324950723362, 1.4145622205380104], [0.6471959648563274, 1.8196010833921805], [0.4446760719819714, 6.835086433965615], [0.7268445606766865, 1.3758099793290164], [0.8299332583469882, 1.2049161663815482], [0.8868350529643181, 1.1276054060531537], [0.4120674001687592, 8.003543660767082], [0.4723373963282615, 5.82599952619444], [0.9066110439445707, 1.1030088445085597], [0.5240359351575883, 4.420055097487738], [0.8770965447609012, 1.1401253442089465], [0.7167046888891135, 1.395274811931246], [0.38893672156219417, 8.999514123181513], [0.8112579379100567, 1.2326535781901575], [1.0, 1.0]]",0.007736,34.97
CONSTR,CCPSO_filter,27,91,0.031542,0.010612,3.601580,0.049563,0.627300,66.0000,100.0000,"[[1.0, 1.0], [0.5469975893878879, 3.813731140677156], [0.5100809462996109, 4.744251215166626], [0.43668139827227626, 7.064185475185372], [0.5136267268926585, 4.631134288918665], [0.46166285272019336, 6.17897212088114], [0.5520155250799939, 3.684471162636443], [0.7643604094916054, 1.3082833537455507], [0.40480965352199727, 8.30611919366018], [0.43346274504673876, 7.168380979688378], [0.5239610573385296, 4.363511081004635], [0.4981434580425592, 5.066091844292974], [0.5430332997319414, 3.948240393344522], [0.4655762962032084, 6.060390667875467], [0.610723612950468, 2.5016008778144183], [0.6184232960439934, 2.399088250465312], [0.7749388749462089, 1.2904243577526204], [0.6901944353672529, 1.4488670855016375], [0.395721734218074, 8.689629767876037], [0.6036285457418107, 2.63766431759378], [0.6624200193991678, 1.572351488851229], [0.38921703265678387, 8.994039910070432], [0.41706725211576046, 7.821465419087186], [0.8951331114798741, 1.117152284029305], [0.7432242741477126, 1.3454888850969557], [0.8758655337307619, 1.1417277669786656], [0.6223553129279955, 2.2751045600964255], [0.5617738036393318, 3.4652716561550863], [0.39886153033326044, 8.561874258505485], [0.732769242426645, 1.3646861004814985], [0.9523910119465606, 1.0499889094460615], [0.43950323900752425, 6.945923588424162], [0.45231753293662297, 6.535535425123473], [0.45551497703246147, 6.437694714932986], [0.48287813906827987, 5.523470412898515], [0.5292596383541981, 4.242662334040566], [0.41352642643860793, 7.939014745855611], [0.711579150691398, 1.4053250422364976], [0.6376213703895857, 2.004427478304919], [0.4437030202979202, 6.794336772139974], [0.5863987595014263, 3.02491349137081], [0.42651269102875405, 7.418091363668015], [0.5953898948922067, 2.7645247022418125], [0.4081168195010026, 8.185221034273185], [0.4760411976194758, 5.7236948289462815], [0.39233670735630216, 8.841821229311867], [0.5057684898674155, 4.854148261546269], [0.8472774660133073, 1.1802509096639826], [0.4578062240497957, 6.309308880467166], [0.5565107014431556, 3.586249688913681], [0.486159163246411, 5.413209381815702], [0.5745729101767775, 3.2188791050599765], [0.41956559387696263, 7.688413707214095], [0.9903721523616544, 1.009721444222141], [0.6687450177604327, 1.4953382431900735], [0.6451280154073864, 1.9408906223572866], [0.47954784743324724, 5.602496725165306], [0.5702222239914186, 3.3433993531052404], [0.7537678024899241, 1.326668500162379], [0.4015023864840159, 8.436471830088971], [0.5795148924042164, 3.1064257930858354], [0.6559613034103003, 1.6834644727713228], [0.5917794442375169, 2.914318044790635], [0.625674451215604, 2.2031559919239445], [0.8372166466318414, 1.1944339664327543], [0.7221375735508061, 1.384777688665226], [0.904778249091122, 1.1052431919141859], [0.9712485908278491, 1.0296025234359871], [0.9429592837294641, 1.0604911762944167], [0.8066622178569015, 1.2396762583684016], [0.8855467575099548, 1.1292458489847257], [0.4916711468697007, 5.325471523380565], [0.9808184675392186, 1.019556659153152], [0.8568702785312734, 1.1670377944652945], [0.9618109846034814, 1.0397053225715265], [0.9334140467015349, 1.0713359237883382], [0.9239695801710854, 1.0822867131781941], [0.914378948155709, 1.0936384767136071], [0.679410096767342, 1.4718650852526869], [0.6480183126331988, 1.8305891236924554], [0.8169335144459549, 1.224089821652379], [0.796002510943121, 1.2562774441693385], [0.7854415155950557, 1.2731692686786404], [0.4306986663019301, 7.320338408609139], [0.7008866462222813, 1.4267642355435277], [0.42386184160615026, 7.549850376915814], [0.8663780447039011, 1.154230541866705], [0.47192966650119494, 5.844495104876469], [0.41117301591107946, 8.06453511327101], [0.8270923408195952, 1.2090548426661338], [1.0, 1.0]]",0.007712,34.60
CONSTR,CCPSO_filter,28,95,0.029516,0.008777,5.913580,0.045666,0.629786,64.0000,100.0000,"[[1.0, 1.0], [0.6208614054693812, 2.299910036524917], [0.4341491364949067, 7.136264730073782], [0.6181710020671622, 2.4398317426683205], [0.41805962494887927, 7.764842044890094], [0.3957217583514578, 8.697554391998455], [0.40152024649823703, 8.437640325625338], [0.44030442525005686, 6.899719858116593], [0.49931802791495933, 5.035808829982433], [0.6270596291693002, 2.1701964412933763], [0.4442936897369194, 6.785080215355053], [0.5298381095211234, 4.22221448112945], [0.39854546098915244, 8.575779477433317], [0.5207110166252, 4.444027306284552], [0.42510911518363204, 7.48369861870299], [0.40496048259208733, 8.310477243294004], [0.6088459815783335, 2.498853518837912], [0.41420669903653584, 7.918408502984865], [0.6646741650080321, 1.5853234126542752], [0.5893560165916654, 2.9019311059409647], [0.7954869206130768, 1.2570916932604075], [0.5540652909255877, 3.6376263933564466], [0.47830355195918656, 5.638369771645169], [0.7659819653618476, 1.3055137656244988], [0.7757984291878477, 1.2889946181598484], [0.4314465071952674, 7.244892029683876], [0.4908048494153897, 5.286138978838715], [0.7565391203771283, 1.321808711625525], [0.48352928905719994, 5.535218017574703], [0.47184811118997305, 5.900261610407341], [0.46644062311937057, 6.025557204649906], [0.5848459444143117, 3.023530622097666], [0.503464724195604, 4.93096871437833], [0.6054025200942745, 2.6529141447852878], [0.6440772389748484, 1.8909636066882483], [0.8631873256852577, 1.1584970842871574], [0.882023336169519, 1.1337568508593368], [0.43720755246471044, 7.037600945908143], [0.5748615043981753, 3.2906907250033246], [0.6801660599804779, 1.470229196718081], [0.5342102154343764, 4.127358832556865], [0.8536451397529401, 1.1714469554520248], [0.7190772414561014, 1.3906711857199676], [0.4598695963862831, 6.283261809096519], [0.5459733217716566, 3.896687160203324], [0.9104221069312597, 1.0983916058131307], [0.47523127892520434, 5.7727631681633955], [0.7472100807068569, 1.3383117088757759], [0.690099485673977, 1.4490664328250622], [0.5936510861559041, 2.7932288603965976], [0.5389274431845203, 3.9928783637051066], [0.5779350948686954, 3.1196332836940868], [0.891424795678042, 1.1217996233090788], [0.8440293204287106, 1.1847929636994918], [0.669975311848863, 1.4925923124546205], [0.9595149211333117, 1.0421932770142543], [0.8344622384185812, 1.1983765759072995], [0.5994552619748295, 2.6889764992271523], [0.49539324479951746, 5.180773309727422], [0.45279481760513407, 6.505706686233953], [0.6526843302125005, 1.780201711021566], [0.4626104447454315, 6.152154637094932], [0.428235301513136, 7.346530636318992], [0.48625133372116597, 5.39819371267117], [0.42166996329239637, 7.606872393289712], [0.4560779988687065, 6.402570653249468], [0.5259116311992719, 4.336970451437304], [0.4112951115832459, 8.06403808137904], [0.7856337999257337, 1.2728576597576764], [0.7094954817374699, 1.4094522456311056], [0.5099177571731842, 4.826844681588607], [0.8152566948780421, 1.2266075289937908], [0.9795820283139447, 1.0208435547977526], [0.6414255184815488, 1.985705585586908], [0.5665401378937697, 3.3942806859051244], [0.7378780675072971, 1.3552374627127817], [0.9496439263682004, 1.053026268302879], [0.929944103181535, 1.0753334491597817], [0.5615594159259258, 3.4934904573156977], [0.5135750595681223, 4.660965047686954], [0.39308867453266927, 8.842453248785015], [0.4079594431966421, 8.162957761969292], [0.9898156323261194, 1.0102891562239191], [0.9398056503277736, 1.0640497848158632], [0.5181869948289494, 4.578766130816228], [0.9695374248669462, 1.0314197001082597], [0.8725789693577845, 1.146028078966878], [0.6997021580247543, 1.4291795280766042], [0.8053930322560084, 1.2416298129608505], [0.5588234158224907, 3.5405193058307383], [0.7283380461812903, 1.372988827431226], [0.9202405316592144, 1.0866724140013453], [0.8248476238868806, 1.2123451302287316], [0.9009401985413346, 1.1099515834891682], [1.0, 1.0]]",0.007982,33.39
CONSTR,CCPSO_filter,29,98,0.025684,0.010630,5.162033,0.045208,0.572313,71.0000,100.0000,"[[1.0, 1.0], [0.5479500951943376, 3.8542838181745056], [0.4342308513025274, 7.12113195752981], [0.54037431192633, 3.9545755029160303], [0.47825906617063685, 5.713841010259489], [0.602657128989214, 2.6293790095581135], [0.5794715694193863, 3.090668203037424], [0.47383630325676446, 5.82523204688413], [0.5690117125910048, 3.3500975029495654], [0.6148434261695106, 2.3877787283032164], [0.6403109915895518, 1.9419106645331277], [0.4309923356101049, 7.24318195391082], [0.5847384922966854, 2.9728994157401005], [0.5553006504317919, 3.629151253539119], [0.44836670839730425, 6.658996928851695], [0.40456574750286406, 8.322201122400712], [0.4197854345086377, 7.6782498904207], [0.6237011544990034, 2.311099858807986], [0.781867198179299, 1.2789895807480576], [0.5744591968705984, 3.2207291375257854], [0.42888619211816525, 7.333433809681559], [0.5919517592134889, 2.853123944679739], [0.565623877963364, 3.4289592133740197], [0.38903855967173623, 8.9965539582844], [0.4656016788725511, 6.071945230580485], [0.4579484531415482, 6.3044210848132805], [0.41715136903919076, 7.806981045164091], [0.5515887774534565, 3.719161385447592], [0.48121009642196355, 5.567714856497817], [0.410861237495198, 8.052265222428003], [0.4074828592327101, 8.185461245975377], [0.5593138020227831, 3.517275512021226], [0.6084294306593512, 2.5283267853871654], [0.940180055673888, 1.0636260511644604], [0.7416235659979576, 1.3483929662541951], [0.5114420412170724, 4.706211843157175], [0.4623832303628525, 6.177052655467243], [0.41397367438050475, 7.922516379472711], [0.5061804944540282, 4.8385926762421585], [0.45100473874387204, 6.538465669256211], [0.8607888830167139, 1.1617250405179584], [0.5026610883213178, 4.980073767853017], [0.5249151858535903, 4.3536407396532], [0.8708149527865477, 1.148349596892048], [0.5988023375414636, 2.7478622558948844], [0.673088445921575, 1.4856888512338469], [0.7718872741805729, 1.2955259575455356], [0.3950548084129691, 8.721782691504025], [0.40142705917672095, 8.441411129071248], [0.8407414092222111, 1.1894263670503902], [0.42639806645456263, 7.455436789669676], [0.7518836910661298, 1.329992938910611], [0.5156513719078606, 4.601006639542253], [0.4970217602864987, 5.090031773791072], [0.8010993280699822, 1.2482846570464758], [0.9106711770550866, 1.0980911938311075], [0.8208763109058506, 1.218210328053545], [0.8109964012644875, 1.2330510942352177], [0.6828386494454111, 1.4644748079391545], [0.9500212249177882, 1.0526080615583477], [0.791454006865137, 1.2634972990545477], [0.495566351867758, 5.254205605772825], [0.4693072815391015, 5.931371103395813], [0.4879797434009724, 5.370032946878092], [0.4373804198270608, 7.011417141548838], [0.8507892631312663, 1.1753791959239996], [0.45411608411138904, 6.415417577359909], [0.6549767741739146, 1.7394512759814844], [0.6291447661711205, 2.1716468096129127], [0.8307782164661528, 1.2036906844448316], [0.7315925165332502, 1.3668811222108106], [0.9899014719518361, 1.0102015486735787], [0.42372549338153476, 7.57002185382738], [0.692339266366589, 1.444378570708579], [0.4422645502283666, 6.830673679526545], [0.3985998553482475, 8.5840052946273], [0.8807682224174656, 1.1353724788744946], [0.7117947360566557, 1.4048994033588982], [0.9303779371597666, 1.0748320226216603], [0.7019451893585085, 1.4246126551759362], [0.4400822974366874, 6.951593590493207], [0.6475291821756219, 1.8252226663331024], [0.9698331173494463, 1.0311052304885193], [0.7618293442766927, 1.3126299315097067], [0.7216604438660685, 1.3856932418836967], [0.522082156082287, 4.482895264367914], [0.9205082557207932, 1.0863563621349184], [0.5310836533710738, 4.20013532594232], [0.9007486951388805, 1.1101875644080912], [0.9599432082071893, 1.0417282933514596], [0.44533451754469594, 6.755645380290183], [0.9798512727428951, 1.0205630464720454], [0.8907919198163978, 1.1225966218980872], [0.5391748923870188, 4.09815104994888], [0.6653066421517667, 1.547102252325102], [0.39201184954582147, 8.85842335087264], [0.6585403189894824, 1.6513327372586166], [1.0, 1.0]]",0.007600,33.79
CONSTR,CCPSO_filter,30,90,0.036531,0.010717,4.541788,0.051706,0.645655,69.0000,100.0000,"[[0.46847284855761423, 5.9469462306575185], [1.0, 1.0], [0.6184622743056848, 2.358494646570572], [0.7721893685677396, 1.295019124460111], [0.4592617260588163, 6.294304104369751], [0.4468085893116029, 6.6802444576624], [0.55425011009461, 3.656423061372007], [0.40293923016910665, 8.401615060323408], [0.4216529251354491, 7.6172679653453805], [0.5713543403277007, 3.2740926022692953], [0.42819003691029056, 7.369026711949295], [0.6251177928394647, 2.2311764202136724], [0.6667505897090203, 1.4998111969220973], [0.6040560327820099, 2.617283848119152], [0.39430890633323923, 8.756962269726042], [0.6630731289896126, 1.6309442940694936], [0.5977491374590838, 2.7136014125477397], [0.5219547573192056, 4.439678038844711], [0.508162378367103, 4.784868089487161], [0.7330903411014499, 1.3640883584655132], [0.5029324343566658, 4.919570695158051], [0.7427275921893652, 1.3463886497770514], [0.4312858490344731, 7.249886512392888], [0.4246137036867119, 7.50008162037013], [0.6555209357745146, 1.7406737903340779], [0.5148877120111132, 4.689827934532089], [0.4548523353163201, 6.421278189622998], [0.723670328429584, 1.3818446891004512], [0.41144448757630026, 8.02123002281415], [0.4630963776211232, 6.164005996540211], [0.48670674798725844, 5.403825675765934], [0.4818124357171346, 5.543115258339808], [0.566276041109741, 3.389498644218743], [0.5500145531481919, 3.7279851454541797], [0.43768707778251903, 7.0250759427309175], [0.5433549646462037, 3.9139612221322087], [0.40576741663650867, 8.280711564328172], [0.6475496940197257, 1.8161027623519936], [0.7822101750998823, 1.2784287801834175], [0.5599033950576293, 3.5216957379322467], [0.990035803262549, 1.0100644812082706], [0.5274432491091141, 4.307816432993339], [0.6133161399141822, 2.449604045948994], [0.7048600288111865, 1.418721390240549], [0.8022006456264749, 1.2465709239351892], [0.9073354222291914, 1.1021282488268178], [0.939378624639412, 1.0645334839121532], [0.5930177135827247, 2.8403129898850015], [0.8426809912947141, 1.1866886880450187], [0.7524354585362237, 1.32901764351375], [0.3999557800153256, 8.519733148428175], [0.9288601860045378, 1.076588290753927], [0.5178945488302579, 4.549865366206521], [0.4650185737942911, 6.085447636591207], [0.6094833065503013, 2.50410366603086], [0.832279243737106, 1.2015198114394792], [0.41822060619555845, 7.751731338440956], [0.49461721874976644, 5.1638641460649435], [0.3973232414228419, 8.634063849836283], [0.6954477711831365, 1.4379225032222642], [0.3890492686900834, 8.999635713896891], [0.8963275449478473, 1.1156635826227843], [0.5002355031971482, 5.049246762820702], [0.7622683062902786, 1.311874036671795], [0.40865105236979987, 8.148033707465485], [0.45076721724811053, 6.5358698602053185], [0.8853060215998886, 1.129552917976138], [0.9800404390888033, 1.020366058496274], [0.4899521831618786, 5.306766117009045], [0.5800462372252543, 3.082135043169405], [0.6420043582961921, 1.9339593115430604], [0.9180566898547001, 1.0892573531142928], [0.5463347633775026, 3.8178086937636198], [0.47714129373510833, 5.732874780320755], [0.47787660341861443, 5.6530971739405125], [0.8122189175344485, 1.2311951598413577], [0.9598013538800907, 1.0418822561120615], [0.8636702472704618, 1.1578493101509446], [0.6762028560347927, 1.4788461643950037], [0.8744141491225247, 1.1436228485134885], [0.4148680302894088, 7.888439903933715], [0.8221522491651145, 1.2163197279037887], [0.8531554986123396, 1.1721192697304341], [0.7141851361409941, 1.4001971609257637], [0.7921681914762437, 1.2623581844866198], [0.9496206634418267, 1.0530520643638663], [0.9698897209803936, 1.0310450542657261], [0.5760016307770599, 3.2086278797012646], [0.6857048197260005, 1.4583534652703596], [1.0, 1.0]]",0.007353,33.17
