problem_name,solver_name,run_id,final_archive_size           [archive solutions at the last iteration],final_igd                    [IGD of the final archive],final_gd                     [GD of the final archive],final_hypervolume            [hypervolume of the final archive],final_spacing                [spacing of the final archive],final_spread                 [spread of the final archive],final_feasibility_pct        [% feasible in population at the last iteration],final_front_feasibility_pct  [% of returned front members satisfying all constraints],final_feasible_front         [objective vectors of FEASIBLE front members only; for honest cross-algorithm HV],p_red                        [mean relative error distance across all iterations; 0=ideal],run_time_s
CONSTR,CCPSO_strict,1,100,0.022721,0.009979,5.143630,0.042702,0.530408,70.0000,100.0000,"[[1.0, 1.0], [0.5177131351725381, 4.5668267415805035], [0.4952222908011529, 5.162213397318714], [0.5054550320923865, 4.926697522826931], [0.5360527146910323, 4.083313925512418], [0.6148037955272236, 2.396451216410962], [0.7191889362629391, 1.3904552052708372], [0.46716170910833754, 6.009823137559103], [0.7288939144960125, 1.3719417601276607], [0.5227844204730341, 4.41403591021525], [0.5264369865986328, 4.30202702572313], [0.423865087472849, 7.525615179587569], [0.40134482950672995, 8.506994962656421], [0.5086024948802998, 4.80082315854034], [0.5627015237399471, 3.440511180889567], [0.6645385329258924, 1.5460383100222133], [0.5313073764394003, 4.192432646772287], [0.4068996653266306, 8.236242353337024], [0.4030217300451244, 8.371160972884924], [0.7578626151132507, 1.3195003686130706], [0.5734700461867241, 3.234236118641842], [0.7674524349670163, 1.303012348958119], [0.7385958053503827, 1.3539204971866983], [0.4304334993986016, 7.271601343697565], [0.39504038794872925, 8.722661596617673], [0.6246632154658854, 2.2352022884719815], [0.7000632068784097, 1.4284424465885188], [0.6540126614191364, 1.7485624946270673], [0.47058777872000274, 5.890588942245902], [0.6814735705456398, 1.467408338667226], [0.45255013132150085, 6.491907386970486], [0.5682705098843118, 3.32708849528373], [0.8359239952299771, 1.1962810084484807], [0.6476545119495419, 1.8461143694916349], [0.6205354164381425, 2.322934393509571], [0.44851313767877266, 6.612695866987068], [0.42116330761022475, 7.650259694724045], [0.8259459743060421, 1.2107329427208573], [0.47355394203015777, 5.784966718101941], [0.5550442735050195, 3.6670746289550973], [0.5443476809728259, 3.873487362264536], [0.5132553161092743, 4.678098719875024], [0.47761283387623166, 5.664926462118075], [0.5499676910084946, 3.772784299876674], [0.8061792947053474, 1.2404188578987168], [0.49924308875608786, 5.0308775642874375], [0.6070343248057507, 2.5785096914506], [0.4090748897895438, 8.123620437731944], [0.445123665111244, 6.751571902175306], [0.6015690743639055, 2.6611821825520026], [0.3924724767792546, 8.854544238449565], [0.46352769948027245, 6.122998353086137], [0.4379484665663414, 7.002533241450703], [0.48408658743935573, 5.46855064913015], [0.7963299334979222, 1.2557609075517806], [0.38932115122182775, 8.98124004537959], [0.41793115746264065, 7.758924944668384], [0.7095930563269666, 1.4092584349348813], [0.8871984638811506, 1.127143520543742], [0.4347358345676499, 7.146731341636501], [0.4153730531641984, 7.89205214187364], [0.988109587903609, 1.0120334953146422], [0.9763319253857508, 1.0242418321053037], [0.7769172724968458, 1.2871383291379455], [0.6294609901847695, 2.1210244002091225], [0.7482918439104623, 1.336376987318408], [0.6588643076492587, 1.635691632673561], [0.5407792780811178, 3.9785543960467162], [0.39788545872655035, 8.603962832972126], [0.8159667880991817, 1.2255400766120996], [0.8559528746390923, 1.1682886168489641], [0.5938209031524244, 2.791771383894185], [0.6907972825099182, 1.4476026836217937], [0.4899506865492469, 5.300463904786274], [0.637023763730723, 2.034397993736825], [0.5900786323009481, 2.9290550364893826], [0.45937303833599336, 6.273978386166952], [0.4807409502321463, 5.580619423848313], [0.7866532122510227, 1.2712081822414245], [0.5834937779081181, 3.026638432204287], [0.6414838938878229, 1.9240253918069823], [0.9417699363607702, 1.0618304549667883], [0.930638204540617, 1.0745314292073593], [0.9646075458239624, 1.036691040132602], [0.8765574743101375, 1.140826505172423], [0.9087549925219915, 1.100406609293869], [0.8979848826821643, 1.1136044929989577], [0.5594602236725196, 3.531213803944604], [0.4272237068775303, 7.391477401568757], [0.5766258666774171, 3.156601491473981], [0.6716174741437668, 1.4889427963066062], [0.6100603440106748, 2.480294923757365], [0.8662276334604054, 1.154430961761403], [0.44129613731559303, 6.86526969403526], [0.9533005418462407, 1.0489871306097416], [0.4129154443422206, 8.009100151853298], [0.8459453938044392, 1.1821093977505293], [0.4557574068741689, 6.379605325078202], [0.9197162423010412, 1.0872918776535865], [1.0, 1.0]]",0.007747,42.04
CONSTR,CCPSO_strict,2,100,0.024199,0.009656,4.824263,0.046093,0.572795,61.0000,100.0000,"[[1.0, 1.0], [0.6258239007273855, 2.241894911733925], [0.593930198253109, 2.796695252328704], [0.4731442579671668, 5.798919981972702], [0.5502085906913301, 3.7475329935195756], [0.7788841751911428, 1.2838879410466826], [0.6463379598472265, 1.8316364686417603], [0.436855280791293, 7.038987074116556], [0.5850131480276092, 3.0177396395437572], [0.44138048237892546, 6.909601455117723], [0.6416729150220808, 1.911456377521128], [0.43298228042797043, 7.181383414476962], [0.3960300616405732, 8.695569724147601], [0.52052583070219, 4.456541240657194], [0.65561062085907, 1.6856539192339473], [0.45738827986756336, 6.311392081796995], [0.5129004448836925, 4.656144041582255], [0.652081482633303, 1.7554604528247426], [0.5449328831422411, 3.84821414635082], [0.6082297314811889, 2.5582142006679685], [0.49134980942150075, 5.249559862851071], [0.4860478072284796, 5.406261099208487], [0.6313701355257719, 2.148007598255473], [0.5392715310088034, 3.98239592598925], [0.4102019288026992, 8.066631038267221], [0.6610224249883594, 1.593080900332208], [0.6004290319027309, 2.663033514618298], [0.5615517613788196, 3.485525296817311], [0.5305151185435366, 4.205278632947886], [0.4706523453890987, 5.93280452714495], [0.47757851183195044, 5.691276580110027], [0.8355792489077959, 1.196774574413046], [0.6372295344713593, 2.020570804415256], [0.5253536666316839, 4.336282290345322], [0.5741554795354903, 3.1988065639939194], [0.5707071179524571, 3.309680213761618], [0.45443268237813195, 6.428516798026024], [0.5173937573365552, 4.562892032402924], [0.4617767427539332, 6.1786920704903645], [0.41874185282204296, 7.7253224694233165], [0.8724625211917019, 1.1461810401140142], [0.6873155127867943, 1.454935879368404], [0.8168257984034266, 1.2242512442121771], [0.5010324421902573, 4.991182976807669], [0.6666915400303214, 1.4999440370197583], [0.3984440806824742, 8.578669978666973], [0.3927278050323331, 8.836079092569241], [0.4131088997238709, 7.957315997504025], [0.4449911089537048, 6.779004161888276], [0.4263705396313387, 7.451172188140904], [0.676947256618889, 1.477219960968074], [0.42995127032261066, 7.3047114201179], [0.5663564661383272, 3.386542376131922], [0.46607315006538647, 6.035488938653028], [0.535856279961616, 4.118573803861544], [0.8633739958986377, 1.1582466054692275], [0.5794748360507878, 3.1369238783163977], [0.6979605034328826, 1.432745828856435], [0.44810695482670343, 6.647178267135506], [0.8815126316841533, 1.1344136930737718], [0.7085324495356105, 1.4113679629711025], [0.4075241485255655, 8.20596741018443], [0.7189037181199538, 1.391006855014128], [0.7595084828796226, 1.3166409889308555], [0.48228316789231795, 5.550876770731328], [0.4512188166247949, 6.5200312617613525], [0.40481387448063255, 8.335673301704198], [0.7495146418076636, 1.3341967510977786], [0.7292490499973825, 1.371273641019607], [0.8449190934277763, 1.1835452740724222], [0.5897508937720337, 2.8848228019838356], [0.8073980433589264, 1.2385464743508834], [0.9894375213865733, 1.0106752355607302], [0.9093720644125134, 1.0996599072416364], [0.5561495749889589, 3.6085407061387973], [0.5041403988470707, 4.892067980868511], [0.8261727209633334, 1.2104006518564068], [0.9286618350230742, 1.0768182370444386], [0.8999560704284053, 1.111165347797444], [0.6190906074793684, 2.3079866358480365], [0.7883430747360589, 1.2684832683217326], [0.8541236794462671, 1.1707906291139303], [0.615378383849651, 2.4319146640160167], [0.40142394615270216, 8.444884071583102], [0.9789609767473212, 1.0214911766172567], [0.4157113258290428, 7.84815939937063], [0.9581937562425435, 1.04363026108769], [0.9685657249182001, 1.0324544574240995], [0.7978453274539027, 1.2533757679464221], [0.9481944617965609, 1.0546359848013478], [0.42211295228600576, 7.59715277487268], [0.890656517502866, 1.1227672849727752], [0.5098485292585115, 4.791300695745601], [0.7394552484231879, 1.3523468825630718], [0.3890722980677621, 8.991769461536396], [0.9190298737777063, 1.0881039110181077], [0.7690105448886237, 1.300372285720517], [0.9384022639553752, 1.0656410778305134], [0.49632170493075267, 5.123049621137411], [1.0, 1.0]]",0.007438,42.61
CONSTR,CCPSO_strict,3,100,0.024463,0.012777,5.407763,0.044251,0.547545,66.0000,100.0000,"[[1.0, 1.0], [0.4606461880868629, 6.243492819560343], [0.6204659362896311, 2.291155172871841], [0.5892957368781875, 2.946192739386874], [0.5438285194109815, 3.8781715445788394], [0.4938548450427705, 5.273917995213308], [0.6497120638749496, 1.816931695614696], [0.5716090233069793, 3.2893826216762867], [0.5254011787243311, 4.355436296136924], [0.529129036831485, 4.233565047106392], [0.509266923952926, 4.7677277276271814], [0.6334263922411938, 2.0872412399343423], [0.4496891962532855, 6.576966194186679], [0.5773660236966641, 3.153924018056693], [0.42639113487896024, 7.431222651876558], [0.4334032352110974, 7.170121573800975], [0.6449623955027197, 1.869254385514906], [0.5145103637335698, 4.646721943998223], [0.47348781920851046, 5.78766347873255], [0.6174880380451544, 2.444672920836941], [0.47819233006329936, 5.653866933328609], [0.5924943412508856, 2.8417640348920865], [0.6653652151017304, 1.5284115993976481], [0.4297393090035364, 7.295028484477573], [0.4028135556015134, 8.386656466350553], [0.4140269267701418, 7.917561300850505], [0.6614047322538544, 1.6043344368292176], [0.46918178175024744, 5.94606301659891], [0.6390740068128951, 1.9688942863040726], [0.5228783249444617, 4.449771782728469], [0.8149173441995905, 1.227118317112513], [0.45320938179055503, 6.461103392255497], [0.6035921359145454, 2.614259853985704], [0.6271672794055784, 2.1998716624296315], [0.43660079522552414, 7.046541078288757], [0.4244677543855585, 7.5759943784503685], [0.907411413059953, 1.10203595150718], [0.7636030135518915, 1.3095810025009074], [0.9489085774269476, 1.0538423023971304], [0.41124770500459357, 8.035832031104096], [0.3890176495088842, 8.995381415550522], [0.5177590452086315, 4.53204878995016], [0.4419449358374612, 6.839403980300935], [0.9384727913062658, 1.0655609936310397], [0.5566565888489293, 3.591078998746283], [0.5629550523087303, 3.5074234113821143], [0.505391967122398, 4.868595314805497], [0.43958017436973534, 6.947178626484775], [0.5495024141573345, 3.741851176484793], [0.8567181827536258, 1.1672449822248947], [0.3944267034705385, 8.748334309973325], [0.48286430157196747, 5.506253117995366], [0.39238712181199586, 8.880703199071252], [0.5009444985341723, 4.982934635887079], [0.9694023568277268, 1.0315634091012538], [0.7735523230512279, 1.292737375612245], [0.7124016971000362, 1.4037024393269784], [0.804165170404151, 1.2435256298123778], [0.722657505345919, 1.3837813799793357], [0.5974401220460471, 2.7257884606716645], [0.9796078880439496, 1.0208166065268918], [0.6731478456108972, 1.4855577515701277], [0.8972446768670397, 1.1145231905880533], [0.6098767185985554, 2.531596829370867], [0.48847283501341304, 5.367662302771819], [0.4079470720428332, 8.161955956594317], [0.7938379825169779, 1.259702889032036], [0.7435153372490076, 1.3449621680972723], [0.46549731916777604, 6.092905467403576], [0.4171417778534414, 7.781263473584772], [0.8255777567391713, 1.2112729441134091], [0.9177578556179513, 1.08961202988197], [0.9897908001280882, 1.0103145026914684], [0.8669896638366693, 1.1534162882343062], [0.5827071439326256, 3.013944739587348], [0.4055434929293866, 8.28032366621843], [0.4207382456778228, 7.687386419139861], [0.39982392977338727, 8.507933505415151], [0.7024182825043395, 1.423653149281208], [0.3973691918309079, 8.638251278085336], [0.49639894291590303, 5.114723300542493], [0.8360635902164014, 1.1960812690589318], [0.7836049391902729, 1.276153262935448], [0.7534484266322802, 1.3272308556933905], [0.45696578410019084, 6.351228944172547], [0.8770971158560987, 1.1401246018508917], [0.7329714190323093, 1.3643096770679404], [0.4464081443560276, 6.706875209661364], [0.8871592905687261, 1.1271932905746112], [0.928189733018367, 1.0773659354624772], [0.5693868303542362, 3.424141061215089], [0.5337651386644973, 4.121331888175791], [0.9591969619176631, 1.0425387482470356], [0.6541775791621629, 1.7027799729481237], [0.5386397226293724, 4.00094067869244], [0.846431085966963, 1.1814310894047562], [0.552409573863059, 3.6765649656160715], [0.6923893846122418, 1.4442740201166273], [0.6827703584325935, 1.4646212853991742], [1.0, 1.0]]",0.006710,43.52
CONSTR,CCPSO_strict,4,100,0.024430,0.010075,6.176813,0.047356,0.609744,62.0000,100.0000,"[[1.0, 1.0], [0.45276951107583807, 6.509822388643137], [0.5850468952054702, 3.0173939756255206], [0.6408768396787041, 1.9288340086041544], [0.6077206743129815, 2.558384998693871], [0.5890390209129784, 2.9117672609537335], [0.5958083762641925, 2.7550686989132434], [0.4570387781268963, 6.387362114966093], [0.7052930033877978, 1.4178504468307631], [0.505431694376651, 4.85886518004196], [0.5710823079158684, 3.258834060508111], [0.42508075009205193, 7.471410355915851], [0.4675788139971434, 6.005196851376691], [0.5314601450348712, 4.175555955826645], [0.658059535717518, 1.6646057724596863], [0.6622541639699866, 1.5725839103599741], [0.6675138156755469, 1.4980963337634678], [0.49348727042517826, 5.192045230912161], [0.5199221573071198, 4.471025816879148], [0.3889744313181372, 8.99983975735383], [0.9813204817974351, 1.0190350844082563], [0.6320937571803524, 2.104863512898647], [0.6863244287113905, 1.4570368737676314], [0.4801636231709739, 5.590149645217], [0.5661129203201816, 3.4078337352693278], [0.4708742937017476, 5.868580337440066], [0.6200329123951138, 2.2976237939705593], [0.7145776204557537, 1.3994280976252873], [0.6031524237166995, 2.647846872439721], [0.5511042472508225, 3.787853794128939], [0.48883695747720357, 5.323868163373955], [0.906011931341304, 1.103738223976313], [0.6371413988107096, 2.0531823731759875], [0.6957816080777588, 1.4372325861885136], [0.8098044723258748, 1.234865988240169], [0.5800840419449302, 3.11588582343003], [0.6492587864803934, 1.8166780511283016], [0.40764987776540296, 8.171702787630705], [0.6538341148633056, 1.7376084523926159], [0.9155648667609442, 1.092221901805568], [0.733027737950087, 1.364204856417168], [0.8387790203837917, 1.1922091226631302], [0.4216916163801913, 7.6062931143020505], [0.9250688400354381, 1.081000631219717], [0.8772009829901629, 1.139989602600815], [0.8484711526761595, 1.178590452776036], [0.44940919206734536, 6.679897471744356], [0.8676056740553695, 1.1525973491226629], [0.5619750386457668, 3.519977793903505], [0.7707214210028839, 1.2974856708910107], [0.8580904627521998, 1.165378294489658], [0.4599232177957674, 6.258871523238868], [0.962586668541525, 1.038867493890355], [0.8291507254564061, 1.2060533378289573], [0.4639668158587775, 6.146919088043388], [0.4861153958073329, 5.452022834153571], [0.4112183988524641, 8.02959812163155], [0.4972510832615279, 5.123669431069013], [0.6150859876806463, 2.4302202513786577], [0.8868039634497142, 1.1276449375687803], [0.7900342323730107, 1.265767936404881], [0.4755892426855579, 5.729390037281339], [0.4447105393321092, 6.800105918833814], [0.7519611595445399, 1.3298559204915534], [0.43807764291306517, 7.018904576801209], [0.7238303745568537, 1.3815391494343188], [0.5099761704577721, 4.73636596974553], [0.5026563625628668, 5.012263906651481], [0.6264234220079794, 2.1808739846736906], [0.971959472401089, 1.0288494823036611], [0.4354017230787501, 7.084530466554724], [0.44073129312245296, 6.89776148970271], [0.9344271325403979, 1.0701744043768626], [0.7802156830838627, 1.2816968713669312], [0.8964232184779191, 1.1155445099893206], [0.7612671435868549, 1.3135993171704612], [0.7422850457505777, 1.347191359606104], [0.5453036342306815, 3.8960322700140613], [0.5771392925425951, 3.1992736832696043], [0.4046468426349995, 8.29916767817908], [0.8194478788661314, 1.2203338684379759], [0.5561858947499863, 3.6581885728894257], [0.5402322860726937, 3.96092424867067], [0.41647414809622074, 7.868565019335042], [0.5276834046508582, 4.356187391146919], [0.395794333204739, 8.734174027932593], [0.514379377837621, 4.611859092322894], [0.9437969491099656, 1.059549939150615], [0.402451491149823, 8.394160030633499], [0.4285948195570876, 7.334575543298136], [0.6769282618939374, 1.4772614120175147], [0.3920484988724902, 8.863866305596765], [0.9906513403216418, 1.0094368818754365], [0.953163712267687, 1.0491377159343216], [0.5365761268442689, 4.093888659095416], [0.3998746136118649, 8.559930008931508], [0.4193868955843032, 7.745194918745903], [0.4333898345306359, 7.22564736456925], [0.799912660211871, 1.2501364833194817], [1.0, 1.0]]",0.008803,42.79
CONSTR,CCPSO_strict,5,100,0.024829,0.010229,5.259142,0.045695,0.578377,66.0000,100.0000,"[[1.0, 1.0], [0.6139646532598084, 2.4316944679753565], [0.5044243809943203, 4.966270786958918], [0.5781436051525731, 3.1470984302668072], [0.4128936762404063, 7.992137842595135], [0.4378858788118205, 7.042962178280682], [0.6284528476762825, 2.1486983010740963], [0.5735389128417475, 3.2383621272197263], [0.8462279646529389, 1.1817146700063583], [0.5200365953235375, 4.527031388280031], [0.5477678292926851, 3.866042228161974], [0.39976288260903525, 8.511131197178772], [0.4307174832632318, 7.263476672728327], [0.5686537385034248, 3.3321630401420403], [0.6375038787276113, 1.9817635338764983], [0.44703752849190215, 6.670537423698773], [0.9054483737879263, 1.1044251985527553], [0.4652732685818136, 6.114797423075023], [0.6434364431674096, 1.9060871962603951], [0.6188214678219677, 2.3417361750303147], [0.5635216844343149, 3.4400368599536417], [0.8158499792273066, 1.2257155426382462], [0.4156478738471126, 7.862360944673602], [0.4506374317469284, 6.561180918131783], [0.48942673974169415, 5.329155645966102], [0.45805200731332035, 6.291496947462674], [0.5233183658112572, 4.389301822257876], [0.5524125581033021, 3.6903516638066436], [0.4345048575594853, 7.1541300901464435], [0.39703915756925423, 8.635010963242188], [0.5406259178755874, 4.01077051929847], [0.4062023533998722, 8.234277660408189], [0.440396531636498, 6.940313068114946], [0.6871186648605406, 1.4553526939964039], [0.6026289207658537, 2.6339609635061008], [0.514459765646686, 4.644711672846099], [0.5344530854234706, 4.121985818031055], [0.4429064579056542, 6.8119351397349455], [0.5963701565866073, 2.7387635067004856], [0.7368587921397675, 1.3571121233365426], [0.41966313549173917, 7.7163004286390295], [0.47996164505039135, 5.621458169098735], [0.4685598071856756, 5.987422161950319], [0.4089633594222469, 8.11736501803827], [0.39484144206373867, 8.761273169093217], [0.4612269681244691, 6.1983424186714355], [0.8859709766481656, 1.1287051453798551], [0.7858257854678657, 1.2725466871828581], [0.5919411615380308, 2.8709882863148857], [0.5578638626145926, 3.5557882622885617], [0.6087977818883624, 2.5009809476572413], [0.4034808711639656, 8.370755757042987], [0.6600350824229431, 1.616952567159874], [0.8957152629554792, 1.1164262141748322], [0.8760808297779723, 1.1414471884442818], [0.9246347882822442, 1.081508085865736], [0.8259881877650401, 1.210671066260404], [0.5288022655820219, 4.251112622801853], [0.9340291933893697, 1.070630347613909], [0.5870303878775736, 2.931875672884186], [0.716803688746077, 1.3950821064402243], [0.6968971298880747, 1.434932010927646], [0.7957843902953584, 1.256621783733212], [0.776055362573951, 1.2885678628433022], [0.4542331884427154, 6.413696691255606], [0.7567460925820407, 1.3214471931899503], [0.47521077191969396, 5.7544461117974], [0.7268002972760287, 1.3758937685467316], [0.471667533852382, 5.869745393082584], [0.7067733824153284, 1.4148806744569222], [0.427831324308892, 7.41070565057778], [0.6343402168591881, 2.0702961020500106], [0.8661388784361401, 1.1545492586657156], [0.6492807917939849, 1.83877247646962], [0.655453550177993, 1.712977068014909], [0.5828953333650566, 3.048431782717459], [0.8057407064434816, 1.241094054207555], [0.8561722756924411, 1.1679892334650013], [0.49779537071391017, 5.083084146221975], [0.48541682788171253, 5.485632415198295], [0.9905874824404961, 1.0095019548766297], [0.9718088483879235, 1.029008947241879], [0.7468152475298463, 1.3390192598605657], [0.39224504803705207, 8.878570809641857], [0.943399131541807, 1.0599967358096776], [0.6671177540412254, 1.4989857396872752], [0.981193144938887, 1.0191673323016177], [0.7663985465460309, 1.3048041446669663], [0.8360755421767059, 1.1960641707046233], [0.42355210196703724, 7.533688637117226], [0.4935906391141684, 5.201635158867651], [0.9150189200244309, 1.092873576836313], [0.6211001496786421, 2.27204792146959], [0.9624272337280617, 1.0390395917272586], [0.5109164513692598, 4.791341629760192], [0.6769664687599991, 1.4771780378305917], [0.9529256225099069, 1.0493998444139891], [0.38919345920072235, 8.987178273731155], [0.5083870170413906, 4.898338875166521], [1.0, 1.0]]",0.007825,43.10
CONSTR,CCPSO_strict,6,100,0.024153,0.010092,5.777817,0.045435,0.582534,68.0000,100.0000,"[[1.0, 1.0], [0.4837769539976261, 5.488879931509807], [0.5158302485839314, 4.606660376981491], [0.3892659141714482, 8.984291111309481], [0.5863438952071117, 2.9938461814438693], [0.4745903742594187, 5.7697658835740615], [0.44123044824772956, 6.927306225407783], [0.4889473794693265, 5.346124795520372], [0.4439274147759521, 6.7751409170173], [0.5651972593285667, 3.390008648558324], [0.45801978968495627, 6.28739532493333], [0.5368816288792471, 4.042556891613612], [0.5196574348058458, 4.482154010503926], [0.43741365785052483, 7.0461737557095585], [0.4556966648334263, 6.40197784660509], [0.4793642197127699, 5.627506259711291], [0.5597745160945351, 3.513189771817866], [0.6140102809349274, 2.4123740233138253], [0.6668534873528382, 1.4995797712172583], [0.46601415397242946, 6.025262152396524], [0.47053321939195536, 5.904716253114028], [0.4271234620507671, 7.458973872408528], [0.4227207450665882, 7.585141024332953], [0.6361662721198792, 2.0086930571934145], [0.46233963986251514, 6.166153109416515], [0.6556181337254346, 1.6938371194076456], [0.39764045489722993, 8.607325116884022], [0.45186001818054405, 6.4962984900563665], [0.5767674807415936, 3.1575366010537214], [0.53341012850224, 4.206759971959969], [0.9104111790062394, 1.0984047901208236], [0.5982825355022883, 2.7024956485486835], [0.6042000648457038, 2.625687916631747], [0.541514602866151, 3.9300874757236692], [0.6288096389772855, 2.135296621257681], [0.872864894698684, 1.1456526732527186], [0.39202983300998817, 8.859769729720487], [0.5087158371554173, 4.829035598467259], [0.5128751278178456, 4.722438039597896], [0.549979966122971, 3.7838373759161708], [0.6496918834278624, 1.7789281445775385], [0.6453040973195311, 1.8992068885363014], [0.7670992250904237, 1.3036123193608005], [0.5735130878922691, 3.302576471455623], [0.5896416008463875, 2.8735276889390544], [0.42924718281246105, 7.316738296860704], [0.7295931486585364, 1.370626906021042], [0.8635606119654681, 1.1579963075481121], [0.40048489394518605, 8.48501600294841], [0.4935721271275065, 5.208292982303351], [0.6991347541128491, 1.4303394218599916], [0.6077164493982575, 2.5238870484282656], [0.40684601037544804, 8.219141835073886], [0.8543662812300474, 1.1704581769780062], [0.5551107625943892, 3.627800640016891], [0.49840267673128286, 5.054063426229447], [0.4197759701130775, 7.7121880942889005], [0.4162590191549901, 7.829177525075865], [0.7095746738787129, 1.4092949435945192], [0.43240165795399144, 7.194683702978061], [0.9391610856589822, 1.064780063047788], [0.8916097579553608, 1.121566908703646], [0.41328852484045475, 7.945021570656813], [0.6778524571758278, 1.4752472893088748], [0.8821895536724096, 1.1335432343731173], [0.5938727723345201, 2.7979970392393425], [0.5472902890382882, 3.8612091001811297], [0.6191459893717557, 2.3081135851048646], [0.9490529661728367, 1.0536819710206617], [0.7196653432693483, 1.389534746048944], [0.3949777810171684, 8.735521502754423], [0.40361217702544777, 8.350241391259344], [0.5260882276307339, 4.443977977827765], [0.4104239976508388, 8.078145857170261], [0.8447769072692839, 1.1837444790394072], [0.5810183435939396, 3.084128635663098], [0.785165151670363, 1.273617401221382], [0.7579426963737617, 1.3193609553655141], [0.7761428803781363, 1.2884225640423328], [0.9692354571180627, 1.0317410415147348], [0.9794706366161511, 1.0209596516897874], [0.7390025190482725, 1.3531753603328094], [0.8352452143620696, 1.1972531931999926], [0.8048570249742232, 1.2424566959976855], [0.748405024590802, 1.3361748881185826], [0.8152582991066032, 1.2266051153307425], [0.7950602992387752, 1.2577662360420245], [0.9896784423164444, 1.0104292033070832], [0.9296123097446999, 1.0757172527917909], [0.6231467162700708, 2.241080527627868], [0.6883143279364559, 1.4528246172035497], [0.919928843452678, 1.0870405978866788], [0.4474748516211293, 6.655384161154776], [0.8256377522870224, 1.2111849261131689], [0.900984565011985, 1.1098969270208285], [0.9589813765281698, 1.0427731178892454], [0.5010141025199779, 4.977932994468326], [0.526557615587523, 4.295605863351215], [0.6614559134733697, 1.5984835832754034], [1.0, 1.0]]",0.006972,43.07
CONSTR,CCPSO_strict,7,100,0.023847,0.010226,4.531785,0.044187,0.546644,61.0000,100.0000,"[[1.0, 1.0], [0.4463136611346534, 6.702754143618043], [0.40677999614308913, 8.21148769929162], [0.5203835973642125, 4.481467744240464], [0.5623929945131845, 3.479523560383534], [0.540232087142966, 3.961761112243511], [0.6361191784396999, 2.0098314946799913], [0.404157667047571, 8.338751522829673], [0.6005645492500431, 2.6575442675834187], [0.6312273057508082, 2.102829718446059], [0.4361477361366908, 7.050710791395669], [0.4864824011088751, 5.46896525796357], [0.6551527158836328, 1.7037683719090049], [0.5343395126022819, 4.146465834046221], [0.38987876349365314, 8.984511885860138], [0.5569448319490642, 3.60776838409612], [0.5753228645855879, 3.18753766176436], [0.4953767824158406, 5.1358613529454855], [0.5449643383170246, 3.8505610056962567], [0.5003537990682607, 5.032867212130786], [0.648780002038784, 1.8046927899671437], [0.5538175518279298, 3.7520944664425833], [0.44260062241358666, 6.8226141560343025], [0.6259738677783186, 2.1985518482211153], [0.566586660131112, 3.3963989643829193], [0.4098471371262446, 8.09098897944238], [0.5710062014284811, 3.27837696465409], [0.42303486726749073, 7.553717113455764], [0.4711496465520964, 5.868426717578584], [0.48177493838171837, 5.558684770473749], [0.45928432346427384, 6.253170355469053], [0.5886548477240756, 2.9010394861101867], [0.4559596606369638, 6.427808432263151], [0.6622322249530778, 1.5925347225898219], [0.39256882892986167, 8.84059395979481], [0.41725756857386676, 7.8289411450765565], [0.4507745348422419, 6.554677159209366], [0.607901381216746, 2.5663812585518433], [0.4325404869521897, 7.188910182039738], [0.6171118433518735, 2.347978268100197], [0.395294215638604, 8.715271002672923], [0.4676400840085836, 5.993535362790433], [0.7428007456494641, 1.346256052995282], [0.7120480506965338, 1.404399603400063], [0.5817923696066142, 3.048748676320986], [0.7919085326256872, 1.262772099050828], [0.8661700049216595, 1.1545077690498469], [0.5285095175688495, 4.259682326256705], [0.668769249528608, 1.4952840620361434], [0.5241681159878742, 4.373566143328613], [0.6907428862217357, 1.4477166829322792], [0.426338718146616, 7.435601699918055], [0.8844688774472476, 1.1306220326103482], [0.5955267695106947, 2.7570829555099237], [0.43989825787544456, 6.915682332617346], [0.5156217862138991, 4.585959897468663], [0.4638093916388055, 6.112034825663711], [0.848022990524321, 1.1792133128156275], [0.5394461179041402, 4.03479247384321], [0.9887697059988471, 1.0113578459503958], [0.7525800538412251, 1.3287622956467222], [0.5090727475181809, 4.816189193913445], [0.8014666169506286, 1.2477126044310356], [0.643600032718329, 1.9247641755165699], [0.7623770947615766, 1.3116868369618802], [0.4293486002660406, 7.332894493678429], [0.8940822954665422, 1.1184652744725123], [0.8203834460880486, 1.2189421968086298], [0.9039422683443104, 1.1062653390814792], [0.40168854230334156, 8.462852667703697], [0.9138530461572052, 1.0942678412082192], [0.5063748056259187, 4.959966783289073], [0.6799171249399675, 1.4707674852112218], [0.977632085500191, 1.0228796853453974], [0.47380145573572935, 5.78515393923942], [0.772207166861508, 1.2949892760828852], [0.4138365973871739, 7.954789191227992], [0.8389435920077115, 1.1919752525993523], [0.8108257501284573, 1.233310609389961], [0.7325126190720377, 1.3651641950780602], [0.7013424089760305, 1.4258370621848089], [0.7820922107752081, 1.2786216078137413], [0.8753425808413391, 1.1424098654481607], [0.9667684042700696, 1.0343738951160915], [0.5131150448778724, 4.718065190733545], [0.8571202894414445, 1.1666973846245843], [0.9558895816553327, 1.0461459348351516], [0.9240126087404285, 1.0822363142459215], [0.7222314552253127, 1.3845976836996563], [0.3984368617075798, 8.577747058807459], [0.48917909531794856, 5.345357705894158], [0.6126495249824429, 2.4432232010465254], [0.6213157128767004, 2.2697415460205224], [0.9452132059273578, 1.0579623662990303], [0.41986420123622137, 7.697007948471756], [0.4931151159816828, 5.249198262002039], [0.4785622998957545, 5.678874761208924], [0.9346729679383675, 1.0698929297224953], [0.829592923295788, 1.2054104753295418], [1.0, 1.0]]",0.006795,42.82
CONSTR,CCPSO_strict,8,100,0.024841,0.009465,5.652626,0.046728,0.595085,71.0000,100.0000,"[[1.0, 1.0], [0.6236593663848048, 2.2340965454112305], [0.6080606312559965, 2.5333876979206797], [0.6633664914214357, 1.5615919701811876], [0.5645268055663648, 3.440693696544676], [0.5102595316902265, 4.731919173642259], [0.41529730197735143, 7.8623455956829025], [0.4745590613532082, 5.80915723972118], [0.5528954621616093, 3.7559883451072316], [0.5465773867081684, 3.8324140516589065], [0.5148838685037209, 4.603527008638927], [0.6292494373942835, 2.173411067128516], [0.6541534582130354, 1.790455002936987], [0.612318695559183, 2.440892102819447], [0.5783286469853182, 3.122578861917221], [0.5401524532979625, 3.9602097532332765], [0.5560608206265758, 3.66074793656173], [0.42920709533839024, 7.309807764410409], [0.5346727030277855, 4.10223306299175], [0.5981475386307722, 2.764851913602829], [0.5819621631925747, 3.0457981348211436], [0.46167284990788393, 6.162590592501196], [0.5215227357565015, 4.50214874553802], [0.4870674763625268, 5.407161754373531], [0.6401102384402735, 1.9474245372314465], [0.6362841475091335, 2.0883806181359414], [0.9216740520023206, 1.0849822644214815], [0.5304895970263064, 4.217649329054377], [0.5242200728599745, 4.38119776811513], [0.4367475885236428, 7.031829296978657], [0.6594356308121443, 1.6546411027119392], [0.6985512515938351, 1.43153418982268], [0.49051216600549447, 5.272657646927343], [0.4068191057958003, 8.221718595796528], [0.5098681250793347, 4.879802969182661], [0.4771144620975918, 5.685451467959656], [0.7950048393246896, 1.2578539784102973], [0.5598106563516457, 3.546642614686045], [0.4183226229410658, 7.733539630939599], [0.46608815451984875, 6.029225088861451], [0.453638547112924, 6.477550514216338], [0.6453517787750581, 1.8522059468461125], [0.4337053514427953, 7.190222283363322], [0.4574273214242119, 6.316085691015392], [0.49780659814228023, 5.20757798596453], [0.7348576675805492, 1.3608077374934489], [0.5722445941133698, 3.250522373088113], [0.5923577071240452, 2.8486101574621885], [0.9440214285009028, 1.0592979881696019], [0.9105665427361606, 1.098217376837832], [0.9776534252310447, 1.022857358438318], [0.500083246104005, 5.030614795418742], [0.8891253631156274, 1.124700791906162], [0.9664595508351954, 1.0347044520754332], [0.5686017466005469, 3.3337746511979818], [0.7521783008507735, 1.3294720133097704], [0.40422882965196477, 8.34825197027952], [0.6696208715461145, 1.4933823638009667], [0.7865146500643905, 1.2714321340589547], [0.441799627097784, 6.8648453773327445], [0.4694512610810779, 5.916148152273404], [0.5041574509334195, 4.923873013789873], [0.6793892933708019, 1.4719101548369748], [0.7258717480489949, 1.3776538385573067], [0.481338847460668, 5.545137966040506], [0.3919553995658021, 8.868656253729576], [0.8998547170539876, 1.1112905017310746], [0.40979592453364444, 8.098231575521549], [0.716827672133972, 1.395035430235322], [0.7435529866468695, 1.3448940666752014], [0.42571850435246783, 7.451874127296881], [0.39512768018864497, 8.74236440086401], [0.8788395806356011, 1.1378640903687705], [0.8212280750503224, 1.2176885208639794], [0.9888436399937839, 1.0112822286102647], [0.4240550497982419, 7.602637888663986], [0.39811525177917106, 8.613975314216397], [0.6889929471606132, 1.451393666830797], [0.6189205850029208, 2.317134093449058], [0.40127741405786266, 8.47678310872546], [0.4139847899066951, 7.99445795690505], [0.8303681699162406, 1.2042850824843998], [0.5864584775394057, 2.9862220794214553], [0.7694207948709182, 1.2996789359816625], [0.858557252770114, 1.1647446885732133], [0.9551949834611324, 1.0469066706951469], [0.8395975895392835, 1.1910467734295602], [0.7779637627777387, 1.285406914622187], [0.80345839424249, 1.2446195187777107], [0.6039936203765688, 2.644753568512097], [0.8490179111660532, 1.177831453080402], [0.9328778654241525, 1.071951685278039], [0.707713162260847, 1.4130018393404173], [0.4507683571572831, 6.566805071481148], [0.38899105513583854, 8.999727455972705], [0.8685753107821228, 1.1513106435175249], [0.4457784084735713, 6.71183073439861], [0.7607079059153252, 1.3145650153283808], [0.8125205026133353, 1.2307381743398087], [1.0, 1.0]]",0.007727,42.84
CONSTR,CCPSO_strict,9,100,0.023824,0.011643,5.137985,0.043643,0.550513,69.0000,100.0000,"[[1.0, 1.0], [0.5322854972220473, 4.155295241193117], [0.49549581096555323, 5.15429909375361], [0.4395075980022186, 6.9407809048806595], [0.5027049861697813, 4.949977319405974], [0.5239735492453432, 4.374145672306898], [0.6184892258705847, 2.331066729813386], [0.6004941303687314, 2.662121438511101], [0.5578775170980497, 3.562906613719664], [0.6526279898996813, 1.7639461425606746], [0.6625683447592364, 1.5698061322253445], [0.6989478433810765, 1.430721919338959], [0.4783533059228852, 5.665826917533963], [0.729013102932961, 1.371717457445972], [0.6374051668728618, 2.029405582277231], [0.6467199212753839, 1.8476700881409518], [0.6790041882003051, 1.4727449659043954], [0.6244101415148808, 2.2214568612431562], [0.6314210716695625, 2.128589538173733], [0.47614419812952746, 5.762827240578425], [0.9894083386355125, 1.0107050455821855], [0.39728901181577114, 8.633758945548859], [0.42234279174134104, 7.586447637542607], [0.5057739787594402, 4.841158387702127], [0.5912477748940377, 2.932717065166868], [0.44308722217956553, 6.851556819430608], [0.4127243504432802, 7.9725381760455205], [0.44548530883546206, 6.716525392142874], [0.3919366034711765, 8.877868887818206], [0.6688049028984173, 1.4952043498279899], [0.9788582750256215, 1.0215983513791362], [0.4528508993125524, 6.466549692011203], [0.5638139258830279, 3.420228560271757], [0.3889380908426494, 8.999183943160594], [0.44938864509447063, 6.609108215400862], [0.5200827907815206, 4.479085509611661], [0.659838894950874, 1.6869577643856266], [0.5282597889648263, 4.298683913537057], [0.8973321798524923, 1.1144145083088235], [0.8777286719606259, 1.1393042428091709], [0.6164774460754671, 2.4392294893329245], [0.7777208298188267, 1.285808431070252], [0.7681703951007863, 1.301794505981706], [0.5686244529547281, 3.3283633948505553], [0.748737996032758, 1.3355806774847432], [0.3943922733962574, 8.749883755325602], [0.48273838064201446, 5.5118523120954395], [0.573813032792342, 3.2125000410689064], [0.42605438491971326, 7.443634238153177], [0.4913825973424758, 5.272096463798543], [0.5101996036235934, 4.722805962396474], [0.5830350865599633, 3.042967317105179], [0.46067590991640184, 6.21967104093086], [0.6889221786016259, 1.451542759197853], [0.7968723463322571, 1.254906139738282], [0.816726421751355, 1.2244002071778706], [0.5149471154215359, 4.617493748372842], [0.4298651290139653, 7.303963374872768], [0.5536307562165543, 3.669597303130513], [0.49854056722693785, 5.0512231278114665], [0.8875198960906491, 1.1267353040814112], [0.5496651136327593, 3.7892048933896154], [0.48757272154117776, 5.379633106779604], [0.8267652733145313, 1.2095331435377836], [0.9374933949571804, 1.066674181790555], [0.7585216049386255, 1.3183540106031828], [0.5773590633829573, 3.15333148012432], [0.6080450656850287, 2.520702960920891], [0.5438370545183605, 3.9065417086435055], [0.4570173854841344, 6.366646783078779], [0.46611217096428204, 6.135522665352758], [0.5380300023323603, 4.033184014964411], [0.7388340373816433, 1.3534839346924292], [0.41616543802079964, 7.835691434505181], [0.4384924224219534, 7.049696007593007], [0.9071819350175688, 1.1023147192416631], [0.9581116696679486, 1.043719674499496], [0.40632587231522405, 8.257445548863902], [0.4093256752664153, 8.115682117797013], [0.8369593779406846, 1.1948011174215794], [0.5955358578904406, 2.7801697533780603], [0.43293388691011303, 7.171758475944511], [0.9478199968704536, 1.0550526506107027], [0.4680961023523182, 5.988843445706789], [0.47279065358754907, 5.872464514631263], [0.7189168170647346, 1.3909815103267438], [0.8069429541755578, 1.2392449736694038], [0.4194310836575867, 7.731158872510053], [0.9685605497456243, 1.032459973991954], [0.40028525859982134, 8.507873479084635], [0.9172267616159764, 1.0902429386580403], [0.4031739436092097, 8.37757014963719], [0.7873024715599124, 1.2701598637416467], [0.8572643967974696, 1.1665012611462178], [0.7089555487267181, 1.4105256694809665], [0.8471033974931639, 1.1804934355821304], [0.8673729889796098, 1.1529065496683435], [0.9273728384204423, 1.0783149544289659], [0.6407827101473322, 1.9265547458701158], [1.0, 1.0]]",0.007912,42.37
CONSTR,CCPSO_strict,10,100,0.023423,0.009497,5.224458,0.045345,0.576596,65.0000,100.0000,"[[1.0, 1.0], [0.430144292544932, 7.280830552651533], [0.4698990940769757, 5.913022045330279], [0.6080060907947514, 2.555431354010192], [0.5057404115220429, 4.922614397316203], [0.4407317222632412, 6.891501220033945], [0.4620084396596466, 6.189361084904567], [0.4108552893305946, 8.057946772497873], [0.5886623310306868, 2.900264237783067], [0.5669763563608332, 3.3513548825843396], [0.616940285076471, 2.360723447383069], [0.41377348441775735, 7.918811316608413], [0.5195408019708769, 4.487132539756828], [0.48559510779344056, 5.429694736146458], [0.6668091465371238, 1.499679488791065], [0.6224296039304038, 2.267734256738312], [0.5564101300937088, 3.585050206741254], [0.48128958806394523, 5.579696531104893], [0.5621541812453139, 3.4744655396894912], [0.7278296429179075, 1.3739478870233248], [0.8726373603374569, 1.1459513945326507], [0.5538863265891907, 3.6747391806845813], [0.5103248345526936, 4.737043245828739], [0.6324682690252421, 2.1194913968880917], [0.4171923361873284, 7.779685737621222], [0.5788787196580281, 3.1391014088141884], [0.5154186774457048, 4.6209147716683425], [0.4735201304198027, 5.826536209375835], [0.627827538214258, 2.196819102670869], [0.6767685332160384, 1.4776100703854378], [0.4336388766349899, 7.162739957451886], [0.49081615752157837, 5.309157671788635], [0.5436182077613788, 3.891712266804431], [0.532865639363372, 4.146548834572092], [0.8446090853412813, 1.1839796864083338], [0.8352637920325324, 1.1972265642768953], [0.8259018328696467, 1.210797651974495], [0.4540929455010813, 6.421587752025644], [0.43710498594585123, 7.04047537972691], [0.5946233499490221, 2.7941170165282734], [0.4447646985515664, 6.765619226345094], [0.4480887107323527, 6.623914068012296], [0.5223792459097772, 4.4054172418378625], [0.4993866352304872, 5.041016970152902], [0.7383997754860395, 1.3542799350687322], [0.45186130641445865, 6.539770403970736], [0.42477852612806843, 7.528713360384692], [0.5839142467618827, 3.0168144672900827], [0.8632776793070835, 1.1583758319833517], [0.527966164350606, 4.272343785364889], [0.5393740936678789, 4.035397164061896], [0.7683618744270042, 1.3014700927811351], [0.5479060998566726, 3.7777792986530776], [0.42084418323958966, 7.649503154280841], [0.7173487613796283, 1.3940220626808746], [0.9008447371552057, 1.1100692036653492], [0.4946966302406377, 5.188245920432104], [0.6968406740792307, 1.435048264542463], [0.39471861893736593, 8.73667474482388], [0.9499870758849233, 1.0526458994913053], [0.6010463833680749, 2.7066936761217346], [0.9300044906462082, 1.0752636251306227], [0.6561196500072497, 1.6999048916273756], [0.4669937631025061, 6.0407847228484295], [0.9699987195453498, 1.030929195936168], [0.573185307004681, 3.2613121202609], [0.6616727332874887, 1.5968681557442177], [0.4043134298006225, 8.331332378736297], [0.6448091838852948, 1.8686024838919764], [0.9400013976738977, 1.0638282054415804], [0.7877611478528205, 1.269420309348428], [0.4080119707766844, 8.198642166488517], [0.6868995298479148, 1.4558169813006105], [0.3930201663440926, 8.87336177581863], [0.507257516826402, 4.869406041880984], [0.920192046657684, 1.0867296708683736], [0.8070710696074521, 1.2390482544323955], [0.45811575618418215, 6.281739623188213], [0.6379427529127566, 1.9811616964516283], [0.7483929781148824, 1.3361963958011571], [0.9800083868689904, 1.0203994306567932], [0.7974213168547052, 1.2540422219264622], [0.4269353453178123, 7.402988456004223], [0.6515553380718658, 1.7535584993412545], [0.891385009674439, 1.1218496936191809], [0.8820048272485906, 1.133780642810646], [0.9599875856842117, 1.041680137235598], [0.9104771076920143, 1.098325253377231], [0.7069653112025205, 1.414496558959928], [0.7780927518535831, 1.2851938250520731], [0.39894217825758954, 8.613316576361568], [0.38914522883461844, 8.999713353624745], [0.6167420197186144, 2.4659660827134036], [0.989998010527719, 1.0101030399717161], [0.7582991997860009, 1.318740676875578], [0.4014922469417083, 8.445353429777787], [0.8539346196310681, 1.171049840363701], [0.4762839388277361, 5.701406537953658], [0.8164206493136141, 1.224858779405844], [1.0, 1.0]]",0.008058,42.27
CONSTR,CCPSO_strict,11,100,0.022910,0.010333,5.777485,0.041901,0.545659,71.0000,100.0000,"[[1.0, 1.0], [0.5644554631400195, 3.446143491422392], [0.5483227389455902, 3.7802204525206395], [0.5945489242553863, 2.796763330776811], [0.6523256755591955, 1.7572727805905288], [0.5156851082395264, 4.600992371161131], [0.6060618284156614, 2.5618126065840356], [0.3988806069395916, 8.552507919260105], [0.49401638953664206, 5.234570022626705], [0.6243261221057942, 2.215164303930217], [0.4776164390630697, 5.669137355299865], [0.6641693638050856, 1.5458521597199362], [0.5114146267479176, 4.71929261093206], [0.521739382061302, 4.539750296954545], [0.4731484453882347, 5.924166389844997], [0.5536686483638116, 3.6570216539982616], [0.4456133048061658, 6.72682123704201], [0.3942843520044226, 8.76086271528065], [0.5596772673602564, 3.545675568677019], [0.6434043427460701, 1.9790557832457785], [0.47413807389529267, 5.776991003469249], [0.6343827030263893, 2.046558266410801], [0.43571204465849905, 7.075797178702963], [0.43148960962251703, 7.223807957219589], [0.5793294213450116, 3.1398486537922223], [0.5372914286171502, 4.072096194430411], [0.5731000070875741, 3.222860242896484], [0.6457522877234966, 1.8480690124726205], [0.41907028945748515, 7.743435219255547], [0.40165994578846975, 8.442963419499078], [0.44991175917551374, 6.5927563978364185], [0.4123217279120879, 7.981999374086112], [0.39665309889952094, 8.657103717071568], [0.5335165746270089, 4.173682894493975], [0.46746297195524894, 6.013376369486394], [0.42168084507128584, 7.619839074932369], [0.5686466523462701, 3.3308703378058158], [0.5420811901200435, 3.918241204018911], [0.40741174561049187, 8.217435034503856], [0.4891497101436396, 5.318178618790675], [0.5842116753464097, 2.989183604448797], [0.899373170422525, 1.1118855141411441], [0.4155494427903649, 7.85468798092587], [0.5882325704224518, 2.901174713552398], [0.6720936901208395, 1.4878877970424098], [0.8516965979663493, 1.1741270334855913], [0.41009134111196505, 8.098051661486311], [0.7167784143999317, 1.3951312984741233], [0.40455119720378335, 8.329029922902233], [0.38893980930902144, 8.999369947618215], [0.6135154121321705, 2.469689013499453], [0.6606069171931909, 1.6639443175381496], [0.6294521373271762, 2.1271895593593366], [0.5269397546501071, 4.287438468194696], [0.7051186573321503, 1.4182010213480198], [0.8705446844486735, 1.1487061122351372], [0.6007470777844883, 2.671253560196324], [0.979633390443743, 1.0207900320210928], [0.452676650685618, 6.473806272920591], [0.5017076724583637, 5.012964563873667], [0.8799419398365709, 1.1364386156951756], [0.8327287061453363, 1.2008712953213236], [0.9491542736836954, 1.0535695067978474], [0.8896522539044802, 1.124034695142095], [0.8610913090661142, 1.1613170281378609], [0.6829774252354576, 1.4641772378570908], [0.8422136703598295, 1.1873471485837523], [0.46344193824472313, 6.1204152017687665], [0.9694505992634262, 1.031512075767228], [0.9289573224110548, 1.0764757173177322], [0.4862264994248069, 5.410589144705338], [0.8036431193592053, 1.2443334309853387], [0.39183031991490996, 8.885230014126444], [0.4248799093610659, 7.481270393091332], [0.7723187377158293, 1.2948021990992338], [0.7509304635794605, 1.3316812254936359], [0.5243002099056921, 4.403109900180372], [0.9592736701578644, 1.0424553817217077], [0.42893158156460304, 7.369867109401779], [0.4831150979824641, 5.541239123211158], [0.44092106046724916, 6.972596421889816], [0.6941982249585122, 1.4405107418126337], [0.9092117990916779, 1.0998537425482395], [0.619362304650442, 2.3358581052399296], [0.4594278226576285, 6.265114547302858], [0.8230804229529568, 1.2149481048429152], [0.9897996016581703, 1.0103055187380774], [0.44252800570573225, 6.844516374904141], [0.7616982017541888, 1.312855928630267], [0.8134723293116128, 1.2292981137369885], [0.7397232467080397, 1.3518569335900412], [0.7931808418586778, 1.260746537519336], [0.7826379032520421, 1.2777300918403875], [0.7281704285876808, 1.373304875809836], [0.4570844994648029, 6.3262017568751805], [0.9390501861073206, 1.0649058109932728], [0.4973694744018659, 5.076695722308784], [0.9189589206580591, 1.0881879238779335], [0.507186274434477, 4.853132058696228], [1.0, 1.0]]",0.007789,42.84
CONSTR,CCPSO_strict,12,100,0.023533,0.010996,5.345609,0.044860,0.564247,66.0000,100.0000,"[[0.5750553207808784, 3.312099137608785], [1.0, 1.0], [0.6045439949482991, 2.599893987362443], [0.5817525020008236, 3.0448998390556103], [0.44612639955178096, 6.7038089198984006], [0.6239165992360944, 2.2365954348625223], [0.4989143873827757, 5.040606884659806], [0.4735100295386407, 5.810086949931908], [0.5323582375876548, 4.250188532645663], [0.5479061291870477, 3.780986760865924], [0.6383889270835423, 2.012147204371239], [0.4954387599015057, 5.189294954914515], [0.4327558672320987, 7.209068926688772], [0.5094268244143552, 4.809284265097012], [0.4545589357344447, 6.5129977090069735], [0.4491852678635666, 6.588405180769419], [0.6173497486532666, 2.347776154655986], [0.4361961528168578, 7.064181939017376], [0.7055613845722801, 1.4173111253901913], [0.6101351919086172, 2.481152030856023], [0.43992685746817206, 6.933568529385813], [0.4888864173483963, 5.318983696669733], [0.5423814317297462, 3.9244349368307954], [0.8049972311387474, 1.2422402976286042], [0.576889000756396, 3.1638296389217526], [0.7946487689279824, 1.258417604231673], [0.7842938424065566, 1.275032323257266], [0.8949534320517983, 1.1173765742284139], [0.5222547300484761, 4.437657200137271], [0.5144031917077413, 4.6280099781903035], [0.5179800941598314, 4.532773938274042], [0.8654884661924924, 1.1554168993138159], [0.46070022725572213, 6.200549515996879], [0.4444904107375488, 6.830916292261505], [0.45734444457003437, 6.350738410798009], [0.4851262233182272, 5.437429125572222], [0.6324463967324022, 2.0832685696903126], [0.5363537572930588, 4.051418650736717], [0.56811596883299, 3.3581248752357244], [0.4665780852109419, 6.097987585113988], [0.6272275227517515, 2.182379648053129], [0.9047445467929738, 1.105284362911803], [0.8153011312161373, 1.2265406752329144], [0.5646889239206075, 3.501449981567281], [0.7440668248988023, 1.3439653086750727], [0.667182315990434, 1.4988406857209595], [0.734317475960542, 1.3618087989693088], [0.42864203077823265, 7.350196823763123], [0.400213766816839, 8.512416481288481], [0.5268231551908525, 4.329899890949621], [0.6768428596908322, 1.477447808870702], [0.9781434575476338, 1.0223449252599044], [0.6564851604591546, 1.7173725316400146], [0.40296725349007495, 8.396519925732719], [0.5539725890470397, 3.6700925110416214], [0.8457210197702418, 1.182423017310923], [0.6423148841329446, 1.910944152843744], [0.6483894224591746, 1.8040952137943285], [0.9890492504675202, 1.0110719961895764], [0.4774047202763268, 5.669068980302905], [0.8752493755367636, 1.142531520672872], [0.6028773262949619, 2.7208233712679255], [0.7640233527229948, 1.3088605164174363], [0.7150416899276034, 1.398519854277655], [0.41023662080226964, 8.153905697083596], [0.8255568681132659, 1.2113035923078295], [0.3920826853369255, 8.866317780359866], [0.8555701561727131, 1.1688112223004317], [0.72462794166954, 1.380018548133824], [0.6959400107746676, 1.4369054581110747], [0.5890513947158258, 2.893743094158034], [0.6612383320409463, 1.6327052139807559], [0.9564841970548686, 1.0454955796228749], [0.6864341016912877, 1.45680408000728], [0.5324095949598602, 4.151840839716191], [0.7741227717964988, 1.2917847613232074], [0.8850995334905523, 1.1298164355101585], [0.75398981859476, 1.3262778559314483], [0.9672732154462798, 1.0338340646997248], [0.47098012303417713, 5.972007574227997], [0.38891375993166544, 8.999853854812669], [0.9353146802419816, 1.0691588843032842], [0.9458638847709229, 1.0572345726490955], [0.5981595119096835, 2.8164641967038113], [0.3945230015315071, 8.751020814528495], [0.424797703284632, 7.4836351560439685], [0.5581621162179176, 3.59335522344424], [0.4147637122666228, 7.877931049773351], [0.505219890197251, 4.899162869885834], [0.9147675177002416, 1.093173927419325], [0.5104608579157405, 4.739209789289016], [0.41153076989715665, 8.019245035830835], [0.4821032175009671, 5.527455726672563], [0.3970381275561932, 8.630610648065154], [0.9249305692460139, 1.0811622334151862], [0.4209606764613021, 7.631738505867146], [0.4177879771845404, 7.759149143621297], [0.8355946998601774, 1.1967524448962314], [0.4063852996367627, 8.267835716258524], [1.0, 1.0]]",0.007949,42.25
CONSTR,CCPSO_strict,13,100,0.023758,0.009680,5.736084,0.042618,0.536524,66.0000,100.0000,"[[1.0, 1.0], [0.4606599308163012, 6.2449137981429725], [0.6667218981852783, 1.4998757393777782], [0.5055845297216776, 4.891688099474176], [0.660316747538878, 1.6070939434134965], [0.394859098577703, 8.728083579043428], [0.39780745495553993, 8.598518204731537], [0.5019746284151156, 5.003996088026545], [0.5366092925279666, 4.059169751721489], [0.42555789710949926, 7.461847883278819], [0.5862598500411068, 2.957398527024573], [0.4499666237106043, 6.600989302510818], [0.5608811359028757, 3.533225294893722], [0.746266354484866, 1.3400041338997277], [0.6863458801289373, 1.4569913347657009], [0.5421958416575298, 3.9310633563868094], [0.5104902429312409, 4.786250275611529], [0.5479898740280531, 3.8371717908443297], [0.4320552497034476, 7.205328560367787], [0.598156233570418, 2.714184514204592], [0.40688135021129107, 8.23141877794897], [0.4286801165676229, 7.331014471049878], [0.4455666032298492, 6.711967730284179], [0.4194008534651299, 7.699670423976359], [0.7561998696568031, 1.3224017090268003], [0.4574110545817196, 6.359061570913592], [0.40086152807817754, 8.477251295285662], [0.48020317926912776, 5.627105309975911], [0.8192714637019642, 1.220596645074631], [0.48356612848096137, 5.508765121817009], [0.5534457172034665, 3.740325775754797], [0.6281694025491908, 2.1534319844285603], [0.5225990628626158, 4.417515436115889], [0.7162581425246068, 1.396144686712089], [0.736374512933142, 1.3580046327469693], [0.9892193306412407, 1.0108981588054602], [0.6519685200545705, 1.7403393471618427], [0.44256031727066636, 6.839517721440257], [0.6414264208841077, 1.9553205551208293], [0.6177307217019768, 2.354588454263889], [0.4390988168318646, 6.969288653082959], [0.7765978567182362, 1.2876677309229532], [0.6240691980591981, 2.254567510137792], [0.38909070544110386, 8.99331558529278], [0.9784763224559414, 1.0219971368239498], [0.6090514413136454, 2.5498120529654793], [0.46785934107399657, 5.982400172021157], [0.422772986866844, 7.5917515607988], [0.7663933218682782, 1.3048130398138729], [0.5276740846295278, 4.266311145591864], [0.45415483291654346, 6.4828231830965475], [0.70627998899061, 1.4158690824996532], [0.5331728117774038, 4.134076573826274], [0.4163352419759784, 7.837132872329214], [0.6963074146783994, 1.4361472805253206], [0.47592674910922955, 5.7346475813842055], [0.4102587471490724, 8.082037129808294], [0.6137562798517447, 2.452107353301998], [0.4879462183964137, 5.381710712222607], [0.7261908983035684, 1.3770483798902855], [0.41302146780331095, 7.958361943209168], [0.4980505350895072, 5.072874957002831], [0.4712948521872971, 5.85307185603971], [0.49471524180286564, 5.197445751436145], [0.9677129794408575, 1.0333642528777467], [0.647346559247443, 1.8239469111933708], [0.7871086813193071, 1.2704725836892772], [0.7976184983794438, 1.2537322066022083], [0.6034667499888493, 2.6369291732834506], [0.5817771523927159, 3.0732067302871604], [0.5179326026240164, 4.579699266872833], [0.556377378464651, 3.6018249572386316], [0.8412900479611212, 1.188650694755649], [0.6763405351393077, 1.4785451234177873], [0.40370126339170154, 8.344328319403095], [0.830315532413279, 1.204361427629253], [0.6565487804080694, 1.6846607703266812], [0.9570023731450396, 1.0449294882244182], [0.9463361070018472, 1.056707012023634], [0.8083870551525539, 1.2370311889906327], [0.5921295977803511, 2.822125273552015], [0.4911268289440527, 5.281000253740516], [0.514963236279952, 4.668064783915608], [0.5641911364068628, 3.4257233757543624], [0.8628970401428118, 1.1588868120749347], [0.4356411029492432, 7.075834768397615], [0.39228042118090406, 8.855309909259237], [0.9358021995435448, 1.0686018909634631], [0.5724583419318336, 3.247605143971467], [0.9253410851495775, 1.0806825894241519], [0.9149601462470548, 1.092943779138095], [0.8838898868301747, 1.1313626447138365], [0.8522115295111079, 1.1734175910218847], [0.6342978863056785, 2.039143973466896], [0.4640880163271591, 6.105689575679843], [0.5765958778586785, 3.1469340522543314], [0.8942374876355529, 1.1182711682598916], [0.9045320295759662, 1.1055440463161796], [0.8733793746015049, 1.1449778058432718], [1.0, 1.0]]",0.006553,41.04
CONSTR,CCPSO_strict,14,100,0.024013,0.010050,6.137626,0.046201,0.570561,65.0000,100.0000,"[[1.0, 1.0], [0.6493875105663504, 1.828157663671104], [0.4976016406805948, 5.112038123480242], [0.5512038798171403, 3.714454022533186], [0.5365036963245515, 4.062392933720402], [0.6117801580664697, 2.502156756556587], [0.46471668563538515, 6.101245355544856], [0.5780543093585279, 3.128027557202524], [0.5009704142681755, 5.0159709366187775], [0.41652055711254277, 7.809296110973755], [0.4933403840463507, 5.196927979255549], [0.5892234383929396, 2.9222687888718277], [0.4606983703391022, 6.233030586831008], [0.8397689933272962, 1.1908036709450815], [0.5946868355761574, 2.8165512496337826], [0.5071112942864362, 4.806780328554393], [0.6267631327944029, 2.2065652041280965], [0.4209126702989533, 7.703219662030852], [0.41418507930077963, 7.934371051215152], [0.6774510078576584, 1.4761215031067065], [0.7921076192109008, 1.2624547166914037], [0.48608763129698696, 5.433729725391961], [0.423247304535974, 7.550050634320414], [0.928716939765941, 1.0767543448190189], [0.6148680499913796, 2.389115151420824], [0.6637695483205568, 1.592106171652221], [0.6325594018364934, 2.098792543799908], [0.4074439468346853, 8.184044805933079], [0.5049716043852053, 4.920458888827202], [0.6053829926508266, 2.5780987262739683], [0.8204371499399351, 1.2188624077703099], [0.5115961633228558, 4.686499133333598], [0.5302536790382933, 4.212630459723959], [0.5724257803714751, 3.2466150650114436], [0.45241028204452377, 6.498712787095271], [0.7827754021164263, 1.2775056514247298], [0.6969911572263949, 1.4347384319471108], [0.8689008420784942, 1.1508793081704283], [0.9388879480744163, 1.0650898246706857], [0.9898243744609326, 1.0102802333440304], [0.47733633921676355, 5.671949059971417], [0.8300869588503537, 1.2046930617786973], [0.9491216214081799, 1.0536057523548283], [0.38960132286599974, 8.990317342117564], [0.9185106746703875, 1.088718974723789], [0.45624815900223614, 6.361439917438429], [0.7449654364385978, 1.3423441559659834], [0.5404195482185811, 3.961585574541496], [0.6399392224181911, 1.994252264478624], [0.6208722220518301, 2.310986544082643], [0.6002371720443815, 2.6940106331527853], [0.3953982492975915, 8.71606234142952], [0.7352772552735232, 1.3600311893613517], [0.959370860222947, 1.0423497746925638], [0.9796722663631335, 1.020749524442832], [0.6676099680715881, 1.497880570729839], [0.8014648127968992, 1.2477154131199668], [0.47282950885869696, 5.809435046897913], [0.8591498840794094, 1.1639412616245806], [0.42653595071914974, 7.420377385397213], [0.8494917158091231, 1.1771745167020504], [0.6556496265721885, 1.6914469252916036], [0.4013840780570215, 8.446314364230378], [0.5602765316155098, 3.509573678243508], [0.4409989728692932, 6.896306735921517], [0.8885265800652627, 1.1254587340837339], [0.6442520002896923, 1.889290717322472], [0.4685013278871114, 5.951572415773826], [0.3984998900188615, 8.580804219689908], [0.7638690987683436, 1.3091248246753167], [0.9695088351241474, 1.0314501155339633], [0.5843210149549125, 3.0416451856482047], [0.515997137188132, 4.601842692368205], [0.44827810370252413, 6.6372245364857125], [0.3925425438173341, 8.855516326556465], [0.7257607470742504, 1.3778645428693777], [0.7544854027322128, 1.3254066896174623], [0.44537318193156195, 6.771971726886603], [0.5559437990398682, 3.597575119148134], [0.5690338465271413, 3.327703542271912], [0.6872173653694807, 1.4551436712638255], [0.9085164482376266, 1.1006955371472213], [0.773280020684985, 1.2931925993822813], [0.4891736532896545, 5.334601312712741], [0.5189988573637291, 4.488615498716229], [0.524271495628596, 4.3856901746024235], [0.4311946499993599, 7.270392504950781], [0.4389033134419977, 7.036709061010373], [0.7162402410338666, 1.3961795815277518], [0.8109467564639494, 1.233126579555479], [0.8786962293967905, 1.1380497224694845], [0.8985550015563942, 1.112897928638639], [0.5486275985445428, 3.8387700089754055], [0.4059614240957592, 8.321732729104356], [0.4113003159863765, 8.044045631497141], [0.4814799086876198, 5.553719543707752], [0.5646270291619062, 3.446038107253059], [0.4368177140651607, 7.1574027864502225], [0.70661118453597, 1.4152054508685674], [1.0, 1.0]]",0.007348,37.91
CONSTR,CCPSO_strict,15,100,0.023909,0.009600,5.886154,0.046361,0.581734,74.0000,100.0000,"[[1.0, 1.0], [0.5117754889669412, 4.687301537640533], [0.399527539089524, 8.536280039421591], [0.6648381774652261, 1.5697109802031797], [0.4106451021130251, 8.049747678811375], [0.4422501077756242, 6.866284494116503], [0.620248856005678, 2.315132780265307], [0.708850080657642, 1.4107355381440334], [0.561163511927938, 3.4811462371170183], [0.5777312827001648, 3.1427606304476905], [0.5875056292687677, 2.9181541015424837], [0.4047620851303575, 8.310256913494678], [0.4453258958762927, 6.723247690518395], [0.6274366048518547, 2.20599064507437], [0.4136837938423893, 7.929444803958832], [0.4629394329501013, 6.157676065558641], [0.4593583387365843, 6.314105896778586], [0.8051644395819715, 1.2419823216723083], [0.6133835314631862, 2.4363358769390033], [0.6331432415198227, 2.0801972605124983], [0.46609163135445, 6.028778337597414], [0.4952664188634104, 5.18603668879695], [0.429983842786828, 7.342752992780176], [0.438615202975804, 6.967257937438309], [0.5467122634625312, 3.8144609749219662], [0.49017967559854375, 5.296466856323585], [0.602039862676951, 2.659251288881948], [0.396784805425905, 8.65767812450521], [0.5272877878134379, 4.288172105193199], [0.7566570360426513, 1.3216027240426427], [0.5177322674275711, 4.567801611396159], [0.8344375319813351, 1.1984120580309279], [0.6465507301384638, 1.8554665857354755], [0.7467371543766884, 1.3391592933857879], [0.4494639661416894, 6.577709390838183], [0.6389812849193397, 1.9622701829938383], [0.5430683458903802, 3.9474697157693392], [0.55630291214644, 3.616639867796332], [0.594062256796153, 2.7905447548779865], [0.6898332780651303, 1.4496256295504282], [0.4983500749289847, 5.059313235269946], [0.3944759144980853, 8.782709904161901], [0.7275083431420194, 1.374554683017273], [0.8910288556469963, 1.1222981092726534], [0.5366194329371239, 4.059891810730405], [0.402114988413293, 8.424004920334804], [0.6075993292236517, 2.568854019452455], [0.4175549034241158, 7.799096425155485], [0.9726425805526755, 1.028126898815986], [0.4196533468289273, 7.710302250455611], [0.5674546714347487, 3.3543571163140986], [0.9635990431657792, 1.0377760408671954], [0.5243593636091397, 4.446140593481531], [0.4261215267543452, 7.430689253227097], [0.5520720701656228, 3.7170826905588594], [0.9185413161628253, 1.0886826562984293], [0.9366149924281865, 1.0676745600745585], [0.38905796891310546, 8.995357906972842], [0.48403617993434683, 5.526872282714125], [0.9275975377606086, 1.0780537456084502], [0.6588650688432175, 1.651356062848252], [0.9817337144697371, 1.018606150793272], [0.909425805082117, 1.099594925074404], [0.7371211636737345, 1.3566290716930511], [0.785837251370983, 1.272528119856097], [0.4707223215303775, 5.880007989638036], [0.5078614426031556, 4.833413334289564], [0.8630102239638988, 1.158734824028958], [0.4791768203161221, 5.646231094514966], [0.4074726230214047, 8.192949498674317], [0.7183282211265185, 1.3921212763042354], [0.453975896834257, 6.447970463251482], [0.42361883596892363, 7.582562331074767], [0.4330562765908887, 7.206178597933947], [0.6801668472848689, 1.470227494903435], [0.47474309315929514, 5.756849068907327], [0.670393387210574, 1.4916614917114255], [0.8246596984833595, 1.2126214023058368], [0.4865607383860124, 5.403361349554628], [0.6533376924342241, 1.766609811698127], [0.9002606205820495, 1.1107894504520985], [0.5712664103052608, 3.2580342424077555], [0.9455691706165972, 1.0575640905761647], [0.8440102433613905, 1.1848197434397931], [0.8817785869150941, 1.1340715399979306], [0.7662392128672724, 1.3050754688708677], [0.7760177589336679, 1.2886303032215498], [0.8723670786372822, 1.1463064396722675], [0.8148805642716337, 1.2271737035400174], [0.6994053502665896, 1.4297860312604613], [0.9545796115321573, 1.0475815614738935], [0.5319190351709773, 4.178711605574566], [0.5832066100208633, 3.0265151403700763], [0.43623636335095356, 7.081991699899591], [0.7954136097656375, 1.2572075555692872], [0.9908513589463519, 1.0092331114763535], [0.39164839373582666, 8.874071977078565], [0.5028920924987771, 4.948359257138184], [0.8535391234018119, 1.1715924584856319], [1.0, 1.0]]",0.007193,37.28
CONSTR,CCPSO_strict,16,100,0.023689,0.010499,5.977414,0.043483,0.542069,67.0000,100.0000,"[[1.0, 1.0], [0.5738892719927228, 3.241783662393684], [0.43596253704418275, 7.069982283744721], [0.5378052441373117, 4.060792482217392], [0.5074657827102665, 4.794375430612945], [0.6084615064011515, 2.5285390788313906], [0.49786766717724595, 5.09194755983931], [0.5463803751132832, 3.832119915908297], [0.6473200618693533, 1.8242195146759774], [0.6363599718158022, 2.0331648028030584], [0.38893562155067807, 8.999470311227904], [0.4393802247711137, 6.961932568533149], [0.5135330995376894, 4.672354649683819], [0.5180727570583432, 4.520328586030675], [0.4013508644441342, 8.45118574294589], [0.49307818719854635, 5.217278013197286], [0.6575675206352067, 1.7250957090307055], [0.6429172526407001, 1.9511143197639014], [0.590559405523851, 2.8874489142768716], [0.4231215951290262, 7.55365127915225], [0.4806538611598721, 5.565733086112154], [0.5272405367438148, 4.296007597943868], [0.5316519051321508, 4.1726602139199045], [0.9408348022214518, 1.0628858516275657], [0.5027730248224785, 4.923720941810345], [0.6245235488592161, 2.2388460462742232], [0.4146913675433108, 7.890914566435909], [0.48857509412895106, 5.331227613254168], [0.7119177102625627, 1.404656725889274], [0.4305165349676434, 7.306321403858081], [0.8834365001700424, 1.1319432690493563], [0.7550873924660912, 1.3243500156108183], [0.4265698812622398, 7.416319725264341], [0.5601127900536625, 3.5049052946822234], [0.8161823502011754, 1.225216398949961], [0.58459503677076, 2.998417177868263], [0.6139822167823534, 2.43206167027552], [0.9310328090844449, 1.074076004886848], [0.8258879213969279, 1.2108180469676497], [0.6312252997949346, 2.132503920937193], [0.46225850671549695, 6.163736513715144], [0.9802968181980642, 1.0200991999934808], [0.5567466381115174, 3.5807413182422176], [0.39128085665775525, 8.89195927070776], [0.4120465296931389, 8.011363046334672], [0.566588160502565, 3.396032759589965], [0.44288315360821345, 6.847191327548896], [0.4756401010506563, 5.728573887067587], [0.599485396439243, 2.6940505339270358], [0.4173096808540048, 7.783775097314532], [0.9022684169002113, 1.1083176372675778], [0.9507134133290293, 1.0518416864430136], [0.4514209333231044, 6.534319536989522], [0.5795635083162891, 3.1013821397821526], [0.4860326508616265, 5.445976522000776], [0.8356408240071548, 1.1966863887820756], [0.8549819672225499, 1.1696153115937031], [0.9213741345092359, 1.085335438174248], [0.7964346318795684, 1.255595826665676], [0.4037020670824049, 8.341381475114968], [0.4064832942944596, 8.241077877701445], [0.4559448182065824, 6.404694747789055], [0.7657357810670304, 1.3059334887113794], [0.6612128440059336, 1.590439443450244], [0.8645300750034293, 1.1566977586014384], [0.5214889781388214, 4.425167492507726], [0.4200251156708425, 7.670792798250607], [0.8927968483376888, 1.1200756385530641], [0.47339725066083144, 5.884274459420728], [0.9118595625698941, 1.096660101015665], [0.40913840203354584, 8.124119012963089], [0.6783572528720979, 1.4741494924187784], [0.9901388621934359, 1.0099593483127396], [0.595134019516696, 2.8051293780670674], [0.5517017348566775, 3.698213490707949], [0.4457623205391099, 6.740075411126844], [0.4331711389797109, 7.162901370865408], [0.970446037595843, 1.0304539987379135], [0.46861566778806274, 6.017942469259278], [0.960562905212905, 1.0410562333534563], [0.7758611168311224, 1.2888904706094], [0.5422432598878784, 3.9541241421390123], [0.667283868852411, 1.498612579560467], [0.6214951406607616, 2.314733602530214], [0.8062850600410192, 1.2402561445813292], [0.7009438043847772, 1.4266478906646536], [0.6029598843111855, 2.6130115351662613], [0.8740087873105767, 1.1441532562585697], [0.7861161774892629, 1.272076607294675], [0.4486312228682869, 6.639307131596542], [0.39932441230682836, 8.544548708859212], [0.690091842594307, 1.4490824818920265], [0.45865968813690844, 6.270953285777061], [0.3949176241288871, 8.793152762145636], [0.7228650185891355, 1.38338413712669], [0.7443625594089469, 1.3434313525844708], [0.3974737521618259, 8.667970222560857], [0.7335938294170592, 1.3631521420983557], [0.8453071543554818, 1.183001935861369], [1.0, 1.0]]",0.007829,37.87
CONSTR,CCPSO_strict,17,100,0.024000,0.012054,4.132343,0.044472,0.562539,64.0000,100.0000,"[[1.0, 1.0], [0.5482133885148418, 3.7766076097170336], [0.612556028204867, 2.437205078192455], [0.44360547896571256, 6.789036120888518], [0.5953483242140458, 2.76898788570463], [0.5767149299836207, 3.1619128160914802], [0.5115377087732391, 4.688310737931984], [0.6593454955516178, 1.663037830925404], [0.44690316728826546, 6.664725693504415], [0.48544683656513743, 5.432935529625407], [0.6199844187729175, 2.337958435758904], [0.4010750426474866, 8.454062962934419], [0.6636288631683827, 1.569809954855441], [0.45903561359488887, 6.324095050624474], [0.42690976896525906, 7.409520775410769], [0.631192271858951, 2.103900810195409], [0.8826696095201324, 1.1329267363624933], [0.4625010290293745, 6.183046233216579], [0.5381600782344582, 4.0154874303006585], [0.6684251870761613, 1.49605373845085], [0.4325884100868988, 7.185460700613416], [0.5225798009816552, 4.476721993330053], [0.5253318725119324, 4.336958010327743], [0.5826617859471384, 3.035007372478807], [0.6480828905469087, 1.8608667104777348], [0.6522730945435135, 1.739136450627291], [0.5347880327191157, 4.107891526429588], [0.5088466351850944, 4.824509239147591], [0.5299526672764614, 4.223682231623384], [0.4662707351126166, 6.01773227581337], [0.429840131025877, 7.299369867661654], [0.38939544967104955, 8.97976796700049], [0.6008038902688972, 2.656071285130943], [0.4553167178313471, 6.448840448129829], [0.39578931658644007, 8.712617729224789], [0.41854031681508846, 7.7363847218466795], [0.7161695728866493, 1.3963173497713977], [0.42144537413957656, 7.640160340645791], [0.4758493598577713, 5.781558851954708], [0.570081152797121, 3.30423120593504], [0.5166462118361964, 4.556359053806991], [0.8725893987836273, 1.146014381327553], [0.4821604402187131, 5.522670314613132], [0.3985226814630193, 8.586053789909032], [0.4797428160813735, 5.66638894735195], [0.8017441103854434, 1.2472807558501975], [0.7257935719135508, 1.3778022273792059], [0.9447741317677438, 1.0584540435383476], [0.6776986447777917, 1.4755821155993112], [0.64291072022816, 1.9111963284843627], [0.8426661023275335, 1.1867096555063668], [0.9340913674302108, 1.0705590854041518], [0.5534886378917592, 3.659882456230134], [0.49233148271270655, 5.22712174621879], [0.5441053748823772, 3.898526286663603], [0.8118232569167916, 1.2317952109402253], [0.5876360621658758, 2.914464018398771], [0.8926673884968706, 1.120238078467124], [0.9777566395714438, 1.0227493831576593], [0.9028430081981473, 1.107612276907094], [0.39213658766336845, 8.854939202295991], [0.470714559235615, 5.893616558419168], [0.6872029265463486, 1.4551742452926744], [0.9236473347488623, 1.0826643052804323], [0.4100202016162514, 8.087041478631063], [0.4156495434437285, 7.885049171639536], [0.42399874567563556, 7.532078114080432], [0.852592399758413, 1.1728934016809858], [0.8323706859592633, 1.2013878153908708], [0.4903663453331384, 5.358641829958305], [0.7539587517451382, 1.3263325051740118], [0.5005370348169118, 5.126945003767785], [0.5592615287791567, 3.5257253025242608], [0.7061356039143658, 1.4161585883173675], [0.40438048120583564, 8.313035604479364], [0.5650877021967959, 3.417554359299092], [0.7724372197160737, 1.294603592985294], [0.7817157010866628, 1.2792374498937404], [0.41282479439700204, 7.97899490342379], [0.5928659621609211, 2.8086962085934544], [0.6253379169760913, 2.198634447940454], [0.4365944722692739, 7.0465757004858665], [0.7916520864024134, 1.263181158966439], [0.7631584388669903, 1.3103438933134675], [0.9132449727879564, 1.0949964465144524], [0.5035638974384659, 4.971915758776171], [0.7446315447912475, 1.342946061035251], [0.862578290612304, 1.1593150568282293], [0.7351054350176254, 1.3603490769674738], [0.4519444056889449, 6.5519227157554525], [0.6381351791673795, 2.0228451926133615], [0.4402944630282792, 6.923488954526719], [0.988860195316939, 1.0112652979013788], [0.8221079032047698, 1.2163853383500693], [0.9558064786903878, 1.046236892399144], [0.40800819678159517, 8.212077475395581], [0.608098533654925, 2.552447304463624], [0.9667748406333089, 1.03436700870797], [0.6967474753503216, 1.435240220278092], [1.0, 1.0]]",0.008077,37.49
CONSTR,CCPSO_strict,18,100,0.024488,0.009824,4.243063,0.046087,0.575665,74.0000,100.0000,"[[1.0, 1.0], [0.5119368040454396, 4.680713669939167], [0.488426366970947, 5.337145487484835], [0.5219631176443271, 4.417047316347865], [0.6481720957133577, 1.846567685196149], [0.517604988786187, 4.561598870356771], [0.5666158715741738, 3.3952653089438276], [0.6239492403975211, 2.226951650702777], [0.4530199583331829, 6.496403627953535], [0.4445815080391091, 6.750074860313531], [0.5614604450489165, 3.519819667623343], [0.8308771539101748, 1.2035473538945192], [0.5850622986066247, 2.9744033514130894], [0.47224608139276464, 5.89601021254126], [0.4493419918661572, 6.61617212001181], [0.7144322856649163, 1.3997127790344863], [0.6545952820948319, 1.7389693361186154], [0.694610246989154, 1.4396562739098413], [0.630870154263225, 2.1024669982956325], [0.6078655973417246, 2.5944368548199317], [0.5699475178170876, 3.296086953076828], [0.44168294207300646, 6.882365733534456], [0.4563999223738776, 6.3622613115933015], [0.8212296039787849, 1.2176862538260778], [0.541416572381726, 3.9316293404952893], [0.811592752938125, 1.2321450584419387], [0.6419631310785473, 1.9388128130390792], [0.5364407612843518, 4.065961358618689], [0.39873546715564034, 8.557565280946028], [0.39142542840290495, 8.884823997655175], [0.4932755959693166, 5.251837830765991], [0.7441981052470601, 1.3437282263276098], [0.850507246522209, 1.1757689356429104], [0.3937513342006594, 8.779307875816652], [0.4675805250570919, 5.981837849340111], [0.880489430397922, 1.1357319752811426], [0.575267881191557, 3.1911340967395625], [0.49664669093952574, 5.122527489977847], [0.8605129066246925, 1.162097619107698], [0.7538471785592378, 1.3265288090766787], [0.5066092938736131, 4.8250983601566], [0.3962735603397956, 8.668630184762488], [0.870510578332261, 1.1487511178965992], [0.9002181770473394, 1.110841822012458], [0.5910238805444208, 2.869819567657294], [0.6111140796306571, 2.4775935106029348], [0.7342564777435884, 1.361921930975749], [0.7243140292233298, 1.3806166381621572], [0.58013297190947, 3.077211559692709], [0.4643579745432389, 6.084646849320031], [0.6369205151251917, 1.9962070734240338], [0.5276001602834297, 4.291440658804829], [0.7731366392167026, 1.29343242743371], [0.41623290612709074, 7.818563297626034], [0.46146088001110175, 6.240886909915021], [0.7633922353131027, 1.3099425874954747], [0.890388066226525, 1.1231057983941897], [0.43829892868593845, 6.982480337721685], [0.5556834919919391, 3.6316272645878973], [0.9198230870734574, 1.0871655800482638], [0.6603208831025493, 1.635878765840301], [0.5029291778515048, 4.998274425333242], [0.6007517122365085, 2.6623015431138164], [0.6169205275766335, 2.3572358514401395], [0.9591277341859953, 1.042613996402359], [0.6651505903510435, 1.5567956721254406], [0.43128152237463974, 7.2536924825261995], [0.6729026356995267, 1.4860990980670392], [0.48077576365184815, 5.5641652458302735], [0.40472239399871124, 8.310642041453638], [0.8018615601889976, 1.2470980648633432], [0.9394093192135317, 1.06449870098925], [0.7922381778290067, 1.2622466677134003], [0.5330566467269297, 4.185639622682462], [0.48523270615069136, 5.442096975995722], [0.6842356282119599, 1.461484843478837], [0.9692852295870321, 1.0316880619609297], [0.5487208340967589, 3.7945118864383227], [0.47546664995666915, 5.724765967140139], [0.4291305071184781, 7.322086049596435], [0.9100301435883755, 1.0988646992031064], [0.4017085163246051, 8.431750461875398], [0.4133288689274857, 7.941882441097224], [0.7826707513626034, 1.2776764664567235], [0.9296086029241215, 1.0757215422215969], [0.43500132676969494, 7.127804148756995], [0.949215007090178, 1.053502096501301], [0.9794943085961219, 1.0209349775939671], [0.4263804043181181, 7.461663556920045], [0.9897505665268531, 1.0103555722217097], [0.8407811789671451, 1.1893701060583286], [0.408605859369429, 8.18827881612903], [0.5431499978587802, 3.9210908440958425], [0.42146683900300314, 7.728822174841688], [0.42412233664659194, 7.613858664010932], [0.7045103117650751, 1.4194256397675815], [0.5969344391186685, 2.751012355103126], [0.4107835139894625, 8.064097799211812], [0.3889454707960509, 8.997636183888252], [1.0, 1.0]]",0.007280,37.14
CONSTR,CCPSO_strict,19,100,0.023382,0.011345,3.841225,0.044054,0.554344,66.0000,100.0000,"[[1.0, 1.0], [0.5221442226921704, 4.470606644910086], [0.5023834809527776, 4.936232070403803], [0.41075721594666664, 8.044826479887153], [0.6144121747252789, 2.401131550502148], [0.5379345033570084, 4.056176725471673], [0.5548200792515869, 3.6953662508448493], [0.4672693651012745, 6.001536207050725], [0.619009077168089, 2.3248784714102975], [0.45634311243220815, 6.366981480525584], [0.5433642852653795, 3.944663090766553], [0.4470465505987532, 6.667663746083419], [0.41963391485918433, 7.703018510078042], [0.6367182442198378, 2.0280743100596204], [0.5844647812293705, 3.078148016444809], [0.6062070794007194, 2.6554863777121596], [0.48680482413742393, 5.428782804483471], [0.40331935365171834, 8.386742073859018], [0.6626131236791404, 1.573022928150892], [0.6414098633733322, 1.9187615425424667], [0.4229414400642656, 7.592104406486353], [0.6481140308654995, 1.8151423148463475], [0.5589163988161765, 3.5543107533391187], [0.46444232202097546, 6.121682772134211], [0.4002621671586225, 8.491266719871478], [0.40558954478275205, 8.272556383730725], [0.511853826460865, 4.7134384922151025], [0.5896739083458093, 2.9998642616503233], [0.5740181489463486, 3.2362764685502983], [0.9810830344666229, 1.0192817171113977], [0.4510752764256631, 6.521736355865918], [0.5313828240540079, 4.188563959128754], [0.4898478747408244, 5.3243465186283565], [0.4394218745281584, 6.950895026104001], [0.4717128790046213, 5.879597000114097], [0.5166361003287566, 4.5854791294911985], [0.42544875479031935, 7.491178661020073], [0.4141742311820217, 7.934757535557435], [0.5920862836381111, 2.8487651603588064], [0.5078493057443021, 4.8215648100829895], [0.47412482884195184, 5.773181087656343], [0.6553524123307972, 1.6896457730245453], [0.9905479022396485, 1.009542292441365], [0.9435374347125816, 1.0598413621019902], [0.6788656176408442, 1.4730455837123466], [0.4166637140289218, 7.814678836709435], [0.96226444154355, 1.0392153724353768], [0.5278707301012175, 4.304813732736897], [0.5643521708634341, 3.4398112749841734], [0.39816048366903706, 8.603392817940357], [0.6233647808559396, 2.2414326808444005], [0.9055135865704416, 1.1043456606624953], [0.9716645682279147, 1.0291617423322972], [0.498061800030532, 5.071997741809583], [0.8552251578963063, 1.1692827213593817], [0.48410429484885314, 5.501095779948008], [0.4287199755370702, 7.361929018097333], [0.7004057602839879, 1.4277438260852366], [0.6300625255785848, 2.115771913468796], [0.8239058092359179, 1.2137309736016912], [0.5696001655301721, 3.3478110338072025], [0.8449502290698306, 1.1835016615130776], [0.8344213733033528, 1.1984352654356702], [0.4352225578471421, 7.091173118058013], [0.4431946507687544, 6.800576517839887], [0.7115135110990203, 1.4054546883521253], [0.722863664273172, 1.383386728955984], [0.6103113488860162, 2.5145653517958237], [0.3952633328040185, 8.709922585106506], [0.40811578558401534, 8.157240265125258], [0.7341753885248934, 1.362072354412754], [0.49396756892647564, 5.21446673239961], [0.6684638005755255, 1.4959673196050896], [0.9528894121055551, 1.0494397222762155], [0.9246246416453467, 1.0815199541086475], [0.5768516915875167, 3.1351214291814684], [0.9340401988514593, 1.070617732758877], [0.47852717875044487, 5.655264851947675], [0.39282122929335295, 8.859901002676141], [0.745613766283443, 1.3411769541012641], [0.8855266427455646, 1.1292714998382343], [0.8754222031018359, 1.1423059598634286], [0.5236590338203402, 4.370689558137588], [0.598594086602692, 2.6941866719268805], [0.6896484127586953, 1.4500142123141453], [0.5950404154144873, 2.8024344456067447], [0.5481953378242332, 3.806484028132018], [0.8955096190714347, 1.1166825891126806], [0.46015445095248064, 6.22501213831454], [0.7571568542929974, 1.3207303009014688], [0.4320522249704198, 7.213456383506492], [0.38931357678998774, 8.999781231257101], [0.7685435372629226, 1.3011624605697452], [0.865475715662941, 1.155433921371226], [0.9151492738464202, 1.092717907972486], [0.8022312717931847, 1.246523334555076], [0.7796765436663016, 1.282583153390332], [0.7909453342683821, 1.2643098791713485], [0.8131272691480989, 1.2298197809153355], [1.0, 1.0]]",0.006973,36.33
CONSTR,CCPSO_strict,20,100,0.023742,0.011028,4.774658,0.042981,0.553085,69.0000,100.0000,"[[1.0, 1.0], [0.5500247427929681, 3.7695546239971365], [0.43218654661798556, 7.214801372607367], [0.5969080989453699, 2.7784688429204984], [0.4681873106839022, 5.957190438481208], [0.5552961955861497, 3.640301142988616], [0.4057319568760923, 8.258440281388628], [0.4270709985790064, 7.424728425575101], [0.41842175632731765, 7.7452140699332785], [0.5391327446544637, 4.014354098118203], [0.4291849130546974, 7.317142042525301], [0.4620071064959583, 6.166089630804982], [0.4215058430418211, 7.616635632160357], [0.6642667922714924, 1.5965824757527582], [0.5768924667944071, 3.193300753659333], [0.8285421916796989, 1.2069391396625266], [0.3893873169755301, 8.980693804493676], [0.6793173454667364, 1.4720660478836047], [0.4005820173410293, 8.504930339949594], [0.5002492603180607, 5.047661699905062], [0.4951749581172913, 5.1439748560751735], [0.6520538690685352, 1.7551977607361666], [0.4817887590232567, 5.613920376683957], [0.5665995744773431, 3.3954276060492585], [0.5201905852234305, 4.5151939406088335], [0.40880963644658014, 8.129273251372885], [0.465043636032358, 6.068342003063781], [0.6898143355863552, 1.449665436642428], [0.5438133269070052, 3.8732976684704137], [0.4468615769863428, 6.686289867087857], [0.7109575957212972, 1.406553648231941], [0.647084826077979, 1.8397892676089591], [0.7803997320588639, 1.281394596794367], [0.6028085715103669, 2.639529286030521], [0.4920993363753233, 5.252626813165165], [0.5260447821781994, 4.392967033513456], [0.8985721897990593, 1.112876640688849], [0.9597974873339377, 1.0418864533368746], [0.6250604030389721, 2.2687640004629404], [0.4760915054414532, 5.717428743939779], [0.48759069710123626, 5.3702571900216975], [0.4581057608256422, 6.2990276827222615], [0.4433101632600286, 6.848034633580337], [0.40309476404964895, 8.375765203390882], [0.4723209095272023, 5.8331612726570565], [0.7004215943849851, 1.4277115497532082], [0.41546643163916197, 7.872432048500592], [0.9698464306012443, 1.0310910763264471], [0.43565765185420013, 7.073504973729112], [0.48510511412701485, 5.484716791061902], [0.7995824108848126, 1.2506528237575993], [0.5941608483703347, 2.8678887503204455], [0.5359264381727589, 4.159811649045753], [0.4247117367487655, 7.5247981350616255], [0.5288151785707723, 4.252300126402201], [0.635545143616772, 2.017214556257565], [0.5052874761437428, 4.930528069667758], [0.45045864782946016, 6.556901989157545], [0.5593374499097115, 3.524053757549589], [0.6165396263619786, 2.3688694119360765], [0.6111905000179341, 2.4558080743182207], [0.7610672258204338, 1.3139443745222317], [0.86784934734467, 1.1522737247653259], [0.9497000309216814, 1.0529640596404979], [0.7316389332473954, 1.3667944043949085], [0.6687912045147705, 1.495234975055529], [0.6433416165881827, 1.950948037119607], [0.5143758892998107, 4.648451194827788], [0.8381397018386647, 1.1931185192710179], [0.9798805846942626, 1.020532517553672], [0.7513672788526891, 1.3309070386016333], [0.5725067905219019, 3.3014105865014134], [0.7212180611987784, 1.3865432021181527], [0.8779526883578195, 1.1390135405479147], [0.509563546292713, 4.799873781803087], [0.62888839322395, 2.1322656860955234], [0.7899975329855201, 1.2658267377378367], [0.5817095097879293, 3.0391595154263324], [0.39801890708428017, 8.615536571998312], [0.6569147138770133, 1.6598167740186929], [0.43950604127912485, 6.95034712030912], [0.9293075674199583, 1.076070006377227], [0.9395343322332219, 1.0643570603993304], [0.41213387197853824, 7.995024728470128], [0.45437485747342177, 6.439395666260179], [0.8479746669088695, 1.1792805127602572], [0.7707654225916344, 1.2974115998063114], [0.8189503047625684, 1.2210753133426355], [0.8579033921706767, 1.1656324116749193], [0.8881457495293619, 1.1259413227276165], [0.6066540378632079, 2.5580955268487275], [0.9088825619209571, 1.1002521578656574], [0.7414862060910299, 1.3486427553006066], [0.3956469070566373, 8.708446846069965], [0.9190647766973153, 1.0880625885734927], [0.8092395092355685, 1.2357280985262686], [0.9899257448251242, 1.0101767786397509], [0.3922577439401666, 8.872369353338254], [0.5914321106581131, 2.981546094393692], [1.0, 1.0]]",0.007059,36.29
CONSTR,CCPSO_strict,21,100,0.023836,0.011445,4.899194,0.044414,0.571487,63.0000,100.0000,"[[1.0, 1.0], [0.6378888478507955, 1.997909972029947], [0.466077310764924, 6.019605119185811], [0.397113532686488, 8.648381386178064], [0.62123840583833, 2.2913114909374257], [0.44057742447831116, 6.908611611915522], [0.5413542896010635, 3.999529245630649], [0.3944485400330189, 8.761711453695046], [0.6629812592244471, 1.5944587519162745], [0.5996761739724932, 2.7065719772629153], [0.4057786609858517, 8.25938803341736], [0.5720400919958578, 3.2640513539584277], [0.49008019559694826, 5.313154728802928], [0.5069561461091542, 4.826142444868001], [0.4276510188018067, 7.37214516561947], [0.5366931294556538, 4.069377908272605], [0.687244349512655, 1.4550865361194008], [0.4381778965453663, 7.026201618436497], [0.6673803005409024, 1.4983960407424584], [0.4878757954679297, 5.47328922768984], [0.4946274268304062, 5.154577729314545], [0.5558565229361412, 3.651884516432212], [0.6096898518685097, 2.486078066828048], [0.7177252241219197, 1.3932908673001163], [0.4119063297425442, 7.996212650355169], [0.5116452012831888, 4.741088608776781], [0.4341694165371928, 7.146533194673246], [0.5032689223135871, 4.946959261172767], [0.6264101291610982, 2.199466894212739], [0.3997007774064661, 8.520668225015124], [0.677268946591917, 1.476518309354204], [0.3889989594218831, 8.998933094941425], [0.5449889029121111, 3.8601625824831567], [0.41865533762107515, 7.74339843333469], [0.5780962494390367, 3.137669139032004], [0.47545565867933814, 5.735122131621639], [0.6572545727505806, 1.6799187310653396], [0.6150087391298664, 2.387455172182325], [0.40878886269770953, 8.125915387340537], [0.7280137259342503, 1.3736004753436666], [0.797339936071948, 1.2541702161896542], [0.4805058259650655, 5.5912225031594405], [0.5183387015256906, 4.514453577672915], [0.5679097163365983, 3.4007487465902813], [0.6972046527042512, 1.4342990915526665], [0.9238696972569396, 1.0824037231322758], [0.8257948356023921, 1.2109545336046217], [0.7382747898167752, 1.3545092068607405], [0.5830108299141843, 3.0174877668799454], [0.559981219711575, 3.505313636190279], [0.8162859296637072, 1.2250609298288153], [0.5246317033905539, 4.425648642460756], [0.9805427289156977, 1.019843368892061], [0.8352831769334451, 1.1971987795459689], [0.4622442490836265, 6.144906686475034], [0.6490174731115186, 1.8138168344901213], [0.933451387466348, 1.0712930672418666], [0.45110099335705045, 6.521613089014388], [0.47173571892192656, 5.8547318851071735], [0.5281627089754841, 4.316345188859968], [0.5877928256435206, 2.915470361458042], [0.5939060830195471, 2.8450265477246077], [0.7682295664252549, 1.3016942378997793], [0.8647622207908284, 1.156387242594266], [0.9902593565802251, 1.0098364568383513], [0.5487118985242495, 3.7659053650184537], [0.45473368492193583, 6.404812714371517], [0.41531126825303544, 7.870989597926326], [0.8847883089517516, 1.1302138487620217], [0.9616444420037807, 1.0398853841616322], [0.9143153595395924, 1.093714536856905], [0.9429543948883856, 1.0604966745166575], [0.42510922647604926, 7.519550114321266], [0.3916664346330665, 8.876091592494083], [0.49931996462811856, 5.029579040224609], [0.8068517690557961, 1.239385025046462], [0.8449664069046848, 1.1834790020389574], [0.5155366446097481, 4.628640849426984], [0.4602851527881672, 6.297342403673512], [0.8548068878455974, 1.1698548692329074], [0.5307446356002288, 4.189072104320056], [0.6047857918329138, 2.6316151488279034], [0.8946174914499166, 1.1177961637875968], [0.7778714050446263, 1.285559532738744], [0.904456590310047, 1.105636257962586], [0.9709769832562529, 1.0298905300992984], [0.707497419651578, 1.4134327168182057], [0.7483009808064025, 1.3363606699036468], [0.40278342988027593, 8.39692994142995], [0.7582194274887597, 1.3188794216365876], [0.45044468778519037, 6.667295833804526], [0.4468010237337358, 6.772964182866857], [0.633807076399801, 2.108294270759643], [0.6487864374550687, 1.9372386662282304], [0.9523115347352702, 1.0500765385331456], [0.42179364077235504, 7.627024594608193], [0.4301698363774377, 7.27971352297832], [0.7874495442946904, 1.2699226347202837], [0.874760454741932, 1.1431701039743682], [1.0, 1.0]]",0.007868,34.22
CONSTR,CCPSO_strict,22,100,0.022050,0.008905,3.075944,0.041944,0.526172,63.0000,100.0000,"[[1.0, 1.0], [0.5166417062150297, 4.553041753014912], [0.5503728687245409, 3.758347925719115], [0.4780813496190146, 5.719668362967604], [0.48797396624632206, 5.383006733054008], [0.48055868445764527, 5.585223297380375], [0.6037344715737732, 2.600729929770937], [0.5271221770980312, 4.323857231360126], [0.44192182017419845, 6.863662667238061], [0.46999904151762095, 5.93002200853872], [0.6504709844307364, 1.7842971037315347], [0.501199932804078, 5.025700869156515], [0.5996514018637412, 2.7119778861700192], [0.5129389506883174, 4.666143363528603], [0.5879488104550351, 2.9220779248414885], [0.5361724100995853, 4.0931362243829374], [0.641545739556017, 1.9514105319610242], [0.49209119247422134, 5.262347252292274], [0.4214844405989799, 7.612795657195674], [0.4520889369811284, 6.524499656596654], [0.6151957223210355, 2.4032653339822256], [0.7719939029117397, 1.2953470179340623], [0.4486233626828491, 6.606204943737117], [0.563965071554883, 3.423955049470935], [0.5775877862993537, 3.129072310975214], [0.8237508927388922, 1.2139592306541804], [0.520968359450477, 4.437035223581848], [0.9339823409873383, 1.0706840548429133], [0.47350000104694145, 5.806712309933014], [0.6621346956786194, 1.6064286858139867], [0.8344018904239181, 1.1984632483178457], [0.5597573174890933, 3.5112992224231596], [0.6079900862530432, 2.522078071718958], [0.4960383582353851, 5.132649475479351], [0.8448362354584796, 1.1836613511934835], [0.7618098209060985, 1.3126635710873318], [0.5929998712815282, 2.8101970860056693], [0.5719614328578733, 3.2565663681896306], [0.5307487420866135, 4.192996429302442], [0.8131056168735928, 1.2298525299148957], [0.7821673185038369, 1.2784988279909761], [0.46559437215990124, 6.045822279175482], [0.6214236401629729, 2.2978701607046883], [0.5079840956899714, 4.812443961230414], [0.48386216992196274, 5.483008526672676], [0.557754048677517, 3.6696664158348784], [0.6459644242483844, 1.86255340548573], [0.4066828279754427, 8.21316837526901], [0.5032982870246706, 4.931296842511389], [0.7006787487819879, 1.4271875688228475], [0.6672886405204205, 1.498601863235821], [0.8027134452437634, 1.2457745736354593], [0.6556468064915989, 1.6981174211974417], [0.4382828167324045, 6.975518615579921], [0.4619479497444059, 6.160157671270027], [0.5428527964382219, 3.9826653928026756], [0.7924150740052694, 1.2619648878528908], [0.40129887517835244, 8.501233532620741], [0.44548653015949213, 6.7494605062257715], [0.6288452470745104, 2.142897581751935], [0.6344138818795075, 2.060714872137327], [0.38905415518555453, 8.992504249641433], [0.8655056923792248, 1.155393903015309], [0.6898271141224666, 1.4496385826644498], [0.39730741520156626, 8.622374700062025], [0.40399281566512496, 8.358184489484376], [0.4554235769465783, 6.408155552169778], [0.4250728008808393, 7.482431825996707], [0.4586169417346957, 6.274655023658671], [0.5859139299111431, 3.040759684755794], [0.394962857785129, 8.749856404016471], [0.39236150200893166, 8.873525029399909], [0.5457939848405533, 3.8752386455617245], [0.41241198687164676, 7.982418118527016], [0.40953422193276545, 8.103206932274317], [0.7112890119628985, 1.4058982821066845], [0.4293689134010531, 7.365121758861343], [0.8953928298225999, 1.1168282419662947], [0.43150191976906355, 7.225950725747839], [0.43675005565573877, 7.106937207614844], [0.8553387374130815, 1.1691274535565142], [0.6785275785123007, 1.4737794478340005], [0.8754413362079446, 1.1422809943286352], [0.7516401325723632, 1.3304239045587767], [0.7414946196649987, 1.3486274525522408], [0.9051070960391335, 1.1048416307596418], [0.9244131602957812, 1.0817673773489265], [0.731359536789131, 1.3673165518429886], [0.9147799328517495, 1.0931590911516653], [0.9886180988084013, 1.0115129403409846], [0.4155272522291374, 7.85148519105141], [0.4188404453027147, 7.7314308988988705], [0.9656811688305382, 1.0355384699186199], [0.977192040494018, 1.023340304219477], [0.7211816361467349, 1.3866132328923242], [0.9552466945018563, 1.046849997760507], [0.8853170432994243, 1.129538855677252], [0.9446199393920894, 1.058626817303423], [0.5716222949534226, 3.368233382953034], [1.0, 1.0]]",0.007626,33.95
CONSTR,CCPSO_strict,23,100,0.024136,0.009148,5.841017,0.046753,0.573216,68.0000,100.0000,"[[1.0, 1.0], [0.5018037587858146, 4.950585738269349], [0.5447052986813988, 3.8942726306309434], [0.46773254037199075, 5.982072194527217], [0.6309330421934345, 2.1223780638272203], [0.5306752144254211, 4.215024653673462], [0.5578072450356748, 3.5750951335158736], [0.5741890545434082, 3.2479906989236693], [0.47631156314214584, 5.715940053822347], [0.46099242198130747, 6.243025426815715], [0.5990284828671151, 2.706379841692489], [0.7501764560048645, 1.3330197075573318], [0.403199749656253, 8.363204039300983], [0.3889163292737512, 8.999084462971462], [0.5001566946427104, 5.123125723691725], [0.6523183406386821, 1.7417524800630726], [0.5268721589335006, 4.344243852329064], [0.5515302126381139, 3.750477039196826], [0.657768291683678, 1.6459037758183745], [0.6050911875322084, 2.619404617827039], [0.6104870929542143, 2.4832450549733505], [0.4919402509745671, 5.236014428500111], [0.7314469371403247, 1.3671531716430643], [0.42864159804683744, 7.338039918541981], [0.5676971721331496, 3.370499322655444], [0.6248268902158927, 2.2107072202511757], [0.4249774150044523, 7.4780579181117135], [0.5345611636876386, 4.110636564581905], [0.6404003737653774, 1.9596515490792525], [0.5837961092015842, 3.012371834272335], [0.7407061035549617, 1.3500631292230174], [0.41840281456641654, 7.737673773488358], [0.39281363183359563, 8.825357813854582], [0.7221047718319209, 1.3848405924019607], [0.9413813121438088, 1.0622688034062402], [0.5613635424613873, 3.479417585459927], [0.5224517270376273, 4.443384701927788], [0.4091252090947733, 8.110281741407716], [0.46374006231485293, 6.0996228558145775], [0.5557612196317355, 3.67595494443169], [0.4126896366993509, 7.986745065158015], [0.778438331308812, 1.2846232768608268], [0.44275113967619517, 6.829076292083622], [0.7689543872686673, 1.3004672533984867], [0.5894645421936906, 2.8952719382663052], [0.7968909580784987, 1.2548768308417595], [0.6650626102136566, 1.5586620155971913], [0.5406829295075739, 4.002036319671578], [0.5169065469761245, 4.549061112017801], [0.4887469416930018, 5.35554311614448], [0.6349583915959044, 2.0444197159971433], [0.9510868512748977, 1.0514286877791823], [0.4155929817420107, 7.856758490059231], [0.6206925375241246, 2.281773205871437], [0.4812258456654239, 5.5561265092090695], [0.9608027445108489, 1.0407963608691675], [0.3966084814941223, 8.669269628597894], [0.7595594788100191, 1.3165525912028277], [0.9117285076871741, 1.0968177385796003], [0.6160728818650864, 2.3669370218787797], [0.4226697525912142, 7.59968401163383], [0.6926906779141329, 1.4436458175115816], [0.594770814989491, 2.7885775774354196], [0.4468403672977228, 6.71772862080297], [0.47275508379348313, 5.833142094839035], [0.6464113892673065, 1.8494258791402298], [0.3997937232711326, 8.524755636846798], [0.4360259592068334, 7.054271694891702], [0.9705584280921106, 1.0303346723450382], [0.9803776511446574, 1.0200150919723967], [0.8243136410984064, 1.2131304762438357], [0.43250046919508567, 7.1955378930231415], [0.8818784315898406, 1.133943142477372], [0.6716715228042733, 1.488822982735569], [0.7876558208313262, 1.269590058948027], [0.9314581177212709, 1.0735855761785733], [0.8721659443295819, 1.1465707948143764], [0.4393640593619292, 6.949904306641356], [0.4060684243910135, 8.238678373103859], [0.8430180760970197, 1.186214184907838], [0.8151017389131596, 1.2268407147963885], [0.48487064384562795, 5.487521945971056], [0.83379246219203, 1.1993392185041016], [0.4569228052167118, 6.347273845739089], [0.8527379404336511, 1.1726932186123444], [0.8624377474359141, 1.159503979241479], [0.8059444581378552, 1.2407802918708724], [0.9216395858134441, 1.0850228390715169], [0.45220296012810435, 6.482350842777056], [0.9902067927894794, 1.0098900626433116], [0.9017995872002467, 1.1088938320593262], [0.5121361563755505, 4.674156586538494], [0.7124013011398187, 1.4037032195197185], [0.8918000286314292, 1.1213276159394345], [0.7026040746424653, 1.423276687526856], [0.5070116482951394, 4.824136795830983], [0.5784098238784129, 3.1267779490091763], [0.4487671395229236, 6.603012862191664], [0.6821075115422823, 1.466044550277632], [1.0, 1.0]]",0.007316,35.05
CONSTR,CCPSO_strict,24,100,0.023696,0.009790,3.834310,0.047011,0.588875,65.0000,100.0000,"[[1.0, 1.0], [0.6615815454160283, 1.5864785524005753], [0.6398276544144839, 1.9882104696012743], [0.5230377287532284, 4.421023153151988], [0.5766111827659627, 3.2121901641450292], [0.6188287286110932, 2.3314885715433653], [0.6061025019563919, 2.558131470341732], [0.7842019449720307, 1.2751817391063294], [0.5884882499978917, 2.91014408513971], [0.6255313032252846, 2.2063367543798087], [0.5265521155668047, 4.311502070537032], [0.666856591354043, 1.4995727911596615], [0.5700330051176365, 3.3036068392302793], [0.5946050626167618, 2.786776877661607], [0.4544804808118957, 6.433377399513154], [0.4496038883260162, 6.56935591118075], [0.9717472165143511, 1.0290742108703859], [0.5398340301116704, 3.9936806059256735], [0.6567798147310159, 1.6746971414591905], [0.6519975489469106, 1.8274980267736645], [0.5590902802341413, 3.5260559548100012], [0.8398773803167259, 1.1906499965779413], [0.676948526313278, 1.4772171902730762], [0.4465732680151696, 6.734465847023566], [0.48451749722485093, 5.452423230078745], [0.9623962456032241, 1.039073047685474], [0.5021700770494941, 4.955979352260159], [0.8494316918576587, 1.1772577001607476], [0.48873103387989214, 5.341243300697102], [0.5548481903402991, 3.6696610726056504], [0.9811253543311373, 1.0192377514101958], [0.5840343390394674, 3.013728859237642], [0.5649455771077037, 3.3948144458050162], [0.6456377990537124, 1.8657786628539867], [0.38930239083426665, 8.98531314769224], [0.858983191622752, 1.1641671335976265], [0.45929738899438594, 6.26901351163196], [0.9905577647583215, 1.009532240902662], [0.50934345499803, 4.813698666649592], [0.493003664480828, 5.207133232405633], [0.811614652277421, 1.2321118121684504], [0.46361150381570837, 6.1092541835233805], [0.4972148421441074, 5.094019123127115], [0.9531320707602882, 1.0491725445796054], [0.433224786132666, 7.225692743892177], [0.6324480071794465, 2.1058121266910215], [0.516827971899729, 4.591464302087513], [0.4407913611425062, 6.882186567989444], [0.4155972076584612, 7.857077921126742], [0.6973930790201881, 1.4339115630527386], [0.9065540338313096, 1.1030782089995959], [0.8209227024131718, 1.2181414852584966], [0.5444172584100102, 3.8658365360088904], [0.5127373830825763, 4.703607724803489], [0.747805049602759, 1.3372469208802606], [0.878088140638058, 1.1388378383898403], [0.3945016043561423, 8.744449223190008], [0.6137783307219178, 2.448262960007138], [0.7932410946741583, 1.2606507740383428], [0.5346412298460392, 4.1183868857168235], [0.9159015007350361, 1.0918204623504522], [0.42524280782775725, 7.464692754290444], [0.43515862038102693, 7.100239383659928], [0.8303531357803502, 1.2043068869249454], [0.9252430865752652, 1.0807970516174763], [0.4378034688233171, 6.999426340910278], [0.5791610804772157, 3.0972141215709224], [0.42936873354219246, 7.342440948193809], [0.5191868641544688, 4.507651984443862], [0.9438336502582261, 1.0595087383527884], [0.4123975140746515, 7.99069895345763], [0.4815939519535011, 5.594224578835599], [0.4035549474437189, 8.381282838852481], [0.5500892514231956, 3.7847152997895646], [0.727745733218146, 1.3741063043790382], [0.3920404578553255, 8.880600668220458], [0.7753465462719804, 1.2897458624252574], [0.7176524762419975, 1.3934321041244384], [0.7661956393413867, 1.3051496884785052], [0.4724126753407335, 5.8273260590626705], [0.47624286449161235, 5.716864741682023], [0.8971372766102542, 1.1146566150705526], [0.40931364375648815, 8.138733013928045], [0.8875825222425895, 1.1266558037593772], [0.4223317609773451, 7.5760482547431005], [0.9345296501799008, 1.070057006546016], [0.8684997562913259, 1.1514108009312602], [0.40622213236393656, 8.274768310993013], [0.41963888392004145, 7.7260051891334784], [0.6871847544189511, 1.4552127263730548], [0.3974021667560673, 8.621631222847487], [0.7570696677546709, 1.3208824003817452], [0.5310726998547955, 4.2001309652209216], [0.6005488165112143, 2.688595675543595], [0.4689875919832138, 5.974169360546945], [0.8024351592643697, 1.2462066105337999], [0.737877000040473, 1.3552394232983944], [0.40027233285455033, 8.509233613044877], [0.7075391067544605, 1.4133494395625443], [1.0, 1.0]]",0.006788,34.27
CONSTR,CCPSO_strict,25,100,0.023819,0.009695,5.824111,0.045860,0.586485,64.0000,100.0000,"[[1.0, 1.0], [0.4478203838439185, 6.64140488985191], [0.6001641764581958, 2.732815045271], [0.6227720819490333, 2.262631866214721], [0.6605951441142199, 1.620564268078375], [0.48144068668614565, 5.6348365331978725], [0.6559110759746509, 1.7041379634370064], [0.5456893982569397, 3.8557944067208414], [0.4756174821653347, 5.744935870954781], [0.4440656906391458, 6.766776224975166], [0.6485972651240661, 1.7989278152631498], [0.5347239383989426, 4.110027118924241], [0.6656730816050194, 1.5507924398838533], [0.4710963208065778, 5.860226610315041], [0.54176161391074, 3.9690356006167464], [0.5191889059240637, 4.495712786974522], [0.6912666329801763, 1.446619802389156], [0.5664181881858534, 3.381730559779577], [0.5015158072514976, 4.9620621812184105], [0.720339189875785, 1.3882348955253143], [0.7774634856348527, 1.2862340398963314], [0.5512905508229359, 3.716470666388452], [0.43271708564063543, 7.219346657226874], [0.43779064840908843, 6.9917717255564815], [0.4978482824732732, 5.098766908355104], [0.6109070019044001, 2.50250581062028], [0.7106630805714693, 1.40713655646198], [0.4136706800621678, 7.929027294898636], [0.9011601451928862, 1.109680676996604], [0.43548576826849705, 7.094154463276381], [0.4413771636933016, 6.8628665882204025], [0.5111268672673477, 4.710595542297875], [0.9807138585811045, 1.0196654113227264], [0.5879145297321053, 2.906666129946037], [0.3890285031497434, 8.995739300529447], [0.9903467825449896, 1.0097473103615318], [0.3917325558773994, 8.874590212425591], [0.5728793075199508, 3.2618500457052773], [0.6815552591242133, 1.4672324607765226], [0.6188420630595868, 2.383040657608966], [0.5941516972831691, 2.8087555806537328], [0.9113816412224065, 1.0972351809267658], [0.5155208313422213, 4.619125869574422], [0.8233402044821072, 1.2145647626050453], [0.6368347412367139, 2.0023190697028803], [0.4105966988219142, 8.060191457407022], [0.4260518181983606, 7.450834754136338], [0.39439144423507205, 8.755431985516317], [0.4895552133784444, 5.347525213859773], [0.7009547655963149, 1.4266255813943742], [0.7491065628701509, 1.3349235603657883], [0.42132481953939693, 7.682899334824896], [0.4170788538058541, 7.804757580922269], [0.5291355611764053, 4.247711475645596], [0.4671446971185782, 6.029824453206053], [0.5783644457459014, 3.1460920028945654], [0.3969972102176323, 8.634248104790942], [0.8612029687853938, 1.1611664569739697], [0.9516030681907381, 1.0508583183756204], [0.4838563659467086, 5.483060663694501], [0.814217954556325, 1.228172376209647], [0.4928780221275036, 5.243856278563719], [0.9215251194680686, 1.0851576141269264], [0.40174691990907263, 8.424666164408757], [0.7867863312676551, 1.2709931022680823], [0.7299729681186566, 1.3699137415694695], [0.39949411061655843, 8.535715299495596], [0.739510872588325, 1.3522451624003173], [0.6449434069096158, 1.9113220728071807], [0.5841082746988618, 3.016349124526824], [0.5608622226772578, 3.5097154361558047], [0.8327393443690784, 1.2008559542213608], [0.603627648308996, 2.61033281518128], [0.46412822243837537, 6.086760087492449], [0.9612628748903879, 1.0402981599742207], [0.7585916327566564, 1.318232309478667], [0.5554091446898679, 3.674221760004504], [0.8710027681378982, 1.1481019769178034], [0.6298282218228415, 2.1153737897593055], [0.8809768885568121, 1.1351035571865769], [0.6719857397459857, 1.48812681706312], [0.9416652909085513, 1.0619484541425173], [0.5261107852261668, 4.3794327067365115], [0.8911372351059816, 1.1221616161971635], [0.4571936123859615, 6.383525420278973], [0.4598962096143885, 6.226934238751859], [0.8420490923209872, 1.1875792149405966], [0.7679335291470757, 1.3021960391684873], [0.4302754928396282, 7.343895699034629], [0.5052959193923962, 4.858889652501121], [0.9315575014267236, 1.0734710401327385], [0.9709909175178006, 1.0298757505954401], [0.7960440335939455, 1.256211915169118], [0.45145506336849606, 6.509459719999032], [0.40994081312855063, 8.20692481977507], [0.8051065016225202, 1.2420716985699576], [0.4230931771140086, 7.561799834376392], [0.8515719881884478, 1.174298842458761], [0.4047635883368889, 8.31064974839632], [1.0, 1.0]]",0.007191,33.96
CONSTR,CCPSO_strict,26,100,0.023196,0.009653,5.106186,0.044814,0.569446,72.0000,100.0000,"[[1.0, 1.0], [0.6219504198942096, 2.255023372179955], [0.6361177125348788, 2.0676661849884104], [0.44462846295512437, 6.756755627079721], [0.4246873997063397, 7.493565023669598], [0.5518574551932772, 3.72762295376436], [0.5260255774898778, 4.3104136142314164], [0.6413614369693721, 1.9393776764600636], [0.5315109137152684, 4.172338188164535], [0.4070453099188608, 8.205777402840361], [0.5922264291372464, 2.831883147143144], [0.5208710192724063, 4.440386038690443], [0.6560450750709688, 1.729624005037461], [0.5629216821951124, 3.4553842591773085], [0.6592973329732379, 1.6224133394196418], [0.8534931662737851, 1.1716555439639198], [0.6305488080890587, 2.165281021579247], [0.4749358040092341, 5.75542779721929], [0.6080547974122911, 2.5595866609154707], [0.8440628407779556, 1.1847459119019152], [0.500346770058803, 5.008235609238228], [0.6484046038955723, 1.8204609645323473], [0.4969162115517268, 5.155952337424272], [0.8252875024000143, 1.2116989498712936], [0.39500163575319197, 8.730332947104582], [0.40984247862956524, 8.08791216312494], [0.5837074447212139, 2.99646230523155], [0.4799158948601455, 5.631748605302655], [0.8821209537056827, 1.1336313867153045], [0.46749086963059994, 6.001089428191544], [0.47137553150886036, 5.8868479610425455], [0.4633810458336388, 6.144513118890615], [0.42859802308365974, 7.339014527387161], [0.6030767835859799, 2.6569737585893707], [0.39231592823089634, 8.866959740650794], [0.5126723583568762, 4.67512444329456], [0.4882680531313325, 5.408957255782502], [0.5586357983565555, 3.5955876508240103], [0.38891458327616074, 8.999828211269248], [0.83465713403169, 1.198096750422111], [0.7784638230711276, 1.2845812102801222], [0.5059980125003093, 4.883253281403684], [0.40450099602493617, 8.335437323785333], [0.8917225624548115, 1.121425028483201], [0.4587711005935622, 6.267803537340502], [0.7080661069704464, 1.4122975102969284], [0.5373448047708336, 4.087120265859919], [0.598285864715145, 2.7297482791308885], [0.7590360049847076, 1.317460559753219], [0.4837044326926938, 5.4740961962711365], [0.5421168326321888, 3.9672784246433603], [0.44222434875192634, 6.867087214823077], [0.45168555636266405, 6.511739192584418], [0.5182935626281078, 4.525006270023341], [0.6973037651977301, 1.4340952249360597], [0.7289451925045746, 1.3718452502088823], [0.7491959622454089, 1.3347642678197418], [0.7687381715632482, 1.300833023507178], [0.5882981057858798, 2.919210951009616], [0.9202858925378561, 1.0866188519334115], [0.7972692376003814, 1.25428143071191], [0.8065459054012559, 1.2398550328049844], [0.676396665996275, 1.478422426176635], [0.4480022591150173, 6.635187132133807], [0.9107289124224759, 1.0980215806919638], [0.4181983841228492, 7.7391628676014115], [0.5476596945443659, 3.8699208343489016], [0.9012358460797077, 1.1095874674203285], [0.7188354684115917, 1.3911389239177312], [0.93954563854758, 1.0643442521279487], [0.43822387063965984, 6.9911998331040675], [0.9592165595747061, 1.042517448242737], [0.3979755156665168, 8.593207700840466], [0.568002583682849, 3.339276204934582], [0.9299230469693658, 1.0753577978941549], [0.5804656405196951, 3.1226495526614455], [0.6176057949993232, 2.3574969786126436], [0.42290616450130264, 7.626593794598836], [0.989678238728076, 1.0104294111641672], [0.41530326956759644, 7.860889893793392], [0.4125924183649481, 7.989687498259364], [0.4349632153272012, 7.110647844353736], [0.9793963699998486, 1.02103707000686], [0.40119527345674666, 8.463862351890741], [0.815838081652488, 1.225733417560615], [0.6866336967795317, 1.4563806068508254], [0.4315959137521579, 7.22104310013225], [0.8725497238401299, 1.146066490742735], [0.863001892794202, 1.1587460101185056], [0.4559590472721087, 6.3843510290698], [0.5090312571483321, 4.796803701050335], [0.9693147441212112, 1.031656648229991], [0.7390464806771481, 1.3530948677054175], [0.5733558066335946, 3.2154850178326546], [0.6130228486023948, 2.4904712819694064], [0.6669421530183124, 1.4993804117409606], [0.4914095723978479, 5.249106368449626], [0.9493471446553361, 1.0533554618348313], [0.7878922194341862, 1.2692091320791772], [1.0, 1.0]]",0.007337,35.28
CONSTR,CCPSO_strict,27,100,0.024631,0.010527,5.142980,0.046722,0.585085,68.0000,100.0000,"[[1.0, 1.0], [0.47034266034301875, 5.913805206609486], [0.466613726319812, 6.031832255685579], [0.5374842067751257, 4.032354455600696], [0.5235733228249635, 4.3912866264448835], [0.6228405784210405, 2.278978723693181], [0.3920154324142408, 8.859401153988207], [0.4328779341995502, 7.177249991963252], [0.5017266402427049, 5.028829243461928], [0.7629328310822305, 1.3107313766815967], [0.6026107671366444, 2.6350049690790813], [0.541463003397788, 3.9418001132125164], [0.6569860348998818, 1.6822818547229748], [0.5960447410786878, 2.755912153490592], [0.5824518413632607, 3.0649761881080995], [0.45125871751824054, 6.522754519558098], [0.6956680427521378, 1.4374672092797194], [0.792079482579306, 1.2624995622202297], [0.46217267731080214, 6.179139428487815], [0.9536623371109801, 1.048589171539892], [0.5158178865463448, 4.5742669278831105], [0.6530861813201816, 1.7603242120565281], [0.8017687152094655, 1.247242479071718], [0.45476910450980823, 6.402743440462617], [0.6165924161968497, 2.390267606999418], [0.45859140597014486, 6.300554388493711], [0.41022142219334334, 8.069235901127938], [0.5280670581534641, 4.297679034498237], [0.4767938828430547, 5.717345421855938], [0.5866156185060019, 2.9478878413522325], [0.44032588329549777, 6.9154014478735], [0.5203648635341951, 4.479090483948094], [0.8311102531111252, 1.2032097982868863], [0.4135448103713031, 7.958455724857287], [0.5463473904475162, 3.8419258255353665], [0.5358120175592458, 4.188112860921148], [0.5922956002385064, 2.8461415331272266], [0.4239244247055442, 7.557675313683365], [0.47293462302532496, 5.8292078498136455], [0.5111240130738817, 4.695438314229161], [0.9352562916023621, 1.0692256325661422], [0.5059994045654269, 4.850629679856128], [0.7436520182910233, 1.34471496802777], [0.6666687814308048, 1.499995241795783], [0.4907410327333437, 5.321650752384882], [0.48044088587442196, 5.585822241019797], [0.6763712668132973, 1.478477944090484], [0.4266307906249501, 7.422906643108496], [0.6287009440468253, 2.1907013781682876], [0.7341104254195613, 1.3621928873009488], [0.8507665720299128, 1.1754105448854426], [0.9260279075996324, 1.0798810616756804], [0.40772375105970904, 8.19799238954633], [0.41672028592334565, 7.8363033048060675], [0.5572654453185776, 3.586037815153044], [0.9444556248285731, 1.0588109951502578], [0.8603510333468326, 1.1623162653852137], [0.6396693152542373, 1.9490558615981488], [0.8409625184120366, 1.1891136383679368], [0.8212406920515637, 1.2176698130993397], [0.8114745261678147, 1.232324574281458], [0.43706438238915424, 7.055281510602423], [0.9813390362416503, 1.0190158172346], [0.8887434267661288, 1.1251841306311547], [0.5730671974120453, 3.3007725302035458], [0.972071987143101, 1.0287303957178922], [0.40404033962820673, 8.32735332396333], [0.609978503640048, 2.495508512523012], [0.5753071041708058, 3.186006915908752], [0.44817378741623826, 6.656648377850916], [0.4946348412305239, 5.15543035567559], [0.6624142468818328, 1.604643009832564], [0.4297419410407378, 7.302342960343304], [0.5622243584303501, 3.5026371952408164], [0.724560782171817, 1.3801464619746249], [0.5541588931097828, 3.7668489333549426], [0.8793866778227002, 1.1371561853494643], [0.634061676799105, 2.0688469087995296], [0.38900791317256334, 8.995431328099544], [0.5665186972521031, 3.381184391329206], [0.48574909824677326, 5.448637175138711], [0.39495114260521486, 8.724469677721371], [0.772706412952854, 1.2941525827106266], [0.7149433866340535, 1.3987121479757862], [0.7052785994903157, 1.4178794035756521], [0.7823918113337748, 1.2781319864471228], [0.907486795504402, 1.1019444083967933], [0.4016692162924551, 8.453361157177458], [0.7531991946857217, 1.3276700334461429], [0.8980830111311183, 1.1134828157371768], [0.4199790969957888, 7.686283679026072], [0.6489825124370853, 1.831208814549657], [0.8697928095042302, 1.1496990881885838], [0.9167586316026477, 1.0907996560139634], [0.4442472842934912, 6.765890356362641], [0.6859240319923219, 1.4578873947533506], [0.3981692184776637, 8.588315954669904], [0.9906663760979056, 1.0094215612110085], [0.9628339706741593, 1.0386006626872728], [1.0, 1.0]]",0.008063,34.95
CONSTR,CCPSO_strict,28,100,0.023895,0.010298,4.942937,0.044486,0.569868,72.0000,100.0000,"[[1.0, 1.0], [0.4863461231859679, 5.399004836493184], [0.572467671066843, 3.232236620052157], [0.5937392109747561, 2.856218373246953], [0.5182299777643978, 4.546389732101513], [0.6568589689558643, 1.6959224495019156], [0.6420234064828418, 1.9062320469471377], [0.3893837991351022, 8.991612100109247], [0.5284557033773531, 4.2748765436750835], [0.5504765736410693, 3.733060679611444], [0.6053265528414505, 2.632704943603922], [0.4555079200267667, 6.390475005828071], [0.43485125898803595, 7.1351164254349], [0.44135473508812845, 6.867339600975334], [0.7235807106829878, 1.382015834910939], [0.46231231012149343, 6.155275191297171], [0.5134912384026631, 4.660652586195919], [0.5682041320140198, 3.406787320296636], [0.7927868048009354, 1.2613731635595204], [0.43906108639291475, 7.02770081081893], [0.635504914433385, 2.0459188018980012], [0.43034982693631485, 7.271008909416454], [0.7141072868713972, 1.4003498051128118], [0.4032537155525368, 8.365207177290854], [0.5798163596637672, 3.0734495791217107], [0.5439091172162026, 3.8722523687075094], [0.4984956963903681, 5.043365110135097], [0.6667455523312771, 1.4998225282545914], [0.6091038895771794, 2.5286661245133604], [0.4111125968992401, 8.028853326520862], [0.44831951470439213, 6.6442668699082725], [0.3976355973307067, 8.619332697207104], [0.6481885050855961, 1.8041474525470764], [0.9212581755930138, 1.0854720495221657], [0.7526046784348286, 1.32871881965931], [0.704588409956743, 1.4192683073816008], [0.4674434858687953, 6.007194780704681], [0.45851592238693967, 6.2731418560596275], [0.6286442520065788, 2.1405318340941135], [0.4140804465113917, 7.9195133754796565], [0.4710998430322195, 5.884676685973596], [0.5983969138972833, 2.7202477013206003], [0.5861187882545217, 2.948137213517729], [0.42749673831345447, 7.379022811442545], [0.5608725193844997, 3.517601361026133], [0.6228254573207113, 2.254511555252486], [0.6615726435046212, 1.6104663456553792], [0.6141508869939829, 2.456340685693862], [0.8606161044969581, 1.161958270098273], [0.8509791898848773, 1.1751168675878931], [0.4201561578909033, 7.666909272009351], [0.4055975339796759, 8.2648854296555], [0.5558242301738893, 3.6298061710677714], [0.8318111798781742, 1.2021959119934629], [0.8124533215049615, 1.230839943084525], [0.42478846443560464, 7.522646224084261], [0.8413805635318347, 1.1885228199262579], [0.41707653944507705, 7.794131082228278], [0.49564969532920583, 5.141781203958711], [0.9109439769145117, 1.097762349104204], [0.5383375380604888, 4.00330151927282], [0.7726150188007875, 1.2943056705681797], [0.6857372383592487, 1.4582845207483295], [0.4830369263053118, 5.533312410965757], [0.9711841800879778, 1.0296708085889659], [0.7625922059472308, 1.3113168377558755], [0.5034335452080823, 4.936465051879822], [0.7331911795861028, 1.3639007503670662], [0.8221056885021197, 1.2163886152180805], [0.8027176851073857, 1.245767993595684], [0.473989314220865, 5.780500087731388], [0.6169876546005275, 2.3510292399653228], [0.7428902617980041, 1.346093832997242], [0.3922645594359433, 8.870974781656907], [0.4519970463814234, 6.499992988018819], [0.8904697244634386, 1.1230028068641635], [0.44506828148208244, 6.743816931209846], [0.9314527562301662, 1.0735917557936727], [0.6762093740878801, 1.4788319096417024], [0.941599480882216, 1.0620226755680309], [0.9514864123146707, 1.0509871576277279], [0.40018996186234745, 8.502250638350155], [0.6950815535236798, 1.4386801015370814], [0.4081186154723352, 8.15233367709798], [0.48953060716793145, 5.302737583476935], [0.39483009723531154, 8.74462089367916], [0.9007078675362727, 1.1102378873799819], [0.5343917523633165, 4.133051559433334], [0.8704548874215778, 1.148824613946571], [0.9808576570373502, 1.0195159234628077], [0.8804172554150801, 1.135825080493841], [0.493342517844515, 5.242351157612506], [0.5097857972646691, 4.793432536492233], [0.9613484995321485, 1.0402055035054008], [0.78268241610726, 1.2776574245446681], [0.47872957017964557, 5.677326143135971], [0.9903997640367247, 1.0096932938717051], [0.5773324051756619, 3.138597773205438], [0.5241694265785186, 4.409179882882982], [1.0, 1.0]]",0.007090,33.46
CONSTR,CCPSO_strict,29,100,0.023976,0.009869,6.182438,0.044426,0.576025,68.0000,100.0000,"[[1.0, 1.0], [0.4654696325333755, 6.061731606124524], [0.4152217361405547, 7.920502583216468], [0.39750084817045817, 8.62357675488396], [0.5183625930516312, 4.516232956515533], [0.5318773656017673, 4.1633045823856065], [0.5931141776163833, 2.85255110663294], [0.5855201731587807, 2.955245075291656], [0.5573969423575632, 3.57247965092702], [0.4352711901593558, 7.1344848247319685], [0.4417075952215706, 6.867475918234448], [0.6312500002996959, 2.1048195899044257], [0.5226556326244809, 4.42077712954782], [0.5507236481871454, 3.730919217905823], [0.6545184242361263, 1.7070316045315013], [0.544203290969069, 3.8810145418625623], [0.5064070934215517, 4.8456159879021685], [0.5687092272197167, 3.3176576159828866], [0.4928150741427416, 5.208542589916648], [0.47554370648504896, 5.720287203820124], [0.502117290120657, 5.002321278661494], [0.4383675634865747, 6.984986349012769], [0.9049010557543227, 1.1050931962571346], [0.6478361206585588, 1.8341693667952468], [0.58360534671499, 3.073590391937003], [0.6054793839598389, 2.6114104325420167], [0.4692830608029722, 5.938620196982561], [0.47269923926067214, 5.829941505835698], [0.41687761021044234, 7.801711622387268], [0.39481070547925207, 8.738711450638686], [0.6629273524975862, 1.62473467717236], [0.40890963201715874, 8.145427765679448], [0.5100064937523594, 4.7416810886267475], [0.7967809110747156, 1.2550501475382712], [0.43108292977113416, 7.2699045967792415], [0.5358251141898394, 4.068201877663627], [0.6206547713816999, 2.2916702882231954], [0.6369094384604905, 2.012109287702257], [0.4799286465054948, 5.590716340458816], [0.7469415299389688, 1.3387928772439632], [0.49224267204602, 5.362789950061811], [0.7864645976736048, 1.2715130508837167], [0.7375671593449437, 1.355808738675582], [0.48528833201393434, 5.479780599559042], [0.7282065406676573, 1.3732367730220445], [0.9527570484977425, 1.0495855177106774], [0.40335092322125027, 8.362509233591563], [0.7663238264255374, 1.3049313691111868], [0.9240239955132772, 1.0822229778183625], [0.38898715573351395, 8.997953918350301], [0.45716219651180484, 6.339735279158794], [0.578300961489401, 3.1431668559050654], [0.9144299102720045, 1.0935775271201944], [0.41165838407913785, 8.023645910919953], [0.9431434157517747, 1.0602841342033917], [0.9335907846838936, 1.0711331092868404], [0.39198301893389315, 8.86886484379705], [0.4008570096819534, 8.495129542230107], [0.8475551885004704, 1.1798641711688902], [0.9621962584986417, 1.039289013200223], [0.4445009399735084, 6.781861503866309], [0.8571766904929727, 1.1666206175355607], [0.8071390549925497, 1.238943889301987], [0.4064443964743044, 8.253788179642042], [0.6006092468568361, 2.7250202769204703], [0.6149404044938553, 2.4147450645392143], [0.6775228471717368, 1.4759649865305906], [0.6980635839651742, 1.4325342604462363], [0.9716761406594834, 1.0291494852608947], [0.5290412996036498, 4.276011463570357], [0.4626564803595165, 6.166790036315428], [0.7763811292726309, 1.288027184453686], [0.6667424633322984, 1.4998294768899534], [0.718344367106381, 1.3920899860719698], [0.4286413508005362, 7.367610775530016], [0.7565360606017321, 1.3218140576202304], [0.5151011353546322, 4.630867599640945], [0.5627871615759068, 3.4502292375212953], [0.8858169870767499, 1.128901358394651], [0.4523779823476493, 6.488995193521668], [0.8762998993050187, 1.1411618337433178], [0.6878967686499282, 1.4537064943081621], [0.4249117047499557, 7.483369322627061], [0.6300640908975025, 2.2213773922140714], [0.5407736861922837, 3.977790674978011], [0.8276097306328344, 1.2082989880210167], [0.4213781854555561, 7.670470632123546], [0.9811551305314449, 1.0192068194744575], [0.5734128984913689, 3.251973504306963], [0.49766869025593946, 5.093158913344908], [0.647296752131594, 1.9462217039042962], [0.7086056352326584, 1.4112221950812842], [0.9906451300524399, 1.009443209948516], [0.8375695358777449, 1.1939307211693575], [0.8667622806255186, 1.1537188711976798], [0.8173239135303032, 1.2235051286835055], [0.4481578965179497, 6.631830816230664], [0.6123612780051113, 2.545904979488176], [0.8953235010418543, 1.116914722819559], [1.0, 1.0]]",0.008100,33.69
CONSTR,CCPSO_strict,30,100,0.023947,0.008941,4.189055,0.046539,0.588132,65.0000,100.0000,"[[1.0, 1.0], [0.5793991298224408, 3.1210088328201286], [0.5175925974625664, 4.566534586226482], [0.46822354819645545, 5.958965816703938], [0.5514617193661123, 3.7132754012482403], [0.5453965866669527, 3.84799671013204], [0.5640328846850255, 3.4582625550705304], [0.666314687527632, 1.518566897951958], [0.41679474489325136, 7.798749738188486], [0.49467021583378395, 5.157628136850372], [0.6533707273841304, 1.740043870913799], [0.48420458083142326, 5.528906761964537], [0.5226876034050919, 4.461676758060076], [0.8314173295139726, 1.2027654037288071], [0.6226744846150447, 2.2419118047719793], [0.5079540706887088, 4.799572345766501], [0.5397129093882715, 3.9733854805740187], [0.5303655608331956, 4.218736394655072], [0.40797676114886683, 8.197519092815151], [0.62861443152631, 2.1546891841511133], [0.5126998391091846, 4.660875628613202], [0.5372283915308986, 4.098629902552505], [0.8142531233862669, 1.2281193295780803], [0.45398734556697307, 6.481227456702584], [0.4347739146468528, 7.101194208466666], [0.4107980161813829, 8.071654779288512], [0.6334948384334378, 2.060516194900811], [0.4870616973257115, 5.381430243763731], [0.797154314694585, 1.2544622560101573], [0.5032212737814679, 4.923452889694296], [0.8228440153717039, 1.2152971660713474], [0.44690491015397804, 6.68727606878826], [0.526948939913934, 4.33611431701128], [0.805677967940839, 1.2411906987550019], [0.5578900415901751, 3.584581398758476], [0.43212807573255635, 7.248854212306456], [0.5738119737432736, 3.2045805526141664], [0.9618396726509499, 1.0396743120855843], [0.6990949948754783, 1.430420768751346], [0.4765539929625042, 5.69084920729524], [0.4441917422609245, 6.7782068680071985], [0.428220759357993, 7.367725071796725], [0.7099155166751643, 1.4086183165617008], [0.5690436908866745, 3.3485388890741232], [0.6169043864461312, 2.3540704255338425], [0.4722912195960699, 5.825684205926991], [0.39866807149004835, 8.579414866963067], [0.4919969073184201, 5.269512972118002], [0.6054409957762014, 2.581685415456324], [0.9713465689677698, 1.029498669113208], [0.7313854102157038, 1.3672681817717351], [0.885486152188396, 1.1293231379492426], [0.943129410474222, 1.0602998792044693], [0.46059279336835046, 6.200123233044827], [0.7883789032340219, 1.268425621104121], [0.9904190296138062, 1.0096736533726838], [0.7207093226288621, 1.3875219434548123], [0.39206572689632574, 8.854856837554923], [0.4816304307958122, 5.576974975368486], [0.4017328563957668, 8.428559112458316], [0.7703749370600075, 1.2980692282336104], [0.7611148283149288, 1.3138621963442116], [0.7795162629570387, 1.282846872503432], [0.49881543195333433, 5.041947445901266], [0.612742169391105, 2.4541400003869165], [0.6607449663258839, 1.6364778960180326], [0.40443309366045443, 8.312266607151198], [0.5835299296399192, 3.014277763909105], [0.6394125687667812, 1.9611190281994282], [0.5989922692631051, 2.687475655468215], [0.5955206661195221, 2.8390120364939975], [0.9146134123281716, 1.0933581188739345], [0.857911737164843, 1.1656210734506545], [0.9051176374236511, 1.104828763304651], [0.39522572947986057, 8.722883002114536], [0.6879096798715205, 1.4536792100189198], [0.7514710835478958, 1.3307231933379695], [0.9241489540869596, 1.0820766453044137], [0.8399955344570693, 1.1904825192271402], [0.4651384818994885, 6.065065017034971], [0.6763471559737201, 1.4785306497819526], [0.952470154216292, 1.04990166418686], [0.8669353023398443, 1.1534886136266642], [0.5886849929676841, 2.898409300211898], [0.4491875430350348, 6.5843518867411195], [0.8953000126391593, 1.116944025335381], [0.4410258179691664, 6.87668354597547], [0.42281956360374384, 7.660656261192364], [0.41401057717393835, 7.915393407538875], [0.438159750591496, 6.996775017554716], [0.425405381560342, 7.506534085812345], [0.45717979668466724, 6.328003900496449], [0.8761969221797363, 1.1412959514994365], [0.8488894250568376, 1.1780097271597472], [0.3889953241994406, 8.997506574677626], [0.7414223124053383, 1.3487589775330315], [0.6453414611201531, 1.867135556461742], [0.9808773688814764, 1.0194954351330685], [0.9337240825874256, 1.0709801949510807], [1.0, 1.0]]",0.006877,33.38
