problem_name,solver_name,run_id,final_archive_size           [archive solutions at the last iteration],final_igd                    [IGD of the final archive],final_gd                     [GD of the final archive],final_hypervolume            [hypervolume of the final archive],final_spacing                [spacing of the final archive],final_spread                 [spread of the final archive],final_feasibility_pct        [% feasible in population at the last iteration],final_front_feasibility_pct  [% of returned front members satisfying all constraints],final_feasible_front         [objective vectors of FEASIBLE front members only; for honest cross-algorithm HV],p_red                        [mean relative error distance across all iterations; 0=ideal],run_time_s
SCH1,MGPSO,1,100,0.018983,0.003667,18.043665,0.004502,0.078766,100.0000,100.0000,"[[1.460619835004365e-13, 3.9999984712778898], [0.170150974062179, 2.520176554565057], [0.20820987034598643, 2.383009079875036], [4.000000396207693, 9.811283031535368e-15], [1.7217112451628933, 0.4731514500756455], [0.0016491609778772624, 3.839209708731706], [3.1794911782011908, 0.04704006717217422], [1.320156099998465, 0.7242342555829793], [0.5502400149225296, 1.5831134185737197], [1.779451349154518, 0.44360824928058257], [0.8947988580239391, 1.1110465235835592], [2.918153864321245, 0.08511194807779789], [0.9354499379786972, 1.0667034991875537], [0.41538707647215095, 1.837365892782146], [3.0480049528944146, 0.06459036930347378], [1.4597423017537183, 0.6269504763116692], [1.8986016623862914, 0.3870114564492914], [2.146515759357169, 0.28611883169819824], [1.0186542519552264, 0.981518134447715], [1.3654168355950425, 0.69137475517678], [2.660503419570024, 0.13608354397032557], [0.8550335844010548, 1.1563125418761016], [3.509717582957038, 0.01602147707493411], [1.0597947664103904, 0.9419414102834088], [1.5093739389127838, 0.5951107161494222], [0.8162303977336441, 1.202411591576049], [3.78396731594672, 0.0029984138659823398], [1.6123375091221723, 0.5332233987723412], [0.04058732691559099, 3.234735460472722], [3.644624177521017, 0.008264649556381431], [3.113400173155784, 0.05546826851880713], [0.010251611067128257, 3.6052506517175833], [2.0212983904168818, 0.334403433881276], [0.38989432102790034, 1.8922335881727745], [0.46754874551218106, 1.7324472979978671], [0.4945655797949863, 1.6815513109510154], [1.8388470900083898, 0.4146832429132233], [1.2755620584959095, 0.7579307171916467], [0.006563252149236987, 3.68250764829738], [0.2709336240061646, 2.188882235567677], [1.9594246968870632, 0.36024661879443914], [1.1017223434824293, 0.9032038552869959], [1.4121138885578135, 0.6588179565833465], [0.5220586898198193, 1.631913531334331], [1.1880149665684294, 0.8281709940053206], [3.927116657116505, 0.0003350583928414136], [3.376982973884959, 0.02635527401065888], [0.1887202975484328, 2.451042317951832], [0.1526662125214996, 2.5897652558566207], [2.400927046558318, 0.20295699621658636], [0.976585761366804, 1.0236916087402927], [2.2099990689593314, 0.26357282260351683], [2.789367233224653, 0.10880769591084742], [2.9827693561411825, 0.07449101068788713], [0.014709496051585405, 3.5295786509949485], [0.4411378970395493, 1.7844093914084627], [3.7138341816111455, 0.005309880178456365], [0.06906832132056182, 3.017834217455495], [2.4653637047586234, 0.18477302583852886], [1.2317054839254644, 0.7924163806108999], [2.5954592564918175, 0.15128761819189712], [3.443011267346447, 0.020870048160224062], [3.8550632525042836, 0.001337255242312814], [0.36478559710552216, 1.9488862710390669], [1.6665057398763075, 0.5027772576630027], [0.10623918123637154, 2.8024650827891198], [0.049218462458374385, 3.1618090871788533], [3.3107342841034377, 0.0325649713122738], [0.02603672367272831, 3.380600763438366], [0.03290553306587141, 3.3073102401828876], [2.5301336571422057, 0.16757611207628376], [0.058774012140409636, 3.089039927843815], [1.1447245265116512, 0.8650525269085952], [2.0834679542485497, 0.30977872915366284], [0.34034761317150325, 2.006774856486156], [1.5605646822759902, 0.5636621500650763], [0.01997452355840717, 3.4546495047112713], [0.742051440399997, 1.2963551324819658], [0.31650371857954174, 2.0661571903149127], [0.641242325053394, 1.4381380181576127], [0.7786416588496847, 1.2490146896651286], [2.273235343751326, 0.24233445748058433], [0.00041291132214018726, 3.9191320331634802], [0.24918729384494775, 2.252440764733362], [2.3366782206951626, 0.22219937690785238], [0.579340116634885, 1.534764306089488], [0.29319477774833463, 2.127296247351919], [2.7243515142251744, 0.12210763599689513], [0.22828970745598226, 2.317102819866044], [3.2448712545690057, 0.039460782354109644], [0.6102267138351937, 1.4855463427631221], [2.853457902939429, 0.09658536847269808], [0.0036973250824912205, 3.760474790518238], [0.09283624511276253, 2.8740746105819572], [0.13621194032594922, 2.659935866816937], [0.707068181637317, 1.3435743275925274], [3.576870125515041, 0.011824057694921234], [0.6738762311167408, 1.3902776414794733], [0.08048429373826146, 2.9456941370078713], [0.12075953415014606, 2.730740632695084]]",0.002750,40.63
SCH1,MGPSO,2,100,0.019040,0.003788,17.024467,0.004126,0.094280,100.0000,100.0000,"[[1.3563144037383956, 0.697877921417924], [0.8149529585781823, 1.2039631583639923], [0.8886279222363921, 1.1179453904150942], [3.530844018873644, 0.014627929512035984], [0.29301914995532746, 2.1277694185651495], [0.5792503426099028, 1.5349104335724042], [0.3179640159074437, 2.0624320931630327], [0.9268034142174018, 1.07597822635462], [2.2458145782056, 0.2513977382377954], [1.815169033749905e-13, 3.9999982958081577], [1.0059170383881826, 0.9941004156833361], [1.1758160827052233, 0.8384139427966382], [3.606644292901365, 0.01017743742033552], [1.5497168348013632, 0.570211903904938], [3.9193643703642356, 0.000410529999476308], [1.0470852741294168, 0.9539978836537787], [2.0778660313801076, 0.31194403207403637], [3.014962746103511, 0.06950351451513631], [1.9679514323058953, 0.3566037406284027], [1.807162908859719, 0.42993253051851354], [1.6001543769077726, 0.5402660352025566], [1.131827091840037, 0.8763325883257166], [0.22359941923978324, 2.33214740878947], [1.9139510237863895, 0.38012627226215717], [2.6049681874533803, 0.14900265166757617], [0.059534949191329595, 3.083543562415159], [2.803483452297934, 0.1060410123237804], [3.6832880640563443, 0.00653034839919918], [2.022570711806559, 0.33388620755560305], [2.480246839421337, 0.18072706163339897], [3.76118502958684, 0.0036750893167381074], [3.1604256174786394, 0.04939124267364692], [0.7792630047490906, 1.2482280182351577], [2.5417277820493043, 0.16460895668711192], [0.268876000322937, 2.194745819942016], [3.3814590865854495, 0.025961456556112594], [3.999993462730369, 2.6709955720318265e-12], [2.8727789968775777, 0.09306927226242698], [3.0874748540260133, 0.058990119432346055], [1.0889713514029236, 0.914819746292398], [0.5158116842756931, 1.6430104470838316], [0.7448145018641594, 1.2927090530363645], [1.3105294816306103, 0.7313950977006338], [2.133555396849657, 0.29087738504766203], [2.943623248095566, 0.08082702720068534], [1.265023431682779, 0.7660930135806647], [0.017612478721442837, 3.4867644217945237], [0.00907390724530044, 3.6280456721697267], [0.03544827205594668, 3.2823398118092526], [0.3704157175417179, 1.9359442182902917], [0.6773011124996166, 1.3853688835505051], [2.303237973480126, 0.2326690070913892], [3.8398845552343883, 0.0016352045343091272], [0.04278041960269473, 3.2154432974794847], [1.4514216521453374, 0.6324231634212126], [3.3071633042711754, 0.0329201911810715], [0.028774312284610457, 3.3502546025091555], [0.3436723968704339, 1.99872925258592], [0.0014711621277447289, 3.848048236709424], [1.2201604434726718, 0.8017255287587809], [0.7105724070277382, 1.3387541271609522], [0.6111848930025827, 1.4840522945921277], [1.650881720934969, 0.5114160351890757], [0.0032968503909858887, 3.773624026017326], [0.3979397513075434, 1.8746411124380389], [0.0003642007484298601, 3.92402802338227], [3.2333522639087255, 0.040742430020917], [0.10441031340717302, 2.8119069228836633], [0.06945060731254066, 3.0153112820805053], [0.45517034769923254, 1.756517801855711], [1.8601939668009309, 0.4046368487042929], [1.7543870032743136, 0.456256007122084], [1.403263760684554, 0.6648863832532393], [0.9659645742180133, 1.0346247024327955], [2.669582727470667, 0.13403962536119715], [0.643727497861, 1.4344222824325885], [0.8514407362570872, 1.1604988808340848], [0.012996517732277857, 3.5569874348003196], [2.420364654118311, 0.19735618024548693], [2.361238163130096, 0.21470982511020728], [0.02282637750448613, 3.418490345092238], [0.547173142011906, 1.588327037161149], [1.7018701277636514, 0.48364034706038855], [0.183606096882483, 2.4696348164580626], [0.05080791311214706, 3.149183484763873], [2.189425759554352, 0.2707424471216255], [0.48497646846638537, 1.6993663924754605], [0.16546624816363525, 2.53836453941333], [0.2034478844098252, 2.39923998326395], [1.4999254785690972, 0.6010676875013103], [0.09202878215058527, 2.8785789420626795], [2.735443476973767, 0.1197730172561525], [0.11811391084502205, 2.743405733259556], [0.42594321237635435, 1.8153702105199288], [3.455775357287274, 0.019889013575693035], [0.13281080398327827, 2.675082137964649], [0.08019016666708458, 2.947475433526673], [0.245677157423437, 2.263043928917723], [0.005848738964862209, 3.699940544504832], [0.14852208463408687, 2.6069795603599784]]",0.002717,40.68
SCH1,MGPSO,3,100,0.019219,0.004127,17.672076,0.003416,0.108106,100.0000,100.0000,"[[9.449942577878558e-13, 3.99999611156834], [0.07464710609418647, 2.9817822025004332], [0.010920259243818474, 3.59292008232867], [0.03554447226103342, 3.2814148042486053], [0.08662843452071245, 2.909320083946659], [0.24871955132957874, 2.253847921055275], [3.013151524273592, 0.06977882879069205], [0.26921601938369877, 2.1937747867444366], [3.9999218335629396, 3.818782239349058e-10], [1.0600252378749857, 0.9417241553896643], [0.000437080944867153, 3.9168111572257565], [0.05331236128437405, 3.1297335717109105], [0.015721949097872414, 3.5141731622725443], [0.2106839810244668, 2.374670991857051], [0.001750495690100863, 3.8343947935416116], [0.5627811165190126, 1.5620315661059492], [0.15894961031081303, 2.5642102068429584], [0.22934039254224145, 2.313760511494243], [0.3130539942225814, 2.075004864386218], [1.5234021379125227, 0.5863550238371098], [0.003934818470232815, 3.7530222928288755], [2.9457619310708214, 0.08047308812086565], [3.081570586870574, 0.05980945522210528], [2.116226926124118, 0.29732403829501386], [0.5101670826864249, 1.6531278244712357], [1.6200568130876853, 0.5287987161726443], [0.04397508315821964, 3.205165611030303], [0.48440042297356306, 1.7004451849036315], [2.8792706646305453, 0.09190514963956874], [2.3631348807602346, 0.21413836977051431], [2.3002929211445484, 0.23360628523588509], [2.426464221975802, 0.19561937142681474], [1.939206595669583, 0.36899066352536064], [0.06352765450518727, 3.0553399378159805], [2.056365227609863, 0.3203523578755379], [1.476126224210614, 0.6162888208225312], [0.8907221248900239, 1.1155990807707488], [3.3668361056534652, 0.027259980940577994], [0.14281155379204855, 2.6311949156616077], [3.222613912173441, 0.04195777260130183], [0.45818446937448515, 1.750611476823451], [1.7214211541243274, 0.4733035424478095], [0.8149401916554952, 1.2039786761463749], [1.0158854090241678, 0.9842397717704813], [1.4295173751049477, 0.647020328406522], [2.23795137636741, 0.25403777222182883], [3.5941530630549443, 0.010852395873198637], [0.43304625453750506, 1.8007962526189785], [0.9315052482969649, 1.0709244665037074], [1.2432768886932961, 0.7831838157751156], [1.9973732661739871, 0.34423499979629363], [0.290761530571425, 2.1338692084693687], [0.1753417581375585, 2.500388585597819], [1.571440079420461, 0.5571563548265509], [0.09930580890527214, 2.8387928409099588], [1.827723224321679, 0.41999065057629603], [2.489798162776085, 0.1781604510235037], [1.1973571077990912, 0.8204045463945859], [2.176852264992402, 0.27518841147800244], [3.151643252893108, 0.05049601837601707], [0.5361755510547852, 1.6072151865437592], [1.2906797489738282, 0.7463562587740767], [0.679907910583542, 1.3816467672935397], [3.294226599278133, 0.03422483698839318], [3.517044195320973, 0.015530539722153253], [1.8830351255313875, 0.3940860450149541], [0.1275147852140655, 2.699146288143002], [0.021463818735316047, 3.435442402944855], [1.3373807249228469, 0.7115735954841853], [0.11294832784149818, 2.768636888678693], [0.35950626710691935, 1.9611526080919044], [2.553141502020851, 0.16172037426423783], [0.3834825636773433, 1.906443803617765], [3.9166256067921488, 0.0004390432582662458], [0.028072972246254387, 3.3578733333773054], [0.006992660153701543, 3.6725041514434253], [1.6703643471936465, 0.5006613039716914], [1.3833895148785276, 0.6786863108436076], [0.7126120721621627, 1.3359579360986835], [2.8132248029389446, 0.104156548179338], [3.4416714643372557, 0.02097450048028312], [0.40776437462915666, 1.8535071452048162], [1.1506474682318393, 0.859917985765084], [0.9729672515828971, 1.0274031568904343], [3.8346797992582786, 0.0017444115423517292], [2.61679925906361, 0.14618969388215328], [1.774281741195888, 0.44619504340894156], [0.6193107508277973, 1.4714587827002048], [0.7461214028744173, 1.2909886346597603], [3.6729531776214195, 0.006973080990414557], [0.6496188763505294, 1.4256613670758693], [0.19256731440688166, 2.437267616204291], [0.7796723368855063, 1.2477100791358429], [0.851922911233874, 1.1599361046835062], [1.1048167208931645, 0.9004062349521649], [2.6817924768528125, 0.1313207663845504], [0.5904682683454463, 1.516790944108704], [0.3358048560911674, 2.0178579849444884], [3.753252654487758, 0.00392736309598884], [2.7471133602801783, 0.11734611214221274]]",0.002647,41.21
SCH1,MGPSO,4,100,0.018947,0.003607,16.355266,0.004256,0.075239,100.0000,100.0000,"[[2.1607928558699077, 0.28093863200359465], [0.9658505960586597, 1.0347426686495742], [0.017721508048394456, 3.4852328896025995], [2.8781750732632396, 0.0921010114649281], [7.733793173398803e-11, 4.000035176872356], [1.5100642500270427, 0.5946773883006248], [1.3056920137439612, 0.7350167660476891], [0.0014853089133959672, 3.8473264862196057], [3.013409484527315, 0.06973957932322039], [0.36553532727218857, 1.9471546218506834], [0.3897851151202267, 1.8924741929634308], [1.9764383282011544, 0.3530040348872839], [3.85456491602452, 0.001346553060688595], [2.4800658503600364, 0.18077592166485187], [1.0041449451853737, 0.9958636273427777], [2.037171317870309, 0.32799089631022804], [1.622569427853069, 0.527364736611597], [0.013091278383254096, 3.555422780306245], [0.5215447725970834, 1.6328225011501836], [1.083298041809656, 0.9200338574280671], [1.1246827965788553, 0.8826402761340537], [3.7107398171104933, 0.005427553887938293], [1.456251656227249, 0.6292415568348741], [1.2584726925721637, 0.7712059207884068], [0.0003720272550858456, 3.9232199949981617], [2.4148689737067692, 0.19892949690132752], [3.7824583529443117, 0.003041045259308282], [0.23057629951684458, 2.3098418586662848], [0.043647093343300664, 3.20797162194737], [3.639139881038813, 0.008527972638477637], [0.31855593905192137, 2.0609255386473864], [1.2123727730076932, 0.8080607531658779], [3.999895098609934, 6.877778709974578e-10], [0.7120083793048008, 1.336784820949471], [3.2198480399530354, 0.0422740320274768], [0.17228726767069114, 2.5119872096296585], [3.9268175591237973, 0.00033782686050482414], [0.29576189054630797, 2.1204020930091443], [0.928222915909986, 1.074449874517982], [0.005897125950192038, 3.6987261390339916], [0.029113590921618193, 3.346605382365933], [2.7430579552418544, 0.11818608600018049], [0.8184948914308103, 1.1996665917054745], [2.810221445811126, 0.10473539832895888], [0.4403381704958938, 1.7860189116398115], [3.15067004045638, 0.050619290827749346], [1.3543244911727876, 0.6993065686761832], [1.6805112264217377, 0.49512988820293674], [2.286437894793091, 0.23804915755988834], [1.1678557108177212, 0.8451607906222722], [0.15462128645966972, 2.5817447549560955], [1.9157752560627228, 0.37931392259316044], [2.5447088492589454, 0.1638514156421179], [0.8912844902040021, 1.1149699054184556], [0.6775813745367619, 1.384968127799728], [0.5504643102756083, 1.5827330278968057], [2.349999529342124, 0.21811625668648876], [0.21015023311163927, 2.3764644013001406], [3.3584449089767654, 0.028020736827636165], [0.0522103377129089, 3.138227075608759], [0.009140871440896349, 3.626709252645664], [1.797475376310835, 0.43467703766585475], [0.03598538245136614, 3.2771928421467993], [0.10888481101924184, 2.7889768686581577], [3.4978197661617894, 0.016836123712848025], [0.023054358331737693, 3.415707889413211], [0.003321377920106138, 3.772795789922378], [0.2515639153644285, 2.2453180067503187], [0.8540194974076744, 1.1574924843151433], [0.7827148358903862, 1.2438679369349965], [2.945332740543064, 0.08054404396331978], [2.098533750990131, 0.3040070217531266], [0.49392976249360365, 1.6827242915438798], [1.5657498100572347, 0.5605528148415864], [1.7386709562600053, 0.46432404880690475], [0.1907100452237556, 2.443895594980087], [0.08353877270075921, 2.9274157847742384], [3.5684171387086896, 0.012315351454958216], [2.2231287593899762, 0.2590646961660055], [0.611449810664716, 1.4836395589653808], [0.07222243017137936, 2.9972531828242426], [0.46677300331309896, 1.7339414949669327], [0.06197187797655763, 3.0662058172851308], [0.7467774469843678, 1.2901260107313741], [0.5808166627217812, 1.5323635134100686], [0.6440291410902743, 1.433972092151052], [2.6765534582691366, 0.13248321626331094], [2.6102492712392866, 0.14774291999841635], [0.4147162452368876, 1.8387775961634663], [0.1231026850586974, 2.719662995959391], [3.4278415415019294, 0.02206915342309576], [0.3415815410492355, 2.0037824357393355], [1.404698276426669, 0.6638995649407339], [1.856075410855604, 0.4065610679357082], [0.2731491328991925, 2.1826022842523893], [0.09576070641451456, 2.857951632836431], [1.0433878748727838, 0.9575334969042614], [3.0816187077649433, 0.05980275145854827], [0.13844948249414876, 2.6500974677118996], [3.2886418643807422, 0.03479668888299965]]",0.002791,41.77
SCH1,MGPSO,5,100,0.018977,0.003605,17.117778,0.003975,0.080442,100.0000,100.0000,"[[2.7573430316491434, 0.11524332550302938], [1.292295408011611, 0.7451285397093518], [0.10466793207017339, 2.8105709831815773], [1.3378225790870304, 0.7112513578268965], [0.1177620515464523, 2.745103017137967], [1.4319092873235963, 0.6454128027142593], [1.039516255353918, 0.961249456128702], [0.7101175842080278, 1.3393785929290463], [0.5798246170773662, 1.5339759876740833], [2.691062183540819, 0.12927927516499374], [0.6762204191374849, 1.3869155220201992], [1.2038955323427112, 0.8150085985651526], [2.1069503404022307, 0.30081518468671015], [1.9823996743897556, 0.350491046736419], [0.08069211983940763, 2.9444377832445934], [2.044197321721823, 0.32518017298471075], [1.247651957645498, 0.7797182828548831], [0.050722307752050944, 3.1498577651970585], [1.69066834253495, 0.48964022488751696], [0.6110991352768759, 1.484185934621953], [2.493704671321433, 0.17711740119344666], [0.09228375470006896, 2.877154101041208], [1.1199207229958728, 0.8868684473992243], [0.643187595502821, 1.4352285047341848], [0.5493718529750411, 1.5845869286338743], [1.7466843148341467, 0.4601969141732554], [1.861992642438092, 0.40379859321178474], [1.8036984792770634, 0.43162479508089313], [0.027496817298343783, 3.3642102451641716], [0.7446644851671458, 1.2929067064876607], [1.0792779676249857, 0.9237458137366571], [0.007047816608267708, 3.671242715794889], [1.1616527383713788, 0.8504529269566885], [1.0008868456556854, 0.9991135474176448], [0.3533569551236035, 1.9756035444483806], [2.8917990509994946, 0.08968284969920269], [0.1974616543521582, 2.4199953481639], [2.559090991852383, 0.16022735292100404], [0.17948047666048197, 2.4848750280183176], [2.9598120936911463, 0.07817032017093924], [0.003979915225227961, 3.751633638051089], [2.6249512614711223, 0.14427072748875688], [2.234489195341936, 0.2552060338357864], [3.028232658854929, 0.0675055027541482], [3.7198142270788477, 0.0050862582349972], [1.9215050857276097, 0.37677052295170027], [2.8241173218425333, 0.1020732019724076], [3.9297708831242666, 0.0003109942044502896], [1.5318207535934518, 0.5811508941203695], [0.14665494459468545, 2.614832789932152], [1.3843453195918374, 0.6780171209353308], [0.48995186481850156, 1.6900893972862077], [3.3038853411915996, 0.03324812984171727], [0.13182024787918387, 2.679537917866544], [0.30353909105989846, 2.0997638173628785], [0.32804562746323346, 2.037034924866728], [4.364137157260784e-10, 3.9999164383669585], [2.1698295207064175, 0.27769303796073347], [0.4615191112532394, 1.7441111956005617], [3.9999802036568424, 2.4493510760664516e-11], [0.23683818456455918, 2.290197243601653], [3.8599068324479675, 0.0012485933356774098], [0.4338042690773504, 1.7992514976875635], [0.9626280574043659, 1.0380836356313299], [0.0699239782186945, 3.0121982805545446], [3.166010844214172, 0.04869579516465335], [3.7899496668190915, 0.002832442254826342], [3.3731245508647985, 0.026697336644489093], [3.096802097697289, 0.057708863256035754], [0.2801136667344548, 2.163083041601394], [0.8510728085475603, 1.1609285109948257], [0.2166867822639785, 2.3547016812968264], [3.6502479899383324, 0.007999116798089114], [1.4814201333751456, 0.6128759840423772], [0.519368789595773, 1.6366789634902363], [0.7799871163235046, 1.247311945694867], [0.16259318180940008, 2.549679387166177], [0.8876204296119456, 1.1190760323955442], [0.05993707755064479, 3.080655074851567], [0.015638185745798318, 3.5154272583034114], [0.2580412346288056, 2.226130864051184], [0.04220701211858788, 3.220433202668928], [1.583762708567419, 0.5498573323134409], [1.637026062949334, 0.5191732898432784], [0.9249713545626466, 1.077954110904601], [2.428197052557515, 0.1951277571846294], [0.3792682878994687, 1.9158778181623835], [0.02114545475623832, 3.4394863827047373], [3.5120502928766517, 0.01586428357656049], [0.815195374305937, 1.2036685519086574], [3.234562861635794, 0.04060666311938209], [0.4061010579012538, 1.857058703129552], [2.362534207647799, 0.2143192372385189], [0.010910791767605038, 3.593091849782347], [0.03446611215670537, 3.29186406899544], [0.0017748522377054937, 3.8332588713834026], [3.441993726499149, 0.020949350942135545], [2.2980208637863515, 0.23433107780771648], [0.0004410849832755372, 3.916432991727872], [3.580441245149373, 0.011619677534638433]]",0.002690,41.26
SCH1,MGPSO,6,100,0.019031,0.003602,17.795416,0.002069,0.095091,100.0000,100.0000,"[[0.05003136061011585, 3.1553237157551868], [0.9376323415077907, 1.0643756415039487], [0.42256250800047096, 1.8223701828045955], [1.0924005763471194, 0.9116818317346681], [1.17341490659737, 0.8404438121221346], [0.03343013659203823, 3.3020737354628675], [0.04131908396588162, 3.2282352362268516], [0.9004828732482709, 1.1047318313631034], [1.7136037903631414, 0.4774161843075426], [1.2162143140840809, 0.8049300310951355], [0.3712446488812189, 1.9340506922787695], [0.7936998254415919, 1.2301065255453383], [2.6238214795166384, 0.1445357417006086], [4.000059345904681, 2.20119392259148e-10], [3.2320565665237555, 0.040888020009212295], [0.09333980532781194, 2.871277251591305], [0.01478383880363913, 3.5284285973820766], [0.12004638455030424, 2.734137963043], [0.08128045195085065, 2.940891381846437], [0.535757185980574, 1.6079397436373557], [0.059616829037984716, 3.0829545206592104], [0.32369380949130616, 2.0479299922508396], [1.5531547979836524, 0.5681295455161749], [0.15007370266388087, 2.6004998120016465], [0.0016284115975124856, 3.840214082740996], [0.1063037543235889, 2.802133493515046], [2.5596263064142097, 0.16009344044443216], [0.8285309696619816, 1.1875839067960978], [0.8641632356550246, 1.145748012676236], [0.2795878640832324, 2.1645451162098666], [2.6890591952960574, 0.12971874638376463], [3.093418160627444, 0.05817185576795431], [0.2194361392151034, 2.3456756882925065], [0.34698585098506046, 1.99076565419509], [0.006536055866270749, 3.6831525469170168], [0.7594818032231246, 1.2735516760447274], [0.13464451164383878, 2.6668869750249935], [0.0036718534367941942, 3.761288572270978], [2.7551918610870665, 0.11568361292643457], [2.1223063703977005, 0.2950512767568525], [3.1622803055053823, 0.04915969018568168], [0.16621554622899992, 2.5354339116549536], [0.026379773992357358, 3.3767057142687773], [2.1833276635220686, 0.272892602009837], [0.5660003630268153, 1.5566805381446138], [0.7257197162277443, 1.3181523347011648], [1.4506482929529492, 0.6329338257758846], [0.6927072976831063, 1.3635457271176732], [0.23874260778482315, 2.284290836940331], [1.8832215471830824, 0.39400076870010003], [1.3067595942765389, 0.7342161545239299], [0.00040684413523614277, 3.9197253334665687], [1.3532122283798635, 0.7001062061536542], [3.448175988363124, 0.020470029333109745], [3.0246110459498095, 0.06804747366809331], [2.433338935706246, 0.19367364249540467], [8.832546847975957e-12, 3.9999881121684244], [2.956430537582165, 0.0787209914240372], [1.1326154177080383, 0.8756391805969345], [0.6602584783178236, 1.4100068491227582], [0.301188774789625, 2.105962044669476], [0.628344336923754, 1.4576173870303917], [0.44954720716014274, 1.7676159413439803], [2.3698081354013167, 0.21213567200891345], [0.47763057127023234, 1.713197692663172], [1.659556524253894, 0.5066054874146826], [0.5063189186226196, 1.6600753067787717], [2.8215793110266127, 0.10255639274260053], [2.0608775976307614, 0.31857478759956426], [3.7565831832611725, 0.0038203897675678704], [1.7690737979165745, 0.44881245408531567], [0.07002818730596524, 3.011514608321055], [0.20082297057645213, 2.408291930615572], [0.18311122954687126, 2.4714513121713604], [0.0102341971559507, 3.605577361682718], [0.020169756492011272, 3.452088684925478], [1.0138300217354719, 0.9862649573612724], [2.3071234181831928, 0.23143623968798285], [1.8257017710814591, 0.4209604879761017], [3.8366968483909374, 0.0017016617775468606], [0.25882425629998523, 2.2238333224627445], [1.4014569903585017, 0.6661310410984059], [1.0528691219362363, 0.9484926831845736], [2.2452115089016385, 0.2515995643037722], [2.4961254608974914, 0.17647298830377584], [0.9752264766552295, 1.0250842480153959], [3.9174642914302953, 0.00043020896704466907], [1.6059758290252315, 0.5368917633972305], [1.9419169987895326, 0.36780971774151516], [3.677572741850115, 0.0067733135244179826], [0.5969761611536332, 1.5064068643317465], [2.000365580560551, 0.342994345705195], [1.5014224834790664, 0.6001206425734216], [2.8883426543551267, 0.0902927523845603], [3.3755725570127275, 0.026480033972645377], [3.5226681935230957, 0.015159212751275733], [1.2614000200274882, 0.768917374491747], [3.5996913948481253, 0.010550315808284135], [3.303714987890506, 0.033265221455963334], [0.3964775098233853, 1.8778191055981983]]",0.002664,41.60
SCH1,MGPSO,7,100,0.019081,0.003958,17.050060,0.005008,0.091956,100.0000,100.0000,"[[0.1491328761638747, 2.6044238360459646], [1.536558863817941, 0.5782384000835671], [0.12057040278182232, 2.7316404389214566], [0.19812464454845324, 2.417676860204512], [0.08343117840229965, 2.928052948368172], [0.04482849869498745, 3.197918834610441], [0.10742124741712183, 2.7964140168215206], [3.033487698553758, 0.06672351588903057], [0.928937861600395, 1.0736809589275886], [3.9999901297093134, 6.0889224022290894e-12], [1.429364123892615, 0.6471234375321053], [1.482488654019614, 0.6121890262437392], [1.2277118739575006, 0.7956254597142032], [0.03005112820825488, 3.336640678811883], [0.3587483911111957, 1.9629240532727281], [0.13448389446430276, 2.6676020616540237], [2.9623562315370404, 0.0777574992511386], [1.8264756353734377, 0.42058901373818525], [3.1051522813554673, 0.05657536812770026], [3.1774913559661018, 0.04728366646240624], [0.7457782236492106, 1.29144014257096], [0.07259934385716621, 2.994828727392485], [0.013436040501872524, 3.549780297487769], [0.06259025277577578, 3.0618684910395713], [1.9522762417203514, 0.3633210739340126], [0.40334787132897704, 1.8629609044942723], [0.8910023058871281, 1.1152855667508286], [2.8917965509401387, 0.08968328997173436], [0.6783449243777357, 1.383877017409484], [0.7808814687576054, 1.2461815521986783], [0.16464818477959955, 2.5415736466041055], [0.053348235154824515, 3.1294587599051105], [3.397699900527054, 0.02455956492833001], [2.4135486385263905, 0.19930868367895568], [0.6462578057056455, 1.4306513479297056], [0.8168492333750581, 1.2016607550241811], [0.4508248683418073, 1.765085139055122], [2.548062068746873, 0.16300192024788113], [3.323847095593761, 0.03127871884883149], [0.426848051351103, 1.8135036764900998], [0.1809394996897881, 2.47946014482338], [0.585055836078932, 1.5254981266603123], [1.1811733637036788, 0.8339013663174029], [0.02379221298549779, 3.406803227858563], [1.32610064938605, 0.7198429069038949], [8.690548859543876e-12, 4.000011791903439], [0.2538261808739672, 2.2385795721475126], [0.5016457463343903, 1.6685675720952386], [0.9676858965759445, 1.0328448139888584], [0.8535108135426411, 1.1580848547819655], [1.8887027075659806, 0.3914994803734758], [0.0003762140437131096, 3.9227912625427312], [0.00934116383505574, 3.6227423778037338], [2.213962168242857, 0.2622065707837584], [0.01825074458235334, 3.477869477958821], [2.822001506303345, 0.10247592030744677], [1.648590419935665, 0.5126925705844302], [2.0167575119261163, 0.33625399631961145], [3.9233598617697303, 0.0003706665028526941], [1.7065129948898743, 0.48117014314914003], [0.037064460512851664, 3.266979161207881], [2.0821787685139705, 0.31027611027175717], [1.5917977871766993, 0.5451390316407964], [1.0921632692476813, 0.9118986474847359], [1.0077639015136486, 0.9922661211359308], [1.1365649622891325, 0.8721729309878217], [0.5283407536502736, 1.6208586714347397], [1.2764606770420486, 0.7572383066919486], [0.0033785030992137754, 3.770878934094408], [0.7116162125523728, 1.33732230110394], [0.29391352969278783, 2.1253618298053714], [2.615715593957547, 0.14644596722836326], [0.6153525923686506, 1.4775760742115007], [0.0015043495673512154, 3.846360567617769], [2.4806062546019243, 0.18063005832699008], [3.8471645581309017, 0.0014884922909139866], [2.1479918494968078, 0.28558026449623536], [0.23464386144594082, 2.2970417910674397], [2.2796578411120336, 0.2402435104179937], [3.7713610677153, 0.0033640875765460986], [3.250240832804632, 0.038871106818166364], [0.4756800849087692, 1.7168974985964105], [0.005988132781478045, 3.696456027009478], [3.6208438387156616, 0.009437830661000906], [3.546213006254127, 0.013656461490189295], [0.5560068153073368, 1.573372234116173], [2.7520733173929295, 0.11632369295057327], [3.695537603100552, 0.006025157593435718], [1.3775047952028756, 0.6828187861873621], [0.33678966783986364, 2.015446374520709], [3.4712765635905956, 0.018731695060817354], [2.3459180768547188, 0.21936201086825793], [2.68343958348876, 0.13095659336813245], [0.21597009988382948, 2.3570667677707067], [0.3145979848599742, 2.071036584371994], [1.7661643785767644, 0.4502796867095461], [0.38069591770751077, 1.912673494122147], [1.0496273017836595, 0.9515744923949674], [0.09502805598020897, 2.8619632175863217], [0.27354747723628076, 2.181476819782166]]",0.002752,41.72
SCH1,MGPSO,8,100,0.019207,0.003794,17.124115,0.004490,0.107974,100.0000,100.0000,"[[2.587562341918479, 0.15320165334221114], [0.31329045279296686, 2.0743962514767302], [2.5228822830193844, 0.169448838942855], [4.00000007182312, 3.224100344742767e-16], [0.16520057858868842, 2.539405616910244], [0.21464768966162112, 2.361444237639707], [0.030296161992432395, 3.334064453522531], [1.8467480398672365, 0.4109437168736481], [0.018373164607303573, 3.4761825766063157], [2.0239987363606877, 0.3333063547808326], [1.3084740801030206, 0.7329320049333113], [2.3951814674717182, 0.20463193778152347], [0.7129920417605116, 1.3354377982037653], [1.905059436407553, 0.3841038141877141], [2.331825676507069, 0.22369905502048557], [1.350310589957286, 0.7021959787071959], [0.0015078697938720636, 3.8461826731838147], [0.6774321194193975, 1.3851815349847376], [0.023960636315847165, 3.4047916924454733], [2.084040552333025, 0.3095579921958485], [2.4587541390663223, 0.1865881475558013], [0.23272084492941256, 2.303074888057893], [0.5777168003688147, 1.5374094465144323], [0.33542833905654007, 2.0187813169781568], [0.2919257628379665, 2.130719570590808], [3.733093458839172, 0.004607491883758548], [0.07384276676941127, 2.986881742486305], [0.01353216495608582, 3.5482208290772217], [0.0033991217055804107, 3.7701911731075817], [0.8257794682708869, 1.1908831159199442], [0.25155351292084555, 2.245349084969016], [3.82104600316831, 0.0020475985967270214], [0.6428943502037211, 1.435666637168749], [0.2713153970138258, 2.1877976139792743], [0.7495984767201983, 1.2864242640183348], [0.46012388156824063, 1.7468266060947533], [0.1974700127901683, 2.419966087437908], [0.12194111271461461, 2.7251384053024927], [0.10894039021502334, 2.788695623726486], [2.2066741656745252, 0.26472274793368306], [1.2267168178389338, 0.7964268628333994], [1.2674285791309796, 0.7642233577252668], [0.00037734938104224666, 3.9226754182809986], [0.09652472495797704, 2.8537875848806262], [0.5468547104638461, 1.5888696923439878], [3.909994643952369, 0.0005120879795761616], [0.08486762464065403, 2.919585686974724], [0.04537499427855696, 3.1933187118318447], [1.4374860510605971, 0.6416777962437352], [1.0247711883504016, 0.9755318753921732], [0.1809610409438971, 2.4793804066211056], [0.5170558987029781, 1.6407919366773005], [1.9641918718581801, 0.35820668192671884], [0.3586468876600606, 1.9631615083348246], [0.48803538800495494, 1.693654202826512], [3.5617257264798616, 0.01271177605707902], [1.1456367588310608, 0.8642598609981951], [0.0374508735707825, 3.263361746187818], [1.1860538005966041, 0.8298099128481614], [1.4831504850461579, 0.611763848703429], [3.1563942111458068, 0.04989666465126735], [0.3825679178980835, 1.9084849188114859], [0.40746854618977807, 1.85413802723293], [1.0644126838097785, 0.9375975751628626], [1.7359635490151504, 0.46572477034084764], [2.720649567496995, 0.12289289723763179], [1.1050720375142178, 0.9001757724171244], [6.819348752281349e-12, 4.000010445559942], [1.5305246650609015, 0.5819496539112853], [0.9844166016230781, 1.0157057749226432], [0.7873039166907797, 1.2380979960583243], [0.4332270809433706, 1.800427564251314], [0.902930060785942, 1.10202477749157], [2.860491965767711, 0.09529636975695151], [0.15008075935202456, 2.6004704374864294], [2.653255116557994, 0.13772890105337793], [1.7900501687537709, 0.4383399094011278], [3.079880302834295, 0.06004520182595863], [3.235321465682168, 0.04052171510434612], [3.6470989795193653, 0.00814724041864987], [2.9318184942162953, 0.0827969650151551], [0.06355111701204179, 3.0551772418086682], [2.2686672841895796, 0.24382898370106995], [0.13566215659357447, 2.6623683958326083], [1.393279278213469, 0.6717892113579318], [0.8643636289786467, 1.1455172939362392], [0.006028793697587212, 3.6954475657371786], [3.314329468248347, 0.032209482147214925], [3.3956577137648347, 0.024733523391055307], [3.4782066243858445, 0.018226330164316726], [1.6823164462883586, 0.49415076460338203], [2.1447855882694946, 0.28675098506750313], [2.7904805973571314, 0.1085879345172005], [3.006159169310918, 0.0708475895061081], [0.009396123226103533, 3.6216617146193144], [0.9432601163946857, 1.058396944761099], [0.054091616385616687, 3.1237874391565414], [1.5796096103635728, 0.5523087673845926], [0.6098879886445617, 1.486074963139836], [1.6303879040636307, 0.5229221464673949]]",0.002660,41.44
SCH1,MGPSO,9,100,0.018979,0.003663,18.656058,0.004412,0.084944,100.0000,100.0000,"[[4.000197052268503, 2.4267900074444486e-09], [1.4118113962756806, 0.6590245989944382], [0.9927885424616324, 1.007237554281188], [0.8238634542987926, 1.1931864831568155], [2.1295677649398406, 0.2923523124284765], [0.670778644354114, 1.3947355570816302], [0.8645912073554691, 1.1452553368420912], [0.7451529811273452, 1.2922632206459128], [2.8513957384912305, 0.09696520617692678], [3.333368371946168, 0.030362555767552327], [3.1480973890648646e-11, 3.999977556868107], [2.4122271244441764, 0.19968867457468506], [0.23642329685939797, 2.2914881437629333], [0.9062900807527501, 1.0983193229810992], [0.9490062958217887, 1.0523281293383646], [1.3158005990390254, 0.7274665239498536], [1.9716874126270194, 0.35501592481216676], [3.121151873987868, 0.05443906081894116], [0.5029741341634564, 1.6661473599991785], [1.8165913192542378, 0.4253520268403122], [1.8682654156201803, 0.40088517917028754], [0.21818597642798307, 2.3497707059787905], [0.4440623167105705, 1.7785422797629717], [0.7839235577794282, 1.242345247975895], [2.0761517019037954, 0.3126087611024756], [2.0237870525479265, 0.3333922647702961], [0.6002479538766508, 1.5012211288836157], [2.4721434664262385, 0.18292288969180376], [2.786384691500423, 0.10939771652385294], [0.7074976094600766, 1.3429825253266698], [1.2682794708373217, 0.7635628833706755], [3.191031343800719, 0.045648113993411864], [2.1839146946376427, 0.2726851174513292], [0.006396480251860196, 3.6864844860569512], [2.3537321961292386, 0.21698100856526684], [0.6351688656252937, 1.4472695808290033], [2.722158914619521, 0.1225723643943983], [1.7132997670569152, 0.4775766772716425], [1.174138509382382, 0.8398316270633518], [2.533173282782521, 0.16679499332152353], [1.1279451653994783, 0.8797546510284888], [1.7649388742813628, 0.4508987927142502], [0.014464905381090097, 3.533384365245198], [0.2554608594754238, 2.2337354202511013], [0.06038004726655377, 3.0774859755249135], [0.3408324404618337, 2.005598180823341], [3.7764253828653276, 0.003214583855355966], [1.363369266360122, 0.6928330806784446], [2.296186727717039, 0.23491725313726053], [0.16718842713001938, 2.531641168846019], [0.0035910462115547304, 3.7638896916370017], [1.037390301937256, 0.9632959447830068], [0.2004382344463187, 2.409625080836736], [3.8502554920413647, 0.0014283266196521373], [0.1081687131582237, 2.79260822023835], [1.2209531910177107, 0.8010831639373475], [0.04131127604621887, 3.228304254711531], [3.2618702214665345, 0.03761084465394997], [0.4166836061517003, 1.8346422241387774], [1.0820430599374464, 0.9211911088342661], [0.47305693085516254, 1.7218915607469605], [1.5601298787441455, 0.5639235119187791], [2.595437660931087, 0.15129283210411593], [0.5343784106719557, 1.6103307758425758], [3.6275145156398176, 0.009100491038825775], [1.9198907204176476, 0.3774858699324034], [0.07120846402750995, 3.003811900214342], [0.08284018798473188, 2.9315613304720483], [0.0003995540898049048, 3.92044415754349], [0.31783929580425646, 2.062749778098118], [1.5097967570111126, 0.5948452707624639], [1.6619745606055465, 0.5052708683532232], [0.010038146742495601, 3.6092759380951116], [3.9251256561772503, 0.0003537036958412108], [3.406482863087732, 0.023818993629519145], [2.6583058089159675, 0.13658111811097468], [0.03331129283245649, 3.303256031006816], [1.6109717531016938, 0.5340092705116264], [3.7017150454062304, 0.0057784080306544985], [0.5665713911458871, 1.5557339232087364], [0.0503844348661626, 3.1525253379814666], [1.4602560602036136, 0.6266138554828486], [3.052359079795961, 0.06395831304428767], [0.36522126345096445, 1.9478797039655389], [0.18318425751007114, 2.4711830541924047], [0.2751715335634558, 2.1768997358653377], [2.9173914071382927, 0.08524222008062984], [3.4798126086903096, 0.018110273495950374], [0.39051713988430636, 1.8908623160838478], [0.09515068407732986, 2.861290503490697], [2.2401304270901816, 0.2533043202583734], [3.553274106113136, 0.013222004316346962], [0.2963424416702043, 2.118848683533739], [0.019854246450477932, 3.4562338571744626], [0.0015924897866494653, 3.841968442142219], [0.15132844370004286, 2.5952901732193054], [2.984878269098648, 0.07415816873440535], [0.026139027409950746, 3.3794362838258434], [0.13612570541705252, 2.660317016367947], [0.12179577436803873, 2.725825721004207]]",0.002711,42.07
SCH1,MGPSO,10,100,0.019068,0.003580,16.323072,0.004715,0.093183,100.0000,100.0000,"[[0.14173925122231923, 2.6358083034172393], [0.7486331758810022, 1.2876895452946795], [2.966939370333434e-11, 4.000021787877183], [0.278805199369264, 2.1667249002546156], [0.08134935579787904, 2.940477017292792], [0.0712184954467783, 3.0037467500837205], [3.9112632626943444, 0.0004976737573602057], [0.9428102695524853, 1.0588735665615927], [0.09218483002817286, 2.877706637366499], [1.2103914922836478, 0.8096797456978339], [3.9999719270182053, 4.9255942024054706e-11], [0.11571531419487338, 2.755037164477618], [0.9022922899124818, 1.1027295994703687], [0.4150873687798527, 1.8379963924117997], [1.1628253745048764, 0.8494501309075815], [2.6755882803299293, 0.1326980561798352], [1.827486742491911, 0.4201040225551599], [0.8625633904554633, 1.1475917556663884], [1.6674240986717634, 0.5022730283981925], [1.3086905301524203, 0.7327700235834168], [0.10367436177246801, 2.815734227931035], [1.883010104224595, 0.39409749173079434], [2.0559828628134325, 0.3205033009097446], [1.9399142453427514, 0.36868207234152006], [1.0269194559983796, 0.9734380762491062], [2.2364949748607987, 0.25452877654667094], [1.116299670945307, 0.8900963233619335], [2.611480211411008, 0.14745024686287578], [1.4095139075286527, 0.6605958707061131], [0.5202102314817267, 1.635186192811056], [0.12837102198583109, 2.6952149412419026], [1.9975146393641867, 0.34417631322210207], [0.71268772487529, 1.335854356465673], [3.651450488098602, 0.007942928765803643], [0.29978597153618713, 2.1096774024056537], [0.053059820991025415, 3.1316711213335973], [3.823592161757747, 0.001989091534613262], [0.8236792709222182, 1.1934081605565625], [0.4400504759850918, 1.7865984572439448], [0.5489038834268962, 1.5853819694147289], [3.323424309368514, 0.03131974690534098], [2.1149698661931446, 0.29779547830598807], [0.6109528356011009, 1.4844139553666627], [0.044927520361431314, 3.197083002903837], [3.4848367765686543, 0.01774976588647874], [3.019400628743079, 0.06883158298220231], [1.0711076770349954, 0.931334394286298], [2.4221117794369653, 0.19685769056706237], [3.166576229502846, 0.048625704805056534], [0.22088416986554357, 2.3409515333466984], [2.4851432190904523, 0.17940840818639428], [3.0924693086733583, 0.05830205598638991], [1.2587983628449495, 0.7709510163413731], [0.6774948520968923, 1.3850918340035305], [3.4035468464483083, 0.024065188284712536], [3.7369926532294166, 0.004471560359985207], [0.0004031739283221529, 3.9200864082243023], [2.9475172492390658, 0.08018326960584478], [0.00624849782590823, 3.690058736425366], [0.5794188715764828, 1.534636129700845], [0.34389828971623104, 1.998184616767272], [0.3907519832276388, 1.8903456699172958], [0.49258823636297444, 1.6852030148788277], [0.7857561447864244, 1.2400406575282052], [0.17075117141425855, 2.517869220811573], [0.20320041588237064, 2.4000901435701283], [0.1864474382933953, 2.4592650470288464], [1.511802149048552, 0.5935875965125575], [0.25857231475180886, 2.2245720600741103], [0.0015845282538653482, 3.8423599947741107], [2.2978218166278235, 0.2343946449661422], [2.8780307912281753, 0.09212682346891998], [0.6435819892617028, 1.4346395110942856], [0.01874329644260931, 3.4711186594130568], [2.1753197677231193, 0.2757336565141382], [0.36691124453614643, 1.9439832818062714], [0.0035311081701606124, 3.7658385951989484], [1.562907840595543, 0.5622553382186094], [3.244134627784304, 0.03954206161174741], [3.567244487324209, 0.012384343205898192], [2.3596043423425503, 0.21520286803434843], [0.01388892651987524, 3.542483767110261], [0.024315374637743286, 3.4005798584099973], [0.4661657182914238, 1.7351125345063148], [0.9844790152197154, 1.0156423791870046], [2.7417967355771093, 0.11844805313302786], [2.8099289167945374, 0.10479188100529128], [1.6151581830623172, 0.5316032331284547], [0.3215038731144329, 2.0534514112364173], [0.009719118868003532, 3.6153767525312674], [0.06179130264524069, 3.0674770453181868], [0.03054614958264208, 3.33144787800541], [1.3587981705807892, 0.6960982307076874], [0.037382194811803236, 3.2640031693728844], [1.7732613588788135, 0.4467069620796016], [1.7199264183088179, 0.4740878110944208], [0.23937095421954968, 2.2823489135892467], [2.5479780369135976, 0.16302317484780843], [1.4604869341503406, 0.6264626327627845], [0.15596899058389554, 2.5762526080195034]]",0.002679,41.55
SCH1,MGPSO,11,100,0.018980,0.003858,18.184072,0.004228,0.076663,100.0000,100.0000,"[[6.45351676782658e-11, 3.9999678665511436], [0.057825954213741815, 3.095944845437886], [1.1662286381594813, 0.8465459865574332], [2.1355187492367893, 0.29015306454360423], [0.21984888768579286, 2.3443270395132143], [3.292001556604416, 0.034452045531780134], [2.657398531680011, 0.13678686505852944], [0.049040480601150786, 3.1632370658310265], [1.0333490374462766, 0.9671979582141699], [1.3604239651590155, 0.6949354116906601], [1.3101842209369357, 0.7316530661897092], [4.000016589733048, 1.7201166991504892e-11], [0.09997932978643101, 2.8351990023845155], [0.36844696790700715, 1.9404536634450458], [1.2127640550057535, 0.8077413671990203], [0.7152724545007552, 1.3323211879271315], [0.02139408634879977, 3.4363253881766993], [1.0766199401776895, 0.9262080277474266], [1.5148785332603236, 0.5916624571404487], [0.12512235385008608, 2.7102168228688206], [0.2793613079039778, 2.1651756664657325], [0.9911348263260186, 1.0089046444786285], [2.7255953520247087, 0.1218444760152768], [3.440873666410736, 0.02103683110419564], [0.7521789810548836, 1.2830488744030535], [1.5675943052474544, 0.5594500497413024], [1.782620901904196, 0.4420278233718935], [1.2610048813323702, 0.7692259351554858], [1.9530401746878239, 0.3629916243615226], [3.8344103706542887, 0.0017501628788601706], [2.0733597774067234, 0.3136934295609062], [0.3226866969970497, 2.050465943647412], [2.261970716415735, 0.24603093424938086], [2.5228916504701395, 0.16944641126942442], [0.23878605311170678, 2.28415645909976], [3.673448481463509, 0.006951517176876989], [1.7281231856279415, 0.46979921595404317], [0.908631785624907, 1.0957446157759863], [1.621132676585801, 0.5281843334968181], [0.16862477092128653, 2.52606690748372], [0.016277073963131352, 3.505950528102442], [0.07753432989665594, 2.9637348513788684], [2.3265405578902216, 0.22533994438442204], [0.2587165965187883, 2.2241489411431767], [0.789949785828169, 1.2347850114118408], [0.040979618972391434, 3.231242684185381], [0.0003255193227401261, 3.928156903125379], [3.2193305511006156, 0.042333350487405844], [0.13883882733669256, 2.648395525031274], [3.1472704540901453, 0.05105123076831186], [0.18474923112746827, 2.465450624706963], [0.30063104937827717, 2.107437763310577], [3.366004585443598, 0.02733485809535278], [2.934311781054257, 0.08237858692078591], [1.4624054325202078, 0.6252071814327744], [3.5947269645010076, 0.010820884385291827], [1.1209724917464379, 0.8859329561643903], [0.06737025319159061, 3.0291390404718754], [1.4109010299663487, 0.6596468292882184], [3.916764686288042, 0.0004375719875805029], [0.8285659272546447, 1.1875420553095133], [0.0013021345096017878, 3.8569617307633584], [0.46765043992504235, 1.7322515588108678], [0.6453241922816745, 1.4320412796661681], [2.4566836432961505, 0.18715907657353437], [0.08841172386566042, 2.899047363440073], [0.008219680064229818, 3.645569875117809], [0.9493474935720666, 1.051968900574837], [0.5515070033680916, 1.580966302773423], [0.4164940713092812, 1.835039996383969], [0.20176797403573585, 2.405024368350224], [0.5228240172160998, 1.6305611876209751], [2.589480265845097, 0.15273541665917081], [2.3914524584013686, 0.20572377582710807], [0.5817692081470865, 1.530817335312416], [0.1122252838908304, 2.772223589021273], [2.012599897102343, 0.33795467879684205], [0.002932344012016187, 3.786327856080074], [1.67412820582227, 0.49860395284496223], [0.02719282102329004, 3.3675829845497574], [0.033724429639039495, 3.2991559343817], [0.8680347411531493, 1.1412994596432873], [0.15335815278436446, 2.5869193749989603], [3.075404758680348, 0.060671966985031495], [0.49470792506337635, 1.681288866157643], [0.44174975158572766, 1.7831794543448138], [2.8639445698287513, 0.09466742102918241], [3.753830260363018, 0.003908701675582611], [0.612759355315885, 1.4816014728298932], [2.1981076977280654, 0.2677010368279002], [0.6798215108135995, 1.3817699385943913], [2.7941418890119376, 0.1078671246763437], [0.0052606568965663895, 3.715139112806745], [1.895021831098559, 0.3886301543671495], [0.3919553505773329, 1.8877018471880842], [1.8381852907095046, 0.4149976071278204], [0.011916193471720382, 3.5752709191957632], [3.0048808281154646, 0.07104399344395394], [3.517421022449484, 0.015505509782619505], [0.3453072444426745, 1.9947932770128287]]",0.002722,42.04
SCH1,MGPSO,12,100,0.019017,0.003973,17.360569,0.002447,0.076974,100.0000,100.0000,"[[0.6616710994533269, 1.40794437594792], [0.031044730634552296, 3.3262641334606258], [0.05495591854622283, 3.1172487698374347], [0.6955824098686771, 1.3595190774514354], [0.2224316555797475, 2.3359252311867746], [0.424380617557122, 1.8186005268906145], [3.9213683152263514, 0.0003902794266293746], [0.3270452512720904, 2.039530438128043], [0.07468017828622503, 2.9815732061286044], [2.003764169671906, 0.3415890827684203], [0.18580443457178833, 2.461602893814846], [0.4508441146991069, 1.7650470569924543], [5.20231596793146e-13, 4.000002885083804], [0.0644469621927443, 3.048990712478406], [1.4613700353582668, 0.6258844790017732], [3.462922506235266, 0.01935077622794], [0.80073121454747, 1.2213877785581935], [3.999999956827618, 1.1649091108576047e-16], [1.9452050065646531, 0.3663807482612559], [0.8750442127535495, 1.1332922963303358], [0.12341854659772945, 2.718179511570709], [1.4121458466058476, 0.6587961281763735], [1.831409249763053, 0.41822645253471186], [0.009757159419026985, 3.6146438203573954], [0.11005137948316378, 2.783091669570832], [1.1712946539710036, 0.8422399692232978], [0.9531081081978906, 1.0480178747761006], [0.00039236353486046284, 3.9211596899855765], [3.0404174651387046, 0.06570030655662534], [0.35007469605249364, 1.9833902775378707], [0.018941431053424523, 3.468429944474995], [3.765990284833513, 0.003526464799553705], [1.2662954471929087, 0.7651036988792981], [0.006263304145887611, 3.6896991458237522], [0.20368941830515788, 2.398410854514371], [0.15294176579029967, 2.588630974213129], [1.1253572239203775, 0.8820430023800919], [1.5621439402561603, 0.5627136683053089], [1.8879046927180876, 0.39186292763938674], [2.9739852800596975, 0.07588666660430854], [2.578481115232561, 0.15542126468461714], [0.765047650658457, 1.2663675551745455], [0.26205248715141777, 2.21440999041946], [0.16894840059768468, 2.524815069762574], [3.5374853674541, 0.014203777664601777], [2.063316872125102, 0.3176167447253408], [1.5112694040272427, 0.5939214943877505], [2.123870235243399, 0.2944685709304667], [1.3629353359515197, 0.693142473818948], [1.0803963333507234, 0.9227117212605309], [1.2182180536025728, 0.8033014227202675], [0.13783396927658448, 2.652794067985931], [0.024628337234290577, 3.3968916123657764], [2.25042439359831, 0.24985856214766583], [1.7202129132429673, 0.4739374141972418], [1.3148118536006883, 0.7282020317811984], [1.6666419354266977, 0.5027024540978196], [2.6444294477872976, 0.13974873582327677], [2.186928912145743, 0.27162143118316096], [2.907019002694208, 0.08702603766064218], [1.0369397247799934, 0.963730229003979], [3.2462181932136263, 0.039312401445704144], [3.8434317907196633, 0.0015628392824733569], [0.24180142840611601, 2.2748690822137374], [0.9946352542683438, 1.0053791747099632], [0.0382719299777535, 3.2557434131529313], [0.3989057016517154, 1.872546418725503], [0.5356974481779214, 1.608043238602149], [3.107610190160799, 0.05624414927391397], [3.389745552343145, 0.02524089571549644], [1.7753436163323375, 0.4456627758581727], [0.003524797286175834, 3.7660447842770526], [0.4782819296741871, 1.7119647253776529], [0.013983210762170321, 3.5409807031633993], [0.5968754146391948, 1.5065669131741524], [0.5066983711074052, 1.659388423504496], [2.3808206445045648, 0.20885739833458808], [2.8412202768070345, 0.0988524116640659], [0.28283762332469653, 2.155538402905729], [1.6138425389094953, 0.5323584424518546], [0.09747010776179761, 2.8486619863160887], [0.8375001716657557, 1.1768987529570634], [3.1763446611962918, 0.04742366435948659], [0.7300083441451555, 1.3123873139075302], [0.6288838226792166, 1.4567959987267545], [0.9136435413581677, 1.0902554284757358], [3.317600661299002, 0.031887890348994814], [3.689085543994909, 0.0062886116324152785], [0.08566485133646479, 2.914922513593682], [2.710482246547407, 0.12506533151776614], [0.3740453294073354, 1.9276755146578632], [3.6129404861300065, 0.009845867615772587], [0.0015639440998168968, 3.843377011652568], [0.5658331367011556, 1.5569579004677736], [2.31501046121367, 0.22894708827556698], [2.77492564673638, 0.11168241631306905], [0.30458792212110025, 2.097008534208266], [0.04623990264559107, 3.186101284555776], [2.446528338225243, 0.18997550047154202], [2.512073961629102, 0.17226454918888]]",0.002717,42.27
SCH1,MGPSO,13,100,0.018954,0.003586,17.804100,0.002697,0.089932,100.0000,100.0000,"[[1.0422758496929132, 0.9585993694747984], [0.09052396961167912, 2.8870359082721135], [1.0228651337401567e-09, 3.9998720719716694], [0.0672103984246141, 3.0302116641949977], [1.9143318449908544, 0.3799565848685639], [0.1986025149404214, 2.4160088318351707], [1.0018591606457607, 0.9981425659887199], [0.1808617936160646, 2.4797478356881912], [0.07843127139521386, 2.958207926555703], [0.6623928170982291, 1.4068920762640844], [0.21710939047482636, 2.353309442090553], [0.6281289949047618, 1.457945416864495], [1.353204837968265, 0.7001115219587698], [1.8620802435326729, 0.40375780009615797], [0.236365701399559, 2.2916674671243937], [0.13198700190419152, 2.678786385861429], [0.03892320160437074, 3.2497646461353624], [0.047448275264536405, 3.176143274571563], [0.7335999132715164, 1.3075820189305862], [0.6975801313142139, 1.3567296256753545], [0.25597957873183014, 2.232202599984102], [1.6038489198575618, 0.5381226424397828], [0.390539570311267, 1.8908129602636254], [0.9230719018985223, 1.0800066630069995], [0.2763637078276635, 2.1735514657949575], [1.9676459363491674, 0.3567338018039579], [0.5619092685906262, 1.5634849661527577], [0.29747597902462375, 2.1158216378436063], [2.779350679206931, 0.11079679794370047], [1.4025147387455381, 0.6654021350671528], [1.1253353992456672, 0.8820623243740211], [0.5304571492046922, 1.6171575787390882], [1.706237627919151, 0.48131638002398147], [2.1346968568965563, 0.2904561268833837], [0.10348894195982415, 2.816701052928696], [1.7580466698014274, 0.45439257881634143], [1.8098136114335681, 0.42864108279846685], [0.5945635666429664, 1.5102456410251384], [2.9188640764890796, 0.08499070746728643], [2.7101983331755743, 0.12512632667411244], [0.3660759699833706, 1.945907480036043], [1.5025359553317157, 0.5994170208872889], [0.5002713738558342, 1.67107679205462], [0.31946013850532534, 2.0586279430327807], [2.849092449332328, 0.0973905017255434], [2.44172887274773, 0.1913159292724207], [2.1934035648908026, 0.26934608388567305], [0.34236100738510755, 2.0018960710611897], [2.377819131949502, 0.20974762529590021], [4.000003868308828, 9.35237872032643e-13], [2.314729949952236, 0.22903531423185877], [3.412186233571476, 0.023344664208683384], [3.625784532401897, 0.009187357913124554], [1.6546767187717724, 0.5093071984799248], [3.698718389434279, 0.005897435392227203], [0.11732389301949966, 2.7472208719615954], [0.1474801912679584, 2.611354200247907], [2.078120235623446, 0.3118455482732903], [0.47114786616989, 1.7255393983219633], [0.8076817565313833, 1.212837100012533], [1.0835656444225745, 0.9197872748691238], [1.4522731984397805, 0.6318612684242048], [1.2582856047873063, 0.7713523897063306], [0.013609963060799726, 3.546962977671635], [0.8454835421644148, 1.1674763814004996], [3.059720806097426, 0.06289774862635568], [3.3408982351504304, 0.029648563418046833], [0.031313861977230364, 3.3234849337497345], [3.1291666898024104, 0.053386376873060644], [0.000369069444584709, 3.9235243486541793], [0.163791993156552, 2.544943053167143], [0.41654185929646886, 1.8349396922801213], [3.1994964319056747, 0.04464193230256989], [3.772612598675542, 0.003326815618731819], [2.6413675319225014, 0.1404537107155149], [2.2531473282582133, 0.24895235706253996], [1.2130563516945585, 0.8075028533117575], [2.5071828658412394, 0.17354837579843058], [0.44321454074557465, 1.7802401413325437], [3.8475230350841585, 0.0014814495872694877], [3.923764412865376, 0.00036674482889053196], [0.8839124249050355, 1.1232477498136002], [0.006016485731650231, 3.6957524502612085], [2.5737584477700484, 0.1565834334572259], [3.4824347346331663, 0.01792163905012881], [0.770230214122792, 1.2597197916963505], [2.988894838140716, 0.07352663317494891], [3.269878115736698, 0.03675639328606806], [0.024563106004546413, 3.3976582519216145], [0.001478438350334485, 3.8476765735848133], [0.01867062845783119, 3.47210859599921], [0.0033573801822122345, 3.771585762171301], [3.553538775119293, 0.013205864570270827], [0.056898911213738405, 3.1027592047661896], [1.553312514859812, 0.5680341637788022], [1.1686464285092126, 0.8444883768016432], [1.304944328134165, 0.7355779333101911], [0.9620293435063275, 1.0387055618001526], [0.009431016619887782, 3.620977330940109], [2.0229386579031474, 0.33373673439486345]]",0.002671,41.74
SCH1,MGPSO,14,100,0.019165,0.004166,17.593077,0.004489,0.093515,100.0000,100.0000,"[[0.14239889136790723, 2.6329677859886274], [2.7242129438219975, 0.1221369747686301], [0.18913315370434425, 2.449555486777826], [0.17281138411955158, 2.5099878378847666], [0.1023235624081481, 2.8228013865431225], [0.020215783333447028, 3.451486908266291], [0.12829115494465712, 2.6955809682305], [4.229137449146577e-11, 3.999973987314794], [0.15722043896443558, 2.571179133250436], [2.2278107276756454, 0.2574697288037781], [0.06839474539213804, 3.0222991827047663], [0.2239555138704273, 2.3309979808214587], [3.9999888715750935, 7.740125822981962e-12], [0.006679988057167157, 3.679755212436422], [0.4122086937888414, 1.8440694645760907], [1.5856003263253755, 0.5487754116389411], [0.11492363295491168, 2.7589080993865878], [0.20616308151365587, 2.389955685807292], [1.6337292394124494, 0.5210325115985268], [1.008105513780696, 0.9919272034350091], [0.36562565189305724, 1.9469461712075915], [0.010386059687729482, 3.6027379822929357], [2.2890421577056217, 0.2372098299481889], [0.34348398580117745, 1.9991837121973797], [3.834392464678991, 0.0017505454499588617], [1.4900258116629401, 0.6073612740762094], [0.26137097470816495, 2.2163928341573573], [0.07899637028684839, 2.9547446526588192], [0.6475225161180863, 1.4287711653782713], [2.8530605252059495, 0.0966584942951784], [3.7528844830808086, 0.00393928200389444], [3.6720438076290187, 0.007012762547446483], [0.04939474091616244, 3.160397634813674], [0.9173076663854476, 1.086260464618395], [2.9891943744625293, 0.073479661477293], [2.661497817328585, 0.13585876224307103], [1.4421941609079247, 0.6385386180398898], [3.059111975358932, 0.0629850750130762], [0.32194230639362664, 2.0523439052887027], [0.6821171300882978, 1.3785018253936419], [0.5500214064054549, 1.5834842833464362], [2.5353696974840116, 0.1662319882062333], [3.4333146783534776, 0.021632355583859494], [2.78789706659872, 0.10909829244932064], [2.1677579983765347, 0.27843477970152675], [0.05849193189115127, 3.091087719445071], [0.014900919186727663, 3.52662363424748], [0.0037559259734099844, 3.758613486615065], [2.598187953397388, 0.15062971369468584], [0.5200648228293554, 1.6354440218800024], [1.7317997376938146, 0.467885243412868], [0.00041940077471690126, 3.918502293919858], [3.2036557508395025, 0.04415213582316255], [0.7179373158914855, 1.328690046325016], [0.040921003740058345, 3.231763380133302], [0.033193297561570176, 3.3044321837628696], [3.591472185099741, 0.011000236626093625], [2.472912495427245, 0.18271377624230023], [3.2785678854166207, 0.03584145356335545], [0.7548413517989511, 1.2795770987121131], [0.28102441362501446, 2.1605549802211206], [2.920699839076085, 0.08467779221159587], [3.3556135234328917, 0.028280012876253525], [2.410958684335822, 0.20005384289982128], [1.2480631904904416, 0.7793932487911148], [1.7822343835257028, 0.4422203258277977], [0.8329544014974076, 1.1823009772514792], [1.1027957713530423, 0.902232435126736], [0.2422719937939874, 2.2734266721133336], [3.916819836944388, 0.0004369892600866754], [1.8856513483321478, 0.3928905148974383], [0.7933520241104121, 1.2305395977025058], [2.050356575506136, 0.32273008558047256], [0.02632116872623658, 3.3773691677124598], [1.6824443357391692, 0.4940814560027578], [0.0903034691714021, 2.8882820439287262], [0.3011287654550518, 2.106120736476381], [1.3449083252081526, 0.7061010212419228], [0.9621769153758993, 1.038552233272068], [0.38859738894687457, 1.8950941859912431], [2.349579000462332, 0.2182443979962986], [1.9395523767306608, 0.36883985249369633], [0.0016720335647340454, 3.8381100054660804], [0.4375945604393181, 1.7915573409299084], [1.2966971081647256, 0.7417927479574106], [0.6138622980210017, 1.479887702026958], [2.1088540787092236, 0.3000964439522373], [1.0548729523168277, 0.9465926263082381], [1.1993996343932591, 0.8187154241023432], [1.5373183732087443, 0.5777726307702387], [0.4638084213324581, 1.7396691551936414], [0.4912448403782071, 1.6876904096507932], [1.393947825114994, 0.6713251213792929], [1.995014716507421, 0.34521512146701494], [0.8746319624714427, 1.1337615557956002], [0.5814876429133177, 1.5312741607758649], [1.1509125264522904, 0.8596888754132717], [3.1320684168283366, 0.05300812119210111], [1.8335745405190143, 0.4171926625210986], [3.511967102016702, 0.015869875308177503]]",0.002682,41.72
SCH1,MGPSO,15,100,0.018908,0.002986,18.849806,0.002970,0.100618,100.0000,100.0000,"[[4.00000817986975, 4.1818875453209255e-12], [0.06796086241984478, 3.0251886923282583], [0.9008525301042032, 1.1043224720555052], [1.6460073754070388, 0.5141346171917086], [2.270354024169634, 0.24327642497496754], [0.07891173739245784, 2.955262415637968], [1.0690954691455234, 0.9332125517591553], [0.8611548542411466, 1.149217668908083], [0.2697053185537427, 2.1923788885336837], [0.1775345188806122, 2.4921407067139145], [0.0578934926117555, 3.095450828455553], [1.2534926445565877, 0.7751132152422957], [0.24990644819848795, 2.250280690418846], [0.1032205187626769, 2.81810250853839], [0.3114673909956384, 2.0790968447085274], [0.014577202762425485, 3.5316328537957897], [0.29025208503571603, 2.1352501452288264], [1.1597297669750417, 0.8520997606257653], [0.5595549508608062, 1.567418721713995], [0.09066206158366474, 2.8862564051129573], [2.4362648053502285e-11, 4.000019743437665], [0.479715526789485, 1.7092555598107597], [3.9217636679372303, 0.00038634533760016344], [1.3496139136780594, 0.7026985261495808], [1.0252747011123868, 0.9750407303647476], [0.3561522274298094, 1.9690125920341441], [0.42865908247179024, 1.8097766262419113], [0.019781934718921285, 3.457188870859492], [3.463900814062318, 0.01927771917046926], [0.23070290997474302, 2.309441199640649], [2.3347260267437355, 0.2228019084402557], [0.0004124358433182118, 3.919178369755923], [0.7855533496236536, 1.2402954473013896], [0.13067173562860854, 2.684729907594806], [0.21227591822462102, 2.3693394864413824], [0.16122105752616092, 2.5551273739514526], [1.696679934616723, 0.48641324721313406], [0.006538682269306199, 3.683090206760611], [0.04864765389643507, 3.1663991274919074], [0.010163822517779099, 3.6069006822675633], [0.9830630711128594, 1.0170815863091607], [3.0961089321447175, 0.05780353138840475], [3.38903549845614, 0.025302207842048237], [0.03258809041527926, 3.3105012212336913], [0.1945381216349956, 2.4302790856201786], [0.025780884194702827, 3.383523811742211], [2.207428687146929, 0.2644614994240434], [2.74140964528522, 0.1185285256694134], [0.14555630554179042, 2.6194826216494804], [0.6171642301305225, 1.4747721982401094], [1.8552018894907374, 0.4069700449514653], [2.8820229187733832, 0.0914142052356836], [2.084725536532665, 0.30929407347099686], [2.671315911868016, 0.13365160495470857], [1.301146975178035, 0.7384337908053246], [0.5323934831980159, 1.6137815303738219], [0.6805171280762017, 1.3807786461326361], [3.7673022865884165, 0.0034864344822716515], [1.3978956365015724, 0.668590171211224], [3.690949762049993, 0.006211888003807413], [2.952879859161039, 0.07930162460397358], [3.8442572223349596, 0.0015462396862075747], [3.6147436293322794, 0.009751974549450489], [1.2064295395157971, 0.8129260818805635], [1.7484047463777397, 0.459314470910338], [2.400268673882066, 0.20314847316681303], [2.8111174539078823, 0.1045625065055935], [0.040191164422608255, 3.2382817987448327], [1.8015229568621138, 0.43269000082838927], [2.4667668152292985, 0.18438915675724704], [3.168327028988839, 0.04840901936110006], [1.1140208583446025, 0.8921333973251073], [0.7489943507514181, 1.2872159621160784], [0.33340530247633343, 2.023754930748756], [3.3146119576464677, 0.03218164062018785], [2.5342839709977616, 0.1665101421024399], [1.4467504720851074, 0.6355128398992144], [0.5059545507946501, 1.6607352599992284], [3.0244596959176464, 0.06807017730367346], [2.60229875719492, 0.14964193111787222], [0.5882521350559652, 1.520348264186566], [0.003702733931397727, 3.7603023582078507], [1.5454681144087097, 0.5727938006677268], [1.9108487154334404, 0.3815106495402863], [1.5953646509714157, 0.5430548410386706], [0.7141142358671887, 1.333903033312677], [3.2409396109812145, 0.0398956744606608], [0.4538439944622591, 1.75912621491722], [2.0256281668180307, 0.3326455856846148], [1.967426955365631, 0.3568270510906794], [0.6487644735613447, 1.426927795984172], [0.40379453022456707, 1.862001367201054], [0.3795006576117122, 1.9153556696316225], [0.0016458712121526216, 3.839368517910954], [0.9414589626169388, 1.060306633492118], [1.495409009917142, 0.6039323250422901], [0.11652825641102951, 2.7510788422705885], [0.8229053910482432, 1.194340074456589], [2.1455069448282713, 0.2864873069321548], [3.53915753331998, 0.014098029693468461]]",0.002667,41.97
SCH1,MGPSO,16,100,0.019273,0.003718,16.613208,0.004761,0.142183,100.0000,100.0000,"[[3.355915729865402e-13, 4.0000023172109795], [0.8487925212258975, 1.1635950584548238], [2.0176999369573, 0.33586933482590586], [0.0670532984694112, 3.0312672319911163], [0.04593566766961729, 3.188631356054496], [0.20438981979403956, 2.3960101260613786], [0.8136618865664674, 1.205533537260767], [1.4143459731410895, 0.6572948308621428], [0.4347260158423275, 1.797375782468451], [0.6253172116972768, 1.4622371641555723], [0.24412113134254315, 2.2677765000900156], [0.9206846753436352, 1.0825920754317775], [0.056007788264250964, 3.1093692024100634], [0.3105425188255868, 2.081488840420917], [0.9575931630670378, 1.0433255931284926], [2.771866204910708, 0.11229720394890937], [1.6099692531352996, 0.5345867010349366], [0.48739468186785617, 1.6948483689330647], [1.1092260901163482, 0.8964339706471747], [0.9947451744198191, 1.0052686685713255], [3.2993290979573007, 0.03370692450809146], [3.9998805536317144, 8.917279952983605e-10], [3.841698842815884, 0.0015979834484393623], [2.993960539777476, 0.07273459082597421], [0.1056287027370395, 2.805605916862641], [1.0320692066864754, 0.9684369266956288], [3.762920891295524, 0.0036210349471186534], [0.40877022020707243, 1.85136459666724], [2.3645430005479606, 0.21371476292277308], [1.760069546431609, 0.45336503770816355], [1.3675704831798143, 0.6898437135964273], [0.28746852648694216, 2.1428248675563784], [0.33426469644544055, 2.021639533751095], [3.6849301585654946, 0.006461396042076376], [0.8842878033263606, 1.1228246766665004], [2.7000248397236337, 0.12732391578238542], [2.629654321112644, 0.14317074849779435], [1.2771136822115998, 0.7567354994280401], [0.5968371151130013, 1.5066277626891205], [0.003950514207765536, 3.752538049671401], [3.5304825444120578, 0.014651205791364339], [1.1491872509190073, 0.861181185775895], [1.5607374339264497, 0.5635583353926383], [1.8613490976666716, 0.404098364681541], [1.5113627031461963, 0.593863008144768], [2.494741503816449, 0.17684121487050972], [0.03691294809165944, 3.2684032412781727], [0.0919471483637674, 2.8790356207492107], [1.709648233958837, 0.47950753381114475], [0.2237649183824847, 2.3316130497102696], [0.3587055623335486, 1.9630242401755331], [3.376128533478014, 0.02643081618050438], [0.7465931473410276, 1.290368276552606], [2.561845944565798, 0.15953892966462502], [0.5686001680349706, 1.5523769189104086], [1.9651056227408137, 0.3578166196794396], [3.920444873189504, 0.0003995468651613033], [1.1912644738546667, 0.8254619609511493], [0.0017541412103018446, 3.8342242651737286], [0.265325240049023, 2.204935995079916], [2.845106857712637, 0.0981290362430724], [1.070151253627503, 0.9322266460446089], [0.6841599010340266, 1.375601541786842], [0.1860279884645984, 2.4607895077224216], [0.029010828915377936, 3.34770820698732], [1.3217954854268124, 0.7230208913823296], [0.02206015605479327, 3.4279536867442055], [1.8103490511455396, 0.4283805619839175], [0.5410445803020855, 1.5988152750246454], [0.7153225136515784, 1.3322528693159412], [0.46071287851875714, 1.7456795350218284], [0.07898964344018251, 2.9547857940236635], [0.00043906769592715197, 3.9166232986853498], [1.913095215097022, 0.3805078057963473], [2.919014714015524, 0.08496500507658594], [0.5140817230287157, 1.6461020214862774], [3.145539227774791, 0.05127198975812209], [2.4286707647248993, 0.1949935004130558], [0.13532883147598657, 2.663846142615603], [1.4624713422529272, 0.6251640875866666], [2.071715518708618, 0.31433344876242697], [0.01112325210442401, 3.58925593449048], [0.007078780242865219, 3.670536830575601], [2.2423642360755562, 0.2525539070910984], [0.15140239386667137, 2.594983972661518], [0.16850562894894608, 2.5265281433593483], [2.1843736304393704, 0.27252298220493404], [3.607338857675769, 0.01014057654526372], [0.3832926116493467, 1.9068674085815158], [0.016087559742065948, 3.5087405819516633], [0.12015141414325499, 2.7336368537104843], [3.453701110027418, 0.020046708561158824], [3.2218978039595303, 0.04203952796602118], [1.233794666152956, 0.7907422628555004], [2.127496197043727, 0.2931205532666114], [3.069088948125296, 0.06156276765299356], [1.6592367841630822, 0.5067821704270898], [0.7795145667365487, 1.24790968116614], [2.303695858375633, 0.23252350585506498], [0.6545665535819412, 1.4183550559645406]]",0.002614,41.22
SCH1,MGPSO,17,100,0.019117,0.003825,17.673660,0.004450,0.105927,100.0000,100.0000,"[[1.833750985931441, 0.41710850419950973], [3.1010479284112784, 0.057130917643728574], [4.6805473802864454e-12, 4.000008653833781], [4.000033849494746, 7.161146540936509e-11], [1.8939978569556315, 0.389094069305015], [3.614203533438301, 0.009780048714898513], [2.820570923827894, 0.10274874835716302], [1.7743645579976464, 0.4461535141328914], [0.21487074402446518, 2.3607046499564492], [2.959287830437371, 0.0782555469062193], [2.889590823352052, 0.09007222468399392], [0.0879068074806154, 2.9019435198153327], [0.7442819808282485, 1.2934108309224779], [1.9559252127400066, 0.36174936603657054], [0.7787193708793109, 1.2489162695620473], [0.23388880817118654, 2.2994067248375143], [3.029895068837468, 0.06725755842523286], [0.8508992902443835, 1.1611311886003064], [3.9214133046183313, 0.00038983072978961624], [0.10097800557730015, 2.8298965411397123], [0.25351532064631677, 2.2395031234784177], [1.6015507643181655, 0.5394551282114505], [3.172703046295144, 0.047869803283606384], [3.2450859178196056, 0.03943711392181295], [0.17878602453326922, 2.4874621665651073], [0.5097440442563502, 1.6538895822605006], [2.019207150880586, 0.3352547923461326], [1.7149777189970574, 0.47669140532987503], [3.3909539224872236, 0.025136740409217574], [0.00035241221261087473, 3.9252618309006113], [2.7520785915017636, 0.11632260864433049], [0.07573060538020314, 2.9749628341935415], [1.0040101318719958, 0.9959978926252225], [0.7115769318074326, 1.3373761510418718], [0.5360211234427025, 1.6074825843274598], [2.148885222613651, 0.28525464405411693], [0.563008230203188, 1.5616532556540248], [0.06470863086882699, 3.0471929828804374], [0.8886260409825464, 1.1179475004913602], [0.4583819897102271, 1.7502254515160935], [0.19651543877682645, 2.423312962907468], [1.4934473140215452, 0.6051800316049297], [0.9648267850790563, 1.0358029163217157], [1.0833297875587924, 0.9200046019720746], [0.037311742675850676, 3.264661833070206], [3.317569800517973, 0.03189091600161186], [1.0434697226405698, 0.957455091946118], [0.16155489631647954, 2.5537992118097588], [0.43350814694128126, 1.799854724210701], [1.2522791071492767, 0.776068018026197], [0.02343028800049156, 3.411152076720795], [3.4647172432984883, 0.019216864359822734], [0.2950191630630467, 2.1223925018511514], [2.414199293674745, 0.19912176408624283], [0.3164516978500993, 2.0662901112964605], [1.343072770024066, 0.7074321109150086], [0.2739127391187887, 2.180445799828698], [0.33874452686637757, 2.0106739888753054], [2.3469871957386914, 0.2190352432655764], [2.684073545594728, 0.13081658973563026], [1.5470452213603267, 0.5718343171106156], [0.6193790287491345, 1.4713535428316284], [1.2083890185719752, 0.8113190512924456], [0.5909093642098305, 1.516084193999776], [0.6498882141631194, 1.4252624332995611], [3.843467575956712, 0.0015621177592343386], [0.4839887405808372, 1.7012167683751742], [0.3614419368665184, 1.9566402839511903], [0.926540553631985, 1.0762614912636792], [1.44090471213678, 0.6393970953367734], [0.12964594889238137, 2.6893906998902812], [2.6162763395647883, 0.14631332320707402], [0.04553104859833924, 3.1920108217885534], [2.083448089620727, 0.3097863889379071], [0.6804481994476727, 1.380876834684855], [2.2803505952984056, 0.24001869011517393], [2.548632453073903, 0.1628576959138567], [1.2962441139877006, 0.7421354389774951], [1.1657019313216392, 0.846994844571459], [0.409053518989819, 1.8507618421403818], [0.05468549050737708, 3.1192883298755776], [0.00899831960826837, 3.6295604278100266], [0.003191996700312218, 3.777200963238815], [1.3914293556137523, 0.6730748024013682], [2.481482767154669, 0.18039363316563273], [0.0014093873120937512, 3.851242157220106], [2.2143078828433596, 0.26208761428022836], [0.14509705672402107, 2.6214327539380244], [0.8145247132921856, 1.2044837976410947], [1.6573708812576873, 0.5078141915878865], [0.005735885376564973, 3.702793372636871], [3.766367245556668, 0.0035149392901956916], [0.38469330470968555, 1.9037473408977024], [3.689919979719833, 0.006254209039972937], [1.1238134125162451, 0.8834107665096277], [0.012981087453249154, 3.5572427861749976], [0.1148316123802753, 2.759359075556159], [0.017760464461843997, 3.484686894127032], [0.030015630283641636, 3.337014847788942], [3.539212540415928, 0.014094558174397202]]",0.002681,42.10
SCH1,MGPSO,18,100,0.019073,0.003734,16.634368,0.002611,0.100471,100.0000,100.0000,"[[0.48702386241514406, 1.695540063672564], [3.9999873798782564, 9.954232754511105e-12], [0.7016720538825897, 1.351037358467192], [0.09634537998007771, 2.8547632926087902], [0.9249040421407808, 1.0780267794441278], [1.5539740187478095, 0.5676342489402052], [3.0487201799040826, 0.06448630076849618], [0.5149943283999053, 1.6444701159260786], [1.0903824823670514, 0.9135272397385948], [1.6524671147241226, 0.510534225665188], [0.9652936277004441, 1.0353193220328984], [3.3501339570436506, 0.028785494315052316], [0.5437971071027595, 1.5940931026907657], [0.3100865749759587, 2.0826698650594375], [0.33325124723380906, 2.0241345425735737], [0.005698416829941969, 3.703746981531032], [0.28762968674160216, 2.1423849482873543], [0.6357626599371105, 1.4463736026106502], [2.9036679750330627, 0.08760697174612005], [0.053072178357745387, 3.1315761915385267], [0.20589371669724812, 2.3908732024451447], [0.1535267149851928, 2.58622730524783], [1.7537828975751457, 0.45656415929348676], [0.0032111761543724884, 3.7765422138548113], [1.6028270699750626, 0.5387147963775467], [3.506122626864398, 0.01626534986436374], [3.427779115606606, 0.022074162686479288], [0.45985032055210423, 1.7473597438249395], [0.06268358009787633, 3.0612160161867825], [1.7027574862272352, 0.4831674851221902], [1.9107170061068317, 0.3815695042120498], [1.0061760960875386, 0.9938429173247607], [2.4337259320774463, 0.19356448278471658], [0.0014294002177319346, 3.85019976197274], [0.26603525041478254, 2.2028910463814046], [1.361710664210901, 0.6940163053893622], [2.0193780488118893, 0.3351851614275924], [0.43307289632116536, 1.800741925273139], [0.00035696931179041516, 3.9247824432554093], [2.833325361435752, 0.10033154122679298], [0.6683268277860591, 1.3982764849660978], [0.5736472939947903, 1.5440670088865305], [1.1142988098897722e-10, 4.000042224252579], [3.914776750227202, 0.00045883876855047027], [0.8853341218603618, 1.1216463093862998], [2.9757393327234523, 0.07560677431740113], [2.6955615510001225, 0.12829539102137835], [1.8053004477056898, 0.4308416690665759], [0.7721915476082083, 1.2572143411769443], [1.8576417362473623, 0.40582848009507577], [0.4072232710450993, 1.854661354710534], [3.830655964537301, 0.0018313124840430202], [3.273242157745135, 0.0364006834607798], [0.22511206187073002, 2.3272730302530116], [2.0750995254027043, 0.31301722761805106], [3.6661385905975874, 0.007273305872871843], [0.8090687292081756, 1.2111388150310234], [2.371476436462755, 0.2116369106793048], [1.9645183886318658, 0.35806726353411344], [2.7639810332560333, 0.11389106904528341], [2.310164547796594, 0.23047436122084178], [1.5052354604497857, 0.5977139508487762], [0.17008676244397272, 2.5204237062098938], [0.24514427343925338, 2.2646624191855835], [3.122641631820718, 0.054242512562419604], [0.13791900669981075, 2.65242107428894], [1.1341169679663385, 0.8743198498559682], [1.0479241979935208, 0.9531974466832049], [0.3818750008193261, 1.9100335793059602], [3.5855763395714635, 0.011329087656365361], [0.6042259173699962, 1.4949471138658879], [1.3149343524071702, 0.7281108722070958], [0.08430211300700897, 2.9229090666561435], [0.8468217677320656, 1.1659049955524707], [3.1973845443620816, 0.044891782408854324], [1.268865572649407, 0.7631082375956747], [3.7478008585629747, 0.004105762744209499], [2.4972447775278166, 0.17617552933530328], [0.18755528468128932, 2.45524914692716], [0.03643458412880459, 3.272920768889766], [0.3571917559635295, 1.9665708961414472], [0.02935700300300242, 3.3440015856843397], [2.249712029632085, 0.2500960024088962], [1.408935399596526, 0.6609920139247449], [0.7365132969658662, 1.3036991814836634], [2.628571130769416, 0.14342363111216788], [0.07309581880582143, 2.991646281891064], [1.4567616304461777, 0.6289064040398552], [2.132289004016472, 0.2913452391559034], [0.12323507262277418, 2.7190409400455198], [0.02304575460047068, 3.41581262506328], [0.008954567594242438, 3.6304402593998506], [2.190461734408076, 0.2703783101201026], [0.012942335300800259, 3.5578847951887784], [0.017644014045523015, 3.4863209252112735], [1.1783059697790499, 0.836313855960233], [1.2234237315877805, 0.7990842661529132], [0.04431767873285999, 3.202247099906026], [0.1094385098273924, 2.7861788386976936], [2.5625602509452934, 0.15936073702065742]]",0.002655,39.79
SCH1,MGPSO,19,100,0.019069,0.003604,17.285782,0.004330,0.103916,100.0000,100.0000,"[[2.1760136435245077, 0.27548669278594484], [0.15533136828042304, 2.578847339662699], [0.5486752865982597, 1.5857705318732358], [3.825054901707056e-11, 4.000024738849545], [2.911579157859408, 0.08623912781324715], [0.139745290405285, 2.644444435565511], [0.4921129557642602, 1.6860824334377191], [0.5200274111495727, 1.6355103669300097], [2.2371930591114384, 0.25429334862129727], [1.6451531975003735, 0.5146121772953917], [0.32313895864372116, 2.049326446957778], [3.9999895657058464, 6.804664780618908e-12], [0.4137577598258694, 1.8407975663495089], [1.7606651252088696, 0.45306284137656333], [0.12493203200420736, 2.711103006956512], [0.04614356394426005, 3.1869014425907034], [2.42690412722179, 0.19549449251242998], [0.3665923220539694, 1.9447176033982931], [0.08586213668087164, 2.9137724699343615], [0.038350199537506624, 3.2550219205892064], [2.115773258223235, 0.29749411988931], [0.11099874336301381, 2.7783397870624076], [0.17170782514668892, 2.5142021080081256], [0.06430218662673916, 3.0499871536967196], [1.092912286207643, 0.9112144755902513], [0.8280995587696421, 1.1881005285068214], [0.7620279887140982, 1.2702594082629866], [2.362722155824606, 0.2142626338635404], [3.446322909036155, 0.020613074644665646], [0.8975832589791315, 1.1079484291220245], [0.7946931237245036, 1.2288706408193242], [2.054988098929555, 0.32089622812098906], [0.6989131444308619, 1.354872129297556], [0.031244849783948193, 3.3241963390414595], [0.7300708716730547, 1.3123034795340174], [0.9340397802208896, 1.0682104405404333], [0.22464951957566823, 2.3287612546162872], [0.20649219182327552, 2.3888357146053147], [0.46511054676179703, 1.7371499993585264], [1.5325585650851237, 0.5806965878727157], [3.2156729386574265, 0.04275393601151454], [1.9955341190820781, 0.3449991085442928], [2.5586770172320343, 0.16033095940485942], [3.0619441013061497, 0.06257944293190584], [1.4248555919259955, 0.6501629870752991], [0.38964534371273135, 1.8927822118202955], [0.18866760924567805, 2.4512322153588006], [1.1365433410090364, 0.8721918714248768], [0.24336508648317443, 2.270083205014946], [0.9719561159576529, 1.028442726184208], [1.5886852278772385, 0.5469629382190887], [3.291729161654465, 0.03447991786578001], [0.43910268117324186, 1.788509747738938], [0.6076086532233169, 1.4896384077634488], [0.34456161966451604, 1.9965867657463028], [3.138378245028675, 0.05219084132146003], [3.6021310106745057, 0.010418676109128394], [0.003610816933176055, 3.763250522935151], [2.4922940600068593, 0.1774935912580843], [1.1816511626635247, 0.8334999920375086], [0.05489166441343404, 3.117732856838675], [0.2822031384875214, 2.157291324834931], [1.9360209231507066, 0.3703821664210439], [3.838492457346385, 0.0016640607600363763], [3.368888421214645, 0.027075651916157906], [2.2995786066956603, 0.23383399394360635], [1.2279963771067637, 0.795396459032923], [0.024899984477344674, 3.3937108276966574], [2.9863276106953394, 0.07392992457184569], [3.5243136278022167, 0.015051477308636612], [3.9186751716408357, 0.00041761418203760804], [0.6375409359925927, 1.4436945126526282], [1.8190187891494176, 0.42417860371383037], [0.0016088109413088495, 3.841168868716994], [1.8765376339714726, 0.39706666100852045], [3.6800836761795948, 0.006666000927353154], [0.009892610201761558, 3.6120462036223064], [2.6267159733003975, 0.14385737752597175], [0.006388175379464328, 3.686683927563722], [0.5774849103401357, 1.5377877929545611], [2.6962277695587815, 0.1281500969866533], [0.26269256023385307, 2.2125508666571263], [1.0113342608276341, 0.9887296104497045], [3.7592246881226337, 0.0037366306266943183], [1.478218775422946, 0.6149379479601583], [2.766952457909267, 0.11328885606191545], [1.7024286469851815, 0.4833426779899491], [0.09796963581012191, 2.8459655731322284], [1.0519415742563853, 0.9493734531763507], [0.07468591177033754, 2.9815369794077795], [0.30232334318481474, 2.102965825418084], [2.8388035243382084, 0.09930381075327985], [1.27502232508719, 0.7583468661467272], [0.0004026672844405589, 3.920136382014416], [0.8626094515407476, 1.1475386279019895], [1.3239282984309957, 0.7214449714763036], [0.6677000467324624, 1.3991834492957294], [0.014157484985995025, 3.538216564518002], [1.3728456505079814, 0.6861058019429149], [0.01905645247041293, 3.4668760113765558]]",0.002660,39.60
SCH1,MGPSO,20,100,0.018952,0.003376,18.035564,0.003038,0.092598,100.0000,100.0000,"[[0.006283559455149652, 3.6892079355380867], [0.03146419437333648, 3.3219382188281252], [0.003535648438131134, 3.765690373080183], [0.03869907658970501, 3.251815841646121], [0.7455561906913503, 1.291732360345974], [0.02496888611754373, 3.3929070395544882], [0.000392149733532007, 3.921181066313899], [0.25933046845736707, 2.222350474614062], [0.2370433951307803, 2.289559294530089], [1.1347035975891928, 0.873804917565566], [0.0015713296513179269, 3.8430113270621185], [0.019159338607816035, 3.4654902878879335], [0.54559431378545, 1.591020060095555], [3.1794685152696314, 0.047042823801538534], [1.3877472991614503, 0.6756398315220284], [0.7092423158026324, 1.3405812980031093], [2.7015256615421537, 0.12699825763893022], [2.3171901736741396, 0.22826228949073155], [1.6787867377769994, 0.4960666214257421], [1.4333920397661646, 0.6444179704838269], [2.0134281778017304, 0.3376153862424734], [0.28166373423225266, 2.158783674568956], [0.05541282131131048, 3.113815698874667], [3.6081503770552303, 0.010097598027982392], [0.01410359152234979, 3.539069419743522], [0.4875776803306418, 1.694507168279385], [0.51620534851715, 1.6423080684679134], [1.7859448737328723, 0.4403749340794814], [1.1747718988165194, 0.839296102428733], [0.04667668705157056, 3.1824851615057983], [1.577339388595862, 0.553652473835569], [4.000018158831788, 2.0608901463030193e-11], [1.0542337996948088, 0.94719827572902], [0.379683432020655, 1.9149451269808522], [3.9195652757396497, 0.00040847644375526833], [3.1100943731718225, 0.05591051033204249], [0.9358703518361261, 1.066254656527609], [0.009804786295920229, 3.613728302855255], [1.0940901603353161, 0.9101395672516625], [0.177061130172245, 2.4939158355657693], [3.6843546745213382, 0.0064855174998790805], [1.528265601071439, 0.5833440023862764], [0.32929800183845864, 2.0339182882800815], [2.569966444430659, 0.15752049059287684], [1.6275692449556802, 0.5245203602896825], [0.405851390040301, 1.8575927217248538], [2.255398072460383, 0.24820495425899392], [0.8584265670728511, 1.1523740751124876], [0.7826559609837119, 1.2439421585211006], [0.8200192440396943, 1.1978226860606673], [2.768700940396842, 0.1129353911643969], [0.11316652386129998, 2.767557226263814], [0.3049703381362476, 2.0960055556691386], [0.6076378323004489, 1.4895927208873405], [2.442318455696802, 0.19115094145205647], [1.2570594886333297, 0.7723129162913344], [2.97273862888761, 0.07608595804780903], [0.09986651206828895, 2.8357999817414146], [2.3793135417654376, 0.20930408729561467], [1.8971819124961575, 0.3876528400673242], [0.12742931162165472, 2.6995396149200936], [0.43232821704155555, 1.8022613979921058], [1.4804042607445704, 0.613529681313421], [0.4595124003865564, 1.7480186411857537], [0.9747566672784375, 1.025566031660172], [0.1426415838801345, 2.631924753338371], [3.840020384606105, 0.0016324027760603703], [0.08732444323607315, 2.9052960629603835], [1.0148333106213399, 0.9852758944847441], [0.6403018500636606, 1.4395473138615218], [1.2997578117968338, 0.7394809573997961], [0.5762103933106016, 1.539869455113834], [0.06526955159546928, 3.0433532998764212], [1.8409883579815305, 0.4136673127784288], [2.073350995867325, 0.31369684532345754], [0.1960512112162616, 2.424944387938743], [2.904650254847199, 0.08743644878572386], [1.7320128647462059, 0.46777447387338233], [3.761737449957338, 0.003657842263343208], [0.1593732862266739, 2.562509929634513], [0.21610671582422925, 2.356615534563165], [2.505759707582713, 0.17392306081714684], [0.6741441812955783, 1.389892835748278], [3.318968803196606, 0.0317539133264235], [0.07592697120006955, 2.9737330049667605], [0.8959591794659483, 1.1097543683846496], [2.194472499679281, 0.2689716773969572], [2.836369896965012, 0.09975959567548355], [2.133726384976349, 0.29081425491469765], [1.9548234636094142, 0.36222340480397275], [3.389989866188433, 0.025219818249738003], [1.343886414089214, 0.7068418137616063], [3.041149488676409, 0.06559274968972477], [2.635196533724091, 0.14188116023533254], [3.4617743542839685, 0.019436706169399368], [0.353939160239984, 1.9742277147408154], [3.947235084794236e-10, 4.0000794709939145], [3.534513203045417, 0.014392775237982493], [3.248896968135858, 0.03901822503804303], [1.2155940046974694, 0.8054348153756701]]",0.002666,40.02
SCH1,MGPSO,21,100,0.019160,0.003575,18.535389,0.004132,0.109888,100.0000,100.0000,"[[0.07349099348509247, 2.989122100643971], [1.0446907338727252, 0.9562861866240551], [0.8826683024656763, 1.1246511604809806], [0.568741074753941, 1.5521441185691982], [1.0028950413692945, 0.9971091432078973], [0.807844757256312, 1.2126373757411661], [0.921885363887255, 1.0812909018025012], [0.3482539112232616, 1.9877322359209175], [0.09685181464320364, 2.852010847173359], [3.9074618625948796, 0.0005414885479729846], [2.724793943945611, 0.12201399129462356], [0.16989811070778005, 2.521150170201263], [2.6584376579721343, 0.13655123397223845], [0.3041486399480989, 2.098161731743614], [0.02295573846092221, 3.4169096879212333], [1.3980489120738104, 0.6684841759505202], [1.9377283913219132, 0.36963587582339547], [0.6336072138883039, 1.4496292896223613], [0.0013898636648187732, 3.852266362374444], [0.18701209383857328, 2.4572162962320543], [0.08477250278843225, 2.9201437874396667], [1.9913183428156263, 0.34675516352087943], [1.3044104933228715, 0.7359788266383468], [2.7919286848691915, 0.10830250158312567], [2.1585662553907103, 0.2817422758715547], [1.259198617166906, 0.7706378372876252], [3.726517738785415, 0.004841507514989606], [0.32579063024308047, 2.0426677505256334], [0.47710442660044156, 1.7141945790652267], [0.13812829749474645, 2.6515036777887686], [2.5277565096798367, 0.16818858765263442], [3.5526939060636704, 0.013257422014035115], [0.5373931120405302, 1.60510905474859], [0.05335124634466779, 3.1294356974362816], [1.6379950497577123, 0.5186278236131181], [1.128796420037448, 0.8790031638190742], [1.3506545726628072, 0.7019479608615294], [3.227216118682107, 0.04143447025208308], [0.7009146480435625, 1.3520888286410364], [0.10976688556899479, 2.784523447892763], [1.4458256957544096, 0.6361260032506715], [3.1513192260203127, 0.050537042603826375], [0.6007686411781707, 1.50039797642682], [2.59277248147495, 0.15193715493544901], [0.06303888950861357, 3.0587370264525817], [0.00881162155268671, 3.633330670181], [2.0565343713592038e-11, 4.000018139631902], [0.017476168351701123, 3.4886863295431083], [2.4635009938637173, 0.1852834202350781], [1.7351210338633363, 0.46616131283553364], [0.12356251931910477, 2.7175040891300615], [0.029355323511951067, 3.3440195107958663], [0.3967388577786201, 1.8772504723205876], [1.5412820056714318, 0.5753468378764566], [1.588866930253176, 0.5468563308939466], [3.386572778341385, 0.025515486520993263], [0.5068629717462376, 1.659090588296359], [1.2149895496998713, 0.8059269741405336], [0.771640566024235, 1.2579176036397843], [2.9310309222309066, 0.0829293783214922], [0.9620475534689774, 1.0386866402335357], [0.20473937695679773, 2.3948139554797794], [0.7357094718630669, 1.3047691416024148], [3.816565252467006, 0.0021526680514572386], [0.04452406045988838, 3.200495051859938], [0.44951568578392653, 1.7676784475193028], [2.1021910662249508, 0.30261719743086385], [0.42260459979449766, 1.8222827741906047], [0.2232492292038502, 2.333278947093149], [0.6665253156270108, 1.40088524819273], [0.012758329581057716, 3.5609472260245787], [0.28299863001392006, 2.1550940080388843], [2.0464072928426718, 0.3242995792914188], [3.0037287979824527, 0.07122125974499012], [2.8608103768751434, 0.09523826285534723], [2.277122064483885, 0.24106763864061234], [1.7844746412681576, 0.441105455043934], [3.0771724143099894, 0.06042397725170834], [3.3060774767130923, 0.033028623074786316], [1.0864694792260203, 0.9171156123041534], [3.6393145355650316, 0.00851952003483419], [3.9999991411028812, 4.610652124700819e-14], [2.400084804665876, 0.20320196934826648], [0.26237409119980776, 2.2134754945882222], [0.3721585903067312, 1.9319664985017235], [1.8854378222523855, 0.39298799034329757], [0.003142183457612789, 3.778921454438629], [1.6860272909312166, 0.4921427470758696], [0.0365819951174578, 3.2715251855409893], [3.468980181416586, 0.018900792398951125], [0.005613182325575137, 3.7059284860042543], [0.2424335680591209, 2.272931831846143], [0.00034820929715354937, 3.9257067412351123], [2.338468441323483, 0.22164777522775975], [0.844787745136835, 1.1682943176723768], [2.217725599431006, 0.260913566900846], [1.1714585309426782, 0.8421010156659771], [0.1535960463212161, 2.585942787102374], [1.4942385363907855, 0.6046765332812465], [1.8347303136187263, 0.4166416268307718]]",0.002644,38.60
SCH1,MGPSO,22,100,0.019049,0.003582,17.505325,0.002721,0.105569,100.0000,100.0000,"[[2.01537296768757, 0.3368196763112252], [1.4362769894770273, 0.6424860228585998], [1.9603165641387366, 0.35986434791371236], [0.5586605944078533, 1.5689165400571046], [0.32379281381572883, 2.0476809929572584], [1.3880735516067806, 0.6754122200756796], [0.5898121205837712, 1.5178430567193026], [2.0708583978328705, 0.3146674380639082], [1.3407522791578417, 0.7091179599865336], [0.2049383967444622, 2.3941335072239496], [3.3513375044588387, 0.028674049721797507], [1.4859060729549307, 0.6099961919912873], [0.3020457392907521, 2.1036982170249856], [0.5282591588636177, 1.621001595141772], [0.8740141357099606, 1.1344652095212193], [1.2496375207572503, 0.77815003535421], [0.0035539517967472377, 3.7650938319696454], [3.9999838793175275, 1.6242307940420628e-11], [3.273200697191046, 0.03640505581379788], [3.1194506614180306, 0.05466399919754358], [0.4444935780841707, 1.7776795145719186], [0.031187756389122995, 3.324785532280246], [0.24119901454291454, 2.2767183623891114], [3.195891864110201, 0.045068846739178395], [0.2605804421851711, 2.2186972244269327], [0.14128134424471575, 2.637784916608304], [0.4992791851968353, 1.6728915679105292], [1.797187610969071, 0.43481856590091794], [0.22266937279087745, 2.3351551437970826], [0.9542580439309482, 1.0468127528366287], [0.9136594031878761, 1.0902381013946747], [3.5099469531537353, 0.016005983913334042], [0.6547847197781044, 1.4180339545121607], [3.7515283714414585, 0.003983344591770285], [0.9953241974218147, 1.0046867597749123], [2.4869117165775276, 0.17893363598463122], [1.8505405159150632, 0.4091575800575793], [2.4249340221658606, 0.19605415860662118], [1.1201527457169094, 0.8866619955828606], [0.024629145803381065, 3.3968821164562906], [0.18794944823042428, 2.4538239707384437], [0.3461560835074347, 1.9927548563217778], [1.6908521257599802, 0.48954132826290275], [0.6886680131870335, 1.3692270646246802], [3.8334971641518445, 0.001769728494401242], [1.5362426347342366, 0.5784324169316445], [0.17168774800562184, 2.5142789366105727], [0.7238887050530097, 1.3206227323661621], [1.2947106303690785, 0.7432965549519389], [0.018905819822155487, 3.468912076990032], [0.28091004596099234, 2.160872137013165], [1.0363189896192484, 0.9643288332082615], [0.7600126186877127, 1.2728645147203168], [2.302060444084661, 0.23304346393420375], [0.6219805832596096, 1.4673507583587935], [1.9048236218603791, 0.3842097112734355], [3.4301585671570374, 0.02188366172104931], [1.743727015472689, 0.4617167686478096], [0.06578335701145839, 3.039852700396045], [0.0015881829958398156, 3.842180128201118], [0.7969949810825259, 1.2260119655361883], [0.006267137282884926, 3.6896061252745245], [0.08805539385801617, 2.9010902293614924], [0.12695316607065388, 2.7017336541601336], [2.127165104126613, 0.29324346718068917], [0.07652228309457648, 2.970015830554319], [2.1841465584004016, 0.2726031952500961], [0.05592245908202707, 3.1100052611664624], [1.0781245221010878, 0.9248135111584441], [1.5578266508480934e-10, 4.000049925326202], [1.2057556423314473, 0.8134794354766056], [3.9162819984798385, 0.00044268886285916774], [2.3634050826271484, 0.21405704222202146], [0.3936649510097736, 1.883955960677154], [2.551964047756609, 0.16201688333453187], [2.9700912386148213, 0.07651017955436074], [1.16261851867113, 0.8496269468340044], [0.10030123452347699, 2.833486428651825], [1.6382446855100519, 0.5184873701521423], [0.013937278046846338, 3.5417122800326144], [0.04689929065136795, 3.180649528503125], [0.03862279167281856, 3.2525155046151952], [2.8253128301330617, 0.10184606944115011], [0.4186083020484485, 1.83061045955028], [2.7547136845642726, 0.11578162036687177], [0.1133066552106498, 2.7668644977562735], [0.8350746716190798, 1.1797778648049906], [0.1561337230433891, 2.575583322488498], [2.685653266494649, 0.13046812312040684], [0.47150459691736657, 1.7248569036960708], [2.8973913817945975, 0.08870119140455743], [0.00039516614975698233, 3.9208800204471186], [1.5865099858898726, 0.5482404640959103], [2.6179012891333593, 0.14592936195894138], [0.009739820452568673, 3.6149777057035735], [3.0443293864420835, 0.06512669680243266], [3.6703957251928854, 0.00708497832334674], [2.2429248943749265, 0.25236579609379656], [3.5896372022539302, 0.011102037984856008], [0.3697552340072261, 1.9374551406561573]]",0.002673,37.88
SCH1,MGPSO,23,100,0.019093,0.003820,17.415292,0.003055,0.105365,100.0000,100.0000,"[[0.3220087915328758, 2.0521760522047083], [0.23350020986808337, 2.300625832706098], [0.27594132009641603, 2.174736636696282], [4.000044255043023, 1.2240612492602133e-10], [2.3869452833416647, 0.20704847728845718], [0.8783991157769954, 1.1294811582281874], [2.5188845153885255, 0.1704869029026465], [0.29855559243475727, 2.1129459568968563], [1.746345489880302, 0.460370855237715], [0.21368618244294993, 2.3646380708224872], [7.624618633810743e-12, 3.9999889549228294], [1.2694336231434014, 0.76266782378191], [1.1426260859775492, 0.8668785050695289], [1.1835509917475004, 0.831905800792704], [1.0642569612560957, 0.9377437381950655], [2.5857582185967374, 0.15364103235488547], [0.9144323403811699, 1.089394112324002], [1.596058564225979, 0.542650107786339], [2.7925192301593396, 0.10818622809029], [3.2271058395142647, 0.04144696699406725], [1.2261013570966968, 0.7969229103023989], [0.4255913132829498, 1.8160969154105964], [0.9513068969918443, 1.0499083846799442], [3.1531535730647082, 0.050305048068885694], [0.842820117425462, 1.1706107172404192], [0.12818550765493208, 2.69606535819857], [3.8376988566907637, 0.0016806262977141836], [0.3719893097005802, 1.9323522557088841], [1.313781608432035, 0.7289691002794322], [0.6726395701896277, 1.3920553046914768], [0.07640212203891675, 2.9707647707239984], [2.3222134460294117, 0.2266892572109811], [0.04663711935417277, 3.1828119578389713], [3.6022254036861394, 0.010413600237753695], [1.0258527105335962, 0.9744772195999876], [2.25878740390105, 0.2470822828545428], [2.076807333248887, 0.3123544249511539], [3.0071840606329063, 0.07069035198395371], [0.11381343303997875, 2.7643635715632136], [0.34650711677726537, 1.9919129121559582], [3.4501121575447624, 0.020321142939021933], [2.136504087329295, 0.28979001895989004], [0.3983455672899252, 1.8737606357340857], [1.6452787108320763, 0.5145419827087924], [0.15958703657183276, 2.56165318776916], [0.5135495352849669, 1.6470547132838054], [0.19472637943175206, 2.4296138983393902], [2.9349665786443597, 0.08226891580312248], [0.030840190016217867, 3.3283851805960514], [0.17669214861579405, 2.4953015402642706], [1.4053382276055617, 0.6634597346779975], [1.1031913193941159, 0.9018747269072018], [0.08800065144975973, 2.9014045014491976], [0.10040514834549119, 2.832934291273086], [3.525737258322038, 0.014958594751089195], [0.06569256002608186, 3.0404701644370515], [1.4994795824328624, 0.6013500089195403], [0.05574787362271555, 3.111308368962174], [0.024206742111056282, 3.4018661008406172], [0.4540962912638378, 1.7586296043575784], [0.5446820685857057, 1.5925789034894569], [0.2542692994577303, 2.237264393334871], [2.722672109527364, 0.12246349521540242], [2.01868528911409, 0.3354674835196713], [0.005912382925576151, 3.6983442980903343], [0.483282822159478, 1.702540986865945], [2.197209673383308, 0.2680145531217957], [0.6396391401973396, 1.4405414169076252], [2.6538106705103606, 0.1376023613657113], [2.452530996309117, 0.1883075056483734], [0.7735843351224786, 1.2554386073335262], [3.3749376504870536, 0.026536300003204484], [1.7984296002521105, 0.43420797880191464], [0.8079195590451599, 1.2125457335963292], [0.03834490945037514, 3.2550706591357086], [0.7392483723573012, 1.300066208278635], [1.9616072788048222, 0.3593116367597547], [3.079851291467067, 0.06004925270037025], [0.013460618901700975, 3.549380989498281], [1.6954704999398111, 0.48706114592039246], [1.3591782297521424, 0.6958262511819767], [1.5474896407319083, 0.5715641738754631], [1.4521379689287073, 0.6319504722788813], [0.018437179339096717, 3.475302877876238], [0.7055760848648109, 1.3456330261453664], [0.575741215174317, 1.5406366959214677], [0.9882935981487214, 1.011775325792923], [1.9061485239867102, 0.38361501265449166], [2.8632555913044833, 0.0947927332493597], [0.0014593493313974704, 3.8486536252816763], [0.003295711141555304, 3.7736625727122663], [3.3010932962394928, 0.03352886654009833], [0.14346344019700694, 2.62840072098301], [3.6797558837667372, 0.006679959453998118], [0.009284631961101455, 3.6238574515785764], [0.00036538049007598625, 3.9239056666453602], [3.7583867596256426, 0.003763096673952877], [1.8519933974582856, 0.408474833208452], [0.6070017768616167, 1.4905890266332604], [3.918449555157339, 0.0004199465667381318]]",0.002781,38.63
SCH1,MGPSO,24,100,0.019300,0.003785,18.178502,0.005499,0.129090,100.0000,100.0000,"[[0.3121928802994454, 2.0772239577434455], [0.7269893686039169, 1.316442506638424], [3.0165541294989673, 0.06926213390935652], [1.2326087851039373, 0.7916921498063328], [1.274828730758607, 0.7584961818714336], [0.12444778300866968, 2.7133614893544813], [0.17276385984128956, 2.5101689730872634], [0.40975965331365116, 1.8492607853157723], [2.3117695482724097, 0.2299677780435776], [2.243758588417785, 0.2520862496892594], [2.7277186431915275, 0.12139604350988313], [2.9430910522299447, 0.08091524308026105], [0.19051196760753397, 2.444604902005088], [3.999988688047076, 7.99752874344275e-12], [1.3613811286219193, 0.6942515977485038], [0.7885137314066, 1.2365819045684778], [0.3839699028474939, 1.9053577013202154], [0.24826400526539888, 2.2552200809510397], [1.4061102308526405, 0.6629294738455614], [3.244268091240675, 0.03952732839217401], [1.5464676986983559, 0.5721855214215487], [2.657516245031093, 0.13676015999789434], [2.5182375069164715, 0.17065528132352184], [0.9929266889298969, 1.0070984158004146], [0.29018021557872226, 2.1354450928177933], [2.8704255112437225, 0.09349344873198742], [1.031195723818213, 0.9692834178850325], [1.1098293030373847, 0.8958918511287598], [0.0056037842909485965, 3.706170071000048], [0.13973655146029043, 2.644482451527892], [1.4516120349593138, 0.6322975028552905], [0.7574539809950513, 1.2761806944056717], [1.1501066412167105, 0.8603856410271448], [2.3803033712041466, 0.20901064283139942], [0.22836714668984648, 2.316856135202457], [1.984757560949737, 0.34950060361444685], [0.5784325199670389, 1.5362424668190402], [1.317699734969339, 0.7260556111821499], [1.4985502057609537, 0.6019387966153128], [0.8200941486990789, 1.197732159722099], [0.6077203653308283, 1.4894635052737142], [0.9209877310453067, 1.0822635032939947], [1.0701342044927824, 0.9322425587528268], [0.6669218023114679, 1.4003105862370038], [0.3591210949454241, 1.9620525687812709], [3.322654161484526, 0.031394559484853916], [0.001400435130071847, 3.8517108827853956], [0.08410287702656956, 2.924083035633711], [3.0913664962122733, 0.05845359049558352], [0.886120316568762, 1.1207617592597516], [0.6370623445830477, 1.4444149300806626], [1.595889892575327, 0.542748465581102], [1.7527623058899842, 0.45708511649864564], [0.335244731624722, 2.019231841765179], [0.09668054463335961, 2.8529407349730938], [0.5198380234489027, 1.6358462801905342], [1.1908997361603695, 0.8257656284191294], [0.02884943826707211, 3.349444542587659], [2.5876339375725355, 0.1531842329621585], [0.00034830751303919024, 3.9256963135100187], [0.5488293975059102, 1.5855085643704623], [0.49151750165526475, 1.6871851343199955], [3.9111474975513527, 0.0004989804687207947], [0.0031516676850001243, 3.778592804666855], [1.8083612303161103, 0.42934833898950886], [1.304215821449185e-09, 4.000144457017647], [0.6966047456073585, 1.358090715426006], [2.1770533161814973, 0.27511693403504484], [3.1675132042958367, 0.04850967369315921], [0.03587087770614862, 3.2782865303900373], [2.047787381779611, 0.3237505100889877], [0.8527889410546788, 1.158926050140228], [1.865786375060381, 0.4020347334714173], [0.1558263873411294, 2.576832341292168], [1.9249609413544506, 0.3752424744706386], [0.022681191446036565, 3.420270149767197], [0.20899726759817397, 2.380348509205578], [2.7986169420695957, 0.10699000438743504], [0.008764236825288124, 3.6342942257368027], [1.647060090767659, 0.5135465325618814], [0.052578564957499706, 3.1353779111635793], [2.448360773560858, 0.18946531373939457], [0.11013328768282998, 2.782679859902676], [2.1120590748594052, 0.2988890964611748], [0.4633398913402498, 1.7405769083679903], [0.012671000177145087, 3.5624088511635716], [0.04390586292103148, 3.205756826808418], [3.736829112102829, 0.004477219331441165], [0.4361616350153896, 1.794460258961269], [3.4844062761404073, 0.01778050419719864], [3.8234321899341936, 0.0019927419203500537], [1.699858132340142, 0.48471382777461325], [0.26883345612356724, 2.1948673768500715], [0.9568279799084627, 1.0441246077455022], [0.01727904642963692, 3.4914798995358916], [3.4031926750401698, 0.02409497947855618], [0.062191935806677125, 3.064659493774422], [3.5673613403217717, 0.012377459124648505], [3.6516994181578766, 0.00793132313262095], [0.0727865738020831, 2.993627094932843]]",0.002673,38.00
SCH1,MGPSO,25,100,0.018891,0.003569,17.136843,0.004534,0.060661,100.0000,100.0000,"[[3.9999625428250396, 8.769040783020856e-11], [0.14003653033335756, 2.643178325514437], [1.0469974028510156e-11, 4.000012942946167], [1.4763594790188213, 0.616138119419946], [2.1387130948940336, 0.2889772445923691], [0.0048537536841502995, 3.7261782094639857], [0.5929892734858901, 1.512757403029667], [0.0027264110196807065, 3.7938662273682935], [0.20775158846313985, 2.3845605904022573], [0.7728279095460413, 1.2564026575697305], [0.5593964240785333, 1.5676840740594788], [3.1097348279931225, 0.05595872948461087], [1.050886971593557, 0.950375839369074], [0.001210946326236694, 3.86201632997996], [1.3238442344771906, 0.7215070291395537], [1.1814583890451988, 0.8336619098245831], [0.6275579963832605, 1.45881566824546], [0.8105581480420051, 1.2093180326550734], [1.373739495641863, 0.6854741522264749], [1.093173317159789, 0.9109761584217383], [0.9686747422145982, 1.0318237321516606], [0.007589758517267076, 3.659112877969542], [0.8883215471661108, 1.118289086475915], [1.8017503787028228, 0.4325785562291589], [0.22635857517149965, 2.3232723441393914], [3.3190445767549117, 0.03174650215424479], [1.690984569174678, 0.4894700679169099], [2.565398702446037, 0.15865387850177506], [2.1952754687117326, 0.26869065961739874], [0.3091963333723125, 2.0849793174413125], [0.26593243334554784, 2.2031869489173874], [1.1368853854285605, 0.8718922826373064], [3.390180011886272, 0.025203420600977782], [3.248243889459717, 0.03908983150288402], [0.40852333185235495, 1.851890133750273], [1.8576162705985533, 0.40584038291050084], [2.63189631052463, 0.14264820551322746], [2.7669914826795656, 0.1132809597553041], [0.4954597898467649, 1.6799036036646742], [0.7354012092417022, 1.3051797371108962], [0.12511617279507511, 2.710245590472719], [0.5270180767292114, 1.6231776493524963], [2.082726369038246, 0.3100647728062327], [2.699207104028537, 0.12750156707265548], [2.9034403293697424, 0.08764651867418424], [0.286981000301329, 2.1441566946660617], [2.4372086733994993, 0.19258388287829542], [0.015042478568821429, 3.5244513482972444], [3.685634258318364, 0.006431947329687893], [1.2274989586586107, 0.7957968772301026], [3.1786023005212276, 0.04714825465234591], [2.0265601379717157, 0.3322680654180561], [1.009338716075106, 0.9907046873034271], [1.2754870905897693, 0.7579885073651649], [0.38187470726045186, 1.9100342358369362], [0.0003031846753218066, 3.930654388525288], [2.3136696610943974, 0.22936899647316591], [0.17246463924256336, 2.5113101527841204], [0.18967041043226843, 2.447623750059391], [0.0197678205242413, 3.457375494484971], [1.4245480838367062, 0.6503707367550858], [2.500944893899023, 0.17519447972803967], [1.5288469379437803, 0.5829849294461226], [1.9132149630002682, 0.3804544035684495], [0.8490704151247626, 1.1632697365752291], [0.698422991806424, 1.3555547818850717], [0.9282462837408018, 1.0744247336618638], [3.610187732557883, 0.009990121908135691], [0.046146334141958026, 3.186878421165261], [0.09792085281402843, 2.846228540372806], [3.762238349602825, 0.0036422398903726482], [2.3750898917171943, 0.21055923095516768], [0.4366862734108102, 1.7933965854324077], [0.025310804814032715, 3.3889360119250282], [0.0641243523734762, 3.051212886362937], [0.07446048501595363, 2.982962541703527], [0.03849952880587374, 3.2536476568618866], [0.11103502063896778, 2.778158308327028], [1.9690838922228318, 0.3561219045050004], [0.6622951294600207, 1.4070344530532397], [0.011005690378715533, 3.5913736538759617], [0.15584839053844843, 2.576742868853728], [0.03154310189910201, 3.321127990583449], [3.039920578098943, 0.06577337219748683], [0.2457411415040323, 2.2628497516229533], [0.3322683613378139, 2.026559407153652], [3.840597368329239, 0.0016205286346718246], [0.4655255279234787, 1.7363482806975572], [3.4628597026658943, 0.019355471280363034], [2.971359477538487, 0.07630678443919553], [2.2540733392412906, 0.24864467611817848], [1.6358992531120766, 0.5198081622700433], [3.5361965142252796, 0.014285571678533822], [0.05472487011708163, 3.118990975319364], [0.0856453704769584, 2.9150361583009503], [0.35668706157181546, 1.9677557136362902], [1.7458528620834832, 0.4606238421321499], [3.9199803611163673, 0.00040425012015585574], [1.5819905967971346, 0.550902290202412], [2.835272714907005, 0.0999654881717553]]",0.002752,38.13
SCH1,MGPSO,26,100,0.019166,0.003659,18.247221,0.005403,0.087797,100.0000,100.0000,"[[0.6176566628106746, 1.474011230359554], [0.9487180095669359, 1.0526317485774574], [5.327037688606876e-10, 3.999907679027616], [0.16709132273465102, 2.5320191029980372], [0.7899927478759231, 1.2347312995412483], [0.4674635437485117, 1.7326113173976643], [0.9908466221402459, 1.0091954628541973], [1.3489000223143388, 0.7032138128260762], [0.8281159206641081, 1.1880809303617168], [0.43967018971515087, 1.787364959270809], [1.1672301960121814, 0.8456930694569899], [1.9866491884410502, 0.3487074527491316], [2.045719961855629, 0.32457327699514865], [4.000007934018317, 3.934286513729766e-12], [2.911978371059324, 0.08617043815136789], [2.976088398493449, 0.07555114579383153], [0.23451697042632036, 2.2974388804100383], [0.5553583646103111, 1.5744635604005117], [3.4365508739658996, 0.0213762985796671], [2.1660598710731165, 0.2790438241126648], [0.21650475292320795, 2.3553019034811253], [0.8673190611490663, 1.1421204116291432], [1.8707871971180476, 0.3997182746963275], [1.7575553326906619, 0.45464242344440586], [1.4439326094983123, 0.6373827291815589], [3.3696845246697036, 0.02700433316501995], [0.15189677124733403, 2.592939318345766], [0.2536316861322669, 2.2391573184332705], [2.7221218445648225, 0.12258023070729938], [1.0775100239940198, 0.9253828120815143], [2.5341947184281977, 0.1665330208463324], [2.7848178462109483, 0.10970844340898579], [0.7180966448926823, 1.3284733150398036], [3.0408898702344347, 0.06563088409270466], [2.105613935283629, 0.3013204412795512], [3.7109643773314556, 0.005418969165769528], [0.06308335515144249, 3.058427353117373], [0.3159741384174491, 2.06751106007278], [0.7536578588019167, 1.2811190554433902], [0.90770863031464, 1.0967588687677576], [1.6478682621596232, 0.5130954147442703], [2.410721105919818, 0.20012228658547881], [3.853831529668326, 0.0013602960570104385], [3.171251455489954, 0.04804829343994381], [0.4131087372065858, 1.8421673152163116], [1.928149081513679, 0.37383676546420574], [0.19931803671769904, 2.4135160915168363], [0.294108199847205, 2.12483846153542], [0.49584117515679615, 1.6792015456499012], [3.2369342114727875, 0.04034144936900147], [2.2266805978440387, 0.2578541164069531], [0.6834219455915158, 1.3766484230375062], [2.4720369211166364, 0.18295187336396804], [1.1219656897530024, 0.8850504161077956], [1.2118732522030309, 0.8084686562967571], [0.1828733311123011, 2.4723256709178187], [3.3032914080661655, 0.03330774033632336], [1.7022715433355102, 0.48342639394008446], [0.5862230537123768, 1.5236148744968199], [0.0022593865875919967, 3.8121273656088213], [0.11013040709232477, 2.7826943395255297], [1.8137256342465273, 0.426740378285227], [0.07374927633541276, 2.987476556726472], [0.6499398193982676, 1.4251860132337906], [0.0527187498215156, 3.1342961906777145], [2.8481623207085685, 0.09756255984753104], [0.005072075504114993, 3.720198054108973], [1.5432391260004046, 0.5741520855062986], [0.026637875157444, 3.373793328179296], [1.2571600652884747, 0.7722340854516173], [0.36265743405397405, 1.9538156076021864], [0.019718416579347257, 3.458029298588304], [0.3390147632675669, 2.0100157911164263], [0.38727304753382047, 1.8980224051634855], [1.0338646720687852, 0.9666992275484171], [0.008914285149355942, 3.6312523167309103], [0.13737370525165674, 2.6548153475380363], [3.7821536755230385, 0.003049690592086567], [0.0005674129291561631, 3.905285689254053], [2.659417380708691, 0.13632930132948817], [1.3959275682471501, 0.6699524210469026], [2.59647245985257, 0.15104312134911227], [0.12347027124424288, 2.7179367996015764], [3.926439638256384, 0.0003413413575785676], [3.1062246826800193, 0.05643071952901748], [3.6414098102597316, 0.008418459278407082], [1.4931422870130726, 0.6053742286648491], [0.03437898746551894, 3.292716126423992], [2.348968422040237, 0.21843053759291944], [0.04307511893580431, 3.2128932695962336], [0.2733895046407005, 2.181923015726473], [1.594897849933393, 0.5433272427920568], [0.013824177441268798, 3.5435191284993075], [3.572332454462806, 0.012086474905996897], [0.09711559707730308, 2.8505805782202915], [0.5251987556506673, 1.6263748406101768], [3.5041490912144924, 0.01640006634514397], [2.2878701890059783, 0.2375873010663034], [1.3026868440235106, 0.7372745401481892], [0.08492011134495783, 2.9192778928579446]]",0.002728,38.82
SCH1,MGPSO,27,100,0.019298,0.003620,18.003416,0.005304,0.133530,100.0000,100.0000,"[[1.0360833238208704, 0.9645561924936178], [1.3226283547738127, 0.7224051344962354], [0.3708650446308389, 1.9349174437794945], [0.41785231036713727, 1.8321924398748495], [0.8855077029465728, 1.1214509489715265], [0.3940607735738275, 1.8830903680968454], [0.002112561711538473, 3.8182621132905035], [4.0001085030745305, 7.357973444118828e-10], [0.9222466446549933, 1.0808997045205966], [1.0752440925389517, 0.9274850010989453], [0.0005285106369502905, 3.9085710737913932], [1.6961355340276815e-12, 3.9999947905709647], [0.285708119778761, 2.1476412554220414], [0.019003406920795617, 3.4675920262504927], [0.6759352294070601, 1.3873240224516132], [3.173468769910188, 0.047775798797623434], [1.1964571724288258, 0.8211497822148293], [0.32677967793653945, 2.0401938284691217], [0.7443228581605846, 1.293356945467538], [2.3653358502205926, 0.21347648873243502], [0.9974549204524068, 1.002548322390506], [0.6114154117053553, 1.483693143458751], [1.2375977884546148, 0.787702889103189], [1.366230610535589, 0.6907958961406351], [0.042522235319045865, 3.2176854241225925], [1.5506539182263113, 0.5696437102844544], [0.02580848275010074, 3.383207732671476], [0.34840501913240374, 1.9873712823724947], [0.44258821496180717, 1.781496063346438], [2.103987415689842, 0.30193617056648714], [1.5995014638850247, 0.5406455238368802], [0.6431892832620716, 1.4352259835665861], [0.06314157751032105, 3.0580220621465326], [1.4110256471801619, 0.6595616249147517], [0.8136001175615233, 1.205608726082828], [0.004747463732536627, 3.7291400985904093], [3.1060845869039926, 0.056449604121984645], [0.3059035681005497, 2.0935615760909974], [2.769004597137209, 0.1128740730116985], [3.0392059910962836, 0.06587853158740598], [0.05237481307412675, 3.1369530473365907], [1.155545858805651, 0.8556931007579505], [2.9046012925149016, 0.08744494398962918], [0.26629392095412246, 2.20214694574476], [1.4567012724250328, 0.6289460633448826], [3.527674838210323, 0.014832672201165575], [3.2418875049549345, 0.039790582580246564], [0.1288728824450596, 2.692918106304476], [2.836253299300231, 0.09978146392500274], [3.6032898386809644, 0.010356451715461028], [0.22893841045403193, 2.3150380558732317], [0.7098432947395431, 1.3397553558523854], [1.9816476336744036, 0.3508073643371124], [3.311684106595835, 0.03247084515518945], [0.49490191006513473, 1.6809313059112545], [2.042374679816017, 0.32590768725354163], [0.46827678394147915, 1.7310466980583676], [1.5030850340965713, 0.5990702966039176], [2.1679018972690454, 0.27838321096668117], [3.9182637201650694, 0.0004218726259869592], [3.38228627877775, 0.025889031453214705], [1.7006761301873108, 0.4842771727649615], [2.4318490979340655, 0.19409424807461884], [0.17671998253603113, 2.49519694654262], [1.2796360369948807, 0.7547960849172284], [2.7016525070559676, 0.1269707571234675], [1.1149938957653975, 0.891263041148077], [0.5226868517474388, 1.6308034467743027], [3.6802553969662095, 0.006658694541762173], [0.21115601390440777, 2.373087401890557], [2.9716944874816424, 0.07625310931691473], [1.7540377699116532, 0.45643413066244537], [3.758102676429803, 0.0037720913388598937], [0.24716874238614017, 2.258526019779024], [0.9595729253575984, 1.0412611963445055], [2.298857612434077, 0.23406398041779608], [0.7782600933596756, 1.2494980591960219], [0.08697831244503892, 2.9072948807055647], [0.19352532177368903, 2.4338648009973025], [0.5514603705873626, 1.5810452599676696], [1.8643042619559145, 0.40272315468536224], [0.16006838314481375, 2.559726503946178], [0.10036241258625445, 2.833161323027036], [1.6497550812001298, 0.5120434019403762], [2.5668450487804826, 0.15829444973800316], [1.809098201897175, 0.42898935259358495], [3.838139618113982, 0.0016714155482552592], [0.008443563719330848, 3.6408880991846657], [2.2328893380003088, 0.2557470937497221], [0.8490354067105736, 1.163310714418815], [2.498882545268055, 0.17574086377072506], [0.07457371478971637, 2.9822461830322027], [3.454213274447361, 0.020007708876970075], [0.013198174211840583, 3.553664946480211], [0.11421605211141211, 2.7623814343483537], [0.14389146258392377, 2.6265703359456696], [0.5808223979996362, 1.5323541977400073], [2.6333294995573326, 0.14231478744048812], [0.033626813332420305, 3.3001222030410298], [1.9225571596847681, 0.3763048615147426]]",0.002641,37.83
SCH1,MGPSO,28,100,0.019124,0.003826,17.924387,0.003916,0.111805,100.0000,100.0000,"[[0.6365886414550894, 1.445128432823086], [0.6034296884209824, 1.4962002127086205], [1.2996227156112e-10, 4.000045600528481], [1.0512009049792301, 0.9500773418970738], [0.010930059030625414, 3.592742368525504], [0.4795733357877508, 1.709523990991884], [0.32295965171938823, 2.049778086707431], [0.12775832213190008, 2.698026475207309], [0.5091421699152271, 1.6549742143380448], [1.1389774068198546, 0.8700620282819205], [0.7758462607973237, 1.2525608376791257], [3.244444937542267, 0.03950781077452038], [1.6428288892691916, 0.5159134200706731], [1.8347411459027219, 0.41663646488708556], [2.887131534171573, 0.09050703764793704], [1.3201288599082326, 0.724254431844328], [0.4234759856374809, 1.8204746851768583], [2.4343531388092763, 0.19338765092613783], [0.035327352671583746, 3.2835044727687834], [0.7048510207367086, 1.3466347781776717], [2.6232928831355524, 0.14465983825881407], [0.2358064369938353, 2.293410238505647], [0.5711125145230994, 1.5482330540798632], [0.2564860325349102, 2.230708028764862], [4.00002893680521, 5.233347918979318e-11], [3.097304523066163, 0.057640300316713716], [3.025909199931464, 0.06785291969749169], [3.1704351581991133, 0.04814883067858792], [0.5396809725246602, 1.6011616922757521], [3.9233885396359915, 0.0003703878092607685], [1.0946057308016772, 0.9096694477948695], [0.8492291784466653, 1.1630839215222122], [0.1780781683487133, 2.4901058067327386], [0.7401131919055002, 1.298919929316489], [1.2288585415227793, 0.7947028536421126], [1.5492014536086975, 0.5705245954726765], [2.955869473131361, 0.0788125757295534], [0.16050891126194308, 2.5579663751053863], [1.5958745219999075, 0.5427574293531796], [0.6702759587286452, 1.3954606449043185], [0.11287135231444508, 2.769018072736975], [0.0279357755713075, 3.3593758237787106], [3.6197523263222835, 0.009493643389321856], [0.015731204633602478, 3.5140348082566306], [0.37113837528577537, 1.9342932828409547], [0.21577891661630838, 2.357698545410333], [0.05276156275861227, 3.133966153465664], [1.8839000939731736, 0.3936904892703825], [0.14365457261141157, 2.6275829510240327], [3.4690406621832803, 0.01889632835105012], [0.021395706580897282, 3.436304854409752], [3.6960337217505144, 0.006005142609326949], [3.84726363060805, 0.0014865441921480102], [0.34663801169371067, 1.9915991187878268], [2.1428349205745567, 0.28746484438014874], [1.4111771702393234, 0.6594580367225733], [1.4562087471050138, 0.6292697632685471], [1.1832377485684484, 0.8321684573372486], [2.2560091006208287, 0.24800230885259206], [1.9848955809340667, 0.34944268920077964], [0.887425936596652, 1.1192944386859922], [1.5019609623012973, 0.5997802846007337], [0.9271183198731604, 1.075638978377147], [0.043623590015677505, 3.2081731484867735], [0.006991223429105485, 3.672537078790879], [2.314436579770226, 0.22912760845877603], [0.9675863968646542, 1.0329476142272356], [2.3741835548455925, 0.21082920209826078], [0.0017448768706069741, 3.834657983519538], [1.0088824379386525, 0.9911568366788501], [1.6900073193813192, 0.48999605880686664], [2.089388498809222, 0.3075016112138281], [0.003929526971800134, 3.7531857702224003], [0.4510931709217614, 1.7645543689037853], [1.7856427323433453, 0.4405249864472341], [1.3652262138406825, 0.691510409317378], [2.8200682546029534, 0.10284471554700989], [3.5439869997161453, 0.01379497059375877], [0.08589792075598174, 2.913564038239696], [0.0628046331052841, 3.0603705306902946], [2.7537529554034847, 0.11597868337104718], [2.496830775435121, 0.17628551359560654], [3.3181310251909095, 0.03183591704063967], [2.5596119443713827, 0.1600970322907707], [2.688084295278562, 0.12993297615996513], [1.934135695844483, 0.371207408196715], [3.3934306307467645, 0.024923991545831282], [0.19643864589833882, 2.423582663486507], [0.00043590248069940785, 3.9169227915867175], [0.3968514734750813, 1.8770055306441904], [1.7375638171115582, 0.46489645857423717], [2.198773704710585, 0.26746868175236926], [0.8120996222259811, 1.2074368147479089], [1.2739966478820222, 0.7591382485396513], [3.771248055390298, 0.003367463733087924], [0.27768396159649755, 2.1698548922590524], [0.0989402260604241, 2.8407496137258756], [2.0364716184443137, 0.3282717362477363], [0.2998154347992926, 2.1095992452899828], [0.07384475471719114, 2.986869099297504]]",0.002652,37.78
SCH1,MGPSO,29,100,0.019068,0.003993,16.592237,0.002884,0.093646,100.0000,100.0000,"[[1.5595971168037564e-11, 4.000015796709512], [3.765510828526067, 0.0035411521863641083], [0.7653026484409221, 1.2660395295750724], [3.920969641560382, 0.0003942669448413557], [0.7292015230652088, 1.3134696294524595], [0.4012122448572241, 1.867559561927777], [1.3881065550906793, 0.6753891986761373], [1.1141914151556889, 0.8919807806075944], [0.017465164635543904, 3.4888418259824885], [2.2658162678658162, 0.2447648409260778], [1.695912162999557, 0.48682446859539075], [1.072907724839459, 0.9296573585893885], [3.9999958359335057, 1.0837161745620315e-12], [1.3399174118965573, 0.7097253434889284], [0.15102527338671057, 2.596546462277544], [1.6421861526506918, 0.5162737029095661], [0.5640482571071354, 1.559922408592435], [0.009019667236062371, 3.629131952539998], [2.72169012062186, 0.1226718656122741], [0.0602898880881401, 3.078129916693336], [0.02861530513924076, 3.3519729459657612], [2.7927601634506045, 0.10813881178006488], [0.876623188335165, 1.1314968869452322], [0.694065830410097, 1.3616412946461507], [3.2353345606141075, 0.0405202496102634], [2.388163037567075, 0.20669002532531652], [2.937474894436853, 0.08184959028044456], [2.517407445802876, 0.17087145103801407], [1.5380913583058446, 0.5772989082134692], [3.1608368053019436, 0.049339854249296385], [2.8646628670789127, 0.0945368805656186], [0.0705171007100409, 3.008314854732066], [2.3264991767983614, 0.22535282313876556], [0.051134881259929155, 3.1466139582521384], [0.9146124197725054, 1.0891975773848086], [0.4258677185622927, 1.8155260748312116], [3.842839587663483, 0.0015748043127939814], [2.5837060004772487, 0.15414178447971505], [2.1476572826158633, 0.28570227410088717], [0.953622648645409, 1.047478465652858], [1.2459749283543071, 0.7810450460752008], [0.0057792748527665215, 3.701693106728887], [0.37723940313358406, 1.9204466869816197], [0.012905967755629173, 3.5584882259254202], [0.1859575483695327, 2.461045732098184], [3.536293424551017, 0.014279412810792097], [1.8611229982442956, 0.40420372342368216], [0.3075429424992627, 2.0892807668337707], [0.8018515338955401, 1.2200050069867387], [0.8390374400424857, 1.1750779641912896], [1.917550360523124, 0.3785246548263194], [0.001444841980124193, 3.8494005336947197], [0.477815312675493, 1.7128478620880745], [3.3853427903141506, 0.02562237136979987], [0.1680303362075719, 2.5283701947998622], [0.09347633941537868, 2.8705203178651115], [3.01086436207264, 0.0701273844050494], [0.12024019309555369, 2.7332134847986804], [0.10647358889639705, 2.8012619499878433], [1.0325606536963854, 0.9679609859379276], [1.4372170931296104, 0.641857514320763], [2.031114371697882, 0.33042757560338754], [0.5948189920949277, 1.5098386236778374], [0.022700101372787124, 3.420037988771875], [3.4612198082276975, 0.01947828277526078], [2.0889989209120605, 0.30765109063986973], [3.6123086684727665, 0.00987887954579055], [0.0003599241801233385, 3.9244732528736717], [0.5343039679545244, 1.6104600105463336], [0.3534294867815838, 1.9754320543806698], [1.8050498243031938, 0.4309641170548343], [0.26454767594842543, 2.2071797421128645], [1.157182124560599, 0.8542861238455475], [0.08166520151302983, 2.9385802421996474], [3.688814272668057, 0.006299816925789296], [1.974117173521336, 0.3539859671933755], [1.2926385707898882, 0.7448680035076939], [1.2012939702963181, 0.8171516910424742], [0.13525648121990608, 2.664167191095579], [0.4515496217154894, 1.763651939985802], [0.003249021768415863, 3.7752482579656297], [2.652248279846177, 0.13795841236723344], [2.451854473142442, 0.18849502550740524], [0.22398170331245282, 2.330913491916138], [0.5056349901108779, 1.6613143608965752], [1.5898561234409125, 0.5462762465028461], [0.20457005454772256, 2.395393205048603], [1.4873618195820857, 0.609064051578028], [0.6268753100530801, 1.4598570024253392], [0.03533519849686574, 3.2834288373388745], [1.7499868332027384, 0.4585041174373534], [0.992705322908434, 1.0073213807348642], [2.2063458346752123, 0.26483648478747557], [0.6598170976384623, 1.4106520414716635], [0.33009517016617845, 2.0319387954477706], [0.0429902786440568, 3.213626390893385], [3.309955864101609, 0.03264222336674344], [3.0852416087293046, 0.05929927053232265], [0.285605078699644, 2.147923797686428], [0.24379521021705555, 2.2687703082290103]]",0.002718,38.00
SCH1,MGPSO,30,100,0.019156,0.003615,16.845084,0.004684,0.125093,100.0000,100.0000,"[[0.12911671448375908, 2.691804141749441], [4.000012102890768, 9.154983957831745e-12], [3.6752085527044067, 0.006875171631925767], [3.9175996488381193, 0.00042879168151068565], [0.886144270775867, 1.1207348199440095], [0.16167704763871737, 2.553313667609354], [0.7435210059007449, 1.2944144412362204], [0.14495901739156508, 2.622019662635427], [0.1142038454393768, 2.7624414672715165], [1.2179464088558383, 0.8035220362231603], [3.595626558641254, 0.010771587169481435], [3.1337993518321223, 0.052783207992739944], [0.3014387876711411, 2.1053011319814394], [1.5176513504963525, 0.5899316336352525], [1.1725074725053524, 0.8412121050562982], [3.059526460048614, 0.06292561672634944], [3.169535469767263e-11, 3.9999774805806547], [0.8133047262671279, 1.2059683654221836], [3.3617096023946327, 0.027723398541088302], [1.3626380938342895, 0.6933544762598942], [3.2850375384030506, 0.03516853169342527], [1.413344889088667, 0.657977581990437], [0.7780906514913116, 1.249712777189725], [1.7305540948711198, 0.4685330460783732], [0.17927221566158508, 2.4856502240160583], [0.2790115053913143, 2.166149918286984], [0.01065666516869105, 3.5977321651701364], [0.06341587782045072, 3.0561155029931544], [0.9625689404498751, 1.0381450276700641], [0.05306351107303079, 3.13164277266495], [3.209130032086815, 0.04351208850448636], [0.8493171477779898, 1.1629809769373762], [0.08700466233159491, 2.907142552885953], [3.43892220347196, 0.021189716009813734], [0.34871599410008025, 1.9866288014669877], [3.835995723100318, 0.0017164601683992637], [0.07474557176270961, 2.981160116389718], [1.3132493893541897, 0.729365639773815], [0.6790147409740149, 1.38292071082496], [0.006788134603951176, 3.6772275883257013], [1.887660318702028, 0.391974274245663], [0.021081122859122822, 3.440307530358599], [2.7785438560405256, 0.11095795883242066], [0.21667285592098348, 2.354747590305917], [2.1996494844552608, 0.2671633486700138], [0.37324676265733153, 1.9294897774975337], [0.2365452519946974, 2.291108531894257], [1.8350229193703587, 0.4165022070425246], [2.3037382805832225, 0.23251002846392332], [2.7118462028809387, 0.12477255473527527], [1.0432579888195912, 0.9576579323880443], [1.264968147782506, 0.7661360366096411], [2.356925969464961, 0.21601272211816455], [0.00042169596692189756, 3.9182807471609196], [0.9238948312894131, 1.0791169052408085], [1.5711384884539599, 0.5573359579125587], [1.6773253551150222, 0.49686150697937914], [2.2511144549143327, 0.2496286989844461], [1.6243801921854044, 0.5263332058418624], [3.7552644047840142, 0.003862565339472334], [0.7108489189430665, 1.3383746487537354], [0.424289663346993, 1.8187888259739002], [0.035208990468800765, 3.284646636296402], [0.0038102934796475753, 3.7568999946374135], [0.6480071695536079, 1.4280514691040307], [3.5168744377342795, 0.015541822541931411], [2.6488584546481215, 0.13873285874984087], [2.9159260990418385, 0.08549290745952015], [0.19758629309697462, 2.4195591027673116], [1.465069530308203, 0.6234672660849998], [0.39814625786825203, 1.8741929845503738], [0.4776506811965769, 1.7131596070302615], [2.146966416803914, 0.2859543310918717], [1.9918351568643695, 0.3465395481446709], [0.10013826716113532, 2.834353026854485], [1.128454447726214, 0.8793049841724284], [0.25730704346614935, 2.228289375859879], [0.04364766999917376, 3.207966678240488], [0.6178925403881236, 1.4736469001414876], [0.0154396351708452, 3.51841432119426], [1.939940066276933, 0.368670815878876], [1.7822982602513224, 0.44218850819367783], [1.0852279594851466, 0.9182569550549088], [2.4122360602452217, 0.19968610359106642], [2.094228927151297, 0.30564854553606446], [2.9867292233377003, 0.07386675013579196], [0.0016888920567632382, 3.837304364475206], [0.45076367337859286, 1.7652062314203156], [2.528859517201437, 0.1679042213969623], [0.5048153165764551, 1.662801054609552], [0.5885629777578786, 1.5198486469466743], [0.027687830084725626, 3.3621014109357095], [2.5902238136830134, 0.15255490180751882], [0.5319431375647669, 1.6145658563348828], [2.846640401177894, 0.09784447754482684], [0.32465421195770505, 2.0455167893077935], [2.4702398442406808, 0.18344117497737347], [2.0428903581257583, 0.3257017369578216], [0.5598797812597158, 1.5668751871844824], [1.0025550384352342, 0.9974482215121516]]",0.002656,36.01
