problem_name,solver_name,run_id,final_archive_size           [archive solutions at the last iteration],final_igd                    [IGD of the final archive],final_gd                     [GD of the final archive],final_hypervolume            [hypervolume of the final archive],final_spacing                [spacing of the final archive],final_spread                 [spread of the final archive],final_feasibility_pct        [% feasible in population at the last iteration],final_front_feasibility_pct  [% of returned front members satisfying all constraints],final_feasible_front         [objective vectors of FEASIBLE front members only; for honest cross-algorithm HV],p_red                        [mean relative error distance across all iterations; 0=ideal],run_time_s
SRN,MGPSO_feasarch,1,100,0.897516,0.375195,32062.409797,0.428682,0.096606,23.0000,100.0000,"[[61.62977015506166, -61.87027781697159], [175.52612315403437, -175.66128137593404], [63.67197734767072, -63.91846897687573], [197.1879448863969, -197.0804096362274], [168.2338343290716, -168.4783533536998], [166.13605296181026, -166.38175897544542], [201.92536769785713, -201.90197565769088], [39.191278893679524, -39.44102774368703], [152.73655513220785, -152.9274016844023], [189.59804388080065, -189.5058317085223], [222.50430742431698, -217.66399758312699], [41.132719311033796, -41.38117504157165], [155.14809244383207, -155.34801745928473], [29.03712542481271, -29.2825144304443], [144.35508347670998, -144.4806060893086], [72.12668156709175, -72.37479327928347], [35.10933815665862, -35.35844791478864], [33.160873554205445, -33.37856428383411], [65.74668416833845, -65.98889231329757], [131.52508497847697, -131.75046575587677], [26.96683125444708, -27.189325972770945], [92.49880657027717, -92.744094658079], [120.31726753829598, -120.5097269704898], [199.31203510388286, -199.56165264102668], [212.6502440727062, -212.88788340332005], [103.62886952445535, -103.87371185113265], [88.29476969814512, -88.53259040462972], [97.17085952957831, -97.41878982676974], [31.17921786576849, -31.41886216511791], [37.15522604549038, -37.38080188823967], [159.34300158025738, -159.5777096662315], [22.684623599968393, -22.824228441586218], [214.5911987017668, -213.86024941133098], [180.04960763823613, -180.27097663519254], [136.09699121560527, -136.30602089066767], [90.45254171688876, -90.57215972730455], [101.6115513086286, -101.72910799153436], [75.99072847171315, -76.21719876871262], [86.12338724031753, -86.33298824250863], [115.63004854392805, -115.7294399687011], [127.20936482969475, -127.25906941918613], [59.5611188544616, -59.26624505238153], [81.91438485397734, -82.05860456548015], [208.20970490043217, -208.37651279802145], [148.74663739879944, -148.74759098888197], [203.96846334666338, -204.21823285439083], [19.003130020185246, -18.572221482532697], [77.96420108359581, -78.21125412603152], [55.18235795684555, -55.42771134947036], [150.7059705420809, -150.8700347641382], [79.98184765371136, -80.03132172336169], [161.43813223243646, -161.67140981510653], [129.50743012339984, -129.718390113352], [21.172487555435858, -20.638998350111635], [182.26211195569988, -182.4864132457465], [10.488397739815579, -1.0269652035330488], [140.36386014175656, -140.60298726209405], [67.96448309638379, -68.21237541944652], [110.43971747564366, -110.60404526406069], [112.85128515439587, -113.01279990804179], [24.790390065854094, -25.033925771457785], [191.83092988306882, -191.8102666678502], [138.5551819822175, -138.24690883992307], [53.02607947956972, -53.11548602799854], [133.8193600346732, -134.04601112528405], [218.17383905093166, -216.03680438167362], [43.08914478896516, -43.282197876882236], [108.17806331185186, -107.91543663263857], [170.70014601932905, -170.8472942096883], [157.23097238865984, -157.41493218151032], [187.14484701829386, -187.3922309482715], [124.83238405610004, -125.03818194178473], [173.38416088915145, -173.3110322992421], [184.75857060175042, -184.9604687661875], [11.537657465401326, -4.680732700800397], [17.180672886360746, -16.01896839391285], [50.91244514257936, -51.047698417530086], [117.99683835152459, -118.23523922042023], [57.23969882727687, -57.473329656184355], [74.012144832439, -74.26195314749961], [194.42943036296342, -194.63155015915413], [70.13260056350609, -70.3823575714512], [142.36830712473636, -142.58487509448247], [210.76083445881414, -210.9605424167206], [46.94956153372566, -47.14610368892296], [45.00168998741584, -45.21455652534978], [122.63688495029804, -122.76496322129056], [105.91340754891172, -106.0554967829247], [12.694823160113373, -8.304877498556431], [177.72162068632656, -177.9623188416346], [163.94035004716895, -164.19030213008998], [146.48510153319904, -146.58574031913344], [99.56111301434058, -99.58741881671199], [10.12234644491467, 3.5631981373804535], [48.899942238789315, -49.11269999557466], [205.99348410100566, -206.2338084735572], [15.618290331288131, -13.72413426274168], [14.128433017774526, -11.15498094987035], [94.79206048885682, -95.02350955872257], [83.89571558027627, -84.14446033196634]]",0.007869,36.52
SRN,MGPSO_feasarch,2,100,0.902750,0.291129,17684.882643,0.488749,0.101325,25.0000,100.0000,"[[119.27383360619534, -119.51385941951504], [76.99533235860011, -77.14109997730739], [123.59883376194729, -123.7897302909461], [94.39685457683012, -94.59690239937453], [149.4253094297673, -149.48092808719917], [201.22429999898407, -201.46274473855613], [221.90302708076652, -217.64515838032355], [206.39758507900052, -206.36414406416282], [69.30282765165441, -69.37009482231869], [10.114740971015056, 1.8486549762264364], [134.30861049327757, -134.53893577741053], [61.67267762909876, -61.9193821348378], [65.7197711505466, -65.96254501548528], [188.858936058608, -188.88448755177672], [193.18349704608931, -193.15541884444912], [196.82587437307876, -197.0115458224985], [214.3175409452542, -214.13549557969742], [98.83554892864882, -98.87511984787824], [177.543936694352, -177.71593564992003], [10.649818656422974, -1.639277832891393], [107.32630310841448, -107.54519879768571], [186.49972579938813, -186.7369142702227], [11.354532420028002, -5.06946522766036], [208.82480697800568, -209.03429942863517], [21.29017468913995, -21.280737802066593], [151.44300889706037, -151.65527552315575], [163.33354575515074, -163.48512001317727], [136.804330713363, -137.031527554896], [161.3925722698596, -161.55246672636287], [56.026833920942124, -56.185291481745395], [15.481959212859838, -13.589787472277656], [25.453248907006078, -25.69267634854233], [54.161161341598934, -54.391479126782876], [131.89101188597192, -132.10328139034436], [147.28435271998876, -147.5057216765843], [96.60493557571073, -96.71682390199733], [199.1004465287124, -199.0218015190905], [105.10224290450486, -105.3473357342331], [127.71747789836033, -127.96712014464633], [129.80656453748827, -129.82664238214406], [19.201558302803345, -18.71772835824299], [46.316262297070836, -46.523355506336145], [29.88762455918716, -30.10143545211863], [114.53271689321956, -114.6375730539024], [180.25928713808148, -179.96881866025385], [116.79302911378986, -117.04145093063381], [144.7832247022148, -145.0285366530399], [63.82375307506997, -64.02811093772215], [170.45585676856805, -170.57824644539386], [139.5453422399076, -139.78231750057336], [83.8592217915127, -84.08844131283632], [121.45758063904024, -121.70270696135931], [52.264135361507385, -52.4914233077633], [172.8466307019868, -172.95247561652698], [23.396161697786987, -23.5459436172865], [67.40299850021373, -67.55755811296683], [92.42001035080462, -92.46168213151628], [59.59512130780993, -59.79431625506074], [155.38471062964533, -155.50737140719028], [157.36464138924617, -157.5332831772834], [100.82048631752987, -101.06801815914918], [71.17563344860322, -71.32298106165409], [109.80823341270462, -109.83440187643802], [38.153285131594885, -38.310257431291795], [48.2590834584817, -48.486017570250226], [50.409564306941945, -50.43966766461437], [195.24702096576647, -195.1855601811094], [81.66126688438528, -81.91112350036519], [218.2353189836428, -215.81218982863152], [168.0714457830629, -168.08094504781454], [153.33209559984294, -153.56819141780267], [35.99594782974164, -36.20061471257126], [79.42506797862245, -79.53005109026823], [190.96703507807274, -190.8625853859343], [90.18037126271527, -90.36569230133016], [12.476212478749474, -8.032913715574573], [102.90237826410429, -103.15233072372092], [13.79785801468634, -10.879563135480073], [31.883221727025955, -32.10731252834893], [125.75871275980323, -125.87350559342413], [175.0633130911278, -175.1403154365376], [181.9073045251739, -182.0668398228273], [27.664146199919834, -27.903377063717922], [88.03144649292649, -88.26351652222775], [184.14806166483018, -184.27480954756916], [165.49021051420576, -165.62025009036245], [159.21831940539045, -159.44782807918614], [75.07582723709878, -75.30860191441536], [73.10165049157351, -73.16683223138901], [57.852134185013355, -58.05755405460481], [203.69828327794554, -203.92960052679737], [112.11399468368911, -112.22866907063694], [44.32358757310922, -44.55671152369834], [39.9443279292639, -40.12433085248042], [142.29345234286546, -142.35306552685003], [17.25840237946993, -16.278719671520022], [33.94168217754829, -34.18825211783445], [86.06988899217893, -86.05543369678104], [42.264535821970966, -42.5144134404233], [211.5125638959976, -211.6559179073538]]",0.008102,36.30
SRN,MGPSO_feasarch,3,100,0.919469,0.416042,25018.045088,0.420591,0.093860,20.0000,100.0000,"[[191.17055813655782, -191.39923957283017], [116.83552286190118, -116.40090149328154], [154.87136026945896, -155.02554953940898], [171.3147346457095, -171.3614663357025], [109.99741752888212, -109.91152258165648], [152.49867277970102, -152.74695451953642], [114.34999287417011, -114.57959485082526], [128.63692106203385, -128.57107600177818], [69.70634571909173, -69.73312946781293], [95.79694993366445, -95.88093475189162], [84.89848302903192, -85.0076712680931], [214.919643540873, -213.84923125039217], [150.49101933261207, -150.560081569726], [87.25461458433229, -87.50358783032098], [118.40965546468529, -118.61268558995215], [148.2527134287, -148.1331647067144], [195.91151134406775, -196.13304571625568], [42.51272393337949, -42.750455883814446], [105.09746633087828, -105.29108256307494], [156.99890336716686, -157.13864062875115], [67.41675422167359, -67.60695374071179], [164.12586914340497, -164.37418313087363], [40.49128369747764, -40.736820524481004], [56.64275674649402, -56.80853860876323], [65.30849077425405, -65.53008915194947], [16.24535263315289, -14.657652077849097], [30.455848829680686, -30.56367666051839], [219.33008516347786, -215.38138901622983], [184.69027183216477, -184.88130826808145], [60.82953765519545, -61.06670680020085], [193.66545534832832, -193.88838173488705], [166.62983201247584, -166.7754134187295], [186.71406883354953, -186.75436250471398], [36.39455579277068, -36.637790300024925], [52.57299105282391, -52.730994131636976], [93.57734396685782, -93.69739961559755], [75.87487892143012, -76.12370911840603], [188.69974210274287, -188.9360610159133], [54.61843062641209, -54.85813525165897], [143.49427918368582, -143.72408199708397], [145.88422423182732, -146.05247150834867], [120.30804110388593, -120.31454827789054], [11.32930437033832, -4.518355914422035], [22.093068353711555, -22.198826797706456], [161.7900916528428, -162.02751538924832], [48.33488985151947, -48.57551435011632], [130.57543540454066, -130.81944932325482], [180.6465262866787, -180.66592177928223], [197.7374025807023, -197.91425047661073], [224.25066386079976, -216.10712148726572], [173.31248080949067, -173.31401197822265], [178.42824693135998, -178.29945543770583], [80.24298567577286, -80.49277496242068], [91.48715786502221, -91.52322286958645], [211.45066241816784, -211.5669479989402], [10.42429701495033, -0.8256096335257919], [206.43763197207434, -206.49703095686954], [24.131364149369265, -24.348923645934818], [10.120727189704656, 3.3601138888523714], [12.341868515457787, -7.487749977025776], [182.72422573654615, -182.66245953889822], [50.41580836382157, -50.655065392692705], [139.2705375214057, -139.263482307149], [126.5710846454121, -126.61145172701637], [71.9689792521169, -72.13118526390687], [141.4785218950641, -141.63342541706342], [38.407614705102475, -38.5874602235022], [175.8254630736605, -175.83474219691476], [124.22060176283696, -124.45305922069474], [34.34854195864862, -34.555864347134786], [89.46346160420157, -89.46008486118643], [46.35518262725837, -46.59824789275729], [28.35548894785374, -28.58221842458292], [44.40563653712077, -44.63745625559099], [204.3055094007988, -204.51892012060847], [32.32865162867278, -32.57355661245269], [107.42130225144453, -107.6629053263105], [209.19285535033367, -208.98065072438214], [100.69756749614356, -100.94351368834583], [168.852804696534, -169.07814849926459], [26.272320430682548, -26.32545668885255], [98.43606708501503, -98.29954181788995], [78.01197651334041, -78.25816148868775], [14.8292925712929, -12.699878384002986], [73.84755163721614, -74.09750318892395], [19.921108861613668, -19.599999224552125], [135.78058064928504, -134.41949065366293], [202.3698380067784, -202.61252269860466], [103.06455614562528, -102.97162290817106], [159.62304494722517, -159.51571995166884], [58.89557298184303, -59.05464469170772], [13.589674102169123, -10.040090379558553], [112.09517303310082, -112.24777834681342], [82.48446080100948, -82.68145917793345], [132.96853531823723, -133.0644339356742], [199.89817058359623, -200.1401621270753], [63.057524513703655, -63.26126282232654], [122.02404337551438, -122.27402332461348], [137.10870478754768, -137.0402634736588], [17.98359403448426, -17.329388290131778]]",0.009296,37.43
SRN,MGPSO_feasarch,4,100,0.925368,0.364683,31339.144250,0.445780,0.117967,19.0000,100.0000,"[[50.1877668455777, -50.431626164478985], [146.81133899290003, -147.06046367489512], [120.92806545101236, -121.01256222436385], [189.2380940744406, -189.22772996748245], [213.85500764235795, -213.54149723583714], [81.02085222733234, -81.26965545253954], [160.6042677254593, -160.8540292972059], [162.87595120624096, -163.02597493226241], [208.0380038862535, -208.19872353513227], [55.73480629557557, -55.87978418487707], [32.03436111166913, -32.07008457095124], [112.31290817539696, -112.55599665057863], [23.781543882032395, -24.00109648504295], [75.24176767805774, -75.44730444036014], [87.65001278058268, -87.82428367225542], [116.30357510817905, -116.30563111273457], [77.20727288359787, -77.44780724684472], [114.20485730415535, -114.31314324708818], [67.29430337040446, -67.40416008701946], [140.31568131072288, -140.4576327104182], [191.66688835861413, -191.86202389288243], [110.38573146374998, -110.62071623469316], [94.4052518740862, -94.65159085606456], [51.982469334518775, -52.22536267698678], [34.17466740592088, -34.308096195668654], [123.28889751682877, -123.5242583586061], [169.0016772999002, -169.23896587709572], [178.86181816479686, -178.6940414590316], [18.17335165738181, -17.428446051015538], [125.83589405496565, -126.08589369264601], [149.4295341952185, -149.593063138859], [108.29577603369242, -108.53162041667929], [131.9325329714733, -132.15631174597928], [44.49490878379322, -44.74084163811176], [184.04266521052025, -183.88862668333095], [164.92240443573118, -165.01270319337814], [118.37316860971067, -118.49305348191427], [71.17982186254456, -71.41617672819372], [154.2598792078878, -154.38296297841086], [14.41099021221143, -11.954777485202554], [21.93294809469829, -22.06033986134542], [130.14021050289807, -130.17383945955032], [203.2938297731267, -203.40648548486078], [59.737657930424085, -59.8991057397039], [40.436245259816886, -40.68494763519043], [142.44977094673035, -142.5076178147419], [36.24263768171149, -36.47951508037538], [48.39835898637011, -48.51812919306922], [101.54983548858732, -101.77484936726137], [138.0513919025995, -138.17426082678935], [103.7807943139114, -103.97496012024416], [27.829661629608015, -28.062072733948504], [10.110713268729887, 2.2649863830705472], [42.560220321672645, -42.7831287747662], [20.085776347777568, -19.755582246068112], [12.938781725527733, -9.002205963289997], [11.604335127622626, -5.805134411518613], [171.46130690031208, -171.7047864507131], [128.02226949554006, -128.26204555200002], [167.1056832611309, -167.10975004241942], [219.5773108854936, -217.1912533000808], [99.2596278536836, -99.50803910407791], [218.34122763531383, -213.78557885632407], [135.8449547788427, -136.07004675691377], [38.37994270921399, -38.58199580364675], [174.0506433268595, -173.984074890109], [211.53579592660793, -211.75913039700816], [151.93954512546424, -151.98797566748382], [46.503240829274695, -46.74966418703562], [205.8471087099935, -205.47366904586215], [89.72189188873675, -89.96998928103571], [61.643304600860574, -61.876803823095564], [201.04015958579234, -201.27996949410164], [176.42602989821285, -176.59092570412227], [85.50258866813444, -85.75150185809974], [198.51843316366399, -198.6371419981746], [194.37398085490457, -194.62142842028712], [10.816589890911319, -2.201727054239038], [29.892335440826276, -30.131286067325508], [65.39320711035768, -65.61014707798462], [25.845114421333093, -26.071465775775245], [73.30324788189782, -73.54882727637968], [134.00500233233282, -134.08684083473196], [16.178595115383196, -14.649824235592346], [144.42098044549886, -144.67012053251247], [69.2370112972796, -69.48637437778686], [63.4788315692451, -63.70787665223257], [209.5443019298199, -209.66182025031787], [196.66967053849544, -196.80196475899288], [156.26061736875917, -156.47606042383214], [105.91853744840648, -106.12325381662143], [158.3678307008162, -158.5920085701737], [96.78917927192543, -97.0179619132236], [57.80721628633029, -57.85878803369732], [53.79031671879238, -54.03987196854271], [186.38723823323153, -186.6321113056044], [83.33510918878736, -83.58505641509538], [92.19734499021129, -92.0887497673271], [79.29021172127702, -79.10000915927647], [181.6596922719897, -181.21337223357548]]",0.008985,39.07
SRN,MGPSO_feasarch,5,100,0.900557,0.264307,26554.228975,0.313371,0.080709,20.0000,100.0000,"[[171.65578390155446, -171.8807654063409], [185.25044531591053, -185.31835807151526], [81.11067526975242, -81.36067485748057], [157.53826106090312, -157.50309576443013], [34.365805634522225, -34.60988931620728], [100.73120790015123, -100.97222101796808], [180.88168462769238, -181.09300026943242], [19.939232218155695, -19.698880094441826], [94.0934508509724, -94.341278989449], [113.43394489369504, -113.65178139859415], [115.75111240323594, -115.97325585052286], [40.272945059970155, -40.515937508636185], [76.82718320426041, -77.02990603412216], [212.19159595126865, -211.85589056891632], [21.90451520054115, -21.96170609477189], [193.50821300936863, -193.68086196615405], [214.2254370558369, -214.1279759941335], [85.90343795406388, -86.10525604462856], [206.8761023914093, -207.1147884272282], [183.29481131842402, -183.3745575419046], [225.24436462341663, -217.26974173097247], [38.36819900420478, -38.581618026268316], [64.2163036475415, -64.44534606394592], [141.0211654164133, -141.26679972208103], [16.17102508255546, -14.700889055761152], [221.13848712463368, -217.0912795168444], [23.981123367077497, -24.17059556574321], [120.4438535925393, -120.56817388281297], [217.70318183985088, -215.4042051923756], [125.02559069476698, -125.26397427684967], [30.196406508570643, -30.396806454632404], [150.69564662834063, -150.54880770011542], [145.7034674643452, -145.9354691601098], [187.3060563825372, -187.39408714965026], [155.261245449418, -155.49682740212492], [209.52220431968593, -209.34125355721298], [49.133771263170836, -49.177764407989514], [102.70964412357618, -102.95859063599204], [108.94424339111481, -109.04980681498459], [165.6916904207454, -165.7777884328351], [32.32251143692352, -32.441629829862016], [46.676511364331546, -46.89346856415091], [197.6561896737887, -197.89258857628488], [74.72444655194178, -74.955395137229], [55.89276467695019, -56.110430650315735], [18.02636540790956, -17.36294230469315], [159.35599109633011, -159.53059769114398], [58.11704663067425, -58.304376201553346], [10.130160235541105, 2.7582537051764167], [132.06627827446573, -132.27892319789896], [62.28945075496738, -62.06240896150942], [12.792734930427823, -8.52121905419485], [91.93110189791943, -92.18074641255023], [28.178984621885366, -28.362704974440106], [178.486223402896, -178.44506482309194], [72.7337928958171, -72.97064466661168], [136.90456083810318, -137.06434816594634], [173.97720262354977, -174.22549710084266], [199.75410335818654, -199.90640999860022], [70.6889004351785, -70.8400966095237], [36.318177493499846, -36.56445401703597], [167.9440250779431, -167.9612564532288], [176.16780429185383, -176.4176775454874], [78.93283264011292, -79.16068066423688], [88.00319900657847, -88.09935551908912], [118.01358735690127, -118.2628875171822], [83.48266928945392, -83.71644678683083], [51.38464303132821, -51.61958520867961], [42.4225930324544, -42.5212377468651], [26.060861789483923, -26.297720586401823], [161.60328245708035, -161.7087554265624], [202.09783372806513, -202.05281347403564], [98.63634673155352, -98.77573197462333], [60.157738071775135, -60.285542866856545], [10.601178404302612, -1.6168991310973704], [134.4020472677374, -134.56766705627768], [111.32646744362441, -111.37678278684224], [195.7256769122242, -195.93321887266586], [106.86952789085096, -107.08295473059131], [143.2269917479039, -143.32472402876562], [129.5304332636179, -129.77652640625695], [148.14270226795537, -148.33495807163652], [152.90886897125148, -153.1333283116995], [189.1748043689401, -189.40102268078914], [139.06011360765206, -139.27708137055535], [44.59976407873914, -44.78337567604265], [204.36835064976816, -204.5916816919678], [96.36049575893705, -96.60347607454206], [66.34957721786618, -66.58893808207517], [90.02124927689124, -90.06602264819767], [127.57073935138756, -127.45495263376807], [53.65281865117768, -53.90209640889822], [122.5610231541557, -122.80876224781566], [11.624816407595823, -5.430542560527581], [104.57997417725537, -104.8175257306707], [14.303170654704154, -11.639557344758975], [169.80359831170827, -169.73923412286882], [163.6929081425524, -163.92590806358177], [68.43976860599273, -68.61025262438025], [191.62753041332314, -191.5559692841584]]",0.008622,37.13
SRN,MGPSO_feasarch,6,100,0.910380,0.419046,25483.580031,0.450700,0.108439,25.0000,100.0000,"[[113.92363248878641, -114.10293554356332], [160.85588935598747, -161.08492504733022], [16.63485850591279, -15.503097705897854], [169.0127409359225, -169.25870802580008], [106.63056132860345, -106.79617003425227], [10.531301856342031, -1.7774712732518418], [171.32282425468694, -171.52899092123926], [95.0897687687279, -95.20106222004577], [118.98473473626825, -119.2058862485035], [13.665722405249035, -10.478618478726055], [208.46729982818266, -208.60165395416115], [142.4623410148376, -142.57504039284146], [222.67329907689054, -217.7255647830629], [196.28393619643617, -196.53392076033612], [167.13287270922223, -167.05863070471793], [199.19469670286844, -199.3574910193344], [48.95818956154014, -49.175915063339545], [152.0292036128099, -151.98982332899692], [47.01295286248775, -47.09466681427397], [158.6903620479383, -158.86855639786452], [188.42266006363116, -188.4265459020262], [42.86639779817621, -43.115767650648806], [101.98179687514747, -102.2312143000965], [183.78658354499024, -183.97489864379992], [15.163893145567744, -13.07146333754758], [12.368708521558217, -7.720222623647912], [147.1978328895046, -147.3918108744335], [44.9634450643057, -45.06915253445416], [219.17801764422245, -216.10010645549633], [156.46503861594084, -156.71502198840753], [75.71821379408686, -75.94989614600956], [61.036412649262914, -61.27828747381977], [97.29191616143916, -97.535972234411], [109.11303681778425, -109.13516650068279], [67.40708849471105, -67.65633466563513], [71.77966848431119, -72.00266044159328], [50.96052401237089, -51.21038551337837], [173.69249294674253, -173.79460631494317], [93.00483886990648, -93.15518705787923], [104.36756993430217, -104.18659889389845], [130.48391714327818, -130.70214011038368], [176.39748989760122, -176.61724015986692], [90.99545157060668, -91.18421226903507], [164.58310831582202, -164.83038057192192], [126.41734919634015, -126.66034208705813], [181.4682398479688, -181.59643647266165], [38.82883755800914, -39.0271398764253], [36.9001287660419, -37.1020906402408], [193.3963293590582, -193.48780887833297], [179.1368751949699, -179.08662791057617], [35.02458820207541, -35.116003304892786], [25.30051155848931, -25.546919777594717], [132.56677549967316, -132.81677530140502], [123.99740544346055, -124.22428248838672], [83.05582363515065, -83.3010740270395], [116.44462646786748, -116.60722578949411], [31.019580117741445, -31.269308009697344], [145.00356404244695, -144.8099800809345], [65.2128033635671, -65.44383696305586], [10.112166534479167, 1.8786040832576978], [215.58274780582892, -215.2782949130761], [63.10530445069327, -63.3550674370421], [149.57107979842482, -149.76260446713425], [99.722991722053, -99.83125791128754], [206.30864256515608, -206.55556381099223], [29.064847546868954, -29.31379159131472], [162.87296860402253, -162.82222500256725], [40.80904267089653, -41.0582648450831], [154.31838714062002, -154.55737630761112], [213.10133800268198, -212.88900123365883], [137.68226306628972, -137.92570079560585], [84.99482041887336, -85.24297632852878], [55.07001268275104, -55.30952292361198], [27.195986322016857, -27.433418979004244], [32.98230854637945, -33.2311245484614], [86.99666956837225, -87.2445591674147], [19.87916391240924, -19.723922907138306], [204.0245645883364, -204.2513084096555], [11.324812783702118, -4.911411741477865], [186.06708963324465, -186.30014079096122], [89.02749389071572, -88.97424596783041], [121.415773728517, -121.66424403196257], [140.35473356301583, -140.4271076395545], [77.5448798736456, -77.7863619696582], [69.56071041388694, -69.80503620191261], [210.75138887538813, -210.99454915974835], [59.01205735429023, -59.261912397088615], [73.73210982230287, -73.97765884237049], [23.51003254690066, -23.677918780952922], [81.21111135340811, -81.4452785780635], [128.91685552276385, -128.38468038258213], [57.01650756343513, -57.19018975826282], [18.38329677076086, -17.530816808706454], [53.07019351881804, -53.19863877071573], [21.707804579483074, -21.652052912377535], [111.68546191070321, -111.55182436376748], [79.44196484742625, -79.65852540873053], [201.5370377440118, -201.78689692240346], [190.85056901060318, -191.0606419835749], [135.24001338095098, -135.48987853382053]]",0.008781,37.93
SRN,MGPSO_feasarch,7,100,0.904421,0.421085,21540.204983,0.353847,0.089484,23.0000,100.0000,"[[142.49663287854278, -142.59276188724485], [113.16588099021553, -113.3998765067938], [167.17274253991096, -166.9067455811292], [210.4812646136199, -210.67934811199723], [185.46609020372236, -185.68035537899192], [42.055540622985376, -42.1520507340021], [38.18967587887943, -38.42089206702049], [46.16940944393226, -46.302929833985374], [108.53135796722742, -108.73876437217795], [99.07748184072237, -99.25770841024425], [22.520296258458195, -22.52925938245294], [103.67886756467556, -103.86143930664738], [215.57884312901433, -214.6767270999063], [154.43277904449107, -154.6635436737181], [171.3590579439415, -171.59811123857287], [13.983078873006525, -11.19646792659074], [115.41980553137611, -115.65588350677737], [131.0716646125506, -131.18689601332164], [55.937170315873686, -56.18701305821065], [68.75558021719209, -68.95161253096677], [87.96162950885558, -88.1127622619737], [57.9255739802193, -58.1701007383536], [92.35861985929122, -92.60733658904897], [180.56776854075642, -180.4255647168109], [40.04829967290325, -40.241584640280536], [94.67879273361426, -94.7785404613031], [83.58574574184834, -83.72826667328565], [164.77089683261252, -165.00976489004378], [197.28511992567238, -197.34200170871273], [50.07806386141625, -50.28181671298705], [44.045509271811255, -44.29311431169555], [101.3224626170399, -101.52955469411575], [52.17530805735696, -52.107414385533744], [64.32571069895815, -64.4907578895857], [24.67580845847982, -24.92520392616745], [169.15046530209204, -169.3948493665762], [175.95084060292012, -175.85351661893387], [187.98876779234948, -188.20642704234552], [71.1991463035122, -71.09377814243388], [201.34881866727414, -201.52161957164714], [34.50101448115382, -34.66144711414761], [20.428236193139302, -20.306502166730976], [223.0988428127699, -217.32514787501356], [77.82054051887135, -78.06395465429422], [128.81472335192, -128.95929519312085], [182.92333244468023, -183.1632803918101], [173.57084353943978, -173.78407658886113], [151.82459591686037, -152.05754969562742], [190.2386249899868, -190.46004918846535], [212.93928721040828, -212.3098082998021], [75.60071424313482, -75.80484444332768], [10.123889433278372, 1.736231550430797], [90.22130379305828, -90.33667765345427], [205.97589670251256, -206.20637019866354], [53.91664021509043, -54.154026926784965], [192.71419477756422, -192.79298363773432], [133.3786411644635, -133.55461190456683], [26.791661388315596, -27.039879075378586], [81.66760121406729, -81.67188634833167], [135.50890561379273, -135.59709412717385], [199.38308063295835, -199.5715330948702], [110.85000491237345, -110.77132670279232], [12.62489653884861, -8.14340425292972], [10.544230027243332, -1.9722204184235572], [147.4211580151046, -147.53395066777998], [144.62648620292296, -144.8699045822765], [162.9249280283803, -163.16721651784673], [208.52493568728462, -208.22726299806564], [140.4387009844956, -140.63607943221834], [18.632656446028363, -17.926361610740738], [137.90116105478575, -138.07637739700465], [195.17263377727258, -195.14561501185815], [105.93852961262579, -106.1691277190163], [120.30337344339041, -120.55002120946746], [79.81186476198522, -79.9138203590726], [117.59057833578846, -117.82935002684296], [85.77265690765299, -86.02260136334449], [73.42229573980539, -73.66615854039023], [60.113454500120866, -60.339641329550226], [66.6259042870503, -66.71771937203829], [96.76024892813896, -96.88067450937433], [48.081052993755215, -48.32232541667312], [124.78000575888925, -124.66384268563078], [122.54777119912517, -122.78875129961375], [15.709190286630133, -13.430680410336127], [36.35543746668805, -36.600869875949115], [203.46956791855717, -203.71935170249944], [126.50158382155182, -126.73960246346604], [16.965804907993913, -15.860874778208105], [11.435387020264429, -5.183757926462623], [158.36098037437918, -158.57510434419083], [219.04849136233577, -215.91255569187837], [28.83886710434023, -28.91592848529323], [62.349476824820776, -62.59878947234709], [32.59348421042057, -32.81162707592849], [30.67491627676703, -30.908880330569843], [178.2381085520637, -178.30096479640372], [160.88590707752712, -161.11870429862387], [149.718283883741, -149.96664636193168], [156.56599292300618, -156.52173912136297]]",0.008808,38.37
SRN,MGPSO_feasarch,8,100,0.902619,0.317032,22509.299321,0.461764,0.112293,17.0000,100.0000,"[[44.39147877359343, -44.586740295372834], [198.35577425568889, -198.40612833222207], [10.113538328706934, 2.3487549384279083], [107.06519596404463, -107.28651295396836], [140.24130987896794, -140.1784074321745], [17.553873439281197, -16.638970990961944], [88.23052602832234, -88.41726221900186], [57.06241475746316, -57.31193872979468], [203.5359340210171, -203.64709444312044], [159.38874848295018, -159.6289694166801], [71.81282756654521, -71.81707794351615], [48.79355467036224, -48.86813370167141], [103.31981253830108, -103.5499655750817], [127.97865058401712, -128.10551130996816], [105.21531956034231, -105.4311914127252], [75.7291251129118, -75.97899198895806], [135.82692935383838, -136.03440940223953], [142.37275230296694, -142.5663228090353], [24.978670455698154, -25.228322994687833], [46.57548266173766, -46.819841502537415], [113.07177438485978, -113.148741532728], [193.15178811545243, -192.86294037194557], [34.81795849586041, -35.06689673007137], [220.49786040346117, -217.33704057516798], [116.99706452945202, -116.98370207948909], [188.40024529859664, -188.55016373132298], [123.13050869072256, -123.27636587253937], [19.267389386070338, -18.870708925616345], [65.53485906724748, -65.78299155206099], [59.31465765247968, -59.35719316932199], [53.13083107424697, -53.1590149236745], [134.03948604471833, -134.28940011181163], [149.09432103190844, -149.18768069356804], [118.71777740695619, -118.963972563835], [79.71428746476064, -79.93005271872372], [84.14331281084482, -84.17113860392116], [163.92720611348486, -163.92557363626645], [161.97492621129607, -161.57774736015074], [146.9450973345797, -146.84903558205798], [28.950706586228762, -29.181466033784766], [132.22625477185773, -132.4757848422323], [21.07107747961137, -21.07212716653686], [50.88920421711834, -51.13906280515378], [151.40713018631544, -151.5565637987804], [109.08132825927403, -109.22355902009186], [81.91887267555879, -82.04822294694432], [125.35885690109431, -125.57526591805535], [181.9774057595634, -182.17260545774536], [98.96862906094944, -99.16325049945266], [32.93233356856244, -33.124586701874364], [40.46349159041762, -40.68381314733415], [69.70426730900493, -69.76957244623141], [55.024510887754, -55.27030106551965], [200.91170974479576, -201.09229937310178], [218.56394716530198, -214.79615547931695], [172.43717634398854, -172.6519762144243], [214.15050295499972, -214.0532437362652], [153.90251471378824, -154.14783871489243], [174.75262410327454, -174.9944279589963], [177.19829234625163, -177.44063215307705], [13.330467634169855, -8.842950262542121], [36.828681700742784, -36.85324830039845], [170.76573083473593, -170.60992316205764], [208.655940546273, -208.70856689791486], [77.62603464200743, -77.73356945158878], [14.461052548605437, -11.883558346424275], [86.12680073602064, -86.34864115845407], [67.62657345687566, -67.8310455860171], [38.567178195618986, -38.8152778971485], [10.67838133402017, -2.3053918591460345], [30.92838331603049, -31.148067374744365], [23.219031278438592, -23.142043153004444], [101.03930509619165, -101.22153547014473], [130.09010623770618, -130.21330952156924], [96.90249232712986, -97.11204627321163], [115.24493741468642, -114.79009240668597], [195.64724116549235, -195.83942444045448], [11.799752994575835, -5.680640740970841], [137.88830017192234, -138.09070799411182], [121.14504707315099, -120.66222528313001], [206.0402719806297, -206.23509972333943], [16.000464742490188, -14.528331423958557], [73.90832477685584, -73.92476988559096], [156.96102128418528, -156.60251237132744], [111.08352798581771, -111.33242924759755], [144.69210003982076, -144.93852542129517], [166.28223897478077, -166.50855641374847], [61.18953330667303, -61.32664369591542], [26.967893726599193, -27.21777192575483], [94.7204810486751, -94.9704225284133], [90.42247549809218, -90.60465635992784], [92.62430664374398, -92.74732957055403], [179.68246076906289, -179.91238767974536], [190.4816714205243, -190.68131186010692], [184.29941461625722, -184.54909659538805], [186.59340689691408, -186.52907725677264], [211.46100115372818, -211.41322235934314], [63.18906221422708, -63.438783603738116], [42.5105767934886, -42.58040935246892], [168.2757282647637, -168.39698476470278]]",0.009328,36.75
SRN,MGPSO_feasarch,9,100,0.910183,0.389645,22535.428385,0.495189,0.109663,27.0000,100.0000,"[[138.8134853228627, -139.0512330516184], [197.86279513003709, -197.95154672758787], [200.13780918677136, -200.0703165214413], [111.63102162513317, -111.87869928504276], [66.81673739003858, -67.06625831920353], [148.18412432388038, -148.428351562858], [116.18242173867655, -116.2496277814034], [97.35580442748591, -97.51912052046848], [23.146364112512053, -23.3455306938043], [113.86988010262687, -114.04933504304164], [118.26456970815356, -118.48864985700017], [52.95180211720691, -53.12693855491259], [190.7455208076506, -190.32210045158644], [45.057080931255705, -45.28183541892539], [80.81405858152975, -81.05365557525964], [204.71063648983107, -204.95202064439744], [78.86944535943553, -79.07194368692853], [162.31301273644416, -162.56182309423644], [210.43958138386873, -210.65941430621876], [54.96929615829881, -54.96132351506503], [207.4948875415959, -207.4010836863216], [104.11443076465522, -104.364279543596], [42.961802922682, -43.10244328878616], [159.64421029363152, -159.8829510748686], [134.02276054390896, -134.14205674295903], [164.63047767567284, -164.79229410929563], [11.107728094207895, -3.861087128784688], [47.14988342275133, -47.39475613957031], [84.74647923823431, -84.9833935456264], [173.99028852987308, -174.24020213724464], [58.67591645259612, -58.90567166979474], [69.08986187744327, -69.23738753336897], [10.136372276075669, 3.003651481723727], [171.61908919193363, -171.74573405094154], [12.027547142599563, -6.667339740766225], [21.321923357583227, -21.26500416215088], [60.68423181134747, -60.86758954433641], [86.78252053229818, -87.01793752057796], [202.3249963007952, -202.28404257938539], [106.87009971011464, -106.6946111406947], [157.75566109363587, -158.00559821402481], [223.29746123748873, -217.7322017198385], [129.6461197354186, -129.89593083150464], [181.13530937125537, -181.33746524354282], [131.78788259548747, -132.01535817056669], [24.9928079289784, -25.22035128402394], [176.35267763613632, -176.57322048102594], [14.57398966355748, -12.225280878012356], [193.1285943246734, -193.23709688120158], [216.27382503261853, -215.13463361692914], [152.9033618890942, -152.8867033591411], [150.42164024407955, -150.60608864036314], [49.06697704685992, -49.302257586655976], [169.571502713356, -169.40463935050735], [88.85180398504355, -89.07035500497523], [90.92694249404913, -91.05667368504447], [10.416937385558224, -1.1745609935785604], [143.77560005822028, -143.98577145486436], [64.67395110851137, -64.90099929157029], [37.15192350894735, -37.30188591370772], [109.38982280294941, -109.28870996762902], [28.969308851068213, -29.004792778345944], [178.9192831690152, -179.11685485711038], [93.34313016741088, -93.1306968413125], [123.04866133128853, -123.2409121516437], [13.210137746893125, -9.512016674550146], [166.93311853192483, -166.93542711203557], [127.71564508908571, -127.78037331811272], [26.992453476231354, -27.155885720466458], [213.55623134518862, -212.82622455911252], [56.746269594467414, -56.985239293837324], [195.1450863632297, -195.34368966401624], [99.41215699474938, -99.66206049259543], [136.40670628194, -136.64966535566415], [146.01800379354495, -146.26378218803433], [95.24359806673547, -95.40554595395332], [16.160951605236647, -14.744776016508872], [62.70407925229938, -62.94063402189918], [141.15097751150364, -141.39545110631107], [183.23292245742167, -183.25400124522565], [33.03032149693185, -33.24275419657071], [82.83981462474716, -83.08736842555747], [35.11627089712037, -35.34104679115527], [74.93662737517198, -75.17872513555393], [120.79350927271605, -121.03676897204254], [30.870549514955023, -31.090633016036904], [41.04694035946937, -41.15309974049116], [187.77110938582854, -188.00695758568503], [39.0587873862535, -39.30502986592697], [125.51784136883963, -125.73275886973056], [71.15766923539086, -71.40125386131422], [76.88645570788869, -77.13620479453398], [217.97182628710127, -216.55725868748178], [155.39497624952745, -155.56950756607426], [19.381764361804304, -19.054802139505554], [17.75425800613416, -16.898328927570095], [73.11044043726983, -73.28332168875417], [185.30158953970778, -185.50356588776563], [101.85352168788435, -101.83055958650658], [51.008193053476475, -51.234739121817384]]",0.008538,37.81
SRN,MGPSO_feasarch,10,100,0.905042,0.379265,25608.696979,0.540932,0.117323,20.0000,100.0000,"[[58.306039759403724, -58.55277685583431], [161.2992328315653, -161.35354381736866], [98.13085313393054, -98.35245938676235], [190.98981412167944, -191.21933484948656], [42.38331360590296, -42.60305576117484], [105.20281605553612, -105.45153416804348], [64.34422420456647, -64.59064945267164], [119.93595245953001, -120.03467570436703], [56.29686993037244, -56.54449919381375], [62.33630431381009, -62.43423730045102], [60.348633441462795, -60.50891542973679], [151.65435391612377, -151.88282755486372], [178.89259187770085, -179.12245713850626], [128.95276855108835, -129.06022134162865], [201.9079135497701, -202.0547354017506], [54.270531180977784, -54.51068928045021], [141.6793427361769, -141.92678182360493], [79.28499179966961, -79.23794017593238], [91.93686216140657, -91.93992092262208], [169.12341385135224, -169.33416284590993], [74.53463047298132, -74.78067698415344], [131.15912292847108, -131.36734296653577], [30.39660707568572, -30.597337791369732], [46.20887640587377, -46.353550092408454], [32.42109001802375, -32.66874170265256], [146.74764123904126, -146.99176002700227], [48.148131462550744, -48.39662547765077], [133.80478167775783, -133.82519471157465], [185.45795382396935, -185.69761274846542], [126.80374599046387, -126.81867543299694], [206.6408861898039, -206.77031336595724], [38.50573617710136, -38.731953087655555], [36.60307134064377, -36.74221773158061], [28.483703869200795, -28.693813554526358], [72.56269295699516, -72.61410888772915], [222.37937360076805, -217.72120164773685], [199.60299469668092, -199.77425861964787], [221.21259606101032, -216.38893042207184], [124.37707554153053, -124.50082023141726], [139.1090272367837, -139.3569912699458], [110.20168333044157, -110.01667544464233], [14.542442368769112, -12.10505831791253], [76.88099344645634, -77.13075875353402], [158.8636116160764, -159.00829113882736], [171.41975611866047, -171.45851641930568], [100.42976741313376, -100.67620109873204], [68.47197356074105, -68.7056136700716], [87.32285597171338, -87.55085750934619], [70.46154560428809, -70.71154500511976], [187.28309309743824, -187.50268027683705], [153.95557357375716, -154.04595754012735], [214.11102167581566, -213.34614705030103], [115.06033187052722, -115.2529048575821], [52.21424209973778, -52.40389477876501], [19.53590646585197, -19.048910595778274], [66.59805913591495, -66.6671987877773], [40.469004485450725, -40.714895354907654], [156.50451653199164, -156.5719555700346], [204.64202941212096, -204.339956898355], [112.60466819920373, -112.75624402820193], [23.026540617976973, -23.050585970867942], [166.3951975887507, -166.62168386816597], [217.09935246525725, -215.85521289023683], [189.1215152838638, -188.9921682765019], [17.701877718722365, -16.97632518770758], [21.189933638897205, -20.94349938206942], [210.79026439487996, -211.01172223695838], [96.11785293956433, -96.35328779679995], [89.71253945557152, -89.84669857439269], [117.35952896888405, -117.6032302099357], [144.3386154267507, -144.4753907252437], [93.96860044133332, -94.09968056075297], [50.21407954690801, -50.38920264500306], [183.593352431822, -183.54967126695658], [85.32413190935748, -85.56141772159427], [10.116814427767537, 2.6768638628285304], [149.33485033976103, -149.2301662574056], [24.73861150943625, -24.98159515766798], [11.1357463873905, -4.1941027392206305], [102.91583602103633, -103.16500980378115], [83.29043163630939, -83.53786574682469], [44.2714990465732, -44.457767764698275], [10.470110848181697, -0.9877769844997566], [121.92062093806422, -122.084389588677], [26.62020858167636, -26.86463520549941], [195.3113720554399, -195.54091244101363], [81.10702901805621, -81.34305128546734], [176.34148228603445, -176.56151886523665], [163.5975048357531, -163.69863956371935], [136.63080793169541, -136.57681809365178], [197.5486495771474, -197.70309426002402], [193.59070270898536, -193.40455959912057], [107.73869546148218, -107.85380716518034], [173.9594710269639, -173.87252357649186], [13.27359261090205, -9.567624427163988], [209.1385442241957, -209.38166913951872], [181.23476396672459, -180.92676980654187], [34.61956982510862, -34.780914914483304], [16.16854176963041, -14.579351552475973], [12.018617503388324, -6.789342330215517]]",0.011566,37.19
SRN,MGPSO_feasarch,11,100,0.913161,0.373466,28137.137491,0.469927,0.099361,19.0000,100.0000,"[[216.00347910383607, -214.99092069050977], [73.9961289848197, -74.234423865661], [128.60469576086524, -128.85355945338688], [45.768735569070685, -46.01691075907647], [117.98884280604965, -118.23357316835458], [39.027272872167174, -39.277235250869], [155.33453123893722, -155.5079816978607], [109.63398882205487, -109.78821477477013], [55.16995856547043, -55.269087314157275], [122.16881710891874, -122.25818334180079], [131.05323992790997, -131.17450105191364], [153.26308260735135, -153.5128929937091], [135.68082491527795, -135.88402110935658], [184.185449627541, -184.35434400101036], [171.4135131262969, -171.66239424330269], [10.102020927819746, 2.87433648868629], [59.74067695343755, -59.96768291553095], [22.367542342058556, -22.39091705608545], [68.11627691208824, -68.36162833037238], [20.388875010817166, -20.297531151306565], [97.4244924648591, -97.38098085727016], [119.94824960634992, -120.1967131617227], [182.1702214865491, -181.88924414886188], [111.74330373697035, -111.99320760678388], [207.56452437988912, -207.81445289352243], [85.72106002877683, -85.92730638023181], [218.18131129117657, -216.43926396094656], [89.7504411404289, -89.53228330252134], [52.702501666270805, -52.86858936912639], [191.71959569882415, -191.8430259792037], [64.10110565151501, -64.3038362571923], [48.0483516727642, -48.29364677880481], [43.52249838677719, -43.754463983132084], [50.39001220597457, -50.564058625226814], [205.08622158430344, -204.80520185644582], [77.70522467025343, -77.67688569022914], [139.7791207214472, -139.93798842564337], [99.00313936981796, -99.24913141842919], [162.66949332581663, -162.68008159290645], [141.96801365841907, -142.2062030716723], [87.65015957685472, -87.89958491812047], [148.66557679038615, -148.7797987633074], [105.34033231365073, -105.56484259168795], [95.56772102571436, -95.8154192326626], [133.32610487849558, -133.28199886148232], [18.75011730911775, -18.010207484566088], [66.17232443136312, -66.41032480740125], [26.29138162170883, -26.51235542176586], [81.76685158802252, -81.96026121772216], [194.34158370998688, -194.4651608100957], [202.1940664713268, -202.44293146474942], [32.46140431429147, -32.66749885496037], [146.22149147187966, -146.45819762452473], [115.81948446506662, -116.0327101356834], [103.18436791252776, -103.427402901282], [28.286967540933933, -28.530054086778627], [15.199340745954395, -13.30623408379273], [165.26436684860292, -165.1856932683361], [41.30321917986822, -41.545977443843725], [175.70787678356334, -175.93512621714578], [24.340650376550936, -24.480730385232796], [30.37463919971919, -30.60801056357314], [179.9734599645712, -180.03800610748516], [91.59106903062647, -91.83940696226188], [10.393182891773872, -0.9218532701885946], [137.79799907954154, -137.78232724443558], [126.32230938484689, -126.53809405694903], [75.93203867124222, -75.90488022702942], [107.57081371723537, -107.80768290104734], [93.52798213913428, -93.77678708130527], [114.16988886400125, -113.74302548206052], [177.88647981343658, -178.1259177899965], [57.51355979159595, -57.76346202892734], [186.5937908478926, -186.81502060514654], [36.738310667080626, -36.988203554114016], [157.77713131322625, -157.8190939676873], [13.652362144432663, -10.51404974256462], [169.39922967610613, -169.5704233568414], [160.1029135948631, -160.2335386721762], [61.85128032914632, -62.09200721380827], [124.24347041641381, -124.37765115113389], [11.203838336199219, -4.574039461719199], [150.9529830965732, -150.7119551023271], [83.71751673910589, -83.83269827113888], [189.21550039703823, -189.1190861310906], [199.72147473767853, -199.95220746936707], [12.357291092091518, -7.485856642811154], [34.55164328973015, -34.76441940926746], [196.96092638904256, -197.20303623557038], [79.63701730217699, -79.8818637780707], [144.28071102588166, -144.37466391623343], [70.15377416846842, -70.40261875968446], [210.01184084471214, -210.1667270924293], [167.63568490858606, -167.4643118750059], [173.68389352711074, -173.91359073567247], [212.38797739163545, -212.57265468954222], [72.15491635707173, -72.25318315196753], [101.10025005700643, -101.1970188329403], [223.32671975550716, -217.6390398962481], [16.858405085955077, -15.748585666921326]]",0.008622,37.18
SRN,MGPSO_feasarch,12,100,0.913685,0.344147,25680.219376,0.420032,0.098623,22.0000,100.0000,"[[197.63838520170697, -197.88220580654763], [147.91276190479994, -147.7483380535374], [103.747187122278, -103.98817308079045], [226.3356613678667, -217.2396377066206], [68.408911934153, -68.44330853381588], [204.3625986768296, -203.74317407033638], [98.55394882330424, -98.3601164313661], [209.36177062651257, -209.51333796751473], [100.21694629656125, -100.46680913722622], [201.77101291011505, -202.01779314475567], [101.93046749750634, -102.14069954277227], [58.94508481834822, -59.167250780971514], [85.02203708722371, -85.2669402115512], [107.72824834775287, -107.970603598706], [50.077067239060405, -50.204247882615675], [191.03284185776818, -191.27906754839933], [63.781213886322995, -64.00846544188897], [105.78479709390945, -106.02191901479104], [35.1140626678462, -35.35519386955009], [54.72460773922324, -54.807970896826966], [89.8655657858827, -89.85221205458498], [172.54477283059154, -172.79358431400073], [177.67633956510886, -177.9049420265584], [207.41982135400963, -207.6193276966572], [87.25730616839446, -87.49387039282624], [143.09954146618227, -143.27060397409946], [199.88323854329715, -199.70741261887616], [127.6623178823605, -127.87136793879995], [154.4289356047909, -154.36149960650823], [114.27256011601524, -114.50850361983898], [211.59846317650957, -211.84840476862445], [10.513668385975205, -1.806388670613134], [193.49424740462538, -193.50155606254262], [221.043646228842, -216.90944046796224], [39.48890443827276, -39.63088728325709], [10.134201681320512, 1.6672628072865772], [76.77716878270446, -77.00726767793562], [125.62921044910078, -125.7104567767725], [156.47030607526978, -156.55164593134697], [19.636086267441726, -19.332815254728], [112.14366283259717, -112.37625866663254], [141.07218353973022, -141.26513358602526], [169.8422156510654, -169.92224575987902], [179.77613497995156, -180.01784374539625], [167.70521399946296, -167.23107431345818], [21.728863842823095, -21.82227458917788], [195.48143785730994, -195.6851022919555], [74.90151740944256, -74.88376662639317], [182.26563438384102, -182.4635027221021], [145.40649180228937, -145.39887845498592], [61.35938041178841, -61.60937785164245], [152.15284527716807, -152.32709089956427], [162.46232403547552, -162.6902969152368], [17.66420018202817, -16.757986718500824], [160.4535233421178, -160.44462846560936], [37.357364853651774, -37.48179119446757], [217.4225505815142, -215.2619923308647], [214.14884389887044, -213.635642440605], [129.82797313008209, -129.8835622442333], [116.33544530947333, -116.02063658916134], [32.98249866577134, -33.193619152421334], [123.25634763851961, -123.44926214582836], [136.8105306230642, -136.5577481569437], [26.38011313597213, -26.594413181519975], [43.450072234138446, -43.684821605509086], [94.17362169923327, -94.41403771605228], [56.8400868458086, -56.78941335860125], [70.43549058986, -70.66163520189002], [109.83740364053065, -110.02465004817314], [52.334647046670284, -52.58461015207669], [205.64602918095133, -205.58740976237345], [164.70625313746262, -164.94811671103355], [83.05592293135244, -83.28960906638807], [118.46861232222021, -118.55235134178331], [184.97175167278246, -185.08914728459268], [138.56286706201027, -138.81276069492674], [24.071554182655397, -24.281130708871107], [189.00005465022682, -189.11980020086327], [131.98988430137854, -132.2373414494248], [72.80739812500383, -73.02190968815266], [91.98609646952548, -91.78211079057598], [28.64086411868717, -28.776239264712903], [66.07757750462176, -66.28221967673261], [78.8900094341027, -79.1369638253841], [14.268319983823043, -11.69727007308419], [30.8199679525479, -31.02630180098474], [80.95996048880923, -81.1636948987083], [12.793656814645495, -8.560693855242295], [41.35029222232953, -41.577183421246744], [45.83576890867544, -45.70950076921049], [120.91972469563956, -120.74821918437733], [11.699498352747671, -5.304052739584192], [186.99653200930265, -187.00975147223392], [174.9480039078435, -175.0389390119587], [16.20983627209711, -14.583684744154358], [96.30980463856548, -96.55568075379635], [47.937284366994604, -48.18085869758648], [150.38975403736245, -150.6279968453448], [134.28778332149264, -134.4037703149862], [158.21268091319018, -158.45849733160307]]",0.008877,37.19
SRN,MGPSO_feasarch,13,100,0.918319,0.477403,23650.096313,0.471581,0.092494,17.0000,100.0000,"[[72.09377856705707, -72.30191863524387], [113.73381178038201, -113.95418905879453], [105.70425862259724, -105.70515882152137], [133.0686420384008, -132.56704375372777], [63.87221726852033, -64.02432145689231], [120.57634515178633, -120.55840197387822], [16.317436560422067, -14.819774846406139], [65.94571192366617, -66.14333591093607], [101.4538977061153, -101.60596460078737], [103.5276051953712, -103.7768471167453], [116.09386902884917, -116.08486527802273], [107.5591406158565, -107.75707101207101], [219.0148250613248, -216.66466184326782], [59.30256514968753, -59.54295578706628], [26.09758983202223, -26.325356709650173], [194.48068570148558, -194.44758280555993], [126.81203983564028, -126.716419027932], [128.80278998953293, -128.91219577234435], [174.36504527056567, -174.30411992116558], [178.63723187273726, -178.775584628551], [154.64269113090552, -154.8322724543426], [152.28835903777502, -152.50587158059017], [28.37351101093402, -28.62258809245158], [191.91405835001459, -191.8875281939365], [171.98075225349433, -172.0673820801031], [40.328876278241594, -40.578779899125806], [23.98587335918172, -24.05111150804864], [187.22270891474352, -187.42609456532813], [134.7519752592511, -134.8790623218599], [74.15986947595779, -74.37823416121522], [91.37413966631186, -91.41969264748329], [182.99583507180301, -183.1045405970982], [176.40229578579513, -176.4818403255173], [95.05715267287951, -95.30617603387824], [52.70343223550826, -52.88614359416753], [150.16919719640288, -150.29577934543036], [54.9121267713891, -55.162120561956606], [57.14946501090306, -57.392342319649956], [202.06435371657588, -202.2737931792084], [17.992991603147846, -17.170305234097803], [68.09027733560558, -68.33920857702583], [199.75886653149848, -199.59512081217872], [159.72495800065573, -159.97130256800142], [122.58684599282937, -122.8272971104495], [46.23499857698741, -46.38009829720129], [167.02639436472666, -167.2327077135271], [10.140907081467702, 1.5792290498254777], [78.45456246102125, -78.43300310193021], [93.52878569949871, -93.39304239252223], [32.45405612091316, -32.70032959622252], [148.15218775552157, -148.35312171645896], [21.836708458697032, -21.949804177207092], [164.5799248949248, -164.61005515361174], [185.14233744816804, -185.32976682950905], [139.4657193799236, -139.6262994652949], [141.75734820524744, -141.99412205700548], [34.634368807347656, -34.86814582640088], [48.298035364121745, -48.527186581801416], [215.9829115258007, -214.10368792321106], [144.01078416487692, -144.0961734514555], [212.59006701083135, -212.3515301137111], [61.54200874109336, -61.767308410573904], [222.91156235624686, -217.5694753385679], [30.430327976173096, -30.646209786287628], [87.1023817753723, -86.9466251844874], [19.93391684737574, -19.58762573262024], [42.33042176829713, -42.53277634648654], [207.86888803556542, -207.13439276248693], [111.68826175697382, -111.92761111657913], [76.1464186738834, -76.30638002355502], [130.65838573317313, -130.9053175228025], [80.80283368875916, -80.74932520612361], [196.8837052150788, -197.11905921605984], [44.28989941994418, -44.43345948131171], [85.08300279313009, -85.09178298693706], [181.0941770124661, -180.37880116058426], [109.58644588361584, -109.8360043054765], [146.0367783458385, -146.23660123976094], [13.266889913406027, -9.74753978620899], [82.9038819865261, -83.05891065653927], [10.808258064153375, -3.132761217574444], [70.02580366809035, -70.23394008957168], [97.30997662432456, -97.51261902419486], [169.4900855813415, -169.7387048431689], [189.34992420664582, -189.5685195569178], [157.3412895261772, -157.51967831172763], [99.54770120369206, -99.17868528465964], [124.59988327381845, -124.84234142883949], [118.25287923880799, -118.50286104593029], [38.558094065087055, -38.75250226081216], [50.52760891755793, -50.77316600640893], [209.98213179128715, -209.9728234500375], [36.68697116276064, -36.65668711327145], [14.795487639692457, -12.316544712122552], [161.97006471976098, -162.20386265819494], [206.2711328210325, -206.3797283479885], [11.998966538466181, -6.954182534256935], [137.05682756121368, -136.9880583092037], [204.03506268331284, -204.28485840526753], [89.0330404023408, -89.23069152399074]]",0.008785,37.27
SRN,MGPSO_feasarch,14,100,0.893438,0.329415,23333.432273,0.500859,0.113016,26.0000,100.0000,"[[207.0159571028622, -206.9513648309932], [58.21576059677416, -58.45302226520133], [112.7791511098307, -113.02227321471003], [20.803306192422106, -20.59304859484846], [81.76675007886598, -82.01661129605023], [32.52603048433754, -32.756688589256626], [103.98525862262208, -103.83216913705385], [149.28047392769145, -149.5300553224421], [85.89388344128028, -86.14257747218818], [211.09253218073832, -211.28636718438483], [41.91888417664029, -42.16851088554594], [158.46048368575316, -158.18329656857568], [90.29421305013523, -90.38296890923993], [209.27346510218277, -209.51576094440946], [79.80966343506958, -79.80963264201942], [24.758288574965686, -24.971031052542706], [10.122177423447706, 1.6511777339355822], [185.7093253238968, -185.94382144157112], [194.71502582342424, -194.90669574233337], [174.47893955090788, -174.69340125501418], [70.40326092307606, -70.51488060298936], [189.71704438205478, -189.56646927744293], [40.098213274636045, -40.347532702775204], [133.39169239437996, -133.4176358007985], [45.65963590960368, -45.900094363022504], [176.62620316557613, -176.411359670963], [153.8303349098179, -154.05813155149772], [216.83806952236802, -215.53018533221262], [115.12688234203321, -114.99302213444739], [15.02485058192391, -12.601009207335753], [178.58914666757124, -178.79622004922152], [197.0867663742953, -197.33154720885145], [163.38332518722876, -163.511249889039], [34.39738288066976, -34.63083676616051], [199.45374530943258, -199.69745941560296], [213.71554398902816, -213.82446435272263], [131.2847586213398, -131.3270441881833], [110.37735276083049, -110.62514785055811], [155.94613809328516, -156.19045451352622], [22.768023678997736, -22.928914321732897], [168.20371873925302, -168.4358339999671], [13.169412544857847, -9.660348854473103], [105.73990687904708, -105.97971609393194], [60.457567040942436, -60.68498732815143], [142.66217100219563, -142.83435681845512], [161.06611965333278, -160.79454798716156], [140.59879682544033, -140.8063744692669], [10.670295787139349, -2.4126192698343667], [101.7532417746268, -102.00315577578093], [117.32539285563514, -117.51871491347947], [99.43408838498861, -99.64121183461734], [124.16415011444917, -124.2036224036255], [62.65930585917994, -62.90819130093881], [74.11842688753201, -74.34772419173598], [187.96639618069304, -187.56661461198703], [204.24574153176258, -204.28929833291772], [11.684606371115336, -6.077834112120097], [47.5748689771048, -47.79194286817749], [145.06130981322718, -144.62084334635793], [83.79035937864961, -84.0399116177185], [172.71215273798634, -172.92323182609698], [183.71997009761841, -183.39449259096122], [30.61263464932469, -30.83685233159293], [108.1181948917842, -108.26575669328484], [66.52962163478726, -66.61225662513407], [28.75341336023228, -28.959067004950676], [16.764188504835825, -15.617983639378856], [224.20159159987767, -217.33955452641598], [165.8537821981048, -165.96907027651443], [72.22632921274831, -72.29940770098784], [94.6725627863909, -94.92198045873516], [38.22764942032902, -38.444752912396254], [43.77459815810831, -43.90055224261076], [49.68086738868115, -49.781006154976126], [151.69446906429425, -151.61968877475093], [75.8529055670631, -76.09753311657813], [218.63035616887504, -216.55473400464996], [51.737670453780915, -51.986716933221764], [181.31535076313335, -181.1546808693888], [138.0784585561795, -137.9818878658332], [26.740530828023505, -26.9905299971843], [147.09531281667296, -147.0744590063117], [92.65089071022693, -92.76471504023783], [192.1541758233359, -192.22837544273716], [68.39679874253488, -68.57767593528622], [64.60104572623052, -64.72600339792926], [97.03338643932493, -97.03639876740534], [18.89613379867873, -18.292688175225326], [36.301226855211404, -36.50827238980731], [53.91401256144332, -54.097040590270474], [201.84723912952393, -202.09510645292096], [88.08879149266225, -88.33562463604868], [135.60506618288653, -135.81911604624653], [55.929445932422134, -56.168824686457384], [119.40576360395758, -119.63873539727524], [170.36983709917308, -170.41408449923165], [126.42614803022283, -126.66543115983455], [77.7763315866396, -78.00686794726018], [122.03144994339493, -122.24893849162133], [128.83013140654174, -129.02079954907236]]",0.009800,36.95
SRN,MGPSO_feasarch,15,100,0.897917,0.300740,27559.603139,0.402999,0.094378,19.0000,100.0000,"[[103.14954945161077, -103.25369223878315], [140.47054980171708, -140.67135670036757], [79.83201714021742, -80.06416530301927], [162.18583751072603, -162.22082458817408], [94.45198252627071, -94.69508800731856], [150.20916851659, -150.3972352955021], [119.6070815637001, -119.85611067418749], [172.3556681967282, -172.5709880994319], [164.736278455451, -164.9758374840169], [72.00823954077482, -72.18085743001456], [59.96226984951323, -60.19945177975687], [73.97270936449799, -74.22014568571166], [75.9529876639258, -76.19988897461283], [69.88349843996868, -70.11401457707532], [155.1774473742738, -154.8531665323606], [159.75585933079634, -160.0027798935466], [133.72157870489812, -133.97115182253242], [123.59631002701556, -123.80357572214416], [87.84553154175465, -87.8329547434999], [222.13932308624516, -217.18032188773861], [178.69365582120258, -178.71311912777347], [55.76889540495849, -55.993936861404464], [200.3844940915767, -200.293300449306], [152.60046671291946, -152.8325656698878], [202.66322738696294, -202.88459742374337], [113.65844541265545, -113.89461008313252], [216.96672429862423, -216.04967611130482], [14.299001713952356, -11.290303507316466], [213.82257618600835, -213.64070445784114], [67.85975228585642, -68.08155942578392], [167.53541953041145, -167.7457012591472], [195.96873590803483, -196.11457795289587], [129.88798899443384, -130.11160627300072], [36.204494431335945, -36.28381268856623], [90.20269495156772, -90.00865219945452], [115.52853018446513, -115.75830386039489], [176.61984803697266, -176.52382584207007], [174.2513557348069, -174.3786097791271], [206.81136154869165, -206.89692998757434], [11.559952092236294, -5.666136880917233], [28.132555231059108, -28.356247128911193], [187.47504855266007, -187.56265715505515], [180.84394893103018, -181.0606425009256], [127.77316359354114, -128.0075399218963], [105.21814233375898, -105.39545138176022], [125.74119831762152, -125.94623659233054], [96.76194509592932, -96.99099935863936], [138.18085581312468, -138.36134226236945], [34.0953195017043, -34.27336008923968], [81.87711880615032, -82.08463233136314], [157.47684997944512, -157.25513668842052], [83.8565205666185, -84.09779146629356], [143.12308201260797, -143.13923684033378], [191.805934660755, -191.93164564566052], [42.442855621839314, -42.61166661380382], [145.4758918036898, -145.50471815379166], [135.87094179873566, -135.97322760303936], [204.66772377287919, -204.6675091100108], [147.82723720547585, -147.767517024159], [109.5366628814708, -109.7537991251315], [183.25117312787685, -182.86059532935448], [198.40765128052203, -198.18338483868754], [49.129005751668565, -49.377547599471406], [117.63265600954212, -117.87730015807247], [189.98739649269407, -189.69833895780164], [111.65295152921132, -111.87778632174378], [30.163516334357304, -30.304582653000374], [131.7916085437915, -132.03652724917418], [32.13499691921504, -32.380400073360875], [209.41520320275995, -209.65910532760998], [185.19327140682503, -185.30995289217216], [40.2650808369995, -40.47144460034112], [211.33309244049693, -211.5721485753949], [46.977579512584256, -47.17364725667968], [86.05425884623004, -85.9635156480429], [101.00865522467994, -101.24281889725978], [53.5223567293689, -53.74975524992198], [98.8493920342897, -98.83890042928637], [17.834903707005065, -17.02536391037297], [23.860237195914614, -23.98104773304337], [107.3849561140692, -107.59713558753302], [19.731840651823717, -19.54503809772188], [64.1131384219639, -64.1965292542762], [193.83442405250193, -194.0728770990346], [78.00139225676911, -78.1295489239603], [121.51908857104709, -121.75922019382627], [92.21507037349595, -92.46438801751425], [65.99490088363196, -66.13233103501433], [10.895692532126375, -1.6087213478536952], [21.823107695756086, -21.73355197822331], [57.9409676605661, -58.119442524391935], [10.130103991605289, 2.4426371340918047], [26.110617519499478, -26.3260468984139], [62.10757603255483, -62.32300850926551], [51.28691932188049, -51.5342830073567], [38.13458916021585, -38.378256734750096], [169.62301139565645, -169.8652879008737], [44.5636642334646, -44.807449627757734], [12.87560324988089, -8.529372779407218], [16.008962385591065, -14.137026130306701]]",0.008315,37.00
SRN,MGPSO_feasarch,16,100,0.911891,0.329865,25436.310559,0.407391,0.087518,21.0000,100.0000,"[[126.46146340112111, -126.66932020218226], [10.110136419092742, 3.244014289830808], [202.52253515035878, -202.75139714326747], [10.374393646703414, -0.8807288450473889], [63.86096499990896, -63.968795674807645], [38.718992585231234, -38.94558246790264], [128.65933249051685, -128.90915935022917], [119.56532955207362, -119.79937007393458], [107.42307530857639, -107.66423941817143], [69.95296099613125, -70.08581343453974], [27.359827057506052, -27.601554327445754], [17.191617126366545, -16.206141895619023], [49.11608241660064, -49.348292631477975], [104.93436091039572, -105.18267041979536], [89.81289922207164, -90.04277123271416], [71.89564507957124, -72.09215501121854], [147.51851317564223, -147.7629057774543], [77.88407309400478, -78.09473298682225], [180.58393354665313, -180.8339219243149], [51.23003709100669, -51.34791262689561], [198.24670012795994, -198.37825273820587], [121.83801621110528, -122.0829134613071], [200.42485345557557, -200.3263589867293], [36.60104789298709, -36.80843812307844], [152.24008470330554, -152.14550516442534], [221.27984590077443, -217.42496653388451], [73.96550789013043, -74.2053163435538], [124.1507079452842, -124.39147123181228], [192.11056953667153, -191.99877786102212], [156.06930197117583, -156.27592608722097], [75.9483561073597, -76.07231570778325], [109.82738785474035, -109.99811077922502], [145.1629037239793, -145.3550384339236], [47.20385674421292, -47.35751761866834], [132.43385462734037, -132.66129901693037], [40.92218208785344, -41.03746926464051], [65.92292170953226, -66.14829439627275], [167.39272253365652, -167.32048555185094], [165.24814998727084, -165.4397764326273], [32.0433677524439, -32.29333552935398], [196.15276561958956, -196.2965057298176], [34.3432025573277, -34.56725094229698], [93.57145898944854, -93.76081286048341], [13.74505378724048, -10.7566597628288], [182.69404416375036, -182.91463001776575], [134.78096089421882, -134.919172983806], [130.68801289851422, -130.78984384919863], [114.7146190362027, -114.92578295937314], [217.9447570232479, -216.60728446866415], [139.9135839768251, -140.02337715706528], [15.506203364315107, -13.537306349299513], [212.12307570651515, -212.05492381232852], [61.571765286050045, -61.71692826002378], [117.51485673962411, -117.36191738014149], [149.8134304909051, -150.06313521527585], [83.99528206794402, -83.93191421195263], [85.86013384637741, -86.02052464243795], [67.9128846968742, -68.13206281356403], [55.32591426160945, -55.48262733207193], [209.42305251879128, -209.52359300926423], [11.25564146773602, -4.4666449299110145], [19.039531156205992, -18.676733931330872], [204.6857418380437, -204.8570607522578], [12.37783292289243, -7.771528190915406], [186.67932664589338, -186.8356597836001], [97.82406054415935, -98.0439414164405], [176.15420511556343, -176.40419843973996], [193.9361141244977, -194.18185078879023], [215.22779142118728, -214.9895272874465], [95.71282174128795, -95.82765761771705], [87.81420635379499, -87.916302223235], [173.70320968295204, -173.94873367692014], [21.01911737710129, -20.988732551469393], [23.07684391754411, -23.07098634317761], [57.39301252051396, -57.64179352467178], [206.99123081571844, -207.10064009305827], [224.0660714549412, -217.4439008765966], [169.30710095134472, -169.4610729698131], [162.849814112064, -162.95772577320756], [100.04102881728065, -100.2670197545917], [59.469904224386426, -59.71002002819371], [79.8404059562624, -80.00691616005253], [178.45415893068045, -178.4407172486853], [25.25052831639845, -25.446732204155204], [102.46660168615057, -102.69578124528249], [137.34346862258286, -137.5762093099467], [160.60477110254868, -160.6347623599528], [45.02841875870008, -45.149836453674006], [153.90199040118662, -154.1490381136998], [158.21071728355, -158.4563205667957], [142.40855943045517, -142.62452651047232], [112.27377722091, -112.4948024729793], [171.70175365156211, -171.77700649314545], [184.55951859265036, -184.77234756920504], [29.877629183075868, -29.852399187384165], [53.29424425548936, -53.35282614769579], [42.94182823356451, -43.08998172183827], [91.64630147351888, -91.83956074216627], [188.7893675672662, -188.96445635384472], [81.83323363460543, -81.98821198046559]]",0.008269,38.01
SRN,MGPSO_feasarch,17,100,0.910899,0.400074,29779.852012,0.381453,0.083710,22.0000,100.0000,"[[210.7512703720435, -210.83959619734964], [120.45457033418691, -120.70353186476255], [74.39625353815244, -74.64533707088877], [164.6236050462034, -164.86094363850788], [85.95833054869442, -86.17886668737954], [188.39271428065587, -187.67866881786065], [208.2994645073013, -208.53209934677483], [192.53545517199677, -192.78540516232474], [106.45037804522075, -106.44279081923534], [133.37355530587314, -133.6155413949641], [38.78607776541092, -39.01114021525133], [122.67059498535184, -122.84966193500327], [215.972588926755, -215.39746022058873], [88.2237866302198, -88.46732031899401], [200.1723314571423, -200.35075202248268], [205.39516812044133, -205.6068579721757], [97.10219881898216, -97.34516002218024], [146.39158830290995, -146.5935421349716], [20.44134523225774, -20.108183518674018], [16.580996816568085, -15.401477285288873], [111.25172602272639, -111.4842242253134], [173.08395604917675, -173.05298824548916], [76.8021212919158, -76.97453484505644], [47.327931395002764, -47.43574094751345], [124.79783791230433, -124.98768920819373], [219.17898418169122, -216.5014920693792], [40.967697477019044, -41.12148390125153], [183.15018354112442, -183.27883919948812], [12.2491600579877, -7.269834673682693], [49.416804007629466, -49.5388235857631], [144.46123932552558, -144.53536726656023], [83.72882496359519, -83.9484549530394], [24.411123342657245, -24.64554155722492], [155.0949047524169, -155.18497130517315], [43.047655774836606, -43.28781319695169], [108.83643301092822, -109.01581921669502], [115.7816748458676, -115.97438299870251], [63.71897775709124, -63.59523854474138], [79.28168962618928, -79.37723667136345], [190.16669276369967, -190.23816215346216], [32.42905559888372, -32.678968693206414], [162.5403061308855, -162.7902830299956], [57.540066014233545, -57.77848691643129], [22.379830171324436, -22.440745473029914], [55.44856847119134, -55.69775587867869], [92.62863927108684, -92.83969820023027], [148.68862983402363, -148.7720018329714], [168.8114403340025, -168.8711291608424], [222.93933745371527, -217.56009556519024], [185.5218393792533, -185.5957630905109], [81.60463548308633, -81.55125368105857], [157.1316790183348, -157.36674661047934], [179.536822686437, -179.60450706149874], [197.66692259864607, -197.91644276726538], [10.119000757644898, 2.3011093594147827], [166.60189566926343, -166.8463529647889], [61.48273112495318, -61.695471637474114], [118.25421395601347, -118.50273951209202], [90.40897772251154, -90.47146693711092], [113.76493854421683, -113.5349985392883], [34.52141284837883, -34.76665337571164], [65.67163507006235, -65.91741133667159], [59.45471200701422, -59.66551647208547], [129.05229800967712, -129.25340299178254], [15.131879108828947, -12.891812974168392], [126.98620085544648, -127.0701361427231], [153.18452974068822, -153.39476615670344], [181.36993450445289, -181.10671880088464], [26.423277103347672, -26.673167688242504], [72.2891666750698, -72.53902611562394], [142.42179693469234, -142.27650958284073], [177.31984575590218, -177.55892601731537], [160.86319728947703, -160.94117950718825], [51.32922185580128, -51.579055766512894], [195.20357453944172, -195.45096374076974], [101.62575760346742, -101.61917854007987], [53.41357472135991, -53.659897551802], [36.675642803317814, -36.86510458198275], [45.19926483513818, -45.43819407319525], [138.04568972313217, -138.28519551829862], [213.16089970161042, -213.2343838741231], [10.58517688323671, -1.4248425938421194], [158.91404581965736, -159.12174486437144], [202.9433523011867, -203.1906021711851], [30.453125383433946, -30.54634369632555], [104.15713159899872, -104.09183465805205], [175.31125951239946, -175.4237782690641], [94.89837432806438, -95.05825130569286], [99.33677278671152, -99.58669432233943], [11.364547059176356, -4.120468053227318], [135.97553407794192, -135.53724944031273], [171.2153242501985, -171.46314618941528], [68.08990632305058, -68.24913187536649], [13.49583035258402, -10.29766475702036], [140.22278465310185, -140.4221935975806], [28.40408244884061, -28.635620365412485], [70.01739152709214, -70.21116108806473], [18.43068069245883, -17.64532416002761], [150.95532515637595, -151.10247089008152], [131.27276702937417, -131.47921974984862]]",0.007906,37.44
SRN,MGPSO_feasarch,18,100,0.894878,0.341178,24879.293979,0.497130,0.106648,22.0000,100.0000,"[[160.54844299479984, -160.74298709093037], [61.86418015883757, -62.11358685932732], [111.8588626662223, -111.98129814519837], [195.8067575353349, -195.79135494448957], [95.55890007730271, -95.74975948293167], [180.31629724204907, -180.16667081695078], [97.62962016418372, -97.85756382183096], [210.92692240716602, -211.1587601033545], [124.48496421846268, -124.68549546735596], [109.84346715503584, -109.93637030390285], [136.95974617301556, -137.1901734501007], [132.82123579605872, -132.9011512771309], [206.1131197883074, -206.11086643973857], [23.30604685972682, -23.490739822065425], [90.9061371804442, -91.1475128829327], [107.94682651263147, -107.96556947486243], [19.369084405771137, -19.100667162993442], [67.89554549982992, -68.0221248141294], [120.56218139960444, -120.62097356905011], [183.34495509007283, -182.93990581493858], [128.7254229992982, -128.96376564240458], [65.85288714898837, -65.95212806672686], [53.297508678006295, -53.53147559411241], [17.766101730371428, -16.6034578529534], [14.340468748097368, -11.754613405685763], [213.3845032997294, -213.45168467303063], [103.96302022099245, -104.0738776233888], [175.2279415002073, -175.06613829241934], [200.90677671489556, -201.10981694732106], [118.31311067694116, -118.47700071742561], [185.8491775556526, -186.09888213209948], [33.229588616336386, -33.47912240112607], [144.4389051642956, -144.66824592461163], [44.41663022990279, -44.65658438062743], [219.96143402427356, -216.63076429774316], [78.25773884167282, -78.50104258032974], [15.88827885654933, -14.31697948372236], [35.0611634015529, -35.22483312107324], [46.422830478623325, -46.67136049552832], [153.52515378494942, -153.69696550244444], [215.95106350068193, -215.03305398302365], [203.67812225435165, -203.39483262488918], [146.65448670648405, -146.89962632988963], [82.60537146680517, -82.72740501389288], [10.102402474514921, 2.5952842392323907], [134.95965483695738, -135.17784196683596], [142.68154442272666, -142.68832523357943], [80.4075920269118, -80.5913825370682], [36.852275197230426, -37.035189765620935], [84.60794984206072, -84.8303553448388], [40.525542894488495, -40.77427496932977], [155.90114759773175, -156.1287370784858], [25.29277643985264, -25.420601495315818], [116.04687974848301, -116.29401491214891], [31.382995554975643, -31.63163863139009], [130.918376098674, -130.9459956770885], [50.998746642195584, -51.22885522205242], [89.02882069583819, -89.27853870732814], [224.62791018419702, -217.444044615814], [105.95520519338419, -106.20426608446442], [190.8944357624822, -190.75051387157072], [70.15675679895168, -70.10127493859348], [198.65151560265835, -198.58378194766442], [101.69931347683946, -101.94304395829067], [55.51442633953154, -55.74260425595551], [188.36947089391225, -188.4895452773101], [57.66678700992414, -57.89987853959376], [74.13878618696076, -74.36941683891747], [168.73946688999862, -168.48078897652425], [208.56651237253604, -208.70545464061564], [63.845775892008035, -64.08316984837965], [48.839484079904366, -48.86604858875537], [72.14428450683101, -72.35240613129167], [93.33471518013462, -93.51615470050594], [27.292167721564752, -27.459914842945068], [177.84070740693272, -177.7056594850751], [99.65257593943898, -99.87962644051353], [170.64248368886956, -170.88606187512752], [12.8566831726205, -8.624764196668078], [151.14037182684243, -151.3866229984521], [193.5260925327613, -193.3448703927746], [21.430492774902696, -21.191259922995453], [140.573300031792, -140.79107557504213], [76.24818133885219, -76.40893767293878], [113.90818411307173, -114.07718685835442], [173.20914303084282, -172.82414471203117], [122.38814241296193, -122.61452407360821], [38.70942568928345, -38.91482287626499], [126.42754086461, -126.63439716734617], [29.2007018806167, -29.39073947194577], [163.3506042875605, -163.5974693786854], [42.48572583148764, -42.72869545492149], [165.9066887553219, -166.15665361641487], [11.763682105603902, -6.356669729864253], [158.2279224271199, -158.46078789917374], [59.799259581748125, -59.892011832093374], [86.8662353866109, -87.10240620401235], [148.9103916549212, -149.1130028037353], [138.81664336880863, -139.06464318649267], [10.65464080627881, -2.3187619736297735]]",0.008429,37.39
SRN,MGPSO_feasarch,19,100,0.905195,0.364837,27291.467721,0.511240,0.089231,24.0000,100.0000,"[[148.42163307716106, -148.66259904737532], [198.0762135661626, -197.3868587192044], [44.99135832563281, -45.23919555979868], [138.3260428257842, -138.3956495738509], [174.9352205723205, -175.12685343582567], [144.4096383893904, -144.46814518873214], [98.49644725020482, -98.7283553819895], [49.26950374206321, -49.42639869047221], [64.1495047742023, -64.3898898069617], [118.94206364480266, -118.99218515076565], [172.54114065526716, -172.73775322751547], [51.3964712458623, -51.61081334861962], [167.55217518468527, -167.80194172997705], [209.68570094175524, -209.10951764400716], [211.5107338104892, -211.7607246077896], [214.5520570272805, -213.29678424622932], [23.312490114186055, -23.483353835368575], [140.43919772673178, -140.30718145461654], [66.11926427826197, -66.34480473249452], [55.78418101551901, -56.02265324365733], [177.17867275262049, -177.1275149507251], [68.05991636884593, -68.16865362328701], [27.541175618236217, -27.7881245225881], [10.103537477010322, 2.643443842614124], [85.68283892255822, -85.72888357777552], [96.26908589193711, -96.51391863660504], [89.96212070931256, -90.15871509145182], [157.89724034533754, -158.12265861294844], [19.153442864926088, -18.820252379435757], [221.42416639195386, -217.37703930563168], [62.24735232335942, -62.296976609573925], [204.9746652815134, -204.12335789410787], [57.91498976966334, -58.152856835351415], [116.68035781376335, -116.87049402325492], [79.79016862342084, -80.00942676388854], [183.80395833033845, -184.0091894978436], [160.48469351101036, -160.3148186119423], [189.15377941706652, -188.9111101245014], [71.80563313793564, -72.05495003909756], [10.508385477920072, -1.1570021682955272], [38.52057128694877, -38.756556432324786], [29.698430248052944, -29.928539455951814], [25.39980395817875, -25.647996064071748], [181.72323625432173, -181.41189634406285], [186.4277011641905, -186.51543471693782], [42.846653228819754, -43.093218259989584], [123.18818672167771, -123.4354320243948], [202.30547905320114, -202.13163510692803], [13.91606299439848, -10.995230894987607], [162.83317955276522, -162.99122845891736], [114.83787716632844, -114.80815080079005], [191.31120250568168, -191.1515209153612], [134.0740041457413, -134.32075352749087], [112.50537973607163, -112.75250078511255], [100.70516107569146, -100.93933156859742], [40.6679257806034, -40.889534229884006], [165.6302020747298, -165.0789854712427], [81.74468481068311, -81.99436466408456], [94.04794867570031, -94.03026347749878], [193.75134947217305, -193.25829118698653], [129.49797923811494, -129.72806754520548], [75.70460189547674, -75.95455346240233], [121.23182315169947, -121.34711799328642], [199.89602604702137, -200.08446012350566], [69.7986535943757, -69.87021273533858], [11.579138478020734, -4.575844890286071], [17.265944457096772, -16.28293358765807], [152.65623785285135, -152.88679747351136], [206.83013796753704, -207.07223541251594], [217.31040511760273, -215.6793883205262], [53.605730269274616, -53.81545670759078], [108.00138994384503, -108.20900127500758], [77.70825294080882, -77.95600002230086], [222.72239247799092, -217.66634056031629], [125.18364550082673, -125.28781229625302], [47.19045485996482, -47.2524791395738], [31.883456274814797, -32.06346934880543], [91.97553096086077, -92.03101160693748], [155.0505086198091, -155.28053059800507], [83.75546152879285, -83.9231435553689], [131.88099609202746, -132.0088701622121], [102.90907219709347, -103.15733366456143], [36.274660593526136, -36.523749652914006], [110.12803864346205, -110.32079060246751], [127.30280107685039, -127.49157751330955], [60.02646247110996, -60.257197877718035], [87.77063557246696, -88.00652671338784], [179.40045431037194, -179.64131612168447], [15.61565250087644, -13.675117156010064], [21.2111344289571, -21.19078075880967], [73.92375614130258, -73.79836335887062], [150.45972091477913, -150.70213697086203], [142.37105376079438, -142.60318364213526], [170.58044417623393, -170.54146935397966], [146.4559288719673, -146.60295728354768], [105.44525589858938, -105.5764571328551], [34.043386697700015, -34.28251590264545], [136.79015532854817, -136.79450869622633], [12.597879041044065, -8.420424779637623], [195.51018371043097, -195.75832194797843]]",0.008823,37.57
SRN,MGPSO_feasarch,20,100,0.909777,0.351937,27221.994592,0.490771,0.110298,20.0000,100.0000,"[[174.2200941750951, -174.43748249212302], [63.49940101132438, -63.74647331000547], [94.19537378335698, -94.36839232806972], [101.19091437936024, -101.38719380369783], [187.91203713711687, -188.11864317496628], [57.65768847669979, -57.709114602807375], [33.65967994590575, -33.899322867622445], [135.43088262848204, -135.6673743159376], [193.09081863485054, -193.3191005295022], [23.25442546281803, -23.399851975187673], [105.85581860390351, -105.85501114119275], [71.780280861531, -72.00726410135647], [69.6967596858048, -69.93907089533771], [128.59820692532918, -128.7232197376607], [146.6600956911945, -146.43199586102267], [76.1818334637985, -76.43114039064386], [214.78574131410855, -214.69901775521356], [137.7577899612694, -137.85439777560222], [31.403323223524453, -31.653159714693665], [114.674629964706, -114.92409390731764], [209.22945739383033, -209.23712298999502], [40.223511345258174, -40.47318379671239], [211.73485203729578, -211.9654421522098], [21.55909867616653, -21.524945922512394], [144.22231737085144, -144.45716434098995], [59.541548201212535, -59.767224939298444], [25.21019501157247, -25.428202384262214], [154.52101438832494, -154.60341413815652], [91.85288144485733, -91.99877098510848], [74.01525587344643, -74.11656839954478], [152.41097507493384, -152.64202403689092], [142.09881493896177, -142.29745856402445], [121.70707473040443, -121.95574263749043], [55.622115565885494, -55.87207813481855], [190.47584438954928, -190.7084626567061], [162.39244239556032, -162.61034468299601], [124.08463046795943, -124.30548712241307], [98.96921050411243, -99.15905275510882], [164.3612932114898, -164.58350412212596], [150.505568767271, -150.7113569734231], [198.07734352813895, -197.96660019419733], [119.2658297349084, -119.40480790209672], [185.39051001131313, -185.44718087322707], [110.31161617134086, -110.4042994663524], [89.56793183174518, -89.33868416889484], [67.59919626094123, -67.8069299765849], [38.01947725945912, -38.26612575160062], [18.08186889071307, -17.456102931239435], [148.60431674966435, -148.51173239588127], [195.5384599490682, -195.50903210034375], [42.275719159798655, -42.52148133687989], [78.65129351514825, -78.83193605683923], [65.6670604114623, -65.6911329699702], [44.19339095296114, -44.40996095301172], [87.00902039883701, -87.23526826207484], [112.44100593992663, -112.58434692701637], [204.5100683710782, -204.3023503377817], [158.5349794586565, -158.78102616982645], [171.55212450152536, -171.63733437858235], [10.13115148204357, 1.4236963435209953], [202.2338002541872, -202.11309273361638], [29.394559607339545, -29.550062737096624], [83.18880831205126, -83.41240556287214], [130.63697916996028, -130.87687512055516], [11.560135269800778, -5.633379511532918], [126.46187749746903, -126.34600322221209], [10.762699053976949, -2.406882323353689], [221.89318476589528, -216.65175422431506], [81.0520292840969, -81.2325588818956], [53.684938098790454, -53.920022755824206], [15.099667615360723, -13.069704727395393], [178.81543968124907, -179.04966527395712], [219.90485507172096, -216.1236583214532], [182.8164922297846, -182.95537666313646], [35.882335948408375, -36.05762567198569], [49.85730076657129, -50.018693205521245], [103.48177952304437, -103.70827971711972], [107.99915547234819, -108.24059170490614], [48.07781325738082, -48.20104435485277], [51.78330323730466, -52.000615240843665], [132.99380210520576, -133.1755232575868], [19.852637669526715, -19.554187226179323], [117.19534590336187, -117.05912987549974], [166.89337301946728, -166.90943795035318], [84.91526413810328, -85.1619272388081], [156.6651614232594, -156.731007694453], [46.1767107672049, -46.26775021002628], [207.25171245827923, -207.06837070421022], [139.7805266616263, -140.0254090818135], [16.49245619254902, -15.18420936243142], [27.315814048984272, -27.530380694293804], [200.46302782290192, -199.9622817981509], [12.616218876135825, -8.428202155974077], [160.43207300468686, -160.57959775148606], [169.37910114232818, -169.52110155901042], [180.92206431915235, -180.77009062110668], [176.63410837036537, -176.7810081353047], [96.80914988052595, -96.73907801704183], [61.393986638239156, -61.6193586227069], [13.952493586336391, -10.632616764439915]]",0.010760,36.91
SRN,MGPSO_feasarch,21,100,0.909144,0.311951,25817.112839,0.510076,0.109113,22.0000,100.0000,"[[121.5153602857592, -121.76303700653257], [211.0458933118805, -211.2564986999457], [131.23859422410266, -131.4232642552812], [34.5897499523373, -34.83944728824339], [197.95690446727718, -198.20687754570056], [157.20724218930428, -157.4372964876628], [65.81098884984095, -66.05871642114843], [213.98230119699133, -213.83253924888342], [217.4973419685232, -216.3357439873481], [11.93781999725455, -6.4270466263313875], [87.9305848190708, -88.1385112992548], [79.23877620402838, -79.45097122815552], [94.64620526573832, -94.86397423225291], [76.89714481113728, -76.98981058487735], [22.759278880632806, -22.946097440756148], [143.9043414986299, -144.11838122750748], [115.32874659964, -115.39174658754189], [117.4785501987387, -117.7243876747598], [177.52616282722036, -177.6751861803089], [74.60829034863475, -74.79217546226263], [172.6086816643278, -172.82177428971997], [105.11432633683812, -105.34735494449069], [90.11319499595987, -90.35311150740098], [159.42463280850828, -159.18420742404794], [107.45369399894822, -107.65689947872447], [208.4155000889821, -208.66149141475907], [175.0287238026002, -175.2443083052348], [185.6080409908092, -185.42098230528512], [24.88924590280049, -25.137361949739862], [129.22094859698765, -129.31702782780593], [32.74924216289455, -32.998297712199474], [161.33803606923468, -161.54912392009794], [48.53461747643477, -48.77085508125913], [188.2011398806923, -188.451072898415], [92.58421004760689, -92.5383651526137], [43.9752980615744, -44.15000755633493], [55.11886315676766, -55.360528267113295], [155.35414408857713, -155.0311805684836], [30.830869059995287, -31.064230364091955], [182.7649050037495, -182.82431467558567], [10.117269252426574, 1.8718525585829715], [27.024946590246373, -27.264372082787034], [146.33905983605916, -146.18840866239853], [41.92290603610361, -42.172881142917], [38.166505729652165, -38.24818439473502], [135.05628315310827, -135.2359867724967], [96.83175346450092, -97.0794188149103], [46.19078196890324, -46.44047830261506], [85.98672192058761, -86.19820451104705], [112.71149349285407, -112.93621302321208], [170.16645615651845, -170.3766286027397], [125.29425379666134, -125.54404383585884], [206.31317211908868, -206.17874198638953], [194.63998587110495, -194.80847695420343], [67.96716809605145, -68.04448876102617], [99.0053006235512, -98.96335745450574], [81.61203629933631, -81.86196290421483], [36.34026011043464, -36.523245424168195], [100.94124062403938, -101.19106646216233], [221.33588979756422, -216.54618588193415], [139.25461260840407, -139.47174066726672], [150.41875068256886, -150.62752703362833], [123.45165977971844, -123.67713768326664], [152.76244692510218, -152.88851082756617], [13.142021806389394, -9.504532362705467], [53.00132800759927, -53.232154195285645], [133.4435341761769, -132.7238183010447], [19.03550639002412, -18.694958949613493], [57.38433344767586, -57.5624228355696], [192.40378767084047, -192.3905639184883], [165.99652280289763, -165.97483441986768], [83.87746489836849, -84.04568877528817], [109.92702581801481, -110.15502859661125], [137.1727000454376, -137.38251022790095], [59.65748176000176, -59.898730416467174], [29.021797378518784, -29.190917650827288], [200.3569507192293, -200.59417191092882], [202.65160392044146, -202.9001672992125], [148.31314099793605, -148.50534501978103], [204.17757289005766, -204.32177271348127], [40.01624343137084, -40.265825352719034], [119.64003835147494, -119.88982464564845], [61.83328044410749, -61.773612917057875], [72.45654142501976, -72.69357462982386], [16.027307921767463, -14.16671617479929], [70.06310073377253, -70.25962591432985], [10.924312400275735, -2.2337891039360924], [103.18867859860816, -103.27850669578237], [168.271214728913, -168.0666878532552], [141.73758814804108, -141.9867701776033], [50.798050009855416, -50.96542900160375], [63.90296192032605, -64.10542670557233], [14.665267951849302, -11.746856601287003], [17.493121965152596, -16.566788443235442], [190.7630594133661, -190.98966670731494], [127.32042629736432, -127.47422237655238], [180.3716554360552, -180.18971035157693], [224.5556648601729, -217.085313651585], [20.84893927089614, -20.792999086734582], [163.98513784158283, -163.174733809157]]",0.009325,37.36
SRN,MGPSO_feasarch,22,100,0.926220,0.479541,31719.804061,0.446458,0.113161,11.0000,100.0000,"[[84.27843732565984, -84.29137045852376], [74.91648541593366, -74.80924660311666], [44.20653180179136, -44.45642267246237], [19.937137165036194, -19.737083201563582], [223.08078629891475, -216.57611926457707], [60.24546448641816, -60.44907390087108], [76.74499374404547, -76.82947472457192], [198.2067666475719, -198.35546461388498], [166.0003793485207, -165.97813899521537], [42.21638324363742, -42.46475536221203], [96.78512320497464, -96.84595176713427], [58.02847659118846, -58.22706087445607], [38.34489785041833, -38.56644345999638], [64.4883515842148, -64.63511745360778], [26.17800481514837, -26.41753722837381], [92.23604997235975, -92.47810494405391], [139.37839513065893, -139.44075596442792], [151.09059399388318, -151.2573822871484], [103.8908250203497, -104.13932165207653], [159.29806999491407, -159.5359562025578], [70.48800129883352, -70.65902816031866], [80.54339543695284, -80.54635591073033], [193.45109628046677, -192.94942337439775], [106.12986393577323, -106.37936788421011], [124.57572035336393, -124.47929597185893], [157.15921849274204, -157.3782263341654], [227.47873099171608, -216.90539024317457], [101.3014002217275, -101.47988063101508], [36.55549504379802, -36.72588674907002], [40.333653035466426, -40.40211467158463], [175.12954052984364, -175.1610580104239], [16.482090679945372, -15.154862773108894], [116.99432960567256, -117.19783682684621], [208.91540029336429, -209.0673506345001], [217.15156442510192, -216.0002301257472], [14.931328731716157, -12.603295368427087], [200.54591232925907, -200.54945746923522], [10.467298623376912, -1.500000827656935], [11.376080308587195, -5.143838778292384], [141.49749292227045, -141.747450707676], [168.15690575919996, -168.31719528271887], [53.30725090163082, -53.446807575409245], [108.18853089092624, -108.43103769446958], [215.73758679488603, -214.1633187558969], [134.08900690379647, -134.3025373467145], [128.81832995680614, -129.05758770581912], [12.490090688615744, -7.943382560330076], [179.4190599386061, -179.54582533759572], [78.67470061052092, -78.72662286794736], [136.6146415546326, -136.86462217249536], [18.165060607328332, -17.52827383148143], [86.09970703100583, -86.32216006364729], [153.10901949148572, -153.23446297721767], [144.02602034496581, -144.26833843915014], [126.58507126162385, -126.83435059221665], [181.5104516812743, -181.71567631451668], [213.1144408844312, -213.18365595320412], [161.4146167829822, -161.6149878789293], [22.02846105255994, -22.125617936929586], [55.46670012789228, -55.71009023726092], [170.7769050102622, -170.93862117051066], [177.2746219029183, -177.3478731273505], [190.72159894074414, -190.95399465795424], [119.46506086678437, -119.70512373897131], [173.19511979357205, -173.22453335436322], [50.89907096061714, -51.148980259211285], [110.56699875441717, -110.30170408488607], [94.48385667067348, -94.59430983919728], [146.7113589843632, -146.95024357333403], [10.124374535667368, 2.720980741224846], [195.91118667063762, -196.0216438856365], [148.91101240777664, -149.1008022585135], [72.46575975147684, -72.7119483307681], [66.61243501314442, -66.81756519333533], [155.21624587847876, -155.27160237598372], [46.36853050267133, -46.589838523210574], [188.63514593206688, -188.34187060240922], [24.249717689537192, -24.25136306164631], [186.5735262594428, -186.47833578272298], [206.16746364366364, -206.28282527784893], [30.3914565539286, -30.62818570715529], [13.660306000863347, -10.613611113143076], [68.52723786540348, -68.76194305735686], [98.95839074615108, -99.18202050320917], [114.81268106296143, -115.01660939407297], [28.431073420402853, -28.48283812956516], [62.39766130415917, -62.58804357378943], [112.6519047425014, -112.76784441742163], [211.03215449895995, -211.23818816279953], [88.26313866648655, -88.51313144444954], [34.60183125112053, -34.65311319226657], [90.3790332269005, -90.0740287355184], [48.751215275394415, -48.87117599565815], [184.00786039555734, -183.88327943094356], [131.54045534685935, -131.67826886040245], [82.37430459828835, -82.48805539007309], [163.98873991209794, -163.60810309499485], [203.30210143750304, -203.55210134244697], [32.564499928901256, -32.71844137977724], [121.97748500332527, -122.16375770726921]]",0.008675,37.26
SRN,MGPSO_feasarch,23,100,0.920341,0.363615,36821.427066,0.472722,0.099822,15.0000,100.0000,"[[201.57597430842603, -201.1001257535716], [195.90831098631506, -196.1582936929721], [193.69254773643365, -193.88922778922998], [121.34221477937093, -121.59039582055185], [189.69865084333992, -189.94812151061547], [112.38443972677636, -112.62299028235964], [63.52238778144575, -63.46422332641532], [130.0043220237755, -130.24746885931518], [161.6767223048492, -161.9208228445845], [123.6957969387231, -123.69678780069309], [175.15238620645675, -175.39720838111037], [159.13003631278488, -159.21570917021614], [82.89040218073336, -83.13799821780766], [134.5176909029645, -134.5485371789338], [147.235869351534, -147.41919038380212], [72.32173795272534, -72.5371170209878], [185.54748932511677, -185.77782642657664], [203.2903912478991, -203.1477094428651], [21.06776219501739, -21.055595773969596], [125.75312798895396, -125.89079463180848], [65.50832618208783, -65.74480563920653], [164.35181269532637, -164.59517467105005], [25.043769676303974, -25.174593365058115], [187.7579844373304, -187.78132736347885], [215.76537942119484, -215.0518737326358], [95.80661917944823, -96.01652033133632], [179.61978586849744, -179.7022275591996], [45.912610158194994, -46.16057974210957], [102.98393983694575, -103.22633884136764], [214.29799879009062, -212.3883128392473], [210.55517542537387, -210.2887109564772], [191.56887433394394, -191.40947776343083], [119.2119737230575, -119.3494640740507], [128.00182713088873, -127.89562146073376], [84.85268165410918, -85.10085361249044], [79.09724966638763, -79.33872188206873], [140.8372555339883, -140.83531779845447], [105.48964596361321, -105.73848914192948], [69.91936819045134, -70.16850696773804], [177.18164418882674, -177.22371382649922], [114.71820917920785, -114.9482189904269], [153.56411073083746, -153.7379891883872], [56.77181884186412, -57.02009567291553], [132.18897074471542, -132.12893723457572], [142.90496525676357, -143.14843966784045], [172.89331543961737, -172.93567546723597], [149.2940832594199, -149.36072825613448], [11.562280985601465, -5.7052914658577345], [136.62684637120913, -136.76577227540477], [145.17967232649693, -145.39735603386697], [74.66124892966084, -74.90626685607216], [89.35522843740645, -89.4334526682111], [37.07358164765211, -37.3233280581829], [28.897361157341205, -29.147082080481628], [52.48354986565397, -52.59091218238832], [10.104262627888737, 2.3532461240143796], [41.53132825901679, -41.66662695669842], [207.57088493362482, -207.66897071253666], [138.6341942142431, -138.88310003154754], [199.2638934749518, -199.50981358100736], [205.43201811015635, -205.52812449316488], [43.70598270942936, -43.925309496308934], [166.73443244912204, -166.98389437196872], [181.68334528340415, -181.2780427727159], [168.689579337036, -168.9256481887993], [117.03441062069416, -117.13289608728307], [12.810723217184261, -8.546416457345405], [30.928250693211893, -31.174788291391344], [10.634020151380833, -1.861349891286702], [50.393427511925516, -50.42087975638996], [151.57818250753385, -151.69610194789277], [67.69969433757981, -67.94078703510095], [26.925000463939163, -27.166840862164893], [91.45056832926423, -91.70032339776509], [17.45138352794343, -16.485500816674516], [76.91865458495725, -76.9196550819233], [54.56961544327085, -54.81901444288388], [107.81817082496153, -108.03448977479167], [15.870127042634422, -14.174024507286571], [87.24796155550406, -87.26765457530685], [219.81534408313644, -216.67639917473272], [98.26727940694619, -98.49535565752375], [170.54579824606037, -170.71711373170754], [155.32379711821986, -155.25001023491828], [48.15380264533948, -48.40374620249705], [14.252197270750704, -11.540303677674924], [156.57107508331057, -156.73927392362503], [61.27956126019565, -61.262335138640815], [183.5833388863114, -183.6890608280938], [197.55323412383413, -197.7405617156356], [23.022860055044085, -23.185637194379645], [93.73819185571627, -93.83197658128763], [58.83529170302968, -59.080091314847635], [39.35714160422895, -39.52539344671038], [100.54742738991825, -100.79077766978065], [32.92836703246156, -33.17626510102107], [19.293727731536546, -18.830306515556874], [110.23597980912169, -110.23763938761095], [35.20372258889745, -35.229796401203544], [80.86680334216342, -81.11620844655457]]",0.012397,37.99
SRN,MGPSO_feasarch,24,100,0.904259,0.376191,22576.062700,0.481013,0.100069,25.0000,100.0000,"[[222.315532298934, -217.28730995050933], [132.0224619013589, -132.2721986463105], [212.44998028068682, -212.68873283450245], [13.426244291753468, -10.130623934464884], [185.8580569944961, -185.9660994960346], [176.02679494897347, -176.18529823137686], [199.33551318713256, -199.5662078443055], [64.48220505643816, -64.67937523649098], [34.97805281284506, -35.21735204508532], [134.38433495418641, -134.62300716915175], [197.17184651116975, -197.40445825343977], [201.58976483888668, -201.83773139882356], [127.25593414291966, -127.30185544062356], [152.77229810090822, -152.78714156657242], [72.88422498576207, -73.11116177222058], [16.531763741076567, -15.041106795025737], [14.884921858271824, -12.715086410926194], [178.68625396967178, -178.53949360313158], [94.68043944900671, -94.9231481899665], [206.4549641587472, -206.62927071194554], [38.75298178559447, -38.97897872590512], [90.45811286542781, -90.59155769066331], [36.843586662713534, -37.080765517156664], [40.685452798134605, -40.935337503303366], [12.16949176279683, -7.361711662928251], [56.55515091630693, -56.74127802956161], [119.59373937773225, -119.81739883524739], [171.18510753747876, -171.4324984156089], [124.8908159801791, -124.93315006070287], [117.42584872019415, -117.56826355391658], [169.04978649021118, -169.20165997020868], [84.92088920415242, -85.03128864607913], [166.68904562852893, -166.79893192015163], [80.98330481928083, -81.19476946857228], [139.47563364588774, -139.68521680389], [44.49644731564345, -44.68154942864865], [79.00922571220974, -79.24263686966596], [31.04423022423409, -31.2911973353226], [145.30672069059966, -145.55669301929984], [164.38430727035117, -164.43398735978485], [142.38052597607165, -142.4512458631223], [214.77752053987427, -214.62221246367628], [108.6048393977654, -108.75051129544377], [70.77483473691245, -71.02483436373275], [88.50827818869809, -88.48371341590682], [22.345338140809133, -22.515642402904263], [173.84634786234062, -173.80170769230475], [115.06477536748302, -115.31471528330223], [188.24218750746115, -188.4268712502759], [60.67729632412016, -60.91339732105819], [193.06398985468616, -192.6943758578921], [100.97811521555323, -101.10680464347084], [10.121066925376105, 2.25738519722169], [159.88370775374065, -160.02456395317665], [102.88014328827902, -103.11912226364394], [210.2200932104376, -210.4667100272944], [195.10325891591512, -195.2311487817985], [24.526548023276998, -24.77654801367835], [136.96375763356357, -137.1212248415998], [162.1751747584987, -162.42196345281224], [68.70715542933863, -68.90197322115326], [92.52868163959573, -92.77863018150249], [157.49324436898223, -157.74313016308486], [62.75118120527266, -62.646158092797535], [106.74616889036758, -106.97055763905472], [122.26001569364607, -122.34197195828969], [83.01349981183282, -83.26031868822704], [104.93533805832311, -104.88831692915043], [208.57826055166146, -208.8206392701805], [98.77865333770542, -98.9322146049968], [50.2361206833511, -50.43939154956588], [58.67048233773973, -58.91772667174782], [190.5296741711792, -190.60661389695034], [110.73443212879478, -110.98395904193761], [42.62935347039935, -42.83233364244478], [147.7231349043215, -147.94034587181108], [26.670709957861344, -26.9045953833182], [11.157345802729228, -4.341030187671105], [48.34637431348102, -48.54862010389425], [32.99444506358987, -33.228812199731394], [96.78086764313014, -97.02732613688535], [86.71044401032734, -86.89107893030285], [75.05097795630955, -75.28271736722932], [183.33709263088625, -183.58629175761249], [46.43365844409706, -46.567503167099616], [28.898161267666715, -29.062669949262283], [129.56317356021162, -129.79768367820185], [77.01322737128004, -77.21994646132634], [10.489356861965351, -1.5090403078836152], [150.3171445488671, -150.26259596623612], [155.06583397180358, -155.29794458205296], [181.14521309975834, -181.25650109988493], [54.44858659159161, -54.62830315913216], [218.11744110629758, -215.65090274508316], [18.305862975767656, -17.660798036010984], [112.76831934661759, -112.86755626818581], [52.39981202593526, -52.634080844822314], [66.71249877797277, -66.82600090677526], [20.303193820730833, -20.012284660253606], [203.86816879520288, -204.1094885434204]]",0.007691,37.70
SRN,MGPSO_feasarch,25,100,0.916462,0.339038,25779.467786,0.560547,0.103016,18.0000,100.0000,"[[203.449669577605, -203.37968929414893], [57.02624509402824, -57.27614666530433], [87.77388748482831, -88.02015414933999], [54.96842645006819, -55.14478481333418], [85.3838267207755, -85.56568091718844], [208.95214416782585, -208.92307734500372], [188.16279019115217, -187.41274163236284], [20.14697506149767, -20.040895450342667], [181.87900896439191, -181.25391780847048], [205.83481393616344, -206.0452497113191], [80.61364479181925, -80.85826280274321], [59.08749086912451, -59.32427070337541], [16.589909891742074, -15.300669969269201], [126.35722018648104, -126.58806837279431], [177.1766594506926, -177.42655084128344], [94.92353562798998, -95.01435261926358], [152.94266952219036, -153.04713064732124], [185.6233790925986, -185.59107779551022], [75.91617041422664, -75.82961925310633], [110.25330767521056, -110.38394287295219], [96.87725269315813, -97.12200919205635], [82.99552755082362, -83.2291723805115], [29.902884533585244, -30.151690620973845], [60.964775879841255, -61.2101764436059], [35.938021436873306, -36.16916739472526], [140.7774520956174, -140.8986401756152], [18.386023690926365, -17.844249903144828], [128.669693970396, -128.54168940364437], [27.999270592821688, -28.231036655727777], [31.938522137574715, -32.18240586484179], [150.9432325265659, -151.12918495650013], [138.77983819277938, -138.93677751378087], [217.3727201882413, -215.7060911707464], [119.70554144016162, -119.8263720099175], [155.174856758697, -155.41158342020225], [173.28468394876282, -172.81602654566262], [124.3011464045043, -124.29538283998974], [66.99508014775188, -67.17562677604106], [192.99827849587, -193.22750888083743], [130.4215432471004, -130.51156344884168], [117.24712281664308, -117.44437988043782], [136.4631991177913, -136.69755655821123], [15.090570231452205, -12.615813316435322], [200.54299331884036, -200.56504761118637], [90.12983046797758, -90.36769870588756], [50.57839920914364, -50.81753030567263], [52.754332681877244, -53.00365249032046], [166.80670675430406, -166.9859555230492], [197.71998842421954, -197.68593508477136], [73.49427436261507, -73.58312605030268], [146.83897078199078, -147.0106291670183], [169.3407510213901, -169.088161522877], [164.25303779349838, -164.5013198029877], [223.62562084146097, -216.8118156964282], [78.27843056576963, -78.38726701086576], [159.94143876846613, -159.6849290012468], [148.877658203078, -149.11363865462715], [103.47612773742796, -103.35136170060363], [64.92307413623297, -65.17271214751476], [144.68340718849217, -144.93285115927375], [132.4542856696159, -132.67913142206174], [195.68553325912166, -195.1630283031456], [48.4637860561804, -48.70174201516109], [42.091934599217424, -42.324936305161174], [62.98812968447402, -63.2271029792175], [190.33902080477213, -190.58791443401105], [114.95339773441324, -115.19592044356669], [170.83230768548515, -171.07669551088043], [142.791174831098, -142.93354400444517], [211.048955078133, -211.29767389959], [105.87250119321386, -105.45970985762932], [112.72886689153472, -112.76200093807472], [46.375653598486295, -46.46999186801372], [44.27844636279832, -44.387937377494396], [24.210980980956712, -24.225103334795385], [69.01693890453824, -69.15640652945791], [10.515046967443148, -0.9585226919658876], [122.02200858295667, -121.99996570445734], [157.2943328116543, -157.40934343881253], [183.28056474920538, -183.5279880974952], [13.55480921053001, -10.431218135192747], [71.46257944230726, -71.46453036348919], [162.1104192334237, -161.99409303717903], [10.163139528278508, 2.7816527440292225], [179.40635617580585, -179.60381651334933], [22.095017253977385, -22.187370580417465], [11.265081971345229, -4.309289863486246], [38.05417398204869, -38.24352528080325], [12.462587296457372, -7.470248351771364], [207.11924364095734, -207.3601208260664], [26.041480637954173, -26.249839885620833], [98.94357722826129, -98.96545177837527], [175.1786165939508, -175.3319257587787], [134.48677988397074, -134.5344207517785], [33.94264569861434, -34.18119026945094], [108.09096767218179, -108.33521912272658], [40.07963677249387, -40.32816083722897], [100.81983792491958, -101.06060650021868], [92.49578072034774, -92.74312738956121], [214.31292537009608, -213.57741804200748]]",0.009492,37.81
SRN,MGPSO_feasarch,26,100,0.913511,0.306915,29310.950477,0.453657,0.111065,20.0000,100.0000,"[[212.3130959426457, -212.3421338499157], [69.91011166772785, -70.0731450580459], [125.74679169444248, -125.98039046284208], [140.10107122041677, -140.32471406783094], [168.51391737630263, -168.69213134094664], [132.66316887717542, -132.9077633427359], [90.03848581859032, -90.21819460535988], [109.02709965349472, -108.96040305141761], [15.183630427064312, -13.037300563963916], [46.39199020529, -46.55668355853766], [48.482022480357, -48.59953594240898], [117.32884185899687, -117.4349960950019], [189.09154180084357, -189.2495622423233], [44.31355091946135, -44.54754362878025], [10.150376224811925, 1.6602227340287543], [67.86521311297417, -68.03105008873906], [157.03021309130094, -157.08960081072306], [135.2553701901855, -135.2822802645956], [123.56524894572453, -123.74675325161772], [34.621291253339805, -34.84584199178047], [191.1803090614206, -191.38955125774558], [154.91324321900169, -155.08649730250434], [200.30502429916166, -200.45621350281945], [88.09926252064855, -88.23454846146022], [84.27864881654676, -84.3108310496805], [204.47600440213552, -204.72578051631183], [130.3062082870929, -130.5186274650791], [10.635388393832596, -2.0284473321524974], [220.55241337147947, -217.3764618943419], [64.11335400251785, -64.31941698788812], [119.31486283244351, -119.51190571297998], [12.354615600153103, -7.825874050575026], [40.36969187965403, -40.585882570657795], [96.69289281378272, -96.93024248340532], [163.6809979606458, -163.87175648656827], [101.4807173533315, -101.71302888497064], [193.65203234588915, -193.88212042952551], [206.87098170444557, -206.97307113119737], [18.87956015328369, -18.325982493361188], [25.10185606479446, -25.246514899890656], [218.14381596183335, -216.21714811285108], [22.89516205680593, -23.10161453367091], [146.81244037519872, -147.02681801890867], [159.16349735809013, -159.36554741168945], [137.54280595824338, -137.79270946075442], [121.23698201819786, -121.48673186946533], [152.93851312577, -153.0541921891022], [181.57972104008556, -181.79524061238675], [184.2920685454044, -183.86070165010497], [72.18537426829855, -72.2032626076054], [161.31901199814052, -161.56755112715257], [176.23425372182928, -176.1589558941859], [148.87565859468916, -149.11965081478132], [27.102994647408114, -27.2113269172677], [94.49947329067228, -94.59081875479876], [214.60331489293114, -214.34027756662056], [50.53887458620378, -50.786429789327826], [66.06701862121625, -66.13577145857803], [92.23287344518855, -92.48109186337035], [99.20959951840914, -99.28000112476045], [144.56850183520777, -144.72106307721776], [173.43799975552153, -173.6874852238316], [142.41574894170355, -142.49700789740967], [165.98928758235013, -166.23909795785343], [32.82030863229297, -32.97516300436036], [186.46389604656818, -186.69499944579798], [209.32450263727955, -209.56959900114458], [196.12870717831393, -196.37712881451625], [29.01180292996028, -29.253350322210153], [103.90183032401794, -104.14472851768834], [82.30871419042847, -82.50199493180959], [16.99746332628575, -15.90113714360148], [62.19808295538757, -62.41307483979426], [202.60651320749454, -202.71928950402489], [76.20722876003802, -76.40731201809677], [111.11590554658521, -111.17385386050978], [56.32915122966167, -56.5716827953114], [20.90028814443756, -20.779718967199152], [36.49655330238369, -36.723128388230904], [106.354524257961, -106.6030693647617], [30.912333766838618, -31.1162711706288], [170.93202555679764, -171.1503121135777], [52.41245465075181, -52.54685914439207], [86.13381637976272, -86.32940554977706], [78.21071177866199, -78.23091005151602], [80.21747934745285, -80.41876347398625], [58.25413498319368, -58.40779600005959], [60.26995921472239, -60.50956390087729], [54.3418972855884, -54.5624505552172], [11.371427576048173, -4.9334857991134955], [13.652562871135364, -10.602090085115812], [38.4856484945223, -38.58442492320017], [179.63444641300717, -178.29516218458704], [151.00495121154236, -151.24161141411562], [128.24584334056226, -128.49167660342698], [74.29518358962517, -74.10061309959045], [112.59527623608531, -112.79275070535586], [198.3939211194227, -198.4309249575739], [42.384668881176864, -42.61793653528679], [114.90450508873312, -114.86570710730716]]",0.008377,37.94
SRN,MGPSO_feasarch,27,100,0.905752,0.358731,30316.500242,0.388078,0.100704,29.0000,100.0000,"[[102.8951997184421, -102.87581342720881], [60.10582971594817, -60.30343787758889], [56.393826763491596, -56.6377956179833], [94.79704656661139, -95.04237555128947], [128.51729360981744, -128.70121298460572], [161.5319033387378, -161.73120855395615], [186.65957264398403, -186.5110574265962], [121.61808403250156, -121.41865311082455], [199.39622244929657, -199.61014764256808], [88.77405078904548, -89.02387590821337], [10.108479469398674, 2.821376891520141], [90.89413654457776, -91.06261081982213], [96.73101616267019, -96.82752026349903], [12.099012341155166, -7.1193165064548145], [14.692415215806275, -12.436799915140337], [126.45526375260698, -126.21297459480277], [221.6014212750511, -216.76394400823267], [178.87610540592408, -179.09560693026359], [174.40934215321317, -174.11658252617707], [112.39923937903619, -112.63941505258754], [13.41743945265923, -9.86775120941001], [114.7528280138387, -114.97797668782613], [212.22889348413835, -211.8151143247146], [58.20630673178594, -58.455332258201025], [73.77913687994122, -73.8561504759757], [61.92508196951084, -62.1675441669086], [98.60656734149913, -98.84922122504027], [31.434361400240437, -31.660385299610702], [16.263526795893494, -14.696759641620476], [123.88819789418748, -124.03682694758712], [119.33464002131842, -119.42354461230116], [69.63647674449646, -69.88625119274396], [140.39755711490054, -140.46158325988534], [130.85303031796707, -130.8400490872842], [204.28158800506142, -204.49290750773082], [65.70971784935958, -65.95831611088803], [117.02460654686432, -117.2254136339825], [63.90597147134333, -64.05454251571072], [39.35159559712967, -39.60116351228652], [217.47933622451833, -215.1155522615992], [23.330647207766273, -23.539883131167123], [195.54047692573513, -195.78811373713364], [71.71274351842472, -71.83869051126561], [92.86627313457913, -93.11609252921922], [29.429528245296947, -29.67897458858867], [152.0863165974103, -152.3321758900575], [43.26496134089447, -43.356355526292255], [191.06080373002462, -191.3058961380652], [193.7414113623999, -193.54883770587043], [133.16698498530712, -133.10464763197248], [201.7114039316283, -201.9322634562882], [47.76076822075329, -47.976992491731], [149.74963163240778, -149.92684189529737], [80.41536182749147, -80.47492159458096], [82.59021820138348, -82.4402518777105], [11.1699895775816, -4.116289614987227], [145.10734417040277, -145.30120541556602], [27.427999741915293, -27.6669381630769], [207.04910135120122, -207.17141957173752], [104.93184514945159, -105.17389929174718], [183.98727518590212, -184.08669314611805], [109.79629974410257, -109.97501860232958], [100.79304328486722, -101.0344238331185], [214.39948061574356, -214.25768695955384], [10.43639776646646, -0.7329214436448543], [181.72636322384494, -181.89801847774436], [86.60189870222504, -86.83906201762485], [209.12778318995385, -209.31666152793744], [35.337456338454174, -35.58726584365518], [107.32172877442915, -107.21442140394312], [163.45157650496466, -163.6187696713631], [37.34171252154634, -37.55280484598492], [197.41581372377684, -197.59879368952204], [188.74587121772856, -188.89959538681168], [171.89581316288894, -172.0290130178376], [41.345821172929135, -41.53866812046431], [176.6001684830338, -176.8408962154669], [147.50030265576757, -147.7469158621343], [138.08681530130548, -138.27714107199176], [25.373772868288572, -25.622746122895947], [50.27245015082699, -50.42788188026786], [159.4453568797083, -159.6066996666713], [67.66816842589898, -67.8824966420771], [135.47392961473483, -135.63507178436183], [78.1493489464033, -78.2670544547072], [142.71153109679418, -142.9565987265538], [21.510697660759924, -21.474340240601958], [167.69320180978528, -167.88577514624373], [54.449932363503834, -54.66918781062806], [169.79060627639726, -170.0192180146447], [75.96796491515065, -76.07460879009814], [154.1849279495836, -154.36817704398425], [33.52039979685551, -33.59653910757646], [19.661752169192553, -19.195499548995336], [156.64290593659953, -156.883598365872], [17.882873284767935, -17.084745054926525], [84.61751017650687, -84.61652650649897], [165.5468685139331, -165.54555294497322], [52.300981804179415, -52.520467208575596], [45.607142719887975, -45.775574332561376]]",0.010378,37.31
SRN,MGPSO_feasarch,28,100,0.924179,0.448492,23446.545877,0.570692,0.114229,20.0000,100.0000,"[[161.25052931729797, -161.49051478486652], [111.88957415887616, -112.12808540492978], [53.98299517139319, -54.191628243265725], [109.66434274031576, -109.91067235201201], [182.29204057543586, -182.41132476300413], [220.08972880813678, -216.00174672772596], [192.95746569014437, -193.19834403615204], [187.28410817618044, -187.52974057825398], [170.00807267072588, -170.2572664706858], [103.43385097760412, -103.66385823466031], [101.58525514803439, -101.82692174061997], [195.21840762928022, -195.41810461182774], [206.82981254163974, -206.90583257595028], [17.22274554337649, -16.192977038050433], [127.71087936762729, -127.94116526827382], [189.34549559148647, -189.53286660204776], [185.09318539514373, -185.2005798846837], [95.3602440652719, -95.60744414905574], [70.38471810482999, -70.5707176466433], [148.52121844753395, -148.7211555505927], [72.64481223403992, -72.79372493885592], [90.45461219376745, -90.36419038481071], [50.281431668363055, -50.511962699546245], [105.49462740916374, -105.53691486086056], [158.62834084082826, -158.78788173395526], [204.55156306318557, -204.79586978079064], [20.608034474496044, -20.469780258106738], [179.86793056847276, -180.03956634099177], [22.544959942597878, -22.632749717972317], [97.69523099773372, -97.88557847518655], [33.42817387096102, -33.59464861867064], [146.07990030060984, -146.2072400894128], [177.8648194339723, -177.90048229389853], [191.36175106086782, -191.1362527997279], [151.34059782372643, -151.19001277623573], [38.128529885019645, -38.27827402443962], [24.581202216792754, -24.786709617853724], [15.579750642030636, -13.896278495736377], [171.9267623842182, -172.1760916169662], [197.6231002239305, -197.85424838830642], [42.386351285362366, -42.624620975336086], [175.67302717230015, -175.71348184839755], [59.94502142402652, -59.890892928002515], [225.56159195741643, -216.78484990692925], [92.90910795853917, -92.94388809183857], [213.52538914350188, -212.18975097826834], [132.254891102369, -132.4987520565475], [28.809946872496237, -29.059935013005447], [116.61847184674616, -116.81283084589373], [107.54351864011403, -107.74510654171434], [99.62584547891255, -99.87581098854967], [75.01546805997873, -75.26475390055037], [79.76517030119692, -79.99703141611863], [48.37938451946867, -48.58072931636689], [215.18693692048078, -214.9487408904927], [68.11528195528294, -68.36497222307075], [210.3503741321058, -210.5650798921832], [26.609595295935947, -26.81565007190576], [137.0519032176393, -136.63172464261163], [57.93011715241583, -58.140937380058105], [77.40616629929289, -77.63909739552226], [208.37642897852336, -208.57601143388348], [166.05749319308697, -166.29608689488413], [11.857836858474329, -6.540011750513537], [40.37591934925439, -40.50854530121455], [65.99852299277993, -66.08554384748567], [153.61327924458803, -153.80543789615052], [63.83147012605944, -64.06561870198249], [163.81173868470336, -163.8886029827066], [31.094954657559803, -31.33602584614431], [125.99541295549948, -126.10791390382599], [114.10530362133939, -114.34575005973583], [14.335494859911536, -11.64422045715817], [61.82714154362341, -62.042088022702444], [35.972013195020104, -35.8638140137424], [141.12682030173443, -141.32599579864137], [168.27880035575976, -168.1355473446605], [52.03327703069363, -52.24503616081657], [123.55551671574312, -123.52204756156102], [138.81500659334515, -139.0392395372174], [121.43577409405388, -121.64473317946059], [85.06054643515927, -84.97490187450391], [18.818779053642327, -18.420405071839053], [130.06490653661328, -130.12782155379463], [10.16385718678697, 1.8025716385086596], [11.348828571225468, -3.440641322581228], [119.05104393506011, -119.0963753024414], [156.14069053476842, -156.31099522141585], [173.74227623249803, -173.96429574954476], [202.4022671467818, -202.6476955346175], [44.37396011198797, -44.607858277928116], [10.453883053023912, -1.209220559701703], [46.560218928027595, -46.55402952008163], [82.31785897258582, -82.54599295150717], [200.14558636517404, -199.78240101457112], [87.78248807115631, -88.02789654000843], [134.5058970994463, -134.6537596897667], [13.265852378730205, -9.077231160748862], [143.5677362800434, -143.7925145060149], [55.94327492048318, -56.18471712910082]]",0.008870,37.88
SRN,MGPSO_feasarch,29,100,0.906018,0.286013,32167.999271,0.388989,0.092139,16.0000,100.0000,"[[132.183866766666, -132.31263665421784], [75.61875238620054, -75.82787317651784], [137.57612621186942, -137.72567556243396], [185.1834047024766, -184.9869140291861], [139.94737679340474, -140.1971635714434], [41.10927830484242, -41.359217596770804], [165.62182007604056, -165.383982306592], [167.68289373201884, -167.86123440309282], [59.65908296810203, -59.8280478571121], [77.64845266781586, -77.89341856208995], [90.12629146521564, -90.24966265322341], [94.27131617629523, -94.5022608398561], [203.61420838870623, -203.52842966032057], [11.275270366516548, -4.746698896731051], [112.57530865575674, -112.81293950449448], [169.87983509424492, -170.1271833848593], [135.04726563063934, -135.10539995889704], [144.4727599787823, -144.61921139291908], [108.16852059062214, -108.30555637180316], [219.94821025889988, -217.00030775990155], [101.13479882618782, -101.35062267970844], [12.534247527618305, -7.843871226076394], [147.0623653748004, -146.74768237166512], [142.20997938796387, -142.36279507020453], [205.59509083670923, -205.6634129671085], [83.86736330892062, -84.06989310297575], [182.82530904266304, -183.06957982823582], [53.04135961587326, -53.29132537053495], [87.92869166505842, -88.15399488183168], [114.76020989750282, -114.9871108303092], [37.158486468707636, -37.37161775646514], [172.10631287910206, -172.35242036609506], [200.87304961864436, -201.11089936581516], [19.23678991102037, -18.94602007338524], [110.54544426687745, -110.53785889282501], [64.01678423761646, -64.12065837184784], [196.19096612903684, -196.39761450897498], [42.978788858228654, -43.19192684031093], [61.72715580037275, -61.96794788580367], [160.95338163440465, -161.01052616521525], [187.1935615904245, -187.3119869202148], [33.26579902145159, -33.44134362441726], [124.62170641848778, -124.72702951783472], [116.85291705666441, -117.02617710800044], [79.78354545653693, -79.89953348332958], [39.1162702449994, -39.358772649548385], [71.58967988311687, -71.82447670747709], [163.06433880244555, -163.29930130273777], [189.32301821575646, -189.5294873226683], [35.182831719191626, -35.432795038822704], [103.67558288809194, -103.91952829991514], [194.0028629656855, -194.0360226428734], [10.114223333104805, 2.3732686864202694], [120.60812130094838, -120.8515110060747], [178.49025876769335, -178.51844427012733], [92.17047905079517, -92.39793644172548], [29.43927789748302, -29.688861768507497], [129.46141654723004, -129.6442918502966], [214.21939671494061, -213.49480451595002], [96.58978592943416, -96.69325323436917], [21.328702734094396, -21.221005441095212], [85.96183903007046, -86.21147017855708], [31.367362343532005, -31.58983908125879], [105.88086792013408, -106.07934781749145], [151.57317029859976, -151.73027080977693], [156.11160928714776, -156.35664384473085], [48.9922997694334, -48.89221435349198], [69.80165378062372, -69.84243431726729], [122.45376339525986, -122.3716991772897], [65.92511206747938, -66.16961576438858], [57.56285819295654, -57.56625204826917], [73.6452448677682, -73.78368144215497], [174.07148395982804, -173.89442563744672], [198.73048797637432, -198.86202399099045], [67.88275496187158, -68.05933451516654], [191.41894720644015, -191.66333902380464], [153.857654658862, -154.09979478551693], [207.85605296259814, -207.7556456516959], [149.0700326755523, -149.27281652971539], [15.50043334449036, -13.637772549370176], [81.77290100868734, -81.95949040101155], [126.79518328139926, -127.04064894392619], [55.262696102500485, -55.47374097932659], [118.76943033439937, -118.76751678372871], [209.95808676568709, -209.8998690305042], [158.56416085758593, -158.73883837089883], [27.529138316216084, -27.655077446506922], [10.520307273361103, -1.109089268176021], [17.34694702569489, -16.184825643679353], [212.17275459700429, -212.24869884995363], [176.39330514330047, -176.1455200273723], [46.79054176318511, -46.99579334279206], [50.864842262842224, -51.09845077513049], [44.77879264229492, -45.02386431202052], [98.85182842573965, -99.0835900126516], [13.817411323908235, -10.886424727910292], [23.410046147405385, -23.365886967424455], [216.5803460829355, -215.82057815073784], [25.284442481909778, -25.533955989316127], [180.90957087692848, -181.1498067259784]]",0.010290,37.30
SRN,MGPSO_feasarch,30,100,0.893881,0.293374,30362.327856,0.400270,0.100226,17.0000,100.0000,"[[197.64669449643677, -197.7627776482271], [164.39358947776753, -164.63679362171365], [157.02139832984813, -157.24295156227862], [138.0254191095886, -138.21880562810037], [149.11656164631563, -149.1541247223301], [191.97256994755998, -192.21265849990553], [175.63184869204449, -175.8783249893948], [204.9635156483106, -204.85749512410595], [213.57407477790844, -213.3768974940017], [84.39187299268181, -84.63361493240296], [211.18069708463486, -211.4180828281224], [119.76525609655951, -120.0007440720639], [216.95840621794378, -215.4395502399282], [29.688694763273503, -29.905559405834392], [16.17971557407063, -14.728867175219804], [200.01082579267893, -200.20421458210396], [208.9469846673932, -209.19607963257658], [78.47774986061067, -78.64224331850842], [177.7115331346237, -177.94656968136172], [189.22292127910703, -189.29562639034552], [68.58268181162447, -68.83136878875398], [221.26836083850043, -216.80403413601454], [133.61902853946643, -133.86890585940762], [155.20963107318096, -155.44335614286882], [25.891471001524955, -26.094017059235146], [162.08458630238832, -162.2657791910434], [76.5026915570495, -76.59616667194537], [159.53647397751325, -159.75784674564648], [95.06367382262579, -95.24915676721895], [58.03170851973362, -58.0941510307689], [202.31876799444817, -202.46311557752747], [225.793901008427, -217.0723930770514], [173.51051420292862, -173.75533093842154], [104.17556672155582, -104.41759278157616], [99.46366348555574, -99.71229194002635], [82.39553665935861, -82.6149020588478], [153.33151714703502, -153.57950391938567], [142.90781159703107, -143.14787599568314], [90.63082965905308, -90.87279742350749], [145.14773232357416, -145.38925560050447], [194.76325779802565, -194.99635878689958], [45.655223178679236, -45.86617170049537], [140.3514169758357, -140.57241546102964], [186.76150039478304, -186.89760237354568], [97.40530513383537, -97.64866161481841], [41.879362056669805, -42.07070176548662], [166.5501519600889, -166.79679992336997], [53.67112768675466, -53.88241084292535], [49.54617341909249, -49.63242949562161], [39.80566023418025, -40.05545463724936], [128.9143216197695, -129.1606406685696], [171.31319105573922, -171.3197503393782], [168.899137443656, -169.13242400339936], [21.89082838883592, -22.021700701867765], [106.30511714560629, -106.25485726670524], [180.21372828636953, -180.08328827149182], [35.76037361078657, -35.906417314071035], [117.37504668650861, -117.60671178695186], [88.41446184582895, -88.60678838956308], [23.811894052910112, -24.028614278448483], [80.38489352482839, -80.5404449244422], [11.547833414232056, -5.6576741436420175], [72.39302060236872, -72.62781761916305], [27.762590662322758, -28.008988411422912], [207.13770925844054, -207.32058537009698], [47.534570963429076, -47.78275122006599], [147.12689618741962, -147.28545592550532], [55.717856362090146, -55.89265322217306], [12.936195723441546, -8.740160279108384], [108.32610831355683, -108.36038220636075], [114.96878374679441, -115.13162363230265], [110.40575214200427, -110.65575211961688], [131.32911759580674, -131.40679203918566], [101.91348482647709, -102.15339411583072], [124.17937710899325, -124.34424357974504], [184.6936621937889, -184.59127536936944], [43.7374274078946, -43.9863947113131], [70.49288538420727, -70.70574112118996], [121.92102496419866, -122.06004291967464], [135.75939056449116, -135.99101937049304], [31.666069985251063, -31.889994960110258], [126.42131800781324, -126.65320115103415], [112.77815658544138, -112.99633751702463], [74.5418609540952, -74.65783227892204], [18.1748406332231, -17.214590705351966], [10.154672257727299, 1.907477789834096], [64.6882533765964, -64.57283147314703], [182.3364653144913, -182.0790430795159], [66.61405771678605, -66.65590739874654], [10.527514916464487, -1.5374739670220006], [51.56575804510878, -51.803869552323874], [151.39829190104714, -151.51466308063257], [62.34903311613979, -62.53937569005278], [19.92645356978676, -19.70102856009256], [86.42432691792547, -86.67261096700987], [33.9386160191302, -33.749144920592826], [14.30009370853785, -11.805028947914787], [60.26849057135259, -60.413235442283124], [37.76772675304521, -38.00069447267063], [92.82636362299343, -93.06721807163814]]",0.009279,36.72
