problem_name,solver_name,run_id,final_archive_size           [archive solutions at the last iteration],final_igd                    [IGD of the final archive],final_gd                     [GD of the final archive],final_hypervolume            [hypervolume of the final archive],final_spacing                [spacing of the final archive],final_spread                 [spread of the final archive],final_feasibility_pct        [% feasible in population at the last iteration],final_front_feasibility_pct  [% of returned front members satisfying all constraints],final_feasible_front         [objective vectors of FEASIBLE front members only; for honest cross-algorithm HV],p_red                        [mean relative error distance across all iterations; 0=ideal],run_time_s
SRN,CCPSO_strict,1,100,0.899892,0.354447,27488.112245,0.306509,0.075214,32.0000,100.0000,"[[72.61694578973045, -72.85224502091029], [145.35667556809867, -145.5938322244076], [84.24895395424382, -84.15237839033293], [88.70871400640316, -88.94386643942798], [186.18325095968706, -186.37128539777797], [99.95469451967966, -100.18360148621815], [183.95567862645927, -184.1984834811823], [38.21035804505761, -38.45208643512342], [161.14429679700447, -161.28277653335314], [81.76453727195273, -81.97785181107598], [209.442651291659, -209.31191857379997], [53.66930817298593, -53.912785664331594], [97.75086814083495, -97.99844161718735], [137.4254483375571, -137.60418166387558], [156.67588216624893, -156.92128545541487], [173.0794283815228, -173.00544408487033], [198.18138311162957, -198.29887072236852], [175.08078180896632, -175.29082127096126], [192.15853572756083, -192.38424910548702], [90.99174758559727, -91.19629949467233], [31.964563167619616, -32.21421440115564], [108.3011503525293, -108.51531649199468], [93.41612378579273, -93.46948381745531], [202.24569322873705, -202.393820054904], [218.81822275920803, -216.94061593671185], [14.311549364729824, -11.713294936033758], [177.23042234003242, -177.47016316006], [194.18704328398888, -194.37181370604807], [200.1952998297237, -200.44365051927744], [158.90140569925538, -159.14890340032903], [139.3552741807096, -139.58347780525298], [223.11501317810735, -217.71537155843794], [141.32093031570406, -141.50213452290984], [190.0456181402753, -190.29223354320965], [102.09079774045892, -102.31955005683359], [27.981191011613294, -28.188098772227185], [46.865074378217706, -47.02732711021676], [168.94961185971425, -169.14152663015048], [163.09035257976487, -163.31207834291195], [154.3637863439234, -154.61312995000895], [119.24279570993303, -119.35441751041692], [121.64840691282701, -121.87339927896568], [10.582313530549754, -1.652810571463002], [29.948498573882528, -30.198453636398284], [40.30933668034153, -40.535078571905615], [143.3847186782414, -143.63019382574092], [179.33170835381168, -179.58137953044272], [104.15939083254898, -104.35632991826631], [74.91718319366066, -75.12621104533915], [152.14279371048204, -152.39011758018293], [36.13997567302204, -36.31974617395423], [170.97082015401048, -171.1817139794238], [58.43311402288046, -58.64069515541034], [147.66363683790476, -147.85612925937457], [51.43139547452612, -51.63190524480703], [49.13457982709744, -49.356268197228246], [60.815804805189046, -61.064840066520254], [12.750120548009477, -8.718535206627164], [196.11078725149352, -196.34554444916756], [110.39087811617648, -110.63366058566658], [206.95462272562392, -207.06037259981193], [114.61826310206716, -114.83141344898944], [63.21338111175125, -63.46335686940271], [44.726246912223175, -44.8279092007495], [77.14801116791052, -77.38406836266206], [95.52470618557808, -95.72541201826785], [116.72018203446649, -116.90951155904301], [131.15169627384924, -131.25699885688894], [167.00834547972138, -167.25304121323052], [10.116430220259758, 3.1993462588584345], [188.0708418539368, -188.25638290156934], [79.40727698763203, -79.60042027385326], [211.52103437337442, -211.75408338411208], [165.15632922895614, -165.1713270199041], [25.92414696809991, -26.152540947847935], [181.82537078772023, -181.88471015136227], [123.94231970922078, -124.18356327103218], [106.19148566414896, -106.40830504140868], [19.817032649630075, -19.550673465435942], [70.41610801076166, -70.42497132132239], [149.81007490399256, -150.05844982031527], [34.05227560087912, -34.25203181077417], [133.30768600528083, -133.4543804228403], [126.34769010530877, -126.59603276510185], [67.96798173876991, -68.21746187140798], [216.0478872830534, -215.45206747035505], [86.36677416627522, -86.59397520118603], [42.51598079313071, -42.71836673639052], [128.67138567796968, -128.92137826041764], [17.84400611251953, -16.884668531084092], [214.0399762250933, -213.08929967476718], [204.59495805532947, -204.79987306781982], [11.487431918717498, -5.233096985365007], [56.13547982417815, -56.334166317997806], [135.3594255703069, -135.60264804301207], [65.62265316031906, -65.83395905908174], [23.770970956387856, -24.004128958234077], [112.55061076204916, -112.79098503065251], [21.874466245303285, -21.916327330560673], [16.021515507623015, -14.495163758325772]]",0.005980,39.34
SRN,CCPSO_strict,2,100,0.916107,0.389210,31143.302332,0.272439,0.070856,30.0000,100.0000,"[[206.07432267331228, -206.277104198688], [197.79916548519793, -198.0423266769835], [195.76440249506624, -196.01140244539735], [22.34245606297407, -22.500160342100227], [143.9701016225944, -144.15477432010815], [212.8144943931092, -213.03926669925173], [87.96618299905944, -88.05584091702514], [222.32879185608488, -217.71833615237654], [179.70844264614394, -179.9549517584218], [100.67442353126945, -100.91428219490864], [90.20661937482897, -90.45422429778907], [171.67620874369493, -171.9091606219573], [64.33405913645188, -64.53194284422416], [113.01500960743556, -113.23359111146476], [122.18630447292486, -122.38554844451033], [158.89221884681493, -159.14210056457722], [12.804950494927036, -8.691072751364862], [110.92664275734595, -111.02631168415161], [98.63140907311262, -98.88118614045793], [156.73193240233883, -156.93134486599263], [75.17867401876799, -75.38255315900824], [150.29960502090157, -150.45844129001546], [115.38085730090036, -115.42908688340302], [117.50844800951698, -117.74345363214007], [185.52198715242278, -185.49230320485398], [14.296126469650881, -11.754452569953486], [106.68378790761531, -106.91581252161687], [210.44628105594063, -210.69627940925957], [199.84254447182337, -200.0923445883304], [187.44572318995594, -187.67789151982464], [215.4792263395886, -215.23850810097076], [10.109936909025373, 2.305824575402853], [104.629167136514, -104.86886516058775], [163.22938255641085, -163.39436181316492], [57.160640819805415, -57.408699748159066], [191.54459112568642, -191.7938614087107], [10.578540491024873, -1.7421091070111805], [52.50858671029373, -52.7230239763589], [181.5318949211479, -181.75616649316322], [73.02324622081562, -73.27140450325852], [148.21258922110388, -148.43232620242594], [50.15321779266931, -50.3566539020339], [85.66693612034743, -85.8307126737408], [154.55531438703824, -154.7372438830946], [208.2241479654946, -208.47414598279153], [81.21222554230825, -81.4535218163171], [102.623544566876, -102.8303713344699], [193.64714883047316, -193.88442014246468], [128.6432252701033, -128.7929109251318], [126.55361323296188, -126.73868153065263], [83.4326639005188, -83.58807037454025], [62.02395398765219, -62.09677354229601], [173.74722266782805, -173.97950237058237], [32.32436208186604, -32.31838582499006], [20.127274436508912, -19.91240049079253], [132.7528659313937, -133.00263216452396], [29.78270395036239, -30.016874984391176], [71.04259795228519, -71.05095745142538], [124.41163506720498, -124.6121126941486], [17.958430768275345, -17.31570183641899], [165.35631266209685, -165.5767448373164], [79.21214370428947, -79.40376957595721], [77.27724555266553, -77.40938070786845], [47.90909250413296, -48.14180048206707], [167.47217406308704, -167.71894053362755], [146.02067737330117, -146.2700096381296], [177.73139711502498, -177.98025309400074], [161.0980459786119, -161.34305100042488], [59.55813331792265, -59.802082576291504], [201.91961615788412, -202.16466276037923], [34.56276330089625, -34.78037367099731], [43.563148144106506, -43.810845945146085], [92.33503829242278, -92.551357008839], [96.579278055988, -96.82280403252047], [45.708177608171155, -45.94344356359544], [152.38005572382454, -152.61135783709852], [175.76556433320673, -176.0148061866632], [54.804178358972464, -55.05267571172365], [41.46909520752955, -41.59165207541405], [108.74067824825138, -108.97743645749466], [130.63610019889612, -130.8627964312513], [68.86056093411847, -68.98000564913741], [11.473793270658724, -5.397604303180605], [94.44948950961165, -94.68725232565558], [169.6388516134162, -169.80689664441542], [189.51764894866565, -189.70895476716777], [204.03733794015966, -204.14958180003975], [36.94201674754998, -37.090219769482275], [218.62844015290617, -216.86961371835736], [119.88294486691791, -120.13204153876198], [139.51259142616826, -139.76161513188757], [135.09763364466264, -135.31228578061507], [141.8202891939253, -141.995067379837], [39.197339249440276, -39.28818073881041], [16.327273838032266, -14.479995306957449], [27.35219659493623, -27.57931230625786], [24.803443982713446, -25.038243934208136], [66.57916035224407, -66.77437012536318], [183.54388623907715, -183.5234439823268], [137.306004124965, -137.5130134459932]]",0.006252,40.53
SRN,CCPSO_strict,3,100,0.895507,0.313396,22458.291590,0.276995,0.069449,34.0000,100.0000,"[[152.22677396934876, -152.46910385454584], [37.72889120602688, -37.9788498966714], [150.04854485111298, -150.2774369187535], [63.485172812025084, -63.733587435453586], [193.51311680689173, -193.7384132920581], [172.40623538941554, -172.6530450601944], [33.829537379328066, -34.04387339075803], [35.790312179847646, -35.98562343605542], [43.76818157879319, -43.98146764078725], [41.67886227274418, -41.92574512220635], [134.5002287698022, -134.74841998606334], [206.14904668375166, -206.3937710683191], [12.6279207581736, -8.170791217744501], [195.8509824215385, -196.01134162018533], [79.0726803742651, -79.30375444761707], [56.69503161682806, -56.9128193885295], [141.33490476913474, -141.56862816036437], [67.90645360275205, -68.15063628676936], [122.30679889106227, -122.47737492636836], [186.72709624169124, -186.9657804273754], [198.05589523916143, -198.17579706380826], [10.542715479853548, -1.9414400454872887], [202.3666263290244, -202.3830347084239], [65.73403054413009, -65.93285772632355], [70.07556930038012, -70.32161562743008], [184.33583279209614, -184.30114545540056], [76.73475360346114, -76.9839853591129], [11.382478248393753, -5.180515345609999], [181.89838101475894, -181.91619491412686], [159.24486846922412, -159.49325931016705], [45.92200136182845, -45.994532355063946], [210.14778569599144, -210.1749549468744], [174.80507985017167, -175.00180020604478], [61.217435984249335, -61.46257348456982], [89.65596259202749, -89.73948625826088], [217.90817575080825, -216.4955586413083], [91.70687962417986, -91.94943592952953], [128.43962030962706, -128.64077418449364], [143.74605284325148, -143.92254907931232], [115.88235377995619, -116.10557982489847], [94.00940535608541, -94.06917578458746], [136.89679437055756, -136.84904834992358], [15.681041289540687, -14.038860218863508], [109.36520644244511, -109.57518459226132], [39.70276302666112, -39.95238915143587], [145.84170469722665, -146.089311515145], [221.63843987926776, -217.57272421825513], [52.26509105188647, -52.470932722452474], [100.58754533742896, -100.80014295009968], [19.492359512869882, -19.143512471972432], [98.45419639200173, -98.5664383031197], [96.139785238968, -96.34026471889374], [200.2734923641298, -200.46519421868467], [163.77180291253418, -164.02007769376593], [29.86721325057624, -30.067697884671073], [169.79750454204637, -170.0239766466405], [156.88079307020564, -157.0970384948726], [208.3772633940017, -208.4251517866503], [204.1989467413485, -204.44795410104823], [102.7081058935467, -102.94550760892112], [17.60692208593599, -16.55580458909062], [167.4014869677745, -167.63060085597417], [47.91476994227551, -48.13149062414682], [83.24007652063445, -83.48650305231635], [23.50002152245803, -23.690844843443347], [154.60836372575116, -154.7537141199433], [111.53042431708012, -111.76422081836736], [104.90870462071983, -105.15123082647787], [214.55364036646415, -214.52281719420796], [179.65768861236998, -179.79158286145764], [72.30616972202556, -72.49054525812127], [58.956866827416604, -59.11170479819058], [74.52118544880231, -74.76306023188454], [54.50397315618281, -54.714929033149645], [147.94465981838022, -148.19425654689505], [117.98526161456995, -118.1921370576068], [27.813332271284988, -28.014241536600256], [87.57643509323152, -87.59324097638091], [21.409677491370484, -21.427233598896862], [130.36261108972639, -130.59576332411697], [81.11305051330314, -81.24802425207827], [85.30641868017338, -85.55396705079035], [31.839172714384734, -32.041263377324334], [126.42539471381957, -126.67368385768415], [25.70327067701171, -25.935434565338973], [212.35362332856397, -212.53425417671085], [107.17995313697608, -107.42956066021216], [161.51181389947914, -161.58850036120066], [113.71876127603635, -113.96520673607847], [177.12407334980838, -177.34587874577397], [139.0879655812977, -139.33740325844968], [188.96367854986087, -189.21302367362262], [14.131945838722237, -11.344608474359024], [191.21237606331655, -191.30371216117675], [120.02436623989483, -120.27426308793653], [124.3480848893883, -124.5346897157475], [10.113673636482975, 1.8908980613548927], [50.07799941033211, -50.30011851510302], [132.39190041537054, -132.61976203168325], [165.84690833862754, -165.76059181714044]]",0.006828,40.97
SRN,CCPSO_strict,4,100,0.909217,0.340381,26111.323272,0.400735,0.090349,30.0000,100.0000,"[[194.14662723366735, -194.32816582282996], [129.793587820122, -130.04356027095702], [103.89305979044701, -104.12647150350604], [28.221852254621123, -28.461744969033997], [196.5922901251251, -196.75045955746802], [18.42476881750767, -17.78642031610166], [181.4800199990267, -181.62330546926083], [13.22352997816439, -9.665909425495212], [78.30600284647728, -78.50167569072475], [43.64888893596368, -43.78610584795216], [186.62077711691882, -186.81885447333656], [156.00374210959873, -156.23555368473842], [56.36459866296909, -56.61162548488244], [113.83616580350666, -114.07786533806741], [82.36563585461633, -82.61256458355177], [108.78768076634763, -108.95027543968496], [74.48440243394937, -74.72595240300915], [106.36029285013981, -106.60280472794037], [11.784052595045498, -6.228564663306553], [111.328997917015, -111.54713552655862], [116.33010392311031, -116.57996288818575], [121.23656247254354, -121.45951910001325], [118.79133779816345, -119.03400169226717], [142.09845528108286, -142.34821040286843], [64.56335147921901, -64.75767978106452], [72.67375868281871, -72.84634662208146], [183.90416093860065, -184.1335111286191], [167.83699406493608, -168.0813294357835], [207.49395658063767, -207.52540664122046], [176.77062042686498, -176.88873841399533], [157.9834454857977, -158.21319996084688], [139.9421035299328, -140.15847183348424], [219.37880924878291, -217.06321715291793], [101.31076050991443, -101.55980672664931], [127.90648219329505, -128.14911676184082], [76.39259708327717, -76.55398978082745], [161.9541689401105, -162.1414216263513], [148.3698153706867, -148.57478337153688], [223.025110527368, -217.7381077064564], [34.688889817805205, -34.85269949963426], [146.3389914182779, -146.46604098213285], [93.89480938203786, -94.12733190404147], [172.23028398948932, -172.41608809828176], [198.931774552759, -198.75486721169898], [32.585130587370045, -32.72668322844697], [160.0169151884593, -160.16915306263053], [70.7915753542252, -71.04053671773532], [98.80645967670449, -99.05642722394163], [14.790395741822028, -12.578683746184716], [211.94053136509658, -212.07848969714826], [170.14543660477733, -170.21338682082228], [22.11995668753814, -22.235793345803057], [216.45813218287634, -215.69134536412722], [205.25442210921508, -205.4921264118632], [214.20539470785639, -214.1461556785361], [58.33107708382174, -58.57894126972229], [39.08346359825943, -39.31867445030049], [137.75567503482753, -137.96658543329028], [41.34548170557279, -41.5501947805768], [133.60017278855668, -133.84370660914536], [200.79438977543515, -201.0317921092967], [135.7029420984634, -135.94981116485062], [84.62112493589959, -84.86592750314807], [174.4045508789151, -174.62145621049137], [45.84402426677599, -46.004354496491075], [189.19654732405354, -189.23968665512297], [152.1730764654091, -152.3641378624709], [144.3615880757106, -144.29904839048288], [26.20503156302245, -26.353309474478063], [163.925299514746, -164.1623901424782], [131.6625401281397, -131.89807765574434], [68.75816664972697, -68.84586302708891], [50.25282903065822, -50.44793685035606], [166.00628401376613, -166.04585427682673], [10.106803493739132, 2.3600388744935596], [24.125952855318886, -24.27588477098434], [96.3867832062802, -96.62612760515805], [209.6758988495391, -209.92372333930257], [66.61337530962791, -66.81641967034382], [91.57314006699451, -91.67892776997749], [86.80790145684514, -87.04299002091184], [89.1516011573211, -89.36824757186552], [123.45350742057529, -123.69656338390175], [125.72750974011251, -125.97348432642224], [62.43790034085369, -62.68784616482871], [16.41932210110267, -15.121147060223816], [60.346275750879215, -60.59609167363995], [191.66657111743257, -191.79131666787367], [203.1249975144595, -203.34356353516745], [52.43751181986373, -52.56851459565473], [48.07483483235221, -48.32483398050495], [20.152821825249145, -20.033241177616638], [54.426503055219015, -54.67644907756818], [36.9252229329122, -37.081155268087635], [179.11675813871423, -179.35753139453166], [80.41641639572472, -80.52150374301526], [10.617202448246358, -2.225167768313746], [154.0723519849468, -154.32065826470827], [30.373004400857003, -30.620305318555687], [150.38325634008623, -150.63247426255765]]",0.006757,40.70
SRN,CCPSO_strict,5,100,0.902275,0.324840,30215.751457,0.288070,0.062925,35.0000,100.0000,"[[43.83898701349207, -44.045725898242054], [132.56174049737996, -132.7029771906981], [148.34094909456314, -148.5810612468988], [18.845443015143765, -18.434882205855562], [88.2728701708389, -88.36907566403602], [152.7727063953806, -153.0214146297795], [113.36078018874741, -113.58861209928648], [17.088785907681178, -16.136600446615418], [61.188396281680895, -61.40502695801369], [86.15482361532668, -86.4024245595644], [191.68843788839524, -191.92208720411654], [172.0158401034535, -172.24506083677298], [134.96583571383178, -135.0952256703867], [214.71182202688243, -214.61680164132724], [155.16440210880933, -155.31811565429325], [204.29095758192287, -204.5016100223708], [169.5790220295002, -169.8268389081695], [54.812994075234016, -54.89679910219347], [63.36077943375966, -63.60186182743148], [212.65375270117227, -212.58694977922912], [35.400652742065546, -35.54779970165852], [24.635241490521068, -24.870062868580497], [14.008912705871623, -10.97343598533315], [223.25838529006023, -217.71693691814912], [104.8571509061351, -104.98364031323507], [122.69017931519261, -122.93642419776509], [164.7011592889225, -164.95031902911475], [92.11775973551194, -92.35398886035793], [39.497153218341104, -39.73403494474742], [195.9688328611041, -196.02823403380862], [41.62556062436601, -41.86305090209912], [33.270342427803406, -33.507946950444676], [130.05389455458734, -130.29787410907224], [15.462354271901312, -13.718755293308982], [162.28044960514976, -162.48366330225616], [20.684588713878952, -20.62562170510571], [137.18355722642417, -137.3683032570759], [125.23569864252534, -125.48392884197867], [146.1477063119048, -146.3322409394571], [26.760013746106576, -27.010001208850543], [179.04070517381052, -179.2843345052503], [189.5984299890085, -189.84710890804647], [217.07580340037708, -216.17803235769816], [52.581137450192095, -52.79247233780322], [183.48087577045018, -183.6571503101385], [48.23375534016299, -48.466728092450964], [22.61783468198558, -22.76697449491489], [202.28545441085024, -202.5044868881016], [77.3092093927266, -77.47451653774962], [185.47313840500794, -185.6349062718635], [174.3465055391506, -174.58326151402858], [208.4993246399732, -208.57299887592495], [98.16163875207663, -98.40779159915178], [11.538823502222005, -5.546964661546171], [150.58296623035582, -150.6378815177991], [157.47519219537182, -157.57626120052169], [167.06743427478537, -167.2963801714557], [56.9039029284139, -57.14749055746304], [219.92952123141316, -217.2185001428133], [176.65231790251917, -176.7888295254473], [46.06518442096714, -46.25512217758735], [159.78446592486472, -160.0272601554674], [50.38743661732419, -50.634644076582084], [187.52835059076978, -187.76956978308218], [120.26213515619196, -120.51205662995562], [75.00639154113955, -75.25490817531434], [210.51970998318095, -210.67536570203632], [127.6206039753928, -127.86607947245666], [111.26471680141813, -111.46342986825042], [141.6517948035401, -141.85337038490258], [10.564582320271732, -2.0390724479610576], [81.7165308926202, -81.90813427812233], [117.92635981460322, -118.15322666931147], [68.18349966468635, -68.3090892888523], [107.09054598788046, -107.2973908007717], [28.940198887046733, -29.18733261544279], [109.22113743682661, -109.44856147994167], [115.54499573100225, -115.74582493209115], [206.3483921875354, -206.59419067999815], [90.18735747233923, -90.42766187842547], [143.90448330528957, -144.0799911159589], [10.11542729096342, 2.721571598517378], [198.12211878259967, -198.2782296047609], [94.2109207716445, -94.32381133902808], [31.111344812797967, -31.35406373929043], [139.71061319562006, -139.48647892983917], [65.74122681416283, -65.92289220123605], [70.52388399705677, -70.7198067455352], [79.53021580182038, -79.7332829521757], [102.57276993563153, -102.78655277516012], [59.027767734798786, -59.27204318438885], [100.34995039223885, -100.57921989045907], [96.09427973531419, -96.33763722472703], [83.89691126956973, -84.10293914752472], [200.19505499468926, -200.4010754188963], [181.3090703520218, -181.44727241101205], [12.609802696524943, -8.451587012936391], [37.529258507931424, -37.5276942036255], [193.79542430913475, -193.99824788650986], [72.85484370780692, -72.92024871302732]]",0.005929,41.02
SRN,CCPSO_strict,6,100,0.899899,0.404149,27913.095901,0.251869,0.063419,35.0000,100.0000,"[[61.82462697854045, -62.024225828353124], [204.2597322770988, -204.5097322554408], [199.83894346860197, -200.08845173756052], [166.56033539341956, -166.80523151371514], [83.6808416564855, -83.88460750057627], [49.85941513654411, -50.08471928351241], [202.19569234203612, -202.2156768835081], [121.78303851049145, -121.99376674441983], [52.44761592514262, -52.67035517111846], [115.8727602687836, -116.0197193851192], [191.12075609850945, -191.34662647510618], [99.28363961191435, -99.50154416120515], [151.62414046852285, -151.87387524859153], [125.97458751094825, -126.20653117158095], [10.557698890495894, -1.9107748381166845], [47.3864210234375, -47.63533868464441], [103.21263201735013, -103.41096898385402], [23.08062584535967, -23.27164387761732], [222.5983694822259, -217.56749406185972], [170.58918305131243, -170.82979693276118], [12.622857725045382, -8.272985244520918], [181.8566117198791, -182.09189492505226], [138.74093490364248, -138.96873782360078], [218.68217975876678, -216.88919932034707], [158.25087848557325, -158.43725643397372], [101.26175048730735, -101.49572309140305], [11.474427361854065, -5.3026223972048605], [208.6942468277283, -208.86538540681528], [179.57082579071692, -179.61962304936543], [153.87108189998835, -153.82938235398217], [72.4111120722869, -72.59065148785359], [160.49100722481953, -160.57305709562223], [90.48857245803323, -90.72030779882732], [14.07353908381895, -11.151233780613081], [128.0749600200046, -128.31205721029806], [206.47841832722838, -206.71255733578744], [25.195370866347744, -25.43448525423915], [59.585798466135415, -59.82016859366149], [111.69518493741441, -111.92966921242001], [27.220528465681, -27.470506552507], [105.20418830668812, -105.40690645885049], [15.867017636147828, -13.707425671720411], [66.1698130163985, -66.35289024573785], [174.98068026326547, -175.16854778851808], [33.4021330737271, -33.64435191165964], [44.94917759973765, -45.172921242730695], [76.69355837485435, -76.93806739161863], [195.6018682532906, -195.83206767192297], [88.24344347769159, -88.44933235433355], [136.61491839746714, -136.83765342769595], [68.26855375776006, -68.50947499346496], [117.78563298145569, -117.92042114867644], [97.29100592939291, -97.46886560776946], [70.3991066911499, -70.63328542330825], [21.11679857822292, -21.082200676530228], [85.98227496009808, -86.15295632095717], [172.8221488024707, -173.02016127713944], [213.19760842430773, -213.1548257040546], [155.86878871904668, -156.10224886066877], [29.286393181214542, -29.524850326424165], [17.4223368581926, -16.523598510613144], [145.42910634586107, -145.6340938606214], [19.29133307395519, -18.796615593622715], [31.31328889004503, -31.562314556041564], [130.16243021062422, -130.38895930358316], [10.145012788852874, 2.3347317475165132], [188.8527409496247, -189.06703651780987], [186.57199241013876, -186.6270343299701], [92.79363045940322, -92.9025965816791], [168.61277267549764, -168.77084841235308], [132.32750424347836, -132.44605155754635], [162.58410882505927, -162.76093314375842], [177.12179285421897, -177.33372119366985], [149.55990428796298, -149.7939320000913], [54.915129002583896, -55.1644570329495], [119.77203831665076, -119.99200223999294], [143.19723141394996, -143.42666789375517], [134.5596320591685, -134.68800769676972], [57.25365635580923, -57.48372158079894], [79.0980331553644, -79.17753155319554], [107.33655836568875, -107.58351946938465], [81.29651500512553, -81.50582644123645], [141.07660496577896, -141.2676339334505], [95.06335024184996, -95.16184757942126], [215.53841299536958, -215.22702857407293], [164.5960444394967, -164.84068988447092], [184.21212633385497, -184.37436951875503], [197.73775138171555, -197.9873214258912], [109.59653406790613, -109.84309012928215], [210.976160669099, -210.974668167525], [40.24182038438171, -40.39817684257794], [74.44032018135341, -74.6837823403713], [63.94191953393682, -64.1784706857122], [113.75819082950895, -113.98241750629714], [147.41603123620277, -147.65255255070502], [42.57860512750757, -42.73843695811799], [193.3771759577653, -193.6262181746353], [38.05736866829816, -38.135880966864335], [35.748120205147586, -35.9371266073382], [123.92917276111434, -124.11660757805006]]",0.006333,41.86
SRN,CCPSO_strict,7,100,0.901174,0.323900,31553.904756,0.293236,0.070247,59.0000,100.0000,"[[100.43308614392609, -100.67467873819746], [59.22092522968957, -59.47092449383184], [24.22491419322705, -24.433632192689288], [98.05851192531514, -98.30831348655235], [199.48367422787751, -199.69595141841808], [189.01823257798085, -189.19006667900203], [71.98139531943028, -72.22791604714834], [186.81581546153393, -187.06155846691823], [15.171264461129736, -13.083184590132864], [110.01175447467651, -110.26137889487062], [28.277090484868314, -28.512615844437946], [176.8509062831755, -177.10089244607158], [55.131126234974666, -55.32849573084913], [135.590168734985, -135.816596180845], [197.3730901001694, -197.57743927640792], [161.30280529103797, -161.54547971282136], [191.13471740370002, -191.38294749628025], [48.89486645077336, -49.075267203533265], [102.82950176655925, -103.07712424179405], [105.19029900195002, -105.43933858512028], [178.78286256050708, -178.86620959062915], [138.18489679512248, -138.43411550800917], [107.55678445180166, -107.80626250686979], [53.03113559740085, -53.25749046839181], [84.92638590960357, -85.12323805085992], [95.64658693510671, -95.89571002554459], [12.379373625790834, -7.740660937343522], [57.12661900137057, -57.367724505784714], [46.81769797319882, -46.985773814464906], [123.98609636148025, -124.1987305702593], [16.78342876097211, -15.551834331025029], [50.937740851093494, -51.101996996774844], [78.47853429417384, -78.68074602869503], [91.29663960454621, -91.54109030438839], [44.72650621128692, -44.94427404419703], [18.40207062767974, -17.81404860234669], [219.39358171147526, -217.07296882427082], [163.71150951170029, -163.95837087265687], [206.27717890578475, -206.52120645936392], [11.339310977644779, -4.730825816289148], [61.341627199319696, -61.51867701399925], [93.47090474126811, -93.69009215657005], [201.6850750143852, -201.92942352923444], [156.8246175758132, -157.03874310803735], [65.32049286179858, -65.54898994043498], [36.61039388200349, -36.819448482913124], [20.306705921432656, -20.226334946276964], [32.481672990248754, -32.73101456082928], [222.9910193499267, -217.73613289126962], [193.27108857482966, -193.44099237474555], [119.53210832076967, -119.66103160763896], [42.69689315537015, -42.923642415872294], [213.37359229760784, -213.54853644056212], [63.297886202797656, -63.53940274810968], [195.35365209131086, -195.5349013431483], [158.96455504918694, -159.2107533843201], [13.682296319234261, -10.50586936024235], [145.48480950891752, -145.73072627158956], [184.70327785646086, -184.9191913811821], [10.441718269208412, -1.4090395006368022], [154.61672190725133, -154.86226327168708], [133.1574171916156, -133.39349608967666], [143.21006768515107, -143.07110808375134], [150.17364617753827, -150.28531250376244], [208.64242970911812, -208.89217254269576], [128.5027224179382, -128.68059180765138], [40.61579445414394, -40.86564349810331], [34.52478443257374, -34.77263226044019], [80.51618878788064, -80.76491609089189], [69.72840830176541, -69.96966502668234], [67.52252574451084, -67.77163537641714], [211.01867545166925, -211.16242153733555], [148.00808767673902, -147.9144035930333], [170.67561706408867, -170.88371812828203], [10.12431545704266, 2.9516116396695757], [87.03892433383253, -87.24349817457451], [38.67798619927023, -38.89576575064648], [140.60455082959032, -140.7673097358639], [82.74386620451406, -82.99264191684571], [117.21737437294428, -117.33478583619471], [172.82922366590577, -173.00846371362442], [174.92962597480434, -175.0965283896275], [89.14298733365919, -89.39297199556941], [152.3847225472001, -152.63018012413096], [121.92289100971044, -121.80740541998658], [182.60948454469363, -182.85946575434423], [168.25130710056914, -168.46736255306075], [114.93059914511849, -114.8785289594466], [112.47201563409249, -112.56877219811824], [126.22503022304842, -126.47489897113107], [130.7451309056767, -130.95080548766586], [26.261852130243522, -26.48366323479688], [216.30367003585695, -215.42606158359484], [165.91996230960396, -166.16296549162112], [204.01411459013144, -204.17108446385697], [76.19604416985663, -76.43332150900142], [180.64191376417077, -180.8899699768104], [30.37959786408927, -30.599304307304443], [74.12923632791318, -74.28104012182759], [22.287809313631662, -22.183705506107174]]",0.006045,41.52
SRN,CCPSO_strict,8,100,0.909487,0.336865,30931.645487,0.263848,0.053887,58.0000,100.0000,"[[116.19991580474344, -116.39296899039873], [190.43204904590309, -190.6729019692424], [14.004126445637315, -11.255837682920477], [184.08523477650274, -184.3269259634643], [102.35618400405113, -102.59315470801879], [149.7075175093695, -149.95402552468124], [156.1407977281023, -156.33517669381192], [35.24746283524747, -35.47277963261733], [22.455309659713265, -22.53777352426535], [125.77313125500562, -126.02176257243423], [75.91404305853591, -76.0792223919323], [80.39062171814061, -80.48118437037836], [69.07094815713612, -69.28061086442074], [158.26491205821068, -158.37464576291956], [223.1643332225509, -217.7372594697481], [100.15734860468532, -100.38321871212297], [71.27510065074571, -71.52012050440322], [196.98578923358963, -197.15233130062649], [64.43893121564516, -64.67961217846816], [130.3314400282573, -130.55488435893514], [175.43039889337757, -175.65702906808716], [177.61591995965443, -177.8067210002433], [78.13257942517511, -78.36925237310929], [118.67197711355333, -118.92044204273618], [15.620472410700469, -13.970549514491134], [62.16223455580767, -62.379249993449086], [217.16602638616428, -216.09880251540025], [143.58728446149763, -143.7812177232122], [95.67306554896618, -95.82880849533302], [41.29702152916141, -41.36469485227451], [145.7691141014113, -145.6915463916896], [203.7112862658749, -203.92651870289168], [137.01847106367165, -137.2535683786038], [160.29790981862183, -160.4980892377773], [154.03579855718058, -154.2266730430087], [171.12037913926125, -171.351414335698], [123.51458072205462, -123.715570399949], [111.31619175148819, -111.5527438284596], [73.66056834109283, -73.74167616020677], [186.18923052466056, -186.34651673426555], [134.81280267423233, -134.97704424300255], [53.009709254381356, -52.99177786236771], [30.98033839404022, -31.22538935184047], [210.43080177504046, -210.64752024443936], [45.813893474453245, -46.05785746271262], [10.105492664766615, 2.2111070643567894], [106.72865616476295, -106.9724508325368], [151.8268565927758, -152.06006370483846], [91.15806468013227, -91.40327152144917], [55.272500819030626, -55.455895571765495], [168.87351932982716, -169.12330233383486], [208.2718498975024, -208.5007783978015], [173.28641202491912, -173.50995606051225], [121.07898023545067, -121.31816453265964], [104.53842559718599, -104.77095276758624], [194.76488990230914, -194.9991152236081], [128.0770076244171, -128.2182501126225], [24.467671655603965, -24.688158431530354], [162.4336533404914, -162.63895615894404], [164.57041246909336, -164.81281489867118], [141.3556137733876, -141.59489029104745], [97.79758218604594, -98.0463995876825], [179.74101937077398, -179.94212601721983], [108.99391522147518, -109.24360308896206], [166.7214545396253, -166.94759735871844], [48.2060329027581, -48.3703183580017], [192.5413105523273, -192.77661938290893], [205.96294405124655, -206.1181738169827], [37.18010718985489, -37.42859222256967], [57.59423029334587, -57.70933209721835], [139.27903163934678, -139.46626757728518], [219.7100965613105, -217.26776111308453], [201.454666851264, -201.70034765059864], [66.74152140670361, -66.92870093331307], [113.73578091790438, -113.96287079482804], [181.87575617691414, -182.093894425256], [17.059877951889217, -16.054008649112543], [147.70246949947014, -147.83926803311442], [20.524568324318714, -20.430800360621998], [43.52984444525035, -43.77616052970337], [93.41894798129633, -93.66710457954197], [12.681673813645975, -8.29278921092381], [26.5950015541883, -26.810089333705214], [82.39348544587186, -82.62437987991575], [214.94773266943685, -214.4511413099839], [132.5734309965485, -132.81013104771915], [188.35849936173042, -188.4681164631291], [86.65341946495896, -86.87938605593237], [11.493778316160672, -4.995622011969591], [212.51696070052668, -212.74739732091987], [33.113335224384315, -33.342288340160536], [18.67418044602115, -18.136216600976624], [50.599456549610835, -50.707593933541766], [88.8352718471974, -89.07114819020694], [10.540745307539567, -1.546665907272553], [199.1780168116491, -199.42372261200347], [28.772003932417462, -29.007820606304733], [39.2213103626538, -39.47060208596439], [84.68720502895863, -84.767356658212], [59.84109965599002, -60.07841161380178]]",0.006662,41.00
SRN,CCPSO_strict,9,100,0.910247,0.402389,31936.433510,0.371791,0.081910,37.0000,100.0000,"[[131.08847582953544, -131.3216508466674], [149.1110575582603, -149.35878068611348], [64.098397801717, -64.33666997153192], [222.28959727905897, -217.3535601343788], [195.93635400047944, -195.94797899699532], [94.52020396888014, -94.69033554523591], [155.98774613718498, -156.11323557810655], [165.87594311265428, -166.12434473968722], [153.8098866100882, -153.65656033690811], [135.90190814941053, -136.12298359075965], [48.244422965092625, -48.46467739645048], [175.50497137848282, -175.7542639292339], [119.9297465401479, -120.15204896121631], [103.23521735815132, -103.29971621013374], [124.23302070763359, -124.48110686894651], [70.7760762524471, -70.9574118594097], [109.29564005726189, -109.53478842393423], [30.939811454224984, -31.16963155203329], [72.90232564263093, -73.15228220914852], [66.380492017636, -66.45214110319333], [17.783291779762052, -17.07108111926571], [90.31357513047786, -90.49919367881027], [53.91981164261539, -54.15777000207626], [83.27446258204107, -83.5223617538787], [218.88059279729885, -216.99693996580382], [59.91630463852897, -60.08720176651751], [209.8156061037678, -209.80499064037178], [115.68418191168661, -115.86599186259778], [10.129250265066904, 1.5306116192703634], [193.69352832395074, -193.89818875150004], [205.44592247794975, -205.6959137589927], [117.76994253946559, -118.01856106807739], [158.3828730166213, -158.623620615211], [200.60066453492868, -200.6744553069108], [133.49937492402807, -133.7262415161486], [19.58467035822831, -19.300273347138074], [203.0743033984045, -203.1834090150577], [187.53871017597942, -187.78668889660355], [52.126472396879635, -52.218427803671], [126.44900911564677, -126.6985946761755], [177.71610036377518, -177.8476279216977], [77.15555384564706, -77.38915696937683], [105.19793317922766, -105.44643535022715], [81.20067445699961, -81.44897489966914], [170.7535927306132, -170.95847176382478], [128.65875266215505, -128.90836582579527], [98.85073935713532, -99.04620425516306], [212.1900219939624, -212.28498452944677], [189.585114476818, -189.83048280595415], [11.933699301142298, -6.667966622607366], [35.50420083142067, -35.730084036805664], [144.8985663414421, -145.0094546169993], [122.09121207975313, -122.32835142782733], [185.84190783129395, -185.95710962567966], [151.35235504156603, -151.60111572828166], [96.6744834082706, -96.8994026631564], [87.92004685761103, -88.16966223204618], [75.03393593974367, -75.26031176312196], [107.35457121399969, -107.38759619152555], [14.682752253539626, -12.400919655578718], [28.57945751709296, -28.829051171350034], [55.97306666078434, -56.14696107106583], [113.59681557164998, -113.69170907280632], [173.32819416951926, -173.16725109174277], [179.857239004398, -180.09594991975646], [160.87913568149594, -161.06480151723935], [26.274185612766015, -26.502195447251893], [42.50984192884714, -42.40999911314357], [207.30666001370147, -207.54089777274882], [33.31724098024754, -33.41643280648555], [182.06838152575202, -182.30555491545942], [85.61975729671195, -85.86767840663633], [142.6393294813529, -142.82328644848184], [163.29822467545227, -163.54363069714938], [216.9332833195176, -215.59620806943659], [37.85578320433799, -38.09664153727253], [57.92331593889356, -58.15543386597521], [183.94485223587347, -184.15778541745573], [44.4882074989651, -44.51128291404756], [79.22634217353027, -79.4557610530367], [40.15699887096262, -40.401627977239926], [68.56127507898185, -68.72143692054588], [21.73468922012156, -21.79544113049988], [198.22608087969854, -198.46812535472418], [111.56336539372576, -111.43332316703466], [13.623859293184639, -9.495111107082291], [147.17141827085783, -147.190558903201], [100.99083009997888, -101.18776370253482], [23.945332557482264, -24.13613913653188], [50.15620714274114, -50.366932346851684], [62.08070899741912, -62.287843156774265], [214.2253807386205, -214.12586902318617], [10.710152199025075, -2.6497145186978677], [92.42841459941934, -92.49699448437185], [191.7148597171405, -191.96479754757286], [168.39411852613807, -168.58506280751163], [46.325008700263076, -46.5406428296385], [138.20450231555844, -138.31892577326977], [16.228475048508955, -14.853015741040721], [140.39905083900925, -140.64726825699304]]",0.007866,41.59
SRN,CCPSO_strict,10,100,0.892522,0.312103,28511.589401,0.289587,0.075992,34.0000,100.0000,"[[115.80259579855614, -116.00392241283029], [113.45464633116333, -113.66030290633091], [152.37956642213265, -152.6295638768543], [163.32003658384207, -163.5166010660442], [61.958131602229884, -62.14015897941418], [214.72679003950086, -214.65909222429934], [176.5446681835238, -176.7810223632633], [64.02235000983546, -64.0953384959849], [205.4692977055405, -205.62648600463385], [77.25888635415643, -77.39442510754816], [174.2859439333421, -174.43262171818162], [111.33977473209927, -111.5394717991561], [54.01108152546347, -54.26055076818278], [57.9238758689139, -58.17308597057594], [150.58165876505913, -150.80828214964276], [66.01476683195607, -66.2544375225737], [132.56247656701277, -132.80789443836247], [34.7782999251826, -35.02643948396594], [207.78327972550176, -207.73768605392772], [197.24120595252498, -197.43544730119592], [24.441409447093598, -24.60731461057531], [85.75100550578325, -85.99195828154843], [10.553944854161285, -1.9784471547361795], [165.38987475860904, -165.59501528236717], [178.7283672323288, -178.92043593295875], [95.9492171422798, -96.17873936068165], [209.92883535048009, -210.16265357306054], [81.57752003018781, -81.7722577842608], [148.62078346275013, -148.87076959720383], [39.05720393841674, -39.29297722789195], [83.68115446572989, -83.83543987145165], [102.61648298826469, -102.84726595402917], [100.38303663202308, -100.50124761524029], [87.81102189213898, -88.0608743495282], [154.50208727131235, -154.5123271591282], [11.710505316939793, -6.209134452813715], [16.623466079316444, -15.462335104250403], [172.14902396974136, -172.28064762666853], [13.041706407191377, -9.39546561487266], [98.21263817540563, -98.28368624859615], [109.27523749724097, -109.43896964848769], [212.30479112663127, -212.52916319397525], [141.80679422088033, -142.05486066110643], [18.540519195819623, -17.969397728944042], [125.6834098169397, -125.83694531130652], [49.85071557728382, -50.07004251909014], [180.95463183967178, -181.03369023555157], [195.52175552054933, -195.4025798974772], [187.4664955453131, -187.70831242458024], [137.05870259207504, -137.21543047553422], [120.69228092555902, -120.93980734132386], [51.94467745038787, -52.168678839780796], [93.82948587078977, -94.04572407461811], [104.9196009243451, -105.13761514551753], [203.4687360331455, -203.7172540084887], [201.44909189173353, -201.62266101379154], [28.502421181063255, -28.7338185676482], [123.20326253025098, -123.41604391202674], [156.67526381740132, -156.70618436993036], [193.45868603405893, -193.59812828560223], [26.452221191920614, -26.69506535396891], [167.68769024360876, -167.93371362780502], [41.25805263788853, -41.507613282604765], [74.97568676895209, -75.1761185959896], [56.00207088185077, -56.20147518344993], [91.83866887336941, -92.08834947518118], [217.42006763966307, -216.3643477793796], [185.31069987310596, -185.56017608335583], [89.8743902948836, -90.01308085124319], [161.09313469954162, -161.2837554641579], [20.472954586031108, -20.32157187536769], [130.32291030248376, -130.57126943849946], [36.902500311519724, -37.15247834256301], [189.44079221786768, -189.67884177310566], [118.18003035441166, -118.41463331831996], [146.55975479842206, -146.45328827501748], [70.48177504989889, -70.57901664137026], [32.72336450514011, -32.96770965737646], [134.8150368448119, -134.95127010967198], [43.43941435444157, -43.68930079865562], [107.03557128779273, -107.26020875859646], [221.59964692400928, -217.5668958809986], [139.4229779733647, -139.63560116964732], [128.02132628758787, -128.21667851562734], [191.4617954218139, -191.50694418126653], [22.43717797534471, -22.339554347253625], [169.93345653730293, -170.1451865257908], [183.14347136832666, -183.3102743028874], [59.948002180419365, -60.164548371405516], [72.74697902964724, -72.98994377004587], [47.71497091031576, -47.94626833512048], [14.760682266747303, -12.341095242367357], [199.3339114502824, -199.46393668756377], [68.3284902201957, -68.5784685536686], [30.647826473042528, -30.86081279639694], [158.9212666688439, -159.15372561359183], [144.07935616815024, -144.1095042209052], [10.12860418799772, 2.1705331759202586], [79.46542369811426, -79.42051470520839], [45.57161487035968, -45.745905651138756]]",0.008110,40.79
SRN,CCPSO_strict,11,100,0.888004,0.292334,29074.935688,0.296383,0.072772,32.0000,100.0000,"[[200.47943650307548, -200.72690535647286], [211.36680969269702, -211.48610732856883], [86.16764301182101, -86.32985664530776], [14.527610442868596, -11.977748849042754], [142.5794419595419, -142.82313964951186], [126.65190099600471, -126.84734217744774], [182.01630975541966, -182.22318391106427], [152.13996231820198, -152.27228400587722], [195.98585294577828, -196.12479718885345], [22.113435984298704, -22.179124242788138], [73.16321176056996, -73.35734733089515], [205.08039179775218, -205.1788655187795], [172.6026614192111, -172.71190229245892], [140.3130897564903, -140.4948486134399], [167.87407395250855, -167.92155217420765], [158.7027388322203, -158.88885705522878], [154.36294194665294, -154.61294035012307], [216.55046005444888, -215.41841154039446], [106.10992539045057, -106.22978122981172], [128.44867466590594, -128.69578518241764], [209.3645289398745, -209.4796655749991], [24.355392557407907, -24.561617324510383], [58.072852901820326, -58.31052752140779], [94.7782361537603, -94.94929893381152], [186.54327742838086, -186.73251002580227], [177.3311386601542, -177.57356582515285], [49.504761407078476, -49.680535000746346], [213.44268975474137, -213.60984256571783], [175.0491162294324, -175.29430065370173], [188.8821897515525, -189.03091554212014], [193.60407374451933, -193.6999185621574], [60.21657485276798, -60.462736481774684], [71.07169438016201, -71.32104742428072], [161.04025008502705, -161.14453536404753], [96.79477045977883, -97.03629455138946], [108.33523041855173, -108.57614480572283], [83.84577390768239, -84.05511373285557], [156.56286732503833, -156.76858777324162], [62.52215848886782, -62.736557231616615], [122.90225835013963, -123.10596853716805], [219.70621350015435, -216.94963045697676], [134.29637335772856, -134.54636654963204], [144.96391236458075, -145.21332890879165], [79.47189279903978, -79.53246371936228], [170.20157125157561, -170.38579911506753], [222.94576522553874, -217.73592250373972], [69.0808858861366, -69.33069815420657], [198.25023577756124, -198.4877770106835], [132.47556888358147, -132.60272038968563], [92.75965373879036, -93.00844508984602], [53.77711280541748, -54.024276654554214], [120.87091637942484, -121.1065153252824], [75.12204808675003, -75.3684157981203], [163.17876330204595, -163.42722034076792], [103.74369130760367, -103.8678003628543], [64.84175836690208, -65.0547181641644], [124.81136973298544, -125.0231042124661], [66.97854036374544, -67.22007993794271], [202.73183795458672, -202.93499139560052], [207.13897023857942, -207.38184292615728], [51.56278761997423, -51.81277454338871], [191.20308066689387, -191.4472827828765], [179.6168865377668, -179.83322202695481], [10.113398971375753, 3.0416542513937888], [10.489332769983262, -1.5812390817126118], [35.176516587648265, -35.399256294820965], [149.7128715878386, -149.95536593881036], [16.11627556436488, -14.671493375885696], [165.46811496234048, -165.7180788445963], [26.604333610737882, -26.840504985818097], [147.41192353540706, -147.65365126533155], [90.62190773149533, -90.82203952457132], [138.369447066406, -138.60184079365138], [45.459703804911726, -45.63161579285122], [184.27430068808664, -184.411524330379], [118.88723669479458, -119.12605802515161], [81.5560097574735, -81.73618627996103], [12.9754318793311, -8.955857887253565], [11.605023917952979, -5.312089357823389], [43.46980308120439, -43.630755214643564], [136.3596987329971, -136.51167507555527], [77.26492737285153, -77.4459137971727], [56.04877340724131, -56.07346444927086], [116.81885686413773, -117.05455628585395], [88.41082565497004, -88.63396010104115], [130.4320236760537, -130.67276400126005], [33.160168157808016, -33.40523029686073], [101.32295174389202, -101.56391344773108], [37.247235634532686, -37.46510611141019], [20.008835164419768, -19.84794824994653], [28.822360752513, -29.071244350595443], [110.58225108358424, -110.673307084139], [41.35585784350056, -41.57172261706383], [18.198731161074754, -17.396897021380447], [39.34374680334815, -39.56149002629262], [31.070966548921533, -31.132889459100717], [47.42318918469162, -47.66775115390563], [99.08011182893486, -99.30621714310408], [112.67824687846559, -112.89461285328495], [114.75106739425905, -114.94402553142879]]",0.005926,41.33
SRN,CCPSO_strict,12,100,0.897052,0.336513,23946.485933,0.262319,0.061232,50.0000,100.0000,"[[150.80986801155706, -151.0361666991962], [192.66152609159408, -192.90751225970098], [198.75256736514268, -198.96119080768403], [207.22492833552673, -207.3364205376137], [80.55486071135117, -80.70777163285786], [51.131719793831735, -51.33984479606384], [62.19189147828544, -62.38646942236912], [119.06145701539869, -119.30935501264514], [194.60456928610725, -194.80920306180428], [97.66713296735396, -97.84124546139333], [10.588566589339882, -1.972508457861652], [15.556720751302553, -13.8803063150756], [99.79923414346906, -99.94823177674411], [89.2803951530216, -89.46495059077263], [10.105166745863748, 2.5549712825979283], [38.83078717637554, -39.07815553156617], [176.2785033817281, -176.52173231568315], [186.3963751027453, -186.64478285954007], [196.61578067070724, -196.82195016594255], [134.90221190454272, -135.15170887511647], [17.37075638185622, -16.37645118386719], [146.51599650107016, -146.7068210410448], [95.53511979165404, -95.78498838221317], [157.67396525479515, -157.92287212685412], [178.29867667308378, -178.5052972097334], [209.28729962289697, -209.53230632167015], [34.376272555955325, -34.57639573186094], [216.11974049364085, -215.6604432421121], [12.645813519292101, -8.403860006915817], [106.58195251328648, -106.7244626807304], [91.40349326214465, -91.59263685859081], [141.99278411175558, -142.22226636781537], [162.5618452654175, -162.76677641347533], [59.86188632393126, -60.05083279698925], [84.92323544691959, -85.16845565174502], [180.2556288125868, -180.4961081214871], [47.324102236378195, -47.56281777640271], [153.01403185964904, -153.25661624007586], [29.71056807630397, -29.9509599732639], [125.60011421588663, -125.78182734928411], [20.90029366646294, -20.899132120519926], [182.3025818688405, -182.523182955118], [160.10157054794826, -160.345524190108], [112.94087605287874, -113.09897969585273], [148.67071467549863, -148.90978962386194], [200.81328271848386, -201.05537795867258], [71.4457844747721, -71.6957526637503], [155.31934879423878, -155.54264916490857], [49.20562032389874, -49.43880046250388], [78.34504406783978, -78.54757496256894], [139.6904020563415, -139.93472597774755], [53.25163594517279, -53.48590840390399], [174.20845931508663, -174.45669471749406], [14.153590677339643, -11.318978693637519], [213.7688124565442, -213.83728059048846], [87.06994930956549, -87.3195089495768], [130.1815056526321, -130.42298117769812], [66.85667695860919, -67.09468230188872], [188.3386995860173, -188.5855280446399], [102.05472303036183, -102.2966765082248], [108.61339245571959, -108.85979060535033], [117.03441027071709, -117.18363762104032], [19.0866530486407, -18.75786357572436], [164.84300695575848, -165.09223867934202], [110.67512482144191, -110.9186618110994], [25.21136354789152, -25.45037540268489], [114.93080213911031, -115.17416248173227], [190.53135525553998, -190.7809191981402], [222.75320376115388, -217.73490361010914], [82.72565463109478, -82.96266701219201], [57.61462554210027, -57.74738949002147], [36.6353848152844, -36.80299944323295], [32.04036079328051, -32.271826284427036], [169.6088155105346, -169.84759934560054], [104.36057334665695, -104.5118982938418], [219.29400177607067, -216.6676365264511], [76.07687865455244, -76.32509690545874], [121.13611743864669, -121.38218275257755], [93.44964545430271, -93.60859639364767], [55.43112821347211, -55.6799993745455], [11.480175217877177, -5.5060294233872735], [205.15415240887705, -205.28089008743464], [144.31039198888578, -144.55482365545188], [132.62247329807212, -132.7742396917501], [211.620726315527, -211.6923809036754], [127.77278019470904, -128.02168498494765], [123.51741259393384, -123.57607849849424], [43.049828140967946, -43.29478517678041], [64.54167664311954, -64.70353834243423], [203.0027571699628, -203.15306221530258], [73.7640516105535, -73.97739482933699], [167.19860950886127, -167.35472435088514], [23.059306394943658, -23.1170792647038], [184.38065722241183, -184.62628267977004], [171.805738407489, -172.03969789332373], [69.10146739946794, -69.32432494337291], [27.391064006263562, -27.64089265182], [45.29249161442202, -45.50963962283961], [40.89843165524782, -41.1253277019929], [137.3387973909008, -137.50444160240585]]",0.006580,42.65
SRN,CCPSO_strict,13,100,0.899969,0.361267,19722.594696,0.291291,0.063855,49.0000,100.0000,"[[171.37952390275703, -171.56557185451248], [37.67923032188282, -37.92614533946513], [39.76292737970032, -40.001917275677414], [181.74957735186211, -181.82263897391215], [20.18530220564588, -20.081653400224905], [190.13318703028258, -190.38169375995892], [165.39262068075655, -165.63386910917785], [175.47333127185064, -175.72119310786752], [173.40592918664242, -173.57771660804974], [115.73443254158812, -115.98425001375148], [187.99850079049602, -188.185032621037], [16.437520156642623, -15.135116336202575], [62.84011696116109, -62.99968360957318], [31.348031041205914, -31.5799879324996], [10.108828269974795, 2.9286505641988523], [209.90169282647327, -210.12056910039203], [35.55631815211606, -35.80533741712244], [54.58967143191709, -54.78210304464157], [154.70950646415602, -154.89659064112945], [200.88233391665875, -201.13050231417307], [169.39582675389832, -169.64025889704243], [71.5383183818632, -71.6597937954199], [100.07999798287798, -100.3274805420015], [185.9288636859085, -186.04150199243918], [198.7201924336992, -198.97012471231403], [46.18500093638937, -46.35407753408188], [48.2849053812465, -48.52530199744626], [10.5585735467788, -1.8214806363404392], [93.45088401869882, -93.69890963123285], [102.44532399066111, -102.68835719594261], [111.53759366219518, -111.66601526573832], [29.15452151296266, -29.39036613688193], [183.72561807963967, -183.9685800315496], [73.55237808294646, -73.7882794283881], [163.40202471608532, -163.528383967116], [107.05472105202472, -107.20795885765835], [82.42112724221901, -82.65011508850995], [141.27978314653853, -141.50278362056667], [24.640734762844538, -24.85999559044776], [196.59970404212572, -196.82944685462138], [126.43767907422087, -126.68720206289751], [156.88201761122463, -157.12578776046087], [143.5511484114312, -143.64834747694107], [124.24600969709093, -124.46066594758771], [205.4186537156593, -205.52508393415974], [148.0255093152697, -148.25167627521202], [194.52924398021221, -194.74513611330784], [207.6664146527188, -207.77207029592543], [60.758981557832655, -60.89761007919523], [50.521185182374786, -50.42376253711461], [13.055909830106952, -9.046359164976177], [58.71040403684829, -58.8624128979228], [22.320651640263378, -22.452578946301443], [52.415479322345284, -52.62016342889386], [122.13151183132129, -122.13455116288964], [203.12943702157412, -203.37871464628148], [145.89235759718974, -146.0712209353535], [109.27102706376135, -109.47959686359391], [117.7969477702465, -117.98321316666478], [132.89743076111475, -133.1314276319542], [119.93198053351503, -120.18106924986537], [11.66158682599674, -5.872476473442845], [150.2686448948484, -150.4894115386413], [86.857146008226, -87.10430385947765], [104.7213258264736, -104.97118616907059], [139.03691402963295, -139.25543464446176], [67.22515674311896, -67.34925643073869], [75.68893207862683, -75.92034749816807], [113.69384547837558, -113.94346357556223], [84.66261545364151, -84.89227585721346], [80.17558707908105, -80.41345113244697], [33.469647463286016, -33.602347928779906], [69.29575840927971, -69.54039303737676], [222.87659494204064, -217.73821325463877], [215.04885503719996, -214.91676956137138], [192.34458637601176, -192.57556550162323], [218.480808787805, -216.73511520416866], [177.60650746000732, -177.84905665413345], [65.00191562262171, -65.20677578341063], [77.91052345280315, -78.15564063612076], [167.42786178053967, -167.49646215295445], [179.66458523764717, -179.9022593468471], [212.5470241225906, -212.3166613866881], [18.39378482358492, -17.753380333075317], [95.63467601325611, -95.8841748347053], [152.58281701999397, -152.67415679453052], [134.84209137431858, -134.9368243443915], [130.82691905211044, -130.98334007488802], [91.14830304479955, -91.3157755473935], [41.84634421278446, -41.9565110612278], [161.4005108583999, -161.55480219936203], [89.10159092941849, -89.18436314660227], [26.88318271353487, -27.118881132398762], [136.9413250429142, -137.0990976262872], [159.2309601678523, -159.4276695398864], [56.73088620855342, -56.72699616198989], [128.62855427257836, -128.83232817836986], [44.02227168957448, -44.16834542161453], [14.698476303371763, -12.169079804543308], [97.89839105746225, -98.11545828400011]]",0.006973,40.78
SRN,CCPSO_strict,14,100,0.903052,0.367778,28962.354573,0.312118,0.072302,66.0000,100.0000,"[[139.4284458569277, -139.64201897417925], [17.872073228977037, -17.200512126207265], [177.43811065840688, -177.68477882002534], [197.20241636384273, -197.44148878332012], [83.8640480671701, -84.08579518810498], [118.17298565099962, -118.37678152337465], [152.50750996427615, -152.69396637505275], [150.44201962998193, -150.4631290003726], [166.9116415764574, -167.08945237251766], [156.72828947054538, -156.92985036388924], [97.59611573589262, -97.8447053624525], [75.15966252979997, -75.37408684658632], [90.81896488384447, -91.06868764869401], [31.90006784960702, -32.15006425449201], [175.28830718790473, -175.53452799034267], [212.5187890690225, -212.75756847891543], [187.4601809327108, -187.69566774760247], [115.73386494981986, -115.95039938597773], [164.8059514075959, -165.02998823841983], [68.82829600504346, -69.05749484529447], [169.00843034538798, -169.2558471569339], [108.54440586738586, -108.76989029905019], [10.124447498058387, 3.0902527569358256], [208.053857331869, -208.25392793251928], [57.90141500671274, -58.11678424990208], [148.1847497280856, -148.28344719674502], [179.5504276701988, -179.79565562332147], [14.590699361446303, -11.988751996076521], [195.36722347310283, -195.5162239177256], [125.51818862408004, -125.71448023236633], [215.17236355097117, -214.9441938641013], [222.8414385007885, -217.72229645518968], [160.84242051333885, -160.9929921459665], [145.9816365018416, -146.18876722382038], [132.72158536175286, -132.96990094823872], [49.17549109828565, -49.33835755305082], [137.20802372502504, -137.44893009771573], [70.92376487238467, -71.15306526689992], [210.28743203846437, -210.53743201820868], [42.79037879059557, -43.02244790440116], [53.32122313427571, -53.540860252023634], [19.68935714779247, -19.462631518705898], [171.12938960649106, -171.37756584476807], [34.04199613328071, -34.28998819857279], [135.01454072646754, -135.223153223882], [62.317646150210365, -62.53427268963214], [36.22701725581297, -36.436102736541656], [16.139068845068344, -14.736250245612599], [199.19766062181995, -199.4266663081739], [189.50318754129796, -189.64457753720842], [123.06758298886123, -123.27575513529766], [154.59067268077584, -154.80600746745614], [162.8649140791709, -163.0215897432618], [29.777272340998984, -30.02528167275561], [27.708943160112195, -27.893986825531652], [173.20616806973504, -173.45564171898513], [127.93734961435042, -128.1872521621757], [113.25652689322473, -113.49309700307607], [95.35652723768186, -95.60601391855472], [44.937682591495815, -45.16465423892177], [10.550473059370603, -1.8117353877611189], [201.2563756371826, -201.47120484842807], [60.177085833810736, -60.341493169190166], [77.28560245083048, -77.53170507272029], [38.45293064685211, -38.70198239838316], [101.97496310683388, -102.09168617903828], [11.61313832018103, -5.861157858665498], [205.76999527262382, -205.7304728303564], [193.43975056753973, -193.58286986868916], [93.10532915655568, -93.33697443034238], [158.80304046703208, -159.0254805035623], [81.68462042096353, -81.93097827460748], [51.21760854032543, -51.437620772131865], [185.56843521788198, -185.80640779298113], [181.59964625313756, -181.83228572521728], [203.40980770341662, -203.63873954574387], [86.23519203946562, -86.40790857880984], [79.47102359115165, -79.72039100451747], [141.64508296155526, -141.7908377425711], [23.478314067519474, -23.692392387645462], [106.3995181609055, -106.59660621324691], [99.76346143540718, -99.98753186303708], [21.4943133742927, -21.571097825691247], [88.5338883737577, -88.75619431591585], [12.976216388018795, -9.098336692084619], [130.4240554597106, -130.66251537128213], [110.90060927727026, -111.09836708837786], [25.57980224212919, -25.825533867993336], [191.45644935494033, -191.7052516923451], [104.19289165239404, -104.3204714015603], [120.54028744798646, -120.7731137388273], [47.02976838384802, -47.27595988424402], [64.59430847180295, -64.66492678567852], [143.77121362996232, -144.01913128308755], [40.68613248143626, -40.78058450208309], [66.76037154432566, -66.83715907332135], [183.62640610872734, -183.8685079921407], [72.99764265796138, -73.23436974273412], [218.5964596134103, -216.7961775152859], [55.64996830698648, -55.82654517196871]]",0.006639,41.27
SRN,CCPSO_strict,15,100,0.898376,0.318552,30621.510778,0.228487,0.063140,40.0000,100.0000,"[[198.5766351711403, -198.70205113055596], [165.58848117295352, -165.83571698937905], [96.16942702231123, -96.24567082626965], [135.10821365199263, -135.3575448203208], [104.42932707213413, -104.671402226868], [14.555895775900115, -11.767935477924368], [62.20956305030175, -62.43570175767201], [137.47333410864454, -137.67625100614134], [94.06845895762422, -94.27865912014022], [163.37511154049184, -163.5888604998949], [205.22158883405015, -205.4715603377531], [98.15675419739094, -98.35896981950162], [222.9472104625396, -217.73223411053763], [187.48275555435922, -187.72918608812043], [132.8423764341012, -133.09123406463493], [159.06365042134868, -159.31306364474136], [211.83106540374348, -211.98607756714074], [77.21909833956387, -77.46746616988146], [213.91468735439872, -213.95113258397265], [207.54272544238805, -207.43585070290854], [10.105070959128206, 3.090208409870022], [68.71280678346287, -68.94490113022252], [185.16851581449427, -185.37055132910092], [12.931919518473102, -8.820196339568845], [42.56725093853859, -42.7498572672268], [194.07771691634434, -194.24932267140306], [59.93550632788914, -60.17388261164776], [152.78274134786864, -152.9760261740005], [28.006405659446777, -28.236101011864054], [148.5308261996662, -148.76205788166092], [167.83935400882154, -167.91350698403826], [53.106801482419485, -53.34255503382956], [25.989420112607448, -26.226454576044183], [81.53514545837741, -81.7635697782045], [75.17889357996907, -75.38347014420282], [73.06424116373944, -73.31153012576507], [130.51768660079114, -130.72508949263676], [202.98868402882403, -203.22750694193326], [91.97750152308956, -92.22697340587438], [154.90391120174746, -155.1087083451614], [157.0481051222876, -157.26366283631657], [171.95342994822806, -172.20120410179385], [83.65943536989656, -83.85903437562901], [57.70710379468475, -57.926312833210694], [189.73115357911158, -189.94841240659755], [44.79715460703841, -44.92062596603988], [21.88962465321581, -21.972686656370655], [180.6803543035952, -180.87607676415917], [49.07145245633205, -49.17331740939649], [219.2096327223141, -217.07304478070623], [115.90697642109268, -116.15587494788335], [144.2603284777447, -144.4739491959801], [11.463368171245216, -5.468054063003446], [10.583681898461279, -1.4761804504294371], [118.51583887794204, -118.7580307341473], [55.343564882355885, -55.5892623445542], [85.73200272152368, -85.89706999343869], [169.8959478817589, -170.1108612700375], [146.38082727106155, -146.63062858442916], [150.69772796791307, -150.7930901803582], [108.77774258266437, -108.97356093496418], [64.39992970269172, -64.64992499788018], [128.22846070911427, -128.47362550947673], [200.72396906577276, -200.9360649028276], [142.05284969115834, -142.28540828076365], [46.871861476039655, -47.04181753495507], [16.170831964344725, -14.735213546120534], [161.19392099315678, -161.43827721239856], [79.40416192899548, -79.61031310432128], [100.23271937675793, -100.48179442909392], [191.88921979213146, -192.07420136585878], [209.7253735225786, -209.97512139654205], [176.19515303987242, -176.38910885638313], [196.25521046555718, -196.50519400580447], [174.04521129886172, -174.285675934739], [113.49602696630069, -113.68665775047222], [19.82827797202085, -19.61946897997156], [66.45726317671162, -66.707205940866], [216.27701669276638, -215.627943248649], [34.144783630978154, -34.339608718402886], [87.733459563713, -87.94865266632816], [178.46120616028324, -178.67783287987154], [125.86999079706662, -126.00187302331048], [139.7817195945086, -139.9247633963108], [106.52075099536293, -106.75754370695921], [38.2347631451062, -38.475417678980115], [36.120928755239014, -36.370550904986175], [30.085337309746464, -30.28772576573812], [123.45146998789627, -123.53305304964893], [102.33001782649298, -102.57937397045305], [89.86012959320206, -90.10933045989788], [17.99839008366792, -17.155569696762683], [111.20676874993799, -111.39497005500047], [32.0879169727316, -32.33751368404001], [182.9365901520259, -183.12300888391462], [40.43556214426339, -40.61666793699763], [70.8534038931639, -71.05555880095739], [120.95353176019226, -121.05806097568768], [51.02263553874118, -51.27006928403593], [23.877563622113502, -24.113029602263477]]",0.006219,41.33
SRN,CCPSO_strict,16,100,0.891030,0.358309,26229.922543,0.192348,0.051005,60.0000,100.0000,"[[148.9565932958874, -149.1309602758901], [31.02324731775309, -31.195733292269153], [125.44927213186651, -125.69899846097957], [213.3857192457449, -213.5860042291878], [101.34961867567509, -101.57185509003995], [41.436743715912755, -41.680214739688296], [47.78469624630999, -47.99535731517751], [146.81799032683318, -147.03502578805714], [49.748408035859626, -49.98294868530208], [208.7315273358881, -208.97665136078575], [18.898671468450836, -18.339696049251234], [182.00190130906913, -182.22239215590412], [131.75269962846198, -131.9696346969793], [62.46034147720201, -62.70943716788119], [138.08142339657323, -138.3096417563847], [140.2302094952496, -140.4312291550896], [129.6768196759204, -129.91722013862454], [60.20667887192728, -60.4338858248761], [151.0489836237213, -151.2658080748119], [157.43906246815402, -157.6882768565043], [133.84377100260835, -134.05528891420067], [112.15169573188847, -112.38966845425895], [195.16507598182238, -195.41034389053226], [89.79934026458896, -90.04912088300122], [190.85744883517395, -191.1070966951181], [105.86754207990813, -106.11245069835756], [64.62241454175306, -64.83262247894069], [177.75299647246035, -178.0027954065283], [55.85471264459202, -55.979287324767505], [123.1807742756923, -123.42305257020587], [11.329505201312319, -4.653262794887963], [24.64755101437952, -24.872692988754906], [175.54203200880585, -175.77028630696725], [204.12624628843938, -204.36627252594727], [211.0048146148353, -211.25204247041006], [51.73575324615069, -51.96403853946205], [153.16404116199982, -153.37752485051666], [45.71886310724986, -45.90706086952973], [179.94155821594592, -179.98120255234645], [218.86438044633488, -216.96371776278596], [22.662564671422068, -22.77446905604976], [215.96380469910957, -215.47791420515904], [80.52394764136235, -80.77264959385678], [168.62658449252282, -168.86442845531045], [20.751647238919908, -20.508306989532656], [96.86264925992529, -96.98168584184766], [10.138001960448333, 2.7089742847341682], [37.231377756860084, -37.46849509202406], [66.80866625018578, -67.04760793787432], [76.0649791358778, -76.25406006669397], [120.87284916115003, -121.12211085289577], [73.83350799742304, -74.05006857562708], [144.6970805743359, -144.92877704624567], [159.6202498095221, -159.8032235453422], [103.6015211002923, -103.84766272833092], [85.07317670615599, -85.27982660114975], [71.50638802739522, -71.73705603284257], [15.275690796402273, -13.375009860067934], [173.23239807086475, -173.43008632637034], [135.97202044715513, -136.1951909028548], [155.3229645796036, -155.53463632068684], [166.2499292181207, -166.4979281527848], [142.46589124813065, -142.6971994904198], [26.77647782045989, -26.956300804668317], [186.3258098232989, -186.5596791846775], [94.45046584469321, -94.6877519199266], [53.786557234860666, -54.017487449470245], [28.925167682276296, -29.14416231083412], [188.61842408790324, -188.79231878954627], [110.00197229524007, -110.24729803538365], [13.786434733091744, -10.776317160262474], [170.88192454051483, -171.13189463297454], [78.37273710999077, -78.6102972206414], [69.18825331923634, -69.40995773850217], [58.04556651545889, -58.19054742423343], [197.38030031394732, -197.61213739814366], [107.97633690845274, -108.22288786936765], [16.99249305575053, -15.94057007758053], [35.121973530532074, -35.360969652436395], [116.5789091300403, -116.74443988846677], [201.81483581012063, -202.0331731265677], [87.50160472208458, -87.6884562792077], [33.0423060368743, -33.27315708595225], [161.80456253827194, -162.0113179906531], [127.59413554501145, -127.83271097191276], [164.10045007123082, -164.13780918886505], [222.90586174767932, -217.73863987145836], [39.34461465615999, -39.54470833561378], [82.82505667518548, -83.01774536706914], [184.15602744240053, -184.3978361921206], [43.55642558568878, -43.799492187372444], [192.97698137885797, -193.2200758249355], [199.63102541553627, -199.7213766577633], [10.570237496332847, -0.9543129596810331], [118.7568265843056, -118.98996874361694], [114.29705785701978, -114.53882307454444], [206.4662181693835, -206.67298100353608], [99.05850602830093, -99.30823930078944], [92.17522091979019, -92.28678046319853], [12.422587856139547, -7.697878741014935]]",0.005983,41.41
SRN,CCPSO_strict,17,100,0.914667,0.333474,27104.628925,0.332395,0.073418,37.0000,100.0000,"[[159.90614007113152, -160.0802301856187], [125.60390254815961, -125.69422551779508], [176.92429395841287, -177.16748623005756], [208.64649893118005, -208.87373971983493], [94.41456990826214, -94.66369810969273], [157.6381445991014, -157.75108137652933], [218.63518431323797, -216.86185891893405], [146.21093251364294, -146.43988913728722], [99.29094636288215, -99.5237199960782], [123.1632621358107, -123.40869944976563], [141.2754729387905, -141.39529279081853], [152.9830854703283, -153.23308372373083], [78.21041129419605, -78.17428950100063], [53.043361693647526, -53.20896678062334], [150.6902040984399, -150.93602841007962], [213.2093628360901, -213.4249886967584], [162.09191326530524, -162.3385454093603], [15.162928455747984, -12.931026567116419], [155.16581968119544, -155.39662330534105], [18.28857722372357, -17.56501519125589], [170.54292247263024, -170.77360447696134], [134.3457691293916, -134.52893128215936], [16.637975666596972, -15.382073059347704], [65.24035479671625, -65.48347613782025], [203.61524517631335, -203.85474658619353], [168.3944765634742, -168.62137852007177], [136.72753422496032, -136.8165931432597], [75.7640442918537, -76.0089891261667], [196.66570700220436, -196.91567765879114], [192.21509201233783, -192.17732634056964], [138.9063873766764, -139.15560047047552], [215.73402777576803, -215.16610681911095], [164.27706306734882, -164.52511397696696], [104.07792385359836, -104.23890756323976], [201.48592840979416, -201.51164383396818], [148.41372772111148, -148.65633579339965], [57.30430666905406, -57.45063256506484], [32.04734697998143, -32.283017678837716], [48.62817833092547, -48.87784550920336], [108.36540879208137, -108.52898881450206], [172.84428789339808, -173.03244663141524], [174.89230342141633, -175.10935730839324], [67.2472974419598, -67.47637252676166], [166.3891289269949, -166.60584987738014], [194.4755691163123, -194.65831836411652], [38.25206293419015, -38.39684101779784], [59.33071200236539, -59.50395544421491], [55.15337996104991, -55.402849694059555], [69.37304313421079, -69.54212868019759], [21.781921795092806, -21.90340317162294], [129.7830811694725, -130.0328176984816], [116.71970657737212, -116.9615274470793], [71.4967782566677, -71.65876254847734], [84.91244058336954, -85.15660154913786], [189.72242544222266, -189.87675662701818], [132.011744312413, -132.19815475825473], [42.55167949203103, -42.4488134848783], [29.98488366636646, -30.153098553656324], [40.23368400769811, -40.445602089847156], [87.16952265624309, -87.34255833495737], [10.134298381299477, 2.374291680633611], [50.90484405833375, -50.999204823773894], [89.6272377815063, -89.68978822792437], [101.62642157132775, -101.86012982547123], [181.0459225113982, -181.2708117173322], [63.30819490213932, -63.54378688395], [114.65963483113265, -114.89278645251265], [91.99080850769587, -92.21734585721849], [44.501335761912635, -44.64642708957629], [34.09968595802424, -34.33868151431751], [61.36310587099791, -61.59018561973684], [210.98548165040722, -211.23163295325728], [36.14721087612385, -36.38604364666037], [112.57026017353108, -112.7020776712589], [106.2048683217497, -106.45019996943641], [12.359233547260558, -7.79784166402506], [19.969895343830906, -19.678404583020388], [187.35687773506237, -187.51377337987088], [127.68682549961237, -127.84216158286496], [13.62528029191858, -10.482410143569274], [206.09039626947964, -206.32068579244785], [25.77863864545582, -26.024718694975313], [73.6019259178897, -73.83013135808997], [185.36181379382708, -185.60785984000552], [27.88301396802419, -28.10215462211047], [23.78999695922591, -24.009890777275345], [46.544577406518854, -46.77945874445893], [120.85120476137985, -121.10025541055455], [143.69704126768949, -143.91208362837568], [179.03603717149414, -179.09520981157522], [96.81591754448004, -97.04139060057153], [118.77058406333921, -119.01653220282189], [10.577396808134235, -1.93555339336441], [183.12076692280078, -183.37036422317476], [221.0902681106818, -217.480162971336], [11.302966968476884, -4.957014159284806], [80.37251005729385, -80.61892225564188], [82.66221941694423, -82.89915282467814], [110.32993954367393, -110.57989784025818], [199.09373779079357, -199.10282598979933]]",0.006614,41.02
SRN,CCPSO_strict,18,100,0.900487,0.325018,26367.884642,0.267510,0.056061,36.0000,100.0000,"[[144.0346832195779, -144.24166078897738], [198.27767364757378, -198.52271368860772], [216.24167801873213, -215.21459119967705], [177.03718262704007, -177.27958318926727], [200.32863708804032, -200.57724971310665], [194.33048516044317, -194.57485280283925], [148.71367249456233, -148.89943930040164], [155.79156445680704, -155.96386617212323], [100.32465463203835, -100.35526976388294], [115.2997884859784, -115.53044245868374], [86.24907163682416, -86.42547679825852], [166.27987589081326, -166.52703308169504], [113.24121092447024, -113.48896450050096], [62.35245369536244, -62.51082553664973], [204.9481815408631, -205.01222167963118], [77.24379890896512, -77.4423154789582], [139.52362394310214, -139.62579965810897], [98.02007819765274, -98.23953169139429], [192.38667519748628, -192.61190148695684], [223.32586377840687, -217.70943264561862], [179.3835399731684, -179.6062014022267], [133.11703554509847, -133.3635945803992], [218.6801963725751, -216.84087153293018], [160.16001740809688, -160.2645143253365], [183.8799675149732, -184.12035456480942], [25.054771996148457, -25.304689870652023], [73.08620047716846, -73.33618499876368], [213.55073641632916, -213.57213862821422], [141.76297156054312, -141.88975426930244], [131.0378533193514, -131.24868845553823], [66.51448556143575, -66.76422309398379], [91.0894246899405, -91.33926048182829], [17.07831228048857, -16.05150903189668], [207.18852196044776, -207.3113485560653], [170.58991916792743, -170.80031418152612], [58.02397149590147, -58.16427689518887], [60.26950230107939, -60.42648293129873], [119.71036763190807, -119.89269143157445], [137.39155319826978, -137.4329792726217], [47.305699667185685, -47.55319062515268], [151.1008902823814, -151.35067458359214], [181.61612764825014, -181.81874428629345], [202.59937691171993, -202.84836286912287], [146.38554362917645, -146.60931802760368], [162.2396025810615, -162.47136428312945], [64.43156463796825, -64.67246686971298], [27.32261871382786, -27.572616512641307], [38.55440327858851, -38.79788805740327], [111.0414150392512, -111.27866279341295], [68.72149232586233, -68.93059307906904], [79.52930464611343, -79.71184030459008], [36.334085690626694, -36.57178707038014], [55.79054320090859, -56.015419507371234], [29.597729974041584, -29.847586581977826], [102.36845604972848, -102.55603930656625], [53.628924341062906, -53.87751549741712], [34.12335087354769, -34.36444399412376], [104.51083614121166, -104.75702762097528], [126.62529210630377, -126.79001905753681], [164.22380009581443, -164.47377520086044], [188.31518653846857, -188.55489191788425], [108.84792509391872, -109.09734851437608], [128.96404640122785, -129.20145524522744], [168.40773767993568, -168.64328720084137], [157.92332956583599, -158.15204187263407], [42.96663417134532, -43.19681159132252], [106.72307485076087, -106.8281774499267], [19.116291052826778, -18.510023612522073], [81.6931412216521, -81.9357510543803], [186.16498970406488, -186.414903988608], [211.4853450369013, -211.73298802673708], [51.5885117056482, -51.82083316771967], [117.51790544505371, -117.71755170699149], [124.23171828059466, -124.47334616795467], [135.14683930582495, -135.37699114386757], [153.4329495631117, -153.6705288800129], [15.220991909407712, -13.26670980744695], [172.70582177554135, -172.81826209491538], [49.511601294166255, -49.65611654946878], [83.81173548665092, -84.03497875427377], [196.3519761715735, -196.550217485548], [88.62607135178541, -88.80621152397839], [21.03979535511225, -21.001267255242045], [174.91312926105354, -175.16242406907065], [40.821825843584534, -41.0121498893335], [190.400775478129, -190.64923151349018], [70.9439918265452, -71.11945386040459], [93.44997234534233, -93.66776972552645], [11.376127544625735, -4.614098904332854], [95.73732212883337, -95.90794275403893], [23.013393130827733, -23.16232662503384], [75.08967899426253, -75.33960948020169], [209.36188016699987, -209.483128235676], [12.656400576116619, -8.292080058198604], [31.864436290725052, -32.1080907935375], [122.14685795043769, -122.09525870982395], [10.139332053185203, 2.4501740321282606], [45.158615942986366, -45.28991704477531], [14.231773637187562, -10.751396040447347], [10.758041026057054, -1.117433979402298]]",0.006123,40.57
SRN,CCPSO_strict,19,100,0.901863,0.327517,36950.813780,0.281060,0.063728,46.0000,100.0000,"[[185.53603328886572, -185.75715633269138], [62.88491335127273, -63.117688184519], [165.5151995976313, -165.7603826069616], [17.908171367417452, -17.190540297398336], [21.718795385153875, -21.763750525211965], [25.972265909870018, -26.156692752894596], [170.194715065692, -170.36360045809903], [193.79102388887713, -194.01966384138706], [158.21427639074926, -158.46289837909706], [210.3219663506014, -210.468787667097], [19.678088236409007, -19.462950149686563], [200.0279113722148, -200.248697601446], [58.50780525878214, -58.75258630767987], [105.77332130709655, -106.00214840524441], [45.43353526908609, -45.50331210989795], [32.47391790399702, -32.720662202558], [216.93577891480703, -215.89965708626022], [195.78273102854882, -196.0256556673085], [172.26879545227592, -172.51318069986203], [219.420747877902, -217.15676643760105], [10.11389282403449, 3.2531819312269814], [197.91510609701237, -198.04973088907033], [10.603950082528314, -1.4993979296009536], [67.13791854058377, -67.37799651615813], [99.38523665957057, -99.62553881567246], [176.7029933285073, -176.94458751171442], [204.10825438988365, -204.31865391843675], [117.3669287723407, -117.61127825740249], [183.34009417466558, -183.58397145990506], [91.04381638989182, -91.22898828243197], [119.8502487346928, -120.09085151674826], [13.030069812551872, -9.262239708504325], [95.1815441488242, -95.41937936630376], [206.17607460967167, -206.33553810097774], [174.43435828492434, -174.68435731600857], [47.55429917735408, -47.78629190968495], [30.382233693901174, -30.512138586401875], [54.145169636386065, -54.394919144280166], [69.26065716069081, -69.50147668942824], [142.29253703688448, -142.46759705648756], [16.26715586994926, -14.9151580234861], [122.24169225936164, -122.46408915342768], [146.5207660596098, -146.77029588583727], [93.11519651361633, -93.34326584646008], [189.73250229502023, -189.97560628968802], [36.946766371531986, -37.10303159050825], [71.32032232949452, -71.51517058546189], [212.2188450913017, -212.44964688223504], [214.32559435948966, -214.32252675065988], [202.00121845245368, -202.22621407393257], [39.11385636731204, -39.354055314633726], [144.41430802773894, -144.5785832194112], [115.02221964724319, -115.24194268517181], [222.85251561520812, -217.73260461478208], [187.71864508299376, -187.90478552178536], [191.81812296736186, -192.00009560551106], [97.29285369527204, -97.53304819697811], [11.561145311329167, -5.701966392268574], [73.4365289445008, -73.66113925938018], [14.5620379411069, -12.259025202706491], [56.34697179243644, -56.59215512734517], [60.62197795448117, -60.871070225609216], [208.224092070395, -208.4551708501412], [77.57144699282999, -77.8200463065091], [112.73235730586038, -112.90160887778006], [65.00479033728077, -65.24459821494331], [28.12745237950658, -28.37745043614692], [181.14956443306122, -181.3988295437236], [137.871255095303, -138.08309721303317], [167.91085856092658, -168.10555568119048], [41.236070840164814, -41.4858345244589], [103.60398257461006, -103.84752227990731], [124.61278529970105, -124.81160687866684], [88.88530926887961, -89.00071802424742], [135.71666522556853, -135.9241609881376], [133.52187472245362, -133.76548055585567], [43.28114538082498, -43.49986018658609], [148.8664433384365, -148.9293940607504], [23.806088336391674, -23.973776783606436], [163.10476191542165, -163.35260480312598], [155.74416423957047, -155.9894566522801], [160.73942101350374, -160.89086508283043], [129.14857004949656, -129.32623938626668], [101.49162633071244, -101.74155522845041], [84.32097729682931, -84.39385065980221], [79.83601519249441, -80.03782520895881], [126.95348055849239, -127.03359229777824], [153.3079160989351, -153.5578246911116], [86.66348100353107, -86.900594671059], [34.68796583004421, -34.9368256250041], [110.39110340141903, -110.59177231621356], [178.98848898906436, -179.06020256099674], [52.08386175691889, -52.08633869452551], [131.4580467432584, -131.64826762569655], [75.51497219997201, -75.76235540944289], [108.11548723450261, -108.36245472873209], [82.01591713254525, -82.15234847533966], [49.76030761897907, -49.95984816463221], [140.05944774634682, -140.27472187738573], [151.08243879075388, -151.2751926654226]]",0.006714,40.53
SRN,CCPSO_strict,20,100,0.893330,0.358796,23410.828786,0.379011,0.079600,36.0000,100.0000,"[[20.767923187705435, -20.60378117245784], [176.65905214407985, -176.84419169002436], [195.1312517358114, -195.33869974436698], [191.04172730080668, -191.25503023475073], [140.45691583827917, -140.62038516799726], [222.38977843601094, -217.59189373243595], [60.35267492254783, -60.58895517088902], [129.32329422317224, -129.5322720829069], [45.69945384847499, -45.93873703883179], [218.12352075479959, -216.47925187451875], [209.50748107221742, -209.7332206033706], [138.27593753877034, -138.52124304265516], [199.59560286368918, -199.8270877076919], [172.70007174806082, -172.89376543493324], [174.5618444964792, -174.76859624055766], [146.57540306937352, -146.8155140139183], [80.3721708589927, -80.59173341945828], [16.80915843502049, -15.717147735325424], [150.9333914051318, -151.1820763706752], [97.55619023707467, -97.79543040533399], [205.87266231773603, -206.0867419349964], [56.053758858564805, -56.280002062767664], [124.72527442212883, -124.90546508636818], [166.4858846830463, -166.64685571269808], [13.39073637609604, -9.766799248028155], [69.28395635545904, -69.5339511567324], [33.50636943724846, -33.74959817486729], [120.01876260595898, -120.25588534718656], [188.91127758568103, -189.146762509251], [131.5975963262521, -131.8007418952942], [109.1007686224029, -109.16041010696132], [35.575590938539875, -35.70301644674656], [182.96897780479813, -183.07435225414872], [155.46219325309858, -155.6025631299491], [127.0003882061193, -127.18754316386313], [15.031360481404587, -13.042844403157336], [153.15348497610432, -153.39364937471666], [136.02744247517944, -136.1867934374597], [184.88226562055115, -185.12597117383666], [133.79726199076967, -134.02811926239715], [148.82913833529423, -148.93595026197949], [186.94191377570323, -187.16892841880886], [47.84904655901374, -48.01829268046325], [122.34471180515241, -122.5947089886373], [111.17177759805197, -111.42174262148325], [157.71130800943345, -157.90172121408753], [53.952825305362936, -54.17595461889239], [113.40890727610345, -113.54767898615228], [144.60475375836776, -144.59964556217543], [180.93096796722665, -180.9510419314274], [104.43702326445596, -104.66747420750181], [51.898338549334994, -52.11251587065349], [214.75842052238204, -214.50710873876366], [84.59284712094257, -84.82065608378666], [95.46850328421134, -95.70694515309103], [18.627459286617462, -18.14459897452769], [93.29253259574385, -93.50569962710524], [22.84504278856715, -22.94894042130085], [117.74578139383706, -117.9940591491314], [41.67074646331278, -41.85505634165382], [99.78695981574592, -99.88366753834113], [58.21035170424921, -58.4548941684608], [106.79946548395976, -106.95269211793732], [197.40741628478244, -197.5763126998614], [75.88783069512954, -76.1368043488685], [115.6991894830845, -115.7729403023315], [142.466214790394, -142.6854132373872], [78.14356004422442, -78.36413216195795], [29.286286098377712, -29.533876605847603], [37.5234099802428, -37.758154535062516], [203.92248201987837, -203.8245287691609], [207.7125681951953, -207.96167419562005], [102.10942016826122, -102.35708786942324], [211.74447599142374, -211.99445073224845], [49.87063512233952, -50.10146624220637], [39.54833610828335, -39.786749793089356], [64.89735235717117, -65.14617014723868], [88.95965400884785, -89.20755541032469], [62.63916941606146, -62.82641378137902], [162.11375769013287, -162.32940880596095], [43.770001838931066, -43.875970258106264], [10.149929028969694, 3.8051725068488382], [71.81513588576526, -71.63919603220157], [168.65995470787985, -168.90525517740124], [10.671155420499016, -1.5345926602594435], [24.919223288885135, -25.167090534108947], [201.84593629048206, -201.89864970814327], [31.327060221916952, -31.540618708132044], [159.9092422801698, -160.07896068696763], [170.71480739333543, -170.87639379762416], [67.2381381162563, -67.40217300679792], [178.77390352735884, -178.9051471223868], [193.09137756509875, -193.2959943305724], [91.11279219422283, -91.3627908072801], [86.83415084662091, -87.0085815073214], [73.79826586946459, -73.98894216875294], [164.36901513062247, -164.6164563775114], [82.48079469696484, -82.73070298737997], [11.692287538229056, -6.014933758018985], [27.043055524833868, -27.289600142958665]]",0.006206,40.61
SRN,CCPSO_strict,21,100,0.903725,0.310427,23619.042861,0.367860,0.075974,29.0000,100.0000,"[[157.39432833639484, -157.43601714085895], [75.11360554757894, -75.30550351729003], [136.5100624122472, -136.7555933836884], [200.85642315516714, -201.0439437398753], [62.19823031906749, -62.44522311529913], [77.42319712021579, -77.60944077549055], [191.87836438551278, -192.12009030377578], [64.27262058946482, -64.48868592504306], [212.95154731971394, -212.65859627416506], [19.85028542123578, -19.603023183788135], [32.1578411705457, -32.407314967118], [159.57950385784827, -159.69133937264792], [48.81772335697194, -48.99193678829636], [153.214670814495, -153.2063222372142], [21.922502933309246, -21.855317185363482], [132.6458210650313, -132.89225881763244], [142.69420778138965, -142.92965901361137], [196.5278971568575, -196.7734262017574], [81.79068700356632, -82.02956650654139], [161.91234282348165, -162.0915134050947], [12.978886796861605, -9.151240929858162], [60.13237920901333, -60.37630251619473], [214.7363550743072, -214.70594309871248], [84.03493534127577, -84.21787437590393], [28.11782799473781, -28.36594943798559], [210.61353161891876, -210.76542034267828], [178.42663973644338, -178.633677089879], [108.9408275139181, -109.19059780927331], [166.6596012113249, -166.89120790205055], [180.51955563778748, -180.7498586324013], [11.70268776950609, -6.125956297711303], [70.46837163882405, -70.708751602707], [189.5420202305167, -189.78326047776403], [23.998015684454746, -24.086228639015943], [10.120208679561674, 2.783861263208297], [36.004369047243934, -36.24964662995017], [17.94846547371862, -17.28021423075822], [223.72445843846563, -217.68443669144688], [111.39569699212113, -111.63223104229121], [182.745364621443, -182.95288338037997], [90.47002411670658, -90.71876971517244], [30.159352070683646, -30.382967258029645], [86.17852742275862, -86.40426700423545], [14.51237225583684, -12.145487398384292], [34.09884541835685, -34.34703136995986], [217.4359784297507, -216.18100009840092], [140.6573792209171, -140.72755558626466], [116.36435188228013, -116.61378204101663], [68.37736275008245, -68.62662195411133], [10.657286580545872, -2.2249787005059343], [187.20699812766497, -187.45689899198433], [44.33753287089119, -44.58753130824117], [194.24080851052946, -194.48445665637175], [106.81591812142202, -106.90596855471922], [121.40224436970219, -121.5950356123442], [16.23300468842895, -14.659628230095565], [219.96202406253565, -217.06606398127528], [51.112397242173046, -51.34448053344725], [104.57459660477843, -104.60225734684512], [208.19091582137642, -208.40661307748735], [100.53964980835475, -100.56286609468395], [72.8100410381748, -73.01042276536975], [184.78122468674758, -185.02906033137415], [174.14789925428227, -173.96072951904583], [198.63369449881483, -198.87970070379617], [42.221122509571174, -42.40023173438225], [53.41737074640313, -53.64536026712201], [151.24604376009876, -151.39646510547163], [102.49766898708398, -102.53958928260582], [96.16505158681476, -96.40926010057238], [149.1523165592518, -149.22178096866404], [171.62050479095265, -171.8500325220733], [46.51003603832808, -46.68304484353085], [66.32133895862748, -66.55508219100383], [130.6606559022989, -130.68023037869807], [155.2710377617029, -155.3989186042419], [144.9266844357787, -145.1510238090419], [164.37815149930861, -164.49569778167563], [88.38435054941782, -88.54749288933154], [37.97819379561582, -38.2180286443474], [128.5303037418591, -128.696043052619], [169.18335482654732, -169.4290159339843], [98.28648363064177, -98.49031232243445], [113.89134628154083, -114.13523291616542], [146.90539859078584, -147.10796718990707], [205.96098203125263, -205.92639798368947], [134.6583203249054, -134.64502738842307], [40.10716463867796, -40.25838015373692], [126.3421344103926, -126.4604489348931], [176.18359737752246, -176.39889050854188], [94.19755370912046, -94.43652468680978], [123.87064042537571, -124.11394123371356], [92.38060448911091, -92.59921533260814], [55.693503956358754, -55.93414920764685], [118.95110335167762, -119.08250428149816], [26.059447920237634, -26.18794852511603], [57.88586883660231, -58.13562021023894], [79.58708604000284, -79.83440458510442], [138.5191973946407, -138.76450620985128], [203.21883962851416, -203.4494506917265]]",0.006114,40.78
SRN,CCPSO_strict,22,100,0.889746,0.363397,23140.415246,0.341778,0.081934,55.0000,100.0000,"[[34.97614144170547, -35.224064407057604], [85.80091739754927, -86.0482110908006], [204.0615621340764, -204.29019039914044], [126.95965554896615, -127.20961554230415], [72.95632094257245, -73.17490919201295], [77.38502002703913, -77.61909314512164], [120.52804978792496, -120.76669532624888], [97.35249919316038, -97.59396332524838], [58.14352525998372, -58.393007969844746], [56.137727304245615, -56.387726441452415], [161.5455989453614, -161.78801776932582], [75.22683108875587, -75.43062537929131], [42.393234817365354, -42.623235695704196], [79.54741702060562, -79.7465011155229], [22.862988330448232, -23.0022772691749], [197.20272140258155, -197.43681260317246], [44.285892244490114, -44.5330720429548], [66.4084687241113, -66.63681454538525], [138.25837803416147, -138.44007102154578], [24.914350338070793, -25.164263139192908], [48.14365210263465, -48.39008133178548], [94.89440904531358, -95.11735334014263], [46.191202064769726, -46.44119953813225], [159.3277373269072, -159.56847501632035], [183.91966362162557, -184.08406314347286], [133.4993406582155, -133.74781222364248], [52.30062607574953, -52.44098920539467], [131.22772587691358, -131.4593374458157], [143.1862796570496, -143.39068716232816], [186.13210690692244, -186.2729781302584], [129.115403513152, -129.35880998618677], [109.69693923277016, -109.93423419973001], [70.71978564120721, -70.9613801850171], [170.06201947383477, -170.30049275013107], [199.48695112833315, -199.63028636237274], [178.10061129316458, -178.17152529499108], [168.00938380293604, -168.20364742843165], [16.83494540379357, -15.761878123346024], [38.747502556264635, -38.99034967038273], [87.95451872772145, -88.17022626428749], [36.833211330707044, -37.08295297714419], [81.71726395977078, -81.86850980439739], [181.90623939562454, -182.13599534560964], [107.27462808721396, -107.48384290906282], [174.15114044874238, -174.39858381326266], [116.27611555887349, -116.52544197059976], [30.975991376025142, -31.22354352260425], [172.2000039978466, -172.3258553695783], [68.54188860752784, -68.79164375609578], [140.73382720992743, -140.95594505518338], [54.22367642468269, -54.43046662836047], [26.975934992991398, -27.217576553048712], [104.836791090839, -104.96910461201391], [114.11134132664293, -114.3599924388193], [192.67856823398358, -192.85349401089414], [12.003916415127176, -6.012696583182331], [13.288657171336045, -9.831993805294054], [60.22126753028955, -60.41600246666437], [147.92030987697044, -148.1699147994375], [40.58123197247665, -40.80245173491264], [190.48497162877663, -190.71122983133787], [163.7584942100952, -163.9974639764322], [165.907012592527, -166.15097871118508], [64.42337528989734, -64.60245103946203], [18.928435228718616, -18.111151348235673], [157.11405474295114, -157.34794309438414], [145.60714587518314, -145.77096007472863], [32.96327486080412, -33.21115263913282], [223.09571578332933, -217.71810323028194], [83.70319197983619, -83.95241214055977], [10.11608124081153, 1.804097484301379], [208.57054472660667, -208.80355987268376], [219.2388558041386, -217.0478939667493], [102.36387561644514, -102.55568422936682], [154.95511899550178, -155.10606363524627], [118.38512217437935, -118.63431075230827], [20.880760447778272, -20.827219445304358], [215.8877234751409, -215.46816851761042], [194.91844071656354, -195.1616457433912], [10.659998805387072, -2.283040873886309], [90.24135282939237, -90.30776087792913], [210.95377343466657, -211.05053232692555], [213.31356963204217, -213.4474596851862], [206.28583466566553, -206.53317889572673], [122.76840123097114, -122.97658065929382], [62.37801291545483, -62.483504263626095], [180.00172956911362, -180.20136102857634], [111.93077855234188, -112.17399474545124], [150.347632952881, -150.37977318934693], [29.009206901913238, -29.187438392989854], [92.5287408834007, -92.71855741242398], [176.14847313130926, -176.19617758734657], [201.80097432961855, -202.02495153983602], [135.79960055921447, -136.01615284122954], [99.84963545573562, -100.0689477357689], [15.102240357203996, -13.095722045733558], [188.4447526216949, -188.42129757036167], [124.89701688503317, -125.14683519663222], [152.53901912641288, -152.7501222789407], [50.233111287921375, -50.480352504891336]]",0.005995,41.34
SRN,CCPSO_strict,23,100,0.897079,0.374771,26459.228299,0.309403,0.067075,58.0000,100.0000,"[[134.9495907535951, -135.18664944875755], [48.55225086588822, -48.80205502986751], [62.95687029824861, -63.18959949867274], [119.44139768848443, -119.66257740443001], [208.1766142755422, -208.3928609708323], [95.96832149875388, -96.18441622805534], [142.72289313995276, -142.89311552432252], [36.20700160605571, -36.346519282466225], [199.30897466661605, -199.5206155824846], [89.28868684211336, -89.40937500296508], [128.54489352690078, -128.65188805453866], [126.29330018855745, -126.48441060695312], [58.61144761334698, -58.84229586578028], [117.18903885575787, -117.34032689758368], [186.55554075017122, -186.79781237166358], [67.55774510747216, -67.67005371969802], [69.74511868061852, -69.99377745310026], [65.25319606517331, -65.47306755546452], [42.704045610310374, -42.953938642686936], [87.02338909869741, -87.26678958697782], [121.80386283976598, -121.9879032143536], [178.2612217803922, -178.50192258595052], [180.42246551344277, -180.66894849230476], [100.48819488234369, -100.71595665962404], [91.51427023814873, -91.68207849486379], [38.33739482124905, -38.57911899863181], [201.43920188182042, -201.6558362341566], [102.78136502815411, -103.0295163974303], [205.81740477114835, -206.06690674535173], [210.39188551040684, -210.6410521850816], [138.94682847960524, -139.18722556101807], [130.69321872013725, -130.92602181338725], [203.58601907623023, -203.8346942680172], [197.16877794638953, -197.41668979359622], [11.629573409353977, -5.759602197415293], [215.3610294936654, -215.04206263529016], [190.5854408868835, -190.7472743056372], [72.03359365958171, -72.19121165089743], [31.936734824987926, -32.13448716588795], [172.19375475972046, -172.31483208343246], [29.785314726536466, -29.993329179778456], [140.75346384757398, -140.9873477648947], [194.97326130097719, -195.0770368131699], [93.72632179087383, -93.91661968064672], [14.382646585853234, -11.931794497847484], [10.109201984378178, 2.665249428447292], [105.17935618487971, -105.42069073515948], [98.23136194141216, -98.46213968653444], [151.43560184517125, -151.68397861829266], [160.93299490854307, -161.10240119946815], [112.40929485465746, -112.6321210354054], [174.22988981724484, -174.29704323548242], [44.756494382645855, -44.98910110585953], [82.67083767098345, -82.77832607488921], [50.60513864905403, -50.5717023544298], [10.580607666571288, -1.8328237005246608], [74.15607139398543, -74.36827769043836], [46.61727415344199, -46.862083507188956], [223.02845005631684, -217.73834684536672], [60.79876534193306, -60.991756834676956], [192.70201138808585, -192.92541536908465], [52.48585373668586, -52.638867820847565], [156.29132824635315, -156.53602843507056], [84.82944686735627, -85.0283945169986], [188.53882218398675, -188.783398031757], [19.310076459951723, -18.975981207290417], [170.02048114852263, -170.19964174717683], [123.98731915569269, -124.20216051554478], [76.35268434878196, -76.57772672981888], [107.64233339223574, -107.82314261742368], [212.98025419460058, -212.9307171897894], [184.54760827690146, -184.795883209963], [176.2118927751323, -176.45305713271972], [153.88471723235114, -154.12213522906993], [149.22003576885388, -149.4667832132091], [56.51881373205495, -56.71062787135742], [34.0458298674659, -34.19943130468253], [218.6077099130876, -216.853857330757], [27.752220446752272, -27.961762948164242], [114.74146877981157, -114.98692531252371], [132.83065019556156, -133.07025860858474], [40.551248919304484, -40.76699775023347], [163.2910172224202, -163.53840697905417], [21.319405811080156, -21.219512761627758], [158.57121723668652, -158.78169872337995], [165.60746659802808, -165.85744275297378], [144.8589194825097, -145.07740517988714], [147.15731096003773, -147.32817134631344], [23.421466530439147, -23.573633541171155], [110.00276105996555, -110.19061250449357], [78.53724757992005, -78.66302678181532], [12.900496681202924, -9.01885469238388], [136.92978570490868, -137.17090170515186], [182.51930853936057, -182.76161720451142], [54.68214019833927, -54.62975981303714], [80.58397451829738, -80.83108215958583], [167.83122722923576, -168.0480237905608], [16.030486918470576, -14.30669591204542], [25.680700621742265, -25.75386707925344], [17.54440456533484, -16.597215491275072]]",0.007128,41.87
SRN,CCPSO_strict,24,100,0.912989,0.326541,26899.824267,0.342899,0.071008,53.0000,100.0000,"[[144.9187755800557, -145.1368153541317], [165.62525668524864, -165.87267900153148], [201.13032904530917, -201.37948333825895], [192.9445687961583, -193.16886389841235], [98.91453641346023, -99.09170346111638], [82.60438113052119, -82.84749275702814], [205.41126629935962, -205.62929729269212], [203.2865326625934, -203.4895050998797], [159.6508166932996, -159.89409937020332], [103.97617962384179, -104.2218836305253], [60.249854526152646, -60.48354977206243], [96.37762854167435, -96.61803268398467], [30.530356007177303, -30.755493554859356], [121.81676802487877, -122.05030458243557], [64.74546870388129, -64.99422958320292], [20.12758421442107, -19.931616915540637], [178.28462153460578, -178.50191656187192], [14.83970493236506, -12.656014910828155], [196.98326515404608, -197.02398982251563], [18.17069458876019, -17.596775245467747], [62.493968044840074, -62.73802586240738], [188.81392045716376, -189.06060352574613], [176.11233997637228, -176.32181386267698], [26.407519937298, -26.65703332126531], [80.43234368820615, -80.67556016934131], [210.04287494551915, -210.28245480142004], [149.2548554607006, -149.50466930520338], [28.50159153574552, -28.745282016766332], [167.76809469414673, -167.83637774413697], [190.78508690145142, -191.0308170838012], [173.85457748240324, -174.08670845779253], [184.6358081219725, -184.8730162155231], [163.65525065364997, -163.8811444870709], [73.78984332425829, -73.81754164513971], [101.53042831256435, -101.50823106740862], [115.85928080534998, -116.07225901792349], [151.3853052865315, -151.46428351060982], [38.92400107762569, -39.169667740477195], [155.55183666018394, -155.76505065330397], [142.6792197501083, -142.85895632474995], [45.50923785789605, -45.75696110023547], [75.94834758695069, -76.19604693696822], [222.9340390459863, -217.73865291806607], [171.73261560943956, -171.89997291472957], [117.84283390586862, -118.0802119736619], [10.123865641098742, 2.21895116792646], [78.1873044393724, -78.43498411317627], [216.70594963267254, -215.78483313543734], [111.45721405769405, -111.56562177565125], [153.4421024432169, -153.6688268213034], [34.76556610462995, -34.90444024028224], [22.214770789055965, -22.23740435548549], [182.5781200496572, -182.71208501772145], [69.22540220832744, -69.37129257913047], [135.75571559079603, -135.77446416898434], [113.63990346022564, -113.83416304647706], [41.07220217937446, -41.30345689657362], [128.40047393548383, -128.55494749732907], [161.65547973258091, -161.8740926999807], [16.478730346992016, -15.06420530783101], [71.46529157228875, -71.54307112930049], [93.9985524500896, -94.24763712613736], [55.474483319030284, -55.650247744334635], [147.07471471756588, -147.28803986788435], [198.9346923356323, -199.18314347385348], [109.01272523132974, -109.26269215217815], [130.84304307839452, -131.01437778577915], [89.52986250184615, -89.74990529559653], [52.91823511908692, -53.14510093934073], [32.662242891939734, -32.91004553697786], [67.03765978868807, -67.16150061219675], [87.13964298297373, -87.28810580572454], [140.36902386970286, -140.5562742292533], [157.63747165860676, -157.81099238142406], [36.77231142919034, -37.02229610711103], [119.8114297975083, -120.05031850115397], [106.51087474647505, -106.63727080073869], [169.58638422877357, -169.81767322262854], [12.391215420709095, -7.7295213176275706], [50.38841788210051, -50.629852169936214], [214.22032121208463, -214.22023842783935], [207.65335771969745, -207.89304518803044], [212.1621979430063, -212.35109909381768], [186.85837542707375, -187.08323513939305], [47.92980292529376, -48.178660094026924], [133.1957251647474, -133.44547902239876], [24.31734006710884, -24.534823464983305], [57.84215230399832, -58.08784369804419], [126.15032125798668, -126.31375677552418], [138.0181839735471, -138.18307236711124], [13.741123968665715, -10.268884046641537], [123.94066353064336, -124.07273623465538], [11.320196031875897, -5.04688488445547], [43.212201044007465, -43.46155980557103], [91.8099888080901, -91.94923076316778], [219.23327592496258, -216.8439678121942], [85.00796716949463, -85.17370721881514], [10.588835061182376, -1.6737404388092454], [180.43295795004335, -180.67805723500365], [194.93229425081537, -195.0736203720366]]",0.006505,40.90
SRN,CCPSO_strict,25,100,0.902543,0.305902,26407.370983,0.353920,0.073414,50.0000,100.0000,"[[57.27864866855307, -57.51165920848371], [91.20013187509022, -91.41408959479122], [51.386305550819046, -51.58697028928633], [53.411309080040844, -53.62185556992616], [59.147306146094564, -59.39233101281866], [78.85803389847369, -79.10398190598708], [80.84168973775749, -81.0476965871513], [73.09244824368699, -73.23554604995581], [104.45834170667271, -104.69901600179631], [74.97652747763824, -75.22537157525788], [167.04891760124997, -167.2802677609025], [15.399471658184966, -13.641742118252097], [61.07600227443939, -61.31798583591704], [49.33085178530899, -49.56110938434034], [179.10133805926344, -179.3325157195367], [124.15404795931849, -124.38208774764126], [211.36323552917708, -211.56619568695749], [12.512059355246587, -8.205335029610456], [148.04898609731868, -148.28446485504196], [141.28468501102702, -141.46236580502392], [126.23817177464957, -126.48237987982355], [169.34265641932734, -169.58371632700576], [200.01088633924553, -200.26087253663525], [65.05190180876636, -65.25049939131866], [47.21439968053997, -47.46392417389194], [213.5977015269913, -213.5542099926321], [45.15631679063725, -45.375930440766886], [207.13946598976528, -207.38799244042676], [10.106413478543569, 2.1611139180822194], [174.2381050212316, -174.45468134058757], [150.30120141388835, -150.4851105344707], [209.2749676811092, -209.48734349461358], [122.06819596087345, -122.3138434377582], [115.79228709524193, -116.03947828939873], [68.9459786840099, -69.08738217157608], [63.05388073285941, -63.29514627007721], [34.23835513944052, -34.407491875289], [86.98247428758935, -87.17064408133892], [93.38580247553784, -93.52281531113414], [195.11594668984372, -195.33508017921275], [84.89352136118283, -85.13098047472408], [204.80631811067184, -205.02316880027794], [38.66513872777327, -38.86557609580815], [154.91736657738704, -155.12483302705334], [130.3575248510491, -130.5910442271653], [181.47622585045212, -181.68109251861802], [132.5769445430324, -132.78934466810705], [192.70689678718594, -192.9520296461038], [145.8387662602727, -146.0346578667254], [31.96027839900895, -32.12428632192051], [10.53917476511252, -1.7918705196446325], [188.2275741879276, -188.45968575132505], [202.35919843298765, -202.6083325612248], [216.22370069854696, -215.47132407135715], [97.6505060159391, -97.89383130950476], [11.33848324059424, -5.044725568370929], [176.67726626160322, -176.91743114046065], [197.5923576045028, -197.8211236083186], [186.03050254619058, -186.27296758310064], [190.42568590879299, -190.66410610520262], [29.60742839571017, -29.857099130003675], [82.87402381693992, -83.09694621482137], [143.49971530968048, -143.73617018530175], [183.7453446328976, -183.9720892080889], [27.270518972866082, -27.50894803093747], [17.25132287601613, -16.074288364781033], [13.894791946664373, -10.889167715251851], [22.832670556592777, -22.987359920484117], [42.97856809237652, -43.17754743258736], [76.90297869232533, -77.138494001975], [139.07908015867406, -139.20953717519495], [117.94972477218303, -118.1842259188542], [152.50066591166006, -152.75032313862118], [95.55236999374705, -95.70038184267553], [18.91636221833329, -18.457946642414], [55.331249361064394, -55.579319450086274], [25.00356156210961, -25.251605269368934], [89.0730574322034, -89.3210886288164], [106.6468827284942, -106.89201914808865], [171.78531522274798, -172.02726398649142], [40.84449308034826, -41.08140036235257], [70.93952154210942, -71.11196718554535], [223.02317403409978, -217.73779928607615], [159.63398251913355, -159.8756385101878], [111.2639230176213, -111.51157676154622], [134.6666467036566, -134.91654472902323], [136.95036306571285, -137.10846379898146], [120.02556226427251, -120.27510988509371], [99.86477842111489, -100.10295700695131], [157.27066966741384, -157.51290456853854], [108.98087474427184, -109.23083490126614], [66.98237430888994, -67.23237424911379], [162.131616574495, -162.3519789889255], [128.4067978986191, -128.54942622272125], [102.0671806206989, -102.30945272698158], [20.960604720694185, -20.875914045258675], [36.45148409696218, -36.66172481500394], [113.54573169824084, -113.79312290395325], [218.29729009401422, -216.76972486379998], [164.60236697286098, -164.85220235085905]]",0.005941,41.39
SRN,CCPSO_strict,26,100,0.921039,0.415971,16483.392219,0.323199,0.064170,64.0000,100.0000,"[[151.32578224095508, -151.5519583385801], [94.09128751213142, -94.33395187732805], [14.61560283911215, -12.233784581540455], [30.009111318697414, -30.25434869151769], [171.0316887203329, -171.238486198029], [200.7534049580732, -201.0028379464274], [103.94677055598486, -104.12639144332107], [50.627964616440316, -50.8737497642491], [149.1157330222785, -149.30892013305092], [16.19030404227049, -14.821077365328756], [64.03877012025302, -64.28839590220511], [219.39966005815046, -217.14036415882032], [84.24664675173804, -84.48128946723172], [113.81426959363218, -114.02538622498567], [19.792663719721507, -19.28562695616653], [153.6431170924213, -153.8222170789003], [162.52130007950308, -162.40242162964847], [11.970222946480163, -6.806925997036591], [179.87233800115388, -180.04675948259967], [192.80960068077667, -193.05418543184555], [142.35027928282454, -142.56770152050876], [48.49483125470086, -48.722086545306105], [177.59364432491347, -177.82132483054653], [140.18175879834712, -140.428091126898], [10.291290008017404, -0.3675108951878201], [36.883046516718856, -37.062932553553615], [184.49324062264327, -184.60596777597095], [173.14914349683482, -173.39835536090095], [209.50596548582308, -209.7559545898959], [164.46424736086675, -164.70691195243123], [111.31658261589651, -111.5462581162183], [71.72080293303017, -71.97005262315234], [25.72135676474194, -25.89619509717732], [118.74533068859989, -118.92766561862666], [59.64090310616376, -59.88797128430724], [27.814581630511515, -28.0643560455931], [133.76972393325644, -133.85327938096316], [188.57354407587923, -188.79032042074908], [89.07220171136797, -89.2571358596665], [52.95177767363489, -53.11311248889304], [101.41693000014351, -101.64541647511689], [207.24549102437044, -207.49503879604654], [182.14337308952423, -182.38818192206122], [86.64145005106349, -86.87723470715007], [39.20935351956152, -39.45672651634386], [129.57636726428248, -129.71004979586078], [68.0551196212078, -68.23919456219099], [55.1724980573036, -55.40867437447986], [127.51368660978707, -127.73464012551375], [158.15675449240632, -158.38214903035697], [116.35947546916631, -116.37434710890773], [69.83416141880686, -70.07891815719799], [18.00721994787876, -17.11067302542064], [108.95308273187293, -109.12468870239653], [91.57942388189562, -91.82738836790523], [131.6027829143156, -131.84067163637005], [57.454330404813746, -57.58786138160565], [146.88687661918277, -147.10917595401318], [214.0418074026361, -213.85163177378757], [160.27076279891813, -160.51591108575082], [216.33158339512147, -215.70677801286914], [196.72783457354026, -196.95634752488326], [198.69945592539187, -198.9271070211874], [96.59614031507328, -96.80237989497724], [13.346544782503923, -9.732878749286545], [21.671174233675096, -21.529293870747658], [23.63792049170768, -23.875659411483582], [10.1204785860635, 3.12899142168298], [10.996283530411162, -3.618044728865674], [43.97620816157389, -44.13893672736765], [73.72707593501426, -73.94811850434257], [186.45505164993017, -186.69388439626636], [120.95192344715991, -121.18524914230973], [222.9279549787402, -217.73604522736656], [155.84586998436956, -156.09199374733765], [202.9300344345423, -203.03946874011973], [205.00563264288678, -205.25169600010358], [75.68431218557082, -75.91826702459876], [211.7454398604512, -211.93636779767218], [32.246150110219304, -32.4473909485023], [82.08855748569815, -82.22399928209913], [190.72874461295197, -190.97793847136242], [41.65844982755233, -41.83279651545845], [138.00194897365358, -138.22299644414244], [125.27702918271031, -125.5204223451874], [46.153119887799164, -46.39491078304478], [98.95729328307719, -99.20440797571491], [123.13074522561293, -123.26647228504454], [166.67624136257032, -166.90194785002808], [61.83757462212495, -62.08712480097566], [144.5420711433843, -144.7631708921046], [106.40309889867831, -106.65099843213383], [175.62823185870133, -175.14951102314376], [79.78873238136224, -80.03824485298824], [135.83155755740734, -136.07847755227985], [194.75306750509918, -194.98804137533276], [77.84516645324294, -77.97515055926499], [66.06780691848391, -66.27109743641813], [34.49407117089263, -34.73103255546094], [168.8835272651516, -169.04094612295074]]",0.007710,41.36
SRN,CCPSO_strict,27,100,0.893044,0.373477,27831.596088,0.304758,0.074845,54.0000,100.0000,"[[82.23995836315842, -82.48897012324039], [47.65713810161186, -47.84190039628815], [201.45337691867573, -201.6623586873955], [43.69139597250171, -43.93199320902605], [140.3341249253047, -140.57895489418857], [56.22540148399041, -56.463215686767086], [203.82195600810502, -204.06642398967892], [16.104788700550635, -14.53246787588895], [199.04382349103497, -199.1029151445128], [67.6392480588396, -67.83142177960647], [54.012611418794904, -54.25064287508381], [65.43874509826796, -65.6188657196373], [49.72313955273822, -49.96370860018747], [136.08558011209666, -136.30119288897606], [104.76439453981669, -105.01231799661547], [210.71746936542186, -210.9651672153295], [179.841764200698, -180.0786110011634], [162.61328176839632, -162.7505601168131], [213.04358869479623, -213.0647769333692], [22.48675691665184, -22.496431616579628], [74.2798545037709, -74.5125571965914], [96.46097081090159, -96.6795975973939], [194.17788263717043, -194.22322048167217], [24.64680974195582, -24.89538257897482], [218.74946306561858, -216.8907513664044], [151.66768739290723, -151.81754194112457], [191.72468444282583, -191.96197483507873], [196.46908149213382, -196.71896227340258], [138.1956504301129, -138.4254064720496], [14.367609643326459, -11.86276160297309], [184.57783931174333, -184.82539568189966], [45.62868669414496, -45.825286751748145], [86.0994807458915, -86.286188391828], [117.41118680579285, -117.66048255610588], [119.44067356739367, -119.68921194359645], [160.46952903123767, -160.71930946619517], [170.85822218319214, -171.06927455528313], [76.33215821667721, -76.53665296083594], [10.119976962729124, 3.4589905237367935], [84.22464264448939, -84.43343862507261], [189.32307171737492, -189.46867892521374], [166.54918091299797, -166.763473180958], [80.2521733063572, -80.50131046696826], [35.50428404300546, -35.752745104400674], [39.74340935468949, -39.99319267376214], [18.08780451512722, -17.387414237270576], [158.3702088457988, -158.60574718452986], [11.406051276750162, -5.138198669022906], [164.62661612047532, -164.82104878130548], [206.20452648579615, -206.45168837560533], [102.8364544700687, -102.76588008738554], [106.89597304719108, -107.01628135193093], [88.02768103543889, -88.2713768520392], [175.36441567485952, -175.57956815702101], [223.04722874985322, -217.73848283474103], [72.13091348747668, -72.23761528658508], [60.85070673350417, -61.099741514979925], [100.65215879893523, -100.86303444222469], [177.59460438631214, -177.8370327468877], [115.2116519069659, -115.46130862425147], [125.74583379963734, -125.70640849989954], [134.07704248902584, -134.16083021767108], [186.9812774326956, -187.1593526506839], [33.38712477969807, -33.62693970052791], [127.89422277100316, -128.04776256203334], [69.86870702267667, -70.08502415783455], [182.32670678159863, -182.36811267452987], [153.93904764345075, -154.1646857967836], [92.19423208913754, -92.42704642575318], [10.491289187724135, -1.1547578622245211], [41.75695609648655, -42.00693883266923], [113.06723807868276, -113.2687520770431], [26.823300355518196, -27.071668043783827], [156.1956843058756, -156.37097450456403], [58.56193620840079, -58.798716606355626], [173.11760008133706, -173.36702186511053], [144.81013884845922, -145.03730339783203], [31.26362489954889, -31.4833315728518], [129.90341009023308, -130.1383938237645], [78.3269371678694, -78.45017854460515], [111.00565343450668, -111.21379510206265], [98.55001246525629, -98.79898057707382], [94.31248151233015, -94.55110145820181], [132.00952922348768, -132.15046054564473], [90.16473603346243, -90.41473600154924], [208.52201873941337, -208.7211157687589], [146.98419728210877, -147.2309353851799], [168.70757610724567, -168.8940092567024], [51.91275422696266, -52.09602202050809], [149.3907284604334, -149.48840740213922], [142.6421363386958, -142.76246125254232], [12.829300924903993, -8.90563259115326], [29.04223466162456, -29.273344646281522], [123.53189410562635, -123.76618472041187], [121.41916474591665, -121.64490394119636], [108.92313509535776, -109.05238138334286], [215.71607103929222, -215.15053401643172], [37.613718667413345, -37.863300182036284], [20.224633445273085, -19.903100604242468], [63.222733711112625, -63.266806939553376]]",0.006098,41.19
SRN,CCPSO_strict,28,100,0.900032,0.368156,27701.795023,0.296207,0.066436,52.0000,100.0000,"[[113.74929625610987, -113.99902214437498], [85.02527380300083, -85.26921108612488], [49.57922496390604, -49.79099054981863], [122.07094968446692, -122.31785958152464], [198.5235273515686, -198.76639650361324], [102.0873587077524, -102.32782931893297], [100.11753865303581, -100.33759589572594], [183.7292784812998, -183.94094629832938], [124.36790119989251, -124.61760723522087], [156.25612028196227, -156.49723435037382], [211.2652204595494, -211.43581239316458], [38.31433386253451, -38.49488211979077], [133.51644079948102, -133.6456339448543], [51.91622258807325, -52.16179357511861], [106.02993649282875, -106.23488142566816], [89.73684954149306, -89.97318532810412], [91.85199688810657, -92.04053536275512], [56.68090846274457, -56.902106312610954], [131.1384179570577, -131.38386105285463], [11.13381416715292, -4.286502633495239], [71.07669811583641, -71.32265206610415], [93.90999654917283, -94.13966986050617], [47.27078284823989, -47.5098607044193], [135.68106184662656, -135.9089396258476], [73.48045162753056, -73.69164983074572], [75.85986183643371, -75.9958394396502], [165.40817623158057, -165.64380202466737], [149.70594744634997, -149.93741702227578], [109.96956710099636, -110.15373948453329], [158.5190515926168, -158.74822799723836], [23.70810801605186, -23.9459744355482], [160.79738007394957, -161.02247296139376], [222.9524287554465, -217.7372339216993], [25.7753111272935, -26.01903331793741], [98.11975713061813, -98.26075059184143], [204.77399976720403, -204.9138583920442], [126.72124837120481, -126.92382161559274], [17.861161537982284, -17.17664911827898], [66.10601113191147, -66.29399348427646], [36.192822469879346, -36.378440345063744], [209.10984308462338, -209.23806799467187], [196.56442961289457, -196.67417614211774], [29.76899730711279, -30.015666800165956], [147.43361897592425, -147.64723666785363], [107.98927700413961, -108.23925875834347], [111.86687335430567, -112.1070327561531], [59.01997660745192, -59.26714758637375], [31.86780293547919, -32.11566410755006], [80.47204284379472, -80.56209636493074], [40.45250356069909, -40.696589418635924], [27.838363538816616, -27.940269169293032], [42.6984224797924, -42.928586339395835], [170.01053453984676, -170.26038344067234], [206.79998565386063, -207.04902153571524], [128.90277689253048, -129.0985836895843], [163.10747613631992, -163.33253140887516], [117.73863874792093, -117.88768698680046], [185.9170103806365, -186.0790571254067], [154.0969746066527, -154.31762405839817], [34.03759094580507, -34.283868294401344], [115.7367671685822, -115.93645675800104], [172.36716215355258, -172.61679153947318], [68.58156557918555, -68.8091957440564], [54.30700335454632, -54.51665814704918], [96.0237006510291, -96.27252611102436], [174.68068142126526, -174.86134764338368], [16.13853722198921, -14.651804039512003], [167.8119524932804, -167.96592790653818], [188.07468036397796, -188.3174271291588], [10.437039036144569, -1.2278240947421262], [119.86158363324344, -120.06165832260253], [216.36403032052294, -215.41345867200823], [179.22804605610975, -179.42753347896112], [63.64794363862404, -63.897791184514475], [12.139383274960771, -6.91811453275233], [10.106827764328145, 3.0042155576869884], [104.07618623171115, -104.30684366746388], [176.921552735979, -177.13614135309416], [19.80090194219008, -19.44886655721796], [145.1374778095809, -145.32876942961465], [219.2819201926329, -217.07803622742864], [61.37527097952494, -61.56516839033554], [200.67927207430918, -200.70666179004323], [194.4037371032569, -194.6006681155203], [151.90059372628164, -152.01407709522664], [142.79477667610143, -142.90558772210127], [192.3648149887419, -192.5534774625218], [87.37041841041327, -87.59586121657763], [21.708104381131836, -21.69530028276637], [137.9885155069221, -138.1996441259913], [202.6409109614174, -202.8752713904177], [140.33716855167594, -140.5839123144858], [82.79227200497903, -83.01350838440496], [181.38220204741134, -181.6308495960591], [45.03860716123552, -45.18448933472568], [190.20066294039498, -190.40603279589124], [13.286074043991718, -9.527163697400663], [78.09900796497139, -78.33007520896832], [14.859134470930108, -12.068593552825018], [213.949479092046, -213.6124938241154]]",0.006154,42.27
SRN,CCPSO_strict,29,100,0.909360,0.359553,34876.568559,0.329184,0.074700,37.0000,100.0000,"[[143.8242204302651, -144.0663943623672], [66.91825963582727, -67.16823985692716], [193.81636810202232, -194.00480126855325], [10.119127738955155, 2.9232808308150275], [124.79075755981461, -124.95097115662995], [209.02551503156644, -209.26999841782742], [132.43072103267275, -132.6612393076171], [22.946569991976613, -23.135137873705172], [134.30629743122722, -134.55499364021233], [116.43932230575095, -116.68882923456489], [184.9052793957445, -185.13663072447338], [163.05824219413893, -163.30432868797527], [138.08900190602813, -138.28850265942611], [83.31824478520093, -83.56106273736765], [222.75405740367546, -217.73511096492948], [211.33342371662735, -211.32142376399483], [206.98050732382518, -207.15397589916597], [136.17548910171294, -136.41828957875578], [151.97882599914888, -152.2225812791237], [41.460654716652115, -41.57047543100947], [126.65362107567339, -126.89611943989053], [189.3392129803171, -189.54041867087838], [78.87705405272595, -79.08327188625043], [114.3584656202238, -114.60844513542831], [24.85212525024374, -25.085304485899943], [198.2996527910528, -198.5219168282299], [81.05830278072746, -81.3065207838884], [17.34570163402487, -16.486239590991183], [52.846548757711055, -53.02986317446036], [191.53251978350988, -191.7802272395876], [64.51965453449051, -64.76785435794935], [182.73883915500917, -182.988829298637], [202.65825356203032, -202.83398076468362], [87.96292005458977, -88.2119049198279], [128.57287409715332, -128.80860222743186], [196.05753388096045, -196.30537299393754], [140.02411428976035, -140.27411345444844], [10.511960363835215, -1.7342988150412024], [14.015222264561977, -11.193922111549547], [55.187769152042364, -55.37905497885472], [141.9393501800094, -142.16073864894327], [171.92205914672599, -172.1403243967219], [62.157781041371024, -62.33124943055306], [187.1060476145034, -187.3110812836277], [57.48422353315627, -57.71941022369247], [200.52065459980847, -200.75856902197856], [92.83678240171302, -93.08061112584565], [105.30486438057738, -105.55013130110609], [76.60734353320356, -76.80176050291382], [174.14637935909712, -174.33281672240196], [158.39281526790052, -158.64109582022286], [213.54812605191054, -213.66687089989557], [39.1855876053455, -39.27183618249959], [85.69261673663154, -85.92196635422322], [59.81880264007259, -60.06399325484523], [43.74726199155998, -43.9611397414168], [204.85904065153227, -204.9880354912239], [15.64712421819106, -13.909583253607547], [74.27444594673139, -74.47901758272027], [165.3497738112666, -165.57165274184524], [122.7512358994642, -122.89885406777861], [100.34961218029959, -100.48904982800798], [30.725014963503092, -30.92298464663216], [176.32566611236263, -176.51166984305354], [107.66497484911002, -107.89306497807475], [149.8169302912016, -150.00261054630724], [145.76955650438492, -146.01800885992287], [69.44717387163942, -69.67678660820316], [160.7632215735793, -160.97416718047862], [26.808860274827495, -27.03891511924455], [95.33921800628082, -95.57655716068366], [71.94332179941387, -72.01240587888971], [46.06921953891011, -46.27203936187031], [32.67090193544655, -32.910229108403634], [102.79149238897504, -103.0312346364807], [11.407438975721444, -5.255882972318682], [118.57515478074798, -118.8243196796043], [156.1786441548192, -156.31457926313212], [28.78885364691743, -28.99676811830684], [90.35894963499585, -90.57787277448826], [178.5225861509766, -178.67584114311683], [50.64360613773978, -50.84871675257127], [21.035707806833162, -21.067626733991414], [110.0327143866725, -110.14400113716927], [169.677175824857, -169.92639222056778], [167.55757185153698, -167.78496196138312], [219.05889224748964, -217.05517339935045], [36.95576486908313, -37.068114503549], [120.70015887303873, -120.88926324704687], [34.82503204550089, -35.00334335273679], [48.332445811970345, -48.56788569573327], [112.195852440988, -112.4276462361492], [180.67240013507742, -180.8644721454951], [130.64333359627545, -130.65430330389322], [147.8015544694273, -147.89517526307523], [154.02677204190059, -154.23937929750574], [19.178847674110447, -18.695528437003546], [216.0795642282797, -215.58167627556423], [97.8602226007785, -98.10466912273566], [12.739974442889533, -8.237476441030937]]",0.006217,42.45
SRN,CCPSO_strict,30,100,0.907061,0.339422,23746.563776,0.257301,0.057737,32.0000,100.0000,"[[158.09633649410267, -158.23123872867015], [56.748389947961556, -56.961724293529976], [29.97695792352596, -30.19250829308046], [147.2919187764937, -147.37857406123615], [123.77661169430932, -123.93474446159925], [80.19939921079884, -80.43459753182128], [219.05539934811983, -217.01346836868015], [191.05837570464578, -191.30685785604723], [36.3758055230117, -36.622905179204196], [155.73887100417855, -155.91037316041457], [204.64306270346148, -204.62979039808468], [213.85924591615694, -213.70518616826982], [32.04853496656573, -32.29668285136931], [180.71156445232583, -180.95168326292406], [104.95912978857747, -105.20888046775559], [82.4067335835402, -82.54265288808597], [67.25836369885339, -67.37867481814712], [75.99225211514823, -76.02318664977324], [165.01514240843133, -165.20293268353282], [186.9992857422156, -187.12861506154158], [109.701821079587, -109.95182069589902], [27.889636020653494, -28.115147609373263], [153.50545782129413, -153.74612351607806], [182.78865055988416, -182.96441759967334], [43.05626215382125, -43.18805169467751], [223.06073687783072, -217.7376270590989], [176.41682765653772, -176.66635364102325], [47.574050352994824, -47.82193820235018], [86.74962172802265, -86.98350780863078], [162.7541939792107, -162.95260828215612], [12.294301710162983, -7.685101462485091], [107.34277055473007, -107.5736241521468], [211.3439934899009, -211.59273999187633], [89.03164705253243, -89.09367396767973], [178.63252534465755, -178.860407616756], [119.85010854662116, -120.08628119736403], [114.06267144548497, -114.31260172542204], [151.38598785011655, -151.59249322210766], [21.35317378987485, -21.42425770610328], [189.05828841710527, -189.30198785929443], [54.57611354715708, -54.801039631672445], [134.5731703492498, -134.79507639642156], [160.4563654923828, -160.70093387163587], [141.4520777555964, -141.4664502326301], [130.06033667308594, -130.22410164449462], [169.65391342290587, -169.80441019682635], [145.2744690448726, -145.5045992070514], [73.67645226290949, -73.91314973626092], [200.04501024592216, -200.28439225843533], [121.78553633785339, -122.03194695374455], [193.3537681486923, -193.49530260082594], [69.55862203733969, -69.45222334602362], [206.7298772438159, -206.96734007535437], [45.24907899170644, -45.49875675680407], [117.8957023580737, -118.14567311003363], [15.514467314159702, -13.749052672783037], [216.17490930073689, -215.6731498791312], [209.03339664007967, -209.2172922303169], [19.2384488866454, -18.93839528674703], [102.5683851267921, -102.81769737397161], [197.90414081976223, -198.103753612551], [125.80863085980127, -126.0329854493086], [40.832805428776254, -41.050290323020086], [195.65689074046665, -195.90060225953218], [100.17245836358404, -100.42142096022529], [10.117248603808688, 3.140581078777915], [132.25617796938693, -132.5061720841315], [11.220786460925117, -4.662383630525008], [60.93991450316489, -61.182708557052194], [143.41247901542522, -143.36210669031743], [52.24002492156789, -52.48916102395597], [171.89758822650188, -172.10923325461806], [139.1187098695051, -139.36534032609308], [38.62338140684477, -38.872303399814896], [34.23355555003377, -34.42524835663815], [149.27456921008547, -149.52315502529405], [167.36724779108138, -167.54121495785535], [116.02189490098607, -116.18478803308085], [93.36569765404643, -93.54218194517662], [174.17146716817805, -174.37472145617414], [10.490001534323707, -1.622807684697543], [97.86751772149258, -98.11177541549881], [63.01727930043981, -63.232322919156985], [58.9211190850473, -58.95810331668363], [184.81730025994517, -184.99792998679612], [202.2868819698872, -202.49737977090794], [71.5916810716827, -71.70277764325701], [136.7795080787988, -137.00601324302272], [127.76356191122747, -127.9951259060385], [91.12800219797124, -91.36913783808986], [17.440130468336008, -16.111570547210516], [65.09188405166915, -65.33601209340466], [84.58171958866149, -84.7856194366943], [23.4936799153964, -23.722345201400337], [95.52027405438743, -95.76533660009089], [49.840141858757775, -50.08837470895523], [77.99248872474763, -78.23381911366704], [14.015803845943342, -10.726142723574707], [111.93730515457094, -112.13415228538211], [25.746306505926217, -25.95601976208855]]",0.006425,39.88
