problem_name,solver_name,run_id,final_archive_size           [archive solutions at the last iteration],final_igd                    [IGD of the final archive],final_gd                     [GD of the final archive],final_hypervolume            [hypervolume of the final archive],final_spacing                [spacing of the final archive],final_spread                 [spread of the final archive],final_feasibility_pct        [% feasible in population at the last iteration],final_front_feasibility_pct  [% of returned front members satisfying all constraints],final_feasible_front         [objective vectors of FEASIBLE front members only; for honest cross-algorithm HV],p_red                        [mean relative error distance across all iterations; 0=ideal],run_time_s
TNK,MGPSO_feasarch,1,100,0.005416,0.006264,1.099585,0.003249,0.758858,11.0000,100.0000,"[[0.9609715669070731, 0.1385065814351848], [0.5010816826575388, 0.8202181787299264], [0.10693581439537429, 0.9896165510888051], [0.14683661983061944, 0.9503657538319721], [0.4998486799121791, 0.8303916100454349], [0.5407240832097457, 0.7886672259487485], [0.17766091314256102, 0.9338149838442867], [0.685519446369648, 0.7732565980808528], [0.7121632576478424, 0.7621934918878178], [0.9427923893002566, 0.16112504972841296], [0.5059222891593036, 0.8169514902297291], [0.9948613618313407, 0.09888661847352764], [1.0125309720229323, 0.08587034748704273], [0.08224871215136753, 1.0125593556281154], [0.48103629158462313, 0.8589650571583851], [0.8819767988672437, 0.47565456160310626], [0.9550937978402254, 0.14678341951973994], [0.12905959447287396, 0.9664988351316801], [0.5451862637283111, 0.7811316546565694], [0.697107211310104, 0.7689941599133597], [0.9941027381920577, 0.11319619622301819], [1.0021194170213574, 0.09491680042586945], [0.9278259781547478, 0.4588900129817489], [1.037861291947343, 0.05252749737654027], [0.9714994856040979, 0.1269317903641544], [0.7877604438634166, 0.5315220168303454], [0.7993437794777578, 0.5243198009357334], [0.893278094596576, 0.4691499573742365], [0.16495492726069344, 0.9396347868606499], [0.740836225070826, 0.75077086349401], [0.11397208141490145, 0.9840430447971107], [0.7731870833345599, 0.6133005378464625], [0.5180880095217398, 0.8033410539115104], [0.7362745189643743, 0.7550394516706698], [0.756874757585345, 0.7344633633034209], [0.4867698661425986, 0.8467599771923183], [0.4721646274838751, 0.8844024493103814], [0.9154729614708071, 0.46628166406809207], [0.9288922941386788, 0.4517489526191579], [0.0758441097084042, 1.016688789257499], [0.4633089947275726, 0.913417892821242], [0.7682071594317865, 0.696481171349063], [0.9296631474581518, 0.20077993591314475], [0.04621581631945411, 1.0374268394878547], [0.12371460257516341, 0.97036546845453], [0.9313369781997467, 0.1877980978687983], [0.9820950255743478, 0.11428451991002295], [1.0252887319719846, 0.06907376003237053], [0.46876687408056306, 0.8918718074865714], [0.777727094596314, 0.5650403754140874], [0.6044185748681353, 0.7748226342516356], [0.4821156430568872, 0.8583220690358385], [0.8529107249616787, 0.49068757120420226], [0.9480212225556383, 0.15461146270057802], [0.7258901652666518, 0.7580020193261824], [0.5552398457190338, 0.7783277593220177], [1.0200713432305175, 0.07757229844171237], [0.08612916455360194, 1.007475659372091], [0.06828107457170275, 1.021684296131708], [0.7749344827108795, 0.57499371227208], [0.11997067868893063, 0.9752000134580716], [0.5086522353832652, 0.8076699999648115], [1.0315074464791976, 0.06086908624939105], [0.7812908744997914, 0.544096219941335], [0.8002645944678772, 0.5141003773801855], [0.8403629812245617, 0.49224730917388526], [0.8864826297856911, 0.4696635135684721], [0.46756583586959355, 0.9044149889865574], [0.530993907800889, 0.7896508847711079], [0.9179526968620035, 0.4616791375339195], [0.8782082920087253, 0.4798653815459787], [0.45191909308392963, 0.9281752272815005], [0.06140406079329443, 1.0302663752351495], [0.10061186623755021, 0.9950479248387648], [0.9426600699635792, 0.17383030590441623], [0.1545378412904373, 0.946965646439642], [0.8328912101733916, 0.5006888152986916], [0.8593631846590748, 0.48086717563188197], [0.45847856724121816, 0.9172767372379071], [0.8275405902888475, 0.5095813674586399], [0.5936147030078732, 0.777554250004505], [0.767788812641973, 0.7032681886080409], [0.49476669787282, 0.8444555307742369], [0.1392035865084384, 0.9600022347664019], [0.977308525500902, 0.12307038610542756], [0.9668775510293808, 0.13499843061614808], [0.09251714337605114, 1.0034810353835666], [0.49736265854086614, 0.8360286691419425], [0.20586974621908752, 0.9304987408922141], [0.7478787304661455, 0.7361372405913864], [0.19280057870020034, 0.9305810920870814], [0.15854031312392425, 0.9438934308470669], [0.7637863247002906, 0.7175895884442983], [0.05337665950571892, 1.0327713936012333], [0.7741236546834194, 0.5971680804097718], [0.47742331661200554, 0.8783766936016775], [0.7845768307882792, 0.539762659128821], [0.5194738625932346, 0.7972677857003163], [0.9357794682326362, 0.17391228635175393], [0.1872901920309642, 0.9320328596851429]]",0.029880,17.20
TNK,MGPSO_feasarch,2,100,0.006328,0.008055,0.663608,0.006286,0.800016,10.0000,100.0000,"[[0.9038213080952147, 0.4664723651126679], [0.6843623213477352, 0.7717286699798932], [0.10892672569121063, 0.9861176096138655], [0.4920784068738216, 0.8482119924979009], [0.14217084140657804, 0.9542624657534383], [0.09992347710876207, 0.9967809699965664], [0.10503155048238333, 0.9914577820093866], [0.7750233762854177, 0.5750533959076463], [0.4946740760173489, 0.8319794703764394], [0.9710741522041677, 0.12599764308588066], [1.01968895451582, 0.07648921891612503], [0.8072867314377733, 0.5121632545331443], [0.9911703621416396, 0.10971460454150356], [0.45613199581331765, 0.9163698927462769], [0.07869650181941434, 1.0168559024989003], [0.49395454247025944, 0.838600355623563], [0.8561894099943964, 0.4827427478681922], [0.7736423488323902, 0.6182781967792594], [0.07091083736855713, 1.0218439135209565], [0.9748573565806604, 0.12437426584586325], [0.12397517262613596, 0.9715467139878694], [0.8442855472243489, 0.49034854359595353], [0.9524011994602422, 0.15355601651495776], [1.0286406709333118, 0.06682027711933253], [0.46116185208625815, 0.9059081639269044], [0.9312263104008485, 0.18301324526098772], [1.0315365560017948, 0.05781865275765513], [0.9449123752084648, 0.15753087465828894], [1.041027132001699, 0.05065937537959403], [0.5031076639958325, 0.8292222829861184], [0.8781639177042669, 0.474190171432147], [0.504181207595646, 0.8171115611165929], [0.5267623054315171, 0.7949217688640948], [0.9651463573718604, 0.135334725340596], [0.7068026325554547, 0.7630882264990709], [0.19522132770620798, 0.9297071965122363], [0.06001208889478987, 1.030709660011789], [0.9395955162889151, 0.16508604922773487], [0.16872256697341637, 0.9384317334618277], [0.8320363245703825, 0.49371614133341873], [0.1560847517625108, 0.9454573413389484], [0.11338540177163003, 0.9839427060397852], [0.053427095609258735, 1.0322818140522463], [0.18166109880929837, 0.9345093980909654], [0.9254370945961714, 0.45089813296421993], [0.17552009526922768, 0.93737166564465], [0.04393157332344824, 1.0392740873181348], [0.5295662955559923, 0.7880328994233161], [0.826311960380078, 0.5085257891275511], [0.9305165955744682, 0.21119964164152316], [0.7954407838016029, 0.5189061125773853], [0.9791252765852926, 0.1176756601656079], [0.06544838003402063, 1.0258533560635663], [1.0353669864871584, 0.051618902814501266], [0.743661962367931, 0.7577867148564879], [0.7598412289424616, 0.7203862919414099], [0.4696551240681164, 0.8892825024488273], [0.5711329029275451, 0.775968010284561], [0.2041132535979746, 0.9296917605944721], [0.754227242286734, 0.7350926104200612], [1.0086140222871434, 0.08729366083247955], [0.7633071050715428, 0.7202264184681081], [0.12851946859225594, 0.9653517380267589], [0.13907790187149033, 0.9615193058409754], [0.7719343052487475, 0.7054983871437956], [0.12045926115901773, 0.9749242849833961], [0.5102469130383976, 0.8119950673911556], [0.9105596374250293, 0.4579488039347193], [0.0865607474107487, 1.0143863811264513], [0.8370889138182107, 0.49277603288844013], [0.9840814039940116, 0.11426060554322898], [0.0485933938602285, 1.0361347212775953], [0.6720521163378871, 0.7721651482847341], [0.46667842537775744, 0.8999491325234352], [0.9584441754976605, 0.1478688679896148], [1.0245439941043608, 0.0738276567090283], [0.14865849068582387, 0.9491993948502344], [0.7841839597175122, 0.5537093416813051], [0.09207587602331388, 1.0027040803866805], [1.0127920700490725, 0.08221660707546438], [0.7297494852204762, 0.7621289272086957], [0.48659823235900546, 0.8669031623536988], [0.7867021127359569, 0.5429513557170441], [0.9184046114199512, 0.45587702346553494], [0.9929349654810233, 0.1042676903637095], [0.7746891799373878, 0.6041458396185708], [0.48970978525530584, 0.8623357922438212], [0.8052574178705936, 0.5131025191104956], [0.558290118156377, 0.7870255674942691], [0.6260281177815386, 0.7733019489386892], [1.0022816059065056, 0.09478150290582983], [0.8279085756693791, 0.49878207290318066], [0.8720085749770301, 0.4801535148513613], [0.48044266812682435, 0.8692009635828274], [0.7479979625030599, 0.7574991774206884], [0.7757703940448056, 0.5703453303942746], [0.18538493738976655, 0.9320277325760287], [0.4770268791311376, 0.8713380565637987], [0.5138647592244896, 0.8007573187376611], [0.873065790374449, 0.4776342404268872]]",0.033913,16.15
TNK,MGPSO_feasarch,3,100,0.006432,0.009143,0.707645,0.004999,0.739442,9.0000,100.0000,"[[0.9514134499200166, 0.14629056201674862], [0.506421389363275, 0.8212985849016231], [1.0036406724262477, 0.10643811937577466], [0.7464940026271047, 0.7406082010945888], [0.5263052954935398, 0.7955211951778772], [0.7910223526892067, 0.5356613476072712], [0.8805466464548133, 0.4860015631951975], [0.09716794534062922, 1.004676878357038], [0.7658327738812105, 0.712417626780047], [0.9420735561900069, 0.16422962189060633], [0.4722902626604915, 0.8811736970637685], [0.9447136341038367, 0.1546968060833931], [0.9295005549402586, 0.1955619913871416], [0.9936129798197264, 0.10729046596090053], [0.15387366648121584, 0.9489938221542242], [0.8132730408657688, 0.514977553259813], [0.8018835575642659, 0.5184078531663873], [0.47802741946824684, 0.8712509987547176], [0.45884311811292966, 0.9093466412775333], [0.1007260892339526, 0.9934004241432717], [0.755377189493377, 0.7235670793548836], [0.7251154153055138, 0.7562259511544658], [0.8265073001746696, 0.4999735306806121], [0.15617089248870983, 0.9439127152771352], [0.7861095725555384, 0.5571623744600503], [0.7736855941604347, 0.6433725402875996], [0.4818900828391417, 0.8709036577951907], [1.01212343144662, 0.08005424195281137], [0.46424063937210797, 0.8999491487597543], [0.7944909401681566, 0.5277682462462269], [0.5785048558186119, 0.7756946009374943], [0.08418867070890426, 1.010793426654804], [1.0237902567222021, 0.06618019794851393], [0.8165560798916992, 0.5078924899777857], [0.11378500942692857, 0.9838944404958122], [0.05464412408890747, 1.0326710730697577], [0.5477850410694087, 0.78032852824932], [0.04677392153551921, 1.0383522441970663], [0.5113326937317297, 0.8104500967757553], [0.10831073102172858, 0.9890573560595474], [0.6292808538431025, 0.7739290533799019], [1.0304524112222262, 0.05631212146288624], [0.7646379500969456, 0.7125605223339644], [0.1783620516458021, 0.9351139069791187], [0.5621344173042413, 0.7770985171085315], [0.18994587903460083, 0.9304039159778166], [0.7681320033722252, 0.6898379155048788], [0.18507813519786795, 0.9327180408246143], [1.037649560850618, 0.04802925302588351], [0.0784781391952808, 1.0167164857901927], [0.8226504526016586, 0.506179689811325], [0.5724552947931268, 0.7770917230699594], [0.9030616999793941, 0.46705986280898254], [0.13304604693702504, 0.9643657837724777], [0.835427648148783, 0.4962213545493125], [1.0102959462575798, 0.08885526381770925], [0.9585082581934101, 0.1426923468141974], [1.0068742985632584, 0.0920742240330945], [0.48296807420426835, 0.8569897235849617], [1.0049277944444364, 0.09989231026139125], [0.8716514124508042, 0.4938519387656579], [0.06569203866220186, 1.0235460109891694], [0.8490894748035694, 0.49543134871022737], [0.1412531588368664, 0.9569347611919485], [0.8921524207716864, 0.47557512847319683], [0.49395622617971296, 0.8510719780947568], [0.708405985119771, 0.7724407366422689], [0.5179549604430815, 0.7979025257546537], [0.9905878988820918, 0.11166326412450803], [0.9764749132007242, 0.12335581510398541], [0.45394725882644676, 0.923792044677816], [0.16369166284112452, 0.9407010776516498], [0.12812936604483618, 0.9730143751178335], [0.7737798095398328, 0.6018582255165811], [0.5352152075741199, 0.7851519118406513], [0.7114206941716096, 0.7631454696754801], [0.12113469229934332, 0.9763160541152595], [0.2022411288161023, 0.9295004563239052], [0.14539146168459094, 0.9506721521778392], [0.93843476870176, 0.16991461613305853], [0.9278088451839577, 0.4557001109364063], [0.7424633378532892, 0.7514206162151729], [0.8927782189094182, 0.47384664544544086], [0.9822511816643003, 0.11596370076859167], [0.7779100108153068, 0.567711022020249], [0.5264936740821737, 0.7903930200507049], [1.038650686740804, 0.04220148130204435], [0.776075853102, 0.5727413513501258], [0.884849199611962, 0.4819318092955449], [0.93418021342305, 0.17935638110306104], [0.7724936904876623, 0.6570116814597464], [0.5961264011082901, 0.7754827898055705], [0.07250270310042162, 1.0221593849318131], [0.6223460483815129, 0.7752338143664393], [0.17229724369219473, 0.9384175425865039], [0.09136328925207216, 1.0056016529300544], [0.4955048980929171, 0.8338537171489415], [0.9658274581699202, 0.1395255762148592], [0.9076442073106286, 0.4598351051626354], [0.9276036597985574, 0.45960415298657387]]",0.034784,15.81
TNK,MGPSO_feasarch,4,100,0.005638,0.007880,0.946538,0.004721,0.727929,8.0000,100.0000,"[[0.762228262029582, 0.7145332014590728], [0.8749053748828242, 0.4797628625210292], [1.0373253252368715, 0.047450841310490544], [0.8222819336807914, 0.499387121588314], [0.9502000959218039, 0.1706145760742468], [0.7929311534562624, 0.5275161879926372], [0.8162018215273628, 0.5095299052107584], [0.7834032233077431, 0.5470250075702554], [0.46370392276828937, 0.9217805068938991], [0.6679579621338961, 0.7729301260013005], [0.7751052621026722, 0.6823325097854889], [0.1256123313408837, 0.968418408880219], [0.10748100399083527, 0.9864625141745436], [0.8765572598754952, 0.4748670053348193], [0.9809215875538588, 0.11805181847904546], [0.7841757751665313, 0.5378402902443673], [0.628139292333366, 0.7750931912388993], [0.962359358888023, 0.1326301537355412], [0.8365813758805855, 0.49547150231583725], [0.71977651781442, 0.7639863771347963], [0.17459719235207333, 0.9334125843261755], [0.5259444176316135, 0.7953768100667371], [0.776157183989606, 0.6640696190251483], [0.9001528149678352, 0.47171363987585146], [0.6852359442002565, 0.7729116917452806], [0.11670087179945413, 0.9769581296153546], [0.9618155226679177, 0.15001586553010973], [1.0241917977080632, 0.06652826351523067], [0.715305084864116, 0.7650798996158519], [0.09602521618934605, 0.9973457649929824], [1.008321217787107, 0.09452137150086883], [0.8637560106520455, 0.49145933445834655], [0.14826819407183162, 0.9541544836112448], [0.7644291604063052, 0.7075698791270048], [0.5011186431596448, 0.8291898811713381], [0.4742978440743608, 0.8784451988856365], [0.9382449883521774, 0.1718627722954362], [0.9006438910919835, 0.47050597924766], [0.777772919197358, 0.5636622272695941], [0.15545916863536652, 0.9439080650937334], [0.4835165596525579, 0.8723735525099519], [0.7997315381047942, 0.5206019322480119], [0.559384773084602, 0.7769253255866931], [0.12020802063374247, 0.9747620454227095], [0.0833009582095336, 1.0120245463637532], [0.8073364231904603, 0.5133308091341653], [1.0270505651789246, 0.06485643854271816], [0.5043571603006004, 0.8254906371633944], [0.7763371611853193, 0.6609975038128124], [0.08772853433071233, 1.0052465737069598], [0.14001826692661237, 0.9595497691711352], [0.8514964037250244, 0.4936841158534141], [0.916100673010257, 0.4596026348004866], [0.05388989596547181, 1.0321655952048192], [0.11225246302959418, 0.9836761817280582], [0.973255946637308, 0.12359115796381515], [0.07885636642198601, 1.0146312564576134], [0.46981620156054626, 0.8947619111314755], [0.7434419005779879, 0.7404752036953693], [0.8361532540103498, 0.4984942418879664], [0.5723422475202604, 0.7765217350137712], [0.5462422032102163, 0.784456189977318], [0.6387369519081942, 0.7733347994296595], [0.19445368113600753, 0.929478507835401], [0.10445418661257155, 0.995448917735436], [0.5328878439281879, 0.7877600503179366], [0.9369701975247933, 0.18165708677657524], [0.04893795756892451, 1.0385734174071464], [0.9845306583008357, 0.11243220804872056], [0.06251845203330972, 1.030400569714967], [0.9684709424055689, 0.1265190790124471], [0.5064237744190961, 0.8143695701634617], [1.036940207765126, 0.06201560525678798], [0.5162034095968875, 0.8105465799502476], [0.06648655711018238, 1.0236334764541257], [1.0011890388010605, 0.09855084001581726], [1.0138259291947325, 0.0895067995774686], [0.5965657541779223, 0.7755846264937525], [0.9912284989673996, 0.10317696523601194], [0.4637302930543076, 0.9040480930151557], [0.9507829713913497, 0.1538728609686855], [0.9291603999354408, 0.45185883457283377], [0.7543597943614218, 0.7311817166194859], [0.4504809719917707, 0.9275527276773093], [0.4835259532290995, 0.8654758463819726], [0.4924579990128856, 0.8488798102690669], [1.0188743525872097, 0.07957187987951042], [0.727833738055365, 0.7573409250624306], [0.7737478917810288, 0.6976549936573773], [0.9300906948709601, 0.19149685390186655], [0.7810317878474057, 0.5619773655545818], [0.4872479875507199, 0.8491046685376589], [0.04618977044914256, 1.0413968576294705], [0.16574633991580337, 0.9377235875061815], [0.13323443443166988, 0.9660413650198656], [0.7402368377114021, 0.7494095129019483], [0.18894134452261288, 0.9305221865611586], [0.7903330176798266, 0.5294657100296272], [0.5179315891433579, 0.79623630004681], [0.15345995032322826, 0.9491730855311857]]",0.039891,16.16
TNK,MGPSO_feasarch,5,100,0.005200,0.007380,0.694913,0.005741,0.760182,10.0000,100.0000,"[[0.7748718266273086, 0.5847116400755432], [0.7571840823509115, 0.7339566266520482], [0.8441977072900122, 0.48740870013435333], [0.18613019063510378, 0.9310013242468868], [0.9339512564304603, 0.17967415725808747], [0.5494981994266899, 0.7794220618876601], [0.16384426261496746, 0.9394103953465461], [1.037063865362928, 0.05029698004296734], [0.7720103474744611, 0.6752910901375722], [0.9881981315864149, 0.10744563759105374], [0.1595234193655145, 0.9443974286534611], [0.9253279544279355, 0.4590593697274003], [1.038326540240132, 0.0423289811961487], [0.90639757388534, 0.4655130084846066], [0.960590825523739, 0.13828721875886069], [0.7648201078621459, 0.7122697250700674], [0.9812511827551935, 0.11417451432194758], [0.9544698217597668, 0.14419534727738398], [0.45765027818151277, 0.9224743562072404], [1.0285470101830365, 0.0602087418600501], [0.937941037893546, 0.1689407152055621], [0.7829757102778663, 0.5609181349687296], [0.5831528794256011, 0.7767714654684665], [0.534323967974662, 0.793144162948564], [0.21020488030562473, 0.9307020003793524], [0.77819376380984, 0.566848059413458], [0.9758022178626712, 0.1195556341592961], [0.8383886160876995, 0.49744196688371667], [1.0197716703635376, 0.07653116556036092], [0.9726911625793073, 0.12245400035186732], [0.7206591844990339, 0.7640117401854193], [0.5427487792689506, 0.7829502859604136], [0.08062727889923203, 1.0185559035046172], [0.9944676045166543, 0.10145659991059783], [0.12411963953180183, 0.9720000387531063], [0.05991595683354595, 1.0346343055566067], [0.0958797486783491, 0.9976394528241288], [0.10116454215113108, 0.9934763395455298], [0.9454669717217394, 0.15354133043652723], [0.07009452877404926, 1.0247260725560459], [0.7832298116822033, 0.5441602615789914], [0.46940282689813145, 0.887614312705306], [0.7263236910782009, 0.7576721706763165], [0.09054287036564795, 1.0047696394982664], [0.8682048118246837, 0.48318947787015415], [0.7731814570373532, 0.6587515595915123], [0.4522015401656859, 0.9230438650575157], [0.10799994685497716, 0.9888421997711451], [0.7104958445517915, 0.7670966676367525], [0.6698114241867541, 0.771225837683122], [0.9665558365732343, 0.12908760725512797], [0.8136007674536221, 0.5114919862603856], [0.8559237959397932, 0.4847445050402286], [0.14175796566993942, 0.9556817082152045], [0.9304589189861345, 0.21038770586995775], [0.9407707403464891, 0.1612394325084781], [0.7532184604861207, 0.7387897926178429], [0.8828216332393408, 0.48238095645652634], [0.7430595261038606, 0.7404484224745869], [0.1841421819142201, 0.9350369581268243], [0.06410737954768453, 1.0295942651163146], [0.8203625731088336, 0.5005577142552675], [0.7908004468534857, 0.531236420872753], [0.524615051572837, 0.7937133688402053], [1.00910023362164, 0.0938066923159573], [0.0727406069853376, 1.0212237146049987], [0.1358030606076847, 0.9649602271347525], [1.0245898509884863, 0.06693949370562502], [0.48869770053488637, 0.8500856743362804], [0.7968453261375964, 0.5205073984735578], [0.5003228655895507, 0.8231654474394883], [0.4801958291121997, 0.8624934133787164], [0.4860867307939175, 0.8565439833935755], [0.5059837958572264, 0.8130281932349281], [0.1531045891749534, 0.9476457228401383], [0.1515859887212212, 0.9545602823036515], [0.9101320546518251, 0.4610070642898879], [0.775031873917889, 0.5724191112303555], [0.5079018631279816, 0.8081778838999067], [0.9995093867042849, 0.09442461412919076], [0.616815217578179, 0.7759632778264954], [0.4960181925446392, 0.8269236236930217], [0.8194670614246373, 0.5013311118052144], [0.49480909482423774, 0.8341054247053915], [0.6548372889318477, 0.773335350598408], [0.08504126973362708, 1.0115057504346752], [0.45860451965368565, 0.9111845061249899], [1.0115212439205494, 0.08170475477350492], [0.4741844678456343, 0.8790016112279365], [0.7743553752530862, 0.6467769610935962], [0.9618607545935394, 0.13711123906974226], [0.9506410152381288, 0.15043206450433377], [0.051306249709292207, 1.0442840081077411], [0.9308675727301852, 0.18496551749144538], [0.7047544263457419, 0.7671154467487572], [0.8865888439749972, 0.47180260529985407], [0.8100619064583783, 0.5135823200758066], [0.9867717002257473, 0.10950825175278], [0.1713573764519314, 0.9374223505328737], [0.5136993039563812, 0.8012458971904585]]",0.032887,15.90
TNK,MGPSO_feasarch,6,100,0.004854,0.006702,0.587600,0.005527,0.780677,8.0000,100.0000,"[[0.7643006011753637, 0.7102430495751608], [0.9301896599268911, 0.1872836158905471], [0.5039007973482651, 0.8179133426903278], [0.8718210296983071, 0.47751693674303164], [0.9840655652788874, 0.11094177896625829], [0.4669856887061429, 0.8931304200169782], [0.9013329429452512, 0.4642833107289023], [0.8174863877982689, 0.502906777959291], [1.0296857776895356, 0.059623754654419894], [0.6778843832880171, 0.7702620800642933], [0.9951271620732554, 0.10086725577308293], [0.11551592107449038, 0.9800574434514218], [0.9523887023123673, 0.14422863955758788], [0.4934948978391218, 0.8446554332316385], [0.9439035558760128, 0.1562838980990321], [0.9397289831252867, 0.1656512967398207], [0.7846251791848248, 0.543337400222643], [0.9320423778739643, 0.18281360107367253], [1.017588164226747, 0.07380300018366867], [0.45010151470807325, 0.9302318585986453], [0.9177132937509613, 0.45406959243147693], [0.48821135013906786, 0.8483849312587544], [0.5486077251894554, 0.7801175633034196], [0.7891508547140652, 0.5349384141517829], [0.8833439720636946, 0.4723725215261817], [0.8273050397062239, 0.5000552343382708], [0.12706194588474706, 0.968581908968484], [0.9339812238676818, 0.1736779437497028], [0.14234941267285062, 0.9540315109307822], [0.10191281409000662, 0.9965554781400259], [0.4535365303956159, 0.9293677679629828], [0.1386848297515238, 0.958649442303817], [0.794031056224642, 0.5245822690745595], [0.9630523275924604, 0.13818081759064943], [0.6232376461096085, 0.7733489224639081], [0.7676051733845768, 0.6993258830236282], [0.804773958813455, 0.5144967716878488], [0.844179893162806, 0.48746533876755194], [0.7756008765507207, 0.5707913209775779], [0.6610037187698609, 0.7720829694561495], [0.5286716969338996, 0.7932174861510659], [0.13267889814356654, 0.9631864456115544], [0.9130064443510791, 0.460769330760813], [1.0217830064779068, 0.06931624484531872], [0.09376116128384576, 0.9994291154444763], [0.47636955838814554, 0.8902618487447536], [0.6976140215704634, 0.766180575833], [0.04205434345756672, 1.0383901549341874], [0.11172480624146397, 0.9844572748481013], [0.18469194690759988, 0.9308166003106658], [0.5778599114611143, 0.7760601812202037], [0.46501252750015815, 0.9083650760030673], [0.9997899973203179, 0.094513078028062], [0.17070396724427772, 0.9355060173641064], [0.8108769263082376, 0.5051867000118001], [0.7963717711447947, 0.519628440133706], [0.9751813866440109, 0.1193491964004727], [0.14941334147463237, 0.9473140961289219], [0.055187713572790155, 1.0347364688448477], [0.48615426535341477, 0.8620563686622771], [0.7512560215175794, 0.7457377775139953], [0.48008437708249263, 0.8773450176432114], [0.7767175490847982, 0.565475223050466], [0.728800379116662, 0.7567278415906095], [0.17691708940848525, 0.932959054133466], [1.0272640499445338, 0.06521970136303382], [0.07068642597811185, 1.0198975281439395], [0.7383507316458504, 0.7479309017486565], [0.9792581469799225, 0.11494634386868045], [0.08601155514952019, 1.006864354694578], [0.7094539579192934, 0.7660627492275777], [0.7730801467498285, 0.6570069424207438], [0.46228744485612394, 0.9104602375421591], [0.07723331875540845, 1.0148207018766162], [0.5386319936554236, 0.786113535544453], [0.4941474925284456, 0.8306170777238264], [1.037015129670129, 0.04573166103342323], [1.03328782970778, 0.05138176470448575], [0.86026394623364, 0.48707596122686764], [0.4813739225293806, 0.8728440031461042], [0.7595134602670306, 0.7250350320513048], [0.5124875839419433, 0.8090454024572482], [0.5208258220659323, 0.7951179409033483], [0.16165727376050573, 0.9429762110622598], [0.1054831218682446, 0.9896448004538659], [0.06748088258171456, 1.025000142964947], [0.893636651769067, 0.4663137331396905], [0.8405114191835052, 0.4977100351708943], [1.0058759623206062, 0.08722646126535508], [0.0616872551289358, 1.0296492521304197], [0.7187007266426144, 0.7646587538310677], [0.7775025550713521, 0.5540329762709381], [0.9497593410155255, 0.15073992311234752], [0.5379343826786734, 0.7931839887175357], [0.11894998821151109, 0.9751370091956653], [0.9909720049189007, 0.10687581749704994], [1.0119858337421372, 0.08432277688897843], [0.9739775972264461, 0.1285816846523189], [0.964791765561664, 0.13063541931767186], [0.6166450875884154, 0.7758290672092791]]",0.028573,16.29
TNK,MGPSO_feasarch,7,100,0.006039,0.006429,0.654018,0.007431,0.812500,6.0000,100.0000,"[[0.10256386245163102, 0.9915220612363684], [0.1107422814750322, 0.9901756816127509], [0.7715981932775322, 0.6756557872355627], [0.4819336067007317, 0.8640234589062448], [0.9884847236786795, 0.10502580158761968], [0.15769504811288979, 0.9439075267858384], [0.48307602387678816, 0.8552736097872813], [0.6955465379675038, 0.7676151626617084], [0.5448294074698843, 0.7818053481440566], [0.8456947677411899, 0.4869412883086143], [0.0893523366897372, 1.0075578367407405], [0.8056954170591316, 0.5269917604846417], [0.13449845634626711, 0.9626308583612948], [0.19971914122121104, 0.9335338449209607], [0.7664418223685622, 0.7310717590821797], [0.7353976377032535, 0.7477836171893569], [0.08102699620084886, 1.0129539636085108], [0.5253924364088455, 0.7924024936730814], [0.9648758433432013, 0.1298772688786482], [0.888809466891612, 0.4785284792296265], [0.7187606665337307, 0.7583091847816394], [0.10010691919381089, 0.9957002981458803], [0.9859403736755262, 0.11596833179033574], [0.9415190649343338, 0.16638105699420985], [0.11510966157185648, 0.9826936749820949], [0.945348387702043, 0.16041406121369484], [1.0272597454227597, 0.061824118575979], [0.49671396494424874, 0.8356901050426627], [0.8374013667642446, 0.49836528505145333], [0.05848740390078576, 1.0290845189356868], [0.950845460202729, 0.1478732660379527], [0.5561081092681319, 0.7801709225189767], [0.7771664921451571, 0.5643001689175665], [0.9791756139820522, 0.12295607132864239], [0.5254746685812042, 0.7899022679102357], [1.0343461548654915, 0.05340651098272673], [0.09821051345605787, 1.0015399960654838], [0.8414630127522367, 0.4887247249044329], [0.683329607127252, 0.7709332040558674], [0.12093367753260642, 0.9768018123733997], [0.8865058891060762, 0.48043911038087583], [0.8395740873583042, 0.4941149047959108], [0.4473567726515115, 0.9291059921537044], [0.8324628700018846, 0.506915537013962], [0.8080884590381575, 0.5075868639556148], [0.7475071805805442, 0.7420018005164631], [0.18548745578568937, 0.9340037904650584], [0.07682026793857204, 1.0158376595233662], [0.929801772184117, 0.19532532134143102], [0.9762137204780055, 0.12389895808102382], [0.9143872145140902, 0.4583267156855151], [0.9112246454445325, 0.4599900233115053], [0.0715021088754204, 1.0209701489957714], [0.5117995703519685, 0.8094486492847848], [0.7818997735647559, 0.5423130803687205], [0.5585232250288542, 0.7766142486186256], [0.999544203154225, 0.1004583798179636], [0.46192581172906977, 0.9198993068163682], [0.7861433770541548, 0.5366613598007374], [0.8949848522089645, 0.46590473074483585], [0.12366732824197779, 0.9744987926863213], [0.7492337461661505, 0.7376103961825591], [0.14219190663965808, 0.9562750644841296], [0.4763591157698033, 0.8785027089706905], [0.9466832812493626, 0.1517963879318021], [0.15170295109986626, 0.9466577509674337], [0.054321405386226686, 1.036347891682323], [0.7112461709372944, 0.7647749813859978], [0.08558583736846237, 1.0096048913956248], [0.46360911170372, 0.9005808214589087], [0.04683052460362708, 1.0374763662876905], [1.0295579835750426, 0.057332926354349285], [0.4993834536617054, 0.8200883584366679], [0.14869679393970803, 0.954922391318024], [0.1621958994601178, 0.9402583922366237], [0.7772618570584267, 0.5549927861498086], [0.7746586882233926, 0.6253601271957182], [0.9392465732611492, 0.17861884018966045], [1.021262380636003, 0.073206434838609], [0.2083056091163512, 0.9303723768979391], [0.476857294110631, 0.8703474326967093], [0.4879346123942493, 0.853655736754263], [0.7962357996713938, 0.5275132951810565], [0.7403448683552999, 0.7456486124520612], [0.06576991338027242, 1.0235271032081086], [0.4674268403037807, 0.8922610795386116], [0.17607816279208977, 0.9351003637865328], [0.8560708635152596, 0.4848445299645566], [0.5128426312942391, 0.8018639516698893], [0.7751336087227555, 0.5911614224131968], [0.9996986755934724, 0.09896083936735695], [0.5029883821215884, 0.8146688481268953], [0.48957264688421764, 0.842102886792493], [0.1263682225140897, 0.9671643613756994], [0.5895807184972124, 0.7742987217089263], [0.8589602170127216, 0.48336952242684195], [1.0092254741664788, 0.08347890162331037], [0.7881432087145777, 0.5298887166691576], [0.9337450377753408, 0.1935929520837565], [0.9244504677053251, 0.4542904409346299]]",0.034245,15.72
TNK,MGPSO_feasarch,8,100,0.007177,0.009837,0.778283,0.005851,0.764511,7.0000,100.0000,"[[1.0139806244352725, 0.08283873261017166], [0.09348567901500343, 0.9999502285214881], [0.4661411924937997, 0.8961873284709843], [0.7773046443604422, 0.56948004614846], [0.08901747464628075, 1.0055042667008298], [0.5361253234125652, 0.7844842337217146], [0.9779605208239754, 0.11795465333651434], [0.08518198280713951, 1.009887696525922], [0.8281750425071637, 0.5039699479261853], [0.7231326831050272, 0.7584842462421285], [0.07428385242729946, 1.0181390704455424], [0.6037023291364113, 0.7751155714507741], [0.9579111749070891, 0.1481460019607208], [0.9870221580904239, 0.10647473010873776], [1.0194935942840737, 0.07237105614841322], [0.4785565335518933, 0.8722723491443991], [0.8892168940188698, 0.47674328585734194], [0.4685146009761623, 0.8907343348353227], [0.9161971920720453, 0.46670919170142516], [0.9362069631812056, 0.17168026218006305], [0.502692519540707, 0.8226839614541595], [0.4555951016584565, 0.9276957846547921], [0.8470081263121726, 0.4896064756839684], [0.11335557514580274, 0.9839741131737139], [0.9445786281873811, 0.17064056757387042], [0.06905017203295388, 1.023233222210965], [0.8122794591906469, 0.5232819639379409], [0.4750486892082826, 0.8826106928766608], [0.6657566863075938, 0.7722772401429464], [0.13131438502114, 0.9700246097464524], [0.1348790840127026, 0.9629639749218661], [0.7833567623716408, 0.5509547542998311], [0.9356262718782434, 0.1796754118631784], [0.16774252988417399, 0.9408044240639786], [0.8315608926114093, 0.5025336765142949], [0.4812259045734646, 0.8640723918008831], [0.4484114325151327, 0.9286851305987951], [0.7749950705018975, 0.5750225283300703], [1.0387744709828564, 0.05075196403221302], [0.9320746489437784, 0.21785052415373884], [0.7749941143237021, 0.6093067120286569], [0.8530760753765667, 0.4884744824691374], [0.45926855479294554, 0.9167785525761112], [0.0832231835714814, 1.0180743737093318], [0.7383956468303761, 0.7545211474780649], [1.0189644692066275, 0.08116420947774569], [0.5737624973164723, 0.7756015407342154], [0.7578517577092525, 0.7349712390163174], [0.9524368175549407, 0.1552485453656544], [0.8168318160227083, 0.5071037277406354], [1.028160091205765, 0.06666826070470988], [0.7725820035064342, 0.6642662060255292], [0.9500627980220939, 0.16369133909407285], [0.6547896796581283, 0.7738590852884932], [0.8164791650443661, 0.5173156640361705], [0.8725431345109362, 0.47690786465950064], [0.10475457032174695, 0.9900552339052096], [0.17475866480027594, 0.9363020690802938], [0.9978981268632157, 0.10128036620367054], [0.5595114380499164, 0.7766267737336784], [0.7915709008749577, 0.5288755043808571], [1.006085004934345, 0.09471828537585372], [0.6990279270220591, 0.7669200251302282], [0.8959691695453789, 0.46917802190224234], [0.968240568799308, 0.13323058279033279], [0.6966673188585981, 0.7691015134759732], [0.7870792605633943, 0.5414346256443208], [0.04629614326322515, 1.04140138320074], [0.7737046020414893, 0.6236292614522659], [0.7311305265098818, 0.7546660553543951], [0.9238873629230528, 0.46056095654052653], [0.6240957266783336, 0.7745933997674356], [0.975420332589601, 0.12564103062061605], [0.4940175113910973, 0.8305354736770763], [0.06082587220250957, 1.0317478089401608], [0.840293488214868, 0.498206909670995], [0.9297014375954014, 0.45030993351492327], [0.15287170981741016, 0.9471216568107864], [0.5234160207787999, 0.7931288615773788], [0.4611736286752969, 0.9043719241683905], [0.15951088226323856, 0.942099613809921], [0.6239133160040157, 0.7749889437626136], [0.4994208448905308, 0.824613552777691], [0.18604127859973021, 0.9304796703861116], [0.19167655306263764, 0.9298870382543027], [1.035565995398811, 0.059952554970016475], [0.5556921717267225, 0.7786279415044544], [0.5217878436421846, 0.8091945209175508], [0.06377429663702705, 1.025076770834853], [0.12416494818206283, 0.9728871940123892], [0.5315908795930789, 0.7925619507119381], [0.5072302130277614, 0.812909549074398], [0.9614461917611902, 0.1372118086266651], [0.04933246946207576, 1.0344181989579735], [0.4903859569111757, 0.842544511583661], [0.5142371926980516, 0.8113702322015787], [0.14037735332534823, 0.9546671434081488], [0.9852605274561743, 0.11250859218431501], [0.7448072657924373, 0.7489850882765863], [1.0082310051938088, 0.0864778509692663]]",0.050974,16.10
TNK,MGPSO_feasarch,9,100,0.005078,0.006443,0.478753,0.005490,0.748476,7.0000,100.0000,"[[0.7656203118869732, 0.7219766799636245], [0.852415584495141, 0.4839859779943514], [0.1515753024405233, 0.948028104675513], [0.9320151051765753, 0.18592473465252288], [0.1414129728524508, 0.9561119939450013], [0.9307401669267751, 0.1954707135533869], [0.7795623955234567, 0.5593696880380363], [0.9332351122035185, 0.17915961962427154], [0.9452689753323853, 0.15986859173612492], [1.002337696579375, 0.09087864903643714], [0.21078620396852282, 0.932378564586283], [0.8425713367024742, 0.49300733139617775], [1.035551025357578, 0.04956931332612112], [0.9399022627229514, 0.16479144654322686], [0.7443766493009019, 0.7413017445517125], [0.11230376988136649, 0.9884229434539761], [0.043012306730902394, 1.0389450583007862], [0.05343060448943987, 1.0333899395670434], [0.18783274157341673, 0.93416682599357], [0.4784593439233954, 0.8815314202503393], [0.7190804860672428, 0.7601732890255735], [0.494184767288279, 0.834276090948865], [0.8124910008165326, 0.5097399165825615], [0.5395320727695365, 0.7839155979284228], [0.9514519623117983, 0.15081249997300455], [0.13094174417061788, 0.9742349747669746], [0.12592263746319354, 0.9788122567023172], [0.8221950688347421, 0.49975831852920827], [0.7738174247189838, 0.5922886415571955], [0.11884602505837716, 0.9836619134084469], [0.8604488670708794, 0.4822847637044098], [0.7845842395699625, 0.5454465344331215], [0.45184380249744993, 0.9288824779275748], [0.8893312660414857, 0.4737233938703853], [0.17724070103974893, 0.9378668922186133], [0.870942680841959, 0.4783621794726933], [0.6944953515839742, 0.7733901656887725], [0.5103898789433488, 0.8054263972121098], [0.9587760443286886, 0.15050433224534604], [0.07016391336674502, 1.023666671879125], [0.9095530230298514, 0.4594680172678571], [0.962901987281377, 0.13350390757633496], [0.7733405358223364, 0.6631989575698453], [1.0262979551102964, 0.06239993534988497], [0.9919575793583402, 0.10233219818810008], [1.0206165116024948, 0.06987707141702748], [0.7581303008757283, 0.7257140695091933], [0.9191021846836072, 0.45368656515050265], [0.7981515338652828, 0.5176438077677934], [0.7878779383877126, 0.5356763622658831], [0.46231321514556395, 0.9023708588692251], [0.775558024925111, 0.5764477654728735], [0.49872557279041274, 0.8259841071618201], [0.4880208556759382, 0.8615047611290292], [0.6682108072124098, 0.7744903821148766], [0.5537766991793357, 0.7803709528485865], [0.1524258255048075, 0.9461521559498522], [0.7369856296932709, 0.746241683935748], [0.7677939858430392, 0.7055777572760102], [0.554454400511156, 0.7777216805354327], [0.846541789930125, 0.48690883058626266], [0.961635870310865, 0.13879937431146516], [0.5093965976031809, 0.8063274103804663], [0.4791848197937381, 0.8668207452429131], [0.7728451059929965, 0.6693136831709443], [0.20079085833832153, 0.9338140928119314], [0.09258059851564993, 1.001722571468291], [0.8420512805016639, 0.4985388751951878], [0.061198080863040585, 1.027343846686444], [0.13556913795280195, 0.9650414241077697], [0.969343161968114, 0.12448823527141548], [0.980368235293976, 0.11776559182824602], [1.0015111692972125, 0.09821668132146577], [0.937653812826744, 0.16978030648234768], [0.07857449613085889, 1.0160766587744425], [0.9849428623433851, 0.10872272063365035], [1.0324011855665958, 0.05851244196997598], [1.01354456879139, 0.07902658538424209], [0.8826080685648586, 0.47805171000108054], [0.5675356075758841, 0.7755517270365343], [0.7108541102034023, 0.7661226125759277], [0.16509815054704932, 0.9381562353360022], [0.9293972079973246, 0.44694108538930716], [0.10600185568224715, 0.9914537698626201], [0.46976332954668354, 0.88726438784213], [0.5247628302822402, 0.7975439819718083], [0.09903955509505794, 0.9973883964254991], [0.7047181505540309, 0.7691184005267405], [0.778090954667044, 0.5601770799124066], [0.0848436030659063, 1.0083258497724177], [0.8957478717714578, 0.46655329303407705], [0.7519856304848813, 0.7297163686063068], [1.0361409708868972, 0.04632367518032508], [0.7923966101287868, 0.5235891751675037], [0.773475797532515, 0.6222484913391066], [0.7350667180478975, 0.75160579163887], [0.48915663491658584, 0.8403023063649582], [0.5306915248283779, 0.7927073778768187], [0.468583933147056, 0.8931416326102116], [0.05071345306242492, 1.0374120799237063]]",0.039151,16.56
TNK,MGPSO_feasarch,10,100,0.005974,0.008680,0.809054,0.004343,0.792069,9.0000,100.0000,"[[0.07507311103427952, 1.017969069896336], [0.8109304125374646, 0.5160788072231588], [0.9368595602398925, 0.17953895813079307], [0.7409570907323775, 0.7512886524555518], [0.4625205770338896, 0.9082160730021], [0.1411513132384803, 0.955957371046822], [0.4871749445530944, 0.84735280895171], [0.5051794120568598, 0.8162038869157093], [0.04551823038234537, 1.0368220185565942], [0.776713294422384, 0.5907201741858781], [0.765206486919128, 0.7353866474145596], [0.8172705523836256, 0.5070260607834003], [1.0242425263638801, 0.07563738550204838], [0.15576640852316037, 0.944091900376047], [0.057497672744771314, 1.0303676450534973], [0.8369727522743375, 0.4931662304762825], [0.5123122006685881, 0.8068233005635479], [0.7350082916914037, 0.7609987755583], [0.4829482847668298, 0.8635040961457674], [0.13498028682454552, 0.9624492746750808], [0.7753069053587565, 0.6276978515648939], [0.08711888505055543, 1.0061973653000966], [0.10148644971803616, 0.9930386233166865], [0.1445777972490761, 0.9522278859059807], [0.9348451484446483, 0.18559297812074393], [0.06464881557538377, 1.024632416270284], [0.9218315517240754, 0.45157056381501726], [0.8942558574293069, 0.4730572577865938], [0.1662350181909391, 0.9377393009362666], [0.09750857295606197, 0.9994294838770039], [0.9657421451394823, 0.13383741845692448], [0.9197030991228843, 0.45505989175308315], [0.9431579467405018, 0.15929337384286046], [0.05644644033490183, 1.0342169693481365], [0.5159692504907163, 0.797924726971432], [0.856988773943945, 0.48597988487474497], [0.9301436473626383, 0.19403568167382115], [0.7461807602766095, 0.7390907840647909], [0.9548322113235215, 0.14189585156073037], [0.6951157367257607, 0.7692481967706897], [0.9069606773303105, 0.462376224153633], [0.9795937286320102, 0.12198355186094123], [0.783788675318025, 0.5413925988089925], [0.6987642600629207, 0.7662544246134061], [0.4616368686549731, 0.9187751169124851], [0.8673347729662745, 0.4843243897953169], [0.4977442895364784, 0.8282600164622226], [0.7773997893043603, 0.5740688913517973], [0.9598317630460351, 0.13765960580311332], [0.14984748433924938, 0.947865763076089], [1.0139651604302458, 0.07866143857711488], [0.0704603459280207, 1.0215134878493244], [0.5708413572622871, 0.7748464723440895], [0.9845260213011234, 0.11055700825494863], [0.1751181626891998, 0.9347929892538522], [1.0328416824079083, 0.06057285391251507], [0.5312271773024829, 0.7898027048929899], [0.7711747035445311, 0.6708384970435578], [0.7733997868227822, 0.653194181731303], [0.9913040832192884, 0.10594682709731554], [0.8727497671465008, 0.4754207753425139], [0.19392519805777234, 0.9300510074636149], [0.465458513434649, 0.8978479647809555], [0.16111813808834763, 0.9413473673233708], [0.9487134449464963, 0.14938263963834203], [0.1860692915423633, 0.9320630178819285], [0.8415437254850341, 0.491379364146699], [0.47498150391727395, 0.895925811963209], [1.0085872598999304, 0.09082885372354076], [0.5986011889533414, 0.7741087913479255], [0.9295022702703437, 0.20635763329862655], [0.8244897128716212, 0.5001451932190961], [0.9959300398255544, 0.0998995931457124], [1.0374580800587299, 0.05158541459360449], [0.7877962702185155, 0.5353946111940584], [0.13312952184381932, 0.9651079457618911], [1.024830498244268, 0.0655126441390132], [0.7680911870142141, 0.7001384452244862], [0.8505515183406751, 0.4899130641081048], [0.7737966334509625, 0.6501532739814928], [0.9376898261496511, 0.1695645834012895], [0.08005575249453947, 1.0137497969597045], [0.9705994743521031, 0.1292754327218125], [0.12315410737417201, 0.9715355818746828], [0.7937545662463709, 0.52673685934187], [1.0000007776651025, 0.09325050257668971], [0.7758937416670495, 0.6262661895951751], [0.5658282285625085, 0.7879029758652389], [0.1207309122641339, 0.9812066535776994], [0.1094252562007012, 0.9869022255454731], [0.08882347565601813, 1.0050154217744827], [0.8052207630578311, 0.521805190576883], [0.6853526846777545, 0.7738259860352744], [0.7542242906153263, 0.73818579937011], [0.7703629377977991, 0.6915427073259307], [0.4793621715131098, 0.8734653600288093], [0.9026919472826544, 0.4666206820046293], [0.11322950133961113, 0.984677836375868], [0.5277693533400557, 0.795156428383565], [0.4751605863664957, 0.8810532919233232]]",0.035807,16.58
TNK,MGPSO_feasarch,11,100,0.004868,0.005585,0.754417,0.006363,0.763931,10.0000,100.0000,"[[0.5228186378367792, 0.7969621510717337], [0.9667591515207263, 0.13106564571988477], [1.035416020009213, 0.04824142350583059], [0.0740093543623698, 1.0175328916926594], [0.6975556415436366, 0.7660346682818463], [0.9305995582224413, 0.1890685586764807], [0.5055453173917065, 0.8126779895278888], [0.1461901814195937, 0.9520417414963519], [0.20361847801248475, 0.9293220126829622], [0.8524690672139718, 0.48780272983208334], [0.04978873008463261, 1.0348108676924865], [0.173906277429229, 0.936732400310892], [0.08220352473675878, 1.0104332417831254], [0.08927542672799613, 1.006943961759096], [0.5317234509222553, 0.7872119767543373], [0.7617118681918102, 0.7198934322050119], [0.8394113158182384, 0.49833829177375233], [0.9200955387881568, 0.45752761840407197], [0.4715679368123664, 0.8969126823573221], [0.7868312501128143, 0.5316232704026915], [0.482582989345386, 0.8558091693259461], [1.0133570476058547, 0.08116176122608122], [0.05857408962183311, 1.0300244695037934], [1.0308224146496712, 0.05519847126845595], [0.46641736163304537, 0.9048482065549812], [0.8145623584937355, 0.5069186180091012], [0.5152634099691793, 0.8082620930295847], [0.9710371612805746, 0.12884440417759468], [0.7195693106474408, 0.7616660225411891], [0.10490675011159104, 0.988674171568748], [0.7837916623270444, 0.5398342935586582], [0.6596226402956118, 0.7722387843130044], [0.09450750017201015, 1.0044019295239979], [0.06571543310413441, 1.023719293443024], [0.7125199668110471, 0.7652180642559713], [0.8017851867288464, 0.5177303943134001], [0.7916972553070397, 0.5285405639160862], [0.4992910634657075, 0.8237543995047846], [1.001682341264258, 0.09728659164230538], [0.5717880607262589, 0.7777902994150012], [0.9543568399816525, 0.14467958292029937], [0.5423284733493889, 0.7864740721975207], [0.04358156008405922, 1.039119213297762], [0.7674155466704595, 0.6929763265204659], [0.997561224839411, 0.10535308227260345], [0.9622594387012606, 0.1388747586931237], [0.8244120062538448, 0.5035404365455562], [0.49417566770225646, 0.8347144461337375], [0.8622257056480731, 0.48246460532240154], [0.796069001938015, 0.5185774569093036], [0.49347615103315584, 0.8473872068635381], [0.781266043649887, 0.5450301935456392], [0.9302635836201167, 0.19267108065072358], [0.47721459685769635, 0.8731161129453995], [0.48141350746402556, 0.8665240197028901], [1.018176011813457, 0.07343137389083391], [0.7468912020974687, 0.7487051000673618], [0.8723238633786302, 0.47770128354512464], [0.14281396200928784, 0.9584787115468363], [1.0044662244934455, 0.08866387806926943], [0.9361737003439252, 0.17101220049705435], [0.09848703448491924, 0.9965445621171092], [0.8854125124546948, 0.47746771687461065], [1.0292900478786604, 0.06532400680030676], [0.1245300285902359, 0.9696077442815361], [0.8977079079231849, 0.47009307890636676], [0.13429495119471455, 0.963389696042787], [0.9826014071496065, 0.11126808481416556], [0.9361315092174595, 0.17449098654109524], [0.7505194926960613, 0.731386826716665], [0.9766279022866176, 0.11939317192113715], [0.8398034845749168, 0.49143371903189154], [0.5536419375529044, 0.7787398071350562], [0.16323290395668796, 0.9394891633978838], [0.11098336389068922, 0.9842880733450967], [0.9476101574476143, 0.15017554069484287], [1.0418366900468765, 0.04592840828188441], [0.5474227970246318, 0.7823564598221378], [0.4910584598964721, 0.8550509487064724], [0.15627431269564096, 0.9440618610244361], [0.8957246418089497, 0.47051151460787377], [1.0225908871939344, 0.07188419377373421], [0.19241553181582685, 0.9319689585601872], [0.18389868952801972, 0.9335293745415105], [0.6142167974922651, 0.7731933353185259], [0.827177971324855, 0.4994772333394666], [0.7626203362110633, 0.7116301605902914], [0.44839103366512545, 0.9287001573250269], [0.11782069601490203, 0.9780918572625663], [0.4725915414855744, 0.8839159720944794], [0.45836851172852244, 0.9111349413439045], [0.7541669360766166, 0.7261451819771653], [0.4561959123355229, 0.9217561648206195], [0.7346769546779217, 0.7535551846897512], [0.7755596652367416, 0.5648271439451815], [0.773216873861408, 0.6014926548291105], [0.9440914025372836, 0.15422466204035146], [0.5797888795784376, 0.7767842026208444], [0.5166835764966922, 0.7990743255341951], [0.9302025002803681, 0.45170758952566986]]",0.026082,16.86
TNK,MGPSO_feasarch,12,100,0.006578,0.010989,0.616070,0.005115,0.769371,4.0000,100.0000,"[[1.0168659619509033, 0.08258576068622744], [0.7241792869538402, 0.7578702632113177], [0.05764377777171692, 1.0303022753851032], [0.9734406612007785, 0.12469310315497695], [0.77185777415658, 0.6846487649317159], [0.9661999058444031, 0.131303693716571], [0.7478971158451058, 0.7494475651230053], [1.032312654005269, 0.058834851512981345], [0.8448881402885431, 0.48741359441467325], [0.9005430244278864, 0.4681912009221462], [0.1295702800405535, 0.9720916089493612], [0.5175676869247676, 0.7984855540105035], [0.9383671488537121, 0.16342167188931966], [0.9043818134594407, 0.4631408469506078], [0.9537830878792579, 0.1415071798485053], [1.0193215549265142, 0.07153403806978642], [0.7519758405696935, 0.7364131670605121], [0.9338532087569945, 0.17660580246019839], [0.08618849460726874, 1.0068490927961138], [0.9369406348530377, 0.16921531727597816], [0.494652233475362, 0.8505387233155661], [0.045030606610993174, 1.040010227662381], [0.12708362250352814, 0.975114471727059], [0.19849782501698052, 0.9336576556354247], [0.5092599204673663, 0.8208479544201349], [0.62080786419798, 0.775957805016894], [1.029580553732855, 0.06437992601620107], [0.8223221016747223, 0.5006593215730943], [0.9878507192185002, 0.10984179558157137], [0.1463963889155962, 0.9591771467728822], [0.9978147954347318, 0.09835799796860926], [0.799287463082199, 0.5159359085809663], [1.0387809959281942, 0.04258477075998521], [0.15031786581807716, 0.9498536392395034], [0.7398074638261039, 0.7528854284945521], [0.835813552682762, 0.49873196274801346], [0.563018386944182, 0.7789589389413163], [1.0337529090842354, 0.05444369298153069], [0.08098692543284178, 1.0164750457725322], [0.69248437312709, 0.772583854340986], [0.9975168535585215, 0.10241910446617036], [0.5041424780527616, 0.8275185440749877], [0.763847790961678, 0.7143428652739859], [0.1934304604850715, 0.9374115704684225], [0.8148675361154509, 0.5043030360782608], [0.9314570382751834, 0.20632782670600136], [0.06805485201799906, 1.0250738147404277], [0.6202039787073386, 0.7782851300811355], [0.9475771167129983, 0.15488188968493435], [0.10712648316392763, 0.991874983188484], [0.7047208531184386, 0.7717057409495731], [0.11213271947896589, 0.9871751653334417], [0.7975129332938049, 0.5208209076016908], [0.6468859217989377, 0.7739403959333242], [0.1310190217929353, 0.9638415466241212], [0.46594851217031363, 0.8995975220057975], [1.0248624486634101, 0.07058097793933271], [0.9607320077556545, 0.13535193099694803], [1.0075410776310976, 0.08630850292717278], [0.7107695428694696, 0.766087938235287], [0.8086310918220317, 0.5072889344043504], [0.6446634442726402, 0.7748937029086019], [0.0449105620376295, 1.0409615273933877], [0.5184433666104484, 0.7967543255723506], [0.9912793940184818, 0.10714434728270689], [0.48257019978845783, 0.8664055028730397], [0.7730946529575573, 0.629412740722092], [0.7957836608975601, 0.541433406641209], [0.5319592448740678, 0.7963543321035151], [0.4557896722012056, 0.9159229303130784], [0.4972853345527444, 0.8315697792526421], [0.1438269664958588, 0.9619801007696758], [0.8850624973617509, 0.4742628975362024], [0.930858260104453, 0.2134998993774351], [0.7817813347531879, 0.5808645766086874], [0.9790959981202875, 0.11927209584387388], [0.48167624092869504, 0.8757543522317045], [0.9257446463003235, 0.46173154742975087], [0.1852410244044777, 0.9409577197346356], [0.557316246956115, 0.7796879407889843], [0.983277477129108, 0.11781765630250282], [0.10352244376948094, 0.9978683983232653], [0.7703667529736282, 0.7035844578487174], [0.47074328437911184, 0.8841934779765728], [0.7818564068948346, 0.5426807137868039], [0.16852512930401597, 0.9442138301034078], [0.8592263733661187, 0.4859288807556384], [0.7752541108758537, 0.5877924343221055], [0.762864177411718, 0.7306203482036199], [0.15262360110834244, 0.9469478658336956], [0.45340687686493586, 0.9292531057747784], [0.9484780534659514, 0.15260596014477637], [0.20783440605519288, 0.9297738802614255], [0.14953121032826144, 0.9562653010217514], [0.0628647464188303, 1.0302781949242399], [0.08066022536664005, 1.0221457153891367], [0.9435048389477962, 0.1624360522212559], [0.7740329879956315, 0.6235997234318258], [0.8658223281941781, 0.47936456259631166], [0.05540181713879315, 1.038026820918237]]",0.045143,15.50
TNK,MGPSO_feasarch,13,100,0.005483,0.005628,0.856145,0.005810,0.790955,9.0000,100.0000,"[[1.0082621331522044, 0.0926806309668996], [0.7423760420593785, 0.7479058296833045], [0.10991642916626329, 0.9955397587283635], [0.8496248465435203, 0.4898302994140061], [0.7888289197136978, 0.5326821053333307], [0.1534977469940058, 0.9495858469123682], [0.9723724778377385, 0.12188431038196133], [0.6745022462817609, 0.7711445663495662], [0.12031570115230991, 0.9767206530809459], [0.05822858926895447, 1.0359266768429678], [0.9993026084864782, 0.09660454298822424], [0.9675472947096131, 0.12954965886314787], [0.075843585382731, 1.020257170559085], [1.0238487480868033, 0.06886416467053776], [0.9883970201813024, 0.10789089522426226], [0.17225686467148854, 0.9422860052495757], [0.7575834342235789, 0.7300727794945946], [0.954273947515403, 0.14771887070493828], [0.14651522978531134, 0.9524976548507896], [0.9769322927568559, 0.11752045612962003], [0.9307453379815246, 0.19088294659062757], [0.47503707541723234, 0.8929335364271473], [0.09808719596408505, 0.9966380931055734], [0.7736426978766271, 0.5846222212396811], [0.05166808239570725, 1.0381330618945173], [0.7969715328582129, 0.5229897954976492], [0.1312047727807233, 0.9667074994907534], [0.56897343428588, 0.7749322168748475], [0.7732302101838755, 0.6012907972210525], [0.4762051753997377, 0.875544097405869], [0.8515206063298972, 0.48492649370831226], [0.7349715566949153, 0.7487942067366828], [0.9486493659462748, 0.15337060818469136], [0.48410084623699107, 0.853268994232403], [0.8880852222253872, 0.47350373209365243], [0.16629967556837189, 0.9429789072023043], [1.018210399291389, 0.0727145035315433], [0.5349000281060234, 0.7907266282998903], [1.036256857630921, 0.05491571796865802], [0.46192884326589545, 0.9094745098296145], [0.5107337478057601, 0.8071223070003839], [0.7742804001419523, 0.5767247883434692], [0.882182675054122, 0.4745118125235505], [0.9981439375111688, 0.09790538720291422], [0.9409658438476358, 0.16465395737657362], [0.8199025831628217, 0.5014440406286409], [0.7681905011460928, 0.7121308433000579], [0.9362869708475483, 0.17506438883203634], [0.6049793755733013, 0.773327217222101], [0.7858372662981585, 0.5378084338622744], [0.9624244784617639, 0.13547928551421717], [0.5224679227003304, 0.801034052720311], [0.777428583013196, 0.560175872196494], [0.7143683406930295, 0.766681879779862], [0.5499615448915198, 0.7900218765935489], [0.13538533985019197, 0.9627440657213271], [0.9139691074510916, 0.46161800542416603], [0.7729612288980462, 0.7046503780812767], [0.4674144127194434, 0.9047559990451497], [0.5330739926686189, 0.8008608275746665], [0.49625682437153723, 0.8364285161915832], [0.5544420127352645, 0.7815927736999184], [0.9247913480173691, 0.4505650345994008], [1.0316115484170623, 0.05708660696857931], [0.4983844763199481, 0.8286030583200078], [0.9328924453001893, 0.18777116550549405], [0.6955551397629773, 0.7687989388471732], [0.1776302473008221, 0.9336100505591639], [0.11455880032342958, 0.9805576158751894], [0.9913699764950139, 0.10299741734218773], [0.8289801620780977, 0.4996846119703615], [0.12269669818992388, 0.9710273113567471], [0.9019143398483597, 0.4629658458988584], [0.7623332478689547, 0.7131232779322105], [0.8447288034082876, 0.4944345609771783], [0.9826419899147144, 0.11290532127516188], [0.05892173809176089, 1.0303629283109064], [0.9379035915488163, 0.17182737876329], [0.8425080445350392, 0.4992555961657237], [0.9588421206908598, 0.14171156254007203], [0.49420407118014675, 0.8493707609945585], [1.0266657475943868, 0.06324542103683864], [1.0400018923926793, 0.04367248618685288], [0.7229004737292068, 0.7606458440325752], [0.45201142947347556, 0.9265279834028233], [1.0097753842898378, 0.0836657728967754], [0.04819681667618661, 1.0430936446492638], [0.9463348409309553, 0.16075856051287793], [0.7315354163946087, 0.7580633961639682], [0.7729974482332345, 0.6900957654927786], [0.9048588342287242, 0.4626057840980279], [0.208404779901439, 0.9314583363075116], [0.7501608950543708, 0.7372838595819416], [1.0399075990657636, 0.050340205238801665], [0.08561191493646395, 1.0076513250398995], [0.15515524290001498, 0.947532182423116], [0.8758084576851433, 0.4765956433718621], [0.8180592159273695, 0.5079678273711447], [0.45414380025284895, 0.918085406228619], [1.014385784677277, 0.0816346968632646]]",0.041515,15.91
TNK,MGPSO_feasarch,14,100,0.005566,0.008226,0.768805,0.005173,0.783181,3.0000,100.0000,"[[0.5130142189839688, 0.804823292302786], [0.9381276101526217, 0.1771210043603817], [0.7243984709634486, 0.7615402645306025], [0.1885377389185677, 0.9307019843457531], [0.8043681169088323, 0.5135223938846976], [0.09490284718354691, 0.9999392512627252], [0.974622566543276, 0.1194335296342025], [0.043463029620470814, 1.0387299332024467], [0.7788311294773353, 0.5639074528781371], [0.8702039488538453, 0.47644395359775815], [0.46743055527884375, 0.8992019432804621], [0.057656767232381806, 1.0326328857697105], [0.7389612057498955, 0.7472367032771717], [0.5324298325859111, 0.7892685517666052], [0.9829115412432841, 0.11323735638097865], [0.7679085234942751, 0.6980626963700393], [0.8001446833350594, 0.5163227441834588], [1.002482548609615, 0.09087317872860115], [0.6965151419553696, 0.7714007631064781], [0.4545675953176753, 0.9201355557885194], [0.8160893701109307, 0.5029939753993296], [0.7616032689189711, 0.7151467516896356], [0.9300874772468966, 0.20005194400056436], [0.4601669725063706, 0.9102656749824809], [0.04537374950162776, 1.0367343041835866], [0.932563927237527, 0.1924879226325314], [0.9166316077072207, 0.47030278252605046], [0.47868550764456863, 0.8874343999341576], [0.10841006979519292, 0.9854645872336767], [0.9375285659273251, 0.18796061072741604], [0.967113391740799, 0.1322372072509002], [0.07980582388621955, 1.0155010649122855], [0.48854176382314307, 0.8653066686021117], [0.16207403981207905, 0.9450536697298262], [0.9490583991971876, 0.15248347962579606], [0.08609405130882306, 1.006714868669913], [0.20789646837317977, 0.930562872773335], [0.7565357504807432, 0.7247522441825252], [0.06647590093048555, 1.0301084560187361], [0.7740889474091734, 0.5989127076570724], [0.780015408145859, 0.5597268734400879], [0.46188081955163085, 0.9050465708557784], [1.040942223771448, 0.04864624508324744], [0.12257541401064477, 0.9725961474628455], [1.0174561268384068, 0.07578729179217972], [0.5589420896916646, 0.7858477904333727], [0.1817593647716828, 0.933279031716555], [0.9569806103987823, 0.14243057253225594], [1.0376390336815597, 0.053650910019875986], [0.8610256274151827, 0.48132498589512596], [0.12949043481471176, 0.9665249674362542], [0.491436291892823, 0.8539312691669231], [0.15571785183848635, 0.9479117511806093], [0.7879493565959057, 0.5401852140195971], [0.7981409698386436, 0.5359668378237301], [0.5219553796695413, 0.8002172557462257], [0.6345545127680492, 0.773320406773618], [0.6268468369500269, 0.7739427025157775], [0.9549910234759875, 0.15145392739407598], [0.5662839069124455, 0.7764045911381776], [0.8548866127784814, 0.48935947393001483], [0.9725259039134077, 0.12484442782242008], [1.0247372938935047, 0.06730421382004748], [0.1363193758442902, 0.963714165052613], [0.11679814316562281, 0.9780535807875086], [0.7822819495820854, 0.5458535784107175], [0.8399733091365278, 0.4896642774741455], [0.14801572604363697, 0.9526961018399537], [0.8947713056955717, 0.4706197313250374], [0.2118512424001116, 0.9303966410691238], [1.0328441127274375, 0.058206985356288876], [0.8206737581793726, 0.5018582397294632], [0.9988210259280859, 0.09941094606154044], [0.5072615675287585, 0.8146148365337851], [0.9298180215097995, 0.44882452325403555], [0.5041460668979842, 0.8235219049839084], [1.0092731720657475, 0.08348844519214638], [1.0282520933923607, 0.0614434924481313], [0.7007824195683474, 0.7659478602510905], [0.7549995895153365, 0.7415176201567817], [0.9427352658370632, 0.1616343669942514], [0.16949845150002088, 0.9397618698711908], [0.10201944758994516, 0.9925160879363075], [0.9884661530192971, 0.10929377332184384], [0.47095705845839253, 0.8895236049546198], [1.0205552796465711, 0.07523952803504003], [0.8289384675189496, 0.4945925030125288], [0.17464030239967038, 0.9337661146628577], [0.1419579598505894, 0.9584956667805388], [0.45145410413895487, 0.9271001703960764], [0.770262592259773, 0.6822639677246144], [0.06962293049484225, 1.0208280796206697], [0.4816175900227212, 0.8680860537663102], [0.5232927867549053, 0.7923014724844027], [0.9171960825717065, 0.45610019209383895], [0.9955112105092916, 0.10182034961839881], [0.493148282774855, 0.8421379415221759], [0.773114682104716, 0.6773566705594314], [0.808319543564115, 0.5083661493560288], [0.11103790294384036, 0.9823304417626015]]",0.028479,15.96
TNK,MGPSO_feasarch,15,100,0.005841,0.007270,0.532951,0.005059,0.756357,5.0000,100.0000,"[[0.9104871339365137, 0.4602320024277489], [1.0285025287558, 0.0807080216881333], [0.1501695516714976, 0.9480823765684763], [1.0040540046352526, 0.08919954015928305], [0.49963902349027545, 0.8270103030480225], [0.8077956959724157, 0.51220592471368], [0.9727913208937553, 0.12666234952038483], [0.7737119082530942, 0.6210149768334648], [0.1786355049513415, 0.9329190259087164], [0.5550033568731736, 0.7814157695845163], [0.11750815033943189, 0.9801783460169218], [0.9490121037244892, 0.1509603990312992], [0.771605159083344, 0.693620245787301], [0.9777266499403445, 0.11560786750076593], [0.1310673785103922, 0.9740119605625212], [0.7157255467571635, 0.760118704528137], [0.14443662296616605, 0.9604265810189496], [0.46844849056928195, 0.9081833392788532], [0.7494575632560191, 0.7363030052441188], [0.9411413160176356, 0.17137317340836], [0.9241779938387942, 0.45054587998618845], [0.8439870159518656, 0.49445730460909176], [0.9845649662643474, 0.11169231344985683], [0.9667020974798712, 0.13275123812130107], [0.4827941183961035, 0.8566693873647573], [0.6131589814902648, 0.7753215439795381], [0.9232515034370832, 0.4582459548929205], [0.5279183204659401, 0.7957362655565398], [0.8357722145092583, 0.4946163644532721], [0.7739451730891511, 0.6028190432631346], [0.10335619004941105, 0.9953952501247956], [0.07914144318271756, 1.0171440770113997], [0.5228472119279438, 0.8001917079169304], [0.7682965140877289, 0.6941195147871413], [0.1876879693463946, 0.9310712831706411], [0.7384192693172061, 0.7452265682873302], [0.8579905773934913, 0.4865400591269432], [1.0174549565274005, 0.08700771977380381], [0.5797831678680802, 0.7793148062600993], [0.5934633802484863, 0.7785177904333622], [0.4751397729608672, 0.8765096803660837], [1.0027849056142448, 0.09237319541352501], [0.9978269420157901, 0.1034971141532797], [0.08969322127892569, 1.0046066610326037], [0.7790647787883025, 0.5523153638483399], [0.9291409763872598, 0.20103333760623515], [0.5037019966444841, 0.823602363858515], [0.47989160303213474, 0.8676842473089453], [0.11114024148313209, 0.9869250133672065], [0.7291945395847361, 0.7542015019791616], [0.46235340754394133, 0.9129094836435504], [0.8111650126871518, 0.5080709723155774], [0.7850802669216596, 0.543079055931657], [0.5113566700567627, 0.8114230579137003], [0.0563846423519091, 1.0328060518765585], [0.7919758302213059, 0.5250267468799461], [0.17476273363222306, 0.9411675282524741], [0.9365272363601804, 0.18121542519611866], [1.0312028607014714, 0.05551348910268172], [0.6929483022798882, 0.7699561894858988], [0.7594136617481895, 0.7248732293176321], [0.203468047612548, 0.9302978025465798], [0.4740651780506333, 0.8970340947052642], [0.4559356965277856, 0.9154516794946842], [0.8202461543879283, 0.4993858872414516], [0.5174212745306571, 0.8044799957057778], [0.4539072482469684, 0.9291777382012171], [0.7626332582697215, 0.7123877801532934], [0.16122664835280343, 0.9426279845356813], [0.08661070794885584, 1.0080789153757126], [0.5357937533666937, 0.7935855743656022], [0.9412199826631984, 0.16732988468193188], [0.9614562180797948, 0.13513794453125394], [1.029006614605352, 0.057999231521044886], [0.999458732465357, 0.10113055676323954], [0.4971155852964697, 0.8347447682679778], [0.9334506925344069, 0.19563428040291272], [1.0379487975694772, 0.04963360919285062], [0.9349130050875415, 0.18671163941718416], [0.8623408534999937, 0.4821629567322465], [0.7861546052266231, 0.5328703312913875], [0.8526516027953333, 0.4885449838049436], [0.09611911939074858, 1.001788084805045], [0.5392759323773665, 0.7851525793349348], [0.1597752430620442, 0.9462105765238961], [0.8999619666512353, 0.4654497175782921], [0.04900038296132048, 1.0394043938916728], [0.5107161949956276, 0.8140473438158817], [0.7732718201320657, 0.6811626416878809], [0.8187964913546829, 0.5040938241190174], [0.0629262447544951, 1.0260175685153183], [0.8952899685749113, 0.47534935149675345], [0.9875222722114428, 0.10633978363433325], [1.0419258469658286, 0.046630649689239606], [0.5713424764739937, 0.7806035295964192], [1.0218992441827424, 0.08540919344775211], [0.4940043473998544, 0.843214757985951], [0.7782577855757706, 0.5651906798844157], [0.4879694032625501, 0.8497552006718632], [0.13333996033793835, 0.9658762876704861]]",0.039441,15.66
TNK,MGPSO_feasarch,16,100,0.004852,0.008087,0.661378,0.003917,0.701384,6.0000,100.0000,"[[0.7385456563564889, 0.7487292550684137], [0.7982917051304499, 0.5168806124748517], [0.7337532869688365, 0.7559970056122038], [0.7944279481599872, 0.5238274489178842], [0.6165414886966638, 0.7756104502953229], [0.8318767217075962, 0.4971612144255054], [0.5263203594728132, 0.8002412359651355], [0.4964487589403794, 0.8273670756541809], [1.00857686535903, 0.084910511371225], [0.850039973183309, 0.4859449592126577], [0.14329160607414534, 0.9568000538803111], [0.1172413380713066, 0.9812786129658537], [0.5084285886580446, 0.8069319236847781], [0.4566178015001211, 0.9156296523023087], [0.5342264975072152, 0.7901611055033839], [0.09067566793433521, 1.0049854187132738], [0.7827541371044643, 0.5394243694625911], [0.7759690241651802, 0.6004365340234389], [0.16988098081849456, 0.9391015203770043], [1.0032625005395062, 0.09213964849862945], [0.49134544354080234, 0.8530282354999641], [0.958365710468331, 0.13923498373137858], [0.7191693619948389, 0.7618163062592971], [1.0393918875334216, 0.04367788086357875], [0.7802448800426637, 0.5557858504784475], [0.9777682429686749, 0.12159956653903703], [0.7651298222359528, 0.723951763487138], [0.8685509511110202, 0.4806989045837707], [0.15876101880503823, 0.9446134407131088], [0.6903869846796143, 0.7695017584036372], [0.6021520862836087, 0.7760231965564182], [0.9682974764215752, 0.12526755048410126], [1.0018295636269554, 0.09969541589999797], [0.2015643697260266, 0.9303805267759814], [0.9513938463859575, 0.14469171130574582], [0.1753273587425443, 0.9338511383371377], [0.12345621401956702, 0.9713704272616583], [0.9022826187967143, 0.463247343990946], [0.981364512184117, 0.11218794166673382], [0.06816631520213082, 1.024921437388444], [0.9957543649925065, 0.10396096690388358], [0.8098661027588274, 0.5128524539936681], [0.4713349308605219, 0.8876519447883647], [0.5660440803487503, 0.7791310149103007], [0.9088498815897319, 0.46298157332094325], [0.7768023113828837, 0.5744259022128602], [0.07544742407977473, 1.0170588627539072], [0.5386090468971647, 0.7843411932810971], [0.7694119387161815, 0.7061261475375669], [0.04435548873767523, 1.0387611623188784], [0.7751110917450343, 0.6082079630936028], [0.7782795780571544, 0.5723941888675443], [0.6626094623877132, 0.7721197760352787], [0.7750541648713234, 0.6454738496813539], [0.7515199617568884, 0.7329655365563221], [0.05539974192780249, 1.032737659623926], [1.0320634396501551, 0.05408660667108271], [0.5037232484868615, 0.8144817079922668], [0.7738141565687852, 0.648916419361453], [0.1863494050230921, 0.9316840042526808], [0.6484229470427665, 0.7750183456896272], [0.7423264768662301, 0.7411730415137148], [0.10409354992130096, 0.9904956194256074], [0.9210227094774476, 0.45672308702238434], [0.4671150343713609, 0.8996334582563849], [0.9420656327278938, 0.16382503707958673], [0.8897437810239883, 0.4682132144504708], [0.949325004840845, 0.1545832379068203], [1.0221651858367666, 0.06864778176601007], [0.9234986767713846, 0.45071202111906616], [0.11172283209794448, 0.9874175625999774], [0.8120155432951421, 0.5058247340019831], [0.14850651932489015, 0.9486572420399926], [0.7891616804522527, 0.5315088780784374], [0.5447399682479417, 0.781665308886313], [0.12957605240858783, 0.9656507274176089], [0.712067897512554, 0.7642749686817942], [0.8341951996147398, 0.49424611646455374], [1.018357189687067, 0.0777261938184366], [0.4785913851938982, 0.8664264110897338], [1.0266049562256898, 0.06185111351461227], [0.7657773378827526, 0.7140825143607687], [0.9316786266017385, 0.1804813624697495], [0.9295421095748094, 0.19229195582326042], [0.06073304732507542, 1.028150250478136], [0.09847524712879026, 0.9957815839062012], [0.5144804030087111, 0.800852848128986], [0.48221635481301456, 0.8594927772392358], [0.8806247448769835, 0.4751586933352421], [0.8639644686293043, 0.48081721635520547], [0.9918249063458042, 0.10813482932338248], [0.9395749079586118, 0.17892371619438893], [0.13812805392420463, 0.9608441944864686], [0.7023656758496665, 0.7649629090396346], [0.08453654500044133, 1.0099773485958277], [0.4923980261246556, 0.8388021692545522], [0.5033724570795239, 0.8250179563178031], [0.772834648563276, 0.6644732354528429], [0.6828959261785819, 0.7708597857104238], [0.9635457594520516, 0.13323525534177538]]",0.023680,17.29
TNK,MGPSO_feasarch,17,100,0.006416,0.007658,0.781114,0.006339,0.851161,5.0000,100.0000,"[[0.14509021406226696, 0.953195341939346], [0.8037806194514698, 0.5158333979913103], [0.9399202747420641, 0.18069631935375136], [0.5395959978434396, 0.7846713809946911], [0.9417842506468935, 0.15949213781181668], [0.7754040986577618, 0.570487800785718], [1.0291089444090855, 0.06917854986369554], [0.6397793330892338, 0.7730162955807823], [0.17654633268961545, 0.934692239667172], [0.18800326133166434, 0.9303087405863132], [0.12931575082072685, 0.9649545364272549], [0.869889065408775, 0.48567641157724134], [1.027207391827235, 0.07409755747362737], [0.08469718520740738, 1.0091484910932913], [0.7875898914762374, 0.5425548916182378], [0.49703201710379197, 0.8313870752351292], [0.8977838835296255, 0.46475749773674147], [0.050371304011233575, 1.036421666650105], [0.05967752509004606, 1.0309914734237942], [0.08892063730754202, 1.0055594601794096], [0.051586238246856146, 1.0344670625816323], [0.5988334790501664, 0.7746127138850792], [0.9431255254957203, 0.15874796294352872], [0.7471088217427548, 0.7375921425842782], [0.8550451335201812, 0.48943306412457854], [0.7827793621365534, 0.5575309681248416], [0.17229851915060002, 0.9405726293447361], [0.5374747251699024, 0.786585347404418], [0.4734841869972969, 0.9032751722628167], [0.4798061943626655, 0.8741157675897991], [0.10851489235014394, 0.9854366925067477], [0.11599968528809299, 0.9809309856719498], [1.0005480382082887, 0.09298472143241658], [0.7462496678687661, 0.7378286548835531], [0.6526665194264232, 0.7726517501323678], [0.4875593842254494, 0.866175238524789], [0.9649884066685515, 0.13629378794023259], [0.0732330306952891, 1.0207996347704393], [0.4885327314295641, 0.8517047007567711], [0.47437185962141315, 0.8809327722128697], [1.0370812857765026, 0.04687981200881601], [0.10174201098143693, 0.9951966072711634], [0.8175869312412828, 0.5046587909058187], [0.9701738386469396, 0.12694078717296536], [0.7403334963790186, 0.7527735895750577], [0.7642834972506867, 0.7148101279420337], [0.12626005145159547, 0.9764740374699828], [0.8430725912544292, 0.49079658602961995], [0.9227825634948708, 0.4529303087963694], [0.8673274959446613, 0.48932277841698796], [0.9953030487779145, 0.0987263617116754], [0.7655441554408009, 0.7018431128183372], [0.7105391349751482, 0.7629239974389151], [1.0087835910180452, 0.0863755580265525], [0.8163229377821114, 0.5060453381499364], [0.7922286035289762, 0.5232790284458713], [0.9924186634748302, 0.10385158447998663], [0.9768817671665461, 0.12264109789485986], [0.07725241595277692, 1.0192476246592892], [0.5103468075669867, 0.8227093306380241], [0.5170564257417763, 0.8136916990949499], [0.9338661315501798, 0.18620534703365654], [0.9780764670763211, 0.11557468195138612], [0.9412670361636107, 0.17045409176717885], [0.519902237415673, 0.8090698147721122], [0.1028936967850349, 0.9927414125245564], [0.9578889562306566, 0.1414052505818359], [0.9517547761888463, 0.14421309942781757], [0.4652394680928295, 0.9056316219419729], [0.8759142845457415, 0.47973872190674904], [0.5977095578700199, 0.7771899287388104], [0.9672147662533421, 0.1335120051616127], [0.9300926367520951, 0.18949446569029188], [0.18274779513757256, 0.9318075056313033], [0.16352007051145834, 0.9426024051101791], [0.755190971361827, 0.732251883705805], [0.7685485083437018, 0.6994163906665422], [0.8399199936058233, 0.4944208934712928], [0.5076695973816268, 0.8264548900819124], [1.0342330552044057, 0.0554192841385823], [1.0316547028082967, 0.06349300153500224], [0.7738779748743192, 0.6696304266134019], [0.8047150577636757, 0.51309638109432], [0.5504390885757522, 0.7842091615880724], [0.4567801323686534, 0.921447252142833], [0.914864218042471, 0.4596162876938691], [0.5612588686653052, 0.777320531639148], [0.9165823431815913, 0.45930247903018806], [0.7916665534422689, 0.5310718154459465], [0.8870713416228388, 0.4693257007937832], [1.017126229010015, 0.07601364872682176], [0.6215347661544002, 0.774525381914459], [0.788390442239921, 0.5378014258688438], [1.0032232242760184, 0.09095089562754777], [1.0133103043772178, 0.08607267270022062], [0.9517073142804573, 0.15458912427437757], [0.7812443419224246, 0.5684290320586237], [0.9832255268062231, 0.11550462482143281], [0.9875912154056986, 0.11099257683326186], [0.4862447777652826, 0.8704254113168659]]",0.045373,15.48
TNK,MGPSO_feasarch,18,100,0.005396,0.006802,0.638629,0.006705,0.794102,6.0000,100.0000,"[[0.5758575677123736, 0.776182227075618], [0.9942459314724049, 0.10394533434429509], [0.5230808282855243, 0.7953511071474932], [0.18623232685755775, 0.9329639739101403], [0.16756886033071677, 0.9365145319333279], [0.8086894589579988, 0.5076146906221985], [0.46848925009396725, 0.889875453906072], [0.9337018425027044, 0.17679731406452454], [0.7769456207669535, 0.5609057218663653], [0.7853843948895564, 0.5419489534586345], [0.5124580021602859, 0.8055002703070998], [0.09090068385697286, 1.0021929435054213], [0.7739153280542481, 0.6034563779195621], [1.0200796803033045, 0.07048303812563272], [0.7279619775853036, 0.7565251975563066], [0.9305162515213544, 0.19902564940213507], [0.48985230105318567, 0.8765104584524249], [0.1470530922153518, 0.9511085691538993], [0.7908389456336284, 0.5247403505676234], [0.08782131402574221, 1.0090318289271747], [0.9437982616981526, 0.15605963127071446], [0.9858015328120444, 0.10868752222738574], [1.0330194507787167, 0.054052263059172094], [0.929831950539199, 0.19944484228852868], [0.6357964762317667, 0.7740504852312667], [0.8493873471223696, 0.4855076501810788], [0.9997652272549871, 0.09628940018437307], [0.869708913557631, 0.4765844708778192], [0.9379392757252292, 0.16975071893737415], [0.8421373489433774, 0.49302390794918605], [0.8918952965620581, 0.4738480613493163], [0.10894683187347218, 0.9847625696060275], [0.9537788671046177, 0.1461962301895617], [0.9671260661888448, 0.1310812755799497], [0.9725724861933105, 0.12164269492136537], [0.976291043359697, 0.1185158641642568], [1.0040676050769641, 0.08927589806384756], [0.051075318861535594, 1.035987536739211], [1.0087451012987438, 0.08494572987032545], [0.7499301755167108, 0.7423643746049822], [0.7104666759984097, 0.7621986328970223], [0.7647323921594135, 0.7075637903381946], [0.7083703809960821, 0.7717665194424447], [0.07811752389676047, 1.0164490377435518], [0.1755691476019487, 0.9346174769343132], [0.7618336527321685, 0.715720956286293], [0.9533646556339962, 0.154404811192134], [0.7907038514461966, 0.5303252609318367], [0.1969487802458531, 0.9292388784111929], [0.4663792935798465, 0.912123868339217], [0.9175484389684383, 0.46077433753018], [0.054867956925568506, 1.0314996356584276], [0.4583211022170264, 0.9147899124603582], [0.14270239239422627, 0.9595178568474526], [0.8618308825745717, 0.48269983408310024], [0.7362175039952752, 0.7520407118077221], [0.10371098270334879, 0.9925353358955251], [0.12176141241018545, 0.9750569173589048], [0.756081530012831, 0.7298363478783448], [0.8378909811524304, 0.49446824525584043], [0.5092604227978061, 0.8117392950503117], [0.7430995199929478, 0.7442556028457424], [0.9566870548840267, 0.139661259192383], [0.9324989307778799, 0.18198431988020858], [0.7972629952585508, 0.5188805840178881], [0.9648151272924654, 0.1394628085643114], [0.7715167790854209, 0.6822182095299512], [0.7749213647016702, 0.5688205297167148], [0.5598820178272703, 0.7838753062438136], [0.9848024582993046, 0.11766989857673935], [0.09834726361394998, 0.9985097491245036], [0.07241421571867651, 1.0192057033991218], [0.4801932983871368, 0.8826070989740653], [0.13528757873591168, 0.9607130592845912], [0.1596653066049556, 0.9418491355251674], [0.49239910037915946, 0.8493566245130229], [1.0178882284130455, 0.08220251372426679], [0.059493452659748605, 1.0285647764346357], [0.12492941292009385, 0.968631687054175], [0.046252884188809594, 1.0386628881952067], [0.515410100649743, 0.8003728316529497], [0.8241665601592237, 0.49938727376812986], [0.7612859055893869, 0.7261537781831796], [0.5050035792051555, 0.8205843582956998], [0.7730865339197008, 0.6564918029884593], [0.7513419658963724, 0.7353532609740165], [0.130701858398579, 0.9655157848842426], [0.06636909205590064, 1.0236383913062497], [1.0289939476692138, 0.0602467995744419], [0.49707269235466567, 0.8288253161108736], [0.08215876070568914, 1.012642068178631], [0.896563182195454, 0.4649255048687063], [0.5416382633183293, 0.7844159863837036], [0.15567814310343248, 0.9477112894588839], [0.7809699230436973, 0.5522471427986384], [0.6873088733196699, 0.7722504925472344], [0.9134484386065891, 0.46251389192425596], [0.5656825216872899, 0.7826116911783421], [0.1171023092344945, 0.9767710501249371], [0.9280442986692898, 0.4572761526430831]]",0.025818,16.37
TNK,MGPSO_feasarch,19,99,0.006358,0.006954,0.691831,0.007993,0.842502,11.0000,100.0000,"[[0.0676343244994182, 1.0298927729050387], [0.170330907316259, 0.9357278466201083], [0.9811142398274153, 0.11300848756863857], [0.4660612407901127, 0.8957745418291693], [0.9589372824368267, 0.1425206441023595], [0.7493411988717873, 0.7482430903083419], [0.13016849669523065, 0.9639462211305083], [0.9327712731375054, 0.17720404664903067], [0.588649497138415, 0.775695044864156], [0.4605129974559503, 0.9070139837679928], [0.7331559032777291, 0.7529270725217871], [1.0249538584976847, 0.0661531652238638], [0.9696114584739383, 0.1296808140403476], [0.49454322427985686, 0.8313409038644982], [0.9927087263743625, 0.10268718352083722], [1.0133927645602796, 0.08464194102784733], [0.9383048181738749, 0.16659631318548956], [0.16306744974324805, 0.9400930534315997], [0.04986996752210662, 1.034264224449266], [0.07562618056945486, 1.0160257383940612], [0.10855147110381083, 0.9854868954069287], [0.9809279985647009, 0.11328888750959276], [0.7825722555285306, 0.5448471574496458], [0.09823503185477098, 1.0007124127941762], [0.8209138538621912, 0.4996748616854122], [1.038487204660645, 0.0426954543857527], [0.9000735112939384, 0.4772763489192575], [1.0361846851491738, 0.0590874521594377], [0.4914021528434983, 0.8390390061916126], [0.9162332976248414, 0.46427757167933725], [0.48627053522701086, 0.8738353771134724], [0.11878505013521115, 0.9797454537408177], [0.8346310851288667, 0.49828864346840884], [1.0377107615394188, 0.0450060523186567], [0.778898432759393, 0.5651674518567777], [0.9034753631259107, 0.46978522493743724], [0.043102540081397925, 1.0379301471564313], [0.13912664405865463, 0.9564594186363126], [1.0069307283930764, 0.0868818997945901], [0.9892685890178415, 0.10790486406790066], [0.9533504325290103, 0.14457543262285177], [0.8215897496326472, 0.4991301940065402], [0.996892338029052, 0.09636721774932588], [0.5067571610385688, 0.8144587674307894], [0.7560037413332756, 0.7452617328484893], [0.4696288748302929, 0.8916938082438832], [0.8088590154448829, 0.5081969914807531], [0.11418333975593853, 0.9854403396188394], [0.5505864298945012, 0.7806949727217583], [0.9300355703007983, 0.4527220132541867], [0.772386067727367, 0.6769036981095581], [0.9216902530105591, 0.45718729599050345], [0.9615798250646004, 0.13784366609757795], [0.758612274146253, 0.720829611116125], [0.8690064493780856, 0.4783960573098258], [0.15086759317718113, 0.9470562100302051], [0.19004396022464187, 0.9300609546564749], [0.9494004210005711, 0.1472598064386943], [1.0236407275725283, 0.07425760473178342], [0.973550782596863, 0.12395178441302598], [0.9098059425784752, 0.4677143077295712], [1.001007178596793, 0.09203138351694139], [0.45692212675909516, 0.921959836025213], [0.1566432023318626, 0.9458591860750735], [0.7682966401898704, 0.7089251099550483], [1.015786473807355, 0.08109525630805905], [0.6649365217271728, 0.7722399492862593], [0.7583032619291382, 0.7271275949258453], [0.9177083485793862, 0.45888961608940115], [0.8572576147897628, 0.48292808151773786], [0.4635192259752931, 0.9067401264503765], [0.45407801710316853, 0.9259243874833852], [0.10078819026746527, 0.9973345084626519], [0.47261167677238697, 0.8817544771227007], [0.8490752437790815, 0.48626136913302603], [0.7800669235676285, 0.5461007561133874], [0.7168856630570705, 0.759282949079606], [0.0899593750909202, 1.0037719248316097], [0.12333996115571925, 0.9769306333388111], [0.18645166972194055, 0.9324685699951247], [0.20051642796376973, 0.9296896865116523], [0.8072313880599841, 0.516789931404754], [0.1258860474088985, 0.9692159976237086], [0.6243486622949116, 0.7742589982280467], [0.7774614320049571, 0.5755628176346838], [0.7897073242592644, 0.5384097678964292], [0.5403192249932725, 0.7820732193503015], [0.07102823430169378, 1.0242660691543686], [0.7278456445762642, 0.7564931010079696], [0.17784008033826065, 0.933652244287897], [1.0292973935063605, 0.060097100569608486], [0.9358070396912217, 0.1688078291298666], [0.9307745847773035, 0.20082322152101734], [0.0782519795750286, 1.0151462419850104], [0.7947435281797972, 0.5273661966032133], [0.14382129903516427, 0.9548780314713801], [0.7746873741477365, 0.616620503776429], [0.5120273108779856, 0.8024852411063715], [1.018214231741753, 0.07547639227884934]]",0.034410,15.15
TNK,MGPSO_feasarch,20,100,0.005465,0.006159,0.773161,0.004322,0.788974,8.0000,100.0000,"[[0.9676607829376923, 0.12620034317989579], [0.8019928264448718, 0.5141977408426527], [0.9798906511532075, 0.11734516276030287], [0.7763380165437435, 0.6098122932874754], [1.0080227855296908, 0.08631717470732735], [0.8250394284126232, 0.4970411673265329], [0.8119562009524797, 0.5083732262137164], [0.9633739744060266, 0.13505349245129214], [0.787555131950443, 0.5296501923742594], [0.8693023882160333, 0.47783317617256915], [0.9846179481062406, 0.11192740048306417], [0.7859886626385378, 0.5369349341406935], [0.16350278061562606, 0.9402911954774114], [0.49043501481557894, 0.8536545652122854], [0.9379134189582837, 0.16528551468062913], [0.14050377552940171, 0.9544672690835629], [1.0039224820779666, 0.09041156354187577], [0.459654915062393, 0.9143556036294515], [0.19724069355942667, 0.9299892980614822], [0.990452621818187, 0.10919303558646365], [0.04216137407260109, 1.0386081579148807], [0.9995733515478022, 0.09597201456667855], [0.5708339289905954, 0.7769999617369278], [0.1249704024921913, 0.969733117111739], [1.017569049019138, 0.0749597124775653], [0.4662080893364564, 0.8986002868039402], [0.8054315106141958, 0.5109711284114385], [0.08624270540612228, 1.0121575388942174], [0.8903983581445367, 0.46865827661455767], [0.8829003360990744, 0.47518618801507845], [0.9329590880680426, 0.18493393369532402], [0.14790253249068855, 0.9505716567105609], [0.4806943201977548, 0.8601921623076849], [0.7952592944968055, 0.519214620925208], [0.5919645532140797, 0.7736253265437288], [0.70881902625546, 0.7650572373979234], [0.6929751122259518, 0.7674537406552022], [0.5022443940712293, 0.8254121403616195], [0.5372872955115088, 0.7864570967562073], [0.6705747332905773, 0.7734058052289282], [0.765803266833553, 0.7221391531564132], [0.10542673906010619, 0.9940449160286418], [1.0403313896176514, 0.04480937112449912], [0.7779290753781329, 0.5652384095670036], [0.4942385609035822, 0.8412076664967851], [0.49696063556607806, 0.8274878591744581], [0.5568880385619672, 0.7770130618489546], [0.45719396401077683, 0.9152012920674226], [0.772531729387817, 0.6556647504190665], [0.47217670945088974, 0.8808289401230875], [0.4925205816161018, 0.8424243235298872], [0.9349862979662863, 0.1733014615090096], [0.9134530075740975, 0.46039546714675816], [0.05516349777646233, 1.0325799273921676], [0.8601889767581428, 0.48315782019819786], [0.9298723495697391, 0.1910369894537834], [0.6795795822370767, 0.7702084350014067], [0.10990719107926117, 0.9841137776678115], [1.0319905590868723, 0.05713048650443833], [0.5474872535312583, 0.780759201418836], [0.7490588569332212, 0.7461696786175467], [0.9942308328963376, 0.09996694270388512], [0.7659004178299187, 0.7037604409006164], [0.9465702486854696, 0.15241824831780768], [0.15409468835456888, 0.9450138735721088], [0.47106916666326737, 0.8894574091044042], [1.0292091280456666, 0.06216310778191089], [0.9261098404162983, 0.45991257811354647], [0.7799453497706709, 0.5537021578114205], [0.11705473483145018, 0.9788819686075004], [0.05058384236478598, 1.0337234433367033], [0.7749661152759786, 0.6402179852291915], [0.1864310529340643, 0.9331763091892687], [0.5264321062619801, 0.7989764834401569], [0.16790576214187342, 0.9363296416047963], [0.06503589774554805, 1.0264014047206662], [0.47461485911279444, 0.8762249782228594], [0.5080998836635781, 0.8188057359187673], [0.958598315310722, 0.1377348687022214], [0.9421813500593619, 0.15836569621256696], [0.5143505190731528, 0.8014963790722205], [0.7920352594932183, 0.5244216037773746], [0.0886405109652143, 1.0043331440334273], [0.8184241529763205, 0.5004784783038383], [1.0233785963151845, 0.06901866072878976], [0.8453914491410646, 0.49645188600493856], [0.10033666280139308, 0.9981787692141812], [0.08204551443117836, 1.0136397314514833], [1.0356990058326352, 0.051480113847069596], [0.0733238112676827, 1.0239531181033783], [0.9554663648679217, 0.14127760993393781], [0.09414651888781612, 1.0012985502646994], [0.13459350740339593, 0.9620905902220166], [1.0127725661015925, 0.08244071054772739], [0.9735681541592793, 0.12479749510632744], [0.7522564564855887, 0.7360188021939992], [0.8505475018195604, 0.486183150196334], [0.9099019316594492, 0.46654500497457735], [0.953539839380661, 0.14657125398775953], [0.7421192913470711, 0.7511328425516454]]",0.036084,15.79
TNK,MGPSO_feasarch,21,100,0.006095,0.005837,0.710833,0.006491,0.774720,6.0000,100.0000,"[[0.47995449090214437, 0.8640559952421776], [1.0316913624154262, 0.06366826282423144], [0.9322538076810448, 0.18046209866267576], [0.845624432803193, 0.4944082071954581], [0.09266824412793395, 1.0022584807160144], [0.9295222145879523, 0.19405338767517688], [0.9107012882286112, 0.4601414151118387], [0.1104318667159367, 0.9856402721400648], [1.0059444633241132, 0.09372602351079279], [0.7923157588226841, 0.5272103954796251], [0.04597742303518991, 1.040702644729683], [0.12303806028455849, 0.9717169760196789], [0.4906369183678348, 0.855714729072257], [0.8068715845426546, 0.509908825101439], [0.7853923263930815, 0.534331477840657], [0.959053939259719, 0.13544977532803185], [0.10101624309181167, 0.9999665736367752], [0.9783652798655322, 0.12003453790638732], [0.5263863398451121, 0.7940101231885301], [0.90474142537592, 0.4692537767721182], [0.06431315165746969, 1.0256349045106639], [0.07561591408446482, 1.0161318981423242], [0.49863018903192274, 0.8285446413841718], [0.9698793117736659, 0.12873162005232164], [0.8383459993954986, 0.5010913615510504], [0.7264691299178896, 0.7667718115437452], [0.5862168668578216, 0.7741804371517254], [1.022354230807076, 0.07274904931316567], [0.1678089824341955, 0.9384475342787683], [0.08788628498551865, 1.0091557054606208], [0.8681127317408115, 0.48143115251347796], [0.7764918179287674, 0.5869624377233988], [0.14132641533932286, 0.9544803817346054], [0.4787742911261329, 0.8831270898064192], [0.45966129334391137, 0.9141476429058382], [0.5439287563918664, 0.7892665785446703], [0.13153679265632678, 0.965205627701645], [0.8462508538343103, 0.4904094228024635], [0.9555871985305417, 0.1451654980830202], [0.9306470985644425, 0.18623545262298957], [0.08233336013318276, 1.0104362357975945], [0.9677813834422617, 0.13317224423026247], [0.05488833677033863, 1.0392669783155597], [0.8812685272263712, 0.4734385106264958], [0.1592308946676858, 0.9445302582521566], [0.07553049154926365, 1.0239230830976491], [0.741356975682403, 0.7479179976290471], [0.9442607030837213, 0.15399376908065093], [0.17937133387110687, 0.9382870414321338], [0.4796035573976897, 0.8667152548590269], [0.18334936795131432, 0.932572500502979], [0.4660839978221991, 0.9005048401233784], [0.05985695420295423, 1.0328515475521947], [0.9282749684436199, 0.4484590121691032], [0.18984741329472704, 0.9309918661304949], [0.5039803450762899, 0.8158108381267841], [0.9933367748416495, 0.10561557323400383], [0.1495132634987243, 0.9477469882622409], [0.5468010667630863, 0.7816175143364861], [1.0130643510470332, 0.08618963964274992], [0.781144109411843, 0.5435841702687131], [0.7600332832771184, 0.7190603007754988], [0.118947257591347, 0.9774219756448688], [0.7462938914870696, 0.7461027552978543], [0.14827170467879425, 0.951934851681939], [0.8105567816305976, 0.5067744259266866], [0.7669770514920659, 0.6961735503669951], [0.8911579347218853, 0.4713431597863197], [0.13718830597693848, 0.9636302324125178], [0.5667664285846212, 0.7771413160354614], [0.7624580928592662, 0.7190075706898195], [0.7967706114462, 0.52308468236748], [0.7782014779671229, 0.5650211416038392], [0.5071096969501802, 0.8135270984489844], [0.8608022562050421, 0.487218120679871], [1.0191359828004145, 0.0783575733807671], [0.9251209181883109, 0.4573537026264908], [1.0391712314908166, 0.04447884143487646], [1.0328985698595856, 0.05238067270184423], [0.9406227686767454, 0.16550165847712953], [1.0247910938978937, 0.06534172470835797], [0.16299991184350682, 0.9413952886425733], [0.6763779908322886, 0.7720067041435964], [0.9851965121238393, 0.11758566293789798], [0.603400351914098, 0.7738330398910891], [0.9992022788105506, 0.09957565836481647], [0.9509053884634785, 0.15051832557366146], [0.4563300346764956, 0.9173176524729794], [0.5691095684922021, 0.7764623208248544], [0.7754917232471191, 0.5903532786310745], [0.9396062848070632, 0.1726454858735674], [0.8289117193253841, 0.5046374766225896], [0.7744893565552748, 0.6050293180360888], [0.939012150260039, 0.17950040023653172], [0.9869219544236087, 0.11045917149825779], [0.6558780292678874, 0.773386874998934], [0.7571378921645935, 0.7370798565977386], [0.4705684457050967, 0.8843540781223044], [0.5088515941777165, 0.8084986309495433], [0.7740237512493218, 0.6571822328894344]]",0.039531,15.27
TNK,MGPSO_feasarch,22,100,0.004797,0.009331,0.823246,0.004655,0.735302,7.0000,100.0000,"[[0.04488379230304684, 1.0397129621603975], [1.0294369893689583, 0.060103859522751504], [0.8956729041474929, 0.472835310049608], [0.8772940041598002, 0.47597165040277184], [0.6663675857826719, 0.7742814173325883], [1.0227320069946102, 0.07151143101478838], [0.08310255059057986, 1.0115238877262183], [0.780641196858517, 0.5480584346300645], [0.7202842007748401, 0.7602492443989007], [1.025985653838939, 0.06493156428739089], [0.9442502652081872, 0.1547432444586039], [0.7136913063811641, 0.7623842881765182], [0.525141166261199, 0.7913128250411792], [0.9111293601368803, 0.4631177124603957], [0.9844095720270782, 0.11410720335947602], [0.7616940370564436, 0.7172247699859255], [0.9919456896221515, 0.11023939427042784], [0.46746264345261046, 0.9039019650964701], [0.13754046748696655, 0.9582312262498344], [0.863507787557258, 0.4809507489524865], [0.9987108739960255, 0.09550357961991732], [1.033574611165317, 0.05143480588688857], [0.5869265881894924, 0.7775013417297302], [0.9295159562813619, 0.20429815688566372], [0.9713733480756649, 0.12678985068546034], [0.9578020928793562, 0.13693620710200116], [0.9304759344980561, 0.18521875446644687], [0.8229130381160371, 0.5013990355033316], [0.5043407812379325, 0.8201063751467899], [0.15151896359837985, 0.948830560790259], [0.7948694208053686, 0.5250348745764176], [0.7365245706427727, 0.7473998208096908], [0.6318587412133823, 0.7747535418486887], [0.814834166428684, 0.5055892718392803], [0.4583245910068249, 0.9159810819275114], [0.523249948881353, 0.7951338863855858], [0.11355786658686212, 0.9802034148750447], [0.7870278974513437, 0.5460347325332402], [0.9351244502338715, 0.17319135645396944], [0.930336780402353, 0.20315168184389182], [0.7409798908661847, 0.7430738094094929], [0.45523217290885143, 0.9295071462573213], [0.4913773965115355, 0.8410656586573149], [0.7464358338962317, 0.738770728898258], [1.0097731553226366, 0.08493236865216847], [0.7802657402759499, 0.5748607543024882], [0.08802785124795645, 1.0051165019654662], [0.46552952097445, 0.9081701891839907], [0.1237925780565019, 0.9698128643732425], [0.4764595938796302, 0.8718180740021615], [0.8006920539929347, 0.5167720319341972], [0.05031867150009128, 1.034144875464555], [0.44865303203802476, 0.9319174706283369], [0.5121166908468929, 0.8113713428461357], [0.6048455567866602, 0.7769442788990104], [0.5515574326475778, 0.7790979050873879], [0.7730154760134313, 0.642042102132056], [1.0037410191746474, 0.08941457351507026], [0.9009071432242864, 0.4635147242514033], [0.8077290877367507, 0.50828956160055], [0.479847161762606, 0.8632416139411789], [0.7669215687526151, 0.6965691501089193], [0.7771609447990733, 0.620069622522121], [0.7772824379160512, 0.5859030834531778], [0.9518636245512437, 0.14764977775127408], [1.0386587396892164, 0.044594354998102374], [0.7747125864138205, 0.6326229702263161], [0.48609052213150705, 0.8568590504117038], [0.09576629500301717, 0.9992453732815689], [0.1348378566420002, 0.96802662820953], [0.836046621004395, 0.4918996844880452], [0.0746056763082577, 1.0186459152737144], [0.4754677615746128, 0.8856152278084359], [0.7904389080994162, 0.5279522272877035], [0.9388316115325209, 0.16478142479146124], [0.18073821649508515, 0.9369527139376832], [0.9243644581847769, 0.4504428280891905], [0.11332943128715245, 0.9898723076174563], [0.9780686347009648, 0.12047544109010924], [0.5451227572430742, 0.7840086386782869], [0.06017056954650868, 1.030651768505696], [0.8446492166414773, 0.4879065830189016], [0.15996384493497517, 0.9452816463717147], [0.9672054503292682, 0.13216487909406224], [0.7701367526669538, 0.6808607134127638], [0.7690976059515484, 0.6921830325575201], [0.1437130912455692, 0.9521373715626442], [0.10301799445765801, 0.9915201058668983], [0.18918448689478232, 0.9322536779304753], [0.7543638670433863, 0.7259550921323372], [0.9156603391646865, 0.46090558231336987], [0.16388693791221878, 0.9383113128827245], [0.8867769013679241, 0.4733812324132066], [0.06917606172550875, 1.02301031415472], [0.9953800139069763, 0.10257674208589768], [0.8476795268565762, 0.48606549048640335], [0.5206181063762, 0.8069987337848585], [1.0135269800167308, 0.07868218103904318], [0.5344190634263419, 0.7891741462299027], [0.9562292258872606, 0.13853431105648606]]",0.039856,16.33
TNK,MGPSO_feasarch,23,100,0.005551,0.005700,0.606038,0.005883,0.797801,13.0000,100.0000,"[[0.8763815262864203, 0.47590245649370705], [1.0335908579298574, 0.052971171071550444], [0.8054633698061736, 0.5127911966229862], [0.09727415642868806, 1.0002398161121193], [0.7339216765801865, 0.7554149500029761], [1.003111692538521, 0.09528516386506547], [0.6811985456371942, 0.7698592715477154], [0.9311751449606358, 0.19800996957760422], [1.011680148306765, 0.08271338655389429], [0.9559949673798491, 0.14024956911981773], [0.12387350581164047, 0.9749413963787322], [0.4901544255397042, 0.843342547234508], [0.7700828086321077, 0.6887921870793952], [0.056166181305294466, 1.031066978012728], [0.7737274247378798, 0.5968844714096], [1.0233942315386053, 0.07133050113568558], [1.0159051541139124, 0.07601707788029385], [0.13311419298697316, 0.9615234308969566], [0.48745603721351194, 0.8488456315617352], [0.5070890912761172, 0.813896313947136], [0.11893843346431651, 0.9786031037671992], [0.10412850508420271, 0.9940132816519655], [1.0375597118917068, 0.048047517417947716], [0.935046369776906, 0.1897858197217247], [0.9763066202320478, 0.12337647115826289], [0.06765037510013873, 1.0233133293455436], [0.479936396556623, 0.8643999177705144], [0.9639725894214706, 0.13160709963493644], [1.0277661931345698, 0.06562160365484676], [0.7842134483621862, 0.5500810291746885], [0.14768409487150994, 0.9501502783715687], [0.8264398413967646, 0.49604015596290574], [0.08244082396547488, 1.0168625560004325], [0.4969435336047069, 0.8290967095909613], [0.5795737334496391, 0.7779688840062918], [0.664111441585861, 0.7738172645964669], [0.4919776152119376, 0.8361654600566897], [0.7932405207386889, 0.5315060758371469], [0.8862601618805744, 0.4713557225859769], [0.14043272355054334, 0.9546033812547916], [0.0909570000301144, 1.0072207953070151], [0.052363354017597175, 1.0358731424293435], [0.7773212348709337, 0.5687389795541774], [0.7271325445782291, 0.7562781535982134], [0.5125463249561528, 0.8114530287137134], [0.954761402627371, 0.15069749268866162], [0.4671269897577922, 0.8979026216965942], [0.11626230846853142, 0.9826086838676217], [0.757397106408797, 0.732249350839947], [0.17070750405709567, 0.9352526273773156], [0.7737072585431768, 0.6025481557837016], [0.5150677097517242, 0.8014289597925564], [0.5019847989149424, 0.8168296920470776], [0.5337552876691223, 0.7907265938387564], [0.07310598505821743, 1.0181025507840313], [0.9858365395743515, 0.10900171313210799], [0.7735813008654708, 0.6459412254454451], [1.0295559532339988, 0.059329690933984436], [0.523955113973671, 0.7910303615099243], [0.839018141117256, 0.4945334916008278], [0.1913090539784154, 0.9307448653469899], [0.12948331883452974, 0.9651323024422764], [0.8395977976055295, 0.49033941649037993], [0.8046845003982046, 0.5247660771650533], [0.9354970372572037, 0.17096443753807147], [0.04572843434602801, 1.037511977075042], [0.5893259248231685, 0.7739679404390784], [0.7626529323320979, 0.7147051454896435], [0.9966745507014932, 0.10016748351649034], [0.12504051717087872, 0.9701783162963863], [0.5519044173815275, 0.7788682516522863], [0.7747941035298664, 0.5822748537752226], [0.5433720683699265, 0.789172344881164], [0.15776644245021015, 0.9455748138384233], [0.6963446983591992, 0.7683714988406395], [0.10761685848064578, 0.987175717477673], [0.08394246894696317, 1.0098222264542218], [0.06315936043844442, 1.0283552944804524], [0.16412807904248428, 0.9405004740090135], [0.46053428687982834, 0.911941451123128], [0.9178853133012823, 0.45664587948106566], [0.52134874125661, 0.7973146620013454], [0.9811046902585101, 0.1159909531007483], [0.8541693155758424, 0.48477028158666263], [0.8174159698184107, 0.5038785600483233], [0.5437364251857205, 0.781055207625731], [0.9439712733642037, 0.15800928170777917], [0.9925966631583196, 0.10460625340272144], [0.757914838711766, 0.7297978432171985], [0.9422037375349672, 0.1673491430567456], [1.0077170237770487, 0.09360064975096785], [0.7812122547174651, 0.568145112251303], [0.5962130620333228, 0.7738741325086909], [0.9048606498600064, 0.46818569120316067], [0.7957475925054927, 0.5287003280064475], [0.7137806658231682, 0.7613189431856767], [1.010789096694742, 0.08729943884545843], [0.7844279167899021, 0.5435945990710863], [0.7656433418843368, 0.7099852302793931], [0.9192039980631155, 0.45628261232628414]]",0.034593,16.89
TNK,MGPSO_feasarch,24,100,0.006316,0.006613,0.873472,0.005902,0.797524,6.0000,100.0000,"[[0.7757124474642085, 0.6553798834693789], [0.9284511530393068, 0.458509061729186], [0.4715034788799272, 0.895601171719242], [0.7736811703245929, 0.6689931339782803], [0.7318746949880093, 0.7592929679692222], [0.19271474540368563, 0.9312968012657965], [0.7710969216754078, 0.6752661582376174], [0.7825828577601415, 0.5404451451110626], [0.13239403276959738, 0.9631596893397871], [0.521287878310936, 0.79989808247856], [0.08861781637291899, 1.0043452200584477], [0.9845524893497051, 0.11321320453187413], [0.9884631799944614, 0.10497009433360845], [0.48459119407831014, 0.8609667261213719], [0.7465357732400073, 0.746551480089451], [0.4959762844872077, 0.8282907973710619], [0.7679679775122411, 0.6900530262356925], [0.9301486598960984, 0.21098761185753986], [0.5152545546996302, 0.801801274013479], [0.4575865681606733, 0.911355139812228], [0.7210188255244595, 0.7641525873522343], [0.8611975695404757, 0.4819918399187909], [0.9360595921662413, 0.17080360532292588], [0.14931885512092447, 0.9614766956321611], [0.7758726894279389, 0.6092300079438038], [0.17110645546294664, 0.9349939416980764], [0.9774743197559037, 0.1182466469197363], [0.5600840197996824, 0.7797430925768696], [0.8986225408318864, 0.4672660228105214], [0.790915514942623, 0.5393882039928435], [0.10904598932551979, 0.9878381649947761], [0.7765105618748831, 0.5622935883392748], [0.7924969828604557, 0.5300570385175921], [0.5443727275433857, 0.7818775795681652], [0.8705015221251616, 0.480281600855191], [0.4923476305331763, 0.8404960146329958], [0.735032867033658, 0.751422045542044], [0.8436927234325686, 0.5008153725123654], [0.45465550022258283, 0.9266632077144619], [0.8557919825827244, 0.498588121801786], [0.9489193828329369, 0.1490887955377873], [0.5821968113959846, 0.7741073297524304], [0.967284773207146, 0.1298884715353375], [0.7788047106583229, 0.5522091576645004], [0.8121966188027399, 0.5089118450740577], [0.782150820256144, 0.548803084637379], [0.9348540172233797, 0.17850004497614053], [0.16320142948616223, 0.9403294710920727], [0.8412429426022462, 0.5072439678758802], [0.9275997945611159, 0.46019652886713325], [0.9046675497459518, 0.4634580812468822], [0.15787316246957528, 0.9442097961356779], [0.7471320292568618, 0.7397500531430717], [1.014155494957891, 0.07783691118822338], [1.001276389871534, 0.0932524067278203], [0.9566887730024483, 0.14104586727381335], [0.7220095206776359, 0.7596354776041521], [0.0759815918750594, 1.0166518972915153], [0.05751995189817133, 1.031493664503175], [0.12260178670257842, 0.9719520089749674], [0.70124020143236, 0.7653817246338375], [0.5299636309117449, 0.7998692188299955], [1.0362050300355787, 0.04716886034285506], [0.8565464016068081, 0.4902506026042164], [0.18306158143029536, 0.9318347279243151], [0.07018974977916398, 1.022142060675249], [0.05075890573778466, 1.039549922450299], [1.0085889415318312, 0.08470901497568446], [1.0043870246675128, 0.0897039607511724], [0.8938774856814471, 0.4695732885198609], [0.4966578528434657, 0.8260453677979339], [0.05431510052905629, 1.0317007214469742], [0.4895917898293882, 0.8409025898607949], [0.996184692789464, 0.09857551800648928], [0.14970700240040696, 0.9522370506858109], [0.9590005806174733, 0.13524528412079947], [0.4669505432570786, 0.9089349661618983], [0.9307018794747671, 0.19659061548416873], [0.7547692747010021, 0.7316166247867946], [0.1031888187281085, 0.9919265238724022], [0.48353441870978453, 0.8909198448938966], [0.12192619779203263, 0.9863935489777481], [0.06587223700977728, 1.0238634753220939], [0.12640881248781183, 0.9688256538197106], [1.0201295018773913, 0.07195085814607968], [0.7641325968698256, 0.7060095454638002], [0.971888083468557, 0.12320956271094713], [0.15157642515572456, 0.9482700426219802], [0.7975411852932317, 0.5215921540066398], [0.9470598968253445, 0.15556477803155044], [1.0250432340454116, 0.06817658586758746], [1.0382008904706996, 0.04226498141268113], [0.7414879694915099, 0.7507943849626775], [0.5734869720647161, 0.7781105762130078], [0.503284688774459, 0.8160387541408373], [0.8775819739049247, 0.4761859481401468], [0.9327969807420157, 0.18817388109605865], [0.5420594703340409, 0.792548143449167], [1.0301923629475647, 0.059956883446527526], [0.9420559902139902, 0.17019920970531327]]",0.045844,16.40
TNK,MGPSO_feasarch,25,100,0.005014,0.007889,1.003693,0.005042,0.740658,8.0000,100.0000,"[[0.9969426164543362, 0.09755502373079344], [0.8113254419873115, 0.5094822855069027], [0.12597644595218913, 0.9696018262213497], [0.9689831817373085, 0.12450135670087942], [1.0370883375010356, 0.044539973736709475], [0.6858155833616886, 0.7688878490930054], [0.7569146206769873, 0.7302247903530832], [0.5990247231976318, 0.7733889324387353], [0.07574554589296752, 1.0164802509325164], [0.06272654789430743, 1.0287107249929877], [0.4559319348520782, 0.9151391500693472], [0.5022104776390088, 0.8200850791004426], [0.09034773695699394, 1.0078562204184727], [0.7938497200031386, 0.5248443447917231], [0.7401427181475408, 0.7485800749456354], [1.0133416749219142, 0.0803687203773148], [0.11283561002853265, 0.9866919765269409], [0.5667964356760009, 0.7807093114456871], [0.16656555155872224, 0.9369457711568088], [0.09509351847753611, 1.002107127199116], [0.46084870710866077, 0.9120311148860925], [0.8366789743658569, 0.4910056595510639], [0.11970610280566861, 0.9737858250279102], [0.8528499404587584, 0.4844299381482326], [0.14870697237984726, 0.948661029512574], [0.13067957092359223, 0.9652535815838059], [0.7663486355122359, 0.7069145229463291], [0.9326969831353674, 0.18665782884379273], [0.9268732475431614, 0.44883713770468997], [1.019090604880283, 0.07179796582067632], [0.16150525736562413, 0.9446207199342761], [0.4530289204657255, 0.9263660233837383], [0.04423695412883277, 1.0403791501541055], [0.9305175707401996, 0.19488458269293862], [0.9761611162924123, 0.11880804064304354], [0.13524081183950562, 0.9591248560642623], [0.9422104179958375, 0.16153913885125776], [0.8462762122318666, 0.4892933176490152], [0.7738424745790125, 0.618873708270255], [0.7734290875277399, 0.6468327070765443], [0.19006476873199, 0.9297659551715202], [1.0291806388136215, 0.06347870893609758], [0.17513672361493937, 0.9339416649117818], [0.7292893276616006, 0.7607805439900543], [0.7814946382144229, 0.5545083854290841], [0.9855756880472548, 0.11047762495776586], [0.09841217855245281, 0.9962874676043044], [0.5103400336851072, 0.814320445597738], [0.5221952314621172, 0.7923605996283731], [0.7713013986393307, 0.6900966877974397], [0.9124720270870689, 0.4599161801349394], [0.6325000844400419, 0.7730640834978281], [0.08272440334325748, 1.0117042018871734], [0.521746843068913, 0.8032239795746743], [0.06802018579825617, 1.0239222975124753], [0.10535538765227834, 0.9910252534001032], [0.11635724965605417, 0.978873533233748], [0.5427364259448673, 0.7853090163999903], [0.054128691647187074, 1.0323515101035659], [0.7768449496352889, 0.5719812974409655], [1.0335165278866603, 0.05269242649333214], [0.537246520352268, 0.7863359416682685], [0.908192891533806, 0.4706957733676887], [0.4881572353327198, 0.843509623772784], [0.7749967105690365, 0.6044909780428115], [0.5726760234321843, 0.7746328354005421], [0.8874873091601402, 0.47210458914420284], [0.4659663970288074, 0.8978967237579942], [0.47578133712884335, 0.8826364177894812], [1.002019363564545, 0.09114971004361609], [0.9216041916376324, 0.4574685883753314], [0.14497343683185698, 0.9578529440970746], [0.8191342987843349, 0.50063291832121], [0.49385458929283105, 0.8306930842826348], [0.868224105139362, 0.47781200682935426], [0.4844943054327636, 0.8575537461030629], [0.5526861806672565, 0.783310039985226], [0.46974322180330397, 0.891656628529204], [0.7492516689616767, 0.7467448903711472], [0.9905874830968548, 0.10427070542722944], [0.186090840534204, 0.930671306120414], [0.5156957551527376, 0.8102085346086478], [0.7858915089510762, 0.543256353451409], [1.0090422432967405, 0.08737048011805337], [0.7172382898677307, 0.7612902228606743], [0.9364373490613458, 0.18149844943385618], [0.9505521153447011, 0.1548803244493237], [0.670639951168782, 0.7715520514876075], [0.9523755251552285, 0.14459040616068708], [0.97990868290375, 0.11705375657830792], [0.9613825367016826, 0.1326236833238279], [0.7155438430232149, 0.7639948722680323], [0.9572388203376424, 0.1387196454308994], [0.5305319991187293, 0.7918498676455776], [0.05102255796058437, 1.0365340706127273], [0.789452336057869, 0.5344018555746682], [0.49374584976655783, 0.8378882604241724], [0.9368481018321526, 0.1676202645703428], [1.0237503244961426, 0.06784945675248172], [0.7991648262241557, 0.5162675790745379]]",0.040499,16.61
TNK,MGPSO_feasarch,26,100,0.004645,0.005071,0.790204,0.004379,0.762613,9.0000,100.0000,"[[0.4715514108422969, 0.8831879059741844], [0.9425005626014217, 0.15846278931187224], [0.15196689954770087, 0.9517443790574768], [0.9532237525263274, 0.14511565349843392], [0.46628487232424926, 0.9068279263654876], [0.5833404766107679, 0.7767508103293368], [0.0515388460981257, 1.0345345366345453], [1.0155669815887127, 0.07714387970310228], [0.19399303745735252, 0.9315269325329505], [0.04726306276832239, 1.0429803657477528], [0.4916535910285186, 0.8385131150615219], [0.7488127521334571, 0.7389376089515771], [0.755242452494167, 0.7336026620671687], [0.48464250402070763, 0.85505183071621], [0.13479161704737364, 0.9664609830619718], [0.9292322545067089, 0.19542891281860014], [0.8732077830085582, 0.4794401427445282], [0.05601877813472203, 1.0314107331577007], [0.9506547576686749, 0.1522219948555648], [0.9760624236803322, 0.11739064992326473], [0.9959438475715889, 0.0983985102997351], [0.8631188771789156, 0.4833020463320633], [0.09397939737060576, 0.9997868655970866], [0.909225785442291, 0.46396122782236193], [0.6976152433995582, 0.7683860251393713], [1.0199596189574087, 0.07036813979019182], [0.7901568763788451, 0.5373679263840775], [0.7792838938394484, 0.5528724930276171], [0.47062270361796754, 0.8895742178786994], [0.6690362995926313, 0.7725970499835368], [0.9907001979385818, 0.10383843877225106], [0.07871655278144167, 1.0142644626630464], [0.9332753525141428, 0.18937237300556028], [0.1041712264518376, 0.9900260191169311], [0.4755831188534753, 0.875104618329154], [0.1374476333941989, 0.9581967788727622], [0.8200076015882864, 0.5034502042343099], [1.0273309883231163, 0.06431857164246231], [0.49583586813275304, 0.8313335139973145], [0.8934269553348755, 0.4675088527130836], [0.9731963556616687, 0.126717596161675], [0.5405515352969203, 0.7861228666887796], [1.001455664527503, 0.09171141045783276], [0.15443587928678884, 0.9442691376730901], [0.7408037233381715, 0.7432077295180669], [0.8471145349835149, 0.48875737726103907], [0.49008322741575316, 0.8461187125133162], [0.12634903858094376, 0.969096331163329], [0.985902558180675, 0.10857382432504892], [0.8361946443038822, 0.4945694047678171], [0.5482846198117932, 0.7793489429083769], [0.853052678829679, 0.4855205778632644], [0.9601828604536587, 0.13624312782899084], [0.9664738445743386, 0.1280318311327148], [0.47981097040150117, 0.8651686412520113], [0.5944637759350089, 0.7755224972782511], [0.0874375220357695, 1.0087931713852218], [0.20049847467171156, 0.9299070239373919], [0.9158934944661774, 0.4571856611981063], [0.7754818174541778, 0.5693162288948931], [0.12127570847586921, 0.9796655169030091], [0.1691967861758601, 0.9372586513892425], [0.7360340225509451, 0.7534028985536178], [0.5989824653393683, 0.7733233953049801], [0.883069251753795, 0.4750749433671041], [0.14277546390361417, 0.954269613808864], [0.5155481667795655, 0.8117032259934596], [0.7735517322197951, 0.6736790546768274], [0.767472331142866, 0.6931091541572103], [0.7091834564289516, 0.7647349298434074], [0.16293130606292427, 0.9421838940841956], [0.9345192142946475, 0.17904031565549156], [0.7631488413223392, 0.7144455092571853], [0.11137043793707326, 0.9858508296915212], [0.7737397673124566, 0.6088811971362006], [0.528317824435373, 0.7899151718967122], [0.0729802521254953, 1.0199993441163178], [0.5177895746440204, 0.7973352767463114], [0.8028431378527083, 0.5170070708751366], [0.06533320012343494, 1.0242195962016993], [0.5007664651175688, 0.8212366064426935], [0.4557619106574612, 0.9172517540235691], [0.9355398956045513, 0.16933699786463519], [0.7780499799122811, 0.5647468492721934], [0.46002230162233976, 0.910271613756954], [0.9276979381348729, 0.45255706886341185], [0.8108836891345826, 0.5079854826581898], [0.8333402951813665, 0.5028083389928937], [0.10034290684856889, 0.9959954267471218], [0.17373521587124216, 0.9340914350935243], [0.6858294289898585, 0.7691457981045504], [0.7119993847676591, 0.7615108994876514], [1.0402055275124336, 0.04608971136825846], [1.0087381660575887, 0.08739257803024861], [0.5055570206015915, 0.8178921023094035], [1.0358349020160948, 0.055780501626518], [0.7848863062300655, 0.5432347545432461], [0.8978799546609213, 0.4652887140963843], [0.7722368415442272, 0.6819130767432681], [0.7274171501429634, 0.7614773703509408]]",0.025038,16.70
TNK,MGPSO_feasarch,27,100,0.005627,0.006132,0.943444,0.007632,0.790201,8.0000,100.0000,"[[0.9582543574739675, 0.13927568143707836], [0.8316205769379277, 0.5020768765401556], [0.9276621532983151, 0.4490856028128598], [0.9754163174844401, 0.12123989761084841], [0.0471549907919086, 1.036447288835865], [0.7929280074920639, 0.5418487281061211], [0.7319135656623381, 0.7584881085773003], [0.7632070030020016, 0.7185832674023922], [1.0232046130632522, 0.06867565950274043], [0.4650486056310822, 0.9057833713190199], [1.0172485464086498, 0.07964029168014505], [0.4656018712683737, 0.8956770242624488], [0.9366623937716164, 0.1678622739436732], [1.0051402907396616, 0.0925878088500422], [0.7704172470804507, 0.6756279364857389], [1.0346445911501367, 0.05360432585976337], [0.09964011411521576, 0.9970177517486679], [0.18449302520497418, 0.9342283380759042], [0.5139853441743456, 0.801664559169455], [0.9052638378758529, 0.46660045300780373], [0.05966843149662783, 1.0283399274435647], [0.5057322196309182, 0.8123038214241891], [0.4937450466200466, 0.8532627177476593], [0.8462457633594861, 0.49007883644519523], [0.5326635474817567, 0.7894374676308662], [0.5639808020345837, 0.7759045347214881], [0.9832882280074018, 0.11373454892655313], [1.031942735645263, 0.06110601062848933], [0.48023766609794116, 0.8613928509701223], [0.8016130861431758, 0.5265505181636606], [0.7715541251341209, 0.6724495507030882], [0.08012001163448247, 1.0128900061688881], [0.9961347560549239, 0.09705809935865803], [0.7207811777931468, 0.7603686232900676], [0.12166082517211455, 0.9737317074306389], [0.7601527905737191, 0.7186441912728229], [0.15930010755280333, 0.9516288138605746], [0.18940385638965185, 0.9304572739417085], [0.4769755066971649, 0.8747117391714581], [0.06623012727664523, 1.0241249876212586], [0.8062398296836427, 0.5122997374172167], [0.49449955829449255, 0.8521243238666956], [0.9193237020698763, 0.45458634768276784], [0.7945011865122398, 0.5306296193040057], [0.17177500023418749, 0.9365830373779965], [0.6994953134558983, 0.7669836982036817], [1.0356450950936589, 0.0510392295875825], [1.0070523718321356, 0.0862490516997908], [0.08442010541338774, 1.0085633734785882], [0.5996968924044347, 0.7740021192382422], [0.9897672471264225, 0.10589768387259851], [0.6627307929415651, 0.7723609371514684], [0.9357195856505005, 0.18625678758467132], [0.13762349362795384, 0.9574093036391113], [1.0437457338072942, 0.04948549364553789], [0.7814717494402968, 0.5463225561383336], [0.8099633858832171, 0.5102385333229393], [0.1077162099811139, 0.9907218073541699], [0.746494443563415, 0.7377257121487493], [0.8423606328794184, 0.4995308844770624], [0.123177467124923, 0.971063037031013], [0.1431200149088695, 0.9536981875505369], [0.494885386423812, 0.8312385529742874], [0.8020964255084239, 0.5216968235185467], [0.1345777827850811, 0.9610703041020254], [0.7684865881250437, 0.7040366904318469], [0.7751919044189415, 0.6457429508183413], [0.9556641360560223, 0.15307306457174585], [0.04431588738314901, 1.0395045519685815], [0.11686044995997524, 0.9804535422757414], [0.4725621468098661, 0.8806322842023686], [0.7756430972437107, 0.6035661969562063], [0.5505782478619798, 0.7788364302735147], [0.16063990184222965, 0.9399526247704288], [0.4608564379006095, 0.9127207967874603], [0.9594416404960056, 0.1355880810203972], [0.8527946296907603, 0.4880666196710022], [0.9227297079661908, 0.4541465674305054], [0.13261372633218912, 0.9655898339408759], [0.9442116385357051, 0.15499126205255015], [0.4906876495551488, 0.8607512946229303], [0.887619920829891, 0.4796550723102167], [1.0203946782008075, 0.07002068833178779], [0.8147261061281986, 0.5089026066909278], [0.9145315535532405, 0.46454222975194037], [0.7768604434349191, 0.5633405004178358], [0.11028873499739461, 0.9862407854329518], [0.07423108210649838, 1.0169067537387242], [0.09546132823702869, 1.000515647984075], [0.8601417134183158, 0.48385057647597507], [1.0182060925029695, 0.07617665474567878], [0.10268572540347522, 0.9959021702878105], [0.8302945533040641, 0.5084691383682878], [0.09233796596383553, 1.0081496459319117], [0.4549354386890472, 0.9239971559395952], [0.9298188387988857, 0.19659050434888353], [0.9723339622049529, 0.1275335502323347], [0.5760053642975226, 0.7754029482739591], [0.5416055437968001, 0.781485640281259], [0.05602507759463282, 1.0339824763655767]]",0.041761,15.29
TNK,MGPSO_feasarch,28,100,0.006383,0.007967,0.926819,0.005768,0.780453,8.0000,100.0000,"[[0.48042806492476064, 0.8605458080570587], [0.07344584712090937, 1.0184355652671666], [0.9636368653374057, 0.13096853884834453], [0.7297326751793267, 0.7525368154581042], [0.8285176832240416, 0.5032317571602903], [0.13240139423922465, 0.9689939557707823], [0.7752417422675832, 0.5794133846062386], [0.621251198157273, 0.7736439957316564], [0.9049163676930493, 0.4616247563322562], [0.45897864750917716, 0.9269985170448667], [0.49892152752565727, 0.8433211389204046], [1.004473551180836, 0.09170172736517662], [0.7642173659786109, 0.7183764450525557], [0.6011908593426962, 0.7757376426013352], [0.8988888981019798, 0.4671092920742836], [0.48200573184618994, 0.857330954549524], [0.08561021633849275, 1.017032221790142], [0.05385534772131634, 1.0316480179819567], [0.9255693883483103, 0.460381778199232], [0.14588949554717484, 0.9550888157419444], [0.9528218500204809, 0.14247855725555525], [0.07096980265638253, 1.027087440156519], [0.9278970358279502, 0.4555273335100006], [1.0377206967426829, 0.04398116947383509], [0.9673940349979973, 0.12644250323361833], [0.12246506800411017, 0.9859626236362233], [0.7788099257283465, 0.5520044105315776], [0.9406966115800481, 0.16253008032852662], [0.12356936369054662, 0.976054786487856], [0.6868442957095569, 0.7719640763396001], [0.9426020842480323, 0.1582376470368073], [0.7856725133780815, 0.5337594165223072], [0.859145334418135, 0.48229205450603696], [0.9325711330039785, 0.17896796563887873], [0.9803112572508936, 0.12078644708748842], [0.4986278753301342, 0.8520825522379012], [0.19286994080177033, 0.9343267971875328], [0.5155313961855765, 0.8181307453746817], [0.932526933865623, 0.21699041308281586], [0.9503252903308246, 0.15472887953211828], [0.06283045920667522, 1.027705656788601], [0.6641793337691642, 0.7726603893840043], [0.4637275323301977, 0.9080095763615854], [0.9831199629014488, 0.11422026156348235], [0.5363423289077793, 0.7919886655126904], [0.7781933972922985, 0.556877619734267], [0.7736092589904104, 0.5872188235852126], [0.5182045129801459, 0.8031684003509857], [0.7711922946904493, 0.6858393009214561], [1.0349463640727246, 0.05815840058059689], [0.7939149626640748, 0.5299917785558121], [0.5788305227480004, 0.7778755046901462], [0.5012144341384868, 0.8240447505758339], [0.1874473672483883, 0.9346575617627142], [0.499049954905409, 0.8242705551718434], [0.5526897988144466, 0.7798338620903124], [0.796788073948158, 0.5183406923931082], [0.8068635102938013, 0.5125600876410534], [1.0191103995549093, 0.07172670736243865], [0.11836622068457847, 0.9868862112415264], [0.8919073197071107, 0.4682876086025871], [0.9879025954150289, 0.10652475249991208], [1.0357779617541953, 0.048756465334795496], [0.4729717702751351, 0.8907736606542633], [0.7549322434240128, 0.728606665768383], [0.10535189527542296, 1.0041619383001588], [0.8284857293553477, 0.5121380192586571], [0.052612921086742814, 1.0368726285934546], [0.7292217150207654, 0.757618697278552], [0.17614117400107743, 0.9372683184333055], [1.0341538952650118, 0.059670361844333025], [0.9733035404248838, 0.1210345826287959], [0.4603935782539803, 0.9216222311131779], [1.0288120420174935, 0.0663490316715345], [0.9355518791315431, 0.1697924519534679], [0.5726383527746237, 0.7791660299575056], [0.13517041086314158, 0.9639241382716102], [0.10580801415196725, 0.9879787425768178], [0.5518675923315834, 0.7887978049256485], [0.7662884889988825, 0.7105759169991356], [0.8782005500698473, 0.4753355657698214], [0.753287076587447, 0.7463731040422346], [0.20036725863767219, 0.9301783370574014], [0.9908565545763499, 0.10296809346963687], [0.4648521428009398, 0.8990147404132686], [0.7849553231080952, 0.5401273744953914], [0.4616879526447954, 0.9153880367999245], [0.15577795119554969, 0.9478169967967214], [1.0101455703278308, 0.0851000544113528], [0.08645963935923201, 1.0067118918956304], [1.012275212484611, 0.08179756898926027], [0.535163671272679, 0.7949682580135902], [0.7957815812634159, 0.5226944089516855], [1.015831094934474, 0.07784542068512329], [0.9970311774008197, 0.09765375013704865], [0.09423227793769345, 1.0050350789120734], [0.8467581912927797, 0.4903153580794549], [0.9521751879044665, 0.1470591624920545], [0.8388217950164941, 0.49437899230337695], [0.6534346150807141, 0.7731644227582295]]",0.041354,15.28
TNK,MGPSO_feasarch,29,100,0.005486,0.005995,0.672388,0.005624,0.762726,11.0000,100.0000,"[[0.07002235052012673, 1.0221907582121266], [0.11242639605114335, 0.9847173378253528], [1.0000247407359377, 0.09383222043604927], [0.7760061836553287, 0.5832376118237808], [0.05711142138119518, 1.0393382331378096], [0.5369155308251404, 0.7868145519540389], [0.4728885581664577, 0.8804521047574877], [0.49876539042507395, 0.8376868924731065], [0.9409420637661807, 0.15910606162547303], [0.49582019748295947, 0.8469674599141551], [0.10549864920546093, 0.9907382607245091], [0.7099411797197719, 0.7650343328925174], [0.7727965002224544, 0.6656276294410852], [0.9734783844026713, 0.12057506561957106], [0.46971483672995806, 0.8956660137595166], [0.08500855303052357, 1.0110935954430609], [0.7502591026295846, 0.7474716020925838], [0.11767499463673159, 0.9812193991906399], [0.4722245077788315, 0.8904730635139204], [0.6927443525667834, 0.7676674046156793], [0.13653329262301384, 0.9582227295428773], [0.9631074714718924, 0.14253192555589017], [0.06542255537010344, 1.0290398424256662], [0.1013478757630886, 0.9967307712016193], [0.09049642881883845, 1.0069910701777713], [0.8140772189659973, 0.5065588412444604], [0.4658626059693851, 0.9058241059944327], [0.6869977610779133, 0.7724745536350041], [0.8797412284647241, 0.473319962090912], [0.07950104741740119, 1.0177557124413787], [0.8229292190693148, 0.5063438858164458], [0.5522638466743214, 0.7800108130416625], [0.7587906371154198, 0.7341663752505972], [0.7176337268364267, 0.7617984082832576], [0.9315146678532467, 0.2057083284989385], [0.4795948526658383, 0.8740474633516383], [1.0247466738877147, 0.06887154224576253], [0.16946766839093108, 0.9356983366513246], [0.17586152763769042, 0.9347397697999051], [1.005289369201821, 0.08758985089016562], [0.7597878334265058, 0.7217878167413527], [0.9914099055454924, 0.10513493897779813], [0.8067284786649808, 0.5149080129646973], [0.05933667468087589, 1.030453846905042], [0.5774658721136341, 0.7792486107003098], [0.9829181395614552, 0.11816438797799815], [0.9543744782513498, 0.14411189714079445], [0.4855340836723053, 0.8512616654798224], [0.8291151321958167, 0.49466452596289034], [0.757337113178713, 0.7440807505646699], [0.7817157641222958, 0.5647351076999164], [0.9638050708387687, 0.13109149550332858], [0.5909169988494112, 0.7734792946727408], [0.4569918713412717, 0.9123079438889323], [0.9371548944996335, 0.1715462964271781], [0.7020286371070594, 0.7676611086580177], [1.0184155685068954, 0.07654839776780314], [0.4544376202285369, 0.9286047345046726], [0.7861129262044577, 0.5483821512911939], [0.7414517521419095, 0.7535361484902828], [0.518743613846986, 0.8026511628542767], [0.1957917132813971, 0.9316369605212028], [0.7708911028462996, 0.7135358653948767], [0.519802261601659, 0.7966886386524717], [1.027370735104089, 0.06379020391054926], [0.04794818591258007, 1.0410585933673104], [0.7834653024818241, 0.558813965356961], [0.50363288704411, 0.8335486041029118], [0.7932172494225818, 0.5214347492398614], [0.16517688987173973, 0.946761928715958], [0.09547786132418022, 0.9999058950293874], [0.14208468162048932, 0.9565429397585303], [0.9324928480266702, 0.1892087296989107], [0.52746670635169, 0.7888510221417897], [0.6600475468989297, 0.7727415393753265], [0.1464930146692071, 0.9498737126773489], [0.9901371897825253, 0.11568172462212312], [0.9295519974353692, 0.20778159876895894], [0.8458937202721729, 0.4876713791271009], [0.7736189568440104, 0.5892623273670159], [0.8526342486814207, 0.4855994104080733], [1.0376890866564443, 0.05085816092868517], [0.8700585535126969, 0.47749138513440736], [0.7781222602990482, 0.5769882386498539], [1.0336089809552844, 0.06029823911625415], [0.5077237199208686, 0.8169187469890415], [0.12298144455527055, 0.9717624961820726], [0.5078703178911033, 0.8073038276663682], [0.9286306102094796, 0.4548388267737917], [0.8997889279063853, 0.4643324771912427], [0.7669823472077025, 0.7157302040531399], [0.9118766406059042, 0.45962481517280535], [0.9941983487318009, 0.09939271907458958], [0.13001963919190207, 0.9649007517732722], [0.15067455077474545, 0.9470510177404899], [0.1875948747657749, 0.934666085097718], [1.013901332100051, 0.08157388773459992], [0.7922149358439934, 0.5342469722788352], [0.4849362626241071, 0.8628642335409968], [0.9373081775760373, 0.1697414551863547]]",0.038661,15.66
TNK,MGPSO_feasarch,30,99,0.006783,0.007597,0.747680,0.007463,0.834968,5.0000,100.0000,"[[0.7902437039917279, 0.5391682696357778], [1.021164725735839, 0.07215235620533436], [0.15328737365161194, 0.9481865622741188], [0.9922867179921934, 0.10131828066946122], [1.0333721869505497, 0.05211745764354289], [0.9901820966120887, 0.11316275933821696], [0.8048686224595825, 0.5312595305072381], [0.5295527455074336, 0.8014035708766899], [0.5688741807571281, 0.7776483542029327], [0.9826330837498277, 0.11606708640792737], [0.19233281098798719, 0.9335996003948859], [0.9032923457148778, 0.4654241969744272], [0.7813595696286004, 0.5609297610046772], [0.5016619311134061, 0.8223100992763496], [0.1053076413282984, 0.996133320049976], [0.4770731614548956, 0.8791896902774887], [0.15946846424311273, 0.9452939670138542], [0.8759117229972128, 0.4830048981022188], [0.04917987811520852, 1.038683589316027], [0.12988700267073852, 0.9655356581234081], [0.7930887386931205, 0.5313216269752447], [0.8376453788795579, 0.49819700270464495], [0.5767021145578376, 0.7743527330871495], [0.9348913271905999, 0.1715923324142522], [1.0292077004696523, 0.06498362212159715], [1.0360394574316176, 0.04847989894654087], [0.9516576679233615, 0.1476635354084933], [0.46658559766328256, 0.9117757925021176], [1.0244570811591616, 0.06522515419364461], [0.7516057399601037, 0.741816794230876], [0.11965664626711957, 0.976566703817794], [0.5363580093593551, 0.7990541376319227], [0.9455413923254148, 0.15232488270546587], [0.8107807049371875, 0.5122322907895851], [1.032178156874982, 0.059156134776826685], [0.8301307812364471, 0.509358426012263], [0.9557437303375428, 0.14024224125497864], [0.507878618766351, 0.8106079178108765], [0.49613446148810403, 0.8344798618047267], [0.14056817955120213, 0.9601095369454644], [1.002699582443125, 0.09051535293723934], [0.17583603018157068, 0.9374448462175697], [0.9009280434218461, 0.4721492591465817], [0.9529186748813171, 0.1425935040093751], [0.8741538388036482, 0.4895559510825849], [0.8785683289706279, 0.473333695859757], [0.7066310480363315, 0.7708156865626408], [0.9632389497480693, 0.13096886419182047], [0.8106145133054873, 0.5210358803093842], [0.5424564753188282, 0.7859528002416462], [0.48221422624607835, 0.8592884038817226], [0.6271652171633474, 0.7732940475787402], [0.7839401125256407, 0.5457592955111301], [0.098979028581547, 1.0029858985203157], [0.9999861594162214, 0.09570180951338908], [0.05299715196381338, 1.0354833253786306], [1.0157048133671682, 0.07733869285398273], [0.48190274444627657, 0.8643758826530761], [0.14957486764478736, 0.9594550425492231], [0.9188281748320157, 0.4595088430545654], [0.488386063494465, 0.8575737399316292], [0.8410503367787225, 0.4968878635753348], [0.735765420627349, 0.747100693466471], [0.5033700794296252, 0.8154013702210678], [0.7528897264105585, 0.7280212682008476], [0.7260943992404308, 0.7544138436729041], [0.06402439175926847, 1.030248066350792], [0.9338471497097997, 0.1806337662952937], [0.9888214188547203, 0.11535529189006732], [0.6677876626005317, 0.7728508396189033], [0.16687301798836685, 0.9378998480599507], [0.06274569063694435, 1.0320608942240401], [0.8417252489708775, 0.49000889487812316], [0.19364034381744638, 0.931488768863138], [0.9299498695980268, 0.20013343510400977], [0.11339624636183179, 0.9823953090941683], [0.4940404374754851, 0.8366396223386382], [0.5384528966432918, 0.7893444377200116], [0.10389777410808088, 1.0017241718238532], [0.46722504579253743, 0.8937313842359607], [0.9093453018464811, 0.46299218237918954], [0.9254163573004393, 0.45328282657943786], [0.7726505416760895, 0.6552715374263605], [0.12342447234271058, 0.9741930677745574], [0.5010072892525979, 0.8300303205841353], [0.7783522107794949, 0.5684530773079098], [0.09262235812924659, 1.0153841480279424], [0.562824994576507, 0.7847508016298473], [0.9916041055305691, 0.10285363997270021], [0.7753379674257002, 0.5811646371055417], [1.0092522705266842, 0.08453001318864695], [0.9758755221540955, 0.1188203621511317], [0.8329856741408923, 0.5069139941350278], [0.46023575788738175, 0.9245340727323388], [0.778542760296262, 0.5653510752133359], [0.10805840438135805, 0.9909079513516142], [0.9299658506563019, 0.1927197376417099], [0.7721257759816169, 0.6888310851474371], [0.07997223153301997, 1.0191500158731077]]",0.038451,14.92
