problem_name,solver_name,run_id,final_archive_size           [archive solutions at the last iteration],final_igd                    [IGD of the final archive],final_gd                     [GD of the final archive],final_hypervolume            [hypervolume of the final archive],final_spacing                [spacing of the final archive],final_spread                 [spread of the final archive],final_feasibility_pct        [% feasible in population at the last iteration],final_front_feasibility_pct  [% of returned front members satisfying all constraints],final_feasible_front         [objective vectors of FEASIBLE front members only; for honest cross-algorithm HV],p_red                        [mean relative error distance across all iterations; 0=ideal],run_time_s
DTNK3,MGPSO_feasarch_archsentry,1,100,0.006060,0.009865,0.497557,0.007252,0.775831,4.0000,100.0000,"[[0.7101038008640934, 0.9630228585657232], [0.5576462168232875, 0.9788456712084035], [0.15913922973106304, 1.1421285785073219], [0.7870370073268024, 0.7353135975896421], [0.9406180136739458, 0.3625773705983053], [1.0091146793949197, 0.29174922317321306], [0.7814643417860588, 0.7484966176377217], [0.16569528086832577, 1.1375572244032304], [0.09479247420631973, 1.198326032043433], [0.742201805708581, 0.9414486140469924], [0.5313826802805752, 0.9873535554379858], [0.7605780099029589, 0.94040216608515], [0.06826832143808788, 1.2233106769041435], [0.9229823967738154, 0.6579823398741964], [0.11995612425741033, 1.1787245374131325], [0.7713329387288136, 0.8790865494055042], [0.6523939731545736, 0.9730721755286631], [0.5002018563037486, 1.0247152883360917], [0.5256438242642625, 0.9900791830363149], [0.9281207538693049, 0.6479906038988206], [0.8839041129475372, 0.671945626031063], [0.7947360190479278, 0.7257392006802483], [0.4810194140033993, 1.0723504126934835], [0.9577499077882738, 0.3474346563107507], [0.9318985175608486, 0.39552599599435745], [0.8930868549998977, 0.6676021964760561], [0.9833251381601615, 0.3171901525054317], [0.48494266314577683, 1.050003590107877], [0.4964314259819432, 1.0342165740913045], [0.7961753883920578, 0.7226869552197459], [0.043897461732999035, 1.2373772569804038], [0.5076927020977554, 1.0142574237044157], [0.9377619515316323, 0.3713105210705738], [0.8519913249129044, 0.6848452159050524], [0.19964817854695116, 1.1311610333286235], [0.9396465367751506, 0.36402568088940046], [0.9368407026295728, 0.3745431015123968], [1.0242349952837722, 0.2686805010279619], [0.8473823591591915, 0.6928438941236168], [0.8483938150548769, 0.6856459036409648], [0.9873651161835697, 0.3073231733881607], [1.0081075795785461, 0.2959514893136194], [0.9745179875660005, 0.32786962102759504], [0.7615387725954422, 0.9150190520410921], [0.5095597671052162, 1.0075184568971947], [0.8217207171811439, 0.6993373964270266], [1.0163899707143713, 0.2840247309325445], [0.5499851217204103, 0.9846612109059263], [1.0346114915866316, 0.2663502800658876], [0.809691607695869, 0.7108003346582383], [0.7751242319418599, 0.8106824183401584], [1.0129997606258745, 0.29085845153869716], [0.057023304554718005, 1.237376577542204], [0.9152629212471411, 0.6580204675089751], [0.7917794137313665, 0.7348863051388859], [0.9640007561318199, 0.33500099814352163], [0.9054121634614938, 0.6608890961689922], [0.14651364323524374, 1.1538541467938181], [0.1614505266487241, 1.1395347407917744], [0.6156300682572707, 0.9742521446617984], [0.4646599252261606, 1.1116284721141703], [0.09876054052650492, 1.1954781481628507], [0.5538090558882782, 0.9837115585642511], [0.12553399704925905, 1.176368777537147], [0.7810979375231328, 0.7644785397981295], [0.7788495847749294, 0.7876509438619361], [0.5965685777768278, 0.9765308085533853], [0.9955247930103241, 0.2987614354649427], [0.07337581299835068, 1.220648393184492], [0.8652929879739574, 0.678760840009945], [0.8176945697041518, 0.7050372915498824], [0.7705724815534107, 0.8807663676237036], [0.8884396776948075, 0.6694131202248697], [0.8667428473876998, 0.6786078292046323], [0.19249896586344728, 1.1334513909746995], [0.7058210705997828, 0.9675866168903218], [0.5179934582587679, 0.9967623401862789], [0.9860680970714172, 0.3092708742818791], [1.01667106058672, 0.2771386121987255], [0.7729045569247623, 0.8546034970253569], [0.7705555071069464, 0.8874498499586472], [1.0229896105800098, 0.27260294650401506], [0.7245468592500268, 0.9554313655302835], [0.17560150789279882, 1.1373634575896967], [0.07441013704334724, 1.2205867450646923], [0.061710167690009074, 1.2267505918135502], [0.7612056394515767, 0.9289703827855866], [0.4653920701669692, 1.0980860988755456], [0.9757250651148841, 0.32146533132002597], [0.129477080455715, 1.1669641013295733], [0.0862516459741669, 1.2084986303477618], [0.12382952735091378, 1.1772648057843227], [1.0229455634232936, 0.2748899362275127], [0.9576418087380761, 0.3608716513810664], [1.0379309282306328, 0.2491996088556933], [0.9708358183638207, 0.33168199786021535], [0.14148549129008664, 1.166575783117892], [0.4510268640465722, 1.1292630490436923], [0.15644186789907943, 1.1502963488873506], [0.7788563580107647, 0.7658665452599556]]",0.047071,17.23
DTNK3,MGPSO_feasarch_archsentry,2,100,0.005268,0.010774,0.778669,0.005150,0.737424,5.0000,100.0000,"[[0.6637104875888119, 0.9726231334858049], [0.9988884181584976, 0.29646117361447516], [0.7742549425494184, 0.7781371061216511], [0.9321305950196194, 0.41671742570244796], [0.7930628466597318, 0.7263333594410271], [0.07908192925279713, 1.2167008475430459], [0.7735197619889796, 0.8625371928442711], [0.4589763301470552, 1.1128347434561263], [0.5116760396457144, 1.0101165029334596], [0.5557917846384628, 0.9779431985966223], [0.9710166226824277, 0.3249782272518395], [0.14306340871417708, 1.1596916375594253], [0.1805566538588252, 1.1365377002001862], [0.09649043268064686, 1.202106826798538], [0.7594650857603288, 0.9357775272013977], [0.4791197603732734, 1.06480397922145], [1.009415166118359, 0.2864175741277347], [0.9767640640681249, 0.3199132405692946], [0.9153288832593431, 0.662772939466133], [0.9406691021032919, 0.38448753436358407], [0.8251651979713829, 0.7100861411959389], [0.9647655660692146, 0.34220196244301243], [0.1847363621614933, 1.1314373233869175], [0.48609918005637515, 1.053288677756538], [0.7029850424027083, 0.9644252662160391], [0.4995404473422577, 1.0258561431054987], [0.7788522885389768, 0.7586186451590973], [0.15301285645270013, 1.1560667598617205], [0.6623135829618572, 0.9751927861111269], [0.07687239960273243, 1.2277087966790046], [0.10616148946949298, 1.1945400624948088], [0.5977621002483985, 0.976720089073789], [0.7269296226300682, 0.9538017182300109], [0.06871708860290106, 1.2288490627665485], [0.5393171627222364, 0.9873697793491241], [0.9331357840262242, 0.3875539034256014], [0.9655464364780929, 0.331587673848439], [0.7594530688357181, 0.9392599342462864], [0.8665807714447581, 0.6804969019757758], [0.828129899434841, 0.6960586223655574], [0.7716822379448426, 0.8877105700697923], [0.0894584164598979, 1.2043775255862255], [0.8884563795707555, 0.6757597103699329], [0.9269727471565956, 0.6485884879809645], [0.922921882724073, 0.6524476227089497], [0.679462717118633, 0.9725989364026177], [0.8024449411922393, 0.7137887234680447], [0.7839646591587477, 0.7472389399876227], [1.004133470921372, 0.28887008618034915], [0.46641796625495346, 1.1005357443057378], [0.9183411388101361, 0.6591606052293225], [0.7900495249061481, 0.7424616324574795], [0.8412307719405187, 0.6891757655163779], [0.7642822085474982, 0.9053639418804591], [1.0182198597214795, 0.2733658186831225], [0.20103114237371578, 1.1309746231007856], [0.5156900975476991, 1.0073150450024664], [0.8141699845631424, 0.7127738369359222], [0.16865287888417574, 1.1377677952250267], [0.519684100229995, 0.9967603723975695], [0.5862171680984214, 0.977926551195625], [1.037224317507378, 0.2458276432152915], [0.47631854611604635, 1.0729566336781842], [0.7672669502056015, 0.8962825301487378], [0.0991000596118899, 1.1954226134913666], [0.9922132507863288, 0.30338083453479103], [0.11536016119583033, 1.1780637464597854], [0.7389620721105035, 0.9496806662790094], [0.15802076162520118, 1.1538708749519573], [0.9834315764225682, 0.3159327912775974], [0.12446592111375339, 1.173168994835865], [0.759942870552134, 0.9210610497758085], [0.9022860487330163, 0.6676395174031992], [0.7642406913877385, 0.9206359601077356], [0.04247069661656595, 1.2387378466793635], [0.6971038694520487, 0.9666216241827916], [1.0360895131202341, 0.25038794690971966], [0.7742182588971671, 0.8371902432907148], [0.9419265012496233, 0.3575748316571432], [0.8986853469499881, 0.6741946664135179], [0.13386729549413892, 1.1645712993114485], [0.8749939168344845, 0.6790607441684218], [0.9883140974128216, 0.30944382427441147], [0.21494427190450976, 1.130413194680001], [0.0842349519923676, 1.210772707079705], [0.4982479335210979, 1.0309073615773268], [0.953367400856017, 0.3473893072182528], [0.7989768833581788, 0.7202016340148591], [0.12856570556542574, 1.1667142068073524], [0.0598523847702343, 1.233085984022456], [1.01343734654623, 0.28005938749013964], [1.0270817398603422, 0.26484870452975245], [0.04686992382816993, 1.2359829222205942], [1.0293693869423448, 0.26114659448620864], [0.9490857208490292, 0.35555174708993953], [0.4861114403828901, 1.0470649307036488], [0.4579444238090591, 1.1148201203590813], [0.4679751665406354, 1.0910703938055248], [0.1133650260043106, 1.1895459725471995], [0.15993844460360704, 1.1443754748214836]]",0.034051,14.51
DTNK3,MGPSO_feasarch_archsentry,3,100,0.005649,0.009780,0.940061,0.004984,0.765814,5.0000,100.0000,"[[0.7169409081496517, 0.9603593738839664], [0.7358671183599664, 0.9476181825593604], [0.8198789081597889, 0.7053593626272134], [0.5420780256552121, 0.9831840635090698], [0.9501887407953767, 0.3495199732557635], [0.7627333756642792, 0.9099990681045373], [0.9325040535601474, 0.3864934220569385], [0.45679119902103105, 1.128131898970535], [0.9867033496218859, 0.3101483162251136], [0.6595000611134422, 0.9723654649686351], [0.6915888838645157, 0.9700310451345955], [0.8346239625160011, 0.6966605676301463], [0.1044182029134132, 1.1911674126038458], [1.007882399540631, 0.2931047566578251], [0.49196122543864257, 1.0548872566352692], [0.05242110389856862, 1.2356644112700172], [0.7736246237960384, 0.8592069166057092], [0.564236228102478, 0.9757401884648849], [0.11999725876304053, 1.1793263262024989], [0.14076305647027795, 1.1627995375552918], [0.5363932641313535, 0.9859859256655852], [0.9916814352253114, 0.30589481218148423], [0.5291979895582478, 0.9879397795171367], [0.9765661069364274, 0.3184270126745109], [0.7043832288058818, 0.9673963777822052], [0.06538398398322139, 1.2271908476569784], [0.46133106983950867, 1.105601738765972], [0.9801380772204598, 0.3176444003970546], [0.505646205108421, 1.0127126071074053], [0.9692385165651279, 0.33114277621493954], [0.7738396076911652, 0.8419580635429202], [0.8630334226302993, 0.6861969183733946], [0.9215807434869064, 0.6615637465781081], [0.5134570940336335, 1.0081259986430553], [0.8267114985203342, 0.698477989585991], [0.8034697374604015, 0.7217531924391603], [0.9373949708247311, 0.370390205993029], [0.4997310125884363, 1.0206468648055935], [0.8417219642371003, 0.68951380717298], [0.7769545615755566, 0.7686346361081404], [0.7894001698247266, 0.7468345691485951], [0.4994292321678268, 1.0340543604062788], [0.9307996250494243, 0.3939281017213878], [0.07851211715811836, 1.2149521083211534], [0.1365889818839155, 1.1743569590509448], [0.9469187186694626, 0.3545160064637795], [0.7916900812783858, 0.7262753370769255], [0.8165335119344125, 0.7075137541727667], [1.0125228694930064, 0.28678329598015484], [0.7698841016014405, 0.8823330612104601], [0.903668097217745, 0.6627218960799879], [1.0170373120404006, 0.27569410673922534], [0.45758815617588383, 1.1225074109463757], [0.07132074233574569, 1.2206519537821723], [0.13711274414842817, 1.167051215911334], [0.558074534331554, 0.9784813276014592], [0.930077420985458, 0.4023029671660276], [0.7461520876483054, 0.9390958930107827], [0.09117896392315025, 1.2045295724703904], [0.09995688939332902, 1.1953704107949672], [0.49258659879756306, 1.042598262236312], [0.11620159446702856, 1.1797625521365027], [0.7760176789444434, 0.7854586114140609], [0.08471500912756298, 1.2092268227760055], [0.0459921718751798, 1.2399842089370137], [0.8059030683638472, 0.7106239528199807], [0.4930130390985572, 1.0409876390270267], [0.14839488501476586, 1.15870154637705], [0.9560876329522118, 0.34079860699584763], [0.8796159658067042, 0.6774783436904326], [0.48282761166093185, 1.061436138077276], [0.7664491355243419, 0.9052261247509956], [0.7741016960375336, 0.797636543265968], [0.465447876675089, 1.1016446828870854], [1.0028968865640697, 0.2968779372788107], [0.5532835719366691, 0.9831384030116856], [0.8946030933745663, 0.6665131055426972], [0.7850609741847365, 0.7550544628937259], [0.7075926460863353, 0.9645579754976055], [0.1561622148364036, 1.1462061827772807], [1.031173013046393, 0.25482363875566827], [0.733761200004717, 0.9496175010331465], [0.9327872621306983, 0.3765627353707782], [0.1751482607950512, 1.1364093203529746], [0.4710544902707356, 1.0847866887737165], [0.18621265062286996, 1.131487225492803], [0.7734806043742327, 0.8645251513388161], [0.17702616354620365, 1.1326091946262205], [0.5883425195763697, 0.9754661051299696], [0.48241561486885576, 1.0754192056937844], [0.5275456755700768, 1.0005171887950577], [0.47602399815480195, 1.0776625695087285], [0.9636616658564024, 0.33744305720347156], [0.9711427095547326, 0.32783955062000464], [0.15258325641276738, 1.1469641020527213], [1.0269873883912541, 0.2685679493574792], [0.8665723438397762, 0.6820913319172934], [0.0571375904820516, 1.2304110648701838], [0.15652559017724804, 1.1435079574778806], [0.5163542328365227, 1.0043080338659827]]",0.042940,15.07
DTNK3,MGPSO_feasarch_archsentry,4,100,0.004471,0.010781,0.731292,0.005192,0.717786,15.0000,100.0000,"[[0.4715051375422923, 1.0820242543121086], [0.5951540936965266, 0.9755375658952481], [0.7644847611565163, 0.9142032252312764], [1.0298293337396183, 0.2589055770692037], [0.8352043959233657, 0.691760328942844], [0.2075748977411738, 1.130120443714075], [0.7817950175008017, 0.7411462113747136], [0.8757786902696808, 0.6782076435370896], [0.9829713372686792, 0.3165058557767897], [0.11897178647783817, 1.1782596092787878], [0.8115822745675404, 0.7100608882211021], [1.0358030808866359, 0.24842406933889938], [1.0075183567022326, 0.28694719398382135], [0.14333496652837172, 1.153964371413979], [0.7774316195705052, 0.7829809989026972], [0.1551989684634204, 1.149390337874022], [1.03730682230883, 0.24512001241518475], [1.0019212517002802, 0.2917897264045282], [0.4629070747720208, 1.102082480538097], [0.13085525636128387, 1.1669414990029563], [1.0224857523811794, 0.2705259770859757], [0.7862172385209064, 0.7364307945809523], [0.7781163224793118, 0.7545288635842391], [0.453190382740901, 1.1266790944289586], [0.13379587261654624, 1.1604340228343668], [0.11271286728870154, 1.1856583568169523], [0.9335724803723006, 0.38296852057036584], [0.8833472932139653, 0.672841394060558], [0.07863615643210435, 1.2142468393929218], [0.1828733304893106, 1.1312347553366633], [0.788619800686848, 0.7289707271544181], [0.7222478730172021, 0.964747614978303], [0.9673957138135186, 0.32817287219746305], [0.048759658352640914, 1.2356082237449337], [0.9378426967042831, 0.37487203924219], [0.7769284576252049, 0.8298548097352112], [0.16658290279406487, 1.1393794433452669], [0.5534794361413803, 0.9832441298392267], [0.8085459312495603, 0.7218292609114079], [0.9569411234085867, 0.33975887894729173], [0.49337767275630806, 1.032258823984099], [0.09249490791553892, 1.2031005520251028], [0.7768905860740355, 0.8610240102535047], [0.819331300727879, 0.7052345155338222], [0.5072287148540167, 1.0213951045594758], [0.9507187434648341, 0.34620290741687965], [0.7490803652161159, 0.9415689199491657], [0.5755965502069922, 0.9758787582757928], [0.9948511068365805, 0.298972891081611], [0.7759979693674072, 0.8734913503937016], [0.0861760313210923, 1.2085493092514479], [0.9617230746845442, 0.334530594298591], [0.4533079405248842, 1.1243527239416806], [0.5394506775750818, 0.9919608466114622], [0.16038968991454325, 1.1437319045426408], [1.0161616001153482, 0.28454329583767923], [0.7097908206834355, 0.9691919233726543], [0.4620496947456211, 1.1035302889919956], [0.9212081122394239, 0.6608187676400608], [0.5647222360211283, 0.9823304834278845], [0.17767167015264906, 1.1361650822067548], [0.4854881839620331, 1.05061449924043], [0.10735798820262145, 1.1890531798595365], [0.09839659172907135, 1.1948158573904173], [0.7720893035474338, 0.8894015802911202], [0.49682116496562256, 1.0286384309595833], [0.9246688041646034, 0.655963980542424], [0.12292741832467298, 1.1708816439552614], [0.9777423845699522, 0.3244103280323375], [0.47874081424046055, 1.069572440127898], [0.6430502394688907, 0.9729444909852567], [0.07177806203112826, 1.2195661006638125], [0.04478265206414374, 1.2381602561960485], [0.0597815446024399, 1.2299531508428079], [0.990659862865809, 0.3138194811266385], [0.9319728438346633, 0.39051657102019466], [0.8279242659744909, 0.6980440957140597], [0.522419280614288, 0.9922673414479724], [0.9024253794925629, 0.6712663297369859], [0.566840631757824, 0.9767509337602867], [0.8466916488538949, 0.6870608062761465], [0.9415868890679261, 0.361977286249738], [1.0185256276091932, 0.2762022900330922], [0.9072425594492606, 0.661646923329938], [0.8562693618415613, 0.6821196168898698], [0.48483835875933823, 1.0669611184230146], [0.6883548652965972, 0.9695161460345225], [0.7771655497100969, 0.8079035721341807], [0.6062178247793454, 0.9731767016948281], [0.5089009093479803, 1.012629219549045], [0.7348605036571573, 0.9580496469568021], [1.0279646834457612, 0.26661920844743264], [0.7548832780121257, 0.9320602083936951], [0.7386341211352343, 0.9450765338101019], [0.06579228460212733, 1.2235390079850723], [0.5127699738626414, 1.00214413194867], [0.7566735938223016, 0.926225767767229], [0.5438978451596357, 0.9876933343577528], [0.9473959289768488, 0.35146341769878975], [0.9909099052487557, 0.3067515294742903]]",0.029020,15.08
DTNK3,MGPSO_feasarch_archsentry,5,100,0.004867,0.009641,0.622357,0.006508,0.763270,9.0000,100.0000,"[[0.8071669184886779, 0.7100753474969839], [1.0124202910381348, 0.2870228117033641], [0.802329334647136, 0.714211651484026], [0.7943249251166179, 0.721290296136796], [0.48480785536204124, 1.0559587875903924], [0.20896632408906424, 1.1308012191892172], [0.49592968942116067, 1.030777261079139], [0.9430505500520016, 0.3566574114801259], [0.9303366252665287, 0.3880407858233106], [0.9721716919111749, 0.32649984936712395], [1.0389114221025133, 0.2430831495891418], [0.45386443585766756, 1.1236024758609202], [0.9296502524196325, 0.4054122897849605], [0.06538175260613925, 1.224265829675662], [0.7015679989800995, 0.9661756007647928], [0.8216995855374915, 0.7041161422547917], [0.6932427172136271, 0.9715388685652484], [1.0147554940309147, 0.2811436304644065], [0.5005740301500579, 1.0195762982887102], [0.6298487404241472, 0.9738471459218854], [0.20006977113897384, 1.1348908785526017], [0.4597348130246876, 1.1100734320745786], [0.5643603197899536, 0.9817912352843206], [0.9665193493537975, 0.3362193359946693], [0.45907384019422914, 1.1165625466250237], [0.9152774254487788, 0.656524990236611], [0.059072809961998, 1.2300239115661815], [0.7990637257423381, 0.7162577248138704], [0.8928515665088917, 0.6762508881344338], [0.906807234496437, 0.6656846312790694], [0.08510275466702184, 1.2079319681766434], [0.940251660759775, 0.3739335221214317], [0.7582985750074294, 0.9327001406330566], [0.8243255687808324, 0.6978314184368837], [1.0330187100450303, 0.2544605304277181], [0.7425664751586739, 0.9466497223683608], [0.6794578747024257, 0.9722430595958154], [0.1331499493397002, 1.1658239317928938], [0.5468573683044333, 0.983034200461548], [0.9773673724415669, 0.3176201521439306], [0.9758693833627871, 0.326138063466923], [0.07833090415277058, 1.2142114230495582], [0.9988439600350093, 0.29744287657386453], [0.7929740660525534, 0.7426210752292757], [0.7377853011942, 0.9488352685982933], [0.573196345452127, 0.9762182668048067], [0.9557568218476439, 0.33909781181762044], [1.0361340659030833, 0.24858391601798585], [0.8729964064477297, 0.6771954714191599], [0.7616940477663421, 0.9136328088860701], [0.09683649392846926, 1.1969982197532327], [0.7497087621017738, 0.9432979258670966], [0.7808275036930387, 0.7460563161058844], [0.9369520702545103, 0.3739956025684691], [0.7115484861360196, 0.9643628534855166], [0.1564133861032182, 1.1491469257189233], [0.5914676424714488, 0.9749362009210119], [0.12430555373961058, 1.1780661412269973], [0.1460665019073557, 1.1504716663845223], [0.4737544100155056, 1.0932845591109235], [0.09203421962616569, 1.2021929166932905], [0.4788579248650426, 1.0660190673280032], [0.1688832423191616, 1.1371796981028655], [0.051493445421573567, 1.23531482355094], [0.5275178296608376, 1.000450580030508], [1.0290291055344418, 0.25904579398810423], [0.5062642743811618, 1.0127425162788501], [0.7751182480885704, 0.7798156110531778], [0.5424623250466235, 0.9973719420005789], [1.0057712963766476, 0.29245815010811094], [0.07695161837992673, 1.2218966453312479], [0.9469153873524778, 0.35335381889693773], [0.9345301289551456, 0.382486923560296], [0.767501264369746, 0.9018654872825513], [0.9299708483118531, 0.3925848815743928], [0.7748879620088097, 0.8452507387286574], [0.046833550870937185, 1.2394748742282131], [0.1262789736490495, 1.1733111654573598], [0.4659052757952246, 1.0973698214314045], [0.8931173659318071, 0.6688638529068394], [0.8639310831795227, 0.6808343936644525], [1.0234855178802, 0.2659495047517314], [0.10455842489634957, 1.1926306270829987], [0.9008640757765441, 0.667161747832965], [0.737034712225955, 0.9578881345348653], [0.5087194652254243, 1.0073375709787484], [0.1577015887571433, 1.142838756582492], [0.9864195400855795, 0.3075124524198299], [1.0173758725072886, 0.27375092391095085], [0.1137206539917593, 1.1830586023813003], [0.9123330828211145, 0.658360129153005], [0.7293127449745163, 0.9586429561211651], [0.7751450740903468, 0.778865817652959], [0.47777744249110465, 1.0812599003373946], [0.8493639107304741, 0.6888081619179579], [0.9922033254349453, 0.30307948945825747], [0.14297888225986222, 1.157510736598518], [0.8338198998164873, 0.6949473228705662], [0.8339379303419036, 0.6934176203849852], [0.7692812977934703, 0.8896685646570524]]",0.032751,14.95
DTNK3,MGPSO_feasarch_archsentry,6,100,0.005831,0.010699,1.137646,0.005698,0.773763,9.0000,100.0000,"[[0.45792197995585493, 1.1230047217637995], [0.06460497651821735, 1.229021909023029], [0.10695303953086578, 1.1884761118666456], [0.9371859879866941, 0.3705391267429811], [0.7902162226652607, 0.7291325868558478], [0.9500215941311829, 0.3498876246985179], [0.9591571054283157, 0.338845649618086], [0.7779874071417352, 0.7786610015523565], [0.04816652266070871, 1.2428963616600317], [1.0202825623818084, 0.28280121600947683], [0.5633011572698988, 0.9779796244207457], [0.7716110306504392, 0.86887206531997], [0.8916889233011693, 0.6682858549711663], [0.47851316204968064, 1.079190735563415], [0.9865902242640945, 0.3092587114335435], [0.9588685063158994, 0.34737780827186154], [0.11365863743394676, 1.1879502048744381], [0.12042019603648242, 1.1799892491326542], [0.45334787271187155, 1.1259696970699786], [0.15009381487596704, 1.1486177099553558], [0.7847712719058383, 0.7353501667142639], [0.6647695567260188, 0.9724011410534201], [1.0293988777906529, 0.26532247403987663], [0.8181862518445975, 0.7022149713819794], [0.945291973574616, 0.3566683563456866], [0.9192897169106927, 0.6601546654386232], [0.5388929663413151, 0.9873942993432716], [0.9304686976471804, 0.39040754067848576], [0.9645968375862407, 0.33122425493736823], [0.1802268903120392, 1.1347330051123112], [0.6140824422557626, 0.9734085898391682], [0.07967459783028842, 1.2196308218786343], [0.4928316637342424, 1.0331346930024683], [0.6014830859119212, 0.9770639346471581], [0.46160663631285154, 1.1043479405265226], [0.557333392990368, 0.9846509846025784], [0.47076718321152156, 1.0870085941546808], [0.9280813830328992, 0.6526805202579675], [0.08461945471918808, 1.2087486469636282], [0.7341592822069564, 0.9588552989394346], [0.7777080532189681, 0.786829436494936], [0.8884223716148806, 0.678451757813], [0.8573914834707068, 0.682915854081303], [0.608226908995782, 0.9765561414154653], [0.6969710512654957, 0.9683641041656523], [0.8995543153171469, 0.6652004037637174], [0.7696921023173973, 0.9134855576313936], [0.509084828644416, 1.0110147303356674], [0.7615152940250973, 0.9191827676293489], [0.49573608223765286, 1.0280250604839951], [0.7483151195525409, 0.9431944196193345], [0.9158711610330827, 0.6628262526816111], [1.0225185875402631, 0.2756792509631073], [0.8275103019073424, 0.6974744877642213], [0.06849009136993074, 1.2221915180464622], [0.9931260316932115, 0.3045185196776609], [0.93264821238514, 0.37918210125283464], [0.8343617041850128, 0.6970151448136885], [1.0354003623533634, 0.25296529316689775], [0.05980854886619798, 1.2330888974173273], [0.9386768312788236, 0.3637588238374684], [0.7763138192937665, 0.8184925865705872], [0.11735042229626733, 1.1846993140124569], [0.77848365399307, 0.7684823713613731], [0.9746471449072699, 0.3194786778060669], [0.48576442305128525, 1.0531608120117055], [0.8472256124857822, 0.6895751094244762], [0.15880492572658977, 1.1421898614661776], [0.9730092651305225, 0.3295416894604089], [0.4789045854102458, 1.0660702503083428], [1.0336376667137241, 0.259044671291102], [0.16311134385175186, 1.139038416715396], [0.12378107224881262, 1.1700450670630396], [0.707311058481509, 0.9647436304342976], [0.7736661814630436, 0.8241022270780372], [0.13609776408261628, 1.1598630153259673], [1.0370549456898503, 0.24468398292200372], [0.05043078454592213, 1.2351109923623007], [0.996849460147475, 0.29907768332026563], [0.10001217560906396, 1.1933739358025135], [0.4914442771443811, 1.0508742699670537], [1.0085316083646205, 0.2863319303532358], [0.5188366585808147, 0.9996200159784125], [0.7393131587193781, 0.9499030505919424], [0.5318773181963697, 0.9895479229470785], [0.18700098360351292, 1.1319866877310896], [0.13400235952835704, 1.1671583979517213], [0.15714521173832485, 1.1481183677145423], [0.52854654468641, 0.9917678433867079], [0.8392155828337142, 0.6912749758473644], [0.46732250479144244, 1.0939124408445176], [0.14378286958521053, 1.1549203202559786], [1.0017043108520605, 0.2929885891970069], [1.0226928511394882, 0.2682620093175712], [0.8021024894963314, 0.7191348185157658], [0.09282104686729699, 1.2007231430917085], [0.8629098193568275, 0.6800860052804099], [0.7559561020794133, 0.9350915880486617], [0.2156753521511749, 1.1313447778165147], [0.8111545654816955, 0.7067155293566434]]",0.039780,14.33
DTNK3,MGPSO_feasarch_archsentry,7,99,0.005129,0.009444,0.873315,0.004294,0.688910,7.0000,100.0000,"[[0.508419317361138, 1.0197197162667935], [1.0200839482926904, 0.27609223719732434], [0.6739438761888688, 0.972986354809692], [0.7967879792233762, 0.7178252047982057], [0.9107004946192815, 0.6585957791114645], [0.9277582066735776, 0.6488457186324277], [0.19921358391655802, 1.1306830758673392], [0.4907938210923029, 1.0395532225235795], [0.7534534816790194, 0.9279131504888927], [0.9863912624524142, 0.30765075532037245], [0.11637960285530582, 1.187874486598307], [0.795277732172088, 0.7304434798592181], [0.9313034514525006, 0.38900576150835164], [0.4803720550689017, 1.0737851154115372], [0.7789875721553946, 0.7686106996381648], [0.8781540258929722, 0.676287491969171], [0.7727620067437025, 0.8740472228598548], [0.13474551705794946, 1.1621662627523963], [0.9222680465065655, 0.6539242607644573], [0.943221721342583, 0.3590626688979414], [0.9684382304955296, 0.32533129729263593], [0.7703668143394538, 0.9247487883771475], [0.7196417196067625, 0.964356838752426], [0.9577452430478888, 0.3385385888493191], [0.0552149554501224, 1.2338863801587363], [0.6670725434032755, 0.9733987520792919], [0.5553407393144092, 0.9772722102874765], [0.696065162637792, 0.9664825368277896], [0.7743921780055684, 0.8127313323206664], [0.5384171341261345, 0.9870409638877391], [1.0333603099717352, 0.25733301863569935], [0.5100616783883624, 1.0076523890373728], [1.0210323528828151, 0.2691331023319213], [0.49257498991056575, 1.0335716021358856], [0.8636569888418071, 0.683147137589766], [0.5238240401531135, 0.9975544628656334], [0.8277453425680766, 0.6957555291619355], [0.9078576614322597, 0.6621062640046871], [0.17390639761247456, 1.1341401624965095], [0.5473468575310042, 0.9820373159043208], [0.8879233842149062, 0.6711600811505043], [0.8072842494349289, 0.7151536638671412], [0.16830442006044413, 1.1380915028037701], [0.46042108864173686, 1.1063577880341193], [0.08548551357541857, 1.2130491726002564], [0.7455930023179187, 0.940067370423046], [1.0353123962561002, 0.2499779204735691], [0.9940169526928223, 0.29961775656332856], [0.8587815497495922, 0.692564418757718], [1.0278634219281584, 0.26212183145287643], [0.5355561835752556, 0.9960166336236478], [0.9602666727551384, 0.33680651457496574], [0.7316336210271327, 0.9636027297321974], [0.979064211449944, 0.31443438343408836], [0.07645978843129377, 1.2165369405215103], [0.4526396893363358, 1.1203317808589728], [0.1292537303520166, 1.1687493327961473], [0.4828597730990226, 1.0575659381375568], [0.10140418657857826, 1.193086408040657], [0.7729413282552496, 0.8570839100827365], [0.47929329816552335, 1.089420411679042], [0.14017471120770442, 1.158274664666926], [1.0043612348452444, 0.29770630543182164], [0.061326809107279404, 1.2276268453616095], [0.8475439165351482, 0.6931904884719404], [0.8171214955949635, 0.7067521068752511], [0.7751097013650263, 0.792473216161423], [0.6035258393948143, 0.9747998061397962], [0.4670715843552966, 1.0926604242489644], [0.454642816740905, 1.1195128260263705], [0.5850086431248421, 0.9761456642293016], [0.8233900169238307, 0.7018088881924693], [0.49813402658687345, 1.0265665925120042], [0.784869957526008, 0.7353486199259063], [0.043156719156259765, 1.2384881163457957], [0.8907153145826873, 0.6681125476873344], [0.7752162785491318, 0.7745274354383118], [0.9340828634512304, 0.37775355191825927], [0.685985934354797, 0.9711540929801741], [0.10499288478566107, 1.1923613206672776], [0.11746545667376736, 1.176720158830072], [0.07419718947742397, 1.220745108742172], [0.9497708301943103, 0.3506940871847492], [0.15518856736406145, 1.1460841098762138], [0.7707656426165106, 0.8933388081879172], [0.739875291446089, 0.9629254117379005], [0.14847496141412875, 1.1488293814511623], [0.5003127671852271, 1.0226630835499306], [0.6011359550172903, 0.9756179270156586], [1.0046431896871555, 0.2894880861261352], [0.18184659925863708, 1.1318740598723809], [0.09212870371737021, 1.204947792899006], [0.2100110057794837, 1.1305809881374238], [0.9736231619265375, 0.32243904159062486], [0.5694513637595047, 0.9768293314587955], [1.0125824842396018, 0.2793228785001542], [0.8098300948010959, 0.7068214306496776], [1.039012709049443, 0.24396004812819036], [0.7825051444211434, 0.7422016555604962]]",0.034799,14.62
DTNK3,MGPSO_feasarch_archsentry,8,100,0.006400,0.009766,0.908821,0.005767,0.841228,6.0000,100.0000,"[[0.48904596599305894, 1.0527367090214885], [0.92344199317635, 0.6693338272249241], [0.9466129598751845, 0.3526988140660503], [0.07215848450150895, 1.2216074491571833], [1.025356187918285, 0.26376280324870083], [0.45992904781645144, 1.1112318469166675], [1.030170270351833, 0.2596881546765416], [0.9719536357309192, 0.32175185220916513], [0.5318674530677415, 0.9886495501925812], [0.15903327984788307, 1.1436858587610883], [0.7989244677412423, 0.7214362882550525], [0.871856391365224, 0.6867444434547876], [0.5180588703060695, 0.9997947091446344], [0.9551235597640062, 0.3496243858562091], [0.8062358637145982, 0.7145979613974909], [0.823666810187386, 0.7027531464384735], [0.18481528844302286, 1.1308854148611895], [0.6455639749263363, 0.9727683482765708], [0.5015368162161932, 1.019381104833085], [0.849208453591341, 0.6871957410809697], [0.6396529475209422, 0.9757376905909516], [0.938731966422865, 0.3638809490956397], [0.5116397437081567, 1.0056280573910212], [0.15361482712290567, 1.1477470731117725], [0.451000204459159, 1.1246416002666846], [0.7743519771923877, 0.7896618242138771], [0.7319528114395265, 0.9553635748340463], [0.9098123558101892, 0.6700128301470855], [1.0150014018977995, 0.28362023100701445], [0.1792053294951771, 1.1388598059291672], [1.0345388829979356, 0.25013067535897693], [1.0029333994892735, 0.29090250007357954], [0.5552180160392051, 0.9778011249737781], [0.696890368822834, 0.9691121010204744], [0.4738639487161466, 1.087535915170482], [0.7890710574083492, 0.7268692085458202], [0.8062238578306105, 0.719677792731281], [0.9264964327044282, 0.6619516305721693], [0.7827268131775226, 0.7427238279869659], [0.7139991324952873, 0.966426894812723], [0.9307103337856418, 0.40994732539512935], [0.815335907368066, 0.7088143015897188], [0.7387524789447769, 0.9462227792681861], [0.05296038319407652, 1.2327178094497235], [0.08240070216027413, 1.2105502666022405], [0.9308769025345444, 0.38423012175164706], [0.9628377175836438, 0.3408362461910941], [1.033076092828813, 0.25470573273933594], [1.0177186194584853, 0.2761522960824595], [0.07613432293503698, 1.2161571748514024], [0.9925474994331839, 0.30674397489168986], [0.09748663144818927, 1.2062683205021323], [0.8419862761340119, 0.6993454661218821], [0.11869905489079642, 1.1746668361314831], [0.4694600246026209, 1.0940516292966371], [0.7697105378671864, 0.9156207676177222], [0.49593554018898023, 1.0273148273500132], [0.09022806106535307, 1.2068842408036207], [0.9371878150046161, 0.3769231488714463], [0.7611179573934256, 0.9211528036325534], [1.0003945140086608, 0.2954519310819264], [0.5907567359700728, 0.977390506182364], [0.14884500319069108, 1.1511377787870676], [0.10383041726268301, 1.1937493506446986], [0.4669815987353756, 1.1018307538315426], [0.06660809560990517, 1.2230326301915633], [0.10194705308557296, 1.198284693484844], [0.05141424520971603, 1.2459432268597563], [1.040530511110184, 0.2470527924267727], [0.17090206227306037, 1.139803524977744], [0.19861770539126694, 1.1305651857121524], [0.9909617829773003, 0.3148007346475177], [0.14189721537386774, 1.154507737677139], [0.9787149890380525, 0.31826435879804416], [0.9827528767357091, 0.3171165858791836], [0.9324623420216038, 0.3800067141298124], [0.106027891616222, 1.1876385238959903], [0.1665178437434741, 1.1411416731684032], [0.47768154054935313, 1.0697615468276724], [0.0592121390422682, 1.2299846396089698], [0.4815790034707468, 1.0584902399604776], [1.0207087358446034, 0.27226847915902375], [1.0131316239893764, 0.2880650515627026], [0.48984728998403043, 1.0422483402056788], [0.8772383814611541, 0.6857870022642383], [0.5524188872501092, 0.9840953296521999], [0.18087347334329668, 1.1358441774573775], [0.12729416770729257, 1.1664632315064951], [0.9643785085161772, 0.3359583036331111], [0.9707743416897473, 0.3310840439690006], [0.9445027788332231, 0.36072932749805897], [0.13685450280829123, 1.161430433306216], [0.06300113671448067, 1.2274638993183327], [0.7798626370535995, 0.7627930697538126], [0.8150149544045409, 0.7141797178767648], [0.893362687691252, 0.6805956216340354], [0.454509766350332, 1.1175295609922427], [0.7377568970989162, 0.9532297559869092], [0.9564299761108231, 0.3464400277200399], [0.11250250067442132, 1.1842814084052429]]",0.037439,14.52
DTNK3,MGPSO_feasarch_archsentry,9,100,0.005474,0.010496,0.717354,0.005631,0.783845,7.0000,100.0000,"[[0.04717283151936925, 1.239673011953774], [0.05426445688350377, 1.2325795851775176], [0.761653542397554, 0.9111143536935318], [1.0288054770465, 0.2582407882659197], [0.9417131763307459, 0.3583564222326685], [0.5542189207526572, 0.9831567772222576], [0.14424628299763997, 1.1536948795988953], [0.48977568015331463, 1.0430219580107165], [0.9386089171215558, 0.3681637334459772], [0.965697674242599, 0.3295047711306863], [0.2078611667874919, 1.1309773474199873], [1.0255894825473615, 0.263578222152224], [0.13084845390550792, 1.1649114502834799], [0.4964113806131997, 1.0343492277751587], [0.9147510336639122, 0.6647434888842698], [0.9738588539511833, 0.327755395755251], [0.9556839025056739, 0.3395577978577038], [0.09460890971809675, 1.2013869973149665], [1.021896524537441, 0.2682465988133449], [0.8034236002922448, 0.7172036236508208], [0.9293584522418605, 0.3948744669552262], [0.9740215794950228, 0.31952320517623], [0.8198148156956451, 0.7024238730637422], [0.4994272348550154, 1.0236891762751135], [0.6968756765506402, 0.9712409021568598], [0.4726136930594314, 1.0816856159748554], [0.7258656212631697, 0.9565476558888419], [0.4577202532917934, 1.1179559579511216], [0.7898740351395138, 0.7271088413827713], [0.8165100402478284, 0.709471263377168], [0.5268388613200855, 0.9948240301209816], [0.8064927784116738, 0.7154949020910366], [1.0016351267764825, 0.29442889414758344], [1.0068618401598717, 0.28628105480504984], [0.5845926589515279, 0.978567389168508], [0.08408919282457915, 1.211369041232089], [0.9492823618206134, 0.34727785572439923], [0.045609585996449466, 1.2414936930733078], [0.5027525126498248, 1.014535826504896], [0.92125486689379, 0.6551487183236018], [0.8844711539471369, 0.6732028553603422], [0.7576420131417284, 0.9199622873718081], [0.48389579270458494, 1.0594665110443486], [0.7700041976928046, 0.879974809318218], [0.7687158633714619, 0.8953605384954388], [0.775259808965319, 0.7999557783994673], [0.18093651545291656, 1.1320299309760367], [0.12326421137478223, 1.1703001050940867], [0.9624982189662603, 0.3335318916309397], [0.8303678050787845, 0.6950972935498616], [0.7033782177699497, 0.9651738564533481], [0.1758520533689848, 1.1356696780030406], [0.47708935000417596, 1.0724872818373148], [0.2055214937799417, 1.1310582417793238], [0.14209893629228731, 1.1571220892889675], [0.519414521474111, 0.9984995244286814], [0.9321021735373417, 0.3805675016497324], [1.015555922228878, 0.2796574479484866], [0.8478907491917413, 0.6922218424958932], [0.4690882030857517, 1.113199967560081], [0.06704305980224375, 1.2232982085567607], [0.08654686906442534, 1.2065737802755756], [0.8900718420333978, 0.6683225547075538], [0.45433486421871006, 1.1245276714476447], [0.7734921829128013, 0.8505406169328908], [0.8245259920996327, 0.699220490057281], [0.9866649740902559, 0.31337493273859596], [0.8965859152765189, 0.6680059036936941], [0.15075947280897728, 1.1479786509427603], [1.0330732128430646, 0.25152606541935074], [0.558199643568886, 0.9814450579813538], [0.8540021402348056, 0.6834788911640726], [0.5151242576770739, 1.011791190606273], [0.07751689206658281, 1.215529583610283], [0.10305541208607079, 1.1904234018056108], [0.07420200544264806, 1.217380359378403], [0.776400814909433, 0.7603585823144752], [0.7895724509242824, 0.7284366407337326], [0.11041245851486438, 1.1841510671721445], [0.9871248090726988, 0.3062838717383453], [0.7514528468096061, 0.932563234024381], [0.9973800803148113, 0.29817257949491455], [0.11492153790443034, 1.1824700027662485], [0.6334314603505059, 0.9738788238691194], [0.12169153420374847, 1.1776487221027903], [0.15857987069939286, 1.1462046666588197], [0.7818924679589317, 0.7406223635722511], [0.5299518921624512, 0.9872806337805318], [0.16495438488040703, 1.1384945503397799], [0.13540468988271293, 1.1609120521700942], [0.580644751332395, 0.9788039823393029], [0.4780886285834981, 1.0679336729640339], [0.604341627181819, 0.976863743204492], [0.8839145114161086, 0.6780317508355282], [0.059612794120944265, 1.2284309860433054], [0.7717225373459268, 0.8706537377458285], [1.0386467039235083, 0.2438079934505981], [0.613324927612093, 0.9750448728520054], [0.09615248809052686, 1.199705529394712], [0.7232623998457367, 0.9587054042802969]]",0.032634,15.91
DTNK3,MGPSO_feasarch_archsentry,10,100,0.005260,0.009182,0.700870,0.004391,0.734647,5.0000,100.0000,"[[0.5048094273461781, 1.0153639746882615], [0.07911917701462313, 1.2143724450898346], [0.5350074867986243, 0.9915241926658303], [1.0349663852358468, 0.2618846939674229], [0.47878671951130153, 1.0721569872505181], [0.725431675356259, 0.9565690561443665], [0.12443483577432103, 1.1721839695533487], [0.9293600862905863, 0.40178556663567067], [0.6996528172971089, 0.97008939816342], [0.7752315873976291, 0.7703938331805742], [0.9939437790881315, 0.30305782332520403], [0.08590810654110083, 1.2075521833432785], [0.07246701383639116, 1.2190179661180487], [0.05164134485912855, 1.234557647136054], [0.0915864385003193, 1.2036821633336148], [0.1638438155119811, 1.1456453753733344], [0.9358082684592292, 0.3744203450309529], [0.7673984980220091, 0.8946268342553763], [0.7736565170072159, 0.7863474185827846], [0.1570830312993189, 1.1488204985072803], [1.0118720476621965, 0.28477757391099645], [0.552189036022314, 0.9872946516486631], [0.8271881712400481, 0.6993619664830342], [0.8702447548994259, 0.6849842958307292], [0.4929287665638712, 1.037197390615557], [0.5369490329037457, 0.9875336451195784], [0.5583212680209374, 0.9779226806714978], [0.45606933654585247, 1.1180851258332718], [0.9350072256346661, 0.3761109485608487], [0.9523705066923066, 0.349310707053912], [0.14601297956997528, 1.1503666969550772], [0.5795147819795113, 0.9763270468508083], [0.5699540573324363, 0.9770924465771236], [0.87215381349056, 0.6757733726217996], [0.9029330470607906, 0.6644393597377086], [0.9331161874243764, 0.3914721967735], [0.7290597691415502, 0.9536926198835034], [0.8661658919128082, 0.6879315318890821], [0.7709424639695753, 0.8912124739426996], [0.6146309096172153, 0.9750166674510541], [0.8255172324362937, 0.7121969969176516], [0.5092485802664238, 1.0059111324760288], [0.8146480963517554, 0.7124366504329727], [0.8558030184393676, 0.6892532285455517], [0.1108322300662118, 1.1865813218092145], [0.9574152366229091, 0.33717166257086745], [0.47089882483083584, 1.0876218206081567], [0.7109938128177599, 0.9676829254825905], [0.9695587895102437, 0.33022414394385513], [0.4832800292583889, 1.0614199038470506], [0.06769637681352432, 1.2277928695945748], [1.0068839858605398, 0.2859546981408084], [0.6890036573915217, 0.9730473097251173], [0.8825174474979594, 0.6714472577745123], [0.1386053424252099, 1.1573106783318474], [0.9657062554335653, 0.3364266782155141], [0.4704695556654772, 1.0994490973899025], [0.7507279640531732, 0.944259819468865], [0.13219151692392664, 1.1670043076710699], [1.018049609876347, 0.27372294126402186], [0.46180028970797593, 1.1060156105390657], [0.5169216627255432, 1.0058577070099566], [0.779635579259152, 0.7539538736925746], [0.7766629097561584, 0.7674491931848864], [0.9884916194402834, 0.3082754101044014], [0.103592484478285, 1.1907192390729424], [0.9288631662738456, 0.6569513434772918], [0.4862500741346279, 1.0535676901838908], [0.2006319388083312, 1.1291868445076578], [0.9395905631504782, 0.3615942215020397], [0.5040976412275517, 1.0248070753069232], [1.0273007624374302, 0.2661779746494215], [1.0351433229615161, 0.2533589127701207], [0.8028701394372505, 0.7283647746904851], [0.10062776079249981, 1.2034559595852345], [0.9759784935096292, 0.31797739765616273], [0.9111844656396809, 0.6601874488614062], [0.7840580576563699, 0.7411787057570196], [0.7916710429397992, 0.7284409297499039], [0.16847546043855227, 1.1359374057871412], [0.17929491617719923, 1.1349270250884658], [0.7731469908773537, 0.8493696624260936], [0.982007683348786, 0.311360970586927], [0.8386416246844098, 0.693543300229895], [0.44820087751094273, 1.1283089822515482], [0.8044209415518763, 0.7160196539618626], [0.5264364424672001, 0.9972516715359048], [0.7597479330908521, 0.9381450693278897], [0.04425715028103862, 1.2384801430741266], [0.49592749985895096, 1.028748474315109], [0.7724539223124723, 0.8582973251235024], [1.0016169604652203, 0.2932829884391529], [0.9741359341462839, 0.3209646984621805], [0.9433985563802718, 0.35527008208641214], [0.7723389648177951, 0.871873956199311], [0.054559477046466805, 1.2322122742736794], [0.1904201868257686, 1.1317953696021137], [0.11682512613658667, 1.1802956072520672], [0.4890955964689607, 1.0439812243829603], [1.0395089461903333, 0.2443172913482796]]",0.024010,15.14
DTNK3,MGPSO_feasarch_archsentry,11,100,0.004615,0.007980,0.912127,0.004950,0.758020,3.0000,100.0000,"[[0.9263238122485656, 0.6542602645128833], [0.733618154533107, 0.9516960862849897], [0.6922371659590939, 0.9714982428495655], [0.49914667190595197, 1.020947777241649], [0.17140803919908756, 1.138211339763464], [0.9492700125050891, 0.3535965525596032], [0.48873349582460734, 1.047237077605489], [0.49620089610453927, 1.0339509583874542], [0.08386231541221102, 1.2113872814452853], [0.5446897329487919, 0.9864061920651108], [0.9893630562327611, 0.3110191263708482], [0.9334157510713706, 0.3995343187770202], [0.14732128672108308, 1.148978527442761], [0.08983446507210453, 1.2045167835777513], [0.4587296079980061, 1.1224711394028282], [0.1071312372641965, 1.1866994559287847], [0.7755991606659283, 0.7669944128871955], [0.11836670481541536, 1.1760373717581145], [0.5416505763606666, 0.9923350473544208], [0.4713639530719394, 1.098035464177883], [0.7640422413097349, 0.925992113025021], [0.11478848804933749, 1.1837369449891901], [0.1660167264724362, 1.1392524117358935], [0.18645811172116902, 1.1313517447270651], [0.7934875337049635, 0.7272831103049424], [0.20183726886471895, 1.1295963795687236], [0.9046546760232127, 0.6637732294689207], [0.7318405224359502, 0.955562414807049], [0.7466874675471609, 0.9391299953745471], [1.0216900967746707, 0.2686152789157664], [0.8002951175646368, 0.7166501013978468], [0.9337552070917907, 0.38247391441908796], [0.46463001468670795, 1.1167036559954326], [0.955136212340345, 0.34514169379594584], [0.8264203359532788, 0.7119466644266859], [0.5025370228915006, 1.0180267986727178], [0.4832970194335018, 1.0578071546435104], [0.45462104211410626, 1.12425995756752], [0.5962025308913733, 0.9745995178825604], [0.8846212402498758, 0.6794048888858594], [0.7095132024963958, 0.962221039637003], [0.8321255282328586, 0.6949738527157894], [0.9949543314459672, 0.30593355842239306], [0.5746947172490209, 0.9754936703643842], [0.7738467080143564, 0.8627753302340646], [0.2068031152585838, 1.1293792022190716], [1.0105159797274896, 0.28627014179114346], [0.1583858911553846, 1.1419137604351546], [0.7839914772921673, 0.7428609401794686], [0.867350919041236, 0.6859081850825159], [1.0289007442117775, 0.26643321469597187], [1.015681929806893, 0.28101873452316656], [0.8507488780008025, 0.6880454120937258], [1.0432997378503284, 0.24802190571925462], [0.662930005396153, 0.9728705666259041], [0.4916641243653628, 1.0364291382144766], [0.7657626323749159, 0.9088786106056166], [0.8992354849428205, 0.6669111576241108], [0.8023191987925524, 0.713065212336913], [0.8885984797965137, 0.675377204114689], [0.7553527295706319, 0.9363425413593329], [0.1386370686703272, 1.1635977958687767], [0.1283506679645648, 1.165485545784103], [0.47333554709190884, 1.0786334494449303], [0.5148472225659423, 0.9990507243464279], [0.7660642430753527, 0.9034522461702488], [0.8431174305025554, 0.6939239390922627], [0.12291408652311518, 1.1724726569596244], [0.7777990601428428, 0.7541116929024816], [0.5101197643740782, 1.0049742894145626], [0.509889265471825, 1.013486188813123], [1.0209510743959322, 0.27775637851230056], [0.046585102666311995, 1.2385134070628816], [0.7705420419773605, 0.8803014316152913], [0.9740171599851436, 0.32485666485491055], [0.5471089481370627, 0.9809499327308748], [0.09506095309568811, 1.2002653022815948], [1.0323061961390154, 0.2578986133234615], [0.9660074561991217, 0.33211225781075515], [0.053238860937458346, 1.2323575898451657], [0.561774641405041, 0.9774999542513638], [0.9300918323307942, 0.4005683746730822], [0.13998109492839508, 1.1559722630286802], [0.18073424544726321, 1.1371843013677927], [0.7917694736460713, 0.7373839513304137], [0.06048426317938123, 1.2274395697699312], [0.770181536120817, 0.8889962115504082], [0.9175228413806115, 0.6597268246335806], [1.036854197170946, 0.2534756330328348], [0.07463233096834761, 1.2193586618956984], [0.1019907995568017, 1.1937382755742592], [0.9364817898300768, 0.37075951538608964], [0.9598859129617344, 0.337168255697341], [0.9816179704983307, 0.3120245867961671], [0.5192899823218985, 0.9953045589074538], [0.48134037782854366, 1.0708392798558957], [1.003225978431824, 0.2976925689419134], [0.06507503906657285, 1.2253923118698182], [0.8548594444708194, 0.6859931700935358], [0.08339496033442474, 1.2189133786475437]]",0.034004,15.05
DTNK3,MGPSO_feasarch_archsentry,12,100,0.004893,0.009556,0.736065,0.004808,0.784971,4.0000,100.0000,"[[0.9720977406732683, 0.32780113663597527], [0.5203269371613944, 1.0021097963784953], [0.9967811678492279, 0.30683474723369963], [0.12446105585762929, 1.1702080511718562], [0.1550848095188075, 1.1457148633569612], [0.8428765826459417, 0.6938937360285722], [0.10819808513236691, 1.1851294505325498], [0.9296877401291868, 0.6484516987902379], [0.9531701910841341, 0.3448013808499077], [0.5693490061828869, 0.977519800677453], [0.7816047357914763, 0.7428508770328639], [0.9848130368800626, 0.30979675513285476], [0.5276933090106181, 0.9967013671273146], [1.0188126123757473, 0.2756013654305915], [0.7778695725516783, 0.7533190413821311], [0.4603247005260285, 1.1089880584696903], [1.001702539417307, 0.3062865276705192], [0.13557918173532998, 1.1698426418895866], [0.08089739800375141, 1.213708327641296], [0.4738243762648725, 1.0781682857674357], [0.8586662229259822, 0.6820240873263699], [0.4867328260518349, 1.0515112312088146], [0.46595603564601273, 1.1018826979057996], [0.576751537317744, 0.9742654898731486], [0.14095780272629882, 1.1574465324874816], [0.4810431064664584, 1.0640444869018137], [0.486551646156887, 1.0569515645126377], [0.055363833686929945, 1.2309186393140428], [1.0346880455888765, 0.2608038998190281], [1.0237329074956325, 0.26975749508721564], [0.8083463248782586, 0.7087233181221042], [0.93479692266484, 0.38290337913476535], [0.5553348112126754, 0.9835770870980267], [0.4761099782913504, 1.070795032825375], [0.8764507966094307, 0.6759162587887033], [1.040288171117048, 0.24792497827869336], [0.08754804493252956, 1.2066763643519847], [0.1830566769640302, 1.131576486102878], [0.9657168232554704, 0.3287188692708996], [0.10328455202796859, 1.1928203441504128], [1.0309435759975185, 0.2616404197597279], [0.7678997305685598, 0.901115479223308], [0.8465362018082031, 0.6869081416000591], [1.0132168069929428, 0.2800264864361505], [0.8691290342975458, 0.6786039179643969], [0.9569029943607553, 0.34125161204977295], [0.20866385440766488, 1.1297410794838867], [0.9606883485732362, 0.33620318558243334], [0.16389266524156598, 1.139415280485735], [0.04421016752351127, 1.2394801654785323], [0.8582494238058059, 0.6843637386902046], [0.6654429524526645, 0.9717552671724616], [0.5121904934648579, 1.0133033519220274], [0.7307173204284855, 0.9520581707133848], [0.11992682583209223, 1.1740730760420655], [0.8981129146960593, 0.6670383066166743], [0.5025489839096452, 1.023834001273544], [0.8059311925540806, 0.713975209572393], [0.20544947935884922, 1.1304007045677933], [0.506886935296194, 1.0196064899768056], [0.9239955133368252, 0.6615502416098382], [0.7955332395074565, 0.7195204762986276], [0.9058274757935807, 0.6656530533061119], [0.7733867864487133, 0.8518872754660216], [0.7561132602263799, 0.9233719073939703], [0.7748336318146761, 0.8494125738736518], [0.9376320802569096, 0.3699981091160087], [0.9442468573114472, 0.3613124828274245], [0.06437773872610675, 1.2245003115912785], [1.0024668379522077, 0.2950906033790355], [0.7916817401468301, 0.7291721354257255], [0.9305574264583175, 0.39287779903914966], [0.49771091998110384, 1.0372653832337182], [0.9305215841823632, 0.4088009843913446], [0.7663699284492093, 0.9065008146730129], [1.0382726543392886, 0.25017354714630824], [0.699059387560518, 0.966921324217433], [0.9511886314792349, 0.35248809627262007], [0.7760257225486993, 0.7827245982826734], [0.09699734770632319, 1.2027586776818255], [0.974472525451066, 0.31935718518636264], [0.052491279393082, 1.234658190594067], [0.11594215707222055, 1.1803227654443802], [0.7455845624210448, 0.9505277667057335], [0.8237212201963423, 0.6981587913765801], [0.18249938510787528, 1.1355056132162626], [0.5178803351140779, 1.0066871307277954], [0.5484079607396, 0.9882505971282283], [0.0765444860877866, 1.22139541520263], [0.13588949543026294, 1.1601418008644533], [0.17411998661165495, 1.1386605770638007], [0.7481429776038103, 0.9452595343380144], [0.8972952862618803, 0.6757320448821525], [0.6787485116236555, 0.9714705516097983], [0.8368567661687554, 0.696840770951627], [0.5390566000398554, 0.9947006911248415], [0.7854260925029949, 0.7343984962073509], [0.9791216509217529, 0.3152765601587761], [0.5596836800931556, 0.9812056759657586], [0.7166518421661073, 0.9633685338328786]]",0.040154,14.54
DTNK3,MGPSO_feasarch_archsentry,13,99,0.005774,0.008805,0.898881,0.007052,0.793765,11.0000,100.0000,"[[0.5377645508316058, 0.9891225782896813], [0.10407751947403396, 1.1896110144961431], [0.7805776614597043, 0.7721443283183071], [0.767502803983431, 0.9030948819171509], [1.0070738884941794, 0.28878469851630567], [0.8051975812029166, 0.7145831682741692], [0.9649096183104664, 0.33757562002144637], [0.9913623188272305, 0.3086488213498851], [0.794909034869638, 0.7319011502205148], [0.8926391716591067, 0.6712217865415515], [0.07025727739899584, 1.2205641424239733], [0.46476182388080056, 1.1082100585298051], [0.9439131241113575, 0.35847398918750245], [0.9745612007849125, 0.3205604874290228], [0.9960993317560034, 0.2987988635119485], [0.10815934887108526, 1.1854679146891014], [0.6955037069213272, 0.9713436127363204], [0.5121424366835187, 1.0029932411468359], [0.7880683062297507, 0.7365285146009934], [0.7958522580501405, 0.7310496145638263], [0.7229469820100488, 0.967928755026209], [1.0320705127244298, 0.26163948077458676], [0.46287360544181294, 1.1181911234917585], [0.4525131078914699, 1.1280041438900392], [0.0773402669182233, 1.215517802799403], [0.18074924145376137, 1.1348230460124638], [0.13320253986946948, 1.171177656412967], [0.6517967340673113, 0.9728102810914838], [0.7849821251101652, 0.7386378316815401], [0.7599486742676043, 0.9331107167051282], [0.9242338718240074, 0.6501566096395043], [0.8614276157948163, 0.683125167416176], [0.7498220197458302, 0.9368620084653483], [0.7290622067227573, 0.964991170346702], [0.9660312488398137, 0.3371352137539241], [0.12087256144895091, 1.173359518369815], [0.7561076086923122, 0.9336475611567012], [0.47317417739518164, 1.083077297926007], [0.14239229307215112, 1.1533477624015447], [0.14665755432474867, 1.150678357540113], [0.4570738067281395, 1.1256647257308892], [0.16313208770225548, 1.1393854856224281], [0.4716950086359971, 1.092161843283165], [0.48018443468370375, 1.0649955770570216], [0.0949871769043843, 1.20227027989944], [0.7664317054831155, 0.916575427991625], [0.8565410638713673, 0.6908398920747691], [0.7760588091977263, 0.7894541213456652], [0.9527671748054903, 0.35765588778224006], [0.7748574679513828, 0.8618296451146625], [0.7821190889826027, 0.7533970716496141], [1.0187431021617368, 0.28008569852918774], [0.5201541116355957, 1.002287137974742], [1.0270502526830092, 0.2619603965815667], [0.9946844474076076, 0.30656590905128966], [0.2025174624279892, 1.1298498410420998], [0.9115410256602122, 0.6696142998570824], [0.11362181359706099, 1.182287641022846], [0.17518845474434186, 1.1371080436988532], [0.9358463468829457, 0.3685632530409852], [0.812806964016828, 0.7066184011652754], [0.15505764465917576, 1.1440604351188304], [0.9737207453573155, 0.33115245976433816], [0.485737152471888, 1.0493976723070806], [0.052742300823818936, 1.2340809259003926], [0.9815705412252058, 0.31834969663129076], [1.019152098938513, 0.2753856820122009], [0.4972356315111204, 1.0273915932231772], [0.6781409004616241, 0.9727476980902907], [0.08193178293831785, 1.212697980995444], [0.7661627641241385, 0.9211967029683168], [0.13455239542259795, 1.1661449705537037], [1.0323250432142992, 0.2544590524312075], [0.12688673951427365, 1.1729698431950217], [0.0875791986930936, 1.2063414554558747], [0.4603859865855991, 1.122434713356908], [0.9818618346747585, 0.31471978149195823], [0.5716694871827693, 0.9760827720007295], [0.13654742471675585, 1.1585547341642775], [0.9312869119965463, 0.38790675163144883], [0.9533836197655143, 0.3419853139233427], [0.05699050596137583, 1.232041196935015], [0.06325255454396779, 1.2263688360358598], [0.6154628458526747, 0.9742333502081892], [1.0117273001696276, 0.2875623610091787], [0.49326161118646916, 1.037341724941802], [0.5040958643770991, 1.012657595960262], [0.18512751850245465, 1.1304708846096774], [0.5434855919309479, 0.9822623755553173], [0.8987775411337168, 0.6701264590367988], [0.04328022247547776, 1.2392965184909603], [0.048290074568195326, 1.2381585005792555], [1.025677993327335, 0.2681160267238025], [0.7344655808916598, 0.9490056879068247], [0.6964345969088078, 0.9684490773013124], [0.7684776732082442, 0.8954656253329383], [0.5693637471211248, 0.979239689574984], [0.8133690153249052, 0.7037337734860265], [0.8402962187343167, 0.6913279593261297]]",0.034579,14.42
DTNK3,MGPSO_feasarch_archsentry,14,100,0.005974,0.007198,0.772655,0.006007,0.862378,8.0000,100.0000,"[[0.5814287693560015, 0.9754189646655438], [0.9140897691173047, 0.6577391491727509], [0.9350083450516157, 0.3746539395984669], [0.4640915505776855, 1.1092900677517052], [1.0127502116576268, 0.2806842016750255], [1.0269824210614868, 0.2626626773233588], [0.05920700168179552, 1.2331263043431249], [0.15866831491134936, 1.1463625785463012], [0.7646679833361137, 0.9170981108656888], [0.1203342054780225, 1.173446221517315], [0.06656293522132058, 1.2272603216043603], [0.9492373353653097, 0.3534626729842141], [0.726505734600433, 0.9552671788880687], [0.1929211650669802, 1.1312259877610633], [0.9791150866254014, 0.325022062685783], [0.8592741232461449, 0.6848620100423912], [0.17982052526596914, 1.135410871468301], [0.9046625166814785, 0.6633756507267945], [0.9925356717361967, 0.30106338174034003], [1.0332005682308794, 0.2534310968762443], [0.5448950420731379, 0.9842033996458608], [0.9874140153023062, 0.3101304780603847], [0.4793753000379296, 1.0762855437530656], [0.10343640053259909, 1.1954676255021874], [1.0039335934638987, 0.29740930420293843], [0.5993624832550895, 0.9743232241439679], [0.9362119596564279, 0.36839604281625477], [0.06308974262073393, 1.2281668450710905], [0.6900839395284968, 0.9742812260898233], [0.5012896530827556, 1.017235481670706], [0.922968263120313, 0.655661174065822], [0.7738240286925909, 0.8583826206141083], [0.7673313144590264, 0.8944930129224016], [0.5189143271168732, 1.0050876766851313], [0.18243967503206804, 1.1342984854075924], [0.9562396220276979, 0.3482861232530413], [0.9745968153159278, 0.32972066095753083], [0.9806118009819698, 0.3168682055799126], [0.9975662068853308, 0.30011076273654846], [0.9818754309551557, 0.3145895170882213], [0.7816629054173235, 0.7705977580625727], [0.8844600734627144, 0.6705324497509809], [0.8914340720583875, 0.669684751127942], [0.7738550458561391, 0.7906846669198098], [0.553203969495797, 0.9776533372120992], [0.05339346747518822, 1.2332574174843096], [0.1048236703179393, 1.188640570091889], [0.7169897527942432, 0.9603491471703551], [1.0173567173925728, 0.2766115387738158], [0.8429078528548443, 0.691417037496798], [0.5297828751367136, 0.9871015832102166], [0.7490836678355103, 0.9393083117807557], [0.805455621538418, 0.7163873945594441], [0.694978528136317, 0.9669657306744228], [0.09258917818677707, 1.2080907072066063], [0.5137746047663097, 1.0061276012663003], [1.0095213239299978, 0.2950502094154154], [0.867122354705669, 0.6781794715138527], [0.8336606152848708, 0.6958113975837426], [1.0340621027294317, 0.2511941663605945], [0.9695551109461176, 0.33303316344589085], [0.08959101652410147, 1.2114595277364317], [0.08750069865679617, 1.2195406233865198], [0.9631664024405642, 0.3436687418943674], [0.9413699315017701, 0.3643597146777327], [0.9487181787851295, 0.3563605858325982], [0.7976798299092678, 0.7206069509643023], [0.11346179003396718, 1.184785615367445], [0.16412026234371946, 1.1427527366945567], [0.5518753725681382, 0.9780549817844659], [0.09294941276816053, 1.2013896786969132], [0.8202569001055884, 0.7033035948947399], [0.14136574897608006, 1.1565502527769873], [0.790956332398352, 0.7305261562587135], [0.9341857424015451, 0.38797660824907987], [0.9431664408102561, 0.36089554895305387], [0.9318347166769155, 0.38995134025714473], [0.7734618790896477, 0.8666798266947142], [0.9098684688999796, 0.6621018502282936], [0.4529773447299027, 1.1295767398706003], [0.7937218381019778, 0.7258753585962978], [0.12882084866534993, 1.1684079638423517], [1.009672076893412, 0.2888250051746769], [0.7705740748982012, 0.8823406592194738], [0.7591853113633338, 0.9192175696015099], [0.4691886058688619, 1.0874768479200372], [0.1542902268226173, 1.1521689306881522], [0.14069609740723243, 1.1623692905360756], [0.46832680766646073, 1.0892305940474833], [0.08323007491176994, 1.219655444580814], [0.4888750132029091, 1.051769964135506], [0.7031206691041995, 0.9643796798098101], [0.46255564559647977, 1.1151606033204946], [0.8136184281418936, 0.7102784224733902], [0.8068173066532299, 0.7125277475606335], [1.0307220557203058, 0.26178257087755924], [0.11597407625431115, 1.1797298786750894], [0.848264463333514, 0.6867290838714626], [0.45988659323427394, 1.124472564230591], [0.965198735007568, 0.3380822916526073]]",0.035618,14.29
DTNK3,MGPSO_feasarch_archsentry,15,100,0.005233,0.010028,0.744065,0.005574,0.751426,12.0000,100.0000,"[[0.615293698922216, 0.9731564986391641], [0.9853736605360035, 0.31263955790364945], [0.958381596729848, 0.34787196230491063], [0.7739874677692294, 0.811097596417101], [0.04401079608614489, 1.237402987994386], [0.48517596309518624, 1.0505202490739187], [0.7579757161630112, 0.9224574284894185], [0.8222258695392303, 0.6985247370848329], [0.9617509570198024, 0.33955405742414957], [0.8858800862339068, 0.6737452376350093], [0.7453918044958864, 0.9552562779158877], [0.4794505610318127, 1.065542304561651], [0.10768781120511778, 1.1859432863491814], [0.7501276384905259, 0.9478414307806884], [0.08100939135953945, 1.2113499612261553], [0.1494368526115943, 1.1474423232231388], [0.8108904623032972, 0.7071237002540407], [0.803682538916161, 0.7195772358903905], [0.6817402885372903, 0.9703614529124056], [0.8657128524355541, 0.6832362309801849], [0.7166917058854411, 0.959886270674293], [0.6763210119573283, 0.9727197726898131], [0.5006939017441154, 1.0193346542899715], [0.12425153099485887, 1.1754547503585513], [0.9299451508747304, 0.39445346202669396], [0.9322329460063571, 0.3841200841180456], [0.11495837019179198, 1.1792276893757585], [0.4938079123729246, 1.0348120648674577], [0.9732088070301061, 0.3207568715776231], [1.0296298473652077, 0.2579853516212184], [0.1326692177167555, 1.1620411555799688], [0.12750800265670353, 1.1666660528051085], [0.90252672539464, 0.6664761722043375], [0.4903393221418761, 1.0448946861982154], [0.10471127407671806, 1.1911081572125035], [1.0346635696172826, 0.2530991707163363], [0.1809267909760173, 1.1317367393847297], [0.9519128020431872, 0.35489390788837555], [0.9340395921909334, 0.37710107749828814], [0.9295182693960774, 0.40488150370020115], [0.729359593313043, 0.9573324102814937], [0.9674686239075876, 0.33064288475085646], [0.7123345285409809, 0.9615437625894259], [0.6995989783663206, 0.9685605644988056], [1.0117993301567807, 0.28275117352281787], [1.038823684377227, 0.24818231792875764], [0.4517272636694897, 1.1262160665199634], [0.47294976288733087, 1.082021354097639], [0.918054461517256, 0.6545508096681805], [0.7898169261663892, 0.725776657210309], [1.0043796678793904, 0.2899614222592771], [0.982565891694365, 0.3173435200290693], [0.7802673109949168, 0.7668396160636635], [0.8534450098771318, 0.6903265606086599], [0.1450817030152256, 1.1528715572341506], [0.46227599994894153, 1.1024769076275271], [0.09325426720262159, 1.2061030988415238], [0.06597099389896006, 1.2248803897340776], [0.5602015494230409, 0.9777926366896212], [0.09889276188059025, 1.1963181245641257], [0.05517606628956011, 1.2334205576466706], [0.9899355017826504, 0.3060648925230772], [0.7730527350134954, 0.8360891090981388], [0.5361763528304503, 0.9885745016678289], [0.7846613947565618, 0.7360840911354081], [1.0232585789823714, 0.2668716337651502], [0.9963663854054337, 0.30391698730474437], [0.4940202041989187, 1.0317972903171733], [0.760828873407381, 0.9154290882348315], [0.7824963000157806, 0.7585782580266316], [0.06149454824038887, 1.2267827832512226], [0.5045749699289458, 1.0124966379183535], [0.7997184897507679, 0.7246031798705472], [0.07702176410312513, 1.2178053022123054], [0.8314680027747133, 0.6932563966973455], [0.1541333085221543, 1.1441185349669454], [0.46470106786684345, 1.0970249380674937], [0.47453275267115963, 1.0755372115135582], [0.13819993645296721, 1.1586932664820135], [0.7720680237075748, 0.8854639766884425], [0.7576756460735447, 0.935116525997296], [0.16982016839582073, 1.1357651934250748], [0.7829884133488632, 0.7508591180676132], [0.5174968907438527, 0.999092200878603], [0.819108861885916, 0.7025503222915588], [1.0019529691939462, 0.30024292682512366], [0.6066136116373961, 0.9766345416598532], [0.4689890018783105, 1.090808022018862], [0.19134192274218198, 1.131545677000519], [0.19806350637416203, 1.1296508510943084], [0.7759120472466037, 0.7841048171933538], [0.8538049225458194, 0.6871218895629938], [0.7670181071038664, 0.9131944027484351], [0.9404731396581321, 0.36017958726627336], [0.9139270216355593, 0.664107131244896], [0.5254258329742544, 0.9921680657281431], [1.0224068792107326, 0.2770151980769254], [0.07376159116973555, 1.2218603155867886], [0.5144624283946805, 1.008155620548744], [0.8728316177063525, 0.6776459377142642]]",0.026125,15.44
DTNK3,MGPSO_feasarch_archsentry,16,100,0.005485,0.007329,0.818751,0.006368,0.881764,3.0000,100.0000,"[[0.5498085908050749, 0.9793634078661857], [0.6886586531031996, 0.9705221678463387], [0.5192922072891676, 0.9993812244736124], [0.06249962483926334, 1.230262599076881], [0.9308170292368303, 0.39639802082839837], [0.9354569377486774, 0.3759347835591671], [0.7607552601096559, 0.9160712541774549], [0.4716057210041814, 1.1047211726337534], [0.517011190509608, 1.0068280395599716], [0.47281377804146435, 1.0812370690612747], [0.7559668848158498, 0.9293409086652176], [0.8741247243502792, 0.679527863505915], [0.9762359510074609, 0.32146794996668904], [0.11853302526973977, 1.1773241334731395], [0.5274136866420971, 0.9894868478196253], [0.11733352059666786, 1.1899213439209935], [0.09267984938068205, 1.201259723152296], [0.1391567535175652, 1.156091543557177], [1.0298986323804797, 0.2622678092710095], [0.5101919782789345, 1.008475570144153], [0.1531479463891935, 1.1506887848996572], [0.6954582557350609, 0.9686092580657009], [0.940429773337376, 0.36199296484726723], [0.9885728334805574, 0.3070311551176658], [1.0067240463387432, 0.2925976114971826], [0.929251786771849, 0.39640491999408356], [0.9518456557064706, 0.35432343628755825], [0.521275623346065, 0.9948461181831476], [0.18031815319031155, 1.1395121555612622], [0.9943988385501544, 0.3044903398871448], [0.8259148540991009, 0.7011696205265356], [1.0144621493739676, 0.2826161373485249], [0.4871212469437061, 1.050853381074392], [0.7678009718712879, 0.9149741245435516], [1.023238555834796, 0.26901580409675274], [0.12032430729066128, 1.1737937914717331], [0.7974622969805959, 0.7289433986750824], [0.7937095739572663, 0.7291828224181274], [0.11483958787133453, 1.1902192085111114], [0.1564636240514224, 1.1453517230093102], [0.07929157006120158, 1.2159002785848108], [0.08168200890845197, 1.2106637338193387], [0.10428304448001217, 1.191617315297738], [0.6511105757808715, 0.9745613008017491], [0.06824976932102715, 1.2250992164902068], [0.6691492414835715, 0.9734172090161637], [0.9695204708378408, 0.32547113060215566], [0.5354936599499062, 0.9841394688274443], [0.12569983487334538, 1.1693467737788534], [0.9565615648952172, 0.33837309207904953], [1.0017785094237852, 0.2957174921601926], [0.14311678247241863, 1.152729394366678], [0.9531322481645212, 0.34462743310106275], [0.08497256118711254, 1.2078129810508151], [0.7785486592834069, 0.7508012115896572], [1.009107978673448, 0.28619374662935837], [0.8550263080596726, 0.6850105320338354], [0.8711369401646673, 0.6829431733322238], [0.0500253641465981, 1.2356463949273508], [0.19821115658511929, 1.1291498155130355], [0.07486666190164011, 1.2224859562875123], [0.6835182199580306, 0.9711113747996682], [0.843728137397594, 0.6909786992839466], [0.127833215443036, 1.167406293113964], [0.9582209495128784, 0.33603345969213405], [0.7170078267232657, 0.9650971009358378], [0.1659983204516975, 1.139947500090525], [0.17928791685180462, 1.1396220416489828], [0.7562213059554659, 0.9238478604385549], [0.921987829969236, 0.6523361648273317], [0.5001178659196835, 1.0215763929524428], [0.8352376704885067, 0.701008981043058], [0.09992926205594263, 1.1942142670663185], [0.5419191198223211, 0.9811767465784704], [0.8048129790831461, 0.7103929907227631], [0.9315747094459144, 0.3840287829791118], [0.9825698043892931, 0.31471493441631254], [0.05635651340314232, 1.232998276874597], [1.0447058528846298, 0.2502504354900548], [0.7755724951300158, 0.7786366481011986], [0.8375176069222035, 0.694366910483647], [0.09712906997917418, 1.199728954229046], [1.0182301636407238, 0.2752365650616635], [0.49556782846596986, 1.0506520270833126], [0.9377904844928522, 0.3699889066206129], [0.46614667091016376, 1.1086725503139234], [0.5881261540226961, 0.9778216114115188], [1.0354957484939429, 0.25121319703897127], [0.9472210292541902, 0.35957874241239873], [0.7845356731926876, 0.7369370996410141], [0.7371865550971062, 0.9477651347841483], [0.8866092051192062, 0.675371376897894], [0.7800514582039995, 0.7473815057382163], [0.9049358958702214, 0.6616378058997294], [0.4604537414566753, 1.112440397568301], [0.4988886493423747, 1.0397114607151265], [0.19272736100424068, 1.1337291569398362], [0.9171098911546566, 0.6604524090156152], [0.4770182698504718, 1.0810661329268203], [0.9642260529520353, 0.33003967526883]]",0.029873,15.12
DTNK3,MGPSO_feasarch_archsentry,17,100,0.004582,0.010476,0.866594,0.004848,0.740631,6.0000,100.0000,"[[0.9066845058149544, 0.6636592022556087], [0.4652163180118889, 1.0962844596326558], [0.7762641573800249, 0.7679833993263532], [0.9415376710401425, 0.3599533713878289], [1.005356121436123, 0.28998631756297977], [0.5730682897313787, 0.9796601496566408], [0.4733955970494972, 1.082595407768101], [1.0351498447600676, 0.24877753942810457], [0.7119666813107569, 0.9617300486757996], [0.7464483626791759, 0.939291310156771], [0.18452547639587183, 1.1356798801914236], [0.452699692323599, 1.1241567855974772], [0.933268805036638, 0.38970241014920476], [0.1366437499450942, 1.1576899826526552], [0.05661573674787554, 1.2353938724186206], [0.5004787782882177, 1.0283066597738535], [0.5270277693017588, 0.9963304520409488], [0.9364545375548944, 0.3727139229428942], [0.9937605130381165, 0.30589657408549475], [0.9513289346348855, 0.3495118810664871], [0.9686153745151568, 0.3251642478205031], [0.8160757131806485, 0.7076757137846128], [0.17171394827650538, 1.1374574043051624], [0.06379827501388044, 1.22596810417638], [0.05718441665795822, 1.2341488358033392], [0.6890522763065813, 0.9723561940240266], [0.10520979593709191, 1.1975072406833331], [0.11734212182282229, 1.1777203929227642], [0.07474247318087472, 1.2235989269479144], [0.19327155372492694, 1.129361589272372], [0.974724828415617, 0.3209752197733204], [0.9978776071604474, 0.29666767710807807], [0.8520677442183903, 0.6864415957138499], [0.7746582295929701, 0.8096371301760501], [0.09083729007076585, 1.2042355307764623], [0.10217280727342708, 1.1999447436825363], [0.5060870827027507, 1.0120673637438502], [0.7637889678638944, 0.9061798976567115], [0.822324588543936, 0.7034468747711544], [0.8942050826087463, 0.668732076152228], [0.5135755720672083, 1.0047955871243404], [0.07897744669229546, 1.2131849896181102], [0.9251109373322186, 0.6498437099130303], [0.10777156119162747, 1.1857812468684104], [0.800746141090908, 0.7168521571569921], [0.0460352362267343, 1.2391542767731039], [1.0123928037528518, 0.28085489434629984], [0.7354149952024457, 0.9500888257475693], [0.773892943928594, 0.8106440662447367], [0.674135215625753, 0.972727290827351], [0.748316290756589, 0.9366827250886414], [0.1565415609501, 1.1477553084828478], [1.0226935388658132, 0.2679684828809431], [0.9487866087011785, 0.35351086598230075], [0.48114291100335815, 1.0647519385996238], [0.5840451069271712, 0.9745060918147728], [0.12456207532087064, 1.1702448841063229], [0.45425655354722405, 1.1185202813054822], [0.7701424633081894, 0.8887491217314285], [0.8274235379371915, 0.6957837550997721], [0.9156780707554094, 0.6609667654138567], [0.5576653863414032, 0.9809720523090366], [0.9816048055202908, 0.31790410684500825], [0.5409707590238587, 0.9902338697201536], [0.16685534227627513, 1.1476596498281972], [0.4945064463321417, 1.0304858531843715], [0.7862725399659223, 0.7350601411133983], [1.0418709716496324, 0.2459097023491934], [0.7784669454179836, 0.7519805446817711], [0.7906395960872661, 0.7257136609227743], [0.5059460361346747, 1.0217831001590278], [0.8736077878260958, 0.6813514366096503], [0.6971016514185181, 0.9664430591453816], [0.14600346645133894, 1.1519680980573892], [0.666023307576206, 0.9739103141088366], [0.92077791642304, 0.6590726529406326], [0.8976540611459424, 0.6650496449575722], [0.9333789614420404, 0.38122682104819455], [0.5464485722508352, 0.9812372031613654], [0.7303026717629587, 0.9598618351335153], [0.8611143602928542, 0.6824968029322558], [0.889759033338326, 0.6761938732577031], [0.13104764593355456, 1.1637733560785284], [1.0193262416053765, 0.2747412669480583], [0.7763005126388053, 0.7677395173658512], [0.8750826419313816, 0.6781865707739031], [0.617384957641803, 0.9741776044856598], [0.8383231917105703, 0.6908514785703093], [0.46311480336790073, 1.1124587637971455], [0.9330381023213408, 0.4199732874269323], [0.9656494291644545, 0.33446991784843483], [0.11240158377858718, 1.1823367413281258], [0.8096498090981585, 0.7106306328749032], [0.7707894326041453, 0.8740348034648731], [0.6296156341259065, 0.9740562314324135], [0.990126591798348, 0.3079072127068845], [1.0300112280681124, 0.25643864668869565], [0.46988926446669105, 1.0894367065344868], [0.7946950458242349, 0.7214195506043284], [0.5189614933679249, 1.001125873302714]]",0.033728,14.42
DTNK3,MGPSO_feasarch_archsentry,18,99,0.005932,0.006684,0.690610,0.004926,0.818903,5.0000,100.0000,"[[0.5310972723930353, 0.9943804115342976], [0.1774491980900585, 1.1360823152609538], [1.0045379720026737, 0.28868627650869794], [0.9860639027956433, 0.3080171439606598], [0.9444799208765228, 0.36348932316249194], [0.47664955596758496, 1.073832339695508], [0.7683631862700124, 0.9004602291005199], [0.45947632892745405, 1.1081001588378356], [0.5388320313258731, 0.987905230755262], [0.7755671413225458, 0.789785470376124], [0.854998026744115, 0.6899978756441125], [0.12787506049625433, 1.1784661886684298], [0.7734893145278401, 0.7991259511374282], [0.11132740723802832, 1.1910937805815238], [0.9744843766899255, 0.3249328087535349], [1.000569061822077, 0.30213855213340524], [0.4904346979470351, 1.055327243472477], [0.0766841561230955, 1.2167997493571237], [0.0933427506656347, 1.2088928029239403], [0.7241334953511029, 0.9591336833512951], [0.5099371432292593, 1.0245939997281976], [0.5109190509950294, 1.0136429815193857], [0.49069985889949186, 1.0508399560448065], [1.0092125208131355, 0.2832952094397541], [1.0203452096092243, 0.2702819125867217], [0.5200533056735621, 0.9946359119662547], [0.0809944426722957, 1.2119164111216216], [0.701786391954601, 0.9660631918444686], [0.9469824541133619, 0.3510468862040129], [0.888267527360134, 0.6732332445061369], [0.8009164581333462, 0.7211674606879268], [0.8269382456620521, 0.6966845021185557], [0.49301949033220605, 1.0445909296944134], [1.0259355191653603, 0.26501437709259634], [0.9245535764968107, 0.6520166956826421], [0.9364835390793639, 0.3674068245915555], [0.8958834503940897, 0.6681586769191288], [1.0411818777255308, 0.24729454057463646], [0.9629361019030468, 0.33368651768693863], [0.15895459997134748, 1.152269042119374], [0.7431799722857354, 0.9435210827475169], [0.11608502660724752, 1.1840036736825081], [0.8592885640141303, 0.6861658695909582], [0.921182615971268, 0.6624446377128846], [1.01747072948796, 0.2759832642697044], [1.0333779303909452, 0.26168899691083525], [0.9362731304760247, 0.3720464335151402], [0.981003592575275, 0.313888815578558], [0.48219263686298885, 1.0698732567101636], [0.5135523192431924, 1.009799572889978], [0.9135740713436303, 0.6666948703059791], [0.18883932996092737, 1.1346268441387146], [0.9923080478574917, 0.3025973305821379], [0.8454759350936742, 0.6924212908674727], [0.7712661548250624, 0.8796650905974739], [0.8722128573323339, 0.6789233317382469], [1.014830007793355, 0.28084082430381124], [0.48309575216115563, 1.057757617163078], [0.7502469725878911, 0.9321866340579588], [0.8157666255614956, 0.7041010154852008], [0.78665912087789, 0.7381268415307365], [0.9446652385902425, 0.35398363159517243], [0.5662610901425177, 0.9826151162556185], [0.19895635299750153, 1.1305955041287332], [0.5383019879972187, 0.9905658972086553], [0.47176499000814737, 1.1021944052144972], [0.8625434634211114, 0.6834937825686191], [0.9615493564863244, 0.33594226809795585], [0.7790788688564767, 0.7558692101199549], [0.49441698484564883, 1.0303982868400765], [0.1343910263519525, 1.1628628746369618], [0.5766786046327074, 0.9775089659827023], [0.8750178926562763, 0.6749871787521109], [0.5188368419806298, 1.0067298386284116], [0.4485258210957008, 1.1293561183040053], [0.05799067622223662, 1.2302434598981866], [0.8175749469360899, 0.7022254152615282], [0.09912884502887422, 1.1951220994133402], [0.9666130422951554, 0.3275567181924318], [0.7596535505300688, 0.9172492211502488], [0.14492406312697953, 1.1529374981997973], [0.4559638658768542, 1.1283119985183574], [1.0362425559656223, 0.2539504830091665], [0.05706529355833744, 1.2368357778235053], [0.696683262630507, 0.967206121161224], [0.14431306613608813, 1.159405814582489], [0.0630823470436511, 1.2290941078090623], [0.595665504968725, 0.9744104123077553], [0.979937009324417, 0.3247849104225802], [0.9076655515277454, 0.6667832536453899], [1.0022891779266185, 0.2978886264815922], [0.9319211790106607, 0.3790860670712988], [0.7964303065206918, 0.7295932018101594], [0.19300600585664773, 1.1308876008854536], [0.9519884412378892, 0.34562372465639774], [0.7883427814765024, 0.7326731916467641], [0.729846774813402, 0.9586501491963197], [0.16069182506097257, 1.1399175054008213], [0.928632793790069, 0.6485572983197123]]",0.038925,14.83
DTNK3,MGPSO_feasarch_archsentry,19,100,0.007013,0.011221,0.807815,0.005444,0.854423,13.0000,100.0000,"[[0.5031161675082031, 1.01981874723679], [0.11246375056875015, 1.1879696482360873], [0.7036762380292213, 0.9644297840272638], [0.08674513135293584, 1.2185141570102915], [0.9319663768449657, 0.39390673032273593], [0.5304892613477414, 1.0010255422661332], [0.12084904378290806, 1.1732472178927906], [0.0812976440728548, 1.224526677097149], [0.9962347017809474, 0.3013992146321829], [0.10334903209906744, 1.1971762653278646], [0.4630281546040426, 1.1282525668620031], [0.8420314379991489, 0.6916086247166089], [0.6121956798191429, 0.975736636959778], [0.7686575248591053, 0.8926788458096333], [0.9785445762779889, 0.316236305242264], [0.8603099622358407, 0.6840047559257993], [0.9644444600581309, 0.3327010655623224], [0.8274527128265136, 0.6975514209409204], [0.5230346492130767, 1.0041533747995988], [0.14907631731128093, 1.1572409830022308], [0.17208600562216186, 1.1373876963474583], [0.9042903200635567, 0.6675617091744503], [0.11669796174042064, 1.1779935922630598], [0.5585699555349612, 0.9921902952590524], [1.021096254361594, 0.2733670220273479], [0.9428635271006076, 0.37121417183390415], [0.5611929104375937, 0.9782571515747054], [0.47908036541358523, 1.099076981424263], [1.018312044734987, 0.27503524008328495], [0.736833587395971, 0.9475211620654496], [0.6287944209158522, 0.9733113293364426], [0.8674766395953273, 0.677925225217888], [0.12795563212914216, 1.1717632780250573], [0.9296613038911395, 0.39686850303889143], [0.7821302194842586, 0.7437889200223098], [0.09234298401177461, 1.2101304444947036], [0.4698499449053903, 1.112732880606927], [0.17003585026967488, 1.1399126824682366], [0.763057802818473, 0.9229015766592048], [0.8053620127471931, 0.7112719697957175], [0.13775203926541, 1.1601960915273482], [0.4928021826703216, 1.0566247157520532], [0.8399707796311339, 0.6933022626226022], [1.0131190245632136, 0.2850547065107848], [0.8205793361405783, 0.7034215759336047], [0.7711587335956843, 0.8819430752619708], [0.7753933780741781, 0.8098022753543817], [0.906214562996253, 0.660192434951907], [0.830588994339549, 0.6959503070870667], [0.9328236970709882, 0.3808965831054686], [0.48735075334043376, 1.0623593894777321], [0.7761313512391607, 0.7982410063923888], [0.1549152541895295, 1.1498359924171826], [1.031367041316253, 0.2598299096739921], [0.9286176152976893, 0.6476498088499685], [0.9612049884712189, 0.343251433904902], [0.5436084840211383, 0.9922569951302831], [0.49337201781280254, 1.049578464550389], [0.7438965535755455, 0.9448459443481318], [0.4983930057082341, 1.0442374804614183], [0.20057193203255438, 1.1307203349194632], [1.033689303310826, 0.2509795938691501], [1.004419112546322, 0.29110279732661454], [0.9523512856419581, 0.34445448247157645], [1.0002084341721378, 0.2992831681239887], [0.9355462599446117, 0.37251271907849126], [0.4720552280970885, 1.1020709549859853], [0.9747018030714577, 0.3227806218801172], [1.0377167019371167, 0.24983119054014108], [0.7732352283974023, 0.8199669561958289], [0.18196432506650392, 1.135283340076978], [0.4793723447558395, 1.0694552355985285], [0.9436038425766939, 0.3569346472210899], [0.4645086469321639, 1.1171078632403728], [0.8762987940270169, 0.6778028368928777], [0.7934409056523678, 0.73333781536073], [0.1344660415916211, 1.169289719997707], [0.5366022010085877, 0.9935540205948299], [0.09939645057982996, 1.2095082548747054], [0.8874454223735924, 0.672815056031075], [0.988957332409675, 0.3043431103481319], [0.8515117361093366, 0.6888740155889108], [1.0274311966956298, 0.266492786100532], [0.19115517742658383, 1.1347152763313317], [0.48000419987209897, 1.0671451693706742], [0.8796582903277583, 0.6744781094176728], [0.6218662052226608, 0.9734555230664197], [0.7030648822030549, 0.9667389575788934], [0.10559917585119595, 1.1946586088150672], [0.046397339687566, 1.2389216647273198], [0.5112313346424481, 1.0114560066097613], [0.7606285452427582, 0.9264995900219504], [0.5196437484497696, 1.007248732921986], [0.8131759863598453, 0.7070240764251656], [0.9512536849297993, 0.3516741521795724], [0.7981561014650812, 0.717288608959159], [0.9875675477643834, 0.3080150857029276], [0.9223779714617685, 0.6550512050195048], [0.9683320516828426, 0.3270787738207071], [0.7661014649738366, 0.9155860069942441]]",0.036437,14.80
DTNK3,MGPSO_feasarch_archsentry,20,100,0.005357,0.008933,0.746328,0.005539,0.774169,4.0000,100.0000,"[[0.8105614116396392, 0.7125233348430797], [0.46978888065973745, 1.0944965372796391], [0.6947343786867668, 0.9676889531897328], [0.13191545946168962, 1.1662765933208614], [0.9951486972587359, 0.29807567259974554], [0.0688218415576731, 1.2277563557550064], [0.8844559987455207, 0.6735630115080324], [0.949243748683733, 0.3482689316098499], [0.9307779154219747, 0.39385348408700116], [0.9370045686628302, 0.36819963418854973], [0.9648997740110994, 0.33016629321032365], [0.11600394789711832, 1.1779855325281168], [0.7156587347702029, 0.9649876436120393], [0.7735273699331833, 0.825011781888656], [0.7895810855128856, 0.744358324746627], [1.008922548785149, 0.2912958291122413], [0.1562689461735039, 1.145340322302179], [0.7948747298812949, 0.7226646924150413], [0.07403378235198892, 1.2221711331556895], [0.8252667596483562, 0.7061368658641722], [0.08414713805173869, 1.2102763142167443], [0.9351528961115988, 0.37983212706278935], [0.7708216947135303, 0.8880069896617344], [0.7789125820842452, 0.7576315749707503], [0.14974349625725747, 1.1479671545673946], [0.17231302297117781, 1.1384595363655872], [0.47379451374206516, 1.0853190855039685], [0.5463054921614008, 0.9861486040262502], [0.07767008784711059, 1.21543968204234], [0.991198718625885, 0.30868301749530236], [0.4890397955242602, 1.044290444483565], [0.12249927265381184, 1.1735665585807502], [0.47801470622670644, 1.0667722313827936], [0.060783869257443404, 1.23330336624395], [0.9770416502008684, 0.3206629139277958], [0.9332209046665226, 0.3884254954860783], [0.0890613007314593, 1.206564229662163], [0.9428390868690013, 0.35614494748538156], [0.16323442475708322, 1.1393982342491487], [1.0191259445208996, 0.27627635474582507], [0.7435292220247681, 0.9537448529970534], [0.10209902326224933, 1.1920377249053895], [0.4979533515777699, 1.026813469681613], [0.7761280022627371, 0.7663638050434853], [0.859902966487824, 0.6808311856417226], [0.5566769900417982, 0.9790540017023996], [0.7745141756350366, 0.7980836095019574], [0.9701221443399103, 0.3268936893575612], [0.4968212467932527, 1.0356735506158137], [0.10015908681830718, 1.1945500268072238], [0.4924376353456356, 1.0381691262961597], [0.19053364586074556, 1.1302926086392686], [1.0413915150352229, 0.24752809211460813], [0.9550095226925939, 0.3403684874254512], [0.45583226887762135, 1.1192520536568455], [0.9171511879662761, 0.6560386320887999], [0.7589035080687175, 0.9232219122279712], [0.1442126414768502, 1.1544664405431149], [1.0143139995997312, 0.2777083911209013], [1.0236063853834039, 0.2692612329746769], [0.20275855083567962, 1.129499668197658], [0.938888693366705, 0.3627490633793697], [0.9167880763990984, 0.6642397572478735], [0.4517916292837256, 1.126220354508621], [0.04683463157750328, 1.2394028753108117], [0.8037446233203628, 0.7183336745701441], [0.8255190303404404, 0.6973406926860697], [0.9295650722641368, 0.40650061375011], [0.8685731857453142, 0.6784413033682315], [0.7625519459661926, 0.9102715062941535], [0.7938895979338018, 0.7380192631741107], [0.8447512707380432, 0.6945173551687661], [0.7835944356406009, 0.7513776048183369], [0.529194896605309, 0.9968357930413885], [0.46268913133278305, 1.1109322049935675], [0.13952491118620236, 1.1562687408352488], [0.5033193872135514, 1.0148569453559064], [1.0341989829664586, 0.25514012097585487], [0.7042886959668522, 0.9663786868512259], [0.7299119717633291, 0.9620499362222421], [0.6889706961445071, 0.9688111519065554], [0.5931454536132857, 0.9736707428092399], [0.6499836099935978, 0.9733190140796164], [0.45655280120998554, 1.1147941283094227], [0.05142329410774506, 1.234178002376956], [0.5511719876664627, 0.9827730467793392], [0.4745064401852481, 1.0833627406787865], [0.17926117587740553, 1.1324873220655813], [0.49871903141557594, 1.0212536661366003], [0.5749088296830521, 0.9765563964881989], [0.7648236096874464, 0.9015908325507269], [0.09402415778473604, 1.2027619618517715], [0.9822584763408592, 0.3116482535046883], [1.0020690630939275, 0.29699638652639215], [0.1302009434577424, 1.1716426205880337], [0.507413302537384, 1.0094314770055859], [0.5122738289731658, 1.0036559676898822], [0.4651658109096466, 1.0994534542842411], [0.7318532272898048, 0.9567519414236345], [0.531515628398957, 0.9879791424229696]]",0.034525,14.43
DTNK3,MGPSO_feasarch_archsentry,21,100,0.004130,0.008928,0.875527,0.005770,0.759264,8.0000,100.0000,"[[0.7705686183183486, 0.8822590665316146], [0.9294024462277454, 0.6543533578830603], [0.13463762364607815, 1.161711621456908], [0.9132587964522204, 0.6604542528592148], [0.7358637391253324, 0.9490744930617976], [1.0164566349062045, 0.2749258435161239], [0.9877793283667695, 0.30709456327000917], [0.04809274733842142, 1.2361204950814477], [1.0233697626151452, 0.2685010650756006], [0.5074379469474254, 1.0198878927516541], [0.6275717167937671, 0.9743882805004653], [0.7051076486343811, 0.9675028532485677], [0.9619477506305478, 0.3346224284390664], [0.6877200574678476, 0.9724508958004834], [0.15373447512534272, 1.1454077440345072], [0.939180005556202, 0.36630597196660764], [0.18084601462847275, 1.1319011588278842], [0.5772292483156527, 0.9782295442237612], [0.8947445536545272, 0.667988484585496], [0.17501779747173868, 1.1385211716740338], [0.07453265272836777, 1.22299659465492], [0.4765666108354481, 1.0820426938634242], [0.10136232273486108, 1.1979788669066762], [0.7506985651358749, 0.9343748598373325], [0.9517437323808245, 0.34532357769665634], [1.040742513234693, 0.2446791659613809], [0.7662361411141955, 0.9119938762795783], [0.9416043384252595, 0.3579616555560726], [0.14008796899641116, 1.1582785450665782], [0.06251764030943925, 1.2331325098094885], [1.005764812251986, 0.28719014838855694], [0.956643264516798, 0.33914765958928866], [0.5411566879931223, 0.9863892366659361], [0.8764351578530293, 0.675244570793114], [0.20976067099315654, 1.1310229886884726], [0.9721182127986084, 0.32176965128712337], [0.7531057817674834, 0.9318857062049011], [0.48998688245442873, 1.0394084435758826], [0.12574447227542362, 1.1714872102612306], [0.7753412987771993, 0.7764360021694163], [0.9861422196703018, 0.3166931956066858], [0.12736911140309132, 1.1662673954008924], [0.7789894197656076, 0.764620974956481], [0.7950412113005632, 0.7272713619942441], [0.8391780516218471, 0.694760519698179], [0.4638545149402732, 1.110405957231606], [0.5188037078810768, 1.0017268936053987], [0.07975376052879636, 1.2148748735164565], [0.9803177244719773, 0.3172898783770952], [0.10817786556398197, 1.194177327318613], [0.48257279832368294, 1.0574231431425514], [0.7690404115799935, 0.8868085898329152], [0.064534716028921, 1.2250433528034044], [1.0111407910035781, 0.2823541429348291], [0.45707251893629103, 1.1203177789976742], [0.08417935526197283, 1.2088336891968345], [0.5047315674139474, 1.0245133786312017], [0.6894039760862414, 0.9689534722463202], [0.1157749453917072, 1.1788759262336324], [0.871043086816659, 0.6808356737441095], [0.4795957933559147, 1.0684718365752675], [0.8653733917270983, 0.6884925751267252], [0.5951311502095623, 0.9750945947230107], [1.0312057779482722, 0.25736993152052895], [0.7847720019287417, 0.7452258429339922], [0.4888936399167988, 1.0481096660856333], [1.0280557333122657, 0.26102789682685573], [0.9299224345708571, 0.3931033230829163], [0.9951729721986219, 0.30341583454802135], [0.8813726201558206, 0.6735408438365006], [0.4677293464200295, 1.0904878916808243], [0.9020358724575455, 0.6651373361620434], [0.9319687581614232, 0.38248677885089444], [0.7743646094028801, 0.780407440186142], [1.0379522938293007, 0.24703737220176814], [0.45156359293091586, 1.130308603819493], [0.8098506074375507, 0.7120191643439235], [0.7895142146942332, 0.7343793338783486], [0.8216291901926617, 0.7016099898426071], [0.512515497076575, 1.008844838772705], [0.774057699324768, 0.8234419103888861], [0.7679945424984308, 0.9023137087276585], [1.0002796833090215, 0.2970583920584106], [0.7428871554995335, 0.940786032002348], [0.8608579528886621, 0.6945059115640577], [0.5271238817375078, 1.0006561535926093], [0.7276864079191633, 0.9559440113327882], [0.9647317592827722, 0.3289386424247013], [0.9378480080655994, 0.37343967686041213], [0.7607963833790915, 0.9244388698630861], [0.11450057376057667, 1.191214004404462], [0.8043444223436649, 0.7163660899076385], [0.49993802874601695, 1.0346236340004227], [0.9219929262248434, 0.6551473549819755], [0.09690210910416804, 1.2041134600753314], [0.14971712284111202, 1.1521493979868263], [0.5323825146861165, 0.9895887022787144], [0.946219697484915, 0.3518164422156464], [0.723129969398899, 0.9585056971767361], [0.5492251995603986, 0.9829131863816667]]",0.038986,14.87
DTNK3,MGPSO_feasarch_archsentry,22,100,0.005729,0.010217,0.446208,0.007126,0.797580,5.0000,100.0000,"[[0.10711610327150575, 1.1894469012463922], [0.6865165145901804, 0.9715560744024372], [0.046754111013711463, 1.236956702182709], [0.5090010872421052, 1.0120099458224752], [1.006433930022446, 0.2914143335742788], [0.8260446132748596, 0.706590259018933], [0.8852095952344713, 0.6731923051284238], [0.7503279592571453, 0.9338938538998729], [0.7278659207931985, 0.9562467900242324], [0.08385926267842977, 1.2172141311000921], [0.9671149343357073, 0.3309906731915222], [0.09554549447884515, 1.2010639323961618], [0.9300649041587822, 0.39659994019964206], [0.7874555747127626, 0.7342177272396408], [0.8176383182235104, 0.7143945263326075], [0.48453871647649444, 1.070228751056869], [0.16898581906921864, 1.13752778362974], [0.946633261851023, 0.36239312629056575], [0.6229625596008579, 0.9736405228203171], [0.4770950446755927, 1.072317941183148], [0.7732423674041132, 0.8380385781820587], [0.47600052871877674, 1.0770029753914363], [0.14497321603570154, 1.15680318653672], [0.5916204458537471, 0.9759292096663441], [0.0639354259888046, 1.2284083685265814], [0.8262423004162736, 0.7012828841285466], [0.8601880360522816, 0.6854519303382456], [0.5062878202510589, 1.0246788578041832], [0.11823530911493237, 1.1764582504124819], [0.45392672965745484, 1.1233425768323606], [1.0259614570668631, 0.26477135489613784], [0.7825960627141745, 0.7476784345036098], [1.0113274385236417, 0.2821300229499325], [0.07697073642754519, 1.219614913928581], [0.471883526357763, 1.1082278122038012], [0.7802263450635643, 0.7598528829013165], [0.9862823686869305, 0.3184781084858778], [1.0335665493336939, 0.25088026135871855], [0.7705589205007107, 0.8924531766104138], [0.5456514192351388, 0.9895700457753549], [0.9577005352665765, 0.34247491555030274], [0.7272678773740878, 0.9563436746367455], [0.8967436794801343, 0.6684819838347438], [0.11555442604781731, 1.1816816045125964], [0.7759928340794157, 0.769638168420733], [0.16036071034857513, 1.1403744273719418], [0.7008690987987675, 0.9673052623438012], [0.7451837670123226, 0.9400219217249917], [0.9961616045732329, 0.30288329905345496], [0.6925556105927188, 0.9676307884052646], [0.5591068833246435, 0.9792302844072573], [0.6052672572367384, 0.974585765571971], [0.9261449014815883, 0.6519998462635616], [0.15290976488121696, 1.1526535384621053], [0.7741687530667808, 0.7821314459804274], [0.1407374827198301, 1.1578944296006144], [0.9334827138314733, 0.38367122826424105], [0.785447593172404, 0.7470173510774178], [1.0050568299666915, 0.3026054092091283], [0.18922398085969666, 1.1319553665578561], [0.07034100160355698, 1.2219596167771416], [0.056514008016980255, 1.2308264090471537], [0.9757315950737742, 0.3218853511990187], [0.9385884487171737, 0.3795505141994662], [0.6158016932686793, 0.9738340936255188], [0.8468016480337752, 0.6977494432894231], [0.5162135813463903, 0.9988025320194691], [0.17895565688564993, 1.1337390022013498], [0.7583351648291565, 0.9229632338355147], [0.8629964615644995, 0.6841817964523319], [0.44859101375868393, 1.1316195497416726], [0.1119852921099903, 1.1855217248454286], [1.0303863268733668, 0.2628982639028648], [0.932759019444688, 0.3903633557817717], [0.47474384586523144, 1.0892518117656644], [0.5252691645550698, 0.9981752419725691], [0.15473492913689835, 1.1479796039372212], [0.5489865173268228, 0.9860494101721229], [0.12985396734198953, 1.1677087061500429], [0.8487832036571845, 0.6895856772416531], [0.49082122701717235, 1.038877829612055], [1.0425411681151129, 0.24717029517139974], [0.7172658649780265, 0.9640182167623617], [1.0328030691526446, 0.25214806667189826], [1.0199543450260486, 0.27887251325730106], [0.9421250860849796, 0.377022273820852], [0.8199895177908264, 0.7090376754898184], [0.08871842926618526, 1.204402895028868], [0.7937022170001454, 0.7274075316027906], [0.12345537466069526, 1.1753115792614441], [0.8134193267778344, 0.7189097857497497], [0.48617242185063053, 1.0529582989096196], [0.9276835257498073, 0.6502319383594797], [0.13186150445156308, 1.1627538952664551], [0.0994514002955761, 1.1943981141133952], [0.9542055960730914, 0.3429908731433771], [0.051190294481658224, 1.233799989200485], [0.7976366003525027, 0.7218790970126945], [0.4655059797679727, 1.1090274315904824], [0.87599439097501, 0.6767838282745278]]",0.035274,14.06
DTNK3,MGPSO_feasarch_archsentry,23,100,0.004963,0.008941,0.779770,0.006379,0.777676,5.0000,100.0000,"[[0.7820425872342028, 0.7545951249953862], [0.4979592888663453, 1.0227175245240814], [0.8371840502736353, 0.6927409848192927], [0.06245097534752292, 1.2305654454946762], [0.9292918213614516, 0.39771889868409077], [1.0336779111433039, 0.25642207014364915], [0.9330063966333574, 0.384966325823119], [0.8095591465340123, 0.7116275800976477], [0.9143455298503667, 0.6583526487549103], [0.6129311726582204, 0.974915892999465], [0.5289415681207149, 0.9949643259567931], [0.5493595863316021, 0.9846185236132416], [0.5074695004414478, 1.013993748630835], [0.8487438989619374, 0.6865023541651585], [0.7862577316285198, 0.7389205502391951], [1.0168428872090793, 0.27767785842389214], [0.4660479236440971, 1.1017851267327072], [0.1267290048410013, 1.1670510968744883], [0.775573523390073, 0.794709836002832], [1.0201139089088018, 0.2713691446809212], [0.1611127375276278, 1.1401089541322504], [0.06852092987014786, 1.224401934174787], [0.49266827942439617, 1.0466987128357725], [0.051251077140035795, 1.2369237573783467], [0.18140815611791458, 1.1363375975978018], [0.8988965822326056, 0.673043166554292], [0.0843523056945316, 1.2210110765719986], [0.9353911642153285, 0.38002858253333743], [0.9397640168565191, 0.3708894451176774], [0.14700819809082633, 1.1532938991233708], [0.478415092878869, 1.0811346843763663], [1.0384720649879073, 0.2451216466068522], [0.7814190545637193, 0.7756053610658507], [0.1020614241251654, 1.1949568996707265], [0.4966344000948598, 1.0330013488244345], [0.2060019742344674, 1.129345853947089], [0.8652353111290514, 0.6807099627082642], [0.972868608593308, 0.3221517113421658], [0.7973837105336398, 0.7183059914644156], [0.9411554381488961, 0.36240864460654654], [0.5025810134400177, 1.0210494411911677], [0.07139346946889259, 1.2210909310051146], [0.5738182022075798, 0.9756932704272492], [0.05694827044621008, 1.2320318592751514], [0.6787177844164156, 0.9733253355855742], [0.821510917849883, 0.7015239378902951], [0.09630878535322031, 1.206848636735539], [0.8302437066980809, 0.6966921562508757], [0.5588623468464798, 0.97843193005328], [0.7190253639055008, 0.960396443823684], [0.481888498644533, 1.0570702897077888], [0.5361095196597296, 0.9864514874582859], [0.9819133330968365, 0.31508678969916587], [0.5096765390640778, 1.0108324452544106], [0.4683772318380131, 1.0898210315571888], [0.7486028611835304, 0.942200952730214], [0.7096719013485872, 0.9630156253168958], [0.4954000881703223, 1.0387899493754484], [0.7878138260875148, 0.7317677482242804], [0.46057862991417986, 1.1104909687477826], [0.7818853786968071, 0.7655789081248408], [0.11960474116688355, 1.175048916799466], [0.751032469827171, 0.933656976806639], [1.0050474329243886, 0.2914913599390756], [0.10719019626925679, 1.187464566619217], [0.7777143660317742, 0.7778822973722155], [0.7303055701607294, 0.9516421539556821], [0.5205811746480815, 1.000390629953923], [0.6991414265111743, 0.9670970927001312], [0.7935583420276037, 0.7238818473986273], [0.7721262071856181, 0.9034312741518962], [0.7733129846829693, 0.8400258775495042], [0.09929937874499577, 1.197809274572428], [0.4753375478625146, 1.0833062542922471], [0.13954278796974057, 1.1569975454590282], [0.4917018112203769, 1.0554914475861559], [0.11072487599403989, 1.1834374581518394], [0.9664868024263406, 0.3275914269692949], [0.9499209174181674, 0.35071847854856464], [0.7699184596207737, 0.9248566647945542], [1.0121356403310553, 0.2853955518249336], [0.8171774944310751, 0.707047045268014], [0.1897786551530982, 1.131762029457708], [0.08692345979979078, 1.2079326356337494], [0.9145636226427538, 0.656796142805397], [0.6911459258748868, 0.9730855015383786], [0.8874499271615327, 0.6739733024111971], [0.9601500491048099, 0.3356779217484863], [0.9962040635625892, 0.297514366371462], [0.5723827215999747, 0.9771632110003781], [0.9532477734535468, 0.34280908746056615], [0.8471815675574815, 0.6908998808379534], [0.45740930673829044, 1.117451432010498], [1.0270813850463072, 0.26464290525608847], [0.0453979532912069, 1.238958923816055], [0.15142018317024947, 1.1482450498865184], [0.13907557692757286, 1.1654976837287532], [0.9905915831492359, 0.30436003091577984], [0.5268202862245784, 0.9994559604612538], [0.9441046427979105, 0.3543550155167514]]",0.020892,15.69
DTNK3,MGPSO_feasarch_archsentry,24,100,0.005253,0.010045,0.842780,0.004318,0.726508,9.0000,100.0000,"[[0.7462197771928452, 0.9372288722179065], [0.8672713503103257, 0.6793149011261386], [0.10461590252822137, 1.189700806618822], [1.0351901883533796, 0.2526477341157521], [0.49372235787122515, 1.039712091622574], [0.2121066079610936, 1.1300685784450382], [0.4770880572984142, 1.068461832962684], [1.0223093985996035, 0.27008228529944406], [0.06076701962324284, 1.2273347507545462], [0.7731063097037726, 0.8642625397921955], [0.095642239446623, 1.2021457147842223], [0.16227052733234698, 1.1394511525075293], [0.08290218352282923, 1.20978571663106], [0.08918802052042885, 1.2049901569868788], [0.5183149842558566, 1.0045051511717358], [0.7662411263616539, 0.8999119902013661], [0.06997482918632762, 1.222348028108143], [0.9942371500260837, 0.30132457998339024], [0.7702412676234237, 0.8866845627994573], [0.4667486435430468, 1.1004494147943402], [0.7156388597389262, 0.9627148164662993], [0.9529278903807274, 0.3477502557333427], [0.7753880118736448, 0.8200001316434335], [0.9165887094900543, 0.6560245533718432], [0.12331430080602368, 1.170738850776341], [0.5958987209277977, 0.9746819839784275], [0.8912203499049552, 0.6717274413020723], [0.19428913603309148, 1.1310104214166947], [0.9363887546145729, 0.3722169118488584], [0.7722919243119766, 0.8730921083427241], [0.8803340921938793, 0.6783748065078922], [0.1420223328330167, 1.1552208138779914], [0.5664033722261231, 0.9847532527350336], [0.93100621066578, 0.3841290823402126], [0.5904442302716532, 0.9756500887426638], [0.8081258524560809, 0.7127598934252053], [1.0382044517754987, 0.2428735591520939], [0.4495755326744335, 1.1283500411238443], [0.7400869006619327, 0.9457093435411972], [0.48726413246838135, 1.0561764232624082], [0.7894658729510008, 0.7293351741716438], [1.0132993963234194, 0.2879797743220783], [1.0291729217856938, 0.25855293693036696], [0.7564677566660349, 0.934736851217008], [0.9557381394767506, 0.34052835566776535], [0.7364400368384885, 0.9618036259140215], [0.0427374297313533, 1.2392481423918518], [0.13588701033795325, 1.160650807188408], [0.7762993625653312, 0.806239028695622], [0.5308103073674435, 0.9871404335056535], [0.4566219536424805, 1.1267896350083517], [0.8328773669611287, 0.6938791551404595], [0.58065329414413, 0.9792447313614407], [0.1825341923947858, 1.132692552776857], [0.9988917543306954, 0.2969649809219501], [0.7796550686635668, 0.7571730635324212], [0.7367357361411933, 0.9590179984088931], [0.9294725375239535, 0.6527526697118851], [0.9672022297182515, 0.33251567217545086], [0.8377601741552235, 0.6937129442249281], [0.959828706091488, 0.33488381539941986], [0.1511480824530687, 1.1466933257198115], [0.7763140016921416, 0.7746008990640028], [0.5030037071515162, 1.0178402907147344], [0.7834819629302698, 0.7571641306642891], [0.1570512260512174, 1.1433592841004843], [0.48961830923998884, 1.0429624021746013], [0.4608532231357442, 1.1069988278475467], [0.20935759125345071, 1.1305023549309312], [0.05453240515448783, 1.2336686942781487], [0.07930405748989888, 1.2145705631093258], [0.8045892621580828, 0.72254387308997], [0.9871105363308224, 0.30731905990787833], [0.11950961360215093, 1.1773182274707976], [0.7659649692299327, 0.9026270017767248], [0.17281669087464588, 1.1349515058386102], [1.016255411403691, 0.27736625527406533], [0.8518782241090835, 0.6865821204512624], [0.9303181763482767, 0.402117869484919], [0.9419736978161214, 0.3622601827957008], [0.9745195481199839, 0.3231809718868034], [0.1315043837886365, 1.1671479857682465], [0.6789902079807413, 0.9709484589398201], [0.49633688713376445, 1.0265284673795252], [0.7897895515837438, 0.7261836081014457], [0.929792365968611, 0.4055532335743802], [0.8996220660143565, 0.6655526089506385], [0.7614003080281343, 0.9144557523680845], [0.9471903483546481, 0.35402348198903644], [0.8145678776471293, 0.704037947865608], [0.47218297413991644, 1.0908438230062019], [0.6671192486183108, 0.9730554340285917], [0.9802531173520903, 0.31487975152222725], [0.11146400171553814, 1.18374624270369], [0.48014108712705217, 1.0623399300463499], [1.0050668497857056, 0.28955904156320095], [0.09856091934594845, 1.1947881899145711], [0.5210086933354424, 0.9940207746366132], [0.5053329030920697, 1.0139892408824067], [0.4606499596715277, 1.1160920534072498]]",0.027800,16.05
DTNK3,MGPSO_feasarch_archsentry,25,100,0.005182,0.010996,0.677016,0.006025,0.759381,5.0000,100.0000,"[[0.5061234618442588, 1.0206767604606994], [0.5581337392506853, 0.9823014504878969], [0.08768377856021205, 1.2058966638093782], [0.9138075996215445, 0.6591695328652218], [0.94553552748039, 0.35636544713189255], [0.9388116247172843, 0.3718554304440019], [0.8141108507616636, 0.7079746108065224], [0.5342799741618053, 0.9900748744208014], [0.7048372165311223, 0.9656023699543215], [0.08041845180616526, 1.214437291863916], [0.9299132285162982, 0.39687467113389285], [0.7424078283599638, 0.9483944030092455], [0.8014677834535033, 0.7129730251214308], [0.717849732928307, 0.9641231751501058], [0.7640990361987371, 0.9213038299518219], [0.774467912882158, 0.8213411818240786], [0.9821135267280526, 0.31492754678070867], [0.18424202298547498, 1.131135025734747], [0.1512570157984418, 1.1468820425535318], [0.7863583399218671, 0.7435466312567336], [0.09809326022267019, 1.1978366051739662], [0.05938080118892787, 1.2291327442279527], [0.7923766144201162, 0.7389252315304802], [0.49019468902027813, 1.0439888394828336], [0.9723159298502059, 0.32123219154710114], [0.7947726979246718, 0.7230921108162403], [0.8735211553611084, 0.6873245496239482], [0.504740682684395, 1.0304468065279104], [0.8422254878506165, 0.6882475532946588], [0.5626968141975612, 0.9805435357952739], [0.48406214130216907, 1.0635515049103343], [0.8286520433876752, 0.6964279584744706], [0.5320773548563028, 0.9951044243269642], [0.6512114829445881, 0.9742632647614582], [1.0014302408528923, 0.297250643285395], [0.1626247085048522, 1.1396051263726894], [0.691000433522683, 0.9684511933147864], [0.523290430528878, 0.9954475062092467], [0.47600846249084494, 1.0842199341393262], [0.8266971204117565, 0.7056554687749204], [1.0129375049585383, 0.28144051104631473], [0.4920324889058633, 1.0353335083096986], [0.7988682836296025, 0.718108358201814], [0.8925697856086305, 0.6700926574768332], [0.9684583123161316, 0.33191789293296925], [0.9192775052076458, 0.6560198800658685], [0.45459000198658855, 1.1245976879880666], [0.45734244662713897, 1.1169669827762359], [0.5862702690255052, 0.9747962650295219], [0.11789681608023596, 1.1780652769982092], [0.46875166436021276, 1.1155717927053057], [0.47462648880562663, 1.0948108092839317], [0.09776906023891348, 1.2035288796173031], [0.14256257483744758, 1.157579332221799], [0.13847208930853305, 1.166533093617483], [0.986427435483505, 0.3069792118971537], [0.0475053247433132, 1.2398707777738436], [0.4954776826603038, 1.0325214593236784], [0.7694020712649488, 0.8832439777997236], [0.13163068077452914, 1.1670563811919599], [0.06955746932743374, 1.2234498384267931], [0.17160929970047167, 1.1366401527902743], [0.07498270574171732, 1.222314213730367], [0.47321671391575204, 1.1030743581691098], [0.21116522708264032, 1.1310153633581725], [0.7750543307776084, 0.8157410647512378], [0.7501022703685297, 0.9419287657081727], [0.10308598576526785, 1.190454314500649], [0.5380161278493489, 0.9839249063190632], [0.9490753012778458, 0.35025995205921456], [0.053545733518624336, 1.2341968269342065], [0.7285682848534708, 0.9527570962142382], [0.6703890562610798, 0.9716087222610839], [0.10620879804739752, 1.1883972426516742], [0.8770285788756825, 0.6759855030549666], [0.482147740561786, 1.070379014369264], [0.7787474113421626, 0.7606388247787685], [1.016728114151461, 0.27763617938633084], [0.5110203951277049, 1.0042697041226158], [1.035991621912823, 0.24975927454646496], [0.961820276988419, 0.3375287414565943], [0.7759158374446068, 0.7696942235059152], [0.9291888192214343, 0.4005417371220045], [0.9415632870515788, 0.3620974901413395], [0.7214253279018578, 0.9581250126885756], [0.9320105372677838, 0.3789981854431939], [0.8354029374081566, 0.6948467253112068], [1.0294673668945586, 0.25969237292777003], [1.0222081262156517, 0.2680218070810344], [1.0308750544987182, 0.25567295532115236], [1.0091044537303535, 0.28737031115958395], [1.0392279244591152, 0.24302184801493548], [0.5803292586586839, 0.9781547222991103], [0.7728595822951398, 0.8429128935742931], [0.18203589729295216, 1.1354269367728627], [1.003435024101797, 0.2896045138831181], [0.9565420271862765, 0.3399376544538371], [0.9943825389972866, 0.2997353187315979], [0.10919331806720053, 1.1856903560901382], [0.9422876101019291, 0.3600185316789113]]",0.033480,14.97
DTNK3,MGPSO_feasarch_archsentry,26,100,0.005485,0.011309,0.814921,0.004318,0.773008,5.0000,100.0000,"[[0.9348913505506986, 0.3713855989047511], [0.19815120273849496, 1.1293495246216774], [0.772447249291098, 0.8623535173664747], [1.0329313513346825, 0.2615767322465515], [0.7552191142722476, 0.9248846589305271], [0.7865959886930032, 0.7356363598194413], [0.6969947246868528, 0.9679956229910907], [0.12204076813973551, 1.1721109901260198], [0.8156193126942958, 0.7037036910673005], [0.11291463151950408, 1.1806232093090374], [0.5140921757573169, 1.0049810495018277], [0.6385626961855609, 0.9730991875887973], [0.7448943096520533, 0.9531993913306394], [0.7825817157096849, 0.7504802205585148], [0.5843738747103446, 0.9759460519284027], [0.06689547493651594, 1.2231768198037218], [0.4915793860506358, 1.0481203730701218], [0.8885705195857195, 0.6731335203080799], [0.8322386985586819, 0.6974911613001833], [0.05664473043217427, 1.2320585297359066], [1.009960498503671, 0.29087837710231], [0.09496676208144879, 1.1992245082655713], [1.0112647733747837, 0.2878313448042588], [0.9530781994747258, 0.3486161465577325], [0.4972672452617548, 1.0249218341317428], [0.7447671453200341, 0.9581597199955689], [0.16687096690036696, 1.136666152152419], [0.7674604038297744, 0.8985132883879607], [0.8772510499238307, 0.6797816434514505], [0.9482204936890536, 0.35492526824897574], [0.6231451079249067, 0.9737789385711586], [0.5271896810384652, 0.9960814100848943], [0.5552544280214066, 0.9804505391598177], [0.735449448511349, 0.9637911113283049], [0.08599961989985964, 1.2091796059534357], [0.827767219165182, 0.7013076696181741], [0.18072325483577356, 1.1332302726834818], [0.7688430642566123, 0.8862846872126526], [0.8102510740402799, 0.7162006374075081], [0.4964485158133834, 1.0314686323790851], [0.13476002370425932, 1.161761164404946], [1.0364115509798835, 0.2521314730743137], [0.8453417494533213, 0.6956984103407361], [0.07417827250848626, 1.2190942536106193], [0.9014679290223542, 0.6700519715682676], [0.9817937126282511, 0.31335143617555455], [0.761133956103282, 0.9140061210910349], [0.06373400375790164, 1.2278513160287976], [0.9101566253514988, 0.6618283014368015], [0.12775853199819057, 1.1665563602075109], [0.9344561062642825, 0.3989707152112588], [0.7473858206660805, 0.9354606159274457], [0.11372476873574384, 1.1804682146012668], [0.49296041828905446, 1.037507913630199], [0.8198792745923348, 0.7015258513353542], [0.15990184611726063, 1.143025351941918], [0.15537943273746888, 1.1493109307320577], [0.08168865053141593, 1.214405667183265], [0.8545246369000674, 0.6921965917387198], [0.9897386672583407, 0.3089929524811241], [0.05102627008390033, 1.2355644472034928], [0.7055286342852997, 0.9643907575969699], [0.10229985740462579, 1.1980336184496396], [0.04575159622447157, 1.2405311125830696], [0.8067772657787319, 0.7273147014524541], [0.5042399206992089, 1.0143172713980133], [0.4748275183881966, 1.0788446525282747], [0.5919646046285106, 0.9744921166818699], [0.10712476415750162, 1.1906956991504511], [0.6894218742425475, 0.9714202302211554], [0.9935059117785794, 0.30456264248435727], [0.9689396914134175, 0.32753104009922257], [0.7775412980373917, 0.7565184659461222], [0.9394041383853394, 0.36468243251321225], [0.4894907476281687, 1.0488719106540934], [0.9792053628405443, 0.32286408306449044], [0.14434900846817944, 1.1527432886106446], [0.996655304562573, 0.30072513770777876], [0.8126979135264297, 0.7117940329634556], [0.48077136435920254, 1.0658756895062413], [0.452780566789873, 1.1240418007014343], [0.7706353438291559, 0.8788766091366127], [0.7530494504239079, 0.9315596055145596], [0.9585657806464953, 0.33746215395515883], [0.5353117749941066, 0.9848074420346595], [0.5485998779510947, 0.9825171024416632], [0.18664825450466022, 1.131965843372168], [0.9996687961000407, 0.293442222605434], [1.0391322384379522, 0.24283175590156167], [0.5323386891387141, 0.9922496451047491], [0.7748106592478278, 0.7702910291585252], [0.9653770466177297, 0.33368378496508], [1.0312922820500285, 0.2755392578859962], [0.7715416733292558, 0.8704628360022624], [0.7920918873312833, 0.7281349902919232], [0.7735258180779517, 0.8388395037881484], [0.47008257086021465, 1.0855770309080126], [1.0157903498303285, 0.27883359277623593], [0.17324698574882713, 1.1355689301352623], [0.4587770740326273, 1.1148421423067254]]",0.025956,14.56
DTNK3,MGPSO_feasarch_archsentry,27,100,0.006130,0.009059,0.780307,0.006663,0.793920,6.0000,100.0000,"[[0.17938428152674207, 1.1319441473817606], [0.8913747092329944, 0.667290869847377], [0.13824711830415237, 1.1624212536785659], [0.7629064763281612, 0.9192261415708531], [0.9426039177273524, 0.361424310208201], [0.7309549537284586, 0.9630914933856192], [0.9579872802737116, 0.33924023812205706], [0.46554645213974666, 1.1187861031864506], [1.0121601062838288, 0.2809181924526467], [0.4989423797305044, 1.033651816453772], [1.007403375738236, 0.28535445586693786], [0.46729939784807106, 1.1022522985990766], [0.16565657608075668, 1.1392775936452382], [0.8824521824275487, 0.6779365109686251], [0.6965686050160239, 0.9682796900421693], [0.7865873302014345, 0.7438233951156072], [0.7169297524133457, 0.9649922276872438], [0.521421485849428, 1.020064688215927], [0.5294999569149301, 1.0049747333709427], [0.19200264751759738, 1.1304261737880104], [0.5293441100063007, 1.0167114914239337], [0.9937191419245862, 0.3016941247601606], [0.9514867357892821, 0.3463166513273448], [0.47618158671609145, 1.0792305434481504], [0.533719948567088, 1.0002751288416118], [0.12655584108905205, 1.1725505606281907], [0.9393029311966503, 0.36714724626669887], [0.06775870609702321, 1.2240994235763767], [0.7933859005227887, 0.7212848527859068], [1.0020856963141862, 0.29913447335136933], [0.9359454867899742, 0.38149251362459097], [1.0404096799212492, 0.2469806837380055], [0.9677982271744673, 0.3285942456382768], [0.9280886676181431, 0.6523125047872711], [0.96466899595789, 0.3360899617269269], [0.07343074377626686, 1.2199231134327204], [1.0038175091495087, 0.2925820005939387], [0.7871261106989353, 0.7351830484726516], [0.9783799332140307, 0.31722067235574075], [0.5006845885534322, 1.0279759647015443], [1.0393542230424542, 0.25379709531881933], [1.0237020829809034, 0.26766211979542737], [0.1493541361778716, 1.151851273949079], [0.9877719029588465, 0.3067831362833746], [0.06253868254725164, 1.2307333556990432], [0.757641053082092, 0.9312654497130224], [0.936010911174815, 0.37301710472816685], [0.5095405123347684, 1.0256176288941015], [0.8047629615458619, 0.7207518041932415], [0.822652464053966, 0.6982488554822304], [0.9822454461765665, 0.31523413771220415], [0.8831003585005839, 0.6718738722035482], [0.5694354636592495, 0.9781041322910944], [0.7818071022885252, 0.7509000453718953], [0.5794666392090952, 0.9744332037704015], [0.9341620196645269, 0.39116931428229695], [0.8579893870034984, 0.6867571970819624], [1.0212415481915422, 0.2739260063195329], [0.5357841170216606, 0.9879679191216832], [0.8712173571309223, 0.6855102721734672], [0.7754423212735524, 0.7666482964704175], [0.9773518282529593, 0.3275042033070079], [0.5630809969666669, 0.978947712542195], [0.10365628369680144, 1.2007571302075137], [0.9060353710975083, 0.660392195135654], [0.9503212678755372, 0.3553263704859138], [0.853546647509853, 0.6928132727968939], [0.08632508851992039, 1.2107797425091333], [0.1610622927365829, 1.150827871496447], [0.4558102619217459, 1.125083758476174], [0.07804782736768695, 1.214891035963332], [0.1179861299497278, 1.175888418512119], [0.1769182905500796, 1.135085733898132], [0.9302893699779873, 0.39356730101101084], [0.4850876486403441, 1.0523328160662315], [0.7481592919243362, 0.94926137826161], [0.7642419237444028, 0.9038358905120094], [0.9202859604792731, 0.6582796914982603], [0.7798877536732843, 0.7612740632887423], [0.7732565698978673, 0.8830526981853428], [0.04789611511971528, 1.2360475632111987], [0.635176019840464, 0.9735126811560095], [0.7608586815136252, 0.9216042479105007], [1.030773302974244, 0.2567664612000795], [0.14833658262031507, 1.1561720486229476], [0.16264836345434977, 1.140348105511911], [0.7345508756986846, 0.9492957715465538], [0.1079621221728587, 1.186688762949655], [0.08958073311499663, 1.2038876129392915], [0.5472207204899282, 0.9802351761619539], [0.7506856079384828, 0.9334185671017101], [0.4888914517066937, 1.0424259513521879], [0.04577539094930936, 1.2372197792090558], [0.8128456103434907, 0.7053021685279697], [0.6997369366968278, 0.9664559230551859], [0.7700030560282886, 0.8989917867928243], [0.46717937128962717, 1.115670215642837], [0.7747139253406874, 0.7975612675071941], [0.513534809594689, 1.0244636506814226], [0.9036994632308197, 0.6643084752283869]]",0.032735,14.48
DTNK3,MGPSO_feasarch_archsentry,28,100,0.005682,0.011349,1.035583,0.004870,0.740037,7.0000,100.0000,"[[0.08123797971395928, 1.2123330750235768], [0.7674885217898121, 0.9140590971300904], [0.7241798956773638, 0.9632605896022473], [0.9786674044401868, 0.3220953836920015], [0.14059894711251134, 1.1553652033011], [0.9109671536207563, 0.6586891941355116], [0.5583837089894009, 0.978141859894534], [0.201098696864769, 1.1291338601689442], [0.8553723014530735, 0.6862928135141657], [0.07915429821087462, 1.2226518860676463], [0.08716957705348351, 1.208116709300657], [0.9820814867264488, 0.316292709840407], [0.5146332875647673, 1.0162372011561793], [0.7427519508954163, 0.9428546297369005], [0.5311644344174599, 0.994810929041376], [0.8658146286729798, 0.6829489982079748], [0.8322153517023124, 0.7030924775387846], [0.9295306658874927, 0.39888156120950974], [0.9541512344912839, 0.342498448881399], [0.9253099271784263, 0.6498721086962569], [0.793891751459172, 0.7351355025822095], [0.9647966020762068, 0.3304265668812244], [0.19313610194353947, 1.130636851825696], [0.5467579395677006, 0.9798033875578422], [0.074117204062067, 1.223392809258125], [0.6511557232881339, 0.97606760764844], [0.9601432591964253, 0.3368349665460564], [1.0034743388078478, 0.2957876791342709], [0.17914101285838213, 1.1325124289634407], [0.8356270577899617, 0.6996358537864719], [0.7733155447530046, 0.8126649618955484], [1.014156253618794, 0.2778876480418323], [1.0234140071075284, 0.26822446919020115], [0.5211424159613116, 1.0101833628516599], [0.12269258129374129, 1.1740689555985724], [1.0127073378406672, 0.28717742277899333], [0.13023395755427625, 1.1648916653672743], [0.9858124943152287, 0.30894169838240537], [0.9380186564306318, 0.37063450894577404], [0.6968973245742917, 0.9697843752543138], [0.9888341972401736, 0.30454740976595374], [1.0410665147263554, 0.24494648997483365], [0.8018037675592291, 0.7130029711513473], [0.9503279002687374, 0.34677910623122193], [1.004369082170772, 0.2891095477544898], [0.7560730732321265, 0.9316519010095277], [0.49198707633702704, 1.04281899241718], [0.4500321913025318, 1.1282604718282678], [0.9417449288397323, 0.3577006650472235], [0.4772946461922171, 1.0687039136863927], [0.11807207157555831, 1.1902908609181662], [0.5031361401919467, 1.0178447639084984], [0.7828672446226146, 0.7397313939404917], [0.8880401928820068, 0.6789156452991375], [0.4864286366255333, 1.0572404522831462], [0.47004050731401065, 1.0860941562079491], [0.47221055283824165, 1.081320618565042], [0.05252882640883624, 1.2426142098275283], [0.4519781437872985, 1.1216018613366363], [0.9951585962750416, 0.3000442692371446], [0.9311119233762467, 0.38964098907963685], [0.06350218474734222, 1.2252508840726153], [0.13622304773018412, 1.1600989335215481], [0.48168347480740187, 1.0651202970896914], [0.9326813449510113, 0.3771966257166617], [0.168641472481938, 1.1361267432265296], [0.5370414128760955, 0.9848140757824344], [0.05977537144983012, 1.2316060361488301], [0.6301648080354737, 0.9760877322773585], [0.45983302965783707, 1.1134601425189106], [0.890947997347342, 0.6689832550590903], [0.7722029486222162, 0.8581772855150165], [0.4954314434419014, 1.0277926482782016], [0.7044760625054645, 0.9669908790609381], [0.7699855212020948, 0.883108544705475], [0.10009601692307125, 1.1950178483585165], [1.033636564681354, 0.25190891139268456], [0.7979417729581821, 0.7274854090202452], [0.7730613086551544, 0.8553381411435816], [0.14995729339556152, 1.1510685344989198], [0.7775335058669678, 0.7844030568149514], [0.487219539543128, 1.0462828802062598], [0.8510119477044388, 0.6909192593527527], [0.9074965505178365, 0.6623639752487265], [0.5009763982089963, 1.0260347346136232], [0.7804799615043255, 0.7519520765047008], [0.05459437397719437, 1.2369186880939147], [0.837542663815145, 0.6910487640790879], [1.0290505962890704, 0.2588159426456481], [0.7757183517956426, 0.806110468430844], [0.970848719070786, 0.3247412307322524], [1.0194278054006156, 0.27528505192614217], [0.11187547240873326, 1.192694822119399], [0.4635061965676186, 1.1050782013773308], [0.5245717214345499, 1.0039126918140096], [0.8129270468054424, 0.7060170030335455], [0.9293391911174049, 0.6483088406586395], [0.7140159720298168, 0.9653969019364157], [0.6720532310141735, 0.9731920920405996], [0.1613279822601711, 1.1454783310973369]]",0.042246,14.81
DTNK3,MGPSO_feasarch_archsentry,29,100,0.006349,0.011502,0.892436,0.004878,0.849030,6.0000,100.0000,"[[0.7757508844754181, 0.8377533239048032], [0.8599796150206066, 0.6892207327024369], [0.7994756416676305, 0.7250441819836331], [1.0363062687349789, 0.2614133220838648], [0.4838535354498617, 1.0580020669855394], [0.821342041131187, 0.701862173097211], [0.1788785159091999, 1.1345377673921402], [0.8671711993387751, 0.6780564937484972], [0.10942853888911287, 1.1915089056673114], [0.7627831503625125, 0.9436758011912456], [0.16820346657944096, 1.1458565107964733], [0.838827159843952, 0.6959587721114155], [0.9942480131731052, 0.3032030167629919], [0.10990954301204271, 1.1878109099290295], [0.9340491589161536, 0.37395295886939256], [0.5310102121948944, 0.9890986017520245], [1.0206302082596914, 0.2710083956224908], [0.9560345367411014, 0.3448841138478916], [0.7706235320490451, 0.895413908122165], [0.08764944028044282, 1.2090713504034145], [0.11554465642815505, 1.1817420180260871], [0.09244665786821589, 1.2021963603284576], [1.0369199018238087, 0.246914140589529], [0.14923792111521844, 1.1483282093648401], [0.5107073728207449, 1.0148723505420734], [0.18593153281116787, 1.1312657828217125], [0.6149706596913527, 0.9732311613116085], [0.8969354482862492, 0.6665339508075305], [0.48313873230074644, 1.070599298648283], [1.0302117588533986, 0.2669941087467041], [1.0146343513536908, 0.28200608409661293], [0.4495122498972552, 1.1281649217064782], [0.9052274857743093, 0.6609638337024073], [0.13059417045144484, 1.1672916731136385], [0.5363462746925031, 0.98548347945472], [0.70142753341594, 0.9714105277983105], [0.14073896496690663, 1.1584987424246052], [0.46862431523387543, 1.1020100343673587], [0.07686869582258023, 1.2157479929567054], [0.10226574053256667, 1.1961026851532373], [0.9660924145106667, 0.3319160846299883], [1.0300570160309561, 0.2693095824793259], [0.8019358061313878, 0.7221491502070787], [0.8954105592071964, 0.6700289611571719], [0.5129547489730637, 1.008148489638971], [0.6141490477636894, 0.9732990535025643], [0.5307467930238632, 0.9998000123932258], [0.9587575107208458, 0.3372392860965888], [0.4830616765798421, 1.078464292248872], [0.45728325954260296, 1.1132584510428662], [0.7819194715748673, 0.7467977678069189], [0.1391958110644979, 1.16267395915485], [0.92940081126885, 0.39898136203761214], [0.09549950519266039, 1.1980988411716043], [0.04308400152017074, 1.239253103211439], [0.7763910401051035, 0.7661417146038481], [0.7636784974314391, 0.9132654927788082], [1.0082092567852974, 0.2889568532839393], [0.06795890250824367, 1.2219021706620452], [0.5915331090079602, 0.9734842332977067], [0.7908785171961138, 0.7409622382130987], [0.4888454651648832, 1.049982701521253], [0.47040452913506087, 1.0889352539412636], [0.49913017477564703, 1.021698707747887], [0.967667530627733, 0.328295564043635], [0.9418476539517008, 0.358431346722854], [0.7738167257208273, 0.8526662451181157], [0.463526246408427, 1.1100881815979853], [0.06023631737530118, 1.2310318800453997], [0.5013048776532465, 1.0170347202940218], [0.14399477257065785, 1.153701118545792], [0.5769851592973904, 0.9764542449425535], [0.7906546396530301, 0.7466586824741526], [0.9787823663558147, 0.3178376400395684], [0.8221272975714855, 0.7000889517310469], [0.4570338314237181, 1.1250723472421391], [0.47281676528939737, 1.0798656659361807], [1.0371884801597364, 0.24484493007677438], [0.7297449548480696, 0.9595925454758596], [0.08086035079413058, 1.2116037409316787], [0.9488182465177422, 0.35721232596303115], [0.5621723591227036, 0.9778809746311694], [0.9997540072117047, 0.2990999342584911], [0.8470862725671632, 0.6902234751021243], [0.9879788677028111, 0.30590772861734156], [0.044027947733179806, 1.2385057433120712], [0.19100992493066934, 1.129883410145974], [0.7025023818196428, 0.9680784955323429], [0.7673345987416004, 0.8965058878606316], [0.1569855818292395, 1.1476161310707127], [0.7341196053682085, 0.9564060774610803], [0.054829433282519366, 1.233124490757935], [0.17236940962449593, 1.1405803716833685], [0.7753582810401107, 0.8423378390276532], [1.0037509100270299, 0.2932786205508614], [0.11856089968563742, 1.1748258573660013], [0.9303542635124392, 0.38659178662174476], [0.8447869839053919, 0.6926724953332266], [0.981719346712438, 0.31417443786041643], [0.8073245626895486, 0.713822657388673]]",0.034961,14.03
DTNK3,MGPSO_feasarch_archsentry,30,100,0.004676,0.006793,0.935842,0.004601,0.803028,10.0000,100.0000,"[[0.47908210345845387, 1.076003583504654], [0.5195532966328194, 0.9955782767503705], [0.17233362047089182, 1.1354396865677268], [0.7904161613124768, 0.7286723438353646], [0.05961216839054374, 1.2298893651185134], [0.9091820226150273, 0.6641581953078655], [0.8754329128999728, 0.6783717085243588], [0.9360455376711079, 0.36843784395021006], [0.46677214502309905, 1.0958349658427997], [1.0089245727199148, 0.2903755666027268], [0.1978482302183119, 1.1294848541602547], [0.7790950665004227, 0.7597666125730802], [0.9455839297207981, 0.3573086434448952], [0.8366431378849887, 0.6919839094278823], [0.8105850949443248, 0.7077127037933642], [1.0156898695806524, 0.2776236085867363], [0.8651435589591575, 0.680376138914327], [0.8926189907519962, 0.6694877577765359], [0.978776957344703, 0.3158024162924315], [0.48839398094613534, 1.0593254468246647], [0.09475292215973323, 1.1986607476339046], [0.7788368961895473, 0.7708077876576884], [0.7052085250661152, 0.9694749454163896], [0.5637809518824736, 0.9768649512440555], [0.8956381698985626, 0.6659823703505556], [0.744426389531672, 0.9475293592721643], [0.06348429525613146, 1.2258617991339353], [0.772943489156254, 0.8975372684511134], [1.0128885469120779, 0.28339626426871367], [0.6011865941068598, 0.9740662578759356], [0.7647369679058764, 0.9019914238625193], [0.9311986335934076, 0.39843162896782214], [0.12689566943761857, 1.1679494933239603], [0.7836574241864233, 0.7373844112840233], [0.04355095614411535, 1.2385009094110582], [0.05466676007367928, 1.2344571217070277], [0.9870903598351708, 0.31182186972850495], [0.7752494525189425, 0.7929039752974103], [0.9707007153732949, 0.326816896272407], [1.0394787932080147, 0.24363004640814248], [0.7209446769346987, 0.9582709779227518], [0.4774713558281829, 1.0808224864656364], [0.9681381550743507, 0.3321144427280051], [0.7826131325067581, 0.7576137860697052], [0.7633312095551451, 0.9163950280961992], [0.9509210468657444, 0.34584966827433467], [0.10493086069516801, 1.1918876823019593], [0.7363366514578114, 0.9536707307238972], [0.9553753285055707, 0.3395399986457813], [0.10222433881753791, 1.196340848348248], [0.5816793139445193, 0.9765771089112973], [0.9746401330558533, 0.32181059457611494], [0.18189003397574774, 1.1336112312984512], [0.14718071869906302, 1.1490624989896188], [1.0361756899266397, 0.24960978858744842], [0.08105244221345277, 1.2110935386378137], [0.5084464461145453, 1.009923096145621], [0.08708036401567147, 1.2062935824494425], [1.0340867381050909, 0.25663895407547227], [0.8258699208269208, 0.701837556088706], [0.16173622337157495, 1.139361069796493], [1.0227513345122479, 0.26717009532320185], [0.11944854200369617, 1.1743742313302985], [0.997861355636691, 0.2984149610563226], [0.11343000597809848, 1.1854196191853297], [1.0297668560377635, 0.2623943282858768], [0.885530841003145, 0.676055464537235], [0.5003367986378756, 1.0259325836176276], [0.18429254600319972, 1.1308611693885473], [0.94042032877695, 0.3638851962048472], [0.9906925854723596, 0.3058236560959292], [0.757021828956803, 0.9353622163996747], [0.8287353118915676, 0.6969448091335149], [0.7827603459182004, 0.741364095720042], [0.7491318278524509, 0.9415306971287429], [0.7976543374328035, 0.7176396937475213], [0.9194571845616052, 0.6533062591453769], [0.535970021300756, 0.9859726938319227], [0.790638527214343, 0.72463178906093], [0.07691671135670883, 1.2173121374959623], [0.8473828935836888, 0.688149121161836], [0.9302430312694142, 0.412238023633804], [0.4901289915737129, 1.04501636214205], [0.48272965641558396, 1.061105080716833], [0.8214786454786046, 0.7057250348203805], [0.9350193724505284, 0.3798521827921558], [1.0001510998476457, 0.29526237740688355], [0.4585624708500609, 1.121242893767634], [0.9130300320500744, 0.6583524769260756], [0.709239580882692, 0.9673626228314522], [0.14264280172418312, 1.1531871796437685], [0.11473165676974191, 1.1792317845963247], [0.9486803210790399, 0.35567477684452], [0.5256473403035439, 0.9898751275929887], [0.47352912263050645, 1.0876315971477566], [0.5079920107528733, 1.022397884354963], [0.13516790059000078, 1.1603626263921372], [0.5457898810971146, 0.9821204729934017], [0.06855737481995695, 1.222471310875337], [0.0730286192549607, 1.2216795276172745]]",0.026428,15.67
