problem_name,solver_name,run_id,final_archive_size           [archive solutions at the last iteration],final_igd                    [IGD of the final archive],final_gd                     [GD of the final archive],final_hypervolume            [hypervolume of the final archive],final_spacing                [spacing of the final archive],final_spread                 [spread of the final archive],final_feasibility_pct        [% feasible in population at the last iteration],final_front_feasibility_pct  [% of returned front members satisfying all constraints],final_feasible_front         [objective vectors of FEASIBLE front members only; for honest cross-algorithm HV],p_red                        [mean relative error distance across all iterations; 0=ideal],run_time_s
DTNK3,CCPSO_strict_archsentry,1,100,0.004415,0.008742,0.650624,0.004535,0.747431,16.0000,100.0000,"[[0.7591732496421612, 0.9299863656053837], [0.8943146464978117, 0.6663691625351955], [0.7709527445994611, 0.87560839944597], [0.042117835834935606, 1.238350937226745], [1.0193001207243217, 0.2742256938402659], [0.1271075891811358, 1.1681570735725584], [0.11026548949198135, 1.1847466105849225], [0.5517628367130955, 0.9801985706443879], [1.0387089735737376, 0.2420042142053947], [0.18405828832648555, 1.1337297503889414], [0.731191760164049, 0.9523668391109414], [0.9314911074475459, 0.3879444421835762], [0.5297323507525167, 0.9881539688943077], [0.9337254391089724, 0.3778801729861947], [0.09848656469742914, 1.1955034562135232], [0.4909582653628597, 1.0366422723692466], [0.9781146406892592, 0.31916633861334953], [0.8303612181212651, 0.6967667935366584], [0.8699381707102501, 0.6764645826558795], [1.024953886937085, 0.26371933172038653], [0.5096986612698461, 1.0243779710470213], [0.7725577214305092, 0.8696083537261314], [0.7652295268411567, 0.9058492993775678], [0.98757148139201, 0.3059636940777912], [0.8061652681426287, 0.710839538829878], [0.19110470173308458, 1.1298381563034807], [0.13907545199430776, 1.1555990388374824], [0.4569820903190041, 1.1125008518958397], [0.8964037103039445, 0.6654251635723285], [0.7388926512773847, 0.9463868285202786], [0.9111574446864353, 0.6613153150188233], [0.4767165618227811, 1.0776752129025047], [0.7742758416746324, 0.7850035899118017], [0.8841318049849696, 0.672443749148742], [0.5026262304475763, 1.030589474118906], [0.4844727747672135, 1.0606961829514576], [0.625544041478021, 0.9738356517599243], [0.4565988424184798, 1.123100493537256], [1.0054304716506983, 0.287738018136435], [0.17438535465765964, 1.1338621179407768], [0.569946869509835, 0.9775922360256699], [0.7791994409553579, 0.7587350651257143], [0.0789289910959227, 1.212984289664329], [0.198677295334315, 1.1295191961655087], [0.4810153285132756, 1.0702068925561186], [0.5148567488010222, 0.9994831244617763], [0.8201310284031442, 0.7007344503313357], [0.799714008559676, 0.7203852822105303], [0.7287159030119207, 0.9596807419565638], [0.9375162135959925, 0.36640593327676885], [0.06633870040581827, 1.2234568322540615], [0.9136965604006185, 0.6586845610916587], [0.10440388836533858, 1.1889218912994823], [0.9532926440272073, 0.3422348611366827], [0.13420514877552114, 1.1632944368436593], [0.11500487142192763, 1.1784253902461876], [0.9994672891642283, 0.2939400761642852], [0.5113508101906864, 1.0031883986447816], [0.7728239197508393, 0.8525807739691464], [0.7830873769210439, 0.7473661314502018], [0.8443891881151707, 0.6941167737167262], [0.812377765263535, 0.7049271981800476], [0.546074653560532, 0.9864374449083126], [0.46979849399627566, 1.089082994382869], [0.058299284333379206, 1.2287941256924841], [0.6999806690042357, 0.9672065427864303], [0.7613627150119558, 0.9119459487148938], [0.09136566012655771, 1.2025637499770896], [0.9606556224733097, 0.3360523666885358], [0.4633052521322649, 1.1028648326269141], [0.08493030690050614, 1.2079995399443455], [0.164079020006064, 1.1392792808694707], [0.12256429514310302, 1.172660032969775], [0.9651587141253928, 0.3285252121242528], [0.9440111554886648, 0.35619986126039893], [0.15770427709850507, 1.1464098763351593], [0.9930820838903157, 0.3004156500002242], [1.0118235299359561, 0.2815259796662579], [0.14774145417561158, 1.1500193417234679], [0.7149207309384854, 0.9640491492295582], [0.7863617224601628, 0.7318919948062281], [0.9714829025109859, 0.32262072940075226], [0.775911256521388, 0.7628687533014415], [0.9284420814880839, 0.6557508153526561], [0.7566704366776346, 0.9446167738837312], [0.7708670379897528, 0.8935749001777711], [0.9491230494906665, 0.34855117570810096], [0.7920302882856445, 0.727507320906043], [1.030557797406003, 0.2559702729937374], [1.0344220214003454, 0.24943525657295873], [0.9298342225314227, 0.39600478938026706], [0.4906052278936702, 1.0568311379665882], [0.9423039987224668, 0.3626140249210673], [0.9830921846019623, 0.3104436739108336], [0.5928680117893491, 0.9741866319456789], [0.4671862595141202, 1.1024483841143793], [0.05106581048824537, 1.2338069271571757], [0.8513099428384513, 0.6878546226018392], [1.019034559519022, 0.2807548361897999], [0.0722778269745362, 1.2188826425003965]]",0.022205,23.54
DTNK3,CCPSO_strict_archsentry,2,100,0.004146,0.007895,0.702617,0.004198,0.728166,22.0000,100.0000,"[[0.4974811255751942, 1.0265257372196543], [0.11190740594922093, 1.1817658272062501], [0.7248661926948541, 0.9606007341609597], [0.4713142411243403, 1.0869101247869453], [0.47717941763414956, 1.073806209821057], [0.5726610920787049, 0.9758016404617957], [0.9316014720844912, 0.384198799809847], [0.9356569475669823, 0.370457345745388], [0.4578202859233884, 1.111877438643746], [0.8766142911270894, 0.6764518749205926], [0.48489888586091257, 1.0529808275981283], [0.8550167069167026, 0.6896150074724667], [0.9563392493288033, 0.34308555495029813], [0.45289856528721717, 1.1253027114723246], [0.7994805347611662, 0.7229489881197451], [0.9307746674135399, 0.39213969194305165], [0.7145597798701503, 0.96099739325498], [0.14012942352095994, 1.155062404069964], [0.9963809291888008, 0.2974258369070877], [0.7653045847540373, 0.9197765776670037], [0.20211912602106424, 1.129117584949521], [0.8863361486034201, 0.6704149219658847], [0.09798747280520904, 1.1965332726046878], [0.5282159163765038, 0.9885412992664557], [0.8183636785182846, 0.7007269137270766], [0.04174557563782741, 1.2384824996860233], [0.490400027497261, 1.045517302752143], [0.1536482963230047, 1.1454985383804213], [0.86426156070029, 0.6796494819002921], [0.9255631164869207, 0.6514917256359576], [0.7303195506701877, 0.9541086323962402], [0.7750024049244628, 0.7956188086471698], [0.9232860949852892, 0.6619208974805895], [0.5376263644037264, 0.9852833626784281], [0.0584079084600547, 1.2300879939335618], [0.512692012346576, 1.009490272412619], [0.5467627314355349, 0.9799191304162782], [0.9782875717129532, 0.3161816786266648], [0.6770483598568555, 0.970552992670926], [0.0776878004855275, 1.2141250787473739], [0.49305721984166817, 1.0361246667713566], [0.773461185366228, 0.8174543871705315], [0.9848018804571926, 0.30890246118892917], [0.7780673961320883, 0.7769254128652117], [0.9123175128356494, 0.6629098961065554], [0.17981209459098796, 1.1342024073427623], [0.13397447009372515, 1.1616453739020467], [0.06504114268088394, 1.2263977699400346], [0.9004523762156442, 0.6672452134172662], [0.4691041582469663, 1.098991104011146], [0.8363657048984173, 0.6913430830800869], [0.9680018127975824, 0.3263881998485792], [0.9477480735306629, 0.35562183618000165], [0.7869215375879574, 0.7325511909616109], [0.7812802187383937, 0.7475115656671041], [0.9490961714946593, 0.3473204587826207], [0.48049342079132557, 1.0680941613078485], [0.5069475128258693, 1.0209874506127279], [0.7739555384410596, 0.7972710088790755], [0.9407389105635365, 0.36090281288420584], [0.8307638805165305, 0.6970856819059259], [0.1615229545318746, 1.140789757399017], [0.9905275023568048, 0.30413538949056723], [0.17088474154350392, 1.1359203402587044], [0.07135193680747196, 1.219290338778437], [0.5617241364079067, 0.9776200952428109], [0.790314974940386, 0.7266189914276933], [1.0383633450037864, 0.2419778712258404], [0.09288642898246986, 1.204065586360511], [0.7041810195942297, 0.9682078362965851], [0.08509871246602314, 1.208717864194594], [1.0186463755794308, 0.27453511196733393], [0.5922183631332342, 0.9735247093473911], [0.669360569664617, 0.9713803301940414], [0.8077090361141105, 0.7128412819447545], [0.7684160108962114, 0.88808695620837], [0.5848479270025743, 0.974567838561623], [0.7433874258997025, 0.9416746483681948], [0.7025998891889986, 0.9697832225922185], [0.7788514891482069, 0.7703137739318102], [0.14642981824417606, 1.150814334920831], [0.10523746449513718, 1.1894096743088223], [1.0288370789048427, 0.26055955941516135], [0.4650198876587336, 1.1017604253575155], [0.9295131040229687, 0.40307468222377524], [0.5210504461511631, 0.9943714266373338], [0.19010147080476802, 1.132904974264696], [0.7790355639628416, 0.7594064176212985], [1.0103328949627997, 0.2822647181788976], [0.9624675334845189, 0.3315338381587874], [0.5166224581006833, 0.9977254295334304], [0.05058992218879927, 1.2345054610936632], [1.0236639040771631, 0.26907839464994543], [0.7581889798032982, 0.9307559535921806], [0.9725525337548634, 0.3208924072284517], [0.12652281573629515, 1.1673033670362416], [0.812899548436742, 0.7067181984192132], [1.0038503861618067, 0.2904459671399824], [1.0351755362774386, 0.25152726293491656], [0.11884972770289004, 1.1751575625885282]]",0.023362,19.52
DTNK3,CCPSO_strict_archsentry,3,100,0.003964,0.009472,0.798397,0.004887,0.738937,21.0000,100.0000,"[[0.7741761435065125, 0.7815046372208245], [0.870608320128294, 0.6843448216152084], [1.0184388902450463, 0.27461522208196176], [0.7739569766700645, 0.842637650231473], [0.9510278664264816, 0.34472900663817435], [0.7437211702531259, 0.9408364537052487], [0.9314673856088459, 0.38370113505520015], [0.843386772880667, 0.6904232046249039], [0.09242376654351965, 1.2011469635785048], [0.9907035010191028, 0.3032926523823533], [0.905273048424176, 0.6612068967937186], [0.9415462192438001, 0.3586134030990441], [1.0340043294852732, 0.25033799838545767], [0.9754173431721034, 0.32356487589783384], [0.6221600533874986, 0.9733089753647177], [0.6909057395603174, 0.9727883259792642], [0.4838603724209949, 1.0522660097154948], [0.9298721607518761, 0.39409764062739094], [0.5699012647462836, 0.9779793240883967], [0.14214119456184426, 1.1539296668628367], [0.7711580273544317, 0.8887348400646016], [0.772479698135187, 0.8555899374211484], [0.9240299858331932, 0.6544116596346522], [0.4760006324846089, 1.0712477478415308], [0.5094405242980463, 1.0051951631734568], [0.7674173148361019, 0.9043301346798305], [0.9383643963781215, 0.36584508990993087], [0.5299785141807755, 0.9907936610699635], [0.6981746062121724, 0.9723009862994993], [0.8217594842492245, 0.7004219658787576], [0.09914716066406555, 1.1945107899122342], [0.4804671855676157, 1.0651212988509446], [0.45116979776244664, 1.1292001658412714], [0.079359037223467, 1.213511186031427], [0.7978958447984216, 0.7193070935022312], [0.9634310949370104, 0.33160371088414364], [0.04297439471866824, 1.2389019429945418], [0.8495069299032136, 0.687397297382081], [0.1345938140815227, 1.1595417227371052], [0.5493547801658089, 0.9807480614813935], [0.8982909938287575, 0.6643020177084802], [0.793429595202032, 0.7287751214281055], [0.5219811274601527, 0.9968808812680532], [0.18931104225494144, 1.1299596614940075], [0.11575150132311057, 1.1788659202865888], [0.957195395057492, 0.33915359711526194], [0.8879376273730152, 0.6687798455838228], [0.9354338738047143, 0.3728650176792508], [0.18536566356922965, 1.133695569672917], [0.9834502986726698, 0.31053189311286833], [0.057205934646653016, 1.2294907549478349], [0.9963205769447433, 0.2985592350896078], [0.08511685728094288, 1.2075329174700842], [0.9791829927872474, 0.3166038157622218], [0.46420469498524897, 1.1069559004123624], [0.4725846216289417, 1.0853306119722586], [0.7813822910180469, 0.7434903810066606], [1.0007646706077964, 0.29267295913270264], [0.8058226646808923, 0.7172059132488655], [0.7346865771140875, 0.9487224337388056], [1.0299224069386124, 0.25852851456471626], [0.10466876329497625, 1.1905210451463024], [0.8783918448617171, 0.6765135124092421], [0.7839145287539013, 0.736453796715679], [1.0060558046410852, 0.2883694137807206], [0.05013991492954032, 1.234151400501218], [0.7567586693930229, 0.9364512222702472], [0.14863307576649923, 1.1486627980451067], [0.5431731564991794, 0.9900179403716913], [0.8677831352591162, 0.68549494447052], [0.17386517409358318, 1.136308917736427], [0.7631002711702058, 0.9134194368502246], [0.21110771951482438, 1.1299372529970566], [0.9464988729155003, 0.3516279050152307], [0.9135107733436071, 0.6593982601435164], [1.0128984112076593, 0.2810272193989685], [0.5052384157886382, 1.019354949080474], [0.4953098709804778, 1.0321956632592737], [0.966667100142311, 0.3270130039297557], [0.4557007107495362, 1.1164485758562708], [0.4709261067624452, 1.096481563292498], [1.0384196493704803, 0.24302220565315236], [0.5821899945461665, 0.9762120916394732], [0.5010297721776272, 1.0260337216152513], [0.1306405939029029, 1.16683908816729], [0.07480345686277005, 1.2195936323219931], [0.12521746205903933, 1.1702058446865602], [0.8336438293151489, 0.6952542006309733], [0.10905813038987375, 1.1849677769397602], [0.7165811246352272, 0.9691878817916062], [0.8115179275295149, 0.7049797740081056], [0.7575410386119193, 0.923209827284805], [1.0285005607180084, 0.2656215912478417], [0.06636662532792487, 1.2246605539865845], [0.48853258536848515, 1.0417210560394592], [0.721158777593275, 0.9584787690570871], [0.7792605112116163, 0.7517808679473053], [0.5587415031900378, 0.9787331178554532], [0.15309282161009177, 1.1451452252417629], [0.16258849243816847, 1.1402037776124405]]",0.017060,19.09
DTNK3,CCPSO_strict_archsentry,4,100,0.004124,0.010626,0.774850,0.004102,0.708583,24.0000,100.0000,"[[0.48501269501341715, 1.0553748292436278], [0.4871101523039674, 1.0483969421493164], [0.08605930899013757, 1.2069041245686196], [0.07374135750397841, 1.2174652234303867], [0.059160905079065636, 1.2285012369597932], [0.10323030170297275, 1.1926261881752918], [0.9551892655447067, 0.34296069381493], [0.9388863330303937, 0.3627434757251704], [0.8258833145682604, 0.6972846454593058], [0.9480866549118047, 0.3491269075479779], [0.7912751630256237, 0.7252964164972733], [0.8911263918401684, 0.6714893429340383], [0.7735686622629764, 0.8317851946591364], [0.7137959628924675, 0.9605928533645709], [0.8072745499242321, 0.7119332013092798], [0.9678515807525845, 0.3258421367538923], [0.4955841372270926, 1.031649157486656], [0.5048006255576681, 1.014626777758271], [0.9909489668469661, 0.3044181684370063], [0.5525348551759589, 0.9783735257095691], [0.1463633071264142, 1.1514644860574372], [0.47484861616134116, 1.0811163332463987], [0.1325940274952666, 1.161667453770292], [0.902883999424345, 0.6641718978950206], [0.5029383033282621, 1.0238000353661794], [0.7497985050199301, 0.9515168455087473], [0.9168856512417901, 0.6554088441091005], [0.7797716825835802, 0.746549015204701], [0.7584125008143504, 0.9436869276349646], [0.9966589023730994, 0.2994603434622114], [1.0384569792739604, 0.24173368870812506], [0.13859694674600875, 1.1566130148639633], [0.46923067367387267, 1.0900571275161368], [0.042683663736452916, 1.2388599269418776], [0.5135983796589384, 1.0040644483886259], [0.8609411341912186, 0.6809389174959315], [0.7050462772898602, 0.9705139598789774], [0.8787578143458847, 0.6734044398253781], [0.8181978240657298, 0.7038393233896951], [0.5254779050607008, 0.9935459411594443], [0.764909358030275, 0.9116673053128708], [0.7712260900967888, 0.8831696410753984], [0.9279051064179352, 0.6502925268241305], [0.46636224743498733, 1.1019132661252156], [0.18588089144126135, 1.131125446327989], [0.5628891940222237, 0.9757954596159346], [0.1790987774228937, 1.1353358360861954], [0.7744840685653968, 0.7776026136515579], [0.7729402824560995, 0.8623580704637299], [0.4918083126684757, 1.0412250790911644], [0.19732912805066435, 1.130927640101503], [0.9451827635365229, 0.356634903145105], [1.0294496224206466, 0.2572729733560999], [0.7999303778337041, 0.7207449326284965], [0.7878680601437933, 0.738706087140655], [0.6933565341858732, 0.9729156706865965], [0.9151337568238535, 0.6600633901285171], [0.4622749453939011, 1.1091094040520648], [0.9337072815409421, 0.37441433104899996], [0.4799804637170149, 1.069030405964564], [0.873497829431254, 0.6788926642329929], [0.5402233484439635, 0.983834571992434], [0.929291346484338, 0.39572235145511536], [0.7404955087858641, 0.9605182098883003], [0.20562645591993103, 1.1299166940912335], [0.45895142963867397, 1.1167687826023251], [0.8381856574964337, 0.6906197844866174], [0.08037228583196426, 1.2142618056700936], [0.9849602860122361, 0.31397454900170546], [0.10827602201611859, 1.186496384303603], [0.8449353327708489, 0.6884646045036426], [0.5886027446636135, 0.9734107425249583], [1.005648712903778, 0.28775882781967677], [0.06618977379094472, 1.2231893540203045], [0.9613883504280042, 0.3338204141914941], [1.0345016456883367, 0.24972131269303047], [0.11380280126975492, 1.1801736833662162], [0.051896842325883416, 1.2353760389272126], [0.5289370490884209, 0.9891973712904443], [0.5793552878100543, 0.9753020174982245], [0.8550681929911542, 0.6833708439040604], [0.7720906053446885, 0.8674808475183633], [0.9768111112807599, 0.3203810235398306], [0.7753143137101725, 0.7664844345073196], [1.0004248881852027, 0.2933774411672888], [0.9312398399478021, 0.38448121977302907], [0.11817353875200119, 1.1769214296402306], [0.7781171119135025, 0.7565875301871783], [0.6533788800475182, 0.9730108968571842], [0.4495013585137735, 1.1261908067446535], [0.12680876430059174, 1.1714862691399575], [0.16757275962171794, 1.1374292431319515], [0.76862951423555, 0.8870636737290136], [0.7743450110978966, 0.8217394756044414], [0.15556207553646045, 1.143588485729822], [1.0126781390574595, 0.2801663910619034], [1.0248516624898196, 0.2648127456853677], [0.7593100619847097, 0.9230277397931581], [0.09597958188337918, 1.198094290361387], [1.0201558792230654, 0.2734562262767233]]",0.028332,18.60
DTNK3,CCPSO_strict_archsentry,5,100,0.004316,0.008157,0.767889,0.004204,0.711445,23.0000,100.0000,"[[0.8520725580565137, 0.6876616357975416], [1.0177961680006198, 0.27347258655008017], [0.11857092263307266, 1.1768772693109748], [0.8620531861580384, 0.6809867376742065], [0.08914373804303988, 1.2039719236727868], [0.9947697691827452, 0.2985189456300652], [0.9601790454038323, 0.33473145980341057], [0.8179832952938225, 0.7011520963329112], [0.15193704876736105, 1.149708527915986], [0.7717449848139327, 0.8848121246821432], [0.9066567157597359, 0.6640256048871931], [0.5695328196134961, 0.9756230731261244], [0.8150626557561528, 0.7070567763743483], [0.7276875906791783, 0.968875668265498], [0.88941472511348, 0.6735418457913975], [0.8947134453020315, 0.6661932074988008], [0.45916652101172445, 1.1217285383483617], [0.749409801931257, 0.933032423540749], [0.8057305056276666, 0.711159695435293], [0.4525274526849252, 1.1251430862271732], [0.9887566261996287, 0.30482905788333736], [0.5560033750681853, 0.9781036758829129], [0.9365794690126311, 0.36808563610434314], [0.9314672284405793, 0.3831608461859887], [0.7323865475804446, 0.9509342716667031], [0.5207682723668111, 0.9955131491608218], [0.764229593101171, 0.9113909837921985], [0.4860132041571713, 1.053959875499675], [0.16727917867585196, 1.1366425870268986], [0.14323595052608024, 1.1521529259201275], [0.6747715552464639, 0.9731057881955154], [1.0388027765202452, 0.24279241008341707], [0.7737623990931384, 0.7883649705963962], [0.5157565287211565, 1.0064598908549143], [0.05355964609535703, 1.232185731033102], [0.7754099644074598, 0.7689885724212442], [0.9668286625095021, 0.328061595687674], [0.7967884230505865, 0.7206458501658393], [0.780495584422767, 0.7522762106456222], [0.7718241907870239, 0.8661383598258552], [0.5791985785998306, 0.9749127500091384], [0.5006020481392989, 1.0226948920582835], [0.7414234910145392, 0.9463390608883202], [0.7579029972102965, 0.9204823484890847], [1.012698102850685, 0.2806413134134875], [0.8737529854336846, 0.6752620702472012], [0.8322322710504607, 0.6997041313481658], [0.768259511927478, 0.8968817825066069], [1.033429108788277, 0.25105407578144345], [0.9721137937783989, 0.32174031866084085], [0.16148032521164862, 1.1448101602088359], [0.5034670855055545, 1.0141237035489283], [0.9292389142363314, 0.4046484027850402], [0.9548011715455779, 0.34394213522610584], [0.46550475121150714, 1.0964544448065818], [0.5294813072229331, 0.987580482945654], [0.780581681726963, 0.7481325874854503], [0.47731013734021166, 1.076365755952936], [0.08321560746947877, 1.2104569053994503], [0.9489874970225519, 0.3484666385165858], [1.0261295721445385, 0.26290312518685693], [0.9304418788962211, 0.3935819855886042], [0.7036527934280917, 0.971707966827257], [0.9339406655868842, 0.3755627882926642], [0.7861607275262289, 0.7377901390171011], [0.4730846866577301, 1.0865025581893133], [0.12435607370222938, 1.1714911659229197], [0.9258497595381775, 0.6524301519161939], [0.7745163960447597, 0.7784882704618454], [0.9175049260489799, 0.6565956908043515], [0.4884529520280545, 1.0440813059834415], [0.4617424734323046, 1.1056737339038596], [0.20031409605962094, 1.129507785544885], [0.19410493111376137, 1.1316605640088027], [0.17421703284540765, 1.1339936954162593], [0.4939187323813339, 1.0325725113376965], [1.0304828282435623, 0.2573221752127053], [0.7918048379340461, 0.7255967101679575], [1.0055866840355705, 0.2880966286915321], [0.6073047220951981, 0.9731110558523346], [0.13680728306024342, 1.157744611326902], [0.5415601529320623, 0.9831329559760964], [0.18372288458273794, 1.1323834042812821], [0.10224437020852893, 1.194558340166389], [0.48214957539213543, 1.0650196204831062], [1.000025769586339, 0.29360644028614674], [0.9424819675565844, 0.35719139564128577], [0.04306926563273365, 1.239210541502975], [0.5094531505174101, 1.0077090172783292], [0.9793460348923028, 0.3147594218502978], [0.07041086555196507, 1.2207626258686233], [0.11263832966085503, 1.181052959468377], [0.078472388585952, 1.2157188296335903], [0.10684657966959582, 1.1884545791604781], [0.9841410817313472, 0.31181311933282674], [0.83736562706963, 0.6904141185555526], [0.09346853445914428, 1.2000210483582257], [0.773388089134409, 0.8541679980468975], [0.13035622517800521, 1.163788395321127], [0.06186605113398697, 1.2276740625666505]]",0.025695,18.91
DTNK3,CCPSO_strict_archsentry,6,100,0.004730,0.008628,0.986796,0.005327,0.728490,18.0000,100.0000,"[[0.8658957911772341, 0.6794135319416188], [0.0761950484156737, 1.2178599366362488], [0.08137364126708084, 1.2109214308461784], [0.8489936229428445, 0.6905566467965731], [0.46107072253507125, 1.1075468627053449], [0.5701855987597121, 0.9765785886772316], [0.8225293865300939, 0.7006076533140964], [0.7862535394795883, 0.7316177872342586], [0.7716932419048236, 0.8644966583975826], [0.7443039354112047, 0.9412812528805732], [0.8912905966157139, 0.6699916918783779], [0.9263202477151519, 0.65253622032514], [0.04182311783907532, 1.238527618742429], [0.7270889559295377, 0.9550841105716144], [0.7843883564032428, 0.7440795076054654], [0.828873388511779, 0.6954817932781818], [0.9053082169801226, 0.661966151563429], [0.9378982254975479, 0.36454523232026537], [0.5073234271923729, 1.008438195914193], [0.9196529891602209, 0.6539986100939783], [0.9605781444524357, 0.33731491286041104], [1.034718927291223, 0.2497583999168411], [0.9783290558503843, 0.31661823280248574], [0.5893284026245853, 0.9738222598665112], [0.9412005550881455, 0.35870520518215526], [0.7948478631297023, 0.7253634233962281], [0.050201990012082975, 1.2349461656523033], [0.5611438787844413, 0.9802242821637288], [0.7506902261031946, 0.9326430199013473], [0.20263275347693804, 1.1293972340380152], [0.11519248107431669, 1.178859789967647], [0.6107743232012708, 0.9735003789388097], [0.47684542214137027, 1.07283985559616], [0.4474827296128876, 1.1284882443295412], [0.7782610978374941, 0.7615964778663944], [1.0007949247367978, 0.2926507896656259], [0.8155550962525656, 0.7046511914092539], [0.9845999904663072, 0.3092168183083908], [0.9296922830385922, 0.3969551905826919], [0.9961384865380154, 0.297591908703801], [0.8096485811338364, 0.7077324222165406], [0.4918073977900014, 1.035957248557595], [0.12669089213747686, 1.1675220508985296], [0.6981378165365132, 0.968223416942867], [0.8382616018035004, 0.6927429771382836], [0.88004981390368, 0.6742746345544101], [0.15763526435029404, 1.142350844833259], [0.5294728644391872, 0.9873977782772441], [0.7650588588089516, 0.9303683405662873], [0.47281360102467285, 1.0798125816472632], [0.14299543569386414, 1.1529934706774552], [1.0138497012555536, 0.2821148223773941], [0.10967699886836758, 1.183956897075699], [0.6663574855799735, 0.9726043758279628], [0.7704587439292774, 0.9107677516903863], [0.17496982025793953, 1.1333617401170468], [0.7400546770787798, 0.9533365190302339], [0.544026087316699, 0.9805194623650852], [0.13236844657431301, 1.1636176609738187], [0.09650249618248412, 1.1966591231365225], [0.48302882076980347, 1.0654443374233074], [0.5352239506159334, 0.9848961729067278], [0.18854527258639137, 1.130185208614152], [1.0065892776320358, 0.2871022240413629], [0.5006851489597529, 1.0231143090650603], [0.7731650674827061, 0.7996201249420387], [0.9911857487333807, 0.30346740372691267], [0.4553336450385136, 1.1236252999777856], [0.49451857558141415, 1.029023805968557], [1.0306532230076182, 0.25543499356446203], [0.7246364389632521, 0.9626633795442674], [0.9321815473071564, 0.37837705300723745], [0.9719395660811525, 0.3222039864700714], [0.15045417580146472, 1.1475670298829337], [0.5247651299924082, 0.996972846309913], [0.4725852735056981, 1.0911335030433176], [0.12028580139893978, 1.1734193184988169], [0.9301864221251214, 0.395332145076135], [0.5169718597154077, 1.0014355077178378], [1.0256176843672675, 0.2643508522106482], [0.13699615345798494, 1.1580799369206394], [0.8016398360391049, 0.7191537327506021], [0.10452220502890604, 1.189711023891106], [0.5860982793429331, 0.9745738980541054], [0.7120776322339032, 0.9651233843876286], [0.9038141980460146, 0.6693841241620924], [0.16719170340127795, 1.137002343960555], [0.4911987647475209, 1.049989080781468], [0.06791427918113348, 1.2271793637733748], [1.0180436488582214, 0.27298912442336637], [0.9472449407381031, 0.35077980727605906], [0.6608170731111705, 0.9729097528865946], [0.9529242103948896, 0.3447233580011458], [0.7749055979954818, 0.7694552101030219], [0.4877791365531722, 1.0545125982980084], [0.09091576663384636, 1.2062645754599792], [0.965510811437452, 0.32866380506306825], [0.4646680588151881, 1.0984836210708369], [0.05885070754942817, 1.229695066617335], [1.0386033795204905, 0.24238694348359568]]",0.025327,19.43
DTNK3,CCPSO_strict_archsentry,7,100,0.004838,0.010279,0.792322,0.005479,0.760897,19.0000,100.0000,"[[0.7492683968786338, 0.9329381962893344], [0.8809046372425885, 0.6750110393142628], [0.7920940644131915, 0.7293601189359273], [0.15033904342436205, 1.1480323174738025], [0.4876726648098824, 1.04474261364612], [0.7747157410884462, 0.7782268234429885], [0.715633850884921, 0.967814781680119], [0.04248676403031672, 1.2388691369640206], [0.47985057232711537, 1.0686517344827338], [0.5388025718235004, 0.9837567775085434], [0.7673308132285573, 0.9085039247605711], [0.7735026894488634, 0.8000319785331824], [0.099891722096303, 1.1957741363506402], [1.001192931601206, 0.29290143759359755], [0.9849423650701971, 0.30926867062834457], [0.5034966010835208, 1.0196063997040614], [0.9401422170406405, 0.36041377174336914], [0.8034783937931752, 0.7146846303339836], [0.08676539481444955, 1.2059830065970674], [0.1290458833250404, 1.1646169038724525], [0.4652056439201316, 1.1082154519560308], [0.4515858852514663, 1.1266715401493355], [0.1926519604671027, 1.1312348393470943], [0.4709046849363828, 1.1038752627858028], [0.18292566249765205, 1.131808386754211], [0.5470965411777883, 0.9801872922260919], [0.9280573580898962, 0.6491707131513338], [0.8534204555488304, 0.6854003817031968], [0.10418192398098301, 1.1893179928003634], [0.8235099472775219, 0.7011886015538895], [0.5288825053860408, 0.9896190120820869], [0.724536397178301, 0.9557536546290983], [1.0256031635704923, 0.26348644593407344], [0.1572327903811654, 1.1435179386288516], [0.8136205462896783, 0.7066314787746815], [0.8031773216375073, 0.7209098120313628], [0.7735931107457458, 0.7999534623632008], [1.0389090917732082, 0.24254288006641617], [0.6131251587431735, 0.9792541635041174], [0.8446714074020248, 0.6909061052100174], [0.5142633147641601, 1.0025855149189242], [0.09257315340460195, 1.2013613836450017], [1.0206886227619185, 0.2702057940626077], [0.9558728182135802, 0.3394914952598532], [0.06203834927829553, 1.2268742245589992], [0.9051496543871995, 0.6607251106366192], [0.7734046020069193, 0.8390943666367308], [0.7779746144007608, 0.752371060075192], [0.9695498920900314, 0.32467723094702794], [0.9165802683206805, 0.6559852442784053], [0.8640262381803293, 0.6843977373220711], [0.962204300347575, 0.33222854780159583], [0.9802289392875815, 0.3171515408659931], [0.8934214600568504, 0.6681789874166683], [0.7686495234718602, 0.8932181529569296], [0.08078415035792318, 1.2121117350696593], [0.9353969461065567, 0.3697954010694067], [0.7400948333969162, 0.9442362643942857], [0.7382820245332549, 0.9461517182556178], [0.49156363337892556, 1.0353436444330133], [0.06846212036367431, 1.2220963562552625], [0.47765586831250084, 1.0754984012290456], [1.0350738875440613, 0.25033646096796625], [1.0303656397565062, 0.25699209307859505], [0.48346632870979406, 1.0606408961306666], [0.1654981449710373, 1.1372947195153709], [1.015450319750725, 0.27712584302021437], [0.7762618819027515, 0.7635030657086612], [0.9295484029873036, 0.4064188112681066], [0.1423098771564914, 1.1537831141184927], [0.8702478171310565, 0.6778310036026569], [0.20756791666766555, 1.1296448726305603], [0.6157951981336981, 0.9734621810823094], [0.9520744188511794, 0.3444475570322074], [0.707340689017963, 0.9685687165381438], [0.12347315304321645, 1.17080421104641], [0.17391792724278216, 1.135794068035095], [0.679732980761307, 0.9716663714152867], [0.9470594664148273, 0.3536301676548145], [0.7658210432045772, 0.9124508842368761], [0.13437319510982443, 1.159942385899161], [0.5242295577891124, 0.9972950408256347], [0.8340597931144574, 0.695100217665894], [1.0104903779434198, 0.28311086812661246], [0.4976331533205288, 1.0261011941402376], [0.11224548548827594, 1.1835764856960365], [0.5093149996848462, 1.0107312081348507], [0.9346081174894998, 0.374992773906882], [0.11792935446846588, 1.1786410565715009], [0.7536212831058141, 0.9315409231909004], [0.9289757372700981, 0.6474806979894001], [0.9923627841929293, 0.3036230192457395], [0.7859260799665941, 0.7318758686217277], [0.07463334134512808, 1.2167734799210617], [0.6809997463333656, 0.9707987233729498], [0.6002039565341563, 0.9797235254337755], [0.056197764566100275, 1.2333117757531187], [0.4645763089434105, 1.119319923400051], [0.996006431822969, 0.2973679096137514], [0.47310419338260346, 1.0804968851069063]]",0.021101,19.08
DTNK3,CCPSO_strict_archsentry,8,100,0.004087,0.011033,1.009021,0.003514,0.698863,22.0000,100.0000,"[[0.6711914626450244, 0.9720811971228671], [0.2028880860845571, 1.1298861591183562], [0.46067096513800004, 1.115736817396971], [0.961655152679291, 0.3336780394247336], [0.9728113539690746, 0.32310454675006856], [0.7851826205502054, 0.7424317972477119], [0.5648588413589714, 0.9781832758360371], [0.8332836336139263, 0.6952314055063487], [0.12121761068593681, 1.1740258978637184], [0.8798589189215906, 0.6750138704497488], [0.8538628081717029, 0.6835307729820492], [0.7062182806681215, 0.9706853851497774], [0.08761570754581428, 1.2056731377066692], [0.8094988309322968, 0.7136682739197533], [0.5143895258898792, 1.0006870599695992], [0.6855396765978542, 0.9718501455917343], [0.7745893087537844, 0.789729277712496], [0.7651184281821596, 0.9039967158893722], [0.08162112301792708, 1.2119173709873754], [0.9897200081991082, 0.3044225229787757], [0.14822073061790755, 1.149849616643288], [0.49653708727622187, 1.0301157711603377], [0.49125344349382394, 1.0381789809969237], [0.766944915647077, 0.9011416493846653], [0.13491266784116263, 1.1615234757502122], [0.9841681214195871, 0.3097580229239899], [0.7741547284758842, 0.8672714035939497], [0.7716580656976163, 0.8674490812681825], [0.7586398148082663, 0.9188548727979107], [0.6473038696030183, 0.9730703705542822], [0.4631242143385575, 1.1025029409954679], [0.5217222454629046, 0.9954499440136728], [0.7459606303774081, 0.9391118740214124], [0.8643983602533756, 0.6790272157457717], [0.06701394265190504, 1.2231403455332004], [0.9086194250404891, 0.660215262760742], [0.9430626719868517, 0.3560013632656872], [0.16325699153910472, 1.1430510179094382], [0.7522787240214067, 0.9305736173386512], [0.9673863295226549, 0.328614473295565], [0.7210540324712692, 0.9638216998430644], [0.1875374826917403, 1.1305741802420048], [0.770687665781386, 0.8875990699141347], [0.5426171899131692, 0.9818927690519714], [0.7358284526529737, 0.9543843124018194], [0.930068256631735, 0.3917798357167358], [0.8225384514754752, 0.7017070842656266], [0.1079969251222308, 1.187527781076499], [0.1687622768678, 1.1358651094202383], [0.05114552455062295, 1.2334383251957015], [0.05972288382997017, 1.2280627488116505], [0.8400814439118133, 0.6908036000450275], [0.4765142431585671, 1.0793325229827302], [0.5740445173734757, 0.9768403861344643], [0.5015715868903271, 1.0176185549575303], [0.9482031722015425, 0.3490035805978141], [1.0150708517599065, 0.2768662637645048], [0.8929432475453064, 0.6699632056483735], [0.12882155049968758, 1.1666539069106043], [0.9318766333042917, 0.3793038055410525], [0.4792754353169547, 1.063646416938794], [1.0393149583845014, 0.24329841502303282], [0.9056093567702588, 0.6663221071648762], [0.48604277725898704, 1.0496649611429276], [0.6063700964486466, 0.9764974853073962], [1.0295011486950871, 0.2584651204095214], [0.7928509941695018, 0.7245727399041515], [0.9395769800602588, 0.36411306493095663], [1.034425080231903, 0.2513408811457053], [0.45203679334185065, 1.1223527237067794], [0.10075619635181203, 1.1939191106377047], [0.7747666807865624, 0.7829439441681119], [0.5331487827558357, 0.990827913123665], [0.4858681019972566, 1.0554859261851024], [0.9220437704289681, 0.6552757360720004], [0.812670258893512, 0.706348177508777], [0.9351315167732106, 0.37175675140643993], [0.09387889168231807, 1.1994381122573525], [0.4731892086934312, 1.0933546102275558], [0.14224068030140397, 1.15818869554919], [1.0230480385536547, 0.27297795989732093], [0.9804048165378921, 0.3161696865740804], [0.7116202522860664, 0.9644931186620529], [1.0028721749970952, 0.2901574990676516], [1.0096158289052677, 0.2834689155074032], [0.17880783720944712, 1.1335694077258747], [0.7891571384995981, 0.7267571948399099], [0.9961319239985501, 0.2993570792100641], [0.6169517052810104, 0.9754383641638913], [0.7252352303825073, 0.9564315879462613], [0.07419528421000551, 1.2181255400402569], [0.777251530028574, 0.7596118000135619], [0.6360113971877627, 0.9746585726506356], [1.024873567218811, 0.26410339209293887], [0.1537196962588407, 1.1444915622805234], [0.5069952018318598, 1.014933506366253], [0.04229732590311483, 1.2384924843419411], [0.8052704384785551, 0.7215768606597275], [0.11444241365730018, 1.1807000865966548], [0.9549025434340487, 0.34029946429961455]]",0.025916,19.38
DTNK3,CCPSO_strict_archsentry,9,100,0.004370,0.011029,0.919987,0.003422,0.688208,21.0000,100.0000,"[[0.9772500067840201, 0.3162171309351809], [0.763418064395037, 0.9090334732648311], [0.9315165527940058, 0.38365302794124356], [0.11088279528564439, 1.1834076677639762], [0.8736595063273948, 0.6767616416837228], [0.174605497010543, 1.134206160225785], [0.9738009542496574, 0.3233011634855047], [0.7718401329627042, 0.8675016254182704], [0.9295957850388596, 0.39985680245815647], [0.9591268638447089, 0.33528715214581944], [1.0181605279215966, 0.2728631651275202], [0.47842336099286503, 1.0795188917108032], [0.909720635957458, 0.6586426244634249], [0.07518005521792606, 1.2164060500029357], [0.6616727292286116, 0.9730360778893645], [0.4580888216917639, 1.1213575429557177], [1.0384511442389375, 0.2416788402463912], [0.918547545947512, 0.6537209962343248], [0.7747637704844473, 0.8232894785180991], [0.8207599045227725, 0.7074126323517476], [0.8967000588817982, 0.6675314214320625], [0.7711123873943677, 0.88812270679987], [0.07026410545521163, 1.2236622504083028], [0.7741246780037201, 0.8540296358709969], [0.04387251648237636, 1.2395327061561419], [0.15084598279008923, 1.1472633705276283], [0.7518546947219685, 0.9429528841890846], [0.998820258097531, 0.29509485464389396], [0.581452980414518, 0.9757180211250203], [0.5394998731145816, 0.9905271584752464], [0.5596819166934993, 0.9770714535061171], [0.9346350866070079, 0.3741582424971315], [0.7970728932572917, 0.7359512657760037], [0.5018657891841126, 1.0204663776951752], [0.9551674306346015, 0.34130536474642054], [0.9388537167437191, 0.3660640953714522], [0.9505565436112036, 0.3486742781934803], [0.18821841376447887, 1.132542187938159], [0.10495201890773306, 1.1898280382242121], [0.6169383810310533, 0.9740374233203344], [0.9047128201341463, 0.6633153376108856], [0.7360085757689934, 0.9482666350401514], [0.4833842988492253, 1.0544390517055886], [0.5236866381870549, 0.9921284753007444], [0.7773430560519056, 0.7609386075354256], [0.472055557149752, 1.092096000778914], [0.7659307834219334, 0.9005098401744975], [0.550479887641614, 0.9788520772015834], [1.0347027652313507, 0.24929401097464698], [0.8872934525121832, 0.670118840423904], [0.5463535356625819, 0.9859376602335677], [0.6273291617708753, 0.9734004171965209], [0.8040134972886995, 0.7265545412950043], [0.6753316165803261, 0.9707667664996262], [0.5181601694345012, 1.00092420783486], [0.7815512392830689, 0.7517475326969654], [0.48129370184911924, 1.0669560029957466], [0.992149279434678, 0.30129715493069453], [0.7613490771945695, 0.9171391891775578], [0.06063453866245372, 1.2276106055157805], [1.0117728190629032, 0.2804193451242709], [0.09794751073548764, 1.1952575170858064], [0.4947334734609591, 1.0314018694746379], [0.08692826297267221, 1.2060626615953107], [0.1657236748628706, 1.139547549323832], [0.1449578939353302, 1.15180531883886], [0.48856487811136856, 1.046699750787154], [0.1980199397487959, 1.1291246048032164], [0.9668389369638557, 0.3267445992998812], [0.9442541841420463, 0.35465593696752995], [0.7765494798410183, 0.7774153448683163], [0.7303148969858452, 0.9527779068579114], [0.46077524704194156, 1.10918622521924], [0.775710686131727, 0.7894653495134738], [0.12373208161787845, 1.170982405959298], [0.9849851605639243, 0.30875229214194133], [0.8653386694818679, 0.6783547899778506], [0.700935889146208, 0.9665871689828913], [0.806976573372651, 0.708802239412087], [1.0053274849869611, 0.2874050225019183], [0.7865028411757057, 0.7417522137017083], [0.15669013518708, 1.1433229091814852], [0.8392760608772311, 0.6902455459529975], [0.8797147570310766, 0.6732532823902622], [0.054841297071459204, 1.2318425193319775], [0.7234529693835389, 0.9558451965558794], [0.5089961515549237, 1.0071751456192508], [0.09170815090665321, 1.2021546274542116], [0.13862287360795456, 1.1575808749382501], [0.8050795221496321, 0.7216546639495811], [0.08106115820922076, 1.2128803078936916], [0.11809091744584131, 1.1776278990176947], [0.6983803512145882, 0.9704904920804625], [0.13079822516270484, 1.1666118498913374], [0.5908343722528075, 0.9744607112202914], [0.8322113579153233, 0.7010018065486401], [1.0234401382947589, 0.26670546686070534], [0.859073537801215, 0.6842429021123337], [0.4652763588340925, 1.1023659533956867], [1.0317553399312176, 0.2582737270958071]]",0.028016,18.86
DTNK3,CCPSO_strict_archsentry,10,100,0.003763,0.010020,0.773245,0.004115,0.686037,24.0000,100.0000,"[[0.5780821008773308, 0.9757627711167132], [0.5210972659070808, 0.9989170418380966], [0.09401985312838936, 1.1993485157437382], [0.8308574718149189, 0.6944194973912892], [0.76949639369989, 0.8908084320891696], [0.47549701140489153, 1.078294594896051], [0.7487606314513799, 0.9340258677749405], [0.931750751732397, 0.3836806057923811], [0.7285627117617447, 0.9593559937518015], [0.8472421502420933, 0.6865404077902877], [0.08229033612973906, 1.2116692185260332], [0.1054458824598445, 1.191173311308028], [0.4626561451709926, 1.1026492954389167], [0.15848210758522963, 1.1427296049803426], [0.6265183516986281, 0.9734719176859392], [0.780087332407377, 0.768390217055154], [0.8639672133379603, 0.6801721849524462], [0.16652683376807997, 1.1382641130440863], [0.7990873778871256, 0.7200309448011553], [0.7446876355210421, 0.9462696749516142], [0.9811876212883942, 0.3122733879132164], [1.0304643295658735, 0.25705935489498316], [0.05740604132747725, 1.229741931628418], [0.5306182517290233, 0.9873822636574272], [0.8913397929650587, 0.6695099491242322], [0.5150094237986925, 1.0085366371949427], [0.5535300718509054, 0.9822553643678011], [0.7735660009646445, 0.8521160233152305], [0.7676523417689747, 0.9099203607780613], [0.8431373248908546, 0.6920874799715252], [0.8582900131832657, 0.6818435320003986], [0.8803372281439876, 0.6765437402052839], [0.46913711866090024, 1.0953689921917678], [0.7158080717565577, 0.9607948080094799], [0.5410230019877393, 0.9865521106279378], [0.9556097280079613, 0.3460516035995689], [0.13686434915711793, 1.1586113887315332], [0.8056050851571107, 0.7155579419807718], [0.7021628205942708, 0.9662070747087175], [1.0014770137332247, 0.29412834273047994], [0.9150555068575156, 0.6556298897323499], [0.762320707389396, 0.9111532405383775], [0.4713970595513249, 1.0858256494007574], [0.9669210475124185, 0.327695954411753], [0.9356327582624075, 0.37265934421544744], [0.45843419720385625, 1.1154874117113318], [0.775917342929561, 0.779760470223017], [0.9434780807427381, 0.3561849778900641], [0.08760668502087213, 1.2055552200846023], [0.5629273276125389, 0.9792790359688424], [0.49989163563896544, 1.025939490537954], [0.6900819175587716, 0.9686191374306978], [0.7560551466384668, 0.9249584819595684], [0.819933636855149, 0.7003611457859504], [0.9487907995316145, 0.34788864213660464], [0.049867917558625685, 1.234368417135962], [1.0248333237103624, 0.2640686897960935], [0.12738609438938792, 1.1685123346873416], [0.6090561111807101, 0.9736425121898153], [0.20029015299035702, 1.129108030724069], [0.4841344252163342, 1.0547024556436733], [1.037843142765011, 0.24294517714644798], [0.5272735649152597, 0.9938283392725302], [0.995145884688431, 0.301259498187571], [0.11322320511591617, 1.183426050708575], [0.7747930757329459, 0.8214982414957497], [0.9384962663155577, 0.3632733194604352], [0.4794990415792808, 1.065646400455419], [1.0207910150555008, 0.27147768859310695], [0.5042080521859518, 1.0138775504816708], [0.9591915164227277, 0.3352680822359223], [0.18514017300732882, 1.130817663857899], [1.0147544618200282, 0.2776916052213837], [0.4963594007269296, 1.0346386551674525], [0.8144644794194129, 0.7080257597921225], [0.4898935746506492, 1.039664868646454], [0.597915946422145, 0.9738655749718141], [0.9265176537456653, 0.6497689974502893], [0.04183803628294466, 1.2383961416119575], [0.9009743230532099, 0.6650041462619833], [0.44913586010851225, 1.1288371323627906], [0.7338955964507351, 0.9576221354352048], [0.7876982910010655, 0.7301127097749354], [0.14365847676516053, 1.1522113627071486], [0.929377469148771, 0.39363823934970055], [0.9291005582780214, 0.4014002736877627], [0.17311228156597344, 1.134072004026711], [0.780820102841011, 0.7508260500881847], [0.7849066421622711, 0.7459466561193313], [0.06624237823176081, 1.224754639599352], [0.48906110410223724, 1.051479618260952], [0.9111235695429343, 0.6593396889762622], [0.1512633706345309, 1.1481747359281202], [0.9776186098070746, 0.3226374493432081], [0.07220545432845807, 1.218489164409183], [0.11899700449867605, 1.1751788253241133], [0.9867303731563667, 0.30755417077367303], [1.0099255132599045, 0.29001433388686926], [1.0372836248031672, 0.2508855798058305], [0.45344713835967954, 1.125697376902332]]",0.023704,18.85
DTNK3,CCPSO_strict_archsentry,11,100,0.004528,0.009229,0.792004,0.006202,0.747697,22.0000,100.0000,"[[0.5781422695860406, 0.9741000441011687], [0.9626535635549947, 0.3320135324179756], [0.9936702852140692, 0.30064077583284], [0.16683990450995478, 1.1389765432156207], [0.776122470116366, 0.7632910576464389], [0.8056449632034666, 0.710382474886208], [0.9181830702036032, 0.6541924351560358], [0.09673863279440768, 1.1971238426393054], [0.4914017049248078, 1.0365348789038809], [0.9794584163750434, 0.3145869863706672], [0.8996673812877803, 0.6654407855577074], [0.9372520689794541, 0.3666190925875454], [0.9338320155093298, 0.37621449052341693], [0.4729984912567686, 1.0936311438888486], [0.538398572611975, 0.9899011790190717], [0.7740479791562022, 0.8118126931087841], [0.7743379018649373, 0.7979798450553941], [0.7295675614415355, 0.9580347476220987], [0.9256572576567248, 0.6501200539731435], [0.5134626723791708, 1.0159350297340999], [0.1456900003530332, 1.1518585015772134], [0.15376405649629493, 1.1463904065716302], [0.8268825650921062, 0.6959744320240141], [0.9331932206465312, 0.3883717345583393], [0.8435133981863313, 0.6958977140740736], [0.1247462378349299, 1.1700654410007323], [0.041927407725753915, 1.2385562594735096], [0.9292725241871423, 0.4015060517461437], [0.06639459242040249, 1.2244356123254962], [1.0128863571243256, 0.28203605721022307], [0.45679267830030845, 1.1157593116357505], [0.9733139080072034, 0.32024390484686005], [0.7879938014624036, 0.7293605742961307], [0.7732713845839191, 0.8610048916214945], [0.7760142398492085, 0.7872845588873496], [0.13884938004572028, 1.156401551371056], [0.7724372363312891, 0.8824548001856352], [0.08059195079427382, 1.2121961942085857], [0.20247161924689538, 1.1295865956125835], [0.04795148994919349, 1.2355553697888642], [0.8568170728285153, 0.6819464538771991], [0.7955555308258005, 0.7188871829916488], [0.15962131861743584, 1.141245540359649], [0.10372370199426548, 1.1914752509911912], [0.7087143055995598, 0.9660877741249194], [0.4613890455675529, 1.1058364385955441], [0.1935216697814796, 1.1302345756204217], [0.13239167162385224, 1.1633179128283326], [0.09159725340990853, 1.2016041975051197], [0.17538304219342635, 1.1336697691106217], [1.0376913011375044, 0.2432337271509817], [0.11705119844648999, 1.1785332103906632], [0.11110909699950715, 1.1826375937771005], [0.7694573277302976, 0.8855687851020266], [0.5538674877311007, 0.9835483707645272], [0.5015688444785434, 1.0193697442273846], [0.08654875554248577, 1.20624959167131], [0.48177044067846087, 1.0658390846263792], [0.8812447375979833, 0.675607703566522], [0.9059462701464142, 0.6629226708703297], [0.4789490333076536, 1.0734289017215637], [0.05436263805333375, 1.2319407843269026], [0.9445994828594345, 0.35587270083390077], [0.7023252460749103, 0.9681672159454504], [0.5638585089999593, 0.9766650822806697], [0.5503586330648094, 0.9871920190161465], [0.7521171395409495, 0.9301883169942728], [0.7840328250055177, 0.744445717638458], [0.9555827231005022, 0.3412373488901871], [0.4947124712291426, 1.0323725769162673], [0.8681863884459169, 0.6780543632018694], [0.060110571303196275, 1.2279430838868275], [0.8507099079859898, 0.6848473300984406], [0.7277078513920517, 0.9638810979094496], [0.778527746632197, 0.7550237239467552], [1.0334831249127505, 0.25122696429569924], [0.5160207272454794, 1.0014771190041853], [0.9883133536861707, 0.3078442346422875], [0.9491899642568327, 0.3478590048259025], [0.642906586807075, 0.9733738632558435], [0.8133834377787758, 0.7037915137564936], [0.4562918323070505, 1.1226038318007237], [0.9686923196672916, 0.32541579871132753], [1.0072575393476624, 0.28844270501396885], [1.0000828956962284, 0.2949191501355301], [0.07352178671247621, 1.218087540149378], [1.028321845954346, 0.2590624948241772], [0.5236362753404189, 0.9929346495715277], [0.8268378759456414, 0.699724899656462], [0.46647863550727653, 1.0961997271733956], [0.7664231757395078, 0.928521336425413], [0.8902115800648462, 0.6691532185924431], [0.7371151993591359, 0.9507092591369262], [0.1846892296714039, 1.1325031848321745], [1.0245037218792878, 0.26873260921376835], [0.7856195003176921, 0.7393029530941739], [0.48714210398279456, 1.0542425796287962], [1.0170607201871926, 0.27494891639402647], [0.7445058095910831, 0.9453345452649176], [0.47493354734543364, 1.0799802095166917]]",0.026944,19.59
DTNK3,CCPSO_strict_archsentry,12,100,0.004308,0.007993,0.759792,0.004849,0.718047,22.0000,100.0000,"[[0.7742905311524287, 0.784096378831086], [0.45018406364069663, 1.1242032299175853], [0.8822760939243329, 0.6712960735120697], [0.7768796324011034, 0.7705791537705984], [0.9334267465720733, 0.3769095293345068], [0.7722922651432885, 0.8755121310218053], [0.4736868755417185, 1.0790660450997058], [0.14728320911996573, 1.1520256912515157], [0.16057243182071887, 1.1427244964401275], [0.9591331449497209, 0.3362487136925622], [0.9289433870002027, 0.6472813431214448], [0.08200490760989339, 1.2125925825275898], [0.49220202066472374, 1.0377685317712089], [0.5113500242154034, 1.0066044767600817], [0.9922465241264428, 0.30277816098579957], [1.0185293004677538, 0.27346219534221716], [0.858666625189233, 0.6868611627073806], [0.8727277909565149, 0.6776078787432098], [0.11416489681006332, 1.1841609564682092], [0.08643967316465424, 1.2063568463468621], [0.2047838354744184, 1.1301461521525855], [0.8494749847229555, 0.6901825104568005], [0.5107328475516325, 1.0149776888341333], [0.1260259488809155, 1.16919650416886], [0.7468585246689644, 0.9364856680539004], [0.8248816192939877, 0.6968898333534124], [0.895779482454929, 0.6673510640764102], [0.46705771054167927, 1.1128267355243933], [0.09205780153492939, 1.201148763703676], [0.7872893583212122, 0.7345085607558881], [0.930280900995791, 0.3876916506336862], [0.8643968106337714, 0.6845258160465688], [0.6121988497319255, 0.9740709429489938], [0.7994139936473782, 0.719524833960967], [0.5917513170948551, 0.974181067031505], [1.0110236531628993, 0.28110973441927894], [0.7930402237390033, 0.7262119133759319], [0.9983156754265349, 0.29769140064292404], [0.658648434328423, 0.9728049599132029], [0.9381068412652206, 0.3690858695899993], [0.07019333050193133, 1.220336602225597], [0.11869011353661547, 1.175198213165842], [0.9425011689060255, 0.3580666044550403], [0.9559389297643212, 0.34339704704313284], [0.13192959025866233, 1.1633759189990067], [1.0049199807803553, 0.2901010018700687], [0.8228419758692942, 0.7051669762650683], [0.6841662175625738, 0.9708368517130725], [0.755463390849923, 0.9259287419990143], [0.9182278574646441, 0.6564612105643012], [0.5375851684402104, 0.9908793204849264], [0.15251440686092085, 1.1456341745187912], [0.4857834358426575, 1.0480163247373464], [0.6991398204205173, 0.9677831039948557], [0.16827539798778135, 1.1366064861438787], [0.773215912844008, 0.7969153669850957], [0.7393259872163503, 0.9452432581505552], [0.1391490865498795, 1.1574483815031265], [0.5217483540972012, 0.9974132490403473], [0.9488454669484717, 0.3498440553400646], [0.04403743868410055, 1.2382505039223919], [0.09896454757094374, 1.1951431952896805], [0.7769149129162298, 0.7563991631695455], [0.4681390217219367, 1.093280038984674], [0.9855773372389823, 0.3080574049149919], [0.7649560832023055, 0.9091162764942122], [0.5032484978374845, 1.0167396501386499], [0.7284944979361836, 0.9539278978423229], [0.10646519836177688, 1.1898079419232737], [0.7831007031170526, 0.7426335711336436], [1.038670160470868, 0.241961426030453], [0.7205510637514358, 0.9648988344015113], [0.8388193313961182, 0.696530583863215], [0.48149205707398035, 1.0625316078847007], [1.0353250397160492, 0.2481265588576802], [0.5469276533847999, 0.979562833466856], [0.07535819831559833, 1.2158790124320025], [0.06510706859645697, 1.2263110696359667], [0.5187781213454425, 0.9992245522943863], [1.0276071841140042, 0.2605174738972856], [0.18248370499570843, 1.1325992370139255], [0.4709131117088934, 1.0850799002439402], [0.810263142386921, 0.712363755038683], [0.8139525371479842, 0.7057568446372606], [0.9780416274888811, 0.317751365301545], [0.4560753843943009, 1.1175674827724102], [0.058049151537081956, 1.2310280176574373], [0.7364663723151519, 0.9492569117688472], [0.9646936644486266, 0.32905765966946676], [0.9697963408621869, 0.32397416999043466], [1.0316214489980229, 0.2545948064265151], [0.049932910972737346, 1.2345615520620303], [0.5600227953062734, 0.9766064626735289], [0.48343378749611354, 1.0611456944795667], [0.49741074400404706, 1.0264686646754344], [0.9069166548137871, 0.6609805555268466], [0.7227470080915605, 0.9567030724400756], [0.6708823196635658, 0.9722888185140148], [1.02443833431918, 0.26795454438728383], [0.9291690421914139, 0.399929889872512]]",0.024255,19.40
DTNK3,CCPSO_strict_archsentry,13,100,0.004275,0.007392,0.758362,0.003145,0.742012,21.0000,100.0000,"[[0.8875713339928102, 0.66983340939026], [0.7734549356752364, 0.7962364542688054], [0.7913044879129936, 0.726273326352286], [0.1610180820610465, 1.1403220739857414], [0.4638694310780596, 1.0994997055675282], [0.7883885339789025, 0.7397073021487137], [0.7291331567703617, 0.9623338466842954], [0.090548661069826, 1.2027307661863602], [0.6503004050115715, 0.9734690146440912], [0.757101179405682, 0.9248086652622269], [0.9292501691154876, 0.39702802473655047], [0.7661736771866902, 0.9158522968150637], [0.8365639883223673, 0.6952616057364815], [0.963024863045015, 0.3352430342856695], [0.7676196020355831, 0.897995136214305], [0.17005786955061183, 1.1374525518785537], [0.08336173940609248, 1.21064442425345], [0.9736303304067969, 0.3198409609459456], [0.1350446721315515, 1.1618089711228292], [0.9899100658675644, 0.30548463842008766], [0.6999905721245164, 0.9682454641556846], [0.5163211122349697, 1.0063403667316502], [0.8662068968981786, 0.6789476137264222], [0.994859522792758, 0.29857755365092487], [0.7764481111253004, 0.7666226925300099], [0.9795884083345218, 0.31513943860368065], [1.0388397892915588, 0.24238706800324858], [0.9676431191396405, 0.32744190135877205], [0.8112208180105481, 0.7051255510036933], [0.5303325958027139, 0.9902708270599379], [0.493143139211528, 1.0344572036176176], [0.7430802286225411, 0.9518953306463771], [0.062359396240880396, 1.2265942257165958], [0.9367467439248166, 0.36723891357179766], [0.054657242840924304, 1.2314134606022304], [0.8223615957018077, 0.6996468703852121], [0.683764595893167, 0.9713707385770429], [0.9542894303169093, 0.34231569961077735], [0.1562282475781488, 1.1435299000179242], [0.6754100662127078, 0.9716816711154528], [1.0241422491181953, 0.26574991091548944], [0.4486792572904414, 1.127985539766908], [0.487132243231145, 1.045126208033351], [0.47814247485673766, 1.0726354838342829], [0.12720066663617163, 1.1668224914575367], [0.9838642973116047, 0.31082106079187255], [0.8766229763289276, 0.676877962827076], [0.4738458298287529, 1.0838038414588], [0.5786767490234205, 0.9739394900805589], [0.46723953563293136, 1.096662073192334], [0.18171486870490217, 1.1323137388744156], [0.5217155028444056, 0.9973239224289039], [0.12010359529196725, 1.173372236935816], [0.7799101860968268, 0.7458787655811288], [0.14823359793088003, 1.1496434293157058], [0.9351097881310282, 0.37854778046140614], [0.9083534526397156, 0.6593497947735719], [0.07738905595709089, 1.214648903189333], [0.9477714588124082, 0.3512428351877239], [0.8532854380357481, 0.6906993919839444], [0.4599009376457174, 1.1076207373244171], [0.8577553545652036, 0.6864664705967038], [0.7319419017276639, 0.9565528526608615], [0.5686954182423587, 0.9757960754398511], [0.5061039142188271, 1.011961468830949], [0.7747053179762962, 0.7883032301407673], [0.8990003173746978, 0.6642523630397925], [0.7479699474558633, 0.9501578889302094], [0.04184897368845844, 1.238478047107495], [0.9178325607288897, 0.6549603416653635], [0.47980958523840256, 1.0647152545274776], [1.0191232868093725, 0.2714328151209628], [0.19532528568519747, 1.1293820023329928], [0.5465572719855006, 0.9798774748725354], [0.14147017411929008, 1.154929541646347], [1.0150736916177256, 0.2777459125644825], [0.9427994604347759, 0.3589877123696342], [0.7788580381361847, 0.7536981309481035], [1.0022456537164426, 0.29253929122139194], [0.8052714428157909, 0.7112791863760515], [0.7690465434149499, 0.8880664199131894], [0.7196039639510058, 0.9650814733145516], [0.4987905639060759, 1.0215790955732529], [1.0294450157865287, 0.25915212715052904], [0.10359883932624235, 1.1931577701471483], [0.7726006459176412, 0.8759370568998219], [0.7524260336439222, 0.9425765669401163], [0.7983270844067509, 0.716443729393694], [0.048430321051505694, 1.2351073679120863], [0.5407554419274608, 0.9857078809950002], [0.4547466277165464, 1.118543536368512], [1.0094124239219282, 0.28437938123681183], [0.09607372623386316, 1.1973106928539319], [0.9300945343335588, 0.38708970438444], [0.8432706341107449, 0.6924062054275606], [0.11179767871323136, 1.181640555219708], [0.10918131228303181, 1.1894245570230293], [0.06977332174175911, 1.2216552069499664], [0.7076624777690012, 0.9661442521040253], [1.0343177951433289, 0.25115449426369507]]",0.023434,19.37
DTNK3,CCPSO_strict_archsentry,14,100,0.004312,0.009182,0.655041,0.005745,0.770003,19.0000,100.0000,"[[0.9666452022109786, 0.32779863256087144], [0.8197807360318129, 0.7015653389316541], [0.7729484079524419, 0.8592436960268446], [0.9902647340596883, 0.30510786814686197], [0.6109569535064233, 0.9749232403984351], [0.5365206955996761, 0.9836795190775369], [0.7392710045233192, 0.9475970599362917], [0.8472609592739465, 0.6863594615468837], [0.474024467534632, 1.078538015081498], [0.9839456631961927, 0.31207616294941243], [0.4884564210361954, 1.050392408595313], [1.0207947935855464, 0.2695709016080301], [0.7671326279680016, 0.8937754421690063], [0.8884982236570457, 0.676227098317757], [0.18504671623813604, 1.131050657345164], [0.7069204854139571, 0.9642738933649018], [0.48049482778466157, 1.066594917727334], [0.49072724738947665, 1.043366631506942], [0.14771480698494502, 1.1521326731738875], [0.9567636402376469, 0.33865686196985734], [0.8360641792623625, 0.691684720097601], [0.7930493027722332, 0.7303700477630002], [0.8692459338112856, 0.6812756925408994], [0.8002556229836862, 0.7141258485465614], [1.003289512634752, 0.2922903260510306], [0.1114110840616976, 1.1820338850677883], [0.1015919576189036, 1.1921280055276093], [0.10669529961265396, 1.1872869594987057], [0.510370796460473, 1.0068513678994655], [0.7751596445778314, 0.7862528544445397], [0.92949347866424, 0.39184288121759775], [0.9436479118697702, 0.3558773047277417], [0.07850533520525202, 1.2132082708966718], [0.15432623783007562, 1.1449288922559078], [0.925338933218665, 0.6510570145029753], [0.49533381632581286, 1.0319791246930807], [0.5719660841148139, 0.9751129172681863], [0.8517075394319346, 0.684813054498262], [0.526839192374098, 0.993520242921283], [0.11666927719304433, 1.1780037198332445], [0.20086571234835943, 1.129060987973752], [0.7861431686510466, 0.7407609991524562], [0.16050030249517602, 1.140939424881925], [0.1308097906537773, 1.1638647362648677], [1.0383411045048034, 0.2421802776102681], [0.619609459509696, 0.9734446557840384], [0.12615179424339093, 1.167486729418982], [0.5247603372415913, 1.0057298477270904], [0.6539020027476797, 0.9726085043864572], [0.08911343001226911, 1.2038594930966637], [0.9968134563947991, 0.29752671735370395], [0.9782629053347038, 0.31734920315366844], [0.9171091271087318, 0.65971764091169], [0.1656443583628874, 1.1382653973969485], [0.48449432664645614, 1.0600099326754147], [0.07324529231042695, 1.2191361954369972], [0.4556282218419901, 1.1193102418453256], [0.4479776707792963, 1.12802365233868], [0.1750747563570121, 1.133298702046948], [0.9511207391689381, 0.3481550404669081], [0.7289085634547728, 0.9525114201390414], [0.8997953913654974, 0.6664337947117531], [1.0087539192538846, 0.2845116967449663], [0.8960736203268257, 0.6738227472627933], [0.7436361595454617, 0.943173380935683], [0.09621656797494336, 1.1976055649666226], [0.050407487292129946, 1.2344152184823078], [0.9344284404237225, 0.3730093224815433], [0.9294284945741987, 0.39790119157235415], [0.08423654751932079, 1.2088979699806528], [0.759506859823555, 0.9400104661465818], [0.46378232830497357, 1.1032340479879656], [1.014946876516754, 0.2770277990426521], [0.501755728028887, 1.0176492435883377], [0.5609480125202043, 0.9771813896293744], [0.47149586829887796, 1.0831033000345096], [1.0251631294321017, 0.2634413338018913], [0.9320043418555141, 0.38099414198258263], [0.8275481559206499, 0.6968215440467664], [0.5083946659145724, 1.0139226987649177], [0.7991897372746813, 0.723971919541599], [0.05864184771594932, 1.2287893431302457], [0.699515639923847, 0.9723479305309617], [0.7762053914956801, 0.7609812127980864], [0.9730051991092211, 0.32265364835753924], [0.761195024988177, 0.9162280314475502], [0.1379728128312897, 1.156865015952966], [1.0343701257276074, 0.25029074460310713], [0.938223537018846, 0.3664930938266562], [0.7834199536926562, 0.7500470991685011], [0.927379890739244, 0.6494036776774239], [0.9085478624944777, 0.6647402502376305], [0.9623718306521055, 0.3358989251470459], [0.5491766304001502, 0.979115063678319], [1.0302754633783404, 0.2580584432742229], [0.7908385332672024, 0.7355126491717043], [0.06757780565280395, 1.2244640451710316], [0.04223882794102839, 1.2386241327463137], [0.8177782990845589, 0.7032882880190428], [0.12186450108648575, 1.1726600845707047]]",0.020796,19.20
DTNK3,CCPSO_strict_archsentry,15,100,0.004237,0.010434,0.850120,0.005978,0.738031,20.0000,100.0000,"[[0.1065678134976213, 1.1868691567408884], [0.6038938074402274, 0.976450402128135], [0.7625595201031586, 0.910136306914995], [0.9806478570178079, 0.313264185448599], [0.9909071786353065, 0.30310434174519574], [0.8094823367681095, 0.7122670572821233], [0.7998618004598479, 0.7168178707700179], [0.4494356266562797, 1.1270280628980878], [0.927661064557594, 0.6544998849760593], [0.7912479058223273, 0.7238332238601621], [0.4569422327678917, 1.1188688031639074], [0.4823766334781987, 1.0705111794492097], [0.7442909630763478, 0.9457146965919998], [0.7401733832232736, 0.9540678557679856], [0.5428592047065282, 0.9822253550407056], [0.042465601938031484, 1.2384617212137965], [0.7206145718410343, 0.9604295971045809], [0.8369495749498245, 0.6967489361186918], [0.9169689699933402, 0.6555357850496657], [0.82317793245321, 0.7013647711821], [0.12459679929691662, 1.1719628680872476], [0.5147967887685131, 1.0063266339331252], [0.07989919523049031, 1.212504876774877], [0.9296090814698726, 0.3972550708031961], [0.587759566933679, 0.9773453212780308], [0.4717654863897691, 1.0831415161388487], [0.6658057670688818, 0.9725060921340614], [0.4940786316494259, 1.0385814565786795], [0.7757511237731749, 0.7716889863186938], [0.8682348272320124, 0.6777341464147721], [0.7804409331067123, 0.7458181672143274], [0.6101126305497343, 0.9739535950145344], [0.8513966567685033, 0.689499685838856], [0.9747026467371247, 0.3193598950903332], [0.46848871995420305, 1.0891138174036719], [0.16397399929854592, 1.140950209598723], [0.7308274081346694, 0.9552257498087438], [0.8653364730943433, 0.6813838232706104], [0.7086380286956987, 0.968003025176053], [0.6785155430492112, 0.9713320081972014], [0.9326252315754453, 0.37714544732931143], [0.9955446393274775, 0.2978547258324599], [0.7687258505062466, 0.8866762215245527], [0.46518447114804257, 1.0994440417080777], [0.7738976224129664, 0.8343443953360643], [0.945135512139412, 0.3530044734981285], [0.49701000170397724, 1.027134772233419], [0.8809369187152686, 0.673748080281066], [0.9410136647371581, 0.36193399792510983], [0.6323708742744755, 0.9731011953173732], [1.0074380453316234, 0.2853946956224123], [0.12887432015311065, 1.1665089237485797], [0.7588223602828306, 0.9271678430893329], [0.5171516909238963, 0.997478271723097], [0.9861662681588843, 0.3072664221029054], [0.8974743917573321, 0.6714543893703703], [0.15201934925309737, 1.1465933942484416], [0.19885875388294832, 1.1297479517127254], [0.8173919771259249, 0.7081594514674998], [1.024499956285445, 0.2664955019399067], [0.1749501516286553, 1.13350686547784], [1.0390063507654115, 0.24261749027974255], [0.9512942945844072, 0.34512372818594744], [0.5286193879444625, 0.9952893015717703], [0.13562262347362838, 1.1595988929863654], [0.5591015595646437, 0.9798361747269346], [1.0341777144708832, 0.2507999460802539], [0.07357964901904636, 1.2180384629893528], [0.4883643961978261, 1.0441400832819374], [0.09356685148063705, 1.199627013930653], [0.8553463883115374, 0.683671614401872], [0.7495418763291074, 0.934829278975682], [0.9684410155630135, 0.32580709919167883], [0.7152210293573923, 0.9642845319558526], [0.9311959055177167, 0.3880024261037587], [0.9367899426529779, 0.3676344675118467], [1.0185704624562004, 0.2734918939119147], [0.9587950320333521, 0.3405435683305397], [0.9623715992835453, 0.3316477374232005], [0.7905851775512135, 0.7297046946722114], [0.05809162405153109, 1.2290956047176922], [1.001770158540664, 0.29234251076363915], [1.0125794139073212, 0.27959433765629277], [0.06662375287921143, 1.224432649674181], [0.7822463799650633, 0.7405608699562529], [0.05113226183603711, 1.233900263276508], [0.08681905787889821, 1.2059734497416184], [0.9106851302025585, 0.6627151954310382], [0.11160846790022377, 1.1817430234935435], [0.47983064881355464, 1.077166615942732], [0.899890700466038, 0.6662230159675647], [0.18544075668003546, 1.13146219000811], [0.1434030736550471, 1.1527563140781552], [0.46300481076343936, 1.109974865972014], [0.503716443466035, 1.0211170201289543], [0.11846767061395844, 1.1762241877638244], [0.5063952539441716, 1.0102410888493085], [1.0288060456669808, 0.25859960443038804], [0.48439075471338977, 1.0604158233815966], [0.1009877911863646, 1.1949682937203268]]",0.019413,19.19
DTNK3,CCPSO_strict_archsentry,16,100,0.004320,0.008847,0.675667,0.003324,0.752077,24.0000,100.0000,"[[0.9567027148282545, 0.3411928195092948], [0.5213099210920448, 0.9936051285886567], [0.4723576313721981, 1.0809433008227325], [0.7717555804328856, 0.8819338818863589], [0.9161350132822098, 0.660493954159536], [0.8627717809732612, 0.6795579126276043], [0.76153874020992, 0.9178521240273663], [0.4525146227077185, 1.1281803207636598], [1.014931932096367, 0.27713095665820564], [0.04325696775948238, 1.2380633528799838], [0.787846533950052, 0.7286388787027263], [1.0382302913862225, 0.24211425379747514], [0.5564717687482388, 0.9771684385791084], [0.11947869595044876, 1.1750551260872801], [0.9509125231146528, 0.345537299890346], [0.48821825342445857, 1.051830638351687], [0.5382687972294654, 0.9859562238775674], [0.8836702544525127, 0.6714600659908507], [0.8516821198588587, 0.684358111151528], [0.472198238790978, 1.0931248530581705], [0.4579735516375961, 1.1104599634217238], [0.20188147268233542, 1.12944692244279], [0.8933544109969344, 0.6683383975395831], [0.9298398318917649, 0.3886809365781657], [0.7673856014903627, 0.8972300391924042], [0.7400285651995897, 0.9564457355362703], [0.7825734214246024, 0.7577830331842226], [0.9780050189667975, 0.31568652792842666], [0.9980411548659202, 0.29565338499029814], [0.4533138797363384, 1.1195128818969058], [0.9890239134961056, 0.30624961574327003], [0.9034983572689183, 0.6617844124709584], [0.0759333507327853, 1.2164306755538516], [0.47718952486987803, 1.0681533329725672], [0.49714271798349785, 1.0271876675983573], [1.003429152623153, 0.28955043197058794], [0.9478672962277419, 0.35274005587762103], [0.4642538031521517, 1.0980335114002544], [0.5357726605741693, 0.9897018377643108], [0.5134772190932965, 1.000531593560986], [0.12593847740023112, 1.1692634132105966], [0.05147560470052834, 1.233593055509812], [0.7504855002478557, 0.9338022755389002], [0.15044159187747191, 1.148042891091559], [0.11399732937221844, 1.1794798216954934], [0.10743454374659799, 1.1858803826033502], [0.6446831917850391, 0.9733834390709744], [0.7747134621624607, 0.7775949547894336], [0.9425994058357362, 0.35682934024895707], [0.9252387322563863, 0.6557327817998315], [0.6924158490719129, 0.9703385445126138], [0.1399855534506771, 1.1550631324671266], [0.66954249900013, 0.9722755442348212], [0.4938923758134581, 1.0352037203373927], [0.6000858030257673, 0.9759170012085805], [0.7567587792069682, 0.9246356759187102], [0.8757848534030751, 0.6755449894727222], [0.06558360959248115, 1.224839937856807], [0.966278265655878, 0.32985583351973735], [0.983937252163739, 0.31047660554322604], [0.5481225024973059, 0.9826340933408655], [0.7932762296788781, 0.7239606582037017], [0.48176692256591835, 1.063718427487418], [0.8460987019684024, 0.6879460717398302], [0.8190123785045662, 0.7042107185429107], [0.17108017547939777, 1.13662400813179], [0.6632589688714283, 0.9727114222846938], [0.8085572877446493, 0.7098034305176544], [1.0343191602996908, 0.24955408747303343], [0.9723989383162881, 0.3232932308454768], [0.5016448132292441, 1.0197724530221113], [0.6123827762824493, 0.975845561664417], [0.7715863425750633, 0.8949261603964256], [1.025007678129551, 0.26395462423329674], [0.7846618111063502, 0.7424634690762537], [0.9402865392443197, 0.364587608851757], [0.0869952798382201, 1.2062409443144697], [1.0205992934644657, 0.2707102202180398], [0.8344241801992265, 0.693315485981821], [1.0300638705032408, 0.2569447796001904], [0.9932951286448259, 0.3003225211557973], [0.6985687779004018, 0.9659048179335632], [0.09335442097666291, 1.2013529274391417], [0.1628096333768927, 1.1413180477438878], [0.17999467268953578, 1.1316896448393168], [0.9350410918846662, 0.3716599357852031], [1.0090620653271134, 0.28332019559972677], [0.05889025127558641, 1.2285650897039742], [0.08195222160112658, 1.21139724707214], [0.823718034952308, 0.6992174724886431], [0.9342048563362025, 0.38091341713424504], [0.1326378808369511, 1.1636658452981843], [0.9290990318315667, 0.39831444189488524], [0.9625852798160293, 0.33585617386989514], [0.5092756422335737, 1.0078406363714483], [0.7185480667783134, 0.9646921771581976], [0.10082392583111426, 1.1950843431531588], [0.7437589853343181, 0.9448919795625146], [0.15987464395625195, 1.1447590204763474], [0.722693439794063, 0.9577608675781475]]",0.025700,19.07
DTNK3,CCPSO_strict_archsentry,17,100,0.004015,0.010032,0.895347,0.004092,0.726922,22.0000,100.0000,"[[0.9476574608901346, 0.35119676801413735], [0.610753769368728, 0.9737661145101981], [0.08859667515732926, 1.2043568195816257], [0.18899125041533, 1.1297957203784643], [0.788031942320161, 0.7500139404930835], [0.05020400950979782, 1.2340843260337206], [0.9988125366791025, 0.2960635428933175], [0.10496595688588403, 1.1886463185285576], [0.5309376328445673, 0.9914388878628007], [0.8911345505303695, 0.6696559200852401], [0.9365133149488775, 0.36808490259595483], [0.7737779871916197, 0.8051374713514581], [0.7753797274140198, 0.800170118625448], [0.0672882300656065, 1.2233760342057551], [0.9097182482445398, 0.6598462596818453], [0.16053268752208916, 1.142740363034413], [0.7404830226290904, 0.9516014177794687], [0.45271672350450065, 1.1229198715778832], [0.09491323287324215, 1.199721715504575], [0.8830707052416068, 0.6769395299285679], [1.0165337293193168, 0.27668401753838257], [0.07529213321383467, 1.216317609030086], [0.776633597212042, 0.769400788124863], [0.8202481051145857, 0.7036322321198307], [1.0256670429941468, 0.2636203681868618], [0.9423981464960076, 0.359098359053567], [0.46394011160030413, 1.1101192109920908], [0.6949909487352123, 0.9667510680481455], [0.9928775466764362, 0.30450466905347373], [0.16851508290802839, 1.1381501806106773], [0.5226375693460116, 0.9927568788958461], [0.9742093919628968, 0.32084610154358045], [1.0305698684833913, 0.2559947632388747], [0.7732282734788212, 0.8365308751922051], [1.020365766564521, 0.2699744347293814], [0.7406888126649257, 0.9436204257914387], [0.4576482270140376, 1.111586010735849], [0.47757676521261644, 1.0685171300857248], [0.5823726560744716, 0.974719204984275], [0.854675933528319, 0.6859456204918699], [0.17514149776698654, 1.1345313859809596], [0.8004820486018971, 0.7172322801413022], [0.9519514445773508, 0.3441877551865167], [0.5446196513606952, 0.9808553112292309], [0.9282732037271312, 0.6579425702546984], [0.0622867869271463, 1.227833914528314], [0.7772671519935435, 0.7563878527473131], [0.042049051321345926, 1.2387664573703492], [0.6790402557668312, 0.9715158540528195], [0.6496886822643526, 0.9729045899952131], [0.9665326701182617, 0.32967032996260554], [0.11771512502999047, 1.1788643304584332], [0.08302441183274369, 1.211303411910585], [0.12282332377687837, 1.172936559469995], [0.7933942900136238, 0.7230802443382525], [0.9041334860424101, 0.665839663770066], [0.9852880510549933, 0.30950136430504505], [0.9590046016552476, 0.3362945417100006], [1.0115768436458372, 0.28069251916320864], [0.1451847826360742, 1.1518858829648848], [0.5131549416763259, 1.0045562912407344], [0.11033721939477138, 1.1832310743571641], [0.9339782785440345, 0.38010099927064067], [1.038984331601797, 0.24270401370805614], [1.0346122643373212, 0.2491664091333881], [0.7726214585883221, 0.8858237312559547], [0.10110309345135889, 1.1940340546941284], [0.7923169344206342, 0.738476592108696], [0.7677759356636752, 0.8932509097492478], [0.7314634081585811, 0.956618790775837], [0.48485334936130625, 1.055359128057107], [0.7075531275027569, 0.9661045917379731], [1.0075898237652174, 0.28797101603456227], [0.6744565538974031, 0.9726559520751599], [0.49758306265813884, 1.047135724106588], [0.12911199647683205, 1.1646080439806437], [0.5044448744984112, 1.0161893685806167], [0.5361321738208519, 0.9872773539252635], [0.50128531436099, 1.024303766087644], [0.759953361601534, 0.9151946327288785], [0.4642809769541552, 1.0996707073430716], [0.13738079243481877, 1.160783691510771], [0.46849610829855637, 1.0926434809939316], [0.9790286817518877, 0.3147845787688536], [0.8079439703019365, 0.7104270527895968], [0.4912423800064357, 1.05099403583161], [0.8724732790132123, 0.6781484266735567], [0.8453426506903341, 0.6911144598444718], [0.47466407145732276, 1.0748365542811813], [0.15203671112234174, 1.1479202778502322], [0.7517938151554341, 0.9372771596111493], [0.826182901848901, 0.6982374357629939], [0.8392565407343942, 0.6942081208650301], [0.18141444321863942, 1.1313232764108487], [0.5690545045456421, 0.9761506302838276], [0.8705418191775689, 0.6829909034127468], [0.9292009463241355, 0.39569743245677425], [0.7584813953357755, 0.9345483508787209], [0.933088425289361, 0.3899286684177447], [0.7766221544131223, 0.7824953559728685]]",0.022481,19.63
DTNK3,CCPSO_strict_archsentry,18,100,0.004703,0.007965,0.806457,0.003295,0.784737,19.0000,100.0000,"[[0.1837106070431757, 1.1314731790308323], [0.7047866943396974, 0.9675392785691697], [0.48492386744941124, 1.0599983743966663], [0.9807090327120555, 0.3136883964386743], [0.6167442439308138, 0.9735940729535506], [0.7689153024891965, 0.8852153627644819], [0.7738235668969455, 0.786698990743594], [0.16636378342683206, 1.1371051459478625], [0.7481841661437046, 0.9388551489199795], [0.7915750311254638, 0.7292295604668535], [0.7954743075391201, 0.7195320938318348], [0.9235368426971363, 0.6506505360234812], [0.9768562221740383, 0.3173426467153205], [0.04337092839878817, 1.2388578454771448], [0.11455117127881517, 1.1790350413605162], [0.4906811281051731, 1.037148945276483], [0.8877206235719222, 0.6698730664230024], [1.038623812127966, 0.24249420750322856], [0.5802275318969489, 0.9754529617821395], [1.0208976352496006, 0.2694952799954906], [1.0003448133451636, 0.29436895840530214], [0.9543547106171403, 0.34199845666042006], [0.5599754873235387, 0.9773680312998894], [0.9322169330364116, 0.3844142489017087], [0.19392747585414127, 1.1296101847201465], [1.0045902161785945, 0.28922420118434855], [0.7677205897451825, 0.9047638271567406], [0.9298153304339593, 0.40857472271884215], [0.5202917331307267, 0.9997838676021167], [0.15384464306115414, 1.1456403318750292], [0.9646030144651646, 0.3310381739165962], [0.1415165281350486, 1.1567326557937871], [0.46685263574315816, 1.0941082472395236], [0.6936343041629228, 0.97062642520183], [0.939189384888437, 0.36300587857227684], [0.48958841354800475, 1.059540433295756], [0.7789508559361557, 0.7617254357775727], [0.5398171359094663, 0.9857851283569734], [0.8281903374983691, 0.695319811294989], [0.13552207944075662, 1.1595318832123247], [0.528649431433731, 0.9948437024023902], [0.8569112124513634, 0.6850821390074795], [0.8807852020276209, 0.6749970962856369], [1.0284532867181095, 0.25953984730046364], [0.20505049607321305, 1.1295123781118266], [0.7610999136999489, 0.9120843001202628], [1.010212559013166, 0.28308829877436403], [0.5089862559371324, 1.0147009242481866], [0.8127592615790404, 0.709208976880924], [0.12309044544606527, 1.1711949054566897], [0.45718273689130706, 1.115470653034213], [0.09045599660891304, 1.2034359269897554], [0.7865058633792174, 0.7332306062206881], [0.995489534161503, 0.299457507765746], [0.4810233642261413, 1.0840042346657526], [0.9585597008893294, 0.336537055957279], [0.8056781608348251, 0.713543277006139], [0.934534790717123, 0.3749531381040345], [0.07103792436085968, 1.2203320696704987], [0.8732774311592002, 0.6790357430442542], [0.9491097575302115, 0.34813551740721094], [0.9299220817633616, 0.38988035413188654], [1.031582420393694, 0.2539573244756474], [0.9439043594868953, 0.35503710999109594], [0.8226003151105344, 0.7035262735092604], [0.9906062026802275, 0.3053977445704215], [0.7236400291157127, 0.9594615336448771], [0.6106403214069933, 0.9739731523625432], [1.0160963083292924, 0.2758856917754085], [1.024946247901027, 0.26412135849774826], [0.10938065103923822, 1.1863961500856417], [0.9862844693398637, 0.30901792209433143], [0.13039719670597474, 1.1635622863705608], [0.593204396853848, 0.9751382992956747], [0.5739037283399661, 0.9766866222735369], [0.7438620824058272, 0.9426465184695241], [0.7745304426539182, 0.7750421095441349], [0.15951131345759387, 1.1406518501426737], [0.4713913687068225, 1.0853321092650943], [0.51547817529591, 1.0066181754789116], [0.08417113518075721, 1.2094086399145971], [0.07829246671093636, 1.2149621785196425], [0.9713340276703576, 0.3251364401299607], [0.7144358704402406, 0.9616015365279222], [0.10319358596594223, 1.1917754024009057], [0.09622000085252007, 1.1972999773852524], [0.7338460210934145, 0.9519407971879723], [0.17540316609703016, 1.1341329579874175], [0.06388564269489404, 1.2253658120309434], [0.7726415421473177, 0.8812266948762093], [0.05079628552271534, 1.2350167046391507], [0.057418342637889405, 1.229668326167465], [0.4959451215943115, 1.0319163190116822], [0.46536120382102764, 1.1108433208287032], [1.0350268049166005, 0.24841165761846792], [0.9105957699470226, 0.6615988561045194], [0.14786645060001619, 1.1534789303898692], [0.5017178220955322, 1.0230897315401262], [0.8452149961063897, 0.688675146934784], [0.54027505902311, 0.9821878217225881]]",0.021324,19.64
DTNK3,CCPSO_strict_archsentry,19,100,0.003842,0.009044,0.876965,0.003598,0.699576,20.0000,100.0000,"[[0.915753676905541, 0.6575175950723594], [0.9777897385811337, 0.3160657497535416], [0.7178389096988121, 0.9604552271264499], [1.0061463435846951, 0.2872099223359079], [0.49968898373905246, 1.0297609873343538], [0.4653409429536216, 1.1006335086221044], [0.9990645114499007, 0.2946807680365665], [0.7673226466794568, 0.9117568579511242], [0.8709085728646758, 0.6772057119130992], [0.18659985224123488, 1.1303025360336718], [0.7734576571999255, 0.8206111821707422], [0.49137033362261695, 1.0471329277829957], [0.9507232597827827, 0.3475997752172702], [0.6962584900632117, 0.9693196115662543], [0.8950647424534183, 0.6702047287409432], [0.819291124360081, 0.7013213265620126], [0.8838583220844983, 0.6764774581355699], [0.8016381476850853, 0.720057929305038], [0.1399452336947706, 1.1551264357376456], [0.9921249297257487, 0.30282085445032686], [0.5054522872578567, 1.0186407623486062], [0.1262413032302127, 1.1694460133031566], [0.8282732784798007, 0.6950019931355953], [0.7349942657739708, 0.9602731367117339], [0.49500177448794674, 1.037861358673911], [0.4607051136786119, 1.1211971574094541], [0.16863605294607198, 1.1359743344303934], [0.11040113393481955, 1.1829248562948291], [0.7518171854876489, 0.9310312451998815], [0.7482281413457782, 0.9385646881440863], [0.9488438024502706, 0.35634219853008775], [0.8472590761982535, 0.6878764634168257], [0.19802186266606892, 1.1292753183980262], [0.46772472697392115, 1.0923931013811798], [0.7881364785762472, 0.7287942480065481], [0.14764855297742516, 1.149148378198677], [0.7732382100198806, 0.8460887115571769], [0.7854163503047973, 0.7407809008269914], [0.48020284414244985, 1.0658125181336606], [0.758528830452829, 0.9216447946427762], [0.7689669021691509, 0.897118076947631], [0.06110056704106325, 1.2268372338014983], [0.5832977502154686, 0.9758693370372664], [0.47372092120819725, 1.0830013770091627], [0.7766143430052337, 0.7751213204056406], [1.0292147177878304, 0.2589545414565834], [0.09608313335465497, 1.1971760499837854], [1.0242421526263537, 0.2648386832086336], [0.8600315500396836, 0.6854842835452782], [0.5354450373645575, 0.9868788900111585], [0.11570709478783818, 1.1787034116493205], [0.08859911071399527, 1.2046927922450534], [0.5771332479965426, 0.9775873543170357], [0.5193051198152853, 0.9949262702524175], [1.0384440539436313, 0.2417819593743553], [0.7799721828876882, 0.7484992506517489], [0.47667941943258596, 1.071311075933385], [0.6683322604657624, 0.9737477523842073], [0.9397497117526361, 0.3628783580545486], [0.9360029358129232, 0.3697313208362588], [0.5475425721088572, 0.9822791335207364], [0.12036429968688452, 1.1731352569876123], [0.9299671528390409, 0.38815538946080896], [0.04843226647763174, 1.2350461761193092], [0.9602621373035894, 0.3347589685340775], [0.968505056751054, 0.3258830535440777], [0.4841530151978058, 1.0540049033023289], [0.7422607682301584, 0.9470312056545671], [0.6072127048051129, 0.9741736075528851], [0.08244183568991649, 1.2115320692044884], [0.17666587327266425, 1.1330033189506807], [0.9350280171262358, 0.3818726254274958], [0.5318751915814962, 0.9940560016322608], [0.5525430218446954, 0.9790791534570937], [0.7738061861264153, 0.7955133229895952], [0.7369818639500856, 0.9504188299271714], [0.9847717225220266, 0.3099827326035107], [0.04172439916595406, 1.2384292106369346], [0.8379967378292982, 0.6921529904231933], [0.9076813136704777, 0.665256503394323], [0.7107175587527201, 0.9673829431043091], [0.8121018793020073, 0.7096199833063719], [0.7719017121984785, 0.8831152569040588], [0.0681953414920816, 1.2220547841484168], [0.9273290974905821, 0.652568640216652], [1.0334214491033769, 0.2517148768474154], [0.7793453213512777, 0.7625631886267508], [0.9561773087157015, 0.34075678781502644], [1.0140023853120115, 0.28271501609497435], [0.07573049504867053, 1.217465226554602], [0.7969501108352378, 0.7286822054475446], [0.8082943749570469, 0.7115662727119412], [0.1591806228776273, 1.1416802469816842], [0.13599646429015286, 1.1627736009859586], [0.45672414860291566, 1.1282097015320927], [1.0183494954438042, 0.2745414902959831], [0.6853548455195418, 0.9718320508247296], [0.509862895642787, 1.0072569658199364], [0.10421154553083817, 1.1901252108737035], [0.056082053663847116, 1.2317318767294712]]",0.024784,19.63
DTNK3,CCPSO_strict_archsentry,20,100,0.004135,0.007435,0.588888,0.003770,0.767862,18.0000,100.0000,"[[0.5141120461272376, 1.0046249999620032], [0.7872543752193892, 0.7298880749882637], [0.9588226477884846, 0.33572803113949906], [0.09255007867213567, 1.200944075233048], [0.07809976358810018, 1.213848810607883], [0.1756186533575474, 1.1337311192459112], [0.7606248045037617, 0.9135876940279841], [0.7733635420753715, 0.8145968831021957], [0.720344659142834, 0.9681345966527413], [0.9664416218163016, 0.33108875932044496], [1.0388271247802563, 0.24248124956046183], [0.9471124673562784, 0.35144405498758524], [0.7206351380407274, 0.9570247787366482], [0.7697243624917535, 0.8976811040024602], [0.8343661322875866, 0.6921879900133756], [0.07272096588414027, 1.2191525921700361], [0.44832668696036604, 1.1270014514658941], [0.7800373238248602, 0.7472643185683692], [1.0255470824685895, 0.26383575055057373], [0.4859289895730887, 1.0561716947716713], [0.48210128635901883, 1.0648241844950501], [0.8075422729635368, 0.7102678899809423], [0.5987475244747376, 0.9734911374291997], [0.7077554882968939, 0.9704228373927886], [0.4667185777410945, 1.093829056237891], [0.7302272823571689, 0.9532717515061815], [0.898926009444646, 0.6661240302508196], [0.46087751977847957, 1.1057755781892007], [0.13032884320086488, 1.164330492671717], [0.9878360920732442, 0.3057624492681833], [0.9694904550719914, 0.3240066130754582], [0.1059205067429978, 1.1900339999612999], [0.45705745349302296, 1.1151611283060923], [0.18679421594814058, 1.1305704733202644], [0.7741619305841431, 0.7810630006360368], [0.47099393523461885, 1.0853736744694928], [0.5071431909516684, 1.0129596512939623], [0.5479358280241998, 0.9798888095565474], [0.7446129736938237, 0.94375065356385], [0.9422028515691709, 0.35717301096435566], [0.7513866966827089, 0.9360454455167151], [0.8725401675783752, 0.6797719663691024], [0.15235329768009032, 1.1461176417969632], [0.7641537227911821, 0.905804516205938], [0.8825052146670448, 0.67148863798201], [0.9752166171564621, 0.31923572590726634], [0.1159028956460774, 1.179002868255158], [0.4743634257894599, 1.0750546678929798], [0.9087604442471605, 0.6595572048315077], [0.8176632896668059, 0.7053619888566083], [0.12437342816382481, 1.1691804912530406], [0.4507969397593598, 1.1243181475657404], [0.49599649014605035, 1.0352825230975102], [0.7736196319851473, 0.7911199104160931], [1.0208838503472728, 0.2705401971357252], [0.9298180386292041, 0.39951108040989125], [0.11027248295512604, 1.1849394172931713], [0.8458400127832891, 0.688708286614718], [0.16771366555334438, 1.1389700648743935], [0.9305355766882784, 0.3866850797603078], [0.5041411121697813, 1.0234143905779123], [0.921339210430633, 0.6526838968815565], [0.4898237486540106, 1.050550780670938], [0.20233175781045243, 1.129560303898105], [0.7768137575335613, 0.7616080351774042], [0.042004231855823845, 1.2386807520224723], [1.0118254183117008, 0.28429321702984145], [0.8266949451656579, 0.696274195149971], [0.09925610108080977, 1.194850733676051], [1.0161127830220054, 0.27778163308377674], [0.8003143875283014, 0.7160993802649323], [0.1450748899574729, 1.15348062761912], [0.9819269406494918, 0.31185358883230174], [0.57761139912906, 0.9794945864677163], [0.9382002865255649, 0.37236357075073523], [0.16074846995453645, 1.1430374987147158], [0.7365603982422365, 0.9517852851362987], [0.49667710337211335, 1.034698126859219], [0.1368123918174723, 1.159294582496363], [0.8511832822615027, 0.6863231272496689], [0.06581884071658975, 1.223982836012614], [1.0344314297803001, 0.2492339849067353], [0.057910359111962004, 1.2293488452654433], [0.05034620908742379, 1.2351020524012877], [0.8629110598971744, 0.682844709729826], [0.9365696593331164, 0.3820608104648483], [0.5281005193136458, 0.9887626142924033], [0.7835759500673091, 0.7395209753142633], [0.7581804768536413, 0.9204391934421834], [1.0313182600655522, 0.25790795054484456], [1.0008884587352895, 0.29224012078519923], [0.08519408258806033, 1.2074877898742296], [0.9531033053853665, 0.3433581607309869], [0.5477914712502313, 0.9834582804032845], [0.5960100474819451, 0.9735772241549874], [0.20822907818817876, 1.129501682811482], [0.5198673630004663, 0.9958135931879712], [0.776677062937868, 0.7745609284780843], [0.799608436076475, 0.7219665356187004], [0.9939108032433343, 0.30035439742715897]]",0.022397,18.24
DTNK3,CCPSO_strict_archsentry,21,100,0.004874,0.009489,0.834007,0.004314,0.719746,24.0000,100.0000,"[[0.6881784957640008, 0.9703532787660374], [0.5927697652168342, 0.9760481340635105], [0.8246976700406572, 0.6993025100776555], [1.025201515043154, 0.2639113214197794], [1.0381138658981506, 0.24239264016103806], [0.919684344896815, 0.6534427241443053], [0.5116119088266752, 1.016523185210443], [0.9407430314403796, 0.3662051211022658], [0.8959789791706394, 0.6659091801623509], [0.5090782244384356, 1.0291500211095288], [0.9305805947565239, 0.40195406704946984], [0.4960271928989179, 1.0368929179243394], [0.8882424956204146, 0.6711616617279497], [0.18845256134992144, 1.1311675562295602], [0.7512336600765607, 0.9422940064325416], [0.8074960911946811, 0.7109106742759861], [0.7608443082494906, 0.9294869149660441], [0.9514523435890178, 0.3451750546062964], [0.7223908093064971, 0.9572658366849065], [0.484894007825519, 1.0689237473607456], [0.9998034309927729, 0.2941467696055929], [0.0639521504147726, 1.2253753997874535], [0.7709616539905478, 0.8715925958095962], [0.6601536331464871, 0.9735533972860764], [0.11462683540939578, 1.178713057061755], [0.9463981458418004, 0.35075079709995866], [0.12159585005170304, 1.1732318392496335], [0.8721329734497778, 0.6783880843337158], [0.12675997271160244, 1.1671195701432764], [0.5255909606984817, 0.9930056624595895], [0.7082370002059589, 0.9648723271851187], [0.4883273177905104, 1.0440792181793794], [0.9938140259769643, 0.300328929213323], [0.042536883411276205, 1.2390352734837828], [0.7340181004277461, 0.9525594475241088], [0.837326426683621, 0.6961598836188956], [0.9566920342239161, 0.3402904758607571], [0.8849634517503551, 0.6751916420055236], [0.7812044669310008, 0.7469512381332528], [0.1539318263246381, 1.1451048334760991], [0.1735368088039272, 1.1354510018642625], [0.5559961850875098, 0.9776551740925048], [0.06930539644066157, 1.2211413810190666], [0.47175528283279267, 1.0916137552647132], [0.9610320649011578, 0.3350724472469468], [1.0347820861595993, 0.25024664369812116], [0.14569202592486913, 1.1509346889684766], [0.776963622382981, 0.7676074869117471], [0.5396695385832512, 0.9823014502457135], [0.47311614445958333, 1.07795029796526], [0.18130313558401545, 1.1334700208760475], [0.7762160917709255, 0.7874613171344891], [0.5185669876587383, 1.0093408825631751], [0.912897351078848, 0.6570632576173434], [0.8473381803381809, 0.6882802217989268], [0.05708095717193401, 1.2304216595635196], [0.5364907740963814, 0.9876228674365053], [0.9788162897547888, 0.31462365655760205], [0.10044552897582246, 1.1935120654640694], [0.1391366369613893, 1.1564033959314137], [0.9858626228173059, 0.30793770048524993], [0.9306445825608093, 0.38772416719462816], [0.7644643879462164, 0.9189732527277996], [0.4626583386003077, 1.1047181626944895], [0.7376376288173231, 0.9454889311647752], [0.46619355012333275, 1.0980748955374426], [0.07495593795127788, 1.2171178216588536], [0.7808594698139083, 0.7522530697227405], [0.16589641327014143, 1.1372503241649718], [0.7841401666094573, 0.7369681976631399], [0.08046882803497787, 1.2118280038136922], [0.7981806303129237, 0.7185103705103111], [0.20743770018633134, 1.130427370088333], [0.6057617948841395, 0.9740753847754668], [0.10803824029186722, 1.1875961480467883], [0.7680859755110355, 0.8919097517605978], [0.44934276341059015, 1.1267236149123685], [0.854744085872332, 0.68394307922425], [0.4586642331879932, 1.1176101612682543], [0.814997716500533, 0.7068138192944218], [1.0152014979996822, 0.2783589365819759], [0.9437486184339021, 0.3580346752304192], [1.0209670650354183, 0.27013355419703317], [0.9033155298916334, 0.6627986233735301], [0.9743959771139666, 0.3227958140866403], [0.7734712761911892, 0.8390620773984743], [0.9661717462751569, 0.3284892468104462], [0.08678667364662856, 1.2061568754198915], [0.8200882454670982, 0.7052139592305642], [0.05167283305608708, 1.236331868882391], [0.1335391201264738, 1.1631457232593583], [1.0028949283743829, 0.29026059381322955], [1.0091714624968637, 0.2833240662147521], [0.0935100892845995, 1.2008524922011252], [0.933784405831496, 0.3763456583168869], [0.4801719015055234, 1.0723846874881053], [1.0291209325315491, 0.25783116025553765], [0.1608343006225879, 1.141036571252632], [0.7911240527001611, 0.7290552347379833], [0.6726681956303054, 0.9730210963656079]]",0.026934,18.78
DTNK3,CCPSO_strict_archsentry,22,100,0.004239,0.009340,0.880385,0.004212,0.714843,20.0000,100.0000,"[[0.4831203548090105, 1.0558299988373514], [0.8046764292866391, 0.7144104264318532], [0.7293718811085208, 0.9539865558727836], [0.7509416404170043, 0.9307619417709361], [0.7724286681694336, 0.8539739081342403], [0.12905974402644735, 1.1674738498570898], [0.5417245905116531, 0.9897180521011075], [0.4647474404342963, 1.1076758366379464], [0.7679851745469426, 0.9081537137474898], [0.494747935156871, 1.0297327670015033], [1.0170041544940474, 0.27405171301778747], [0.521870596514771, 0.9936939801790887], [0.8744628386172459, 0.675968709348183], [0.5022630318746446, 1.0167919346698113], [0.6969396423154713, 0.967051309710983], [0.7442868972016934, 0.9417986067447364], [0.8559518302458765, 0.6863520195579398], [0.9794181648420648, 0.3156819437926811], [0.14951384873113632, 1.1483720483258182], [0.5665473651476995, 0.9785340896670416], [0.9296495485255386, 0.4067636066473888], [0.9656071904306746, 0.3282880055610585], [0.09679563161931927, 1.196565793348373], [0.7695040455395938, 0.8826093115576688], [0.739883694895461, 0.9513314760511056], [0.1947654985686404, 1.130125079076225], [0.9125550629103357, 0.6609127394764676], [0.823452652017631, 0.6986123090752012], [0.7746503154651595, 0.7861383374364015], [0.7836017350693346, 0.7425594611269628], [0.870576435547274, 0.6842069474551051], [0.04318790945763837, 1.2395840190347416], [0.8882610471980751, 0.6709024894652846], [0.961722074656062, 0.3371602096144696], [0.7991618732639652, 0.723405251922544], [0.9423898998153535, 0.35772100294769416], [0.8979333751495395, 0.6642503986022155], [0.4815246901173203, 1.0580944301796151], [1.0059324590459309, 0.2901531254517315], [0.7189908396246806, 0.9582860052119742], [0.0705557297536661, 1.221733020109606], [0.13463060586940595, 1.1601486258557205], [0.4513734910730767, 1.127610201638993], [0.5484770863691565, 0.9809684964430005], [0.7805388638854723, 0.760675009502731], [0.11060149350354977, 1.1869676079071623], [0.9542662479034125, 0.3427970569963579], [0.4717046332735198, 1.0818055982538688], [0.5208631474745381, 1.0012936192880153], [0.08238631727211766, 1.2125690299612506], [0.5116263700903712, 1.0068735280776657], [0.9388779495962601, 0.36359041521334895], [0.47889984781311146, 1.0729627837285143], [0.9360306872940575, 0.37514599703163776], [0.7788748970689172, 0.7767871378899132], [0.15626925386129542, 1.1437264790523385], [0.8372250320871534, 0.6924347583955117], [0.9713286982127648, 0.32315340316563246], [0.16397649571781714, 1.1408248520626885], [0.45909604743278665, 1.1170632810768406], [0.9241407320962972, 0.650288072581859], [0.07620058398649705, 1.2161828876673895], [0.12095699563306526, 1.1752837479487184], [0.999153992052116, 0.29498319831786557], [1.0099138628348652, 0.282408679906143], [0.7591158859988193, 0.9291963729310793], [1.0342871532255151, 0.2514040030027911], [0.17168576846137723, 1.1355385305719665], [1.0235514596102377, 0.2665240396280377], [0.11429785054249099, 1.1795707733575183], [0.1811626413019736, 1.1316515019670945], [0.4710416764606913, 1.09673994667907], [0.6086998990106726, 0.9732105497366061], [0.9356482041751457, 0.3846446982412642], [0.7850660815648723, 0.7348895053142253], [0.8127757255675861, 0.7058331588282076], [0.7178306000938238, 0.963562507513406], [1.028440983463216, 0.2587873852117448], [0.7910303146770845, 0.7295331250599753], [0.9209920728066328, 0.6572960897680584], [0.6809998901348021, 0.9712432370129223], [0.10416827408414124, 1.1926027252915414], [1.0385980633397638, 0.24274238134214768], [0.5886879758510725, 0.9741529298910097], [0.9303593165762604, 0.39177091846618683], [0.948258148412646, 0.3500304952501554], [0.4938264027217948, 1.0308783886058361], [0.7735511703266684, 0.8336223493844068], [0.05685191906584065, 1.2315060450917779], [0.051012320589529994, 1.2374043941007862], [0.9895201847513938, 0.31025112775017083], [0.5699962820020785, 0.9767053575360714], [0.6934226537786414, 0.9683618638802425], [0.14412752041312993, 1.1525177406758607], [0.7625875096126596, 0.9108073200328866], [0.09168007720852912, 1.20208900347972], [0.0638622404375498, 1.2251977705624346], [0.9944498573511974, 0.2999758953003453], [0.8440423066176785, 0.6890446191976014], [0.08803142184168934, 1.207782668610713]]",0.021377,18.62
DTNK3,CCPSO_strict_archsentry,23,100,0.004469,0.009173,0.799001,0.004777,0.763992,22.0000,100.0000,"[[0.7764548604661518, 0.7684062280869757], [0.8892306852662984, 0.6711888312574644], [0.7372747373931245, 0.9585657017980782], [1.0042792163376106, 0.2889045480007869], [0.8084421078564549, 0.7113005666787995], [0.9291315708900207, 0.3977642418894586], [0.7251228804887663, 0.960817123311744], [0.49434143596233054, 1.0341242118383513], [0.778150383589581, 0.7561035008704946], [0.1895964595186146, 1.1301385356144362], [0.9681406780944065, 0.3262029672026841], [0.5001196147026411, 1.0212544111670339], [0.495435417615425, 1.0292196705472556], [0.48599959035620965, 1.0563989494928567], [0.16518018090194347, 1.1376025724408119], [0.5638946750648132, 0.9786758345734434], [0.7864632162978481, 0.743170040411349], [0.9927055006861385, 0.3011132940481041], [0.47173749877420396, 1.084727621363061], [0.7736291192794272, 0.8146991339501639], [0.1749924773006647, 1.1342657836436518], [0.9486577529555014, 0.34829721055758633], [0.4571745120925427, 1.11629658239191], [0.48592770355872283, 1.0681173659352774], [0.5308652651757385, 0.9937735233135776], [0.4879905707920834, 1.0458419678852255], [0.8832631744860401, 0.6733558999101623], [0.5196842982719941, 0.9968769237578936], [0.04196647878122592, 1.2383319356246418], [0.7879414691803863, 0.7330462707924832], [0.9307681696555472, 0.38416019460759876], [0.5418805635546041, 0.9905372420569829], [0.8709101059327323, 0.6797066653903894], [0.7754559053642267, 0.8037935479820812], [0.8336813406480726, 0.6991948027520839], [0.5489997112926476, 0.9864706722034402], [0.8653022105448623, 0.6799633991132756], [0.6413991621383094, 0.9728906356557556], [1.021063920830128, 0.2699118435040442], [0.4624495757720947, 1.106769862987739], [0.9421465860134521, 0.36251426953386645], [0.5801127208723097, 0.9746266909672219], [0.06509615170390583, 1.224121068992168], [0.9392588440295789, 0.3718986460232875], [0.9194195796580525, 0.6536336906188067], [0.1322135397269138, 1.1631417433960207], [0.13954593524722955, 1.1556779464665397], [0.8444382309688353, 0.6894420426750822], [0.09229905826346035, 1.2028395937722731], [0.7708679912610037, 0.875242745962598], [0.20759797583362524, 1.1299474582130145], [0.1260891736598188, 1.1689786331736662], [1.0148878761904658, 0.2768766587264333], [0.08455826382740177, 1.2086416171097605], [0.9744167137038277, 0.32118717737964314], [0.6843493294081998, 0.970131542000161], [0.5559920626330972, 0.9801104389632351], [0.11173123775693122, 1.1827310662933441], [0.7384306218825686, 0.9456246826512], [0.07712545501390776, 1.2145394727784087], [1.0252546825520557, 0.2636481581272373], [0.1496822738182011, 1.1476196427212613], [0.5086084097167611, 1.0138063637595898], [0.9546029715987777, 0.3406577532486156], [0.15738773827230895, 1.1429526174426325], [0.7501852383360641, 0.939759580324832], [0.4774351182578206, 1.07303963408901], [1.030214207327855, 0.2575530542673151], [0.9449592368242439, 0.35476906192268043], [0.7677897056854948, 0.9034940882393372], [0.9823644003886022, 0.3123648177158737], [0.0983742892970647, 1.1987700080130765], [0.9877062377270421, 0.3070084220750345], [1.0343429036549863, 0.2503528193855249], [0.9137350511210489, 0.657144531668415], [0.9341419630119457, 0.3730779199653851], [0.18517910833215118, 1.1316697856782567], [0.7113575530276156, 0.9633495842274165], [0.11879935946453803, 1.1764091533446432], [0.9621727963810917, 0.33176294294632036], [0.9275302577775099, 0.6512601549153094], [1.0393102841025357, 0.24273932640129292], [0.5124875294829638, 1.004986484938388], [0.7522276116387991, 0.933534805426192], [0.998306085185152, 0.29673185385591483], [0.8560441626203555, 0.685442261392743], [0.705552506666295, 0.9639432345269159], [0.7949748258477427, 0.7236097947661113], [0.6758361900193524, 0.9712977969096317], [0.05877479755052727, 1.2295728932267709], [0.10473783886839723, 1.1889971100497911], [0.07203452204123881, 1.2200934382160111], [0.05151240577537334, 1.2344966589893918], [0.46901297257285335, 1.0970549548525148], [0.8169887273645724, 0.7039549465607646], [0.8393826772465385, 0.6918222967106222], [1.009460984240075, 0.28395427475775936], [0.14417561297284268, 1.1520949511628256], [0.7801827979427166, 0.7446899035313275], [0.7968284767993051, 0.720097570647781]]",0.022518,19.37
DTNK3,CCPSO_strict_archsentry,24,100,0.004008,0.010275,0.599780,0.004116,0.680251,17.0000,100.0000,"[[0.7551252508071887, 0.9243433419190796], [0.8596009811438848, 0.6828264126948771], [0.08169269000319336, 1.2130791547206545], [0.7731178919121834, 0.8705898955992557], [0.9306858087238848, 0.3868124728320378], [0.5865174688948813, 0.9745182877456755], [0.93394197156969, 0.3768036195018942], [0.5356953454212026, 0.9873248232362424], [0.5669128505298818, 0.9760014754274473], [0.7940865048418075, 0.7232580909661968], [0.7878766346618219, 0.7310483981559737], [0.9848737605259176, 0.30954817470704166], [0.9298698883465856, 0.40179685254078423], [0.13755705363420093, 1.1591921207593912], [0.7831729470664334, 0.7560227013757874], [0.8268043721254003, 0.6974831300885476], [0.49579507443210014, 1.035913519123982], [0.7848470575997274, 0.7351671538047839], [0.7771120271572228, 0.7621894389738046], [0.20203991209133831, 1.129158841267806], [0.4724866938152661, 1.084019590927121], [0.6054688699962213, 0.973786261338593], [0.16679063353090337, 1.1367696391168396], [0.48216381428548194, 1.0700067516080347], [0.48555031398393655, 1.0560667175188134], [0.8397849104864622, 0.6936988970155338], [0.6897587806280118, 0.971616909688088], [0.9422365763570645, 0.35833311883512897], [0.7480508375791004, 0.9358498910750788], [0.9986235140628608, 0.2981691710748776], [0.5236694730318622, 1.0013871677585933], [0.06776975309972018, 1.2238614907188197], [1.0221518380054266, 0.2688383571183727], [0.8162058404423261, 0.704116214621207], [0.17640875293459252, 1.1331992443654504], [0.09315897796219609, 1.2011018543694398], [0.45236126008504773, 1.1285709276138134], [0.7738485974857509, 0.7892220426835543], [0.9919527414108561, 0.3032550086140203], [0.7991354977483278, 0.7148790927113029], [0.1903225579397289, 1.1302070764806287], [0.727281309427617, 0.961432511048623], [0.5479790196373298, 0.9791858393708668], [0.91012914618316, 0.6583473855333433], [0.5277414319795733, 0.9919643042642254], [0.11262114355977551, 1.184389248858031], [0.9367909871893647, 0.3686310521908288], [0.765703234547634, 0.8991231133331814], [0.5108556687990987, 1.0040386810042516], [0.7690898589390257, 0.886472846768851], [0.12579862244003787, 1.1699277467913043], [0.07419674984580264, 1.2179344456071957], [0.7732676167018553, 0.8341168693290797], [0.9796841838895444, 0.31587859433334625], [0.05121632431305452, 1.2338114300841032], [0.9026479096235661, 0.6664464930944856], [0.7755071076004466, 0.7881140619481126], [0.1629787800460063, 1.141267615874195], [0.05898435660248326, 1.228286839277998], [0.7320732229558665, 0.9531994468023512], [0.874378794482476, 0.6760331349612363], [0.46012687056042517, 1.1093970940340796], [0.503110091340711, 1.0246086816655302], [0.4905407116330567, 1.0444642754499232], [0.5837273736506651, 0.9747380087360458], [0.46559979037738425, 1.101406813421033], [0.6631713137273548, 0.9719772117743535], [0.8900997224600514, 0.6711419819190318], [0.47055753730018446, 1.0975447495488424], [1.0105168463219159, 0.2852431480788626], [0.9544168150166513, 0.34150038888697076], [0.9492674670223483, 0.3492922971577531], [0.5048223505498459, 1.0138371104203787], [0.6994504108563075, 0.967912842986822], [0.848173842837405, 0.6896145047793111], [0.4754666655837892, 1.0737117509757517], [1.0379342866245713, 0.24306121682816523], [0.10446337751127034, 1.189842166397982], [0.7191234525992278, 0.9648536349481449], [0.8664767558171302, 0.6809818855998113], [0.45559089686780274, 1.1192202786220125], [0.9735181671294952, 0.32612841536152165], [1.0158999299569358, 0.27631400084773405], [0.10008670076173837, 1.1945265974128176], [0.14573080550023879, 1.1511103767593642], [0.744091309817287, 0.9443659445404111], [0.9666689529394624, 0.3339919105007838], [0.9226898239345137, 0.6525625375207496], [1.0340367414749387, 0.25017783729215426], [0.11824924080309653, 1.1758859172472773], [0.7606147204209713, 0.9170222991812373], [0.13044132077072812, 1.1638876343925764], [0.15439867676602717, 1.1449074276551576], [0.7357408291056644, 0.9469836395134321], [1.0273128917650012, 0.26164899698134725], [1.0033588088262995, 0.28992890323402176], [0.08738608611377724, 1.2057555635432171], [0.8077521136069253, 0.7100544615030884], [0.6451148213969341, 0.9735344234776033], [0.04224832714025595, 1.238304319591409]]",0.024000,19.09
DTNK3,CCPSO_strict_archsentry,25,100,0.004474,0.011122,0.847698,0.003166,0.701564,29.0000,100.0000,"[[0.89582698446464, 0.6672051600170967], [0.48823467958074324, 1.043275873519063], [0.7281544712147928, 0.9539965576084721], [0.7717178493905968, 0.8717416654514194], [0.710742664463716, 0.9635504945199957], [0.6535184374614745, 0.9726627264064911], [0.5999528998601694, 0.9738043820014997], [0.9753370410561221, 0.3198659137280025], [0.11446413748408159, 1.180334549817342], [0.8654256009084332, 0.6784358447086962], [0.7723840118977134, 0.8632467113151556], [0.7479623018918266, 0.9532668041031023], [0.8068547095978134, 0.7119939893611986], [0.5647092796669134, 0.978998783820751], [0.14553020415521237, 1.1563944706949552], [0.7812299722839964, 0.7465683451665581], [0.9896769512217507, 0.30404486119887864], [0.7754659513719344, 0.7919311198456638], [0.8295217290862887, 0.6982642452764731], [0.10919702492039504, 1.187227695896733], [0.9318404670346645, 0.38341389474697074], [0.513512154000066, 1.000698013720037], [0.9601460935129084, 0.3349729417312851], [0.7701715704747271, 0.9045927756401013], [0.47690750665919296, 1.083503860155797], [0.48385837141689286, 1.0585454334696147], [0.8195190069397976, 0.7029696129451966], [0.06138037635703552, 1.227404497709399], [0.8164000183930312, 0.7064042468780929], [0.7984997336757969, 0.720323160978771], [0.5869338868337123, 0.9758346048023361], [0.9467457561635302, 0.3505619562880079], [0.13626940739484664, 1.1618234383144574], [0.9540441299867118, 0.34287625692578816], [0.7682696234538556, 0.9147050697532786], [0.12074295674735445, 1.1737667523872086], [0.9684833862000741, 0.32963403227824817], [0.05543044898771739, 1.231358197267147], [0.8295630851594095, 0.6943192760210493], [0.8610889091269027, 0.6835081927823939], [0.7583232582522926, 0.9229130950994102], [0.7914449033211398, 0.7253261682619847], [0.6672607925086925, 0.9721503725104133], [0.0421812370144018, 1.238791363113509], [0.06686799775112261, 1.2229030370934395], [0.08890561477986876, 1.2045904389343476], [0.47713491562135524, 1.0741874986708744], [0.4930592630645677, 1.0344168611525701], [0.7858895988635463, 0.7330959663771879], [0.5220264768612223, 0.9960300085642644], [0.7187019005790709, 0.9615437490297185], [1.017319511012908, 0.27500129796536765], [0.12670609749728645, 1.1680512753390595], [0.17995450944691468, 1.133153610503537], [0.4805523792426345, 1.0636918548185315], [0.7777343439580274, 0.761395945078559], [0.08179924744274684, 1.210714903855924], [0.9293895577129845, 0.39376093167325293], [0.16767980602601387, 1.136554627788296], [0.9218349528632684, 0.6552908366656234], [0.6872883059595046, 0.9689550936522009], [0.8851689607415206, 0.6724361088578872], [1.022951120999169, 0.2668832961526466], [0.9159002142491722, 0.6605303413563717], [1.0102343088653731, 0.28271017702598367], [0.14933383133874367, 1.1479219937388028], [0.9375152332214303, 0.37141372802717376], [0.8748768027912113, 0.6747526740691189], [0.6987784716407229, 0.9679397192159076], [1.0289799631852274, 0.2589515218264798], [0.7750441227601239, 0.8226698081972363], [0.16153915706855815, 1.1401835243496343], [1.0341052491525835, 0.25196194834238483], [0.9944258445357733, 0.29928710432730254], [0.45514214675866616, 1.1158063342671942], [0.1549357512801673, 1.1444958322252792], [0.9047355723538976, 0.6612364209493065], [0.4657163888606969, 1.095613955104241], [0.4481340903965704, 1.1281742166220257], [0.07575948816791125, 1.2173744054218745], [0.7493987608778588, 0.9466313861022215], [0.5083749219358983, 1.0142331262406825], [0.19236091953948536, 1.1296542213524985], [0.205215610222915, 1.1296190700595339], [0.47250973327725665, 1.091566103953721], [0.9405032344894954, 0.3602886664906295], [0.7735461948322542, 0.8358107920661388], [0.09615958211659754, 1.1982855390221192], [0.1009584942819397, 1.192568453092728], [0.545893207985933, 0.9804966796632388], [0.49994067957019567, 1.0215019641012744], [0.8490892845892148, 0.6887354243534702], [0.4968053831697023, 1.0279633189669757], [0.9826213588021112, 0.3113200011236721], [1.005426228241089, 0.28847408847873884], [0.04868416142499686, 1.2349255735242488], [0.7756833071759807, 0.7718568968592854], [0.5430952921235715, 0.9838193555765209], [1.0383058209999916, 0.24231910003051027], [1.000130032429104, 0.29358585121453623]]",0.020360,19.44
DTNK3,CCPSO_strict_archsentry,26,100,0.004163,0.010404,0.910798,0.004958,0.725576,20.0000,100.0000,"[[0.7696076824153875, 0.9077836513920561], [0.747492012285922, 0.9382687890200005], [0.9100868564141216, 0.6611679245617902], [0.9899899474918107, 0.30384624778492947], [0.5672127083289856, 0.9764419105101361], [0.13392284945324384, 1.160207705985965], [0.11843248885002483, 1.1749920649810286], [1.020287459078884, 0.2702432040199457], [0.5204918441103562, 1.0032971684270886], [0.7743152284140786, 0.7956489273442449], [0.7832186097148597, 0.744692252290057], [0.12343179295309577, 1.1703162353823504], [0.451953411256212, 1.125386377977554], [0.5022834548896944, 1.0245929380822945], [0.14807642595108017, 1.1511329308623888], [0.8179497501979106, 0.7060151678272137], [0.5328566753133603, 0.9985899273032428], [0.8815297954095639, 0.6722837396166756], [0.5385988812244059, 0.9826287393446649], [0.9847970337262199, 0.3096791496956337], [0.8007841308691211, 0.7148412547323797], [0.49845212938879147, 1.0351343909257213], [0.8525400104332139, 0.6869637674385813], [0.4559039116165286, 1.114439968450443], [0.7373194205271627, 0.9591161918917053], [0.6225607763674686, 0.9740183207247601], [1.0075681405637738, 0.2863166873161303], [0.7521455702967043, 0.9349569984047694], [0.9399084974158488, 0.3615290804937759], [0.47204836664548855, 1.0850510052709141], [0.09160251676136606, 1.2019580367038534], [0.9956989213017869, 0.2990454696230442], [0.900295619123982, 0.6657297005735008], [0.5362134277162166, 0.9917393111599289], [0.18314817350281576, 1.132034492580029], [0.1624454892661455, 1.1393303170017381], [0.7921056903196866, 0.7229589829093375], [0.7790140560000366, 0.7572385992138593], [0.8725069395568755, 0.6799973493638407], [0.7898594112256054, 0.7334727498656297], [0.15555671963379358, 1.1457809295487804], [0.7640006257099534, 0.918359099437206], [0.9598627836271507, 0.3344560957290046], [0.17401045422721328, 1.135293615168978], [0.4631620530474999, 1.11181164754378], [0.9190835050670316, 0.6548795531090963], [0.7573950806254536, 0.9256330544774836], [0.9498153956997991, 0.3512679541810999], [0.47766814099651145, 1.0710960467940784], [0.05191806980846202, 1.2354713742723398], [0.7052592357196787, 0.9668126831377424], [0.970005155860248, 0.3242971048826563], [0.8057851432870938, 0.7118748719974601], [0.5752586392210288, 0.9763522986522533], [0.7713534435253789, 0.9054896807409223], [0.06619029183445473, 1.2246286749103876], [0.7731819394485707, 0.8342662660939524], [0.9370193068310918, 0.3750179124371044], [0.7381155650106364, 0.9536832535010136], [0.09910607209764234, 1.1971267187140626], [0.13036410450337463, 1.1675026951148697], [0.4841191248347728, 1.0582342535883584], [0.9547598515297957, 0.3417071858470125], [0.826316686394767, 0.6965864679683731], [0.4641767428576391, 1.1011261759650943], [0.07924551220343641, 1.2139939429654956], [0.9777332776675052, 0.31668524258300756], [0.13941884365429247, 1.1555695699973454], [0.44672955241402645, 1.1293560018703082], [0.7748425994483977, 0.771705453129484], [0.8616156020904137, 0.6801896120428934], [1.0306641062627506, 0.2554163541384411], [0.502833039677605, 1.0149585328130104], [0.5089337848918815, 1.008801039991922], [0.4883348664318238, 1.04302252128322], [0.07163860732149886, 1.2189366881502093], [0.6946446702121326, 0.9685836507974295], [0.5485850603608768, 0.9789142226036154], [0.4756350645853572, 1.078995868899274], [0.6443763244843715, 0.9735023377830063], [0.18960867283524044, 1.1312122704223744], [0.7719509248772557, 0.871803234951571], [0.10431652081152266, 1.190098750951658], [1.038073868575654, 0.24258735853904653], [0.8908020107624623, 0.6692699676925015], [1.0013898822899832, 0.2918314315869942], [0.9445191841442285, 0.35869032016413027], [0.9310515052463585, 0.3836789902916084], [0.05692117413897527, 1.2297931154562385], [0.1140252072600038, 1.1852388542706271], [0.8369950345534095, 0.6916597768703485], [0.08557604717314009, 1.2082904352781503], [1.0161648219597346, 0.27714895556348546], [0.929551267377712, 0.39562897888575466], [0.041785282710828514, 1.2384662806454871], [0.9645500821966868, 0.32999227967441436], [1.0262060898153376, 0.2634739658718019], [1.0346380151847963, 0.2497000538263477], [0.7222627554740642, 0.9658409290448433], [0.20054529360562476, 1.1296013834006429]]",0.024109,19.32
DTNK3,CCPSO_strict_archsentry,27,100,0.004168,0.007462,0.634344,0.003843,0.761609,21.0000,100.0000,"[[0.48374557438722776, 1.065855090631869], [0.7561098072845749, 0.9342578661132019], [0.7901233574425585, 0.7312079184533535], [0.5970041728852336, 0.9740812699910579], [0.14974885030307802, 1.1470607141941356], [0.20170353107738576, 1.1295341807148673], [0.910710661628061, 0.6601941931567532], [0.7382157605686993, 0.9527673446466467], [0.557974312095175, 0.9780467554917982], [0.49894927137688383, 1.0213901558458929], [1.0140259734562291, 0.27821473780819583], [0.7933977496104107, 0.7217428457737369], [0.9237253017928613, 0.6540670589979072], [0.058209431782104235, 1.228963288219744], [0.516745328754795, 0.9982223844802014], [0.52191142878066, 0.9949427668961133], [0.1577681948409837, 1.1436836189104123], [0.5064460446254803, 1.0141419874838438], [0.8891074240452087, 0.669644141034367], [0.4744288170703803, 1.08585898890889], [1.0381981276399923, 0.24289463153190494], [0.969815110509878, 0.32507566126321213], [0.813655836755224, 0.7034529924540887], [0.8786829687435607, 0.6751474579638597], [0.5481557346175591, 0.9798489449780752], [0.17930263098488217, 1.1332773470043516], [0.46420683273860186, 1.0991643262866764], [0.48399147628956507, 1.0539655369562377], [0.9360167010239941, 0.37482235718449086], [0.9326655586329262, 0.3836733954696435], [0.11547578691632844, 1.1781408789581942], [0.14386320583710666, 1.1520964078970735], [0.49685139718644156, 1.0449837750758297], [0.9652409249331872, 0.3319724465989085], [0.7658693162410587, 0.8989595285251049], [0.0878997137949397, 1.205979566711435], [1.0303712159804865, 0.2561737987954289], [0.13795569020712006, 1.157334687010635], [1.0099392801120026, 0.28359079213830524], [0.9501042892619612, 0.3461181989231572], [0.7856231507989885, 0.7400721719266747], [0.9987472106915534, 0.2945948558600956], [0.9577806157585436, 0.33959200358355474], [0.7750858837319462, 0.7722448075973158], [0.7643445681472847, 0.9148735137632986], [0.7475638205883178, 0.9358699527516021], [0.12736570944361736, 1.1693478913815687], [0.18935617691340945, 1.130774734124172], [0.8619382703517944, 0.6803202871582097], [0.449860333060665, 1.125140119031749], [0.8072632022240008, 0.7149211336554091], [0.7109640624916942, 0.9641550977963478], [0.8192907110219477, 0.7030550693964721], [0.17043457901099862, 1.1351925882502123], [0.5136180600265313, 1.0080136462015856], [0.7992254215443833, 0.7162792241538614], [0.8394050323222134, 0.6927444517518297], [0.8289652130579956, 0.6976296632125265], [0.9944271475252222, 0.30011680427427473], [0.45621398301905514, 1.1231176898830286], [0.9882992354800313, 0.30562003898561246], [0.7732804905436593, 0.8237993828709276], [0.47841510534429654, 1.073880271444699], [0.48706763802000774, 1.0468640714237434], [0.9295060411932963, 0.3930290937433639], [0.7246532609061872, 0.9552807868226114], [0.16359650659782324, 1.1395157616511908], [0.769561781262523, 0.881476819394805], [0.7418852893235834, 0.9442845751788449], [0.09505353746178742, 1.2023984473435658], [0.9741295126729441, 0.31922115748947144], [1.0040488946103596, 0.2893901458109611], [0.9416929432796118, 0.36280097673721823], [0.9806962901256709, 0.31518671045330665], [0.8611142427656815, 0.6852543721950988], [0.7722765371763388, 0.8788332930520666], [0.78080325145223, 0.7540950335960919], [0.7019620648695861, 0.9723822898166139], [0.13221781629207963, 1.1623424549216859], [0.04257512688151772, 1.2392148638678817], [0.0828462957648323, 1.212708737855803], [0.5392281398364115, 0.9896427494300313], [0.7747403817738042, 0.785752984342061], [0.9455512739144958, 0.3548204620987031], [0.0995134387157351, 1.1945820726106242], [0.11149200181131495, 1.1847450445197518], [1.0343618884536683, 0.250187215006906], [0.9068997987603999, 0.6684334210633369], [0.46582884700509286, 1.0960564078293604], [0.7733491674668788, 0.7992503665344441], [0.5668962110177193, 0.9756076190160139], [0.9205468382137553, 0.6579598896187289], [0.10522169833455063, 1.1882957896810364], [1.0237134587207926, 0.26543683516375144], [0.07501900843864695, 1.2183108264959366], [0.12141812364502118, 1.1738378378493395], [0.46006460715704356, 1.109921312772564], [0.06436217282546884, 1.2253860953530216], [0.04877307516355784, 1.2347761435961662], [1.0209462895970651, 0.2711882575502236]]",0.024266,18.98
DTNK3,CCPSO_strict_archsentry,28,100,0.004376,0.010797,0.963873,0.005596,0.733655,20.0000,100.0000,"[[0.7702269989437905, 0.8941806333374], [0.5326040327532892, 0.9928198528467553], [0.5154526772902807, 0.9987419717808712], [0.7577137442371221, 0.9313038261049131], [0.5234059543223287, 0.9968640785475749], [0.7714555685742764, 0.8718019226575278], [0.15924946500476286, 1.1411277712113903], [0.7735441843312739, 0.8522423667455181], [0.11489333986039553, 1.1809962280544946], [0.8714307199269494, 0.6785875665570239], [0.8026458638602242, 0.7133362136251948], [0.8253811180824905, 0.7013100007067787], [1.0216033865929632, 0.27237357769069115], [0.5703659801582289, 0.977693601151439], [0.7846945081343945, 0.7412939575676418], [0.4588202290652395, 1.1131055723302614], [0.16567102069127698, 1.1376719395617783], [0.12639179372328335, 1.1683774617894318], [0.2002544980764258, 1.1297184061302379], [1.010310781334603, 0.2824685746575799], [1.0000409798946577, 0.2932963873723286], [0.9853606206841475, 0.30992506095375466], [0.7213220922584097, 0.9572878408822474], [0.5096963262295745, 1.0092280774948206], [0.9386324386572117, 0.36394174956117975], [0.7477129268732393, 0.9369164746837075], [0.7990307659730806, 0.7232185323785911], [0.7273579270765995, 0.9558300024992925], [0.5355917193235886, 0.9839066609811118], [0.09696271252794923, 1.1983210339208341], [0.9591865318524032, 0.3353492117418768], [0.5975564078110017, 0.9732638377195164], [0.766716112307264, 0.9034749869564223], [0.9532295900895773, 0.3421135210997804], [0.10947427558949184, 1.184103208676255], [0.06489272579549966, 1.2252428223947123], [0.9263022585684247, 0.6520719917969243], [0.1389503103947376, 1.157386949869502], [1.0389109215947259, 0.24460789940147937], [0.18662825929316684, 1.1313820737290026], [0.4744142354936241, 1.0756221268229036], [0.9347096170876744, 0.3725301099594691], [0.483065800834188, 1.0615545735575977], [1.0321654990808244, 0.25316618105151545], [0.9315924678354268, 0.3803522479528342], [0.9809301558085375, 0.31621221573161395], [0.8495453925676294, 0.6860961915682664], [0.9646800977358932, 0.3296906140797486], [0.04268229996276758, 1.2392854713640242], [0.49377592396318215, 1.0359482283410746], [0.6910327503870627, 0.9681235076187749], [0.05037934335054321, 1.234202470096465], [0.8974630715405829, 0.666550423391302], [0.7767153089504052, 0.7646757268157274], [0.5036573238987777, 1.016416718612007], [0.17559599158411787, 1.1336702392050118], [0.9924563542491183, 0.30132967189905063], [0.5456370057390909, 0.981264737973599], [0.7743102041721094, 0.7752658708243954], [0.14632057620283995, 1.1520586533933241], [0.07793668109901256, 1.215684898814429], [0.6545713504905587, 0.9728377198336784], [0.7589126056444638, 0.9198224370114672], [1.0291350694708556, 0.2601664755169674], [0.7403215388032048, 0.9438667389884332], [1.0258338625647472, 0.266565601464812], [0.44731481365728754, 1.12900279668772], [0.4683970782646625, 1.0942985861120549], [0.8352761806666755, 0.6981726971399422], [0.49932546917095816, 1.0283105473680547], [1.0160771020748187, 0.27902530014020904], [0.45441047737444834, 1.1203721456436766], [0.12000512679372001, 1.1737829685136005], [1.0050588857572496, 0.28785643417086854], [0.10351141913148135, 1.1921958893188371], [0.9736706771970688, 0.3230190784976573], [0.7807327534447406, 0.7586583630697545], [0.8606739211860085, 0.6816777419091898], [0.9489146477943803, 0.3485363692994568], [0.15322553637762676, 1.1462742338680312], [0.2054327500691321, 1.1293538173864135], [0.4896716013136221, 1.0550989930009675], [0.7919688399265193, 0.7283143454061449], [0.5544063212160498, 0.9779694527294549], [0.09068286714270091, 1.2050254151220847], [0.8824452028749046, 0.6722406430021726], [0.13327690789171717, 1.1626462382360467], [0.7736272369240371, 0.8501780730099875], [0.9439701088394449, 0.3541691936843665], [0.463291962082838, 1.1053266781987574], [0.8118585717886103, 0.7075127474569824], [0.9297091809349703, 0.390979172947283], [0.07121171924891052, 1.2202610337872943], [0.8899909206635578, 0.667935119637767], [0.08420726782352239, 1.208658520683193], [0.49102384273402155, 1.0406131145773698], [0.7739642913616717, 0.8316386616350067], [0.8420002117023551, 0.6897346593309323], [0.9176495485161601, 0.6630033053883915], [0.05769512895510406, 1.2298353349241504]]",0.027089,18.96
DTNK3,CCPSO_strict_archsentry,29,100,0.004264,0.007078,0.858053,0.003922,0.777464,24.0000,100.0000,"[[0.795150194422699, 0.7199179999266898], [0.5598831882023106, 0.976942553071185], [0.8043272447502458, 0.7149995490600336], [0.8170764576645909, 0.7112306856519466], [1.039274164695264, 0.24395989581579183], [0.769875628013364, 0.8811946239788646], [0.5372540049016922, 0.9847389599938929], [0.04226608981440356, 1.238400032583216], [0.6992441371868124, 0.9690613125472354], [0.9070558344289363, 0.6615468765284291], [0.7874729905597667, 0.7399367228045246], [0.9303849281710285, 0.4003212368920679], [0.947439068908514, 0.34930318085809064], [0.7742552844158653, 0.8041423961577578], [0.10283861150071354, 1.1924839880508518], [0.516409127776804, 1.006304365955822], [0.5199431920922696, 0.9963846863960266], [0.5483209689125937, 0.9797005931372695], [0.7746871481843647, 0.7745269701241391], [0.7379370859363884, 0.9451379200171712], [0.08916450452364492, 1.2038700001578135], [0.8418881518941687, 0.6911706254536023], [0.4925566432389488, 1.0542189657155756], [0.7736742824319812, 0.808450101285275], [0.1933190239837772, 1.1311434143470824], [0.8209383044157815, 0.6998419874009316], [0.6838892943178422, 0.9731496090599467], [0.8912102822620407, 0.6685808015144323], [0.11253429335374614, 1.1810122748885283], [0.10722888479964107, 1.187665922915304], [0.9628142974642973, 0.33278147665994096], [0.9928852880934892, 0.3005955174662534], [0.8494777297247648, 0.6852378377108539], [0.9283785753712993, 0.6518929237438331], [0.45522960401919954, 1.1177803616804716], [0.8282507931870479, 0.698892760117457], [0.9431367296067364, 0.35796217568654953], [0.9374919311931336, 0.3654530709967029], [1.03117621327428, 0.2575836056277361], [0.5899780810357732, 0.9736179058192374], [0.9773096069222802, 0.3165664505688283], [0.733229602330511, 0.9545498695397505], [0.9831515352971244, 0.31098406104156545], [0.16979326076818502, 1.136340457873528], [0.9323961808291348, 0.38305805516567776], [0.08265567248527206, 1.2116158523133644], [0.48110616986851207, 1.0600634772653854], [0.4521244011441261, 1.1246622522300356], [0.9319097061691586, 0.3973860006193871], [0.9684088851596714, 0.32641827081299457], [0.12589537447433408, 1.1692326509213073], [0.9991213070614128, 0.29606398933375255], [0.20047815686114123, 1.1295408166049337], [0.9160975057806158, 0.6594817526790975], [0.9883198354515738, 0.3054927347218115], [1.0076560613487409, 0.28483306700947203], [1.0346845454437354, 0.2503993067477867], [0.4757376823549641, 1.0734069318576707], [0.9741199960276736, 0.32249484898645525], [0.46812393468362, 1.0982882615794003], [0.15367571324223417, 1.145716895826889], [0.501612143024442, 1.0296926168381375], [0.47249760077996833, 1.0857477420731927], [0.09543090930460803, 1.1978232199197365], [0.17812835521432085, 1.1327886792291397], [0.1322165642545161, 1.1643151295239635], [0.8587671157604782, 0.6825681967198003], [0.14299524373323597, 1.1528363172120988], [0.162085393922067, 1.140878669552338], [0.7501412593141702, 0.9352157030616071], [0.5267350780401805, 0.9894519540585722], [0.4946290046569902, 1.0307398330335895], [0.7628771145360033, 0.9077941220009267], [0.7890468259006717, 0.7332281281265396], [1.0202176213530525, 0.2719891420741046], [0.8318528606191827, 0.6938762992052481], [0.07619103750815341, 1.216670411476869], [0.06316544310794868, 1.2253989104037601], [0.05773089411831809, 1.229553972329227], [0.5052697212536222, 1.0132469077243937], [0.8836599701582265, 0.6747450867332623], [0.5101737145978394, 1.0087809186395682], [0.13727626562720122, 1.1588242011810457], [1.0155939659991564, 0.28007247945991465], [0.9339556312823999, 0.37433862152668196], [0.46124595117611844, 1.10741084575663], [0.8752211613910341, 0.6775234810518445], [0.04987861377706878, 1.2343630413718445], [0.0715127252230917, 1.2225784141321192], [1.0026072971297195, 0.29031538567930343], [0.7073433609782127, 0.9635042035513213], [0.7798390967522605, 0.7510548058859874], [0.9538723679347924, 0.3423494693642525], [0.7301808645300925, 0.960098107074598], [0.7689979814482474, 0.8986911862084872], [0.957380919715986, 0.3379153643018792], [0.11750101698148586, 1.1765137909715115], [0.8970350456028673, 0.6679597025591311], [0.7771203530255185, 0.7634808370588808], [1.0252866567949515, 0.2648648419578562]]",0.021804,19.39
DTNK3,CCPSO_strict_archsentry,30,100,0.003636,0.011636,0.789265,0.003677,0.657727,24.0000,100.0000,"[[0.48386514570457906, 1.0599187483698496], [0.6856923748850245, 0.9698246324988522], [0.7613183291461272, 0.9135069901393775], [0.8738378183395955, 0.6762467059483194], [0.8008604348886116, 0.7172945574979848], [0.8104691736403654, 0.711912128032334], [0.8984091057815683, 0.6661387074477207], [0.4719886201703286, 1.0837474050400926], [0.09798105840137374, 1.1966619843577324], [0.11893671939483313, 1.1773939654474124], [0.9318822074759217, 0.3808434327088875], [0.7444290196342669, 0.939940571812909], [0.4623713038168891, 1.1065049758703216], [0.8162190332376829, 0.7031914358752431], [0.97357588804551, 0.32259287039798945], [0.8656724340128787, 0.6806650459606121], [0.9392243566805628, 0.36427585877128366], [0.9295895716530426, 0.39656165448738867], [0.7909925586514869, 0.72629308507169], [0.9118649399624942, 0.6595383326293469], [0.13590852452033728, 1.1599028812932521], [0.07983942575728706, 1.212657797208201], [1.0062873760513416, 0.2867239322692805], [0.733285740013963, 0.9583123280991752], [0.7099501444688984, 0.9647591458018077], [1.0117219069753047, 0.2814213075393066], [0.7847780918408632, 0.7382524655589906], [0.07224663614198275, 1.2188254710072677], [0.49435762921837306, 1.0382625375961227], [0.6968641372376213, 0.9688308820746139], [0.7167885330179157, 0.9596062224682573], [0.4884260970868135, 1.0442924671184999], [0.7398901666868593, 0.9497498136349243], [0.7818156208328483, 0.7498059738457281], [0.14143260987188094, 1.1537975551755844], [0.7735759868141714, 0.8300650263702729], [0.4485372430908504, 1.1276519149470474], [0.777428743497278, 0.7652982431769617], [0.9206290153109212, 0.6529553864668773], [0.5161544476189383, 1.0018047819941522], [0.9806564210638017, 0.3152667269556531], [0.458450917350896, 1.1211296619701097], [0.7737508872488615, 0.800794525771563], [0.5791957746345128, 0.9761597079244813], [0.5368654066537355, 0.9858487897824375], [0.8515363371233762, 0.6872621354137521], [0.9959011002987052, 0.29843922765436676], [0.09269852225077511, 1.2014232711649233], [0.12546813603456314, 1.1711320821410323], [0.49559855344958836, 1.0272999616545901], [0.1498370961832094, 1.14875514055474], [0.16755118325263887, 1.1378171416470504], [0.4869253071317107, 1.0517605422802085], [0.10260742626540333, 1.1907110069819986], [0.2035916650817168, 1.1292725347328956], [0.9532185744922254, 0.34612638986492805], [0.943326795825088, 0.35557680238444206], [0.6595807769411143, 0.9728788966850261], [0.7733459109407819, 0.8408025665629388], [0.5587358529913625, 0.9765356572901587], [0.8264507107382144, 0.6998290351609009], [0.9655608704979397, 0.329926324280161], [0.15843616815656658, 1.141716562463013], [0.9040182021858933, 0.6660628373619366], [0.7733435709357018, 0.8684355347111872], [0.592525713236265, 0.973397772441766], [0.6354862585174704, 0.9733563585336591], [0.7587523831058625, 0.9255914623366828], [0.5438050957646917, 0.9826847172811362], [0.7486823502635366, 0.9357668999165398], [1.0028527432167964, 0.2926979015276244], [0.051238458943979985, 1.234772529342517], [0.7749706169535296, 0.7768192065534847], [0.8438327471361678, 0.6980892604648601], [1.0295753374977241, 0.2579774056722182], [0.5157975487958374, 1.015116268177584], [0.05830518971806885, 1.2301753540132399], [0.4687024466622921, 1.0958347846565808], [0.5580591820162213, 0.9796321035110593], [0.04363252561147434, 1.2392313978815024], [0.130044624127287, 1.1656902775010614], [0.4774627551609453, 1.0746995177274103], [0.9877729547989293, 0.30554864804865306], [0.884573058636253, 0.6742929690167618], [1.0255221159466257, 0.26591853569606816], [1.03840545374074, 0.24204315824797268], [0.8539763047150902, 0.6838983272644151], [0.08597614709848297, 1.206691613873496], [0.7720012758759176, 0.8870423294758945], [0.5054566982308326, 1.021299790077632], [0.5258053529684286, 0.991448146678169], [0.19128287036183866, 1.1318115600380358], [0.9595014065595365, 0.33634067143982316], [0.9356251488066153, 0.3701162067364252], [0.06488479614704003, 1.2245014151396705], [0.7702480141178096, 0.8938359010662431], [1.0339190230844828, 0.25033269324454804], [1.0177872304356892, 0.2758142331565492], [0.10849305138450217, 1.1849553692679804], [0.17884743534559072, 1.1332513235233215]]",0.021356,19.59
