problem_name,solver_name,run_id,final_archive_size           [archive solutions at the last iteration],final_igd                    [IGD of the final archive],final_gd                     [GD of the final archive],final_hypervolume            [hypervolume of the final archive],final_spacing                [spacing of the final archive],final_spread                 [spread of the final archive],final_feasibility_pct        [% feasible in population at the last iteration],final_front_feasibility_pct  [% of returned front members satisfying all constraints],final_feasible_front         [objective vectors of FEASIBLE front members only; for honest cross-algorithm HV],p_red                        [mean relative error distance across all iterations; 0=ideal],run_time_s
BNH,CCPSO_filter,1,100,0.398434,0.140455,4575.608265,0.541179,0.300656,89.0000,100.0000,"[[0.0, 50.0], [106.17707486957613, 4.658389572515108], [27.608954324187753, 19.755959633036603], [33.0502175001344, 17.621348720210555], [108.47258755126514, 4.552730306022698], [58.71253206995368, 10.507176329484455], [57.10116634717342, 10.846391674917246], [31.682076855197657, 18.122189895350076], [22.532297928068274, 22.074722018176473], [18.864351013320203, 24.0064002707528], [110.79738617191694, 4.456605483953808], [23.793008508591914, 21.46648427714605], [62.08827233491611, 9.805178872179248], [118.0499591585337, 4.221773533833909], [123.02476687504465, 4.1126587063904525], [52.201980064244275, 11.96170295556006], [120.5187550194568, 4.162647567874363], [28.925736976019984, 19.20861304791363], [76.58121497000931, 7.293610314205099], [11.26821947645059, 29.082715498356308], [60.3743467307515, 10.17196040800576], [17.855695818960264, 24.59875331083144], [7.336773672957737, 32.68462481354753], [90.78568627343726, 5.6877447906639045], [12.16109797970299, 28.38339978572791], [113.16741158785678, 4.369361053986758], [13.972882025941082, 27.079536547786294], [42.0424408671692, 14.663179539680538], [25.044663001871577, 20.874349276089074], [45.35856173990421, 13.718246558601566], [13.132684708248178, 27.749144090603835], [99.42575334810968, 5.0362947699489355], [101.65775747247015, 4.899702088804547], [3.326104396065539, 37.9405209228719], [95.04198609251208, 5.341104904925605], [20.03615798221528, 23.372349835424863], [6.034173325520177, 34.13942637403672], [78.52431104304128, 7.025744208164481], [43.709116574703245, 14.179394589621523], [67.36375568024256, 8.839262327290985], [65.54940846100516, 9.15162690687048], [48.89936721940988, 12.822069222228428], [3.7861809500909156, 37.18760714745555], [30.31354946272316, 18.67230371607476], [82.46563542712246, 6.533555606530841], [50.581357374907135, 12.355530080326734], [125.55883434403093, 4.071943860687357], [47.08805713519166, 13.25644722741255], [86.59962908176186, 6.083199142697655], [63.82199716408981, 9.468391932552038], [5.453411496884995, 34.92061104435479], [4.852671048317641, 35.64135307788407], [8.86369488760123, 31.271602069500126], [15.83996391720093, 25.832612135898877], [4.382701314594577, 36.42651144385276], [21.245148055678648, 22.7577029946031], [80.44878145422624, 6.7772356912297305], [6.669294213645026, 33.40633680794255], [70.89281180213236, 8.188134048407452], [69.10598518915324, 8.507595905913753], [72.75412352609095, 7.877104582962554], [40.46924057553752, 15.1415640718491], [1.313561124216419, 42.22440118436511], [14.957555355946823, 26.43195520093724], [128.11395335964676, 4.040481150706917], [74.63232665008101, 7.580627354742319], [9.567094435457147, 30.52194678644438], [130.70834565851408, 4.01797995486241], [53.891665809740886, 11.61153565509687], [0.5888879335300209, 44.72467045227686], [34.4547866132267, 17.115440999451977], [8.05331992984666, 31.9517115813364], [115.5962178889409, 4.290698223394106], [1.6533212930018595, 41.33669264203598], [37.11824167724748, 16.201972789166135], [16.80773277360907, 25.21636709313008], [10.414586216143562, 29.798010531204483], [0.4331347598329421, 45.54914734459207], [35.679117284261935, 16.693166036777036], [133.35079397733364, 4.004445515907783], [2.0256033489823575, 40.5557259542718], [0.7862917677958001, 43.934667314531566], [2.8561169455381776, 38.81060278854615], [0.28329594439046657, 46.330014565500576], [84.53391208070823, 6.300335726985855], [88.68443188780061, 5.8790868489124435], [97.22036803871194, 5.18336913136141], [26.33398148796222, 20.30606566557664], [38.665262433829746, 15.697433299897764], [2.374843414297363, 39.69685560720062], [1.044725627728736, 43.06097246746194], [92.89784100081194, 5.509131469715091], [103.90700679273795, 4.77389779437767], [0.01721461133539159, 49.08965514876222], [0.16244700431975273, 47.2509725439947], [0.13404221331555996, 48.20292175928229], [0.0, 50.0], [55.36672859301912, 11.229685779417022], [136.0, 4.0], [135.10443241794025, 4.00050353308376]]",0.003202,45.56
BNH,CCPSO_filter,2,100,0.410812,0.213068,5920.359856,0.630965,0.357858,87.0000,100.0000,"[[136.0, 4.0], [0.0, 50.0], [31.838778396748463, 18.06476221688581], [64.26070197617304, 9.4060000510629], [12.127509106565856, 28.422511709437014], [29.246511958980932, 19.080797724984908], [7.739697694694426, 32.26299437230632], [58.68029838098144, 10.505642615172706], [84.26083752926799, 6.330199115560205], [75.93375682310082, 7.386858368958061], [18.696472189994765, 24.106814509877502], [54.709343244037406, 11.379252139468882], [16.731002086588774, 25.271889673164655], [52.93536939334162, 11.827406900457106], [5.862246914619608, 34.348704782082926], [60.460850773369685, 10.133835260167423], [45.76924546940573, 13.606373574156617], [100.36025055046447, 4.97764231969449], [23.601485100191372, 21.548974226781173], [34.351779777280456, 17.148070942097966], [86.4522072522624, 6.098193214071292], [49.3559331708483, 12.666280541038475], [70.02839182719447, 8.340168127283448], [42.64469610175475, 14.485566463792388], [39.742708683845905, 15.361537168671681], [30.596367716252473, 18.539861241297125], [21.594181710807533, 22.554366489022208], [80.05189006024736, 6.8271735717459805], [82.13699996954524, 6.572138761801263], [110.3192263389986, 4.475506816919469], [10.474840729448017, 29.74018880734056], [28.074730952055653, 19.560151780670033], [51.18082238790912, 12.23356336249708], [13.016731052275027, 27.74983255695097], [62.30103516975011, 9.770482143631348], [77.97320511299182, 7.09993578738246], [35.700895487402676, 16.711814266216983], [93.2488867241395, 5.480724643467257], [102.80068567934418, 4.834328201035279], [8.3672507973311, 31.641560309031625], [73.93560606671852, 7.687957763192177], [26.96372250263363, 20.07940049385659], [95.5870562081566, 5.300437734578378], [24.703829489183487, 21.036573759715843], [6.479410185857429, 33.6310567423659], [9.051445381427804, 30.992290289462666], [105.2702551603296, 4.703186719071954], [33.131075295836055, 17.617692871895652], [36.98962925746008, 16.250238190411515], [90.95470630172974, 5.672955787307412], [11.29150584108287, 29.096162627851065], [38.354339603292516, 15.798472783869634], [5.274209157268599, 35.08139843394508], [71.96408843981371, 8.005988993491096], [2.3468406907799557, 39.772968897509195], [41.16537184713396, 14.92349950663678], [66.05593959881107, 9.04404607980621], [4.198165631039459, 36.58224590154145], [47.524736440919064, 13.134525152196835], [15.805958524063533, 25.879876984518045], [123.1312927936152, 4.110751036988254], [56.5944331017088, 10.954927727133324], [125.71069869033983, 4.069808723426145], [25.94962021217515, 20.577412984036062], [107.76886793427995, 4.5839627896469475], [4.7725526257553605, 35.819034114707186], [22.546552090578324, 22.061537793912002], [0.818555895801055, 43.807601664441634], [97.95138517650707, 5.133245172876959], [1.9715854471441685, 40.599439276988626], [13.955641737593686, 27.152357756702393], [20.61854827874464, 23.052202919329872], [3.6893833426714684, 37.343342529805795], [68.09032537453265, 8.698419672661924], [88.68907787387919, 5.878648171512122], [0.6092773054042233, 44.634953477479804], [3.2115473885078005, 38.13837876752504], [19.684278355095493, 23.552954188177242], [9.761404448251493, 30.34971981649863], [2.7586379105775385, 38.94683083432227], [0.11838828164684852, 47.66226483846349], [115.45324875973081, 4.2950362641885], [0.028311079010993674, 48.81946698545893], [17.693834907291972, 24.682387204957177], [112.86438974598734, 4.379928082301623], [14.823571084420681, 26.481519051390563], [128.26320127089355, 4.038932506337449], [130.82347514385629, 4.017195784983575], [1.0643363566500694, 42.97832630685738], [118.00239912926452, 4.223011747708843], [7.136074016773439, 32.94491834043411], [0.24011576924619554, 46.60475665579942], [1.3447313893466064, 42.13664453754359], [0.41411457881818375, 45.60121277915751], [120.5848081710729, 4.16120226809363], [133.38784027003896, 4.004321237072489], [1.71231734417758, 41.37546963392557], [44.13742571298206, 14.057008575755123], [0.0, 50.0], [136.0, 4.0]]",0.003098,47.37
BNH,CCPSO_filter,3,100,0.430006,0.364359,4039.019228,0.602171,0.324154,93.0000,100.0000,"[[0.0, 50.0], [136.0, 4.0], [15.499076115284279, 26.03688277488036], [9.499421059086101, 30.600234291469956], [10.237069001679199, 29.944600550781423], [24.29616461834702, 21.23801335747929], [40.91383826402442, 15.000851720979314], [25.470927470617053, 20.694213827777652], [63.4536988326291, 9.537665669883284], [71.1701227890823, 8.140328928648781], [6.002031942491066, 34.177093713186345], [42.47745139960975, 14.535556628183553], [18.47931710350153, 24.247866607323036], [29.269090757816834, 19.081611765770734], [26.70182705737988, 20.142612843530205], [61.510916521533005, 9.948087476920485], [31.959607972589147, 18.015177692080197], [8.04969878295383, 31.972124081422585], [17.392903995484634, 24.861614289542796], [95.52610346771787, 5.304945060785609], [76.75360668223766, 7.269125879026465], [5.377382628809846, 34.94744830327947], [50.71444518077894, 12.333617417425236], [8.742530683532337, 31.282472152228557], [11.831102448468197, 28.63787994656127], [34.78499968845628, 16.99715564719847], [30.60230939524368, 18.539263804938734], [6.658558145278492, 33.42660000775207], [52.43755023752888, 11.907623453623778], [16.46105181219914, 25.429975592562414], [20.74960160040574, 22.98115995465222], [19.587944092364125, 23.614062109974462], [57.70436009993597, 10.720776523709992], [12.693186525007029, 28.001913938822106], [84.52847516000489, 6.300927610253691], [33.4373522306795, 17.47826792621717], [93.16934914351408, 5.48712959450547], [11.042850826178412, 29.280266762714227], [23.032475196355563, 21.82322592192481], [21.961872293246003, 22.404880485515886], [55.887158424513544, 11.112349565845342], [59.57802022914245, 10.316689963150822], [47.42780168948694, 13.167349330322486], [119.42548293243352, 4.187595039962872], [39.3799994490043, 15.48503862802547], [49.117415625130235, 12.723565874408514], [88.6704729901783, 5.8804052827210365], [2.549178133185751, 39.34754088578477], [82.54291545781086, 6.52454468029881], [86.54972271439775, 6.08826658350511], [74.87509487380746, 7.54382589419422], [7.32801090135724, 32.69474109891056], [27.903730409616543, 19.638653783312485], [109.9201720743464, 4.4916224630618835], [80.58939661835656, 6.759703004270097], [97.89552351084994, 5.137026812202258], [112.29328227629387, 4.400307655978649], [78.64346173346266, 7.0098846925584075], [65.44833171195788, 9.157313197519633], [14.53858905575888, 26.673120434838534], [105.15252469371471, 4.709132660442969], [124.14707935936036, 4.093431824909697], [54.15545876031503, 11.51257160243344], [67.45105820057655, 8.822143033950638], [36.26138371339884, 16.491088478366215], [73.02953033575312, 7.831435459915536], [45.77379126566817, 13.615877091183911], [0.10237319496142358, 47.79543238378937], [0.23982794975024763, 46.7856224066865], [114.6763317138848, 4.319243099593351], [3.366820230678986, 37.90627226041187], [0.026943493421271635, 48.883638069475744], [0.5905917398215538, 44.799260848877], [44.12110851547025, 14.076147736058239], [128.88489152903742, 4.032818797604969], [1.3382046451972949, 42.15507047369691], [2.943697281055804, 38.60666478917895], [107.52719586504162, 4.594922791422892], [13.621718520091143, 27.308103262697955], [1.6310119082261727, 41.39486515380665], [37.774986996213315, 15.984683404176703], [102.693843514536, 4.840311503850281], [131.22980785029705, 4.014571372703098], [90.90109547685685, 5.677637144027257], [69.28275637195725, 8.46998276707786], [126.51348747803085, 4.059083594920597], [0.3718862823822756, 45.78087449643246], [1.0602645219420619, 43.00101431472412], [4.2575759983281145, 36.47768597337176], [0.8152002869767854, 43.82267372168299], [1.9219716584536557, 40.71381269139587], [133.58871086111557, 4.003678431183933], [4.794001019910292, 35.71794145514369], [3.8027424289780614, 37.22438311188856], [117.06050913857186, 4.248322328445813], [2.2844627343814774, 39.960788479936], [100.27879513708268, 4.982669979093964], [0.0, 50.0], [121.76474077751462, 4.136557785901805], [136.0, 4.0]]",0.003180,47.64
BNH,CCPSO_filter,4,100,0.415897,0.286530,4462.980252,0.635637,0.339140,85.0000,100.0000,"[[0.0, 50.0], [136.0, 4.0], [34.5034974907978, 17.136697855540255], [9.675457892310398, 30.436372195185847], [12.328418857493578, 28.261894385954644], [63.06024739802078, 9.629055798943552], [21.327384322516878, 22.679174757135826], [13.253182144197869, 27.579053552926112], [66.51887694775058, 8.959044396955196], [6.670767477166535, 33.43236682025964], [80.69691008063052, 6.746353641973827], [45.56832884048293, 13.671265566343482], [78.49326227938974, 7.0298874441540065], [41.284594885159905, 14.894137444104217], [47.05222400913014, 13.26259100724081], [18.339495764633185, 24.32913359208407], [39.977497039406465, 15.28559992095774], [82.95115348263454, 6.477332491236023], [76.32481351953501, 7.330292558485647], [22.33412189326992, 22.205114938546895], [111.92986795824662, 4.41359393830905], [27.980950370399675, 19.594453909754122], [85.26540318043183, 6.221691949198146], [50.105714393538896, 12.484652559549023], [17.30677272229114, 24.91867053145535], [58.047379841548306, 10.640386569287227], [53.3380481474744, 11.693893069793907], [33.14462372071884, 17.578416307765636], [109.44691857542851, 4.511140798594887], [30.60067818405698, 18.534614231559285], [16.24028511402085, 25.564725033334376], [29.32923459587223, 19.04689637222046], [99.669908546404, 5.020764068227811], [44.04740368273525, 14.089204643600352], [23.37380526316104, 21.719767644741566], [114.44044965334307, 4.326805837001873], [68.44471303196315, 8.63104788962557], [74.26480546291407, 7.63692499894535], [37.27354060919214, 16.152277191061728], [20.323486968375942, 23.2033836367904], [31.862027818819886, 18.052210934120332], [59.71510443653892, 10.286830167100272], [64.82174562963004, 9.290818684264051], [54.86178869757158, 11.341275721028897], [106.99083425902006, 4.619679219964847], [25.55049062103987, 20.6756327177917], [133.1702483244885, 4.0050767718449585], [127.6169718182723, 4.045865469985426], [42.637814149133135, 14.497877910904258], [5.982034022435005, 34.223826448404665], [97.25504920762452, 5.180959818687361], [130.3767709738666, 4.020338929437595], [3.2136717053930797, 38.134283024249655], [1.1670566047571556, 42.662099621757946], [94.81602116354883, 5.3582033161113936], [72.24107413426549, 7.959988578777957], [87.59762493592771, 5.9836628420069715], [19.310375562574592, 23.75697996683428], [89.9615975862068, 5.761120344885439], [104.54566831564948, 4.740261364990854], [116.99666170440918, 4.250092739987646], [7.384583296469742, 32.63517090411562], [3.7002758524274766, 37.327807247650995], [10.543817355321147, 29.678426098042834], [4.223581506607507, 36.54268988001405], [92.3674366569975, 5.552734022273337], [14.240089176018524, 26.885892279948997], [24.373612577525442, 21.194086612356077], [119.59992188269489, 4.183484027186584], [2.0630740692909795, 40.38119866970378], [56.47406010306308, 10.9805428268545], [15.235764483922846, 26.208957321090438], [26.719983174260015, 20.137207187360694], [4.792219396275478, 35.79756391201104], [8.892409112166973, 31.140395873206728], [124.907790105308, 4.081483771765204], [102.08372329387599, 4.874982903080922], [122.23948804016162, 4.127262768215102], [1.754084305225149, 41.14512853782681], [51.70977301080501, 12.079798113230463], [5.337671337651642, 34.99816904965623], [0.6991685349288291, 44.28096333709936], [61.35873756055708, 9.955533352949843], [8.146442662333257, 31.904814117403433], [0.208150814224487, 46.83289840312095], [11.454971876694927, 28.931610648495845], [2.4476286990509175, 39.58826439953877], [70.34106975905857, 8.284640416158744], [35.8514990927358, 16.635436824510805], [1.4395981081848555, 41.87580298442876], [0.09808739868435379, 47.81563893775031], [0.34722601640510187, 46.00008728406466], [2.8402276548753456, 38.847436947361956], [38.63509030785878, 15.720386854931746], [0.9156269649573676, 43.465062486029524], [48.572694406862254, 12.877059378252039], [0.025161894098714263, 48.884668529530074], [0.49698653067388476, 45.13938126601043], [0.0, 50.0], [136.0, 4.0]]",0.003099,46.03
BNH,CCPSO_filter,5,100,0.413100,0.229725,5871.174456,0.635894,0.343604,89.0000,100.0000,"[[0.0, 50.0], [14.004749394923147, 27.058108942514124], [18.66628263303125, 24.117699870144676], [34.23858895105495, 17.20655167582526], [6.6123684022062985, 33.47852666872687], [12.349236285044174, 28.259498728804303], [63.16506560159509, 9.594407144474395], [73.31672779454064, 7.785472369353274], [8.630472649650095, 31.40192599174934], [31.40116216096138, 18.243409759917732], [29.90708975422951, 18.810107553573246], [56.27064353159216, 11.039285412134209], [75.16953570557459, 7.499598933054293], [47.02476180155752, 13.296750457444743], [48.85168511919868, 12.82341139799577], [69.72958456650962, 8.393807777818456], [17.67872501536673, 24.71362354473933], [9.338568101773747, 30.738285347433475], [14.875905888856366, 26.447705214768455], [40.99170475421675, 14.996535700224195], [10.048887142743293, 30.118032345250782], [23.193839735038722, 21.744300496372688], [42.304390898585034, 14.584645394222182], [71.50294957079586, 8.083561586459222], [24.525344438770773, 21.113246486817385], [4.328832789215448, 36.3835885037399], [20.722780730195574, 22.99301308806612], [7.271730213042945, 32.77610363554452], [61.493218266922554, 9.925221116674077], [13.154741024096658, 27.644386377520817], [36.9833104001209, 16.257013904000328], [32.794626594268124, 17.733300734022727], [99.90471016281228, 5.00596670725478], [67.8870617075521, 8.71499239727531], [85.52640150795601, 6.194102061551739], [117.55540620636913, 4.234835615473951], [1.795130726583293, 40.97721238976811], [102.38454065690748, 4.857780798559533], [4.866797564464967, 35.65231914598539], [2.980717813515488, 38.53915725548103], [27.18970012245892, 19.93394942069023], [3.863747304571175, 37.10371761329645], [2.5616272265146067, 39.331340260197464], [28.5764399963031, 19.379556494003253], [38.25132478519485, 15.83469439067084], [45.52493798194902, 13.677457682668244], [11.596851210933597, 28.820183822847905], [10.795945244858746, 29.46546097004357], [25.948950526836114, 20.514552845800917], [19.69524265549648, 23.562728260365212], [50.72863087895333, 12.345548285211816], [109.9328394282652, 4.491106097112542], [15.788855432475053, 25.850193059569598], [7.930402886132644, 32.082085022698394], [90.21168114460416, 5.738629194034327], [39.60586815716453, 15.415538443966435], [107.41472857427127, 4.600064377076133], [120.08701200933092, 4.172267724597354], [16.761540550765822, 25.26102648730855], [21.97920672254079, 22.352078832624116], [2.1685780922825892, 40.13948057955467], [127.74605226259433, 4.044433276137893], [79.08645108272202, 6.95147753226245], [114.99825122043055, 4.309082603935601], [130.4611554124167, 4.019724391824198], [112.42505343299234, 4.395551446580385], [58.05152838929055, 10.645082820981969], [104.89219487987287, 4.7223876168385255], [81.13546906698325, 6.692399203045749], [0.07469467077937036, 48.126682751126864], [64.80231126851218, 9.28249796237326], [0.01885002699552239, 49.035474631611145], [87.86455760733438, 5.957613464448162], [35.60159776705035, 16.722015206280176], [43.90310524839947, 14.123293430865113], [94.98379655783484, 5.345494533479486], [5.482740608816686, 34.813663775523025], [133.20787017443806, 4.004941727025494], [122.58404894914536, 4.1207371308602205], [77.15475343554006, 7.212703013326237], [59.77215445408267, 10.287376562521299], [3.3939633480249256, 37.829128989982436], [6.142907854259406, 34.13800357550451], [0.6783298595742759, 44.41038025685475], [97.43222813573067, 5.168700017093686], [66.41000412807834, 8.998535583820718], [125.18316872913226, 4.077371854742389], [0.9272214613348646, 43.46898166860575], [92.56707629933246, 5.536225501001989], [54.61157198906016, 11.44032019565736], [0.4971015759115836, 45.19168249029876], [0.18803724357280283, 47.1938759339036], [1.4657065948847743, 41.80594984016069], [1.1684764829894136, 42.65006704275907], [0.3130143546645597, 46.12459083906114], [52.36844796491786, 11.97495538204502], [0.0, 50.0], [136.0, 4.0], [83.28405573964777, 6.439312500992267], [136.0, 4.0]]",0.003151,47.30
BNH,CCPSO_filter,6,100,0.408773,0.168693,5030.990258,0.570428,0.314420,88.0000,100.0000,"[[25.35246113797742, 20.735583226737226], [37.673636668542485, 16.017045812456846], [60.23417708026733, 10.180598967307485], [66.97305589340378, 8.87922036666964], [17.298225029637315, 24.938649752165638], [31.28665724851168, 18.2741394343353], [63.617965429978156, 9.537176918833325], [45.0237063710141, 13.811071599853031], [68.67656045352582, 8.570550903016255], [11.645170034815578, 28.785039925609595], [12.498501911465578, 28.14265341499928], [47.91999261269028, 13.036496773512255], [72.13569936569752, 7.97743662103446], [16.28944305066257, 25.53467791001539], [46.46838353427104, 13.425678455609946], [21.599263676923037, 22.53703449863646], [26.784710252657057, 20.116737930094647], [70.40293452422543, 8.27372622993144], [49.345862659228686, 12.665684816795725], [50.79290157658427, 12.30941952086662], [39.20587644556534, 15.533239693412014], [14.351963966295253, 26.80075295299701], [10.80324124753857, 29.491648666637527], [40.566607975918515, 15.104694243867588], [75.74138463542735, 7.414962025955097], [15.361527865691004, 26.14181678867772], [4.3603737393021, 36.32628019924502], [9.101762514636201, 30.942711040463028], [7.563825852222665, 32.48435587010749], [29.796037300351202, 18.851086245207128], [108.50785743121438, 4.551191484250736], [104.01149109156827, 4.768332915034956], [43.55732582542588, 14.296028315615054], [8.329173736887732, 31.694588814845424], [81.4187518400841, 6.657970078273216], [61.9495658292427, 9.845139650472753], [6.184718015013261, 33.96980015173325], [4.944181384319474, 35.544194464258], [6.882398366984624, 33.227215452617116], [5.522545366728224, 34.77615213322831], [32.81484083203921, 17.7320172502351], [20.544674453034276, 23.1668936596041], [3.353880456995305, 37.89090881770868], [9.923007205996843, 30.214072136782654], [65.26493629370927, 9.191550150055445], [113.04556598323397, 4.3735896645382315], [85.50584462206942, 6.196266222121441], [19.492845326459943, 23.72340872496168], [91.65986677655911, 5.612196429533722], [106.26583632971628, 4.654099231868198], [120.54125338771264, 4.162154496433494], [13.471288458979103, 27.45839880254551], [34.17315606518017, 17.20994163984066], [93.94889034870508, 5.425138320578007], [41.994048617037265, 14.67652017039867], [23.976351989429507, 21.386632366945957], [52.270755048087146, 12.027368561807037], [58.49893463663023, 10.549153471280592], [87.33292106703175, 6.009732019437175], [123.1968165622715, 4.109586300444279], [73.90455046960466, 7.69280183746795], [56.729105689676175, 10.929307876875345], [101.61237909800845, 4.902360491649768], [110.75742198109725, 4.458168262821036], [83.45784758471962, 6.419633697769762], [53.79732286564624, 11.76917448681961], [2.20228682179993, 40.060017043831095], [2.6546359619929123, 39.45315625292357], [115.44056273875552, 4.295422930967069], [22.769196325415464, 21.951699913329772], [1.157687478777126, 42.68914362387367], [118.06861476071239, 4.221288878720863], [0.5983088562137633, 45.118664560225675], [1.9989080746185108, 40.984055888525674], [18.364972919112006, 24.302931889397556], [89.4092401093919, 5.8114971910850475], [133.43287808735548, 4.00417255318708], [0.01923722840365184, 49.15962000280494], [0.7168461508007218, 44.20436118600237], [96.06937639978321, 5.265125969952518], [0.9796387832972153, 43.42206583367415], [3.8455727782370657, 37.11032783669816], [78.35733205824454, 7.048077638406491], [128.24338693712716, 4.041652040593162], [55.229726237161316, 11.290990750225195], [0.4002092928142943, 45.99428739249456], [0.11117061591488764, 47.6906510270593], [130.8869988944981, 4.0167707957730885], [28.251188963576453, 19.479261133397877], [3.0798946086863115, 38.57041068427098], [0.05401176862689451, 48.45446997142416], [0.3676559438453618, 47.06018203934501], [35.80404632366595, 16.662129067412394], [125.66935256856334, 4.070386664626641], [1.4388977436261883, 41.89109418641971], [0.0, 50.0], [136.0, 4.0], [98.64891809428988, 5.086694753246915], [80.85775941116181, 6.977307886378142], [136.0, 4.0]]",0.003198,46.17
BNH,CCPSO_filter,7,100,0.411141,0.210229,5212.064414,0.630820,0.339268,90.0000,100.0000,"[[0.0, 50.0], [33.7963808590405, 17.350059048883217], [49.176401131142896, 12.724864530489594], [47.57582080399646, 13.122464529053529], [42.90744119103272, 14.424572647917062], [32.419726043766175, 17.84421658021313], [36.62615816814076, 16.36342415731758], [35.19106336237808, 16.855152024768778], [13.59884528231431, 27.344980490147726], [2.6803750894347553, 39.12003778061455], [45.99930565327959, 13.565360605397885], [59.32147623602195, 10.373829445872346], [52.3561224376558, 11.924580384366084], [44.47416031779923, 13.983461289755144], [39.78907836623048, 15.365960408386048], [54.026865752212004, 11.534119116757578], [3.5344913550799943, 37.61625687869015], [5.644812888417755, 34.61266853014189], [10.312871159117911, 29.87391443660671], [93.68172296824133, 5.446188495426453], [3.996973004143079, 36.86596648082825], [41.39605350965981, 14.904926716707307], [1.9470676869100219, 40.638419884583016], [30.02129467739104, 18.786781796081552], [91.3530981138972, 5.638443173380362], [24.921266821804437, 20.931337663113787], [9.674328873516192, 30.58507858057356], [8.83932025535343, 31.191064444670623], [38.191848359533836, 15.864095682986846], [98.33658676667405, 5.107385563545916], [11.117945953207357, 29.236435462070204], [27.46462694159684, 19.869757915777924], [89.05479154559512, 5.8443378063551155], [133.2884118564655, 4.004658825032712], [11.872154467691123, 28.621623954064802], [7.540290914549685, 32.57672854106209], [8.171619637128112, 31.880292568891324], [57.512126763443725, 10.767793697663965], [16.504170974234256, 25.420235400844916], [26.190278910715904, 20.38446789736544], [28.703017742505075, 19.30247968483063], [95.98960367942578, 5.270923001181159], [18.655763935708386, 24.172768739236055], [1.0355204590809586, 43.08326597527304], [50.737212512483865, 12.344882979406979], [61.11181088824925, 10.011886965944178], [22.30298002441191, 22.27666829912905], [17.571926176684556, 24.78975410344222], [2.2998230961363046, 39.88238277115893], [0.7952854748599107, 43.917572554172565], [120.47008334046748, 4.163717037044974], [1.61379594265558, 41.42728960699209], [12.725842947452561, 28.00327551418856], [66.91196664572237, 8.92872609301927], [5.098711783628028, 35.34822421646333], [76.14340320567081, 7.356439819807418], [72.509188186547, 7.915880253250927], [63.113773248168215, 9.603953591488505], [82.25710850575823, 6.557987816314059], [110.65629480597552, 4.4621365904176225], [65.1134079742048, 9.232843671046606], [6.2897681935989205, 33.950378842295024], [1.3420094606469133, 42.26011579595223], [130.6103249186222, 4.018661760158183], [20.928070304167356, 22.923276610548193], [19.718003298962834, 23.541348986764145], [4.547973265978175, 36.0993233868875], [55.696564132993885, 11.152758436654336], [84.47400332180342, 6.306863651985871], [6.874457608225575, 33.20203206459615], [15.48188837842621, 26.052085104885187], [125.43279738522166, 4.073741702904856], [78.04031377284278, 7.090827305637059], [103.03177018115922, 4.821476472496217], [0.32984960157406734, 46.25462145969419], [68.80857743097627, 8.562758264910185], [108.1159776922827, 4.568431045895998], [74.2952358409853, 7.632236666249492], [3.1046230140470605, 38.34711616751049], [80.03637337964753, 6.829139540073815], [115.53461370166077, 4.292563031239819], [105.52014616013622, 4.690665544498448], [31.180587067589986, 18.31823653675495], [0.09149277235347533, 47.88690572082151], [0.5891431953190809, 44.72245746722665], [86.72626921882662, 6.070379028117716], [14.55532708666219, 26.66887663907294], [0.4345424932429214, 45.44770012155507], [100.68413544292957, 4.957809840850086], [70.60656420296277, 8.23796897338746], [128.04092748604916, 4.041250361048375], [23.718999397498695, 21.567892582206625], [118.07772831083597, 4.221052329964159], [122.95202554850451, 4.113971397513605], [0.17254415935477413, 47.12302593517123], [0.026810482394260704, 48.866083617959944], [0.0, 50.0], [136.0, 4.0], [113.14713884398654, 4.370062712426847], [136.0, 4.0]]",0.003215,45.84
BNH,CCPSO_filter,8,100,0.413682,0.207385,4127.009696,0.621451,0.346450,83.0000,100.0000,"[[32.36793566214381, 17.873455710513312], [0.0, 50.0], [53.186132177437344, 11.742101253615644], [31.115849813130662, 18.337585036642608], [39.031616458560535, 15.582491643517237], [40.7204199818441, 15.062326566076578], [44.32095352341565, 14.042499990116696], [55.05184676355269, 11.30144662708342], [45.96260925372197, 13.563241567198205], [28.50688542261919, 19.3886695558449], [22.672160465561745, 22.03804245677435], [4.1103301244341806, 36.698938976383175], [34.86662093197312, 16.999618478968635], [67.96240211029813, 8.722950240409645], [4.600293210824969, 36.00407513780068], [23.696999884206285, 21.508128479680487], [64.3301760010548, 9.401136502000693], [5.653486756792258, 34.60086258899936], [20.684394545607464, 23.108663224211014], [27.249731110462747, 19.920054422195566], [21.617164732958653, 22.551198291316737], [33.57761744555074, 17.423884637912174], [16.40379212540465, 25.479471499705767], [66.10517579950888, 9.043545226522038], [17.464782890993746, 24.81667802378715], [79.93378452945831, 6.842163519338604], [24.809609495591456, 20.997053585794983], [9.093214972098234, 30.96856806106073], [5.115466854204385, 35.286358890646326], [2.420390364389173, 39.613755110869775], [36.15219109002979, 16.52242701556571], [58.74588617236577, 10.505450852061017], [18.53664486360398, 24.212724243602537], [1.7029140941277192, 41.20345444205806], [15.35541602957181, 26.132805851985687], [7.619238129070338, 32.398903258861665], [56.888408081197, 10.90738046088192], [13.431255315818241, 27.483328855562313], [29.83729165685279, 18.899526865092234], [42.443865943086436, 14.549659789382883], [37.65261473367582, 16.09014455263044], [90.79748462785713, 5.686709597756894], [14.342715623281133, 26.824640945949774], [82.05907994756176, 6.581349901537358], [125.74003689886783, 4.069400155776487], [3.7196587400701433, 37.408340425248696], [8.396116463938815, 31.66768407270154], [11.66822303364136, 28.8783114180838], [47.67941933505072, 13.108394168177952], [2.8147331148589023, 38.84347848303131], [106.78420545441055, 4.629376472897718], [111.29921341833514, 4.437243669135024], [95.38818768159477, 5.315180990497643], [62.45527224038298, 9.75765001877452], [86.37379742711039, 6.10619903109359], [84.199517450234, 6.336943211091135], [1.363723810232571, 42.083704705210536], [88.5498710357, 5.891822835810444], [73.6798074169755, 7.7280117815735325], [10.840358416035782, 29.578823418134462], [109.03402529530364, 4.528532858088877], [60.562591796132594, 10.115163438589846], [19.56535530453633, 23.62858214713413], [116.06313824599266, 4.276780815886926], [0.46796391474886834, 45.29932846869871], [6.319667748461875, 33.94855680577297], [9.924574923072182, 30.207544219470737], [51.26555139757039, 12.18762449605553], [49.61670633668924, 12.599514863360934], [123.3381969456928, 4.107095596808725], [102.27958786645463, 4.8637586498761465], [120.90911568491534, 4.15420769602307], [0.6385432009971456, 44.52875196788683], [75.7343701498312, 7.415990253245571], [128.1814035532309, 4.0397773699049635], [7.044986068750397, 33.03079682272698], [2.0451628063823026, 40.40073169455948], [104.4686623113612, 4.744269162626269], [71.49917715470968, 8.084201329359843], [97.70677174905995, 5.149863969965466], [100.05192982133728, 4.9967576767094375], [93.06308775418904, 5.495715096457044], [3.231410056925773, 38.10221376572545], [25.963297462187604, 20.488096025784923], [118.48057727737829, 4.210735251019787], [113.67503241325034, 4.352038117236261], [130.78267954167245, 4.017471597664988], [77.80854190460657, 7.122372909514004], [0.873007827441539, 43.74452527734387], [1.1108318510245256, 42.82876540907835], [69.72750948013595, 8.39418226516386], [12.466176496369156, 28.169270723063754], [0.0952524064842959, 47.91802007291973], [133.37522418424487, 4.004363359645294], [0.18623298012541517, 47.02964983144507], [0.30956322288822374, 46.14662547202152], [136.0, 4.0], [0.0308675076537656, 48.81854027440565], [0.0, 50.0], [136.0, 4.0]]",0.003264,48.12
BNH,CCPSO_filter,9,100,0.425345,0.328326,5744.301306,0.598584,0.318991,86.0000,100.0000,"[[136.0, 4.0], [60.117007380743615, 10.208015811279934], [17.497961920618714, 24.795848474638888], [38.172971400145144, 15.865025006457444], [11.742298106415795, 28.70891129287608], [10.894936947524435, 29.387974850992535], [29.771017604006254, 18.904897359769794], [105.67352082804562, 4.683047206049971], [68.70404424475063, 8.570771199342287], [110.3181164682252, 4.475551206593907], [42.784894415333724, 14.445085589469326], [36.75385975241491, 16.325082006582242], [107.98801709247674, 4.574128046819789], [61.73954061489428, 9.87613008357404], [39.678283798608305, 15.378596535282675], [7.750819007332447, 32.25202367033447], [63.38067911096876, 9.551147324813247], [24.440235829648365, 21.187928897041466], [35.33803530275769, 16.832663436697214], [65.10356159570432, 9.222849740367078], [16.505758524453107, 25.42254220644643], [13.702394572511704, 27.264711078035024], [41.22957794164547, 14.915033664782747], [51.4912522308781, 12.136294620968382], [32.42918820516448, 17.840106154733128], [70.61944677162401, 8.23571538832061], [15.544305756049114, 26.02431217464933], [81.0068731357566, 6.7081372527803715], [2.8328200893472, 38.83254291320121], [18.567009527014278, 24.180660530384323], [1.785208586043328, 40.99941470180941], [8.498361392218062, 31.51731913034743], [126.47965523896609, 4.059516618652461], [3.6761988351810517, 37.37963065889683], [53.2919288524259, 11.7124402319986], [28.356493987506695, 19.456003594121295], [121.87895497544582, 4.134289308400645], [78.81846329842085, 6.986706623977474], [1.504784063429696, 41.780313836256234], [66.87630910303565, 8.893737204776667], [0.6865749640821797, 44.32792519631505], [83.26618657838205, 6.441342434881335], [133.6083791833371, 4.0036183053246965], [5.754157923242554, 34.47851169280897], [74.53765759285363, 7.595061315049115], [19.719325365493575, 23.540195240983778], [49.667374472852714, 12.627612062950304], [2.140404719654546, 40.27090454848885], [58.42831545955721, 10.563841269174734], [5.250280442810638, 35.15409701035267], [85.51253045775843, 6.195562193221649], [9.31383815157923, 30.75618925172319], [112.62193157592068, 4.388505737703807], [27.003094724124807, 20.00632199737617], [98.91391155805486, 5.069332803526656], [0.9216208959448071, 43.4505657008299], [46.16567601341504, 13.497024236059566], [124.16407081338885, 4.093155448131361], [56.804101132285666, 10.938724838820098], [10.06740372270312, 30.08133382322257], [128.84899184408295, 4.033157100959111], [2.458483046248073, 39.53525804049811], [72.55029746522501, 7.909153358409972], [87.78905700294277, 5.964957139134729], [94.45404049893018, 5.38588905732561], [96.6613621013359, 5.22263835235428], [12.72149657117598, 28.004283504548162], [31.08970484316891, 18.346732395827118], [6.3854775886901445, 33.72860569842074], [0.08779889440231692, 47.95701179359372], [7.077540576452456, 32.96457194238441], [101.16247347903617, 4.92898018477076], [21.99038786385477, 22.385716409485003], [1.179660177830268, 42.62983380062369], [20.90099256995258, 22.945554353402343], [3.237223344226698, 38.123518990502845], [76.63867029807952, 7.285434133510071], [4.160659746727264, 36.62424345477752], [44.57327973286614, 13.93479039947022], [4.677258371078292, 35.88984118890026], [103.38324207374521, 4.80216238813933], [92.25053555716005, 5.562455370661581], [131.2197353343077, 4.014633738602181], [55.0908651086402, 11.293288487576074], [14.602644657867119, 26.629702130853367], [114.91021960693514, 4.311842702407537], [0.19526274323631504, 46.926715137958695], [0.3209769160762348, 46.09680207692939], [119.56140977013949, 4.184387358604227], [33.995647560789614, 17.344155250499952], [47.927126895685404, 13.055133970852157], [0.4983676375696706, 45.199273454697305], [23.232579321804558, 21.73144374795259], [0.025796350702213828, 48.87634647464348], [117.22791324954173, 4.261941627768921], [90.02576416794446, 5.755330797551166], [25.61536974590074, 20.620012145237116], [0.0, 50.0], [0.0, 50.0], [136.0, 4.0]]",0.003258,46.94
BNH,CCPSO_filter,10,100,0.405329,0.134928,5440.637336,0.622815,0.336258,89.0000,100.0000,"[[0.0, 50.0], [136.0, 4.0], [47.39387403321347, 13.169338414835707], [61.36759327999664, 9.957160943789866], [76.61202939819341, 7.289223284330435], [54.12227212419308, 11.51026717418852], [21.550702817850244, 22.580533186376226], [39.85909597367859, 15.323507021619378], [83.31502093033535, 6.435797766579496], [8.500971037977013, 31.511303351214988], [133.37144314511625, 4.004376024098676], [50.52712526330973, 12.369909212872862], [45.820316845824145, 13.605158484606253], [9.948692712014067, 30.192575682725703], [9.236675413337192, 30.845763428048304], [34.361894327090646, 17.174549533419473], [52.286397148532544, 11.942040064496998], [130.76711774195974, 4.017577402493097], [57.78599808131624, 10.696430715891207], [70.52271718018201, 8.25266150104602], [63.121876372445556, 9.604710364230069], [7.151865519390363, 32.887522841212416], [32.949292575068945, 17.6509741114819], [68.52435073632304, 8.600294820454506], [3.6576871028230276, 37.3909979824284], [38.53406454307118, 15.740563053653489], [31.542989303756826, 18.17285497225518], [1.2075107066765987, 42.53818326336062], [41.279477246237775, 14.90934853814646], [10.712072233952252, 29.537244084506163], [44.24767044959481, 14.027995899860759], [74.53317102921413, 7.595746531315351], [59.566251233581795, 10.322597483144776], [78.791152961329, 6.990314720764509], [125.64264415221379, 4.07076133594862], [4.660064858669994, 35.904381328273125], [95.07343838194143, 5.338736131957437], [118.1885815691254, 4.218186224568983], [18.286007340841334, 24.338784916415484], [2.105398753277441, 40.2677135849094], [72.50655257422412, 7.916311856744713], [19.35851301139624, 23.760098617326502], [42.75398709904211, 14.459763646780369], [37.06922994764188, 16.215749733077335], [6.473948834344396, 33.63845185132965], [28.835437553389696, 19.2469701031988], [0.3666226702975562, 45.83159477435025], [35.75447736013611, 16.664638002617025], [1.4773101911158397, 41.78336998001457], [16.341719881723105, 25.503973845752363], [123.1099711596466, 4.111131468386216], [27.506492036979743, 19.79306506155826], [11.557799268558966, 28.86167136204681], [12.643164625026463, 28.098250351807412], [7.805622391349239, 32.19587422720811], [108.80686546585692, 4.538246785962189], [106.52912714140221, 4.641471141412571], [87.95815266471214, 5.948536284740228], [99.67674098992725, 5.02033157036245], [81.0366100680555, 6.704491861579024], [55.951873394175486, 11.097294355824754], [97.35356372875906, 5.174133078644569], [5.214941546707726, 35.1582890208542], [30.20720312807108, 18.73694065896823], [0.7371836017307114, 44.11312919383141], [23.800740395246745, 21.453275963726053], [17.319229701999028, 24.92577290795756], [104.22611230467972, 4.756978349605198], [115.79665950479018, 4.284676883836606], [66.758120096257, 8.935844300532079], [5.83615429974863, 34.383180597415866], [3.2458793619665247, 38.09765961727581], [128.19240785054913, 4.039663160029587], [2.848899833226027, 38.7995048745389], [22.680061652018694, 22.002161381483067], [85.60822715811295, 6.18550274242102], [14.619460722974136, 26.638149885401173], [15.591802270500905, 26.041210820534133], [64.9209995061439, 9.274057639611879], [48.92767898987077, 12.772023435950345], [0.025764083459785377, 48.886478680300854], [2.4668049983368, 39.53787528046109], [13.669920203753119, 27.287785262767784], [25.017157130241863, 20.92822090994599], [111.09048990180455, 4.445237976209625], [113.42366973924283, 4.360556958039174], [101.93333364001457, 4.883661724134504], [0.5396513248235607, 44.945566735890054], [90.32733312829285, 5.728294398984642], [0.9592095217380181, 43.31834476740845], [4.164774833588712, 36.652702963862254], [1.7968687277047204, 41.02315469153388], [26.29250961921024, 20.356549696866075], [0.09499288230595268, 47.86441906916909], [92.6755751897591, 5.527302708008161], [0.21520551891167783, 46.879858325646424], [20.39448528338911, 23.170856688630447], [120.64020911700659, 4.159995454013217], [0.0, 50.0], [136.0, 4.0]]",0.003134,47.36
BNH,CCPSO_filter,11,100,0.407066,0.239557,5960.714282,0.602663,0.326296,90.0000,100.0000,"[[136.0, 4.0], [0.0, 50.0], [42.316146868852144, 14.58372840353185], [44.02945345759977, 14.097776422922744], [100.17843799368444, 4.988886438637119], [14.410221957144138, 26.77219335284223], [2.992953732667071, 38.51864613022832], [37.549268204159205, 16.059470813231314], [3.9564597737922194, 36.936364590881], [63.62271907084788, 9.505073961808588], [15.381797578440153, 26.144904875366336], [29.609324628081033, 18.94094411845522], [50.901880112759784, 12.278467089627648], [45.748184700038635, 13.620320546655783], [13.47910184373929, 27.40931243424069], [17.393074497163155, 24.873524323558556], [77.26446635884781, 7.197404614117488], [60.160094346726126, 10.200962698791622], [75.49521476666695, 7.451194487995032], [26.13089349973988, 20.394721044277745], [30.87780141234105, 18.468374549822233], [32.17076143575996, 17.988742918496854], [40.6329733001689, 15.085163630782873], [36.26314367093245, 16.52137202620991], [52.71133355329488, 11.844074921784067], [107.53147801103019, 4.594727544570797], [27.236310868436437, 19.908025860548584], [21.653440672002155, 22.51746815751582], [7.792922993120452, 32.23681796202472], [61.89389426245398, 9.843763633499698], [28.412572032677915, 19.426732076507395], [11.762957817247056, 28.68936611620198], [6.311081604082714, 33.81703920921116], [72.06474343925063, 7.98922154469639], [33.43994766194032, 17.470246437547353], [110.01484155032188, 4.487771030662469], [5.64741836726891, 34.630441698618576], [7.02453046754097, 33.01646089894891], [70.40754786769942, 8.272913294249477], [73.76562804002029, 7.714534390089662], [34.86189704607639, 16.9737716852881], [68.72403433908143, 8.578546129991473], [23.916925794423996, 21.398532877715766], [16.36359104112545, 25.50407983003952], [4.4810733382795505, 36.16807006066402], [49.170950810848886, 12.710941324345917], [90.90379672262617, 5.677401057070725], [20.559503261367723, 23.092561642947977], [10.962163084712191, 29.37829150472511], [133.25754085764714, 4.00476625987941], [47.44665731292248, 13.169678542500542], [39.09507467952503, 15.590494796780465], [122.63100964651807, 4.1198620301032856], [93.1421597983337, 5.489323274387713], [120.04710247476376, 4.173172216437354], [112.48374126136935, 4.393443602070769], [95.43518677041453, 5.311686953216384], [125.23527761940906, 4.076606451347466], [80.87258206760833, 6.724645375976108], [58.2971312030929, 10.585279057609785], [1.5020482513446893, 41.71296094205127], [82.75626020889256, 6.499790341836054], [56.40906368012837, 10.994366622673269], [2.159202754291804, 40.15391838105985], [88.775549118276, 5.870496359159325], [12.627849563512129, 28.07437119602392], [18.431314910930396, 24.25401799073933], [117.48916252434401, 4.236616679004593], [130.5518734380098, 4.019074542898138], [25.054640618037396, 20.888073935071812], [1.2162628126984534, 42.51375212645165], [105.06158076111726, 4.713746377892441], [0.19288336115504176, 46.96054706209013], [0.022168613981845515, 48.966314236911344], [9.326184096751817, 30.74686106470908], [8.498536585094145, 31.515213622472587], [0.3344231913452922, 45.9952232006886], [0.7234154459803962, 44.17110989235438], [1.8302999487368008, 40.930498760337386], [10.142652320404142, 30.026928304565573], [0.08650182783302093, 47.951102307116244], [19.479080959234153, 23.661890288544775], [67.013794805029, 8.873888730034672], [114.9823794608212, 4.309579218879289], [3.4582000253913225, 37.72217038631992], [54.55407689303108, 11.420497947127537], [22.782826151185375, 21.94645009866689], [97.75932287429308, 5.146280715330663], [102.59822294852428, 4.845688595484961], [127.88145419444572, 4.042956411763906], [0.9625603777164246, 43.30386808872301], [0.5081988817051797, 45.08660428163481], [2.621239598541363, 39.342399446775005], [79.05265117888291, 6.955903240285634], [5.024910759430975, 35.414466026326046], [65.34951127094642, 9.209279876469779], [84.6637410979492, 6.286234480920707], [86.69900611543461, 6.073134249781775], [0.0, 50.0], [136.0, 4.0]]",0.003104,46.80
BNH,CCPSO_filter,12,100,0.414539,0.278493,4995.389143,0.625362,0.337272,85.0000,100.0000,"[[0.0, 50.0], [27.82421788554536, 19.657115256082456], [44.18272118838108, 14.044872650756904], [45.744140843864045, 13.611980881151027], [35.44979124616887, 16.774597079492324], [10.12131226574635, 30.046684567778073], [11.71024598923943, 28.753020983452842], [39.75145511936398, 15.38930320038348], [38.260240093347974, 15.828957545800098], [71.71199615683116, 8.048241611799195], [69.92550121681376, 8.358574435805773], [9.315051019530895, 30.748909684351275], [22.079091848024092, 22.324793951019142], [48.97326511186506, 12.760069219666125], [5.974361144594166, 34.238552912041925], [34.09659765614981, 17.235631983275105], [64.77122023111419, 9.302669015519022], [73.55928623537272, 7.747005828491014], [25.545573521469734, 20.659903086495902], [42.67836420178813, 14.475515936670579], [23.202478181429264, 21.748912466006868], [8.539243034720684, 31.473149274934475], [66.45343092692582, 8.998161814212494], [3.3418498630774, 37.90903752131902], [4.838266572549146, 35.659347165638074], [1.7849047974020578, 40.9998793169044], [3.806619206875459, 37.15752924161334], [4.309869511505578, 36.3981093866623], [47.35376576455789, 13.186754657102188], [91.89184736914562, 5.592536694508317], [56.03909439109282, 11.085730788267195], [61.27710129889219, 9.968464275084122], [52.4716074959324, 11.901225482629908], [10.930440425184752, 29.375163287636354], [7.228896354287583, 32.841643888717684], [79.42112666032054, 6.907927196048581], [24.38224539914012, 21.203869249143665], [2.9049661918952223, 38.67660122890106], [41.1870717399061, 14.920491844414457], [32.78994754857777, 17.71107762141234], [26.695714802012645, 20.144235047156528], [2.5210994495377363, 39.43473828946908], [29.012431440206786, 19.179133301319958], [68.17557017028149, 8.682135646055002], [104.01802572607224, 4.767985686530299], [19.865039902384403, 23.53429899117576], [59.5574156208432, 10.335482122680872], [83.45460422136759, 6.419999890951822], [14.527591342832057, 26.68047634620971], [2.134117318923032, 40.20379049490313], [16.766372825031304, 25.237864326834284], [77.44189816327864, 7.17278350710359], [13.595254458700783, 27.39845526134814], [63.04431642197869, 9.640435840145937], [101.5252546483827, 4.907478086386181], [1.4911393447318513, 41.74754947853826], [7.868359355080655, 32.14914440403423], [111.17679688792954, 4.441922209139813], [94.26665629343711, 5.400364706824831], [30.277092478335454, 18.694144544557485], [108.78335537332863, 4.539258057558718], [6.561879359736711, 33.536943105784005], [96.6592350147509, 5.222789348310549], [124.83731238422747, 4.082554287470238], [50.71250742706782, 12.324483887815394], [116.41135247985753, 4.26664947734626], [0.5346226712863886, 45.02779224801317], [20.960867057777413, 22.87016483647461], [119.16198591694437, 4.193899589516249], [87.56135314780495, 5.987221030992476], [85.49367184016889, 6.197548446919704], [54.24099444719107, 11.489758694622424], [121.97043086674941, 4.132487228613389], [5.390371101889907, 34.93900860416994], [0.735881571263573, 44.20245263015762], [81.40992943331302, 6.6590373603345725], [36.842415592362144, 16.311126495783988], [12.741605906629822, 28.059552952554235], [0.24987141256252016, 46.7196405884097], [129.968168858497, 4.023452164340912], [133.02639273675703, 4.005610189846182], [106.39836427739978, 4.647724520470448], [75.48230333696918, 7.453103252504764], [57.80085831791731, 10.699381551782709], [0.35703569859880424, 45.8670157708452], [15.738035836073697, 25.94097609447941], [127.39100444332901, 4.048429870011005], [89.69488878366633, 5.785324037813951], [99.01925275563019, 5.062479938130329], [17.904514911697618, 24.669746826461274], [0.9564953999954984, 43.348168208295306], [113.79182029220075, 4.348119389625937], [0.035855321282925776, 48.67185747032333], [0.11687603284674965, 47.64473898594267], [1.20669877424789, 42.534388718589526], [31.5257653554647, 18.201744596492446], [136.0, 4.0], [18.814325195627948, 24.03812159860886], [0.0, 50.0], [136.0, 4.0]]",0.003139,47.55
BNH,CCPSO_filter,13,99,0.426772,0.274531,5193.793305,0.636161,0.332828,85.0000,100.0000,"[[0.0, 50.0], [59.101301545141304, 10.421308116272133], [79.97457269656638, 6.836979931074455], [44.59572223131667, 13.931853345284068], [60.78688571742209, 10.075790224008898], [14.328192435917533, 26.828255288498358], [15.22828680288334, 26.218637772229144], [11.583624853523741, 28.889543560046803], [27.557339318990735, 19.771286134375075], [54.17682635498633, 11.498897959019137], [73.97867870803586, 7.681247801129999], [88.25056665230508, 5.920364945807516], [13.43025156440225, 27.450484989188467], [70.0975398823189, 8.3278355673031], [12.477603960415985, 28.155512368434284], [47.88051118901817, 13.051529776551483], [46.241678103273415, 13.476526054168012], [57.42052266601723, 10.789079941281123], [77.94451471628776, 7.103836173642463], [17.171315054979644, 24.99172028631695], [39.67897659398557, 15.397412413199831], [32.25383509504112, 17.905478502074196], [66.24500288485861, 9.010790512481208], [36.72236001648059, 16.337531967087386], [41.379262298667456, 14.86055735723437], [82.03057824261262, 6.584725227769738], [49.54291255224568, 12.638605240677808], [29.83423404749622, 18.8359074639752], [96.80177054772935, 5.212697591941165], [8.089057154786573, 31.920456277499532], [51.098057333004405, 12.23682164075175], [94.66231552604997, 5.369914790766537], [42.9892163204857, 14.392611506764489], [62.56021459531612, 9.717666835545703], [68.14243566565933, 8.665224089225031], [24.070693883808815, 21.352729138582585], [64.47508309666713, 9.369421563720685], [3.9372241068499645, 36.95808326941888], [20.422243515492262, 23.154536250573152], [75.92517469231785, 7.3881082162765], [3.503442928664592, 37.69324802490941], [21.740290342062583, 22.588438059656063], [72.01595861194852, 7.997340968092093], [7.44063465934766, 32.67619951295391], [92.49901178204018, 5.541840677419318], [0.7623045812699847, 44.04107820548186], [99.033539740446, 5.061552649510297], [30.963158422106815, 18.41758541107782], [108.45537068392964, 4.553482391747918], [0.9878462224267014, 43.24943904623849], [28.67478466172021, 19.32015255553418], [106.02121500017294, 4.665963709785387], [113.59224848888279, 4.354830948496968], [6.657455380129019, 33.41977791475897], [90.3663784106054, 5.724814701700751], [124.37669386976381, 4.089733818147235], [19.33995594543991, 23.763905952547752], [35.16202994349981, 16.90755147333642], [38.20635946765914, 15.844627983358375], [1.9415073862404157, 40.63945746765623], [5.56151580256987, 34.77952965205347], [16.187188522347263, 25.636385565329242], [133.03348798542993, 4.00558324652375], [25.34390921955373, 20.842660817275554], [5.001485209903379, 35.43671585295972], [121.61015317324342, 4.139660850040149], [0.5659438193655904, 44.84438155325759], [26.35633111253913, 20.315842523640455], [103.59336355868078, 4.7907492675984935], [86.15730349404345, 6.128415304152634], [2.282455672179725, 39.88785766979971], [33.685177903545586, 17.38857800271152], [3.1097713443882586, 38.447670744832564], [55.78419482389337, 11.1462926781674], [22.778567878561752, 21.951859290330287], [101.30705962983951, 4.920373200874795], [118.88052330543844, 4.200760415116431], [111.00491337680401, 4.4485398084980465], [18.307075139892746, 24.345518078973896], [1.269055382814253, 42.37640868635836], [0.06754024031404515, 48.18906836191559], [0.2588517425181256, 46.49419711916502], [9.602193360880374, 30.499717641118778], [4.46727354904345, 36.18009934612003], [0.14623987496330154, 47.3341276691066], [6.068101488163883, 34.1015026468601], [10.445430745055269, 29.787271906758498], [52.59840597203474, 11.878749580966996], [2.6552463623646645, 39.14179081109026], [1.6294015935373074, 41.46041291316324], [8.808671508767375, 31.23486639696934], [130.148599600639, 4.022049261121857], [127.12503353634482, 4.051541871114745], [0.40728879515760036, 45.66190472432491], [116.21074110618667, 4.272460537777583], [84.08526630489584, 6.349546249019783], [136.0, 4.0], [0.0, 50.0], [136.0, 4.0]]",0.003200,47.40
BNH,CCPSO_filter,14,100,0.426811,0.368865,5056.901692,0.547666,0.292125,83.0000,100.0000,"[[44.82315925550536, 13.866740590189483], [0.0, 50.0], [136.0, 4.0], [29.904965858047504, 18.808227741046235], [52.854185779263545, 11.806282304245068], [4.436964558124588, 36.21655203506651], [76.10450330652223, 7.362067611312424], [79.85088386714102, 6.852721016943433], [12.275920877694414, 28.309958565047516], [7.556366147859692, 32.451982723765724], [37.26090502380573, 16.15491767709898], [31.105849196266835, 18.340562272226713], [56.184188106970865, 11.047342412578239], [98.31212260035763, 5.109016664318991], [59.563493812651174, 10.325991592580081], [17.23678688679685, 24.954044532757983], [100.55318990469806, 4.965797583618021], [77.97454505515378, 7.099753718177391], [8.93739978390073, 31.095188956586114], [13.250410711123612, 27.598221486974673], [49.64378573793648, 12.592311762418136], [51.27709849367134, 12.190886172101425], [8.269109613186693, 31.757168423632955], [18.384638511894444, 24.27899789272965], [43.35754580292298, 14.332064548075195], [57.92499430105843, 10.678739580549426], [81.75322480098286, 6.617741154336569], [3.8815916831441175, 37.04482350640612], [63.219316957716686, 9.597611200985718], [26.26754150180282, 20.35942371844499], [107.42433623903594, 4.5996241278633825], [16.13664244206831, 25.636553823538684], [48.03655735286361, 13.010994494725082], [121.20149868132027, 4.148045725486918], [21.0252747908243, 22.90895008701508], [74.26747522628548, 7.636513479528375], [32.255825233969546, 17.908498464888424], [22.33575022275135, 22.169891669634342], [54.51770411092533, 11.448647327867732], [93.91938665243185, 5.42745296296347], [25.005640045943807, 20.90133423407174], [46.41839119019005, 13.435356466177016], [114.23319296696454, 4.333533412811705], [65.07990059457447, 9.227856251457496], [38.71311247279007, 15.692734626981284], [14.175830233526536, 26.936087834263805], [35.97824661237625, 16.593210030688958], [102.83611414726626, 4.832349932976252], [118.86888783212959, 4.201046857270254], [1.3487833852296236, 42.12511426713429], [6.260724142776385, 33.87333540592699], [109.67247537904798, 4.501782975116745], [19.72177981172328, 23.586602680820505], [15.165524942324826, 26.3076746549703], [0.8011405579026032, 43.872402818344995], [1.0587204447031096, 42.99711785629769], [87.70816780294203, 5.9728461584006345], [1.6698136890455435, 41.28097265489144], [61.34444327369798, 9.957609057160614], [5.620932900837578, 34.64080467089346], [40.16182292175043, 15.229123331536615], [72.42544077872799, 7.929613858004153], [2.891564475985319, 38.74207620036897], [89.72944420878117, 5.782175442576215], [0.5736074462051683, 44.79500986533286], [2.050295310561238, 40.394855703038985], [34.75717223602783, 17.026435865064784], [70.59355695524286, 8.240245402773196], [96.0978947191979, 5.2630577100500275], [27.483038544957893, 19.833019901923475], [116.52344279389727, 4.263432982508342], [130.89780727517257, 4.0166990285102155], [3.3781127011846106, 37.89227161050226], [105.12474171880207, 4.710540222173948], [2.437596009248791, 39.57502426844268], [41.6617916526151, 14.774575979392186], [91.8071063681956, 5.599699552011488], [5.034890352783984, 35.43660716553369], [125.97911437998107, 4.066117855949233], [133.44357897883702, 4.004137613887487], [128.442561262421, 4.037112968836477], [28.67671527483856, 19.3238693011795], [66.93368361140708, 8.890271374240687], [68.8118535171744, 8.560268630589817], [11.361017379254807, 29.006520396229426], [10.514312155286344, 29.71130855552918], [33.497504491914185, 17.481567859439615], [85.67684581534786, 6.178309856634652], [9.712970369556958, 30.40914776843003], [0.024328589892837704, 48.91929280232658], [6.954854891423578, 33.17632634369579], [23.506598443396285, 21.593897899989706], [123.5666989280467, 4.103134754778281], [83.70671574682098, 6.39165477759216], [0.09561673891273897, 47.84276736046537], [0.37078138671160016, 45.7973095094223], [0.2260541782164695, 46.782064722944256], [111.93855307626627, 4.413273510699671], [0.0, 50.0], [136.0, 4.0]]",0.003182,45.97
BNH,CCPSO_filter,15,100,0.414546,0.230769,4700.406716,0.630885,0.336894,87.0000,100.0000,"[[0.0, 50.0], [29.486250958705718, 18.987958190459324], [16.65613704780403, 25.318726002174465], [21.99375010283392, 22.337361514290908], [50.20981761917307, 12.469852977321501], [23.239604781058173, 21.80137379278728], [26.82536891046874, 20.087674877181463], [11.25061283338071, 29.099825432926497], [105.32849127686681, 4.700256635706861], [55.474215200232685, 11.218521137369269], [53.674092561541514, 11.62480888632669], [9.750693478988728, 30.37157534383232], [91.51049417690659, 5.624941031115397], [42.031919538754536, 14.665130461458897], [69.65011989519121, 8.40224659076176], [51.912575682618495, 12.035166348815231], [28.12875848040763, 19.53067540194108], [24.320397295611908, 21.2086769649405], [48.48677385473833, 12.888914365888404], [107.7629994510976, 4.584227504612842], [85.00838278539011, 6.249101972456527], [87.1402882372624, 6.02885293688097], [117.67496870642042, 4.231639839096114], [82.94401415584008, 6.478152557090156], [10.49243157892923, 29.72475352524615], [89.3046713327206, 5.821143749939018], [64.27284220761447, 9.380015879281054], [17.582367506254357, 24.746630419931947], [12.919689556812765, 27.820670775903817], [71.46329973542663, 8.090289785254107], [73.3096694879467, 7.786596538245686], [62.53391850649673, 9.71740154251951], [40.392540049668455, 15.158643929072301], [45.15518233944178, 13.77838553451156], [80.9045954436818, 6.720703242453517], [66.14759626311027, 9.08348567913734], [120.18786675551434, 4.169993500928854], [19.71342867140494, 23.53555890494851], [46.7452433344376, 13.341514753626146], [14.762036488507453, 26.56673108839042], [7.093594282127784, 32.940719246786855], [30.944842995465528, 18.40136422170855], [35.70411456246112, 16.692360917679114], [13.789085260988887, 27.19114725356936], [25.575508443595936, 20.645783521123338], [9.008800557018345, 31.028774792498382], [15.68682439217914, 25.92438978824027], [100.60938387729703, 4.962364668850556], [32.594754825753114, 17.782708950922476], [60.76780740524005, 10.072690130965054], [102.94562542619819, 4.826253146680549], [75.15142353342588, 7.502306689908594], [18.60506978692568, 24.154642273080768], [34.05655436315926, 17.251091907797342], [3.3297947300572663, 37.94948271328662], [67.82547397197767, 8.724430594522484], [115.16824762433751, 4.303791647414647], [3.83626390831167, 37.1096376948133], [38.83145259566033, 15.690174447075254], [43.589075413759545, 14.232989179701208], [122.78354284850892, 4.1170431845082875], [125.4229568090563, 4.073883060331497], [58.99832796321067, 10.444025727250338], [7.727362739359735, 32.27646839502002], [20.88145595842461, 22.937758320690257], [12.115718389103673, 28.41939742901868], [78.9631818667817, 6.967642632865989], [57.24663521052203, 10.81693226567322], [4.432288822677744, 36.22238740067477], [37.25589692875768, 16.164161627838403], [112.71421571798967, 4.385228034451015], [2.8222235180454094, 38.82655364889537], [98.25562074135254, 5.112789630340029], [1.380529189333552, 42.197215049750056], [6.477153658280059, 33.73172566359102], [5.722428084266843, 34.53805173671559], [110.22800742131037, 4.4791631730914645], [0.8340397962480246, 43.83148555181178], [95.978497014105, 5.271731472218899], [8.364564406709505, 31.642058106913407], [0.6341893956432869, 44.614481093746], [0.5035049509068771, 45.4017557520461], [0.12105197695743203, 47.587465787348386], [2.0519452597560113, 40.414980139613434], [1.6701431470871226, 41.31826568469249], [130.54383165796173, 4.019131697129809], [93.73051682403336, 5.442328857092513], [5.035648837949228, 35.39138228598078], [128.05995870583848, 4.04104917074379], [2.479960912404061, 39.63539709161819], [0.21074117119472305, 46.82013827897292], [77.04263455279775, 7.228395779950665], [1.1501111736717462, 43.01821368175398], [0.017775900552954922, 49.118225117847764], [0.05730280222524653, 48.32373419727762], [133.41693935513518, 4.004224870412163], [136.0, 4.0], [0.3394200288790243, 46.02952150034075], [0.0, 50.0], [136.0, 4.0]]",0.003161,46.23
BNH,CCPSO_filter,16,100,0.426309,0.265601,5045.134504,0.672006,0.362073,88.0000,100.0000,"[[0.0, 50.0], [65.01421026393254, 9.248764695192046], [12.992552686630729, 27.78933933124278], [23.31385354458424, 21.68818030256105], [29.685275116739923, 18.90309441654292], [27.259106795601213, 19.915814631427235], [68.93602784646713, 8.539047540811215], [77.27640220482911, 7.195743704191308], [51.02048583665828, 12.250703666313203], [41.23111302848369, 14.927267246229505], [42.93008027632867, 14.405166168644563], [99.61390604805416, 5.024313391389331], [70.89883754399574, 8.187090345191102], [66.97793732055098, 8.890634565940019], [49.50638089553695, 12.650177483230094], [63.06428757888227, 9.62012010993702], [28.45781669894322, 19.431845302670535], [72.94134248934327, 7.845640621668539], [75.09943237040488, 7.510088634629486], [46.271999271487644, 13.46816027534392], [47.84937601050162, 13.054583718801247], [106.55223963091962, 4.6403696048931256], [52.75645006371877, 11.853837544691523], [104.20528760492543, 4.758075599649112], [19.600883318879514, 23.60898760101636], [18.545190598180213, 24.187229804477788], [10.52028952696626, 29.74205770275396], [11.300392625214966, 29.077098810375144], [15.595251692982188, 25.99115001218052], [92.93155224306112, 5.50638801005122], [34.013010620724174, 17.26524330341203], [22.009365688881115, 22.330849862739406], [57.655889555800115, 10.83144047924575], [5.038275893940131, 35.43023258612397], [35.46279671136799, 16.815581377339534], [121.94003248954029, 4.133084621428748], [111.44003844648981, 4.431897044274499], [55.79621361909487, 11.137442413656204], [37.0032928664374, 16.386520258720502], [14.705983258117287, 26.5669600651879], [88.41809280938395, 5.904353033759779], [44.66408579223455, 13.938731714573864], [6.194200397203559, 33.95639723812764], [90.67002075103508, 5.697916080279134], [9.7078204475675, 30.39743870559526], [0.7432708902135245, 44.11511283984326], [7.515276804959064, 32.52016717460637], [101.89223205461718, 4.886042831881818], [116.58638531331736, 4.2616363435757165], [12.147097306027835, 28.45357974219656], [17.527737731252092, 24.77810960177444], [113.96709196316415, 4.342284895467625], [24.663664876444386, 21.04941251213848], [6.8617951736493, 33.21292205565092], [16.538717100739827, 25.384331494737694], [130.2308238439976, 4.02142472623709], [8.20257764349611, 31.84507550807865], [59.37500098134234, 10.357864756692484], [32.48230992975796, 17.820599605446702], [3.5837605847695757, 37.51234141813517], [3.188526547403135, 38.24027062732668], [54.36326533008128, 11.455375804722575], [61.17309159391651, 10.000497058330275], [0.15531922551574426, 47.272664557816796], [97.36297133349979, 5.173482483211385], [8.960297160626101, 31.10270154882793], [0.5630809055466889, 44.845248635342756], [0.2690006655907937, 46.449427821412385], [39.949783296597516, 15.448259973488447], [31.102304142512146, 18.361892935036593], [5.610989174380524, 34.6725874068831], [13.838049927115671, 27.16124061168453], [133.09919186938782, 4.005336870895986], [124.66515904874844, 4.0852003926885425], [86.2777799094552, 6.116031915482438], [95.12914291253318, 5.334547526604072], [119.25573992252963, 4.191643301418827], [4.040742231017285, 36.79967793153574], [0.06842012731225673, 48.17375503787754], [1.2064793550174584, 42.54699932985481], [81.88751456449035, 6.601716785703905], [2.545155952927083, 39.402989221521494], [4.494894072188861, 36.135530237437855], [0.3899755967390451, 45.682626410428476], [2.219970520004046, 40.16406842682885], [1.80683649275046, 40.951409039554235], [79.5418853025801, 6.89233366696663], [0.9816376786337664, 43.27040629755731], [20.806502593529633, 22.961165701696075], [108.9895851847141, 4.53042508311319], [1.5264564554457416, 41.75308869408924], [84.10868656055382, 6.346958780153794], [127.41963817537015, 4.048100882478686], [26.03983628946918, 20.562594156855702], [0.01700283636136189, 49.08414724081803], [38.25300734359473, 15.862719891852292], [136.0, 4.0], [2.8393059541551264, 38.794913105114546], [0.0, 50.0], [136.0, 4.0]]",0.003223,45.95
BNH,CCPSO_filter,17,100,0.414100,0.261991,5126.942672,0.623787,0.336677,90.0000,100.0000,"[[40.10238424959299, 15.249017822957757], [55.82756700326129, 11.13782929386668], [54.26552501915847, 11.480074517447934], [38.70360605543724, 15.694289846366637], [13.891252457206438, 27.137034681531084], [52.713147865901774, 11.839670478204944], [69.48576900694692, 8.437997500486091], [37.31679344761012, 16.136639343367868], [67.69218199218838, 8.748857572418528], [51.18474040743484, 12.225518087960316], [19.81825751018787, 23.482329487656077], [65.97197217192422, 9.086799162520746], [13.005554212833628, 27.77256344562415], [64.13807548305925, 9.405354298018313], [62.405491072426514, 9.742634815651028], [8.434384282059156, 31.598466074495935], [7.712980537340464, 32.29094851295672], [47.94875038193523, 13.029793082242934], [29.217509191416475, 19.087848665114233], [59.09178788916428, 10.4244234030079], [3.1893559298199357, 38.16928352831107], [57.44355111543633, 10.77067871460027], [22.066985507065525, 22.30454066488047], [49.523458754422506, 12.626721784741694], [9.89559456835546, 30.300909481370198], [24.315387225555988, 21.219350531463647], [23.216695693602013, 21.73352110576188], [9.14669163344446, 30.928409700335983], [20.937436593654105, 22.894798374185413], [14.795311698258274, 26.500211098871027], [7.0629481829530185, 32.98185680518367], [28.02284093400924, 19.646113608333117], [71.34598365938706, 8.110251761158658], [15.767624250119756, 25.888793119827568], [4.220894122898606, 36.62243767303609], [75.21894226316655, 7.492221189281346], [60.742456811232316, 10.075633732089287], [26.702638098852987, 20.137169267635382], [122.43427850210823, 4.1235509361395515], [34.60537996148905, 17.06295094942672], [10.576709512100438, 29.658001226084796], [3.6679025426793253, 37.37815723760535], [77.23842961524545, 7.201030039170363], [33.352269246143344, 17.558500899450884], [11.347588350016444, 29.033607944071633], [18.78487646817719, 24.108094812315287], [17.77588598415119, 24.679365848082554], [83.49148550026142, 6.415838166930104], [94.71350846449897, 5.366006899542288], [35.945202253352136, 16.592208812959193], [25.4322422055319, 20.699787686061878], [109.60841233342909, 4.504430555168436], [12.185690001952274, 28.366021302322938], [79.33936195067665, 6.918521605283237], [119.83376579148086, 4.178051052123026], [85.78089610161172, 6.167434943031385], [112.15124202404532, 4.4054710019103265], [5.320733123166423, 35.044943192159394], [31.76856235556762, 18.101072198446026], [117.1971829835528, 4.244555988690401], [127.79234574888983, 4.04392540999805], [73.23571798411965, 7.798391159202895], [114.61830555892047, 4.3210942461739705], [43.40943801718642, 14.292127478619891], [81.35461058084249, 6.665736755417795], [2.7355427344363767, 38.99233961332821], [92.33819684842966, 5.555161777581635], [4.731892416948638, 35.80155518521036], [45.215328909722736, 13.858798606016148], [107.04351015944579, 4.617221386341203], [0.2963803143827701, 46.30519991931635], [6.481193098863638, 33.61918502919666], [104.47476586122605, 4.7439510246626435], [87.92649466781315, 5.951603313152088], [5.909749100962032, 34.312623470207704], [130.5253570619939, 4.019263332147845], [0.8291634749331167, 43.76851519482122], [101.93785307329958, 4.883400143912875], [0.6281336578101098, 44.58294351909694], [30.340552102082825, 18.6760987409437], [133.2278814413366, 4.004870648116872], [1.1517945698890149, 42.87313561237136], [90.15014247130767, 5.744145426344266], [97.14300520671269, 5.18875486758087], [46.6114269614533, 13.377708697989714], [0.4406035043322164, 45.45517473239156], [125.1058733038171, 4.078514635191076], [0.09697188248293404, 47.89292633622641], [16.662526811163964, 25.302062983210398], [2.3385197389329035, 39.77173765873739], [99.42646183190857, 5.036249490325436], [41.789783169200035, 14.74027364592953], [1.6279768710176858, 41.7043640299499], [0.03931403467221392, 49.018440155495924], [0.1784752464928216, 47.07261776069561], [2.00259743495515, 40.58104089727935], [0.0, 50.0], [136.0, 4.0], [0.0, 50.0], [136.0, 4.0]]",0.003087,46.52
BNH,CCPSO_filter,18,100,0.422474,0.295705,5958.207156,0.627181,0.324532,89.0000,100.0000,"[[0.0, 50.0], [32.190310329391856, 17.951053697901102], [25.537887451488775, 20.658024538380232], [23.118687461257842, 21.780655372247843], [19.618679400817854, 23.586737323880953], [43.40899808169955, 14.264351854617779], [29.46582753788136, 19.000260676287], [21.893205468732113, 22.38791351032785], [51.70740507304933, 12.093772098030378], [58.04778285871171, 10.653678208028543], [77.23572960933757, 7.201406178200601], [14.269897425771301, 26.85921236565494], [10.723791982904984, 29.53071983453175], [100.10354970061947, 4.993541222171876], [20.76769082525606, 22.996977243512802], [89.2724535885098, 5.8241229368784495], [83.12010666059618, 6.457983216151075], [85.13250859994588, 6.235834601222492], [71.74204184083655, 8.043186261162424], [73.48140925219603, 7.75932111014928], [28.126662995871996, 19.548354393649987], [87.18739215080942, 6.024165670143789], [7.012091490693235, 33.058490779788045], [48.55997338466571, 12.867477695114795], [95.7102254426045, 5.291360429049467], [97.89682251447346, 5.136938783273906], [24.34318681450786, 21.199491570180832], [61.392167694244336, 9.984682147391833], [13.347884974213493, 27.503130708023516], [81.11479585350267, 6.694924661823932], [8.41132448135022, 31.65359777975074], [38.02191669175407, 15.904764812429923], [15.242956958166861, 26.206420525509188], [33.414587179381286, 17.487218226955584], [7.661016871741392, 32.3479366855228], [79.16073424495329, 6.941768742196715], [50.233043073783634, 12.461852658352928], [4.168655867710825, 36.61462041474207], [5.772808766566787, 34.49402199686908], [6.348200516923148, 33.77116443704952], [75.29742975125595, 7.48052640551357], [36.42089558440409, 16.442617382052532], [91.39471537331366, 5.63486575822732], [114.19964977759443, 4.334629515982773], [26.788199156937814, 20.10020625293843], [70.01726443069799, 8.342155509264616], [64.81801387880489, 9.333893417590103], [3.2290137081424666, 38.10183475548166], [39.81751426402285, 15.385318848370737], [41.59353174295525, 14.79675151838704], [12.43725244695558, 28.173684277121133], [1.9455461857018572, 40.62427176067149], [68.26454160401752, 8.665192809244541], [17.470666229807456, 24.812171604201488], [34.87674333306407, 16.9718870815637], [5.208329562296752, 35.16520068179002], [2.3297742924368343, 39.7929879644508], [46.91458360126855, 13.303384452559136], [0.851275132233577, 43.68910014260327], [56.473644517033, 11.038642422473934], [127.6125282243357, 4.045915195840239], [93.53941455734291, 5.457484050428396], [53.33813912546482, 11.710864593731406], [59.44965682633567, 10.34439691698346], [16.347716272338193, 25.540110051359743], [1.6647920106494483, 41.3571193825596], [122.0553664627422, 4.130825741676722], [3.7450713629791013, 37.358568209185776], [111.62670002888001, 4.424868458710542], [1.3438349414557784, 42.13950997979316], [116.80244745285206, 4.255521070988538], [104.6485139223134, 4.7349291055562075], [45.21456568683558, 13.787853295948693], [2.8226915853244625, 38.936700732835845], [0.649549414934167, 44.474833623679885], [30.832582985896707, 18.450475750960955], [11.5511036753989, 28.857494433877044], [102.39817452412503, 4.857006116743739], [124.81276822898299, 4.082928839341555], [109.20971339062739, 4.521090888833932], [106.88403679936947, 4.624680143923053], [66.40005442005011, 8.982213947402844], [62.99247156193039, 9.629598926411884], [54.953628410297725, 11.341445186417953], [0.1917940994445146, 47.04114446282331], [4.733622265699971, 35.83697377497112], [18.568002829487053, 24.194025918223097], [133.1698444541315, 4.0050782315691835], [119.4061170726474, 4.188054511895381], [10.008818502206314, 30.167390501156966], [0.4768830872910264, 45.24021865857933], [130.38149122856998, 4.020304297522774], [9.324598356966924, 30.967822156479915], [0.3172202064055548, 46.09720309757979], [0.1107755763921212, 47.682764787976], [0.04030711661213537, 49.00624516214579], [1.1240308599897262, 42.90594128227374], [0.0, 50.0], [136.0, 4.0], [136.0, 4.0]]",0.003186,47.71
BNH,CCPSO_filter,19,100,0.422873,0.281904,4855.232867,0.624733,0.340614,86.0000,100.0000,"[[0.0, 50.0], [136.0, 4.0], [73.30433534803116, 7.787446282251373], [36.69529127154317, 16.340637923304122], [51.06928758128624, 12.235586413321482], [84.18772398860932, 6.338241887431794], [35.153825173032345, 16.87430155179962], [52.79671039113844, 11.822466932165982], [86.43126571233162, 6.100329290743961], [33.64820615904973, 17.416707537108387], [8.868561830988494, 31.15990504501683], [30.699146637660583, 18.497379910678006], [49.445428893066406, 12.676830890526219], [11.990560850251056, 28.512390921945663], [32.15593232064505, 17.947569241797325], [17.519874646809818, 24.792780921648834], [3.2053517056937753, 38.164225176432396], [71.22043891468067, 8.131704584214354], [10.407173812267118, 29.797083510468592], [13.707720615649798, 27.253675909408237], [19.476060364226345, 23.663610395092995], [46.02506795832587, 13.541111866444407], [29.367734813605722, 19.032431165982956], [2.4262255911966273, 39.59260096567846], [11.183351894599138, 29.14918954288632], [67.2325356442668, 8.851119401946365], [2.794821062277216, 38.87752305266653], [1.7546544619457385, 41.07222337243997], [12.845529412033507, 27.891490418389257], [113.96045972432026, 4.342504654780777], [75.4303498436686, 7.4607923045366995], [7.399756503723326, 32.61508464926622], [14.637046897459008, 26.607113909192478], [0.19065930248771734, 46.9660570436516], [0.6879296556840165, 44.31522621030618], [44.30159929313257, 14.020589886180263], [38.20745178017948, 15.87906844495518], [0.3215482715566924, 46.0708503312635], [0.9188456286897491, 43.45166382828384], [69.21658981296255, 8.48722976025925], [4.553319870530016, 36.05809438075336], [4.082445852248871, 36.738125010441294], [15.58118378195681, 25.983711270523468], [128.32405366759338, 4.038310103181344], [8.108786512688583, 31.905342768321056], [1.1824649110582488, 42.63298120023538], [63.267291168126434, 9.575932357387867], [123.38347244155294, 4.10630445133357], [18.48310221233358, 24.22620105740337], [42.723744297903735, 14.470743097885705], [5.58140151785407, 34.68997701097966], [54.5708718450738, 11.448320763378776], [0.023187519512984228, 48.92963697540582], [116.26803877116451, 4.270793677606176], [39.80755312891537, 15.40649077073272], [100.20278390441688, 4.987376123520586], [2.078551610793889, 40.32647604476813], [79.774722574516, 6.862446320180608], [65.23514897224976, 9.211581910610906], [47.715128303863125, 13.124633340402895], [93.27366369874954, 5.478733150267373], [26.51670151919498, 20.221422240874794], [22.681952469659155, 21.994123331401628], [9.635707187444368, 30.466707545108164], [81.97047658020972, 6.591853453032389], [95.58192325354426, 5.3008169161760454], [23.873882593179076, 21.451945221215546], [97.87954895569256, 5.13810970608954], [1.4557885390469627, 41.839955193681575], [0.4865893931795392, 45.189244404019945], [6.854944456811732, 33.343803274590826], [59.846344961130185, 10.313624090305723], [102.4930113500413, 4.851629326163215], [120.9754231120296, 4.1527983177934935], [77.5826543675278, 7.153356615051106], [90.92545822421062, 5.675508667876688], [133.40992482073392, 4.0042479995422875], [56.21413734531623, 11.054982655328818], [125.84171204209848, 4.067994004108976], [3.62749501695159, 37.44260771771088], [20.501920984422203, 23.108870956240004], [21.59304125770698, 22.550509704900968], [61.53577809283405, 9.91891481173554], [104.80610374006804, 4.726803591139878], [16.546311814847, 25.37432350733655], [118.59818983523384, 4.2077743212993335], [41.2485726768648, 14.898173582506123], [0.09176477777906902, 47.92979994969069], [6.1788986306262625, 34.00416022283969], [107.09246138475018, 4.6149425368881065], [5.063395192962936, 35.354540192516914], [111.65300093147103, 4.423883448712624], [27.944175297143662, 19.61641864952627], [25.15274832388552, 20.85166188047425], [57.982176758552, 10.652362567890492], [130.85519515993593, 4.016982887931431], [88.65704264995745, 5.881674395122255], [0.0, 50.0], [136.0, 4.0], [109.37281982384212, 4.514237006731903]]",0.003213,46.25
BNH,CCPSO_filter,20,100,0.411993,0.221878,5059.647456,0.652547,0.362090,88.0000,100.0000,"[[18.021999021534754, 24.517000126830357], [0.0, 50.0], [36.43361913198084, 16.427403796163272], [35.001172094430764, 16.983839308008182], [27.406796012196356, 19.835950963389067], [39.57171375025725, 15.417966144768442], [28.51094580245382, 19.372873181332558], [20.788779553064924, 22.959488912710583], [38.028898284296574, 15.932048255995193], [18.876115973503815, 24.010326493410133], [63.67630188337243, 9.502319944225945], [26.265380513119425, 20.33391409660302], [53.12524862955691, 11.76869022527615], [78.84019180127133, 6.983838346518873], [54.88786533712624, 11.338082591074972], [14.241780293395678, 26.888098744525617], [29.678876901868847, 18.9009119937623], [17.13424212032699, 25.05144964757886], [30.940716912443023, 18.40381947890232], [23.02939094419142, 21.8271614613282], [5.076499970121947, 35.33733156555667], [15.205944844240534, 26.255105141261136], [44.40916199905347, 13.982712325516378], [24.247999052542824, 21.369098878170867], [10.692771892634333, 29.61626053659948], [33.494147809969704, 17.456162748105722], [11.53864364970927, 28.89050320100221], [13.32553260857788, 27.536171284105475], [25.1282528314703, 20.841253426812088], [3.136654892436938, 38.269512497919955], [7.596692112230274, 32.43540123814023], [6.90292054534765, 33.15610421079326], [6.25266744134834, 33.887225153131546], [60.23494278255477, 10.219753042111169], [19.841445674122546, 23.479603671315743], [4.568832330959191, 36.05776999132151], [72.77446673791022, 7.872639318176258], [47.73848412799666, 13.082055069721019], [16.13697062623108, 25.64421287075307], [1.3599151428783272, 42.09625938867118], [21.890093222371455, 22.39082250165719], [104.64163170409498, 4.735285203183508], [4.0670048494755076, 36.78534010179956], [3.5814256871262877, 37.51362457172825], [61.91801997395754, 9.842399445178252], [32.29717060787661, 17.91910637520331], [99.73316702733722, 5.0167641563098515], [2.0167288079051024, 40.46248611013641], [58.459612817375685, 10.551226925850516], [76.77669113542433, 7.265858102595371], [74.75987987565989, 7.561253373277797], [0.2841996413186344, 46.306729763402394], [97.23358950567561, 5.18245026146857], [42.73785788148176, 14.461610214992252], [92.28535732483047, 5.559555407742158], [67.20441598890298, 8.870647507533805], [2.7706359442844946, 39.029191070199566], [65.44226682002582, 9.180691465222697], [5.670067982657683, 34.60542618416865], [9.829091070408534, 30.304071250513566], [12.426723196497116, 28.185754102914515], [115.06661689410927, 4.306948619995351], [1.6739782708253124, 41.284649177196286], [51.239383751105734, 12.204226474351763], [0.6316034395028011, 44.61759996037822], [1.0808292602101304, 42.91900697834377], [122.89270307707301, 4.11504797027996], [0.4437621835265889, 45.46302228707734], [94.75379471980148, 5.362936706918138], [46.09357234425563, 13.516348242118514], [85.5313975473388, 6.21963512713822], [90.00214805204884, 5.757460096384488], [81.11309809095472, 6.695132140378628], [83.3240438207873, 6.434774307568027], [120.28811478492635, 4.167749270200306], [109.83318478222024, 4.49517690056548], [2.371869729228427, 39.740832963443395], [41.13961479278403, 14.931247434661763], [128.0389523150631, 4.041271271116216], [0.1801247743722369, 47.10861043729398], [133.28125409983278, 4.00468362432913], [102.08988250084994, 4.874628585059252], [9.04058287137121, 31.000525878682048], [87.71036959782887, 5.972631129199648], [68.99314911171032, 8.528455666430308], [130.66152941775977, 4.018303968950088], [112.40981931881286, 4.396099651419113], [125.42034106120072, 4.073920658979219], [8.287187914563976, 31.71669854460849], [0.8402959380546293, 43.75089107002174], [107.28061735529327, 4.6062296944322], [117.64639134981184, 4.232401477343853], [0.09805826691232296, 48.16617080563887], [70.86634975728208, 8.19272007862314], [0.0, 50.0], [0.04212274880410871, 48.98433932098188], [136.0, 4.0], [49.55074686884663, 12.64300518728386], [56.69054704432732, 10.951328570539859], [136.0, 4.0]]",0.003143,46.78
BNH,CCPSO_filter,21,100,0.409116,0.209868,5478.547079,0.629811,0.337555,86.0000,100.0000,"[[0.0, 50.0], [17.031849171686027, 25.0816924694293], [48.224135881268886, 12.95322751018881], [40.23625714258296, 15.206434293603802], [67.52441519602515, 8.779299460761537], [60.43572927275861, 10.158727400301093], [38.76255796075135, 15.683598044014033], [46.60570218652258, 13.414621651252958], [13.329975290115257, 27.51630247588696], [24.343955155890804, 21.197803259133295], [37.240825411355466, 16.19528883430045], [76.78282894717287, 7.264989680193872], [65.71910866539608, 9.112528042402872], [71.20476914992236, 8.134388807023534], [18.98473414897017, 23.94882744277635], [16.087071089409502, 25.666791617184874], [41.828438099331606, 14.750941791587525], [35.58817987933415, 16.714267417008635], [56.63375819157508, 10.945558273812667], [32.515278974872274, 17.810008526637276], [73.00170029386412, 7.835913613529623], [4.5507968119003275, 36.08607331602731], [84.63801569151745, 6.289023681162927], [34.10044318636577, 17.298838107030175], [21.068374951424442, 22.81236142312941], [29.419860747551184, 19.003650415199896], [17.987516364929185, 24.50875504380059], [26.870466363545898, 20.126865109666824], [62.199551127967936, 9.795756117054864], [8.981887512413632, 31.092997571628366], [4.032987159225069, 36.81589773738945], [122.71314780702204, 4.118339623869162], [49.99649019858053, 12.547203879381264], [23.267247579312645, 21.74208089185001], [44.924596856490496, 13.839273091063532], [3.53679733937287, 37.59117261252341], [74.87438602112269, 7.543932906003979], [82.62454728874576, 6.5150518625861675], [15.177300100566118, 26.24684383425329], [2.6724133226096956, 39.18531838045345], [80.63202216878747, 6.754404625234535], [78.68806509154535, 7.003964183901389], [25.600278296948346, 20.667057558250573], [58.51938968513822, 10.539172439734505], [90.97531818330077, 5.671158282716579], [9.779063835006387, 30.365819118782376], [69.37284572362411, 8.458593671783738], [115.16232906102375, 4.303974993790587], [54.923812401388545, 11.32707606957155], [5.100741120020052, 35.3073366364105], [102.98452233181904, 4.8240942419382495], [53.20474499771166, 11.731604024479893], [86.66956378879235, 6.076112595334851], [117.63332754191397, 4.232750112269979], [7.5126576410972135, 32.52950522542258], [6.853542753600784, 33.21506218842151], [14.24395486595672, 26.90503465876553], [127.91572461776667, 4.042586743919845], [5.660042220724512, 34.62826400725967], [8.222644732550535, 31.781613217848978], [6.314396896582273, 33.91821812473225], [88.80722306352001, 5.867516498192376], [3.0763166999746177, 38.36996451833086], [20.033142850538205, 23.378137181955307], [105.46011219962828, 4.693661321772186], [2.2510225167666045, 39.957697076414824], [112.6900273709104, 4.386085611108773], [97.99761118206179, 5.130121883216011], [95.57538960622952, 5.301299673327024], [10.62243801998956, 29.60962366053075], [11.691110533919954, 28.917097741017344], [93.2485285006321, 5.480753449304794], [1.3572055559955225, 42.18117640120894], [1.9953435758323295, 40.72877229961047], [51.55085439067366, 12.126082492055222], [125.29405395617677, 4.0757479450058245], [107.90259670872294, 4.5779497382008705], [63.928096483289565, 9.447691750704688], [28.117456637397183, 19.55250532558219], [22.123229455952398, 22.271814719388907], [0.5902369780464907, 44.75717713136409], [120.15726926907874, 4.170681718126685], [30.953324773988204, 18.410314298078404], [133.19008216966105, 4.005005347494175], [100.46288326894604, 4.9713304030871], [43.325922622214925, 14.314191593151877], [12.426517949947003, 28.184246468994655], [130.4560096077021, 4.019761588918142], [0.851076978358705, 43.89703215347561], [0.031618338527662444, 49.118827274612386], [0.06213652058774709, 48.254189461687716], [0.14037705779966106, 47.41588265695849], [0.45838604697788693, 45.684915584305685], [1.0743184152688168, 42.94435436086246], [110.2733199399289, 4.477344866303138], [0.2534188279457335, 46.52869596298258], [136.0, 4.0], [1.83678246377816, 41.40075449636909], [0.0, 50.0], [136.0, 4.0]]",0.003202,47.41
BNH,CCPSO_filter,22,100,0.413478,0.220527,5639.300923,0.644867,0.336929,89.0000,100.0000,"[[35.53237213016316, 16.734325425667222], [0.0, 50.0], [8.416199583661829, 31.60474176699507], [47.87786029693383, 13.065229468138206], [7.775881370659685, 32.22955987638029], [41.65906137871204, 14.775411264706083], [12.980932393330942, 27.768869565647258], [82.22216065063864, 6.5620993796796885], [20.214354694259367, 23.30099533692366], [7.182940083889681, 32.86054383379672], [29.517999527335164, 18.98704091298476], [46.23584666271762, 13.481902262567738], [44.664896173123424, 13.923441483042854], [28.099184412853347, 19.58562526406555], [9.079229368104286, 30.96417567583815], [93.46730825447536, 5.463229525101681], [23.97838018978995, 21.424941237933854], [49.62341663855863, 12.602098274814084], [34.03526835555717, 17.29071710623399], [30.937884320340828, 18.414388244701485], [26.670219377613826, 20.181770919144604], [32.50512046978234, 17.82332205231399], [69.00515152154153, 8.514636374801274], [70.71177576816183, 8.21959378110908], [62.09946472279767, 9.802911494387455], [105.45597097322528, 4.693868261483231], [6.551582085812274, 33.53909010234226], [5.349608005345616, 35.001900260281275], [60.36113772161514, 10.1536265879839], [4.817546395979939, 35.74635253213887], [22.7102844414579, 22.03275782912643], [58.60651326310096, 10.523406516730901], [13.841145281663216, 27.17747449686895], [102.96963515022323, 4.824920121270571], [38.573487073694636, 15.73286277990869], [88.82178757784033, 5.86614737663767], [43.14210315227433, 14.361970163657976], [40.104990909200524, 15.24798757484633], [21.38055090861429, 22.651297048264354], [100.52840798532326, 4.967313939712348], [84.39501692743067, 6.315490681900673], [11.432592086184655, 29.03324669762536], [86.58682970669614, 6.084497952747875], [65.66073820278615, 9.151549290903134], [91.13778246428258, 5.65703577365012], [2.9326602989046755, 38.64166371228311], [3.828829206390161, 37.12105504824132], [15.793235402461132, 25.84746981851786], [54.758361493142154, 11.388930745534317], [98.11967664486143, 5.121900737022347], [67.30866428082885, 8.814934174892095], [107.97834813734212, 4.574559884019454], [3.3704222777553285, 37.889343123348496], [14.82085160753515, 26.502348028812968], [12.185808581373378, 28.39583004436973], [37.054262880309615, 16.23064835922721], [74.2418368676739, 7.640466951527342], [19.210154370901524, 23.886912978364933], [10.616545398716584, 29.62562465236008], [95.8012858927114, 5.284675903527974], [76.12127361348153, 7.35964047666603], [72.43594291122729, 7.927889445851089], [56.50663729243176, 11.006945216363317], [25.268668202942404, 20.77236479232873], [53.13943039763136, 11.830257582764585], [0.6351601299798102, 44.52341355898943], [63.90311725028934, 9.490965427158685], [4.322776713467814, 36.3808323170888], [17.01939052658914, 25.10460816726313], [5.9300167874731375, 34.26356975374547], [0.8479198299000562, 43.7531731492231], [118.57168802560601, 4.208439499827817], [0.4800127255826208, 45.29845598721522], [120.82900635583239, 4.155919806958462], [128.2581031825174, 4.038984887036399], [17.995503666661868, 24.504486682048658], [0.1181329318795917, 47.67715895619372], [1.0846502484285532, 42.924981869017486], [2.5278340542799764, 39.39430590199845], [1.4020917056998845, 42.15828126129679], [113.2062354761009, 4.368019438397484], [78.07338033371923, 7.086346866499344], [130.80148071725586, 4.01734420586613], [110.57161555940559, 4.465474728481221], [123.21728704058835, 4.109223773155897], [51.25810592609599, 12.196216760811826], [133.3857379533546, 4.004328241909881], [80.09809649428854, 6.8213252963926445], [0.3282324059399443, 46.07541297689153], [0.015261870769021418, 49.13145374949739], [2.073961475766181, 40.422701366339325], [1.6978039599943542, 41.25479832778072], [125.73947034021002, 4.06940803375869], [0.05622837848887899, 48.37902082031716], [9.862679128556852, 30.25912186729733], [115.78262143700553, 4.28509629507107], [136.0, 4.0], [0.31210182073210335, 46.890892772651824], [0.0, 50.0], [136.0, 4.0]]",0.003232,47.51
BNH,CCPSO_filter,23,100,0.419287,0.268246,6352.757383,0.625837,0.344840,82.0000,100.0000,"[[0.0, 50.0], [39.30694506040542, 15.511879456320408], [45.349562569002615, 13.782052533570546], [36.51830137607941, 16.399179100065147], [25.312677625289815, 20.771911289303343], [28.89315495344404, 19.21659301045083], [12.8383973614324, 27.87638902318486], [53.99818364802227, 11.544209349826165], [26.501837117376674, 20.22411559610309], [73.071319382493, 7.824719220026446], [55.82135800511227, 11.136184452622079], [127.76676657630259, 4.044205651514778], [130.47568436358836, 4.019619562071504], [33.91312607637953, 17.32989954904122], [87.02930163186866, 6.039927115304295], [21.598379591530882, 22.568179708851776], [40.6771083873149, 15.074408247711261], [76.79239762552531, 7.263636194388351], [50.33620158831912, 12.42313487519012], [22.781207680135772, 21.947466742692974], [1.8555452953039149, 40.834857627965754], [37.9287320404452, 15.934281004610845], [15.56521827861988, 26.004365210759772], [52.13381619220872, 11.982809826041949], [1.5442259542836563, 41.5990618318765], [16.49524622426467, 25.407056940420965], [46.907228741952565, 13.305458607774195], [35.149427999379114, 16.867746060068605], [13.763804346902955, 27.207571332612964], [18.419471213100493, 24.275355045619442], [17.448177892423473, 24.83877804654241], [74.9062244670648, 7.539128975743169], [63.53602886667596, 9.527013771722158], [48.444786171868174, 12.897126532248633], [27.69969527308544, 19.709580839305936], [6.365359452633315, 33.75532582311524], [31.382418463303367, 18.244223467699307], [0.812398351500907, 43.90769766443083], [61.487874762599404, 9.928066774415974], [95.86311771002276, 5.280149760269188], [107.48984671878178, 4.596627353575464], [122.48772762651114, 4.122542763728515], [43.68878358889061, 14.186414015500407], [100.36858040998452, 4.977129082935413], [102.68679943923603, 4.840706901262179], [125.0983897213736, 4.078625748065897], [20.41485394126713, 23.154878702676882], [2.198826973611566, 40.07308966930185], [30.145296193148283, 18.725309157119895], [93.66833762324622, 5.447248475416024], [9.858311704559458, 30.347099105016806], [10.510278725186005, 29.705783641470827], [24.047698113199218, 21.339547544502825], [91.44502227520248, 5.630548392061928], [11.27808470722125, 29.11760668705189], [109.95109042480462, 4.490362676995937], [65.42134255291697, 9.162168907991521], [8.494782039787236, 31.68141649050095], [117.38639168889736, 4.239394592573831], [9.055175997402994, 30.98576731999121], [42.1144599206701, 14.656771326205508], [114.88635642968877, 4.31259327614698], [57.64719577064727, 10.743301337514064], [98.09795750012219, 5.123360742679738], [5.707397417824346, 34.54815627869394], [32.63372249555062, 17.764803233579926], [119.92312237792667, 4.1759985357471585], [112.39865033563933, 4.396501847059422], [7.084567857310413, 32.97897442231316], [82.75118454670113, 6.500377198306622], [84.86068248321953, 6.264962294094033], [3.976441490961368, 36.895306802938435], [4.606352729989739, 36.15791618897872], [3.5093417055356593, 37.697383055384954], [1.0386593219885731, 43.05363562694897], [80.67107079494525, 6.749557545084587], [59.55092388348166, 10.324132677332955], [69.25963944566985, 8.469429472320806], [19.492428120443122, 23.741518292831515], [89.22535869009873, 5.828483824730281], [67.42219201584606, 8.827797462825476], [0.5657106668521386, 44.847059809462245], [5.0828332719604985, 35.35409842914201], [105.07180530049514, 4.713226774088935], [0.2184846896130397, 46.76514883743657], [3.056358262416744, 38.4730154395203], [2.611148930713766, 39.27972469590599], [7.745384363574271, 32.30728232303534], [14.64989963638701, 26.616467668673693], [0.4114714819926012, 45.696953097091935], [12.02377037233806, 28.487590114458662], [78.7210445746548, 6.999592326052731], [71.13426088568971, 8.14648503220266], [1.3024186246622267, 42.26430517339596], [133.23363304306915, 4.004850315353969], [0.042674087238309705, 48.80221084013801], [136.0, 4.0], [0.10393131417510315, 47.75258869193209], [0.0, 50.0], [136.0, 4.0]]",0.003173,47.19
BNH,CCPSO_filter,24,100,0.422915,0.283835,5722.579535,0.589650,0.321148,87.0000,100.0000,"[[27.082746962270377, 20.019110699759175], [0.0, 50.0], [136.0, 4.0], [39.92486929645015, 15.333636445952013], [8.884637433793817, 31.146782832200593], [32.15420325139483, 17.94443906577061], [44.88954494395247, 13.860039458394569], [28.25204599670216, 19.51909047132844], [59.75405669133661, 10.278976146377214], [58.10481969072213, 10.62591751478632], [46.66414497062692, 13.40279211812366], [41.617143984764255, 14.828597180079337], [5.262155157257571, 35.09497378101038], [36.48862865580092, 16.41466916802414], [65.08013959638126, 9.253337673902305], [53.29116612893395, 11.716919974491187], [63.27345443717138, 9.582036903432495], [1.0822319160422342, 42.93654318414305], [0.846751041322588, 43.70664049035673], [38.22531331428617, 15.85221961215982], [30.81553852170197, 18.452675259273917], [19.096068159169903, 23.878254497331767], [10.628618972988976, 29.607303284697352], [1.624903277856216, 41.39396107035371], [12.40344966217652, 28.197621381845863], [16.187118005556854, 25.602920983594718], [54.852684939503305, 11.343483701688335], [33.53448038065192, 17.450602301425988], [5.918295675792243, 34.31045100368452], [0.4656148074735529, 45.2927033576825], [0.02164520748189487, 48.980912005982944], [109.62876240330948, 4.503588653173406], [68.87007557591375, 8.551303772378521], [72.93214032923886, 7.847125383388875], [1.94632849002114, 40.6269358431086], [8.065549778362026, 31.936855134883984], [0.6459515584148218, 44.47978525762813], [23.33863784332821, 21.674969275096945], [20.087548276016193, 23.335377038433545], [66.89308825912647, 8.903131986628667], [81.61336336907506, 6.635721736801965], [2.3141521080614127, 39.87184983494507], [29.50301033923652, 18.972298889636726], [51.714682849745884, 12.082666810386161], [11.510481126455112, 28.90034173771442], [6.591120862304699, 33.507177678736994], [79.37113754865081, 6.91440090548735], [14.276278143576187, 26.873527088704336], [43.24599286414049, 14.31123766805781], [99.06344568276896, 5.059613271701583], [77.15574917562843, 7.2125639111396795], [116.19481845745973, 4.272924761452339], [120.82051377210041, 4.156101913656316], [4.669315171189975, 35.896791822391876], [17.214423948038366, 25.023714299433173], [3.1174721823458693, 38.30934863686867], [107.53221737249139, 4.594693836805217], [75.005400490737, 7.5241982790014035], [15.214519173396111, 26.23201720337491], [9.730948547810947, 30.375902571341328], [0.0825681181737783, 47.989918365412315], [125.68536725851219, 4.070162510804951], [7.304521561659552, 32.71703651142922], [24.56083442932323, 21.103803106785875], [61.60415909764272, 9.959203303853103], [25.780160627981083, 20.542815656017197], [21.17313996504768, 22.767955732289167], [92.68447741050988, 5.526572134434674], [113.96591061263314, 4.342324033685255], [105.40735020811994, 4.696300642718655], [1.3399824166090535, 42.15036393954705], [86.04122067622022, 6.140395402340841], [130.7537764917221, 4.0176683710170105], [2.699002739235013, 39.065950768002], [123.23332000757178, 4.108940282226431], [48.28974901182504, 12.93575418300772], [133.35332524950184, 4.004436967437051], [83.81291332589278, 6.3797871786559135], [94.7800992068652, 5.360934488111232], [22.328895001230205, 22.22734081333475], [88.2101601974775, 5.924240823735496], [96.91003320223993, 5.205068217243841], [18.20435741030552, 24.448371231831473], [103.25940600597868, 4.808935463080567], [118.50267038934885, 4.210177291344465], [128.20675845855914, 4.039514476827309], [111.78420191890855, 4.418989380076569], [56.43805347184197, 10.988116629023615], [35.03349207589672, 16.92075372729569], [0.18084016738127365, 47.08355643431547], [90.46790491736664, 5.715788945811527], [0.3180858109584367, 46.17983811000991], [13.27571284450299, 27.57540275123802], [70.8835040912208, 8.189746645815232], [101.12934263602351, 4.930959401180572], [49.98351963490518, 12.56847443091308], [3.5891296188294133, 37.506275522371], [4.155748214285758, 36.71039691301293], [0.0, 50.0], [136.0, 4.0]]",0.003178,45.83
BNH,CCPSO_filter,25,100,0.406763,0.238427,5699.348085,0.587589,0.317438,88.0000,100.0000,"[[0.0, 50.0], [136.0, 4.0], [6.335605244386078, 33.7860222746669], [63.228693478204704, 9.590512381011273], [74.08286917815026, 7.665057692873618], [64.98551817432484, 9.2494423616327], [68.53030859217924, 8.596149854024214], [7.7366891346467, 32.26619970543195], [66.79317523530779, 8.926679636875626], [81.8154334151692, 6.610308962819284], [23.425022435851535, 21.6421442214226], [26.949118560025767, 20.04463284674133], [25.776157275790304, 20.585707008687546], [45.849181543258226, 13.607477718368582], [39.77543406063833, 15.348244411346831], [34.35085654738939, 17.198901090238596], [38.35393762769161, 15.798881560229926], [59.62850178523935, 10.306792119978356], [18.274863935010348, 24.34082863644185], [61.44640475939366, 9.940250934430061], [133.35037200570594, 4.004446941777618], [24.564384735729355, 21.111603816151316], [29.238874942821475, 19.07633828848193], [22.403257032383337, 22.163124656318438], [19.32757195457578, 23.745278600753128], [47.49083205855935, 13.155822219625001], [31.69182790718037, 18.116110125469312], [2.1193354113604252, 40.24068004328997], [41.19797134914174, 14.913560933760879], [30.42725072666049, 18.602286224430816], [32.986457779874534, 17.635755646886967], [83.7745926215803, 6.384064599751532], [5.087050341337723, 35.33106991370448], [49.21204128181755, 12.698837487221276], [105.35296100042359, 4.699027661362223], [89.82107094002342, 5.773845004956446], [3.4305741105567242, 37.763457824618925], [75.98519129571162, 7.379375418469296], [87.78684685720904, 5.965172399950713], [2.9539125670846875, 38.599544620620506], [85.75302841101666, 6.170343778098616], [100.6431574568732, 4.960305083281709], [11.890592415481965, 28.593997172231465], [20.34880579000751, 23.19347719385916], [5.690097649295472, 34.556826128270984], [9.300202040862489, 30.763000357734796], [3.942264288251412, 36.94591087679795], [12.948066114084668, 27.838750874821102], [56.09886188816559, 11.063539224057163], [10.201133160239053, 30.05364467378036], [1.1671438110822143, 42.659248210026746], [112.77145079999431, 4.383203148709461], [2.512934211397595, 39.41913428607792], [10.970493084398488, 29.32320618489893], [13.934242998420299, 27.0882762774483], [7.029485557715895, 33.00990275832629], [98.34847127618156, 5.106593735586987], [70.37324330905022, 8.278961393474065], [102.98477897875672, 4.824080008657783], [21.351701238589634, 22.677597558339286], [91.87452497020368, 5.593999147303588], [35.57031334798844, 16.72013105389454], [50.92214118081299, 12.271918452480762], [0.7073928791411412, 44.2936779309274], [128.13808641188598, 4.040228605812453], [42.674790872020296, 14.488439831441514], [79.84730285605079, 6.8531777289126445], [37.06307554554646, 16.219380974214026], [1.7713902758921218, 41.043306047616554], [130.73086454216428, 4.0178251611013245], [4.513925516096281, 36.12693097902741], [28.092399105042887, 19.55485187366444], [57.87127230629761, 10.677848172907012], [77.88928773268131, 7.111354807371496], [0.9419399148490136, 43.47509516186402], [8.497195893181296, 31.513158349244968], [107.78982130278632, 4.583018204808758], [93.97693216077721, 5.422940653155085], [44.17450986903624, 14.046552959869086], [1.4531377301412698, 41.84014422918579], [115.30707087573924, 4.299508967766656], [15.010943353692403, 26.36837921099252], [16.119647287812676, 25.66963297272697], [117.84958863419344, 4.227015919358655], [0.18840621041977895, 46.98795320501324], [0.31475022591377194, 46.120294238936125], [96.12004967736202, 5.261452452093199], [52.717965243546914, 11.921162463031926], [72.18324799322014, 7.969555585139126], [120.38106079902215, 4.165683011632448], [125.55502091824498, 4.071997912981271], [54.280792170749436, 11.485460156326088], [0.49450720920939084, 45.15460829006244], [122.92642942489618, 4.114435245269004], [17.209765979652243, 24.971889499465966], [0.0427611667834755, 48.97675162350181], [110.26862531851803, 4.477533066447561], [0.0, 50.0], [0.13406279859720857, 47.96987991545366], [136.0, 4.0]]",0.003080,47.19
BNH,CCPSO_filter,26,100,0.424418,0.314208,6274.429182,0.596591,0.327329,89.0000,100.0000,"[[136.0, 4.0], [0.0, 50.0], [22.7334369025938, 21.976164222817822], [42.21526814901771, 14.611060270071857], [45.42964641433434, 13.725366737520034], [11.948089031696533, 28.59943978966528], [24.00945326861472, 21.375503874481613], [6.85312432400549, 33.207881644043596], [57.27926394895958, 10.804175981725148], [29.153803624051598, 19.108985103527253], [4.031330366656915, 36.818395411447014], [43.771549069707206, 14.161604413033114], [3.5418090039190435, 37.58815507417221], [39.33864496819528, 15.575195702539197], [40.69192695630406, 15.085942630915461], [53.954007118305555, 11.555120514460258], [25.275837680442272, 20.769133999976688], [60.95231184284461, 10.03509753446368], [8.900607070613184, 31.160532568344525], [11.099322409590883, 29.227146154847745], [34.86195239217434, 16.980749735390035], [59.10951878126767, 10.422248827263223], [48.7356053611088, 12.840597555744557], [27.905308339953848, 19.64714395000246], [14.332135200035129, 26.813622090118592], [33.306118423314615, 17.522316290224154], [64.87049421989848, 9.275711307183009], [80.6585747863778, 6.751107971391034], [17.130187167612227, 25.02258548889312], [50.40353603512764, 12.40581972002796], [19.232493423399788, 23.81770334460077], [98.28505136903335, 5.110823358823364], [7.5118572479890675, 32.51910478814839], [84.72620531667042, 6.279472122954683], [10.321609703103928, 29.8703605928047], [47.06430895643109, 13.256651433505692], [76.67788500098699, 7.2798628326967645], [1.9030154551737462, 40.721334376458465], [129.0587489203714, 4.0312058814561444], [105.58088547591082, 4.687642478591721], [6.2496966959976845, 33.89792772581649], [66.85214632212823, 8.904424976846308], [70.76367308536493, 8.210554855431258], [5.657446180011052, 34.60115245282408], [1.578243330331038, 41.514005033206146], [110.40221656135951, 4.472194398355859], [89.0227167233225, 5.8473296153386105], [91.28196814373469, 5.6445696722132634], [2.6740354818523544, 39.10947870959562], [62.88206712854335, 9.652197821815083], [5.0841823422404335, 35.33198629282671], [115.15169811382091, 4.304304477412588], [15.267262335098074, 26.208680610876726], [16.232708123131214, 25.645658421186354], [133.68413962546825, 4.003391390749017], [3.1021963685017315, 38.34671088130689], [86.8585779243013, 6.057044335979574], [20.435201366429553, 23.209079214608607], [107.96207914911453, 4.57528692539441], [117.45689311610506, 4.237486992179345], [31.926338686502106, 18.041034698100443], [95.92082635154104, 5.275934746284545], [4.546970552662003, 36.058695283879075], [55.54508905881387, 11.19309304143166], [131.36005093323183, 4.013777230959471], [122.13048756749865, 4.1293656571289565], [78.62864007887725, 7.01185404823344], [1.0072207352340876, 43.1974460190667], [68.85840999818893, 8.553474643952939], [36.25105690525551, 16.501116971498465], [18.12880139378764, 24.425910414029055], [82.67183956591433, 6.509564303455743], [119.81734669894551, 4.178429611373474], [74.69317847902852, 7.57137406851604], [112.75736419914402, 4.383700945130526], [2.2678974431432994, 39.91856944688293], [72.69319058889866, 7.885845381930601], [0.7429870067225943, 44.096237223843616], [1.276014093423544, 42.34427111537041], [13.519492981365405, 27.380455401450966], [12.707308517969745, 27.979120081449068], [8.183317862622848, 31.81826137073661], [21.5071821656531, 22.594440855137027], [30.567202608116418, 18.555770600827977], [126.74957723286333, 4.056108047800995], [100.68862698172373, 4.957536586301079], [0.528704497777082, 44.99810020451874], [93.59173877421956, 5.45332414929592], [9.602693982210925, 30.49588225459511], [37.674500797503654, 16.02333206046937], [103.11698277928728, 4.816768114941693], [124.43549793919443, 4.0887995329244795], [0.34864585868662373, 45.92835362531609], [26.574622271584914, 20.192079068748637], [0.0940339493917731, 47.85532191365269], [0.0321579347903431, 48.91084007873395], [52.14284838630314, 11.981443362118014], [0.2122444933063325, 46.97187280241467], [0.0, 50.0], [136.0, 4.0]]",0.003142,46.41
BNH,CCPSO_filter,27,100,0.411680,0.230373,5789.387617,0.627422,0.336138,89.0000,100.0000,"[[0.0, 50.0], [51.32696073158487, 12.203063746171061], [52.96463915602105, 11.788786246985538], [34.45966996580134, 17.1302135196682], [28.742440685723903, 19.303985662746967], [54.74432532603721, 11.397014574278227], [43.168559239180276, 14.348794426613562], [41.6618002193032, 14.851954307712752], [14.288484863336667, 26.848937536381463], [5.681031756496077, 34.572864531140695], [81.96841124144728, 6.592098665285642], [46.38991386837135, 13.475586017758484], [6.338789296659292, 33.79101368194232], [44.71189083398163, 13.896196025647566], [33.00061382200715, 17.638544997872152], [60.003468163561834, 10.227136655886527], [9.213640103065, 30.840129753459763], [24.88945679176169, 20.993033460721293], [16.266821945962086, 25.55235486368852], [15.207869131969474, 26.227685139659073], [12.615951453269599, 28.07958451720055], [26.09743966143277, 20.403777640103833], [18.25841584308258, 24.36929461912855], [61.71063782060045, 9.887057890841552], [13.416825752393443, 27.453757216147793], [11.78189443391135, 28.691368696216472], [66.95180724983814, 8.886082525630567], [31.59542118545621, 18.16726546864325], [47.95528417409719, 13.021920456750895], [2.6260765996214417, 39.214115659311105], [20.34506044446165, 23.212231402583487], [56.47041129077338, 11.02703100091906], [78.03480544788525, 7.091574157403489], [2.250588748224689, 39.970882685867494], [35.78052835256311, 16.658730732984253], [7.012785674692598, 33.03176406384725], [63.41857708545345, 9.544902829987294], [1.9018684713537328, 40.736343685404705], [5.086582326856087, 35.35787789930126], [90.64445200539124, 5.700170100296422], [37.172929472741274, 16.22463727364245], [58.153614711193896, 10.623301473127608], [79.98104656659561, 6.836157851514733], [19.257993646575592, 23.80610434440643], [70.53516003072986, 8.250478404525028], [88.43193501017822, 5.90303415646784], [3.4959357791710044, 37.654212298854986], [7.80084969374443, 32.2830727401633], [23.746789437101885, 21.553193370082898], [65.05771566039809, 9.233848379228437], [21.391388707332894, 22.691234695146512], [109.74356438710247, 4.498854523700832], [10.12702786900489, 30.064024556392695], [74.20355106101538, 7.646377147459159], [10.962460205815518, 29.3797912138891], [3.9805537514421063, 36.88966634935697], [84.0882570541027, 6.3492157166790015], [92.93288563968075, 5.5062795647080485], [1.584718117401362, 41.49872889501728], [86.24006278083289, 6.119903258580399], [49.597511990383765, 12.607073282086706], [99.87550715008081, 5.007799740573379], [4.520131616349585, 36.12877220697135], [97.45225685648424, 5.1673192739862195], [125.47979929060895, 4.073068506171932], [72.32820345290213, 7.945609694392189], [27.37115564187576, 19.88573012723247], [8.685059344031336, 31.54659463586983], [76.09565468953436, 7.363348812634815], [3.0322618338313543, 38.45452371760187], [133.35241254842762, 4.004440048798831], [95.06219769869904, 5.3395823910726525], [38.63970716038553, 15.750744410565584], [104.76088870227872, 4.729129358846096], [0.756112356936122, 44.07524606904679], [40.46485876548519, 15.238856449747548], [30.102670191868356, 18.743857351022093], [22.47630870309475, 22.09583584095756], [17.247189719156385, 24.99034612791133], [130.70739678181022, 4.017986492495188], [68.75273143091272, 8.573181795823288], [0.4050405470995828, 45.606018623631044], [0.08523202167752689, 48.103996562241036], [128.10328350401372, 4.040593069934373], [122.83397799339251, 4.1161190509123875], [102.27070740648394, 4.86426562894705], [0.1577676702397347, 47.240876654223015], [114.98602743235875, 4.3094650370034335], [112.2597699970295, 4.401522455406739], [0.022835844698983344, 48.95857403473737], [117.54743396704129, 4.2350495670225206], [120.21544710313961, 4.169374445332029], [0.562070017415663, 44.839282227776025], [107.22876120924614, 4.608623617752762], [1.004824610680516, 43.183189095330725], [1.3169538553047908, 42.22002578521129], [136.0, 4.0], [0.26820023814386457, 46.41118950914187], [0.0, 50.0], [136.0, 4.0]]",0.003203,47.28
BNH,CCPSO_filter,28,100,0.422008,0.302146,5975.491211,0.621274,0.318834,93.0000,100.0000,"[[0.0, 50.0], [23.21748392917447, 21.735886677861693], [74.29094601330625, 7.632897293455799], [83.60551745442089, 6.403003512552144], [33.97241299481299, 17.30740739023689], [62.42519652058077, 9.741136300232721], [28.487349988402922, 19.40333719845653], [70.91827968514875, 8.18372432281567], [98.25321196938857, 5.1129506588797735], [59.0808525594412, 10.419108052757448], [55.82006413455079, 11.167759919250592], [48.35019939075309, 12.925231917995145], [21.951534894433117, 22.358516501804637], [31.182859295861036, 18.312754000371392], [18.501738648256875, 24.21578099624373], [65.90968050823625, 9.076931445668052], [20.682014546572184, 23.013096029838163], [43.175084702940154, 14.343171485191807], [93.9254151286259, 5.426979812589619], [79.70911257952784, 6.87084436130216], [3.2228150756983087, 38.124035667429425], [89.73658267153722, 5.781525477938396], [10.331321074504336, 29.96039889253329], [11.03986266218038, 29.307826911236475], [25.684944321525705, 20.584852730300884], [41.49580152753977, 14.851873009837096], [52.08606925745027, 11.989769710362491], [109.83466451833222, 4.495116311646624], [87.68688330656096, 5.974925661229123], [5.254631153368673, 35.10745067983927], [60.77957344289347, 10.085653221091963], [46.54399259473462, 13.396107386731693], [102.7286225837556, 4.838360956979232], [72.58962618002383, 7.902726773175081], [100.48540678630809, 4.96994861203087], [36.75150107896142, 16.322045535669332], [19.631805490189457, 23.637593913185263], [91.8237884891835, 5.598287770703899], [67.5657060350936, 8.777332543535017], [81.6072544508753, 6.635241958612712], [11.781609414746445, 28.674495458306772], [9.525158539786407, 30.622123389017915], [3.6717468210794744, 37.37361314086401], [7.966450129182552, 32.03365970949998], [24.41224570191055, 21.186077169941058], [69.2474123472029, 8.481568511721129], [32.55609856055759, 17.818224018466086], [57.27563035697171, 10.804667952083378], [7.218711229482722, 32.80968465032886], [105.05983597991474, 4.713835069170511], [29.83793011937689, 18.842878496659484], [8.723937363933981, 31.299823001650626], [85.63734999071426, 6.182447913614286], [5.891987061813609, 34.353853558588], [16.414693015659903, 25.456883560363607], [44.83930126130929, 13.866542383648746], [1.1499515125808868, 42.715931949251676], [0.8894314006124793, 43.573017692348074], [76.0813658344795, 7.365418526128197], [39.715522529123874, 15.371244589798835], [122.43902713460207, 4.123461186291378], [12.671297684197246, 28.04955457310355], [14.536386867401678, 26.746804462724064], [15.439823655966554, 26.08911557541135], [17.440070205190413, 24.841096412709327], [77.84961194874285, 7.116764970312845], [125.08085736706037, 4.078886386551655], [114.77354398324768, 4.316155352370547], [2.089792525291289, 40.33029388210204], [64.17398819790455, 9.404863918375089], [1.7518734476132753, 41.085473505765385], [13.529286006872894, 27.373437613322984], [127.73406764669166, 4.044565250905778], [117.29195364006189, 4.241963122190138], [38.146550647606006, 15.868137247738515], [4.723146565967417, 35.83826097010298], [112.29576375688275, 4.40021778762679], [27.06686258611272, 20.018472378894536], [130.3891529029895, 4.02024814944448], [1.4353952869720592, 41.88810676823465], [35.38292831579815, 16.843037572222052], [96.07627021836933, 5.264625803236486], [4.240139981915165, 36.52523497026033], [50.233457027038654, 12.464193436556478], [133.21077796830997, 4.004931366274825], [2.4214758217689765, 39.6033088416243], [119.85387456164199, 4.177588021588173], [2.785628378302527, 38.90316247385812], [54.085085638272396, 11.5297033294827], [6.4465573537014595, 33.67781119825727], [107.44703347770545, 4.598584838057043], [0.21699045297387629, 46.76490636570343], [0.031092932957753238, 48.892057956269156], [0.7204019495911318, 44.32994621728787], [0.09960313271402413, 47.87776199842036], [0.3387898231129667, 46.099756006504975], [0.574166071958162, 44.922209534587246], [0.0, 50.0], [136.0, 4.0], [136.0, 4.0]]",0.003131,47.46
BNH,CCPSO_filter,29,100,0.438243,0.384776,6110.038153,0.601755,0.330449,89.0000,100.0000,"[[0.0, 50.0], [136.0, 4.0], [26.49862580989054, 20.23866300006074], [23.062752403533793, 21.81471944417261], [6.960225187546046, 33.09053786581242], [50.981979768393956, 12.257162270563313], [52.53490154817836, 11.90288125552609], [39.715866250440946, 15.36672583893911], [24.19514866696445, 21.27609029216468], [18.67489670573893, 24.124187145912366], [8.277773501748024, 31.7254016893881], [37.97401935281546, 15.921812230574528], [53.927669660064495, 11.5558694601614], [12.021868279644215, 28.489146109325297], [6.326023741585971, 33.79691043280562], [25.371504374222493, 20.735373849664356], [91.58848728578931, 5.618278194736845], [62.048318834483375, 9.821662440909794], [8.96784087286263, 31.067283286579606], [1.8914308128509014, 40.75296171322957], [10.464855506421763, 29.754427840589592], [11.226582168673541, 29.119657363346356], [3.4910643207241985, 37.66298160463599], [13.682092315760777, 27.26828086809921], [41.5138022868927, 14.82434416246854], [5.730261582372355, 34.574637948020786], [63.94560120498626, 9.449886179852758], [57.0144247216883, 10.86510662141243], [73.89210877815086, 7.694743950442188], [69.76403273431289, 8.387594987228603], [67.75210276379917, 8.736163269833416], [28.96824209989053, 19.233561438999974], [33.04843043587518, 17.621313886994752], [43.04637552892234, 14.370578041321455], [20.957869348917797, 22.869179464268875], [116.86429993649698, 4.25378524691864], [96.05472593124512, 5.26618932807786], [1.5606139923049982, 41.558119881537046], [36.318703067068256, 16.50505503545993], [34.657337641621595, 17.062124746911618], [93.79860849346161, 5.436954082624592], [109.8446552659909, 4.494707345783591], [49.39842728065717, 12.65132367176192], [98.35163592454734, 5.106382945360515], [1.243197536120011, 42.43773378505717], [131.1329066324034, 4.01517701686458], [17.589054373056094, 24.767859067566675], [12.87187902721824, 27.854857906764167], [16.54331174657463, 25.425366246822655], [46.15357386508905, 13.520610899058243], [47.68078143571351, 13.098815951402496], [14.55527296865128, 26.66174103614708], [133.56299384862876, 4.003757804538467], [87.15448917061448, 6.027439017133191], [19.827402117201487, 23.484915257772716], [30.162085361882344, 18.710250426046095], [100.63131708085703, 4.961026822489317], [105.20085353075244, 4.706688186225008], [9.708996620093941, 30.43002241641533], [60.34272853353686, 10.163205924073434], [84.8808319008371, 6.262793918661449], [4.5060390421449705, 36.119233276606636], [5.088010985592936, 35.33544681723538], [2.241463524055545, 39.9793652151395], [0.9693597300533316, 43.30488220442463], [71.80568471194466, 8.032495431920072], [128.7224443768515, 4.0343639982938875], [44.44826556357085, 13.97103518577614], [15.529915771815258, 26.01711674031568], [119.20686365306176, 4.192817753733631], [4.007237033841186, 36.89841550339118], [27.642565731261747, 19.73561690065232], [82.57337161291898, 6.520999925014217], [80.3481031774675, 6.789840035857383], [31.621987972179085, 18.19046951463895], [7.618367725643952, 32.39655907794709], [123.93808382072274, 4.096866977634863], [76.01423060804272, 7.375156408807317], [65.8072969871834, 9.091441370396016], [102.92312030978856, 4.827503830369889], [0.024709609999951865, 48.91503432384344], [0.09483830445056154, 47.87959414755765], [107.50253994272889, 4.596047729321474], [55.478366512899, 11.227980211906296], [112.18502115195486, 4.404239651690802], [22.03189822618471, 22.331475690087267], [121.54210376536051, 4.141038765742508], [0.7337252370729728, 44.14437260881476], [78.18667751714648, 7.07103331271108], [2.646414788278875, 39.19747777126871], [0.20795847475128182, 46.831717417044615], [0.5309196064590763, 44.98080477075163], [3.0366033624170776, 38.44709841256116], [58.651720532555906, 10.509580007110923], [0.3472686830243744, 45.92189879614598], [89.32629268723824, 5.819146284776209], [126.31666317838088, 4.0616260912443956], [114.52705537234893, 4.324017519123482], [0.0, 50.0], [136.0, 4.0]]",0.003165,46.13
BNH,CCPSO_filter,30,100,0.413372,0.230546,5959.155420,0.568149,0.310697,85.0000,100.0000,"[[0.0, 50.0], [38.03454901297205, 15.902736835234695], [72.51420471806719, 7.915058863141323], [26.008341131006112, 20.45346613131266], [43.790246057939136, 14.177029846315493], [42.26124782597461, 14.602869107872388], [24.84918061382835, 20.964019146913575], [70.75954610332975, 8.211273047867708], [86.16510986815851, 6.127611366168869], [67.2941491078871, 8.848143765552098], [69.03206559627567, 8.521251795048308], [54.20826063639215, 11.49164665350102], [39.39099809461146, 15.47679503620455], [84.0359329774008, 6.355003322340953], [40.821052940930144, 15.027266269765914], [78.00489835793167, 7.0956315699393375], [65.46775471579693, 9.15412773664642], [46.98226216444506, 13.282565071090954], [13.587676328029497, 27.34618944224576], [116.11988717130575, 4.275115304589948], [74.29223164256138, 7.632699298238412], [27.202991829841622, 19.943891386318107], [10.01005588989343, 30.132556175381104], [113.83567368643153, 4.346654342773885], [17.78444440705584, 24.62766854476631], [14.584193925058047, 26.648889692636207], [21.46165396382169, 22.655891475242], [88.3786150375577, 5.908117921609339], [50.47192095164397, 12.385900893261022], [32.593315202995385, 17.796262777356702], [31.2351036297089, 18.289837875775934], [16.709901861705355, 25.301889926706117], [10.841064177734197, 29.430196980505286], [20.106822447594677, 23.320714810205594], [11.70879730108588, 28.737590388393947], [45.32757948371908, 13.727218430265214], [106.93369679738733, 4.622351784426273], [7.738372762005513, 32.33607102423402], [8.434069894029236, 31.575180140083617], [76.13746392539804, 7.357298596016142], [15.679915633941981, 25.920844263993963], [109.25523036841253, 4.519172890889555], [6.306634042283141, 33.82212082225249], [22.56624841611536, 22.056025873370285], [5.687302161246034, 34.622501813348336], [33.90849889408323, 17.303576239888862], [12.608904838239852, 28.057099263976735], [36.62880770128811, 16.361969074707105], [6.979526560215631, 33.07747893367669], [28.535855655428655, 19.414646657263013], [118.43969774927791, 4.211769808172405], [29.908334232868686, 18.857389976202803], [23.749804949341524, 21.528893176474945], [3.9874981234869082, 36.88012978851671], [111.52866330663664, 4.428551677017752], [120.67981011917578, 4.159135834375524], [104.51449736349207, 4.741882090639045], [1.6980661346622143, 41.244889272898426], [0.4590894098825594, 45.34274354403876], [81.97355204087168, 6.591488343358659], [35.28278731837224, 16.820059328304296], [19.05751081444989, 24.05547112926338], [123.16064245790558, 4.110228508188585], [79.95709548905639, 6.839200158523887], [1.1088430992367768, 42.911370069364374], [58.82602647018319, 10.5210647829202], [1.3815251463433396, 42.06449960148794], [0.840025981243622, 43.72925281847856], [9.235656227330248, 30.862715526821972], [52.35492766972467, 11.937034774490689], [102.32122427117089, 4.861384093122614], [2.0437135902106407, 40.40246307234511], [62.005532644045, 9.829668305176007], [125.64224237694765, 4.070766980156894], [5.068010184149754, 35.37425931135921], [48.71377712096312, 12.826661975178288], [99.92026269442695, 5.004991347713686], [63.85177471827678, 9.48883168905525], [60.718124700385104, 10.15633132098641], [2.450718656808742, 39.54990866163338], [3.425735749774193, 37.81543583773137], [2.905780459530239, 38.672867908124054], [4.5555086218607315, 36.047953071122976], [0.02388022373938233, 48.94651493752053], [127.81677861609889, 4.043658595632804], [57.7817021709638, 10.998593542839584], [97.45558800041186, 5.167089732032054], [0.41094040311984215, 46.33380755269689], [0.07173139486833623, 48.124115118481505], [0.16269905652809896, 47.19070155373709], [92.31091779837027, 5.5574290115729275], [94.67642053023494, 5.368837336420892], [133.3315483127086, 4.004510784022535], [130.5767613556796, 4.018898217514707], [90.59016633458386, 5.727947943052224], [0.7064495284614065, 44.552138870730076], [136.0, 4.0], [55.86876867592708, 11.238142873080655], [0.0, 50.0], [136.0, 4.0]]",0.003191,47.98
