problem_name,solver_name,run_id,final_archive_size           [archive solutions at the last iteration],final_igd                    [IGD of the final archive],final_gd                     [GD of the final archive],final_hypervolume            [hypervolume of the final archive],final_spacing                [spacing of the final archive],final_spread                 [spread of the final archive],final_feasibility_pct        [% feasible in population at the last iteration],final_front_feasibility_pct  [% of returned front members satisfying all constraints],final_feasible_front         [objective vectors of FEASIBLE front members only; for honest cross-algorithm HV],p_red                        [mean relative error distance across all iterations; 0=ideal],run_time_s
BNH,MGPSO,1,100,0.445525,0.405243,5094.195646,0.571967,0.324161,85.0000,100.0000,"[[34.46038390654258, 17.10639275489602], [23.639333413687122, 21.549236410303152], [26.17292182849076, 20.385849438225264], [30.242980292639707, 18.681742690353467], [8.071958095739594, 31.937374676602634], [33.04464606961061, 17.61350656514915], [37.32877597256644, 16.13652589441524], [21.33567840738918, 22.679648651888023], [53.50536876039712, 11.682755190796547], [56.74260327187841, 10.926456390215115], [27.491103577198977, 19.806050248441785], [55.097967754575464, 11.287440612958752], [28.850858422981474, 19.236442206266084], [46.82353620129295, 13.332988384679881], [35.895381390416475, 16.612882064537104], [18.937515931805034, 23.980116459637166], [17.891052771202975, 24.58604869191266], [60.08166353067847, 10.223505639764642], [48.485220703018584, 12.885297745633054], [58.46395510727575, 10.582399349265259], [61.80217121885677, 9.927179389380607], [8.791996029782794, 31.23739989893751], [14.895721796890705, 26.43330619408958], [12.120840603848357, 28.479573855830385], [7.40843064833145, 32.60635277167334], [31.678107075546112, 18.131698883452685], [10.322909782912088, 29.890095203313034], [24.916857464033207, 20.983434211686838], [11.150766747774579, 29.175710085322773], [14.073151143876046, 27.075679925316656], [43.49040793407828, 14.24245805465113], [13.007557607454192, 27.75093172802947], [71.29789114069928, 8.118458604247047], [3.8906479592331977, 37.025181888942384], [45.151310109135515, 13.814247926993076], [100.78012212508838, 4.951980781940105], [51.82136066143534, 12.061099083289605], [2.954361000058286, 38.59637553757043], [22.5285651314565, 22.125299630024845], [6.183144016063225, 34.04078187006468], [1.5730428244102228, 41.60739750293331], [16.932520295454584, 25.16321680437538], [9.524748538987645, 30.562519772748875], [6.78250967933319, 33.2830921849948], [103.15448457864063, 4.814701214221286], [98.53588554398087, 5.094154256935026], [96.32216730223402, 5.246868518030018], [40.805624040332724, 15.034013332875652], [105.45655887593117, 4.693838881356491], [78.3428193359427, 7.050024675142099], [15.92969901169591, 25.784766250199315], [42.44674929516371, 14.635394844427523], [2.2390038601848343, 40.03667334249715], [82.42042627468257, 6.538837960749049], [0.9853705074331951, 43.22762448905835], [69.34805714257796, 8.46312593363258], [5.027850812885018, 35.41073678764281], [3.4266748739810575, 37.78708965795702], [121.75379591099951, 4.136776245817312], [133.7313897320775, 4.003253632322029], [94.17204802189639, 5.4077107670230005], [84.88906854165563, 6.261907961895814], [114.50420749642969, 4.32475180954112], [75.92914960559561, 7.387529289650519], [116.9004555022537, 4.252773625623768], [1.8891028270860302, 40.774473460223795], [129.10002607161192, 4.030829130467945], [65.36784912347468, 9.245906699163292], [87.11356352151583, 6.031515659768473], [110.18069940152172, 4.481065837908768], [4.4738540835882565, 36.197988533333444], [131.47740317295936, 4.013081192256345], [39.38416853594847, 15.668373145119745], [5.600664751346986, 34.73674230372649], [126.68227180972787, 4.056948102191671], [1.2772370206811572, 42.435522097995815], [124.1958334125688, 4.092639978356683], [20.142159688919847, 23.318258089744518], [0.120235721471346, 47.57854737308847], [107.79089672413227, 4.582969748801235], [73.57373513216004, 7.744724539354053], [80.34569629052592, 6.790141888832821], [0.20972401406932922, 46.81436961546338], [0.06855442313141263, 48.29561489964699], [112.48427777398115, 4.393424362270884], [0.020216648148370816, 49.1202135016701], [0.5482649665817314, 44.91032693619859], [0.7459974660226938, 44.15582259290612], [63.491505352804495, 9.562680920069539], [119.25474514084375, 4.191667165918401], [2.581260075113045, 39.28700957876126], [91.8688850705911, 5.594475492621055], [0.47481506464924955, 45.85780345991696], [50.12896804829322, 12.46780320362081], [67.28504269964546, 8.854743775391388], [0.0, 50.0], [136.0, 4.0], [89.47202360685858, 5.8057221906078595], [108.84201139283739, 4.536737080223336], [136.0, 4.0]]",0.003225,44.46
BNH,MGPSO,2,100,0.409633,0.195789,5674.504096,0.596720,0.319880,90.0000,99.0000,"[[0.0, 50.0], [35.216499290326624, 16.852111020322972], [31.220735227118286, 18.309907510171236], [10.932478332192243, 29.386210598284578], [38.09570460544791, 15.885566248017579], [12.59915725338525, 28.05475716449225], [32.520392519654266, 17.817076618374497], [41.347743532655926, 14.92749714690618], [7.276116990516771, 32.75937801200314], [6.037655725002855, 34.14092446649832], [11.761214655616723, 28.702348897666354], [33.83961878302032, 17.326627178347], [63.04510996551616, 9.628713381881056], [14.406956190394464, 26.796188616929214], [6.6430527798972765, 33.43922139896927], [70.38516057379519, 8.276859481430822], [74.01886789195042, 7.674995967134171], [29.81415205584323, 18.86273836852307], [36.61718085787852, 16.365756835828495], [52.68079761757181, 11.847883212451357], [18.251600731643926, 24.356437540641302], [13.514144041398692, 27.448044300920287], [101.7725085564197, 4.89300119712427], [79.85489059535189, 6.852210075658877], [44.252544254274696, 14.02479228458116], [55.9439503543083, 11.103956352782474], [45.878283515205155, 13.574768855906674], [54.351086287034164, 11.466108069783287], [25.657881066857293, 20.65731523372601], [15.316009955364397, 26.155909262519298], [39.67604431672554, 15.403410225913314], [1.4765578640060075, 41.78720695531724], [8.609746438572984, 31.415948294730715], [66.7064396345995, 8.92533564328301], [50.902603799605906, 12.27697728272208], [57.753842394912766, 10.707349250542602], [72.18285598132336, 7.969620506762814], [1.7804237600541115, 41.01791575613565], [77.8604971078853, 7.115279954360861], [4.3634039977116155, 36.39788566363577], [3.7999638864401515, 37.166065580395845], [90.53302349297545, 5.710016750377268], [26.94988650269594, 20.07401603534418], [42.82004884771911, 14.46468479143652], [128.3903710583249, 4.037637745270996], [5.449733506250514, 34.86309184495305], [123.52891274107425, 4.1037842337340456], [88.44401464195863, 5.901883731265118], [64.80732675226656, 9.290726213741966], [75.91761004798742, 7.389210185901631], [118.70280452530582, 4.20515997408218], [2.894675513168141, 38.69629194524285], [94.84931495817025, 5.3556751582633915], [19.33311420918418, 23.75537553555435], [24.29871638711512, 21.21985444783941], [21.9122012015862, 22.380783386023367], [61.232940330276534, 9.990487332569483], [4.866213215328592, 35.62410583779882], [23.182521027233946, 21.863934247468265], [28.377633740091994, 19.42805882604781], [97.08525925307639, 5.192785141249582], [10.11541548179396, 30.080070038504957], [9.299089196821821, 30.77098746010102], [3.3330025519344044, 37.9239487082466], [47.62066728168899, 13.129383192547715], [20.65019432792677, 23.04860489803901], [130.85880614173425, 4.016958738222147], [92.65967889159735, 5.52860783809939], [113.54463370706347, 4.356442975986643], [2.1284843671714, 40.24779201375905], [49.22540104302819, 12.697553483708496], [125.95080447367371, 4.066502147474612], [106.42958514032449, 4.646228182797408], [59.51625507724252, 10.351807447306717], [68.57114228037169, 8.607219043225225], [2.5127455084812103, 39.44706463465349], [116.05431717500714, 4.277040207953267], [16.23027012980412, 25.570824372669676], [82.01215339264573, 6.586908928427476], [1.1932080831649503, 42.577152653232716], [86.24930543568804, 6.118954116820088], [7.959028218370977, 32.089897248859984], [121.10857769490038, 4.149989272203888], [0.4813922844876696, 45.4847736135025], [84.10167315396833, 6.347733405426313], [0.7141864541384493, 44.60533313476686], [133.4259231041098, 4.004195341584346], [108.68315526753726, 4.543580584483832], [111.08380680293538, 4.445495326064409], [0.3102631937919713, 46.30730799703297], [17.250541326702045, 24.946214375543494], [0.15366637468805344, 47.36863797950913], [104.07713156145023, 4.764849322123425], [0.8959254146708581, 43.62028096206016], [0.09549048549809461, 48.47879587976834], [0.0, 50.0], [136.0, 4.0], [99.4278342173041, 5.036161783887058], [136.0, 4.0]]",0.003157,44.87
BNH,MGPSO,3,100,0.409021,0.219142,4323.831119,0.613960,0.320150,81.0000,100.0000,"[[0.0, 50.0], [10.999404320880906, 29.30092243821509], [51.81013209362912, 12.056136358627269], [62.29491366485869, 9.77669577029214], [3.4684737501491396, 37.72132537226974], [41.09164661181367, 14.94612205984259], [7.732810333876021, 32.28364074782495], [58.7386019799397, 10.512249066337699], [13.772768701184564, 27.21231383734803], [36.831976981018336, 16.2941567937906], [6.331895709506737, 33.79120492780515], [7.018916693392151, 33.063410424305545], [67.73575793427784, 8.738178555586936], [42.52576033588064, 14.520472723503548], [14.732498489666389, 26.55197872284071], [31.082871580357356, 18.34874683925764], [39.65952365427037, 15.386102775264874], [8.457360992852553, 31.551558685305608], [17.93200011453701, 24.54206651618954], [103.81608682243507, 4.778760072428138], [64.13507667619511, 9.405731718513888], [32.53806057053086, 17.80062812444323], [35.442447900932, 16.795880040866408], [75.28086919853985, 7.482991354068304], [27.243842826316865, 19.904774494197], [90.6342148172373, 5.701073129587616], [22.624296227689854, 22.084338588669624], [65.96375898819599, 9.067962652569108], [21.464865150963348, 22.683301903742027], [43.989821555046305, 14.127969418724097], [88.59909064869045, 5.887157392210888], [50.142364215315766, 12.467553748134403], [16.781557080211137, 25.23049422503349], [11.891034502545292, 28.601328903212412], [28.49501985062897, 19.377942739240524], [5.066451359473863, 35.371984398245935], [84.69359638951704, 6.28300056514799], [19.1176038638478, 23.874995693385813], [73.40410092992511, 7.771579141223709], [53.467563059776424, 11.662462630873994], [47.00521776900459, 13.277600466232267], [48.562956161179756, 12.864846069685271], [23.65580061171589, 21.522687665862094], [92.769378238481, 5.519616280903496], [26.099376427458104, 20.401399798153637], [110.75881004653279, 4.458113931483616], [33.94954625745457, 17.28866288783803], [71.49933043101878, 8.084175334450546], [9.29635102712845, 30.799318922955443], [12.832770736377142, 27.878005096351725], [38.26274411327972, 15.829142899596711], [86.65580224589309, 6.077505724325981], [15.735557734859015, 25.884987421915092], [20.243105519491976, 23.264672230438066], [10.114395379275642, 30.04063577453413], [0.01700229353241693, 49.086441527885334], [108.34417066100868, 4.558354431288441], [0.9869460120754753, 43.22602315390213], [94.89910638473042, 5.351899982378155], [3.9589860846466305, 36.93703181794248], [0.7516092871207447, 44.05776445277654], [97.08361951070665, 5.192899711500815], [55.172802271761476, 11.271682712530176], [1.2501594717872757, 42.4070637346685], [82.81529536837016, 6.492971993457521], [79.04128769386739, 6.9573922929188345], [77.12906806235281, 7.216292813034801], [0.06833955506186025, 48.19688099207782], [0.2540604669718195, 46.50286110721504], [99.2948295430925, 5.044683534284354], [124.05901001333785, 4.09487131919839], [118.45885601561568, 4.212196345566194], [115.73453327773524, 4.286535631640251], [0.1460942939920472, 47.33431893844397], [101.54720549359979, 4.906187033447117], [1.8391782190625219, 40.87334851508963], [106.05789291823044, 4.664176660049755], [69.62246502900828, 8.404907242778673], [45.460758253304995, 13.694640920473002], [2.1921740830558627, 40.0831638454107], [5.68425343924401, 34.56924523154444], [2.994903765918467, 38.52017819925249], [80.90982954391343, 6.720059119359152], [0.5547268276094273, 44.87940319556395], [121.23749576283956, 4.147296495354498], [4.516987295773781, 36.10098074844986], [60.49729219129652, 10.129108561911409], [0.4159803734131919, 45.62871635321862], [56.96732313857706, 10.89833386093608], [127.1129088230397, 4.051686155983518], [113.2291454114506, 4.367229055605231], [132.91782353275107, 4.0060306842159195], [1.5536575990204216, 41.615167172220474], [2.60637975071994, 39.29592205330786], [29.79719772603883, 18.87307650843688], [24.884306358229367, 20.95465215791237], [0.0, 50.0], [136.0, 4.0], [130.15595532830076, 4.021993014037167], [136.0, 4.0]]",0.003093,45.57
BNH,MGPSO,4,100,0.426378,0.348520,4064.442673,0.590105,0.309234,90.0000,100.0000,"[[50.53197048696768, 12.37438260178407], [0.0, 50.0], [136.0, 4.0], [19.892292136225436, 23.440475246197636], [41.35302449365935, 14.881071692865254], [43.105384634420645, 14.351977836718893], [62.9522842254062, 9.635490483518378], [54.926686652243596, 11.340970909389855], [17.609330783833215, 24.73088593345501], [61.34234729146304, 9.96052021592406], [33.396802657395796, 17.523438418923984], [21.128758295670885, 22.784673531440358], [29.276053069055706, 19.075997230946257], [86.26793023993037, 6.117042419013959], [31.97686601265312, 18.03612754444626], [18.794860440812396, 24.092426598966025], [22.404732013765884, 22.132116274595], [51.95252764869973, 12.029789167838867], [2.6843424356149628, 39.09515904721486], [66.41287866226226, 8.986358900701767], [9.392742414055999, 30.67713962873728], [14.455742899313172, 26.734757216112463], [10.916449485440657, 29.40434143401753], [39.84417851816717, 15.413647781426736], [30.59892822718429, 18.55151472640906], [23.779045241524727, 21.487166503343385], [0.7330809768064965, 44.142397235919184], [88.56887442659534, 5.890020595150505], [6.153374597657279, 34.00281515667125], [79.67358568927217, 6.8753995510927535], [105.27955440279594, 4.702718345263567], [49.090334188303295, 12.730595178406482], [84.05897246818664, 6.355002021796471], [98.05151507540614, 5.126486742097503], [34.82754891185536, 17.00298394412681], [6.717020455353914, 33.36127953170816], [3.5482284315560264, 37.588337983282685], [1.577132318935338, 41.51468665149978], [1.2701005917281214, 42.373352528085334], [4.484207022915143, 36.15548815671535], [27.967736407195186, 19.603914510089275], [12.584746790966857, 28.074594700153952], [68.12468237444568, 8.668612387691951], [73.58812256357635, 7.7424540806248405], [56.52169892986502, 10.985078803496162], [37.996254601965234, 15.912410161987642], [75.56354102925083, 7.441107424531905], [47.6176786292034, 13.110150301143053], [7.98259912953595, 32.019770710583], [102.8738310301867, 4.830247039117488], [110.05740917498781, 4.486044990592495], [2.2807821793581837, 39.89131557333458], [4.005803664130921, 36.859751300210675], [7.33309680235473, 32.68874067973526], [15.476988392409154, 26.065053851652728], [4.995462821395751, 35.45115812879075], [16.538247207937697, 25.378591108652913], [77.58851378431072, 7.152549915605801], [107.66039012081669, 4.588867447424331], [5.574444859323227, 34.70857176069967], [93.27515430077048, 5.4786133969609265], [26.64011459138925, 20.200327176514083], [59.68090885272555, 10.293992789460098], [0.5167174826360984, 45.04787690886609], [100.44041404908748, 4.97271008385917], [69.94945489993817, 8.348720682051763], [10.158212360442231, 30.051495036036982], [0.0872025512183573, 47.94156547147803], [1.916877764782659, 40.69055850358493], [0.19314386125344496, 46.95475725275996], [112.42840110732361, 4.395431037563795], [13.507719064395872, 27.39091809582979], [131.25501814622146, 4.014415876533173], [133.6143600183334, 4.003600121402857], [90.89734273410735, 5.677965168283596], [0.022449273297498348, 48.947828471745396], [81.84168534194743, 6.607177273082945], [11.671202414911129, 28.77283284128082], [36.43344538180337, 16.47348695977504], [8.676608688342387, 31.342523565287017], [3.104817194704486, 38.31819831498721], [95.64267177929688, 5.296333890195983], [119.46349924568254, 4.186694858820091], [114.78192900589767, 4.315889811396267], [44.68782254303442, 13.90983997599984], [25.13422732559278, 20.833920290245324], [0.33478567498104883, 45.995010487157955], [53.41109204396407, 11.676151941558746], [71.76765979812569, 8.038880070891725], [58.022393341493604, 10.644989157910997], [124.16604721099343, 4.0931233290761675], [121.83701764575378, 4.135119868590864], [117.1119078328776, 4.246902178441602], [126.4740111421075, 4.059589020043464], [64.69787615127217, 9.30346207130162], [0.9764908919299726, 43.26003488118829], [46.24239287902188, 13.489929975707422], [0.0, 50.0], [128.80908358876997, 4.033535292868714], [136.0, 4.0]]",0.003287,43.95
BNH,MGPSO,5,100,0.416293,0.291686,6471.012736,0.640802,0.337853,87.0000,100.0000,"[[0.0, 50.0], [136.0, 4.0], [29.553753872749343, 18.9638533223756], [44.39208757513279, 13.987965723473913], [32.33035899719006, 17.888168037453497], [13.89092247234083, 27.127854748745854], [52.74753879782401, 11.836480177709646], [5.700377606972143, 34.55804880186675], [57.71162715479819, 10.713522534585518], [133.12452174951812, 4.005243395765018], [30.901581783066447, 18.41790144562318], [70.123043533551, 8.32329457186434], [79.55555365922623, 6.8905726777775556], [25.856461152303503, 20.534075303231294], [33.80332758630558, 17.345918710172285], [23.421762752626634, 21.638488967295228], [12.166593935588654, 28.381984323922282], [47.752987777439614, 13.077893172857898], [108.93305546671058, 4.532837795410341], [54.41366219722278, 11.448245871499427], [6.3257214179302235, 33.79699854918796], [130.2790120632896, 4.021063006902077], [59.3373936846704, 10.371503031495717], [16.87714425698735, 25.17169230049729], [87.55935006604116, 5.987417658636795], [127.46905174540832, 4.0475359020495105], [111.44806693984361, 4.431593371884067], [11.294878011594445, 29.059800840913926], [39.83726763544075, 15.366140325309452], [5.1091003774018535, 35.32042631131384], [99.07274285903854, 5.059010811773254], [96.66770473643294, 5.222188177404127], [6.960458033243015, 33.10340665483885], [28.241769091944143, 19.48269105734556], [13.004866266062836, 27.75282596418002], [0.1675161828852182, 47.15098226184142], [41.343739953485496, 14.875972062619478], [36.76372499772478, 16.322016150811454], [60.9688058681854, 10.038469544137591], [38.22300818733726, 15.851448876916866], [24.67656998289317, 21.07900300830415], [7.582071774525847, 32.42754117766092], [20.045081590720518, 23.372493341710918], [85.5196370048946, 6.194814038586168], [19.060557750873855, 23.964905333276338], [42.87016957040207, 14.448725949659815], [46.11601552920895, 13.549293688988483], [94.31530024931513, 5.396597439613025], [17.94183111353778, 24.535256587353757], [21.117848911694168, 22.811293800584693], [15.878428643591807, 25.804963106766344], [121.95583896173298, 4.132773809714953], [71.94265078629533, 8.009567726458343], [8.257628706552861, 31.752111568547573], [3.5096638037408354, 37.648025847520984], [114.00275499845846, 4.341104569490573], [10.47710891808255, 29.731435101988133], [4.537308271762253, 36.073580263365315], [62.73159840492343, 9.688396094253557], [75.72346957444014, 7.417588615275916], [116.60784094266303, 4.26102547633405], [27.03559536357902, 19.9980997760982], [14.828544555841852, 26.47930585258285], [8.966794024471788, 31.085023264219174], [124.69351674825703, 4.0847614678486535], [35.29421903020953, 16.827294589982962], [106.43471937747006, 4.645982309095173], [81.50408039412952, 6.647663929675915], [0.7960499922339876, 43.8913816933525], [77.65802216046826, 7.1429924982451904], [0.6033868753606089, 44.68340935170076], [22.222387811817352, 22.22378756391654], [66.53968454487823, 9.00356008356861], [9.762837719954824, 30.403242176510506], [0.4254878064190116, 45.502570404322796], [83.48248439637689, 6.416853381913823], [4.020929289812937, 36.898370191815715], [64.63013320541704, 9.321201314396111], [91.98918692905657, 5.584335432382863], [73.81251560199544, 7.707187866764244], [2.637526005399788, 39.20058924007398], [3.0554027509507424, 38.418368564713546], [49.45081802455641, 12.638551656714082], [119.26186163412736, 4.191496479325517], [101.4965163058041, 4.909170066894342], [0.019316407100061786, 49.03351374683761], [1.5952581071648124, 41.474411764854935], [1.346768136174654, 42.29402072993514], [68.28525192256984, 8.640158659656887], [89.78468933591023, 5.777149530011868], [103.94120867306567, 4.772073505291688], [51.0436463697727, 12.250761105845289], [1.8960695644666976, 40.73741687415518], [56.06358747394149, 11.07586722518223], [0.07518293577076944, 48.09464212289494], [0.30388206398102635, 46.319939179294735], [1.0670587475620132, 42.96449478977877], [2.3156818479122196, 40.02244726489192], [0.0, 50.0], [136.0, 4.0]]",0.003117,44.47
BNH,MGPSO,6,100,0.436003,0.331108,5867.043281,0.669105,0.369690,92.0000,100.0000,"[[53.235622230160054, 11.718098823863842], [0.0, 50.0], [26.527474292632327, 20.21296349951355], [29.12680382908165, 19.136161633247443], [27.82289562253019, 19.660186704399045], [5.8990810480113485, 34.34658564044931], [49.750339211052065, 12.564294183027128], [44.13557289153954, 14.078180314723364], [84.83173655392551, 6.26807990512577], [60.37705799750006, 10.161236816095254], [31.76137247596295, 18.095985906989313], [22.826727743131844, 21.923391930260966], [54.92051439080177, 11.329291653268747], [6.476198390932325, 33.64084282196236], [37.44878250609408, 16.09471689738479], [24.032375419271013, 21.344088786961464], [34.694015242017144, 17.02378633702603], [56.771226679576166, 10.94591005982807], [91.2394080576559, 5.648242772598337], [18.472184482354912, 24.227108370774495], [21.67322606234159, 22.499321064378293], [15.712450692214844, 25.90020738397969], [17.581542942951835, 24.74622241061646], [62.25506157993647, 9.771809581685845], [82.75006151981921, 6.500507058145183], [38.97505508275182, 15.610438713850419], [86.94321024640162, 6.048546346530571], [58.52741357778874, 10.541913717521625], [66.23678269095564, 9.011513743343286], [1.2991590791203778, 42.36114108963832], [30.35665897624464, 18.629843060336768], [14.781944699244715, 26.512238410514797], [42.34496557618598, 14.586362282840682], [45.998488271415766, 13.54254316259032], [47.893729428945875, 13.041049591618496], [70.29937847395405, 8.29200900018045], [13.866782988964221, 27.16654071072966], [80.70571627743534, 6.745262369168973], [68.29416476297695, 8.65956366076045], [7.100040117494826, 32.95635414192351], [93.41804940882162, 5.4671630754278], [12.04276493366571, 28.476058732308566], [12.967498638153996, 27.79241278268907], [40.67947115182061, 15.100005737219142], [51.55757681465694, 12.134420501742532], [95.61989626820213, 5.298013467891042], [10.475651461550921, 29.733918679033685], [4.81810681166554, 35.69194655791085], [9.728473130354054, 30.383403533870606], [2.6566545774754777, 39.14391115404791], [5.337286501406453, 34.998498823494], [74.41864461374789, 7.613273392581583], [11.210737986803565, 29.127253780546553], [25.62156462919317, 20.814243686445174], [7.73416391343911, 32.26914360911018], [33.221204342294406, 17.56304474130496], [8.427011229156422, 31.58041675269017], [100.12052597498337, 4.992484842442969], [102.54311370339315, 4.848797137883022], [19.540512414249406, 23.62814817681879], [104.97559266129906, 4.718125246178799], [9.038578919689954, 31.013754995019656], [72.29122976657106, 7.951706131028697], [76.51831345919247, 7.302579818284], [0.12053681238912899, 47.57585533667192], [89.07636102208474, 5.842327764845205], [16.6779194599374, 25.31593355425175], [4.244776670776843, 36.493098513359044], [124.97121183156925, 4.080526763997352], [97.83751920735224, 5.140961977823244], [0.016948453499607913, 49.1543678765994], [1.040609481189927, 43.05099404278496], [111.90491368152338, 4.414515391184157], [0.055397885543525316, 48.35019969593708], [3.7421832746472727, 37.27735713523366], [107.35064126179316, 4.603005924239771], [78.67436390189548, 7.0057818870413975], [36.08092496440544, 16.547834198579856], [64.37557908377903, 9.459528304019443], [109.70232408893227, 4.500552166991668], [116.76965762823578, 4.256443952356462], [20.450965430062467, 23.24365945522777], [119.48856784208917, 4.186102560589306], [0.821568896453892, 43.899455491122445], [2.2674216120166424, 39.91931599859401], [122.24240362720683, 4.127206774128499], [0.614249542689117, 44.723048665435066], [1.8784809582259863, 40.788760618202275], [0.39284839948043554, 45.66636044718235], [3.350573084980559, 37.94770799921065], [114.3419265288774, 4.32999425243858], [127.7505193210584, 4.0443841370934175], [133.3747640272082, 4.004364899930617], [2.988194941508394, 38.53558963227222], [1.610323596661864, 41.5654673919674], [0.23219111165906064, 46.796909886052916], [136.0, 4.0], [130.3893016600029, 4.0202470600803615], [0.0, 50.0], [136.0, 4.0]]",0.003245,45.89
BNH,MGPSO,7,100,0.412816,0.231561,4824.768260,0.636001,0.340378,89.0000,100.0000,"[[26.967804792721573, 20.02519219670538], [0.0, 50.0], [15.381475548615446, 26.118202089366005], [17.390887580659037, 24.861787288571257], [33.76139143295457, 17.355648999019962], [68.71065320432947, 8.569082674858985], [65.28492695940876, 9.193212785548997], [37.997586204251526, 15.915941668195936], [67.02729890789182, 8.877679632154969], [6.893442943448874, 33.15830087263997], [20.67066255505282, 23.024291859717103], [31.006154714533615, 18.380473963186837], [25.6038693609514, 20.656741482420358], [13.43106149245681, 27.453620009885334], [78.03576510712423, 7.091444031032646], [61.78228809616976, 9.871940387229039], [7.4589911319287925, 32.56818623626742], [39.498418930738005, 15.435811657254781], [35.16135850818664, 16.863604793172073], [41.16169976508928, 14.92789501971609], [36.567595657901585, 16.38470556825228], [10.047911452609906, 30.108603266413155], [18.449543690460267, 24.250985024647843], [84.16312120471903, 6.3409527782946356], [70.44240159846618, 8.266775836999381], [8.695779750871203, 31.334542271342997], [9.345777946196705, 30.73252961575293], [76.03791715326554, 7.371718166017631], [82.07729585419837, 6.57919437695315], [88.57940760824557, 5.889022161092296], [14.382864958268943, 26.7984657230151], [16.383905270123822, 25.49549822091265], [72.26229126967581, 7.956483131048572], [5.82046672894756, 34.39951048901825], [42.7130124586551, 14.46515720644247], [51.529958115522646, 12.13008959770273], [19.533845590216778, 23.63354768205448], [5.386716854115885, 35.01670349142115], [6.379658608961192, 33.78159725350466], [29.6544029468008, 18.91203358328933], [28.22804358079042, 19.48958422865126], [63.551055694201835, 9.523603583818753], [3.399035716168494, 37.8527603226311], [4.317855664486524, 36.39628181963076], [90.88901690091137, 5.67869307726605], [74.08475193281467, 7.664765664335157], [8.057268574022764, 31.948025662603193], [46.10885154262803, 13.513568575610396], [32.4058325126676, 17.897719865065007], [22.988421391408068, 21.84448440633482], [95.50419116279146, 5.306567899600209], [2.196591668798571, 40.073328909876274], [10.824858830714806, 29.446054160602195], [49.67434063531302, 12.59088309986625], [24.19816863342284, 21.2695466836549], [47.83123309248913, 13.062356685643636], [0.9455247111632998, 43.38116899337051], [2.572378268553028, 39.30922830607568], [4.799527923659149, 35.71071900420492], [80.06149047427681, 6.825957711751091], [56.4552640888823, 10.985224217596729], [60.05801493768264, 10.224662768517177], [0.3184858859048208, 46.08978512755778], [54.78094051478767, 11.366423603458339], [107.24570093209068, 4.607840985920303], [53.10455539700139, 11.771592206659458], [11.731628238088158, 28.778624083259935], [1.8396685695545711, 40.87307967747746], [1.5029773301276408, 41.70690211412034], [1.2013127349218835, 42.56192958093364], [102.35965312560356, 4.859196025991687], [117.48665146474424, 4.236684339342758], [93.18846535318688, 5.485588548088717], [3.8448133217657032, 37.10285467327548], [58.27912522473861, 10.595334755901003], [0.49158528888790975, 45.170632656278414], [104.75425404682842, 4.729471008726405], [100.06965441394458, 4.995652518438745], [21.74262853392585, 22.4681905431182], [12.588022492854389, 28.07814523018531], [2.966568015893519, 38.58626354398807], [114.93778835366227, 4.310976840791319], [44.46221985010852, 14.016171523463019], [123.14904248804973, 4.110434870883605], [97.78267066587765, 5.1446910037076945], [130.82710932502772, 4.017171324166536], [133.3624965435833, 4.004406064487245], [0.6840641288509579, 44.343080410888135], [128.28307767654888, 4.0387286347428715], [112.4391871632457, 4.395043227727685], [120.27567947927308, 4.168026774129739], [0.19393057886919274, 46.93500720239237], [125.6952094280216, 4.070024939564456], [109.89190637980401, 4.492775810228041], [86.3294851319599, 6.11073291796661], [0.11311882492319128, 47.703392400628815], [0.0447525029072207, 48.8455021896016], [136.0, 4.0], [0.0, 50.0], [136.0, 4.0]]",0.003152,44.69
BNH,MGPSO,8,100,0.420559,0.305925,4031.481076,0.632073,0.335475,93.0000,100.0000,"[[0.0, 50.0], [69.3611392260565, 8.460733552185182], [71.03389871653852, 8.163754408223756], [12.675007331762016, 28.00012972087311], [8.015698055639566, 32.01454052018703], [53.65077392576394, 11.646245097148254], [64.37535520171012, 9.372911256122418], [67.69092360679238, 8.750089051130058], [11.072619181889017, 29.302711841432185], [55.475364389353814, 11.211634366378288], [46.93562326971947, 13.322584636266072], [31.117254629760097, 18.351470766599277], [29.785445757990786, 18.85597369109309], [24.85715384682905, 20.97048139377653], [43.58250421145692, 14.229378961239693], [86.4966293075637, 6.093667143260014], [78.34298477951842, 7.050002473735616], [33.96028231532911, 17.293549349004614], [36.96982066581116, 16.263091056295], [48.53763424256034, 12.871095370718777], [27.265133768904143, 19.916310658336283], [90.82015225150622, 5.6847219339230435], [82.35646319456791, 6.546325374468495], [16.484761166668385, 25.427814560410646], [66.0101189501629, 9.060771639178856], [4.357016924101419, 36.334083263800956], [88.63190855768585, 5.884051049981597], [45.226087244198254, 13.777019917169675], [93.08531353608655, 5.493916635700874], [3.8858549101822613, 37.097397206279936], [8.747259828562962, 31.316130325501426], [19.89009976832982, 23.444590836278266], [84.41406286127692, 6.3134083350319], [99.94566137807556, 5.003399769754035], [109.4004009532154, 4.513083257304987], [104.5812443342941, 4.738414214122507], [5.44296556518553, 34.89106773542335], [102.2318370482929, 4.866486860508269], [13.547276124295188, 27.360611078168688], [76.4300073435736, 7.315204284610006], [26.038042365827735, 20.450152918936467], [111.85722869175069, 4.416279464512492], [116.87018222730488, 4.253620509265904], [0.38998393426383016, 45.684257299241], [3.0162186488650296, 38.50029147822606], [60.96075051075411, 10.059434005161267], [11.855594251810022, 28.635394853316654], [9.490730538517282, 30.58882490849178], [0.017775878503809128, 49.06565238770855], [106.9750087365243, 4.620418764123732], [21.205892844910423, 22.829524660581566], [62.5961904345796, 9.704496897142901], [50.279749291733495, 12.43371975569246], [32.48727180468508, 17.829097085056695], [0.5546335148494249, 44.87329176247222], [18.766182104413055, 24.086490165520196], [59.087028960752775, 10.422839871441415], [127.47244628459364, 4.04749721797598], [41.87789141886945, 14.713121122960322], [51.842100747428574, 12.05042954037825], [22.328155282839532, 22.16969415184026], [0.14869272537364897, 47.313564392041116], [35.44456166542072, 16.765903451755392], [97.63109510314274, 5.155036577233933], [1.943188908704635, 40.67020776203941], [7.300974047241528, 32.731621741497605], [122.06813246678273, 4.1305769934955805], [1.5854217045729069, 41.495709551230284], [72.76595547289942, 7.8740205236798975], [23.611830828521217, 21.620471675720808], [2.283339031169869, 39.89012433855475], [28.521679518788233, 19.40957103868395], [38.668064872856974, 15.732737520863472], [80.32208198650079, 6.793104711339013], [4.884406196073245, 35.59670304294212], [95.32847909854101, 5.319628587183807], [17.619546118260985, 24.72573415141971], [14.516702652520056, 26.687935845142384], [130.27186060637933, 4.021116488066905], [6.6768288519604155, 33.44653227552012], [57.38436520290669, 10.837529505879523], [74.58494402476694, 7.58784582545034], [10.227910501381789, 29.95497674450077], [124.74639303655493, 4.083946254035312], [114.34241447433064, 4.329978418408773], [0.0668527542965042, 48.18845536235642], [119.4532613951369, 4.18693704578802], [3.435372155631468, 37.795733293546895], [40.32470577503427, 15.221280842313131], [2.639244120544936, 39.202287835923755], [1.043706778975903, 43.093529169983334], [1.3038427275315148, 42.277587380774875], [133.11016845990602, 4.005296260970109], [6.107406782416318, 34.15566315123955], [0.25888255614840644, 46.46828189447544], [15.451993815098046, 26.09709605580509], [136.0, 4.0], [0.7890387569432367, 43.95969148391165], [0.0, 50.0], [136.0, 4.0]]",0.003225,45.40
BNH,MGPSO,9,100,0.410620,0.172353,5023.684885,0.634821,0.356601,86.0000,100.0000,"[[29.242020592273853, 19.074213924078208], [0.0, 50.0], [32.777371141688235, 17.71465137731777], [14.474120173276344, 26.719202921904937], [30.375139757725847, 18.62466836066332], [44.68716055248062, 13.90360694160362], [64.22270751475408, 9.400236605871644], [12.96061816579613, 27.78929650897735], [51.538914561834346, 12.12111226667396], [21.815467941770567, 22.42703433664284], [41.42906201782505, 14.856494783042127], [67.88506730808805, 8.737834823416762], [24.424988894437472, 21.16017733595504], [27.000901056004007, 20.04932105942553], [34.07115572566489, 17.24844549059478], [62.43884930565181, 9.737899472372778], [2.860830422096954, 38.76153633599326], [43.09575554398799, 14.414269383529392], [28.161155795091346, 19.524863022881206], [15.303044823280185, 26.16472503663176], [49.79817660728191, 12.551526716885935], [4.25577560016802, 36.47681963283219], [4.7949728163697785, 35.71676651759016], [25.709661327186225, 20.57779727504799], [13.7130971548055, 27.258087701363827], [8.39829343888859, 31.611954468350284], [36.81537675147053, 16.320337272936435], [77.81907504163169, 7.120933911432889], [12.20771447927175, 28.34723206124731], [7.718059726496535, 32.30014227256739], [1.7187125670919805, 41.161576595363215], [73.72566857198032, 7.720804737842558], [7.071245616929934, 32.96490545454057], [75.77265886434247, 7.410380639690431], [38.3045512240106, 15.82517050425126], [46.374814143234175, 13.489375049457735], [39.834047730763515, 15.33566249382168], [5.895527208924754, 34.30557593002506], [48.05657700270943, 13.003450110797017], [10.60620566383951, 29.637738906620168], [23.12238413652109, 21.782532981539674], [11.435666291872549, 28.994967624360754], [96.2244590692847, 5.2539050785403365], [101.1938563372447, 4.927107797568498], [3.30521066310832, 37.97557549207808], [5.349473598924835, 34.99606840166896], [89.10431306306623, 5.839725174703014], [31.53347749344674, 18.1792627820994], [18.489683186293853, 24.337902386563464], [93.80753991273133, 5.436250065448792], [56.8005126295477, 10.910277932157388], [20.568691433980998, 23.079862881458794], [2.444997110391985, 39.574682839322584], [58.741116775068676, 10.535230418167757], [9.131725421243681, 30.91621605856585], [133.41973971570013, 4.004215654607426], [55.10676618906855, 11.289070744160504], [9.838167107789769, 30.29342347292608], [66.03852502296533, 9.054440164660878], [1.121658493079884, 42.79329850443147], [91.45074693265116, 5.630057584574868], [6.475469995382223, 33.64880998217926], [98.68694202336123, 5.084192634578005], [79.9560090261969, 6.849997192492838], [0.6250299716053171, 44.582970665808865], [69.8096147319537, 8.379385809041413], [82.0801774907758, 6.578853508650965], [1.4010409292260921, 41.986346296740805], [53.32401254494088, 11.69640273490235], [19.42583627971322, 23.708622650682358], [86.79806449170391, 6.063135662887703], [60.600277223383145, 10.109888063145764], [71.75481834173614, 8.0462872200313], [35.38538080704162, 16.80657455727274], [130.89653096756948, 4.016707494921688], [0.2876483705053922, 46.34694563120749], [16.324263099337692, 25.520829469860153], [108.23110067512323, 4.563334157301662], [0.4311035459285486, 45.482280233034125], [110.49159792849804, 4.468641891332254], [3.7640779341672332, 37.22613829280432], [84.3940932502434, 6.315591704427457], [0.08103442421896381, 48.01223772203194], [103.58869465996261, 4.791001786560216], [105.8929794504912, 4.672234273615745], [0.8538761330559009, 43.705124987060046], [0.16986866507182016, 47.156606244860356], [2.0631929908232456, 40.36404619107424], [118.0968882509597, 4.220555475210914], [115.61697337668066, 4.290071443113697], [120.520441497625, 4.162610579000529], [17.403749727903936, 24.853252635587175], [122.88626896044993, 4.115165061750246], [0.03929113333561785, 49.01872322557472], [125.49704936707325, 4.072822256113085], [113.13337826394148, 4.370539410785629], [136.0, 4.0], [0.0, 50.0], [128.02361143344262, 4.041433864780985], [136.0, 4.0]]",0.003153,45.18
BNH,MGPSO,10,100,0.411709,0.252806,5871.254997,0.547549,0.317379,85.0000,99.0000,"[[35.13438431685351, 16.870781086342742], [54.87120655323109, 11.343145072633487], [51.96431480630322, 12.018386656449326], [33.615137556531394, 17.4480676323084], [26.558548065506862, 20.227221717976672], [7.223610760088997, 32.85354906782676], [6.544067541406764, 33.557809435293045], [14.744773036595172, 26.544797328152793], [68.97754900939702, 8.531346221575006], [7.848480740931942, 32.173110266287246], [63.42624697803685, 9.549244618636205], [50.46148603118033, 12.392164542133127], [53.37411625729774, 11.684108505462632], [4.232802450344462, 36.5108924231982], [18.69764256589977, 24.099783741112653], [20.892812118013364, 22.904132014952864], [8.53934364498669, 31.475178270599073], [70.8130626224119, 8.201967962784483], [9.286099756552746, 30.77534774721367], [76.28353245307568, 7.336228375476483], [61.57891496106325, 9.934276867265005], [47.45958337049497, 13.152679871192], [5.9386150716641914, 34.281538073144475], [58.046847749323206, 10.638800666739842], [45.96311442250166, 13.552916128425004], [21.986803755196917, 22.341440678070846], [41.196029445075055, 14.92810865521673], [83.97345208184103, 6.3619278488416], [10.175092383575286, 30.008355101549473], [42.59489300394344, 14.50499935630558], [106.570186272308, 4.6395150488199635], [11.069749528722607, 29.274179836124073], [72.66262265777472, 7.890821784728205], [1.4174162309414287, 41.9460189244027], [67.07020443895976, 8.858392002150113], [2.4350264315930863, 39.58874043136694], [109.06799094609548, 4.527089294268323], [48.88880109118534, 12.781505776939266], [17.671022330695077, 24.694909290794758], [38.17240132461713, 15.857818363374227], [4.804402052145351, 35.75376051302521], [59.74563055077908, 10.280393061066434], [1.7241409399595504, 41.160016696547586], [81.99247233348646, 6.58924301596247], [101.7395661239265, 4.894921709851238], [3.7479639968607765, 37.24764479044812], [104.13111645239235, 4.761991486620583], [114.38517489893535, 4.3285924915165905], [90.2244220011431, 5.7374886057230805], [44.235785445727146, 14.02946685366241], [56.40759846707786, 10.999610507652712], [88.05326783290155, 5.9393416322020745], [12.902432733232054, 27.85073121624978], [2.0796996328752826, 40.3397675438365], [25.25299050210537, 20.787312279716915], [11.964488554425124, 28.535749691914926], [39.639336871214965, 15.40328622032836], [5.326801562191543, 35.019746653054604], [0.6762904948569365, 44.38115319355249], [36.769762588989266, 16.35377613356325], [1.1434743899595539, 42.72794672808955], [65.23712199049211, 9.197207935377978], [19.776995716180995, 23.499053956642705], [3.29054499758639, 37.996767279820624], [27.820819585225973, 19.660180715353214], [15.668864875427849, 25.940584005913866], [111.72042981454469, 4.421364132740115], [24.134343615148033, 21.296757319766797], [99.4094925318411, 5.037334349907112], [74.44430929285065, 7.609339753823647], [0.47736129810448125, 45.23393783004037], [78.15654353997047, 7.075100576681641], [23.06960516076886, 21.804971608183365], [124.80712415160163, 4.083015097035182], [30.54912624961881, 18.656615381613385], [122.33047872857075, 4.125521535419525], [80.05892321704688, 6.826282807614271], [86.0201211120056, 6.14257804685459], [97.055790845647, 5.1948451987973225], [29.268705145032644, 19.25337041584622], [13.83726785133238, 27.199250612028468], [0.19248561892727373, 46.96726821967188], [16.6235758231902, 25.3546291410254], [92.49004950310326, 5.542581061607856], [0.31505494567423337, 46.14634226356192], [117.52909650669251, 4.235542100231693], [2.848806265149663, 38.779178647127125], [0.09540066143582912, 47.87155465204465], [133.57450023929124, 4.00372218502176], [119.94891415830963, 4.175408515071278], [94.78125174717007, 5.360846804090842], [127.94078911446427, 4.042317433308415], [32.62857206425572, 18.129913006990925], [130.79561140391803, 4.017383923382859], [0.8976701107870444, 43.53062740802128], [0.0, 50.0], [136.0, 4.0], [116.39140014853929, 4.267224303006571], [136.0, 4.0]]",0.003175,44.62
BNH,MGPSO,11,100,0.416158,0.274272,6470.987390,0.643788,0.347254,92.0000,100.0000,"[[0.0, 50.0], [136.0, 4.0], [55.220098805437026, 11.268172105632033], [56.79873824900554, 10.912204287186796], [33.21232340158432, 17.555557448156154], [51.87415208803706, 12.040260114363546], [25.048412192521514, 20.879582086624595], [31.780207205336065, 18.103020645252634], [20.688367422594204, 23.011988267608935], [34.76283788058342, 16.999712229886477], [88.40167513599934, 5.9059181188437595], [71.50730436818756, 8.082823185342846], [37.672048748862785, 16.070524553447754], [79.50548134752935, 6.897027807228509], [73.4239244618052, 7.768432806619322], [81.66257001520273, 6.628599863461941], [28.942509286814968, 19.205216917090965], [63.95567691139101, 9.441276765054235], [42.16282587835424, 14.627442170248298], [83.86700666662546, 6.373758638217262], [22.78097752049603, 21.959045895460783], [39.06463342035686, 15.571536706843634], [27.604674446156995, 19.751777245669814], [90.74055200791194, 5.691708853035892], [21.720333943357886, 22.47792692773703], [18.617725213797776, 24.18320429367816], [97.83499530679897, 5.141133402185831], [67.72254812382076, 8.740837593794488], [62.08378208131353, 9.848854875277889], [19.634528806108403, 23.591308901032], [6.594639222693367, 33.49147305930023], [53.431127040871154, 11.67540066317519], [47.043653559366774, 13.288062737805305], [14.05992657709517, 27.02961394082172], [50.27012333632101, 12.432751215786393], [114.77390129416071, 4.316144034310788], [86.1113616983296, 6.1331509576829895], [60.302705363885885, 10.182440868532181], [9.335788423005823, 30.77231484794929], [17.616653032612618, 24.727645973273333], [13.162950819210188, 27.65207749592386], [24.017092247622166, 21.410215378921947], [58.59538063586389, 10.555837836585232], [12.297922088371617, 28.288622214136268], [109.87329985733713, 4.493535884765453], [40.57235591800714, 15.10616420857113], [95.47695975886128, 5.308586496451006], [36.1790507695532, 16.516923131010508], [48.64133246681755, 12.846922594354876], [2.9233639028301073, 38.65251584207455], [30.353486712694156, 18.63148974131083], [11.510157193445593, 28.89281002236256], [5.966196375137535, 34.234322389847634], [93.09510730707198, 5.493124600042217], [112.30840497561987, 4.399760157358768], [77.4314652350383, 7.174227128642645], [15.800586463262118, 25.842934397300088], [75.39961024847739, 7.465348141004257], [3.8178446743174064, 37.13809868577417], [3.3555588023128884, 37.890380197478436], [122.40765941740123, 4.124054690235278], [43.83466077541995, 14.157274424958693], [119.81409151536674, 4.178504715173323], [130.45931309999264, 4.019737705066962], [8.634171908967026, 31.389254837286245], [100.22711058212126, 4.985868440060177], [107.464573656175, 4.5977824166691885], [69.61808426782639, 8.413969042276907], [4.90129342148809, 35.70926124051379], [45.376744939223364, 13.71252898818343], [14.914149098381802, 26.43548725071397], [127.73871377353123, 4.0445140634364725], [65.85541733529239, 9.088941302468694], [102.62289424355224, 4.8442992278804455], [2.5116374409083435, 39.42927430214145], [133.2141531660082, 4.004919353947572], [4.318655900079084, 36.39883037698286], [1.4631040079315754, 41.843717941122314], [5.381000823215164, 34.95582635551044], [117.27418376960766, 4.242448127260557], [125.05667944367309, 4.079246568707367], [26.35596331763849, 20.295441893756703], [7.287207172193454, 32.75117971314343], [1.846495684632393, 41.07125336889911], [105.02557510434104, 4.715577972727161], [0.7049048701018501, 44.24142787944102], [7.952276667963778, 32.05699422872646], [0.35447715864486123, 46.03079848902999], [0.5085886468343415, 45.11034078181926], [10.819463257473302, 29.513952752609917], [1.196224528013234, 42.71832600534131], [0.20536653734327132, 46.84692203388117], [10.0803736346376, 30.070043150651287], [0.11260737320665751, 47.83092649738617], [2.1484696737286093, 40.236398462554334], [0.9624945465646999, 43.38738665670323], [16.713251747583172, 25.270561741801487], [0.036674696988113625, 48.76088287129211], [0.0, 50.0], [136.0, 4.0]]",0.003126,45.84
BNH,MGPSO,12,100,0.402518,0.127932,5551.058529,0.605958,0.333175,90.0000,100.0000,"[[19.064276388148166, 23.895164552568694], [136.0, 4.0], [49.56250997163205, 12.61829574864852], [8.357050816249188, 31.65239465187227], [29.8641920991575, 18.834461452392876], [57.600289194903, 10.735644657148729], [50.96585048025139, 12.260851129629296], [54.25260751967703, 11.505053021349273], [76.72537466190983, 7.2731258125834195], [32.252318043233345, 17.91106728484456], [45.164638983330775, 13.775748779345868], [46.65475233488242, 13.369992635170885], [11.945028014586615, 28.555482436432122], [5.133704905218224, 35.263595266939085], [4.563609996110347, 36.03528530885578], [20.30189759610348, 23.21795628319325], [70.68407704833139, 8.224424786519384], [63.25159602733565, 9.597409589019403], [1.2158701793729307, 42.51622684395916], [113.1765890056783, 4.369043664268441], [5.759618359099684, 34.470194826208235], [10.492092448517903, 29.800065659006094], [66.9550300272535, 8.879004412688133], [0.7208885345949805, 44.19732605794526], [16.8021709792195, 25.215932646206987], [11.166573451007807, 29.169455543263744], [36.0483505963878, 16.559283330561406], [55.963052375872095, 11.105661288816222], [43.59516915353191, 14.21683311941596], [13.782640962983628, 27.22295527996775], [59.419024528317635, 10.35537733019082], [28.61245105026896, 19.330016223250304], [6.421305700427775, 33.692738115043056], [22.67522883258399, 22.00850115404473], [14.77534368842632, 26.515366981469477], [81.06090795268972, 6.701515947567236], [9.74239920300409, 30.365248100737585], [97.02627357214246, 5.196910953375939], [15.8038303663661, 25.84985240943933], [17.899476690984415, 24.5613308748769], [33.465739730351956, 17.46282702823921], [9.063384468504367, 31.009305068078753], [120.42084110686844, 4.164802924673409], [87.72995574517026, 5.970719046182087], [34.735022511432426, 17.023446855596525], [78.8541188190271, 6.982001013360808], [31.085901942170096, 18.34847287530032], [7.772281419458933, 32.30614666072137], [0.9507381069304135, 43.35261151542835], [115.55928651516848, 4.291815363049567], [90.02568808811073, 5.7553376543145545], [110.83056876814857, 4.455310240988373], [1.5374262611109324, 41.67755582865879], [72.62674488083701, 7.896669332888695], [37.432136564960715, 16.13976182103881], [125.46605299589338, 4.073265053302385], [7.082472259529506, 32.953884568408554], [21.496672985441847, 22.589553954553043], [94.68163683081664, 5.368439013334053], [38.77014282626457, 15.670304616140937], [1.8500646994823224, 40.868533423245566], [101.57884298627506, 4.904328250760251], [130.6624149403294, 4.0182978126755575], [40.20848729613917, 15.215421667265407], [128.05005863683914, 4.041153766266811], [103.87506114458417, 4.775604098703724], [133.32360743569012, 4.004537854545996], [85.50018003743561, 6.196862837224279], [4.042719252339385, 36.82448397349206], [48.13588793931241, 12.988237704794], [2.204138245883383, 40.061083832285405], [52.64251057211166, 11.886277291599537], [122.93237217360195, 4.114327461930522], [26.261798234871197, 20.34141823137802], [92.34934151111946, 5.554236148193368], [27.4524838665757, 19.820497670079224], [65.08794512306937, 9.225780630398166], [23.83772568482835, 21.435812771446265], [117.98247294551417, 4.223531652724656], [12.80992794600214, 27.8963484721871], [108.48825695991478, 4.552046340077954], [3.057331210461183, 38.41651092141106], [2.6090335341831645, 39.23131721344735], [68.86202042668938, 8.552802675337745], [3.534213008845784, 37.60008261100437], [41.94334205832138, 14.69535203134135], [99.29341648623017, 5.044774305835687], [0.024231500816972847, 48.93543135537721], [0.3385555324375121, 46.00956527174664], [25.025050261422344, 20.897863071385785], [74.65910023096524, 7.576553722738385], [61.292942907239535, 9.964146916306845], [83.24306725822866, 6.443970608688389], [0.5057171135704097, 45.099412702483605], [0.09615959220500808, 47.91665726554757], [106.1610262037425, 4.659167082136434], [0.0, 50.0], [0.19868344423777753, 46.91250053202246], [0.0, 50.0], [136.0, 4.0]]",0.003089,44.48
BNH,MGPSO,13,100,0.422169,0.290033,4640.912770,0.640922,0.353021,92.0000,100.0000,"[[30.975287162444133, 18.38974390834472], [0.0, 50.0], [29.58095194313741, 18.939571654716715], [40.37335651637254, 15.16590493270122], [19.107188375186077, 23.86928682591166], [21.290528768388953, 22.715670182141913], [7.016999324711618, 33.025398697939806], [43.144457211144505, 14.35853544302164], [47.55773251028249, 13.160695453955695], [13.372537180065127, 27.4853150528578], [20.168090161939464, 23.287319583689026], [32.32547951539998, 17.893749924614916], [24.64952682891777, 21.09496420474558], [81.37886534475444, 6.662797839480898], [23.48224883936005, 21.613929962137092], [67.41934778384646, 8.797499526768188], [26.957554122310015, 20.02929810254775], [6.4047800201500165, 33.71346198247831], [50.6692694720649, 12.386034138970388], [49.03843976702558, 12.743751149733928], [35.073981426892196, 16.907957535814354], [28.21039663080431, 19.498075766824847], [54.03222457517357, 11.555035466502584], [25.760743269955178, 20.551866948890293], [52.30434488039708, 11.951895685579588], [36.38857543985398, 16.452124541761897], [5.26860787230863, 35.08662391057321], [44.54298753490336, 13.943770773982148], [39.0304377506523, 15.612587977355272], [65.4122961670977, 9.163790746151752], [17.19139320681672, 24.982593253523376], [16.239455688413372, 25.565319331568134], [11.578892504460452, 28.837680699930356], [69.42300742528272, 8.449434456277], [22.337774138379938, 22.168609630492423], [7.782140361402638, 32.37384415023119], [18.075600307310694, 24.464747118104317], [46.012176528406826, 13.543594571202146], [4.721471091087538, 35.81622687186431], [33.737711834829526, 17.380358848917524], [106.96463300648013, 4.6209039176062925], [10.790104974917135, 29.499683376862762], [75.36315466747836, 7.47075732026493], [3.777941310519605, 37.27139257545987], [15.249925045405362, 26.206915617669342], [12.485224320650717, 28.164393593888782], [99.51567600552664, 5.0305576782586465], [79.38710014551548, 6.912332523442858], [85.58281243826882, 6.188171089320168], [89.847072069555, 5.771485901563109], [111.82249229407368, 4.417567221748442], [3.3201582077684653, 38.03251946562625], [124.92349190353825, 4.081246279711705], [71.38528906677358, 8.103554630352967], [87.69686612833286, 5.9739501463063025], [114.37775824123689, 4.328832639914216], [9.236581741451612, 30.849072041532246], [94.53746528056608, 5.379476018192515], [61.582767457670705, 10.003193831786692], [101.98168293919467, 4.880865788574441], [92.17677016319965, 5.568610436181561], [63.45330840366013, 9.53827468935624], [41.7979307603039, 14.771077051019482], [77.3516026920834, 7.185294755271585], [5.828475638282768, 34.393920003106984], [73.34766582623706, 7.780548124312606], [104.4295522958875, 4.746309662049544], [122.23831814880178, 4.127285239803892], [97.00336960564945, 5.198515452288879], [0.681961844504869, 44.34699877466706], [83.42681113734412, 6.423139529372088], [0.4993732049110801, 45.12808270657725], [37.70492856430343, 16.01540342853857], [4.307356247251086, 36.55081141407324], [59.289548763488426, 10.40053664369175], [116.95301703889753, 4.251306975290443], [2.836089376700701, 38.8012030782114], [9.987938463859042, 30.178768924777923], [57.74094781151217, 10.815865045144331], [0.22016507971085572, 46.769105349950095], [1.4103574444102898, 42.08119502150372], [0.34576266795736305, 45.92997111940446], [119.60017973292167, 4.183477987285737], [0.10561205987240925, 47.73441788643174], [133.1937388851888, 4.00499223520459], [2.457553738866831, 39.638804098632484], [1.1545909916886177, 42.81442922586292], [130.471330246459, 4.019650947880733], [55.66608607712573, 11.162436539245139], [0.8899584737352353, 43.574065271535076], [109.36521776824199, 4.51455527514322], [2.02587450871622, 40.44757067547], [1.7467271564647586, 41.30543199150826], [8.46777356309801, 31.61432475303868], [0.03465585791764414, 48.718296649863134], [0.0, 50.0], [14.351706028369538, 26.864291032032174], [136.0, 4.0], [127.67006990037062, 4.045273455104773], [136.0, 4.0]]",0.003080,45.39
BNH,MGPSO,14,100,0.422771,0.268950,5364.586709,0.632826,0.352601,88.0000,99.0000,"[[0.0, 50.0], [21.952835216144102, 22.364601279272108], [34.16461455393525, 17.224679283418908], [59.821499382486365, 10.269376158384148], [25.368018127499354, 20.73475951829331], [28.787434055624523, 19.258377185825182], [53.99383628519273, 11.540015324391629], [24.21962529786265, 21.256637127080147], [30.03487598954313, 18.768930042196942], [27.649912800191153, 19.74919471173039], [17.7740369346059, 24.632984476139722], [43.49219254423069, 14.26409145089746], [55.91084326128365, 11.107317523105962], [1.6918716474013116, 41.23312106582881], [45.11986922099669, 13.783469101202105], [2.377640136579785, 39.6919030529907], [38.83205292809581, 15.646742943754667], [46.81940994184396, 13.332565747292673], [26.49899470704782, 20.226757425632783], [4.1225485992191135, 36.67958769915627], [3.189866160574554, 38.1692068351729], [78.71775967552816, 7.000027563574852], [23.134005971125625, 21.7824700107346], [15.047920489381138, 26.389390185799], [91.52230950168365, 5.623930484670112], [2.774748803907435, 38.919653236956776], [37.281530608903836, 16.168849252061193], [98.39164103434706, 5.103720485169759], [19.772661503597202, 23.513604163538417], [40.39216419950362, 15.158429172566258], [12.375447368184357, 28.219565183237307], [100.69272813206192, 4.957287124390756], [31.326344173679637, 18.261113471325025], [2.0265145963891547, 40.440560989574706], [15.952235375024486, 25.78269985650641], [110.23040663761229, 4.479066796430919], [7.018395860853737, 33.056755752532695], [74.72278030099301, 7.566879694860953], [6.357704837079863, 33.760253028346185], [7.67036095963155, 32.335651943261695], [32.808046798855, 17.736394423929433], [13.209040601382334, 27.624435809645536], [20.853296227996868, 22.925305562800027], [18.742974059385183, 24.075075138863884], [11.564599447039996, 28.855429147703152], [35.68917203639329, 16.679575546044056], [16.837201501577567, 25.19723942332284], [103.01584722659578, 4.822358116286476], [3.6554541732520125, 37.42912928023783], [84.88303968854521, 6.262556418328641], [9.937270016373123, 30.223476461241674], [67.46948295494835, 8.818537004092988], [72.73504725376489, 7.879039716973777], [61.81416287452215, 9.88535225793229], [9.156550941976054, 30.893966306373628], [41.91193370712599, 14.708822296179799], [5.760304847362191, 34.47583216783582], [82.79187554201394, 6.495675270157327], [69.22686250304398, 8.485342261951637], [57.85725925644644, 10.682222977740587], [50.14834807037322, 12.468248658499718], [96.09125869280845, 5.263538785742459], [1.4015781005228005, 42.00580465121513], [120.05874237291613, 4.172908148163672], [87.03054871784511, 6.039802447410011], [4.63123275817199, 35.9502307393296], [63.737667404509395, 9.528519579855374], [8.435071045090403, 31.642233121315286], [80.73734623549757, 6.7413454263898585], [112.65829122867905, 4.387212440000796], [10.735863313971759, 29.526975337432738], [93.78362157112049, 5.438135933391793], [115.08529213012262, 4.30636713180963], [14.109114393636053, 26.975093476907638], [70.97711618645289, 8.1855214146197], [117.55082861130202, 4.234958451527701], [48.32800095147786, 12.92539665171245], [105.32036368830431, 4.700665124839722], [5.340259835710896, 35.24642391144779], [52.380071169936414, 12.109522497662654], [89.26531618280956, 5.824783386875618], [0.8536626923343822, 43.68777552759795], [0.01617408331823369, 49.15018492214689], [130.15783534592293, 4.021978649974002], [122.2511885660403, 4.1270381388728135], [0.1545966246236688, 47.26261957042886], [76.71005210460797, 7.275298328498176], [124.92797489193006, 4.081178541288662], [107.75449982828614, 4.584611030323654], [1.1520673527462315, 42.69986357011037], [0.447356163267771, 45.38299060488839], [0.7824290935195843, 44.601482648404506], [65.63851613280883, 9.188995254389841], [0.30552311324081305, 46.19496831412158], [0.0, 50.0], [136.0, 4.0], [133.04678565438223, 4.005532927595597], [127.47835982552748, 4.04742986675201], [136.0, 4.0]]",0.003179,45.08
BNH,MGPSO,15,100,0.415884,0.220597,3421.108092,0.561435,0.310124,88.0000,100.0000,"[[48.37720751355002, 12.927243745346612], [49.9109624170833, 12.523243907002296], [46.8605649232139, 13.314606079985609], [37.90881632169544, 15.95612169652167], [40.78794981005449, 15.050521846637704], [53.05174915398622, 11.775732286444912], [42.31117191601078, 14.607625874543828], [18.331015486754964, 24.341526144808974], [95.95494833926065, 5.27344671419394], [56.35617838276861, 11.008484622557692], [14.305811348672778, 26.832246644862067], [51.47495713955108, 12.149572479618413], [28.831214686790815, 19.24262622951428], [34.9744327809754, 17.03013230459626], [4.968053403550423, 35.48223655843843], [27.488149704631475, 19.80434933961079], [73.10052177631911, 7.820031619613983], [109.08810985499562, 4.5262353155749455], [106.82895696827126, 4.6272686597731845], [30.22022370475933, 18.68766001536931], [39.35621571069245, 15.492830189025423], [16.236716478463457, 25.56708843202764], [58.09451831288387, 10.630802730643994], [54.70756994514002, 11.378075369901104], [45.38961773745892, 13.767634822246986], [43.800320834389225, 14.166161874891873], [74.92248018561848, 7.536678252516788], [102.37694330706205, 4.858212669410654], [3.0244126949194694, 38.459233532993295], [59.955577292672075, 10.237445772714615], [98.08441378540753, 5.124271789032175], [69.39936785239507, 8.453748865417264], [31.601497432957842, 18.150299682785366], [71.29621388856148, 8.118745070879207], [3.927007707741955, 36.96954142710989], [111.3734965773827, 4.434418680817559], [115.99159563255726, 4.2788885119562226], [24.63157071478246, 21.06833443261695], [123.1582018641011, 4.110271909019625], [8.262853087971113, 31.745778997293417], [9.889439408137923, 30.271966826820478], [61.95956494178648, 9.908885362097866], [36.46655183260747, 16.47053421260291], [76.78714012329357, 7.264379811636735], [22.14659363679384, 22.304487382649565], [113.68287995988634, 4.351774018946155], [11.535468717400075, 28.90726549167476], [63.81561767668579, 9.474440919215679], [15.297849263501082, 26.176625628921304], [128.0262520955209, 4.041405853408841], [1.9324875472528498, 40.65819228296367], [2.292941408999039, 39.87253747946407], [78.80483108517572, 6.988507223503735], [100.22141863573862, 4.986221078415778], [6.8161509154560225, 33.26008424818306], [6.140983056941516, 34.014423470717986], [0.8197257472277095, 43.83632068782023], [80.870652661566, 6.72488309954522], [2.6575200798248337, 39.13907199282832], [10.666183229444297, 29.57750952372224], [65.66873432086906, 9.117174196277047], [12.376400323401182, 28.218903824344274], [1.0553164187964121, 43.012039616008664], [133.333606152877, 4.0045037822190155], [9.054238907608841, 30.986561950180928], [130.6278194313411, 4.018539116946597], [3.5197730334631974, 37.719210891329226], [104.58980500632076, 4.73797014932513], [82.9726770783191, 6.474861360405482], [125.5808233140988, 4.071632602779478], [1.61827620445802, 41.41109772672901], [67.44579808960701, 8.790703135154075], [120.7300672440879, 4.158048524009712], [20.11648495609552, 23.35508119511058], [23.489486367373473, 21.722590089067424], [4.43631377395788, 36.22298498551573], [17.31159875694874, 24.93091717685618], [7.490738923726138, 32.522747638401775], [0.2385033384600641, 46.61040617042457], [93.77734703890061, 5.43863092530451], [21.189985533032218, 22.847778877916205], [26.14178437000692, 20.412075209402488], [0.030060987382501347, 49.14061001294602], [1.3789841201578787, 42.065305976330976], [33.21881092087467, 17.55116331320474], [0.060629344732463494, 48.28347010565695], [88.08364657721182, 5.936411309251959], [5.580484830063766, 34.71599895365792], [13.35245628508272, 27.511685527189222], [118.34427770795497, 4.214195510443547], [0.6335847936820636, 44.58474033382311], [0.41929253016267487, 45.53876288238765], [85.57727152285617, 6.1887531491065655], [19.266409670796484, 23.849052825689853], [0.1553900397988125, 47.33972177428217], [91.38501295303291, 5.635699307608085], [136.0, 4.0], [89.6342264440236, 5.7908606007352645], [0.0, 50.0], [136.0, 4.0]]",0.003307,43.18
BNH,MGPSO,16,100,0.427910,0.304159,4991.866065,0.624392,0.337808,85.0000,99.0000,"[[0.0, 50.0], [47.94718019747632, 13.029798544478755], [32.31283164880341, 17.88544463153908], [46.389395049726005, 13.459454554337562], [44.73578422918518, 13.896279585981421], [49.59168502593661, 12.607000257742222], [29.61197833631274, 18.934113175377064], [33.798996454650116, 17.340926001731802], [6.421653944039188, 33.68694828993796], [39.90670168435949, 15.307514525074883], [28.303234682798852, 19.45961712285888], [17.343394333387337, 24.896054827636377], [35.310741962047004, 16.812868353874943], [30.967271695395482, 18.420335065368683], [41.5078231441377, 14.820494775425221], [5.811241562862827, 34.42017428881974], [83.52820378593121, 6.411699996016976], [27.001637862047332, 20.011984936530247], [43.15531075671721, 14.346167921805648], [60.17869558344025, 10.190916213165025], [87.53445427311091, 5.9898626243073725], [51.30164982899167, 12.183467602754714], [12.629949435682018, 28.089836930196242], [3.2670511294325735, 38.036361413303155], [10.077735741068555, 30.07236682054986], [11.74119813800064, 28.711005931995707], [24.576318215339718, 21.156609322091057], [14.42452228545461, 26.760247467554525], [71.77320911985802, 8.039089749897052], [16.33211262952004, 25.50787947478696], [4.707144364916437, 35.86514785347325], [20.862556193318042, 22.958251451312155], [93.82842413794843, 5.434604756313537], [19.63221815689299, 23.594568400452687], [23.19823989190372, 21.742240911125254], [98.16010419214234, 5.119186320759879], [18.430993340737416, 24.269001081721683], [36.80221397519504, 16.309282001267153], [38.328141549334944, 15.831299734977978], [65.90695550248677, 9.073237220215255], [79.71240482248632, 6.870422512734536], [62.15286214169474, 9.828140351878343], [107.28767331703193, 4.605904389926876], [85.4971977499969, 6.197176989096448], [56.79981907846917, 10.964190499443863], [58.41206836290709, 10.578736103490769], [13.510294108753726, 27.394404279408008], [53.27520689165146, 11.788589543780045], [89.58251920501753, 5.795589089180874], [91.69962017991023, 5.608815961342925], [2.854558625405966, 38.771648064105385], [25.696880605912767, 20.586768970414084], [102.57349031704416, 4.847082822395845], [9.465013032135104, 30.730608685084494], [119.75323440584025, 4.179911993340081], [81.61423721678116, 6.634402808666282], [10.892559273369677, 29.39305149974244], [112.13941611691365, 4.405902598752327], [122.42347261950464, 4.123755299632413], [2.135653340088683, 40.2119904392472], [4.248918045564919, 36.57601149204036], [8.691667333509209, 31.366361452136434], [100.35403500193567, 4.97802539452831], [95.97750403338542, 5.271803768958184], [133.32393813346562, 4.004536725556035], [21.966599408309108, 22.36117586664028], [7.89912408063536, 32.11585271103927], [104.91124450565451, 4.721412672182951], [2.4808925707596865, 39.48522314811303], [125.10480336886, 4.078530516006102], [114.60737756294601, 4.321443545789812], [69.78875144053315, 8.383141582759437], [67.83346467004935, 8.747789839630736], [1.8189538224339576, 40.98089994625909], [54.84028176522112, 11.348383533290985], [77.92577443077526, 7.106385912465201], [15.363336437489009, 26.12995371822609], [63.99967428016835, 9.431640596115983], [0.27735244823061755, 46.37255876123315], [73.81722923013055, 7.7064499715610175], [0.7681735022213289, 44.00660990438431], [76.0225282521192, 7.373951641291532], [0.5966580874925647, 44.71142960825453], [1.0005620496622796, 43.198372565891745], [117.24837569468284, 4.243153483861489], [0.41410125453383667, 45.55608270793414], [3.7695696947736375, 37.359876042818044], [109.72487974777789, 4.499623254612155], [1.5043956282502107, 41.718398182144796], [1.2437855231920003, 42.431110180666714], [5.3091935456803805, 35.15058900425174], [7.115234855928225, 32.91892690558046], [130.56229710613144, 4.0190005910454065], [0.03213893326384156, 49.11166799386383], [128.1400272079938, 4.040208331749145], [0.1640061814574646, 47.19150448960836], [136.0, 4.0], [0.0, 50.0], [136.0, 4.0]]",0.003229,43.96
BNH,MGPSO,17,100,0.398113,0.111873,4677.341076,0.567798,0.304138,85.0000,100.0000,"[[0.0, 50.0], [136.0, 4.0], [20.200347642934254, 23.285696509252965], [19.07806110659991, 23.88586995404738], [49.16010476668853, 12.720764461712008], [11.91039460348748, 28.57864601626646], [1.9831923034682197, 40.542883536056216], [40.88303819779058, 15.020314649369311], [32.11435342580391, 17.95791869338167], [22.589861997108937, 22.089122520631236], [45.70228810258618, 13.623626223991032], [1.339704137579437, 42.15091123588727], [10.086290262943713, 30.066323970914183], [14.884844906415372, 26.492759663665517], [1.6463532133779677, 41.34120203391713], [12.864006237354893, 27.856365649682417], [44.0646469771585, 14.078583705688025], [47.40413278815872, 13.175308833373034], [85.47456748852524, 6.199561883977923], [108.22285235112405, 4.5636984405781655], [68.5489934779111, 8.592871439427217], [120.38262848677734, 4.165648280312283], [58.2594009903622, 10.592929750523217], [15.852539687575746, 25.80983494422062], [33.416471563676694, 17.48627278459012], [6.393079253213979, 33.72107659068007], [4.20177422398634, 36.56169414627855], [56.47025653757867, 11.000329864832322], [8.473900018809157, 31.539080857306626], [13.863427822050967, 27.1548688620804], [115.39781980169609, 4.296727816808484], [95.17972281195492, 5.330751648979621], [42.45666759590871, 14.545993187670481], [125.50330549046654, 4.072733056622347], [27.484835447674918, 19.856982239387687], [77.8318153926426, 7.119194057221466], [30.935454763572814, 18.460720891534493], [79.71285683237554, 6.870364598517215], [63.367039230069096, 9.553866077941517], [37.733808422302104, 15.998553402925548], [34.758590787002305, 17.00272058663181], [105.93727645366272, 4.670064231359393], [66.81974416279468, 8.92746469021153], [7.022880913481139, 33.017145281302476], [128.0946368779097, 4.040683885013823], [99.31334606179831, 5.0434945332956485], [60.001446162509225, 10.238587876593016], [101.47654202113159, 4.91034720745705], [87.40268961264078, 6.002837875590478], [7.725735991039933, 32.27778363094639], [10.972283117971928, 29.325561325321146], [110.56699732280936, 4.46565718388764], [72.20532195175238, 7.96590131044738], [133.33982277870672, 4.0044826636214435], [103.67153265521014, 4.786528744330114], [54.69947313607118, 11.430152915032158], [83.52411373717686, 6.416669550172349], [26.211349085242865, 20.35149366370466], [81.59476691255168, 6.636743134879977], [16.904398053598996, 25.163699040142106], [23.803281553495363, 21.45281138650983], [0.7881642577788368, 43.92116587602787], [51.032717253696916, 12.270233531206237], [61.733222734426796, 9.885975731620931], [91.25078173553953, 5.647260640403881], [36.22017291616823, 16.51491614502028], [0.09402040987921556, 47.85752770835417], [0.5590031517784944, 44.87524550332867], [4.721264663183477, 35.8165217942104], [28.524116049332903, 19.37163183076692], [0.02352577879046997, 48.922686165779325], [112.96558341248914, 4.376380347457312], [21.3241440035437, 22.678233327982774], [65.07487827547244, 9.227370946732721], [122.92970970135957, 4.1143757443227065], [2.350507180447458, 39.76157404342881], [5.270488689733179, 35.110806295811656], [25.07954509932685, 20.89977458183894], [39.28251632755474, 15.508370993482306], [74.08241922729414, 7.665127486218796], [52.79828987005499, 11.821537896576208], [5.808698301848848, 34.41100319629584], [17.97436876988324, 24.516936674660162], [1.0515787760825064, 43.013218192372264], [9.266006167039786, 30.813058409927482], [0.20758351486836613, 46.83104704453911], [93.20123793662162, 5.484559479487502], [29.71722135798317, 18.886848691766197], [3.6926961183604003, 37.3438267514121], [117.87481746036559, 4.226352121765899], [130.6975638988317, 4.018054311629882], [2.7629958386645663, 38.9494701868675], [70.38170492834018, 8.277468881537844], [89.30453474573837, 5.821156373149501], [97.21327365371455, 5.1838623673271815], [0.3669636527325038, 45.81803508081009], [3.262691671075731, 38.1565137509835], [75.98285511498318, 7.379715014281947], [0.0, 50.0], [136.0, 4.0]]",0.003188,44.14
BNH,MGPSO,18,100,0.418846,0.282612,5921.122463,0.648302,0.338725,84.0000,100.0000,"[[136.0, 4.0], [21.037329004640334, 22.828563702125123], [32.76236680455504, 17.751273606557234], [14.558313788375742, 26.691679560119567], [27.373769191067666, 19.873558517747586], [24.828239176943992, 20.988240165525767], [31.37020511170809, 18.241726484900546], [41.36155681721546, 14.910880353053908], [58.112329952421476, 10.633899310865072], [6.100901356220609, 34.06516158188623], [96.3037325296647, 5.248194166032651], [11.689975833637853, 28.746117536151353], [23.488125057780756, 21.602430640195813], [4.376070643004644, 36.32469567992687], [5.498033298624282, 34.809380358063265], [7.340454763307637, 32.702258327001076], [4.93443040430915, 35.57714036994909], [13.56071723549419, 27.409364300643215], [6.713968854503338, 33.3642515078736], [68.48290339352857, 8.623838565062684], [54.56664797670961, 11.427635600481963], [66.76020906393741, 8.91516172406228], [49.07951175470184, 12.740363697402628], [56.32815479768362, 11.021491475450091], [122.18350632297192, 4.1283404755779625], [39.865391436103224, 15.333046797155774], [70.17976948633252, 8.313208978602258], [98.77737349124362, 5.078256523134668], [37.012045077144435, 16.23457581091033], [119.55249662052987, 4.18459676923755], [93.88751120498497, 5.429956449602813], [73.63793839938728, 7.734601389234886], [50.86406780130408, 12.305313004450044], [42.7605397031335, 14.504657131685773], [114.3362823639926, 4.330177439097774], [9.3927130533581, 30.68455615496232], [77.16194580557192, 7.211698364258236], [82.85312817192374, 6.488609593151797], [15.56615502661586, 25.999614292194426], [17.709114557868617, 24.67907582131505], [10.125801645830212, 30.036344106791102], [28.613506266269376, 19.329566335855603], [71.88712180104899, 8.018849958802406], [127.59485105354833, 4.046113290226711], [101.2985203253954, 4.920880154703613], [12.563015616461609, 28.0781265059872], [130.35217759703357, 4.020519859440232], [80.94991200638515, 6.715130229406631], [87.06831409623928, 6.036029667274464], [52.68665927828073, 11.847911397404692], [10.89194664131896, 29.38846855883939], [19.95760095710787, 23.40457938525625], [63.42190940685984, 9.56183043836352], [34.19066962798825, 17.205861475433096], [35.63292623842389, 16.699396122865977], [124.87076440704858, 4.082045246674782], [47.48090879332275, 13.192355394619428], [8.68014184941623, 31.369776209507275], [133.14906307251755, 4.005153629819622], [61.684234704566975, 9.901892544153986], [38.440972675113606, 15.784912670278947], [109.05526022757324, 4.527630088071736], [106.4289221208763, 4.646259938228385], [18.82138627096014, 24.028791423804197], [26.071525298145676, 20.448049840762742], [79.07390329599875, 6.953119930760183], [2.2939963648714015, 39.865092492159036], [3.490914652468997, 37.70288442616112], [1.6763386385422037, 41.26426908373816], [75.37719936853992, 7.468672609942505], [0.3154796048346476, 46.12944242051998], [1.4036826326358827, 42.09571446077337], [1.9780414942292732, 40.575336229487675], [16.653099572855723, 25.33810873330518], [103.85822025020423, 4.776504535060615], [44.06483519577207, 14.08451381194434], [0.8561843486824476, 43.7004963976848], [3.088108004298584, 38.38718418303928], [2.67696599923903, 39.113691354192824], [84.942750269516, 6.256139875364743], [89.2942316254713, 5.822108748330518], [111.71317531834282, 4.421634765040534], [91.58515641445682, 5.618562370866398], [45.62135405819774, 13.652071167191524], [65.08344406919477, 9.226058868809336], [8.062293788264038, 32.04523117900096], [59.81742949216222, 10.269907813753724], [29.986172248251556, 18.785460838068705], [0.46246434407767234, 45.33099084807297], [22.358526397881047, 22.20524799889246], [3.943196623102039, 37.012913743604315], [0.23169172812325306, 46.97585083760572], [1.1098430144820834, 42.90300476788407], [0.7392505980679651, 44.52985700668154], [116.94226535734154, 4.251606598850794], [0.11995491323089023, 47.909771511151604], [0.0, 50.0], [0.029460363186046917, 48.91035316584323], [0.0, 50.0], [136.0, 4.0]]",0.003149,45.44
BNH,MGPSO,19,100,0.425945,0.342190,5173.225192,0.617891,0.325949,89.0000,100.0000,"[[37.97629839628979, 15.925878945342454], [0.0, 50.0], [22.519925180511017, 22.098859339592934], [23.693241459818594, 21.511783207985815], [33.880758807865824, 17.311623252389257], [45.51387648415199, 13.675439807387036], [27.34562861598931, 19.869104987122288], [6.282995682348686, 33.84663225071918], [28.626820605891126, 19.33031482017512], [16.828825928936347, 25.23314159451307], [31.255573641730145, 18.302408944441673], [26.1617694818677, 20.375870835493828], [95.79280945639667, 5.285297191182884], [39.456937655711876, 15.461075580197086], [76.99270066850426, 7.235404016964658], [32.519748064868494, 17.81124232125528], [9.030937432578067, 31.009907965628756], [13.477896241037453, 27.479514145584453], [73.23787064813489, 7.798047403327766], [15.75110469388635, 25.874375825940295], [48.218122813919415, 12.96627482346275], [2.7713794249072254, 38.92386714723698], [58.45737039432167, 10.584756009711146], [53.11365613709887, 11.74569223465821], [9.892497834399386, 30.328955748558634], [42.379315743212956, 14.577036829185397], [20.160119204785275, 23.291114060029635], [93.51577731046424, 5.459365838903847], [35.164802759604974, 16.87156553830456], [21.409068081664916, 22.6899255755376], [69.47882568794245, 8.439261520488483], [67.5918248183186, 8.763837864589574], [71.35986455034613, 8.107885588814753], [82.83267008937452, 6.490967867281807], [29.91351314845315, 18.815559146740277], [7.64170838754152, 32.40027090411268], [114.4567875837332, 4.326278796373348], [46.8470802346432, 13.319978508369314], [43.93782292739479, 14.114093386609433], [5.659259364847987, 34.625984146174495], [78.9107730504532, 6.9745357619794115], [17.885803018401948, 24.57239002063458], [91.27489325206591, 5.64517988087044], [75.10251707906085, 7.509626535540916], [98.07397571074128, 5.124974247812438], [54.970237174051086, 11.35175557942414], [109.65472071571116, 4.502515921909792], [122.12143798469532, 4.129541080790433], [80.8622265603552, 6.7259214672643575], [100.35978379768662, 4.97767108321436], [2.417061482669747, 39.65913333847594], [116.97827357324407, 4.250603916604792], [5.084306099440653, 35.38949385809636], [14.64063422758104, 26.65777204277981], [89.04991520990644, 5.844792436540882], [8.313585346110841, 31.69209863806455], [119.5175622325793, 4.185418791461175], [36.5292340661584, 16.399433824323765], [12.454378618579483, 28.166946948228485], [4.537957419411524, 36.09628787453303], [84.86164979789436, 6.26485816277652], [1.7610190135901598, 41.18501514852318], [65.75068448662057, 9.104436611517626], [40.86809671193207, 15.012997947966209], [56.68598937848806, 10.960152387172108], [112.03260237216641, 4.409812788669287], [49.67830299141923, 12.598606050683902], [10.722913906944243, 29.549377131162338], [127.47798007209934, 4.047434190385009], [0.6488725528419306, 44.46653811026399], [124.75553854675721, 4.083805678376004], [4.112835844016483, 36.79620459989239], [11.62570936333643, 28.82340357597308], [24.894814264767753, 20.959702240237284], [51.39358505761254, 12.167131754368489], [1.40317674292851, 42.021301760364295], [18.98760015830728, 23.936920028423245], [63.917536584241574, 9.454308121988198], [62.15129225615568, 9.828814771226803], [2.0669755201735853, 40.36907247826615], [1.1204457097219813, 42.803196367506516], [3.6474467547235285, 37.50772215316893], [6.942441640351256, 33.108032821921235], [107.2806870215012, 4.606226482071006], [3.1783448335847497, 38.210090331401716], [130.26698536786594, 4.021152986887916], [104.96193296503542, 4.718822338473601], [0.3185359006921978, 46.09156876373999], [102.65612270035025, 4.8424301735301025], [60.18717702494948, 10.192452359991886], [86.93772701110157, 6.0490961752928785], [0.19646281457103898, 46.976774818161374], [133.1126478077805, 4.005287109954096], [1.0152294991276656, 43.64952165015683], [0.0877990467561474, 47.935500809940024], [0.47525780029445663, 45.296412646954806], [136.0, 4.0], [0.0, 50.0], [0.031045263373533933, 48.95133583923078], [136.0, 4.0]]",0.003187,44.57
BNH,MGPSO,20,100,0.408420,0.229176,5960.497398,0.552222,0.291530,84.0000,100.0000,"[[136.0, 4.0], [0.0, 50.0], [64.52627343589346, 9.362435681775182], [62.7853488699093, 9.682894270324255], [52.81923921063566, 11.82456209642591], [54.41654536039233, 11.443056523764145], [37.286728661293395, 16.144089769271833], [13.524492330331073, 27.38410340848977], [67.88846687030923, 8.7194074595845], [87.47961892689621, 5.995255281556526], [51.266263063814336, 12.192259503286088], [93.81995263750753, 5.435272011860891], [11.648007166863552, 28.792538833681157], [9.051715792034663, 31.032459989126206], [43.19653624124291, 14.325765728807799], [49.722604246169176, 12.585803368346191], [56.15279736492023, 11.062940910267926], [109.08865853297227, 4.526212037420539], [128.17939404627893, 4.039798244363749], [12.531923595027703, 28.101281643920128], [100.31340028438271, 4.980532086701967], [44.736839733501796, 13.88944669267963], [9.916211684875726, 30.24651537317739], [30.222405969600047, 18.701690684195402], [102.47963930895087, 4.852386199676382], [26.656355465265577, 20.157657828860756], [120.7107984845028, 4.15846492396271], [27.77397085989195, 19.687685855816955], [23.24295757278375, 21.72197860096746], [0.5939640096646114, 44.70140575999916], [71.43124683366294, 8.095735657817828], [22.025734080803765, 22.32125693345776], [20.921490063031733, 22.8948397886357], [7.46961876739365, 32.5496438713501], [89.5587042328659, 5.797769769780947], [3.7572009444013377, 37.23357925291633], [8.225012357462221, 31.781603122234284], [73.28135221117412, 7.791109348495199], [104.66788649894697, 4.733927294472109], [57.839380361904915, 10.707756382627291], [111.3363761261243, 4.435829052927293], [83.29264627487288, 6.438337054525597], [0.8295430372803713, 43.76945164981747], [91.68306271022607, 5.610223363678907], [61.19483676766896, 10.039958173930353], [34.549607503958285, 17.07538270168343], [0.3914518156753748, 45.67473121540203], [77.19344221261971, 7.207301746760072], [125.6575220907069, 4.070552495491676], [118.30811331317507, 4.21511883553347], [24.452626407316167, 21.15565165722864], [95.97730128000669, 5.271818531311362], [98.13831337978453, 5.1206488974194215], [106.86867247744392, 4.625401561801318], [10.76347453064541, 29.507083953442837], [2.4132455794504244, 39.619005371033246], [79.22112992346109, 6.933892974388256], [66.15461964530758, 9.032431427090746], [17.973685752629642, 24.51536057342888], [15.658364541405604, 25.938404832113903], [35.974533556623555, 16.62706274499056], [19.008482147386825, 24.000811670960758], [133.3645256622016, 4.004399242097323], [33.159270724966944, 17.592659568528745], [41.61519783600681, 14.798730489188262], [19.90318514844364, 23.437298601892156], [123.17272877369041, 4.110013713313411], [4.272613205587467, 36.459841940368634], [2.062662598023585, 40.36036375047015], [46.39157364192553, 13.435906281365753], [31.679774876437513, 18.125340874443786], [81.24005226159375, 6.679650198788693], [6.805191722214252, 33.36960128508684], [130.75645389412, 4.01765009556077], [38.75012288586361, 15.708942584783022], [115.9440862616642, 4.280293112100305], [59.359772627601764, 10.387173226457646], [1.108410512583611, 42.83664638590727], [25.593206086588673, 20.679635534907156], [113.62566538284065, 4.353702075519997], [6.099586495867177, 34.12989566716702], [0.22830744205483428, 46.678562435670514], [48.05902273515886, 12.99488918131151], [3.2834295614363063, 38.018211956711475], [28.994407690750013, 19.173889690448345], [85.3827416938309, 6.209257853971204], [75.22365562493732, 7.491518005571756], [0.10649944865185845, 47.720452453147836], [0.027144980280248247, 48.85534694971611], [14.581040380631048, 26.650383330982702], [5.455935836202405, 34.84751772802211], [2.8374179303706795, 38.80209239225219], [4.859437909998631, 35.635668424411165], [69.64323661206456, 8.409414095163939], [16.80738565938752, 25.21518633458291], [1.4087125934775466, 41.9952395067983], [1.7186905578153522, 41.16635191087066], [40.13742108623266, 15.242441875656933], [0.0, 50.0], [136.0, 4.0]]",0.003106,44.90
BNH,MGPSO,21,100,0.408971,0.271173,4245.688246,0.606946,0.316798,81.0000,100.0000,"[[31.90497885235534, 18.06117236834664], [0.0, 50.0], [12.68832713272134, 28.040825876808405], [41.244104908887664, 14.902532423278888], [38.36024603996155, 15.796971153290638], [39.779616631487116, 15.371112511415575], [35.65666640347393, 16.690602544583733], [42.77179767152515, 14.467830899663465], [33.152126805788306, 17.602549090065196], [24.37623096735431, 21.18746406236844], [65.53128188299095, 9.144331290999876], [71.15296315747784, 8.143273612174847], [23.194899357386404, 21.743804596089536], [58.520222295058666, 10.54431837884906], [26.816990813211902, 20.098120445078003], [34.315734021907815, 17.16323517174426], [29.410890826155796, 19.01062007552882], [37.09883062986677, 16.244560679503902], [85.05885854466953, 6.243700036119909], [10.894261487213603, 29.398958746772582], [30.65202548381782, 18.5349069368207], [13.567143721472007, 27.352425273015065], [25.587915017419782, 20.633251425104763], [69.2963903794267, 8.472585338379243], [9.325840081811588, 30.79823987705725], [60.283738048183054, 10.16988079263117], [45.89126488958341, 13.57206825985913], [48.86451306235085, 12.792124267012934], [47.38621922859045, 13.172090240168593], [10.091570409555658, 30.098212454680834], [11.737858925184511, 28.71041340652097], [56.79651224775628, 10.914373429824973], [67.4125604139438, 8.8129693203856], [91.04610394559543, 5.664995169624552], [95.20882542727162, 5.328570764612811], [17.66868457813503, 24.720225274422088], [122.1065977742992, 4.129829031422848], [81.01240513334997, 6.707458819170119], [61.93866356277549, 9.83457952291994], [28.07210903263363, 19.56901598311775], [4.365184132664323, 36.363448964645684], [73.05587822271018, 7.827199760448707], [22.01246493494432, 22.341069533177087], [14.523216241001986, 26.701272057124307], [16.55291529625544, 25.38412436182469], [83.04471803936917, 6.466603393724029], [127.59442470908348, 4.0461180734419635], [55.13968320831497, 11.277939477211689], [2.753225384588334, 38.9699718268976], [63.68416157307256, 9.492254427030394], [5.63126340577744, 34.663622830289455], [116.78444890917004, 4.256027417300762], [78.9960530440822, 6.963325436879129], [44.34151629484364, 14.038230620717059], [3.2075646069799637, 38.1467516726793], [101.97242530218901, 4.8814007155297725], [53.53733312111153, 11.645924414605062], [0.13397261497134982, 47.45780358187595], [104.29055921587094, 4.753588745203407], [0.05976423631866756, 48.29248802065172], [77.01558408801972, 7.232190848786983], [119.43542295456753, 4.1873594432040875], [106.70089934089626, 4.633311421079765], [50.409143948595975, 12.400421574981277], [89.0286182292566, 5.846778896914614], [114.18742117868116, 4.335029620230776], [87.03487577229232, 6.039369924546608], [6.318679802126146, 33.83872689358274], [124.83111848638147, 4.082648723532742], [111.58551322468792, 4.426413610796415], [133.17363780765157, 4.005064529494477], [2.3351616336244865, 39.78402264467333], [5.002597050896562, 35.483308588397314], [15.517915995178265, 26.03420443862686], [93.133905720348, 5.489989649840062], [99.66329766749448, 5.021182650248344], [1.0354946474646434, 43.18387607071364], [51.9781942582044, 12.01699697367194], [1.3425970703810566, 42.302879476008926], [109.11895698334389, 4.5249275331924785], [1.943148834712042, 40.68924229539368], [18.72686512468345, 24.08684725141615], [1.6116261831131804, 41.42849747670269], [97.40192650161484, 5.170790935706185], [0.4091927278906508, 45.711992367381114], [0.24479061005652236, 46.57749280870879], [75.01856877055556, 7.522219627876338], [0.571665260820122, 44.85660688785913], [3.7365538258235365, 37.276579067490246], [0.014889725092509548, 49.14418341105636], [8.5136725650962, 31.53864389338716], [20.88174113617228, 22.909660615659554], [19.81107590981405, 23.506665743854025], [7.934627263371229, 32.16633241553056], [0.7801932534818807, 44.00555133201327], [7.0434682476648796, 32.99675284546138], [136.0, 4.0], [0.0, 50.0], [130.37445051446392, 4.020355965493237], [136.0, 4.0]]",0.003131,45.23
BNH,MGPSO,22,100,0.414159,0.275394,5623.688711,0.582152,0.319463,95.0000,100.0000,"[[136.0, 4.0], [0.0, 50.0], [36.87497248910786, 16.29161354597777], [9.315459292923311, 30.759199306138964], [45.56270708252994, 13.663098029354108], [30.037537022676098, 18.789944359825316], [12.653994147576958, 28.01006288306458], [55.61542618327176, 11.184551903095748], [34.0040310469709, 17.288685219713052], [44.17638048796658, 14.059726035957102], [10.077077005045059, 30.07878668357263], [19.76595130718868, 23.574739445706545], [22.917051264329213, 21.912425111190053], [21.765677353928634, 22.452278775266787], [35.38267263485008, 16.803270975508745], [93.14531697151979, 5.489068438848198], [17.48274814274908, 24.810377594277263], [8.57087100127177, 31.446354320030995], [26.37992400832418, 20.317051529041628], [91.04839214950778, 5.664796198325435], [25.190815261411267, 20.836538004254074], [99.72046829081641, 5.017566323968308], [48.754999865319164, 12.816049074520503], [63.25171916134678, 9.5767799353717], [97.48076297855903, 5.165355909329257], [50.39706815106156, 12.418802279893768], [6.4716450866088575, 33.64072816279803], [57.40419375966566, 10.77672951753137], [47.16756586001338, 13.23022874997703], [10.887982904194171, 29.389637690076288], [0.9548206898107232, 43.35283763507516], [80.79885597549784, 6.733740238619019], [65.23867077669327, 9.22659788574712], [7.86654669711674, 32.144080341258395], [15.425403954617803, 26.09138590174946], [14.50709527192656, 26.73903790383612], [69.09471546071515, 8.50967555343724], [61.259193161545625, 9.989863849373537], [76.81330499093895, 7.260680384039072], [18.553139382186238, 24.181091445612488], [23.975514304542394, 21.371822088972635], [3.622171419504779, 37.4572830095493], [116.41027755495452, 4.266680428287952], [13.567138730794872, 27.349956460828928], [4.130237658388582, 36.663313313070816], [82.81306859983945, 6.493228930221109], [4.718771704736169, 35.868452619632905], [118.8630767573104, 4.201189998339137], [32.692718368816074, 17.778796691889454], [53.83714929078325, 11.583238165025499], [78.80259118188827, 6.988803158594636], [39.85156249642462, 15.339564293662484], [102.00910736277005, 4.87928231703324], [5.2650811571056515, 35.10718790133319], [16.46717018249128, 25.43094595688686], [72.87658861016061, 7.856098635403155], [2.6693728509594834, 39.114512881675395], [70.94789824639098, 8.178600855323335], [1.5310849808958866, 41.63421564187777], [0.7218845796239338, 44.19269621059118], [74.83941548352661, 7.549215445326807], [41.22228290545999, 14.9077714482566], [67.14228320944082, 8.851135988395326], [20.75840922864247, 22.991366011819892], [111.50168705451605, 4.429568378491079], [42.7304320715427, 14.570724448882482], [28.769305782309168, 19.281187742654133], [126.17712372284372, 4.063462771468002], [0.5162463645955674, 45.07297082629091], [27.485588524179178, 19.81265096000371], [113.93021037841952, 4.343507980335215], [2.267287138377961, 39.92278686795001], [7.146019054563229, 32.88549999878106], [5.866011994676198, 34.36239259027671], [123.7321664823462, 4.100316288201131], [31.317893669829502, 18.275944147006385], [1.2480567435304255, 42.49053523107607], [95.29705858377197, 5.321972966170225], [131.0841219584532, 4.015486712917198], [121.2736325655054, 4.146546427366648], [59.30819862303744, 10.37329409746997], [1.8947961945865268, 40.77639240130499], [84.8477333547451, 6.266356596148064], [0.19642370912234314, 46.93298012310649], [133.51686867125994, 4.003902315335325], [52.118343561951306, 11.981659578499332], [0.33434872339757415, 45.99840296693295], [3.1296041418651845, 38.28957147222021], [11.741180613413945, 28.706022098858924], [104.3308886940598, 4.751472284944014], [128.61178113980554, 4.035437779936763], [86.89931987484836, 6.052950331227202], [88.97626664233461, 5.851668195267228], [0.08706592415862793, 47.961302297959804], [0.02187559562772543, 48.95963177655344], [109.07591011405917, 4.526753056086134], [106.69160427532513, 4.633751376156381], [38.31776550573561, 15.81530435169043], [0.0, 50.0], [136.0, 4.0]]",0.003127,45.20
BNH,MGPSO,23,100,0.416155,0.215070,4478.813690,0.655184,0.359783,93.0000,100.0000,"[[0.0, 50.0], [9.86973986811493, 30.283074623304646], [44.20548625716043, 14.041965565316254], [16.13560192110898, 25.636058553209445], [54.45395579922844, 11.4381622949028], [10.632532092791546, 29.616990699232254], [19.841501662412256, 23.467316790671227], [23.134040718331864, 21.774444855669145], [11.342548865264604, 29.03867603455139], [15.253163665502829, 26.198054695477673], [29.522868568671512, 18.961892713246737], [49.51767699533828, 12.643669788755137], [3.202963469965586, 38.155016850496], [36.814554859470974, 16.29995121812612], [4.7496488195060245, 35.7909293020013], [39.659559847338684, 15.395395409408298], [5.339286239457554, 34.99603908468811], [32.36623666464065, 17.865294141439804], [12.084069697594959, 28.480577620074342], [41.21843334417129, 14.943498263883832], [7.197502407055444, 32.82922293356002], [17.899880860746897, 24.558867484728015], [8.462106775162436, 31.54638130823308], [47.8250401360518, 13.11585185086541], [4.19967620993564, 36.5707347789554], [30.885683672351924, 18.428272731372914], [3.687718097474442, 37.353994030720386], [25.56344219485444, 20.639343795165225], [51.084845294844435, 12.244770066267623], [13.583003110528974, 27.337757175319858], [12.795984036409159, 27.904850649736414], [20.945826897576573, 22.88130841123114], [26.888693967946015, 20.069108818296314], [115.05985723117942, 4.307159247496551], [79.69554793171001, 6.872582949761878], [5.946867190178061, 34.2531402315485], [45.96176664249395, 13.553198809499252], [35.28740838611118, 16.822328438573543], [2.3380819185908877, 39.78965237386578], [18.89541233498401, 24.025908361452345], [17.008745975396128, 25.09024391736593], [42.7412744735868, 14.475255677666269], [28.20823270347826, 19.517247519151923], [1.9708747450933617, 40.570258720021116], [61.73712573087206, 9.887312691813628], [69.51886642134312, 8.428086341324216], [38.27145188521855, 15.823909170068713], [81.87017141187992, 6.603782203907419], [58.113154200510635, 10.670265382640101], [88.49806015655415, 5.89674248942395], [7.850245919056015, 32.15727083909031], [59.97093281558186, 10.258351030036224], [24.295466155126967, 21.2617824257173], [84.06306814734432, 6.35200059861405], [0.8537819921887808, 43.70242941552376], [0.6428406424838808, 44.491330268758546], [71.46928400032306, 8.089273716753464], [122.67120870732373, 4.119115646670995], [56.227475023642, 11.043594237668906], [117.54360526394214, 4.235152356543527], [125.26048217982856, 4.076237678236911], [63.68066079960661, 9.495358438252065], [52.7669291986049, 11.83271996762397], [86.26317207869619, 6.1175306931875095], [14.427227894514202, 26.764400994190055], [1.0879189176267583, 42.90021970566309], [1.3647258643523992, 42.080729153358774], [120.09538081485549, 4.1720783852870476], [127.87194136181373, 4.043059320214828], [102.35816301914518, 4.859280806209616], [77.4317334284647, 7.174190011886468], [92.78017586233926, 5.51873315151384], [2.7742176520812842, 38.978949099249114], [97.18026395672752, 5.186159089113859], [110.06683780260735, 4.485663157711391], [33.81572835876858, 17.342626878644623], [99.70103239561507, 5.0187948392966], [22.031423127897554, 22.324951336384977], [112.55083381283397, 4.391041776525007], [73.35979635221432, 7.778618802783636], [65.68678016588859, 9.121175296598633], [104.97282734704751, 4.71826633498406], [107.55645258731884, 4.593589569470238], [130.52521962539137, 4.019264313149286], [94.85196641793709, 5.35547395215923], [6.570862032745179, 33.56183675882699], [9.16845606250023, 30.891060454527768], [0.4652411847612595, 45.296022410696224], [90.75159969391922, 5.690737973568289], [0.30462240342285435, 46.17856255422318], [1.676524439074614, 41.2948980508954], [0.10908164812640848, 47.85360352440439], [75.37380125642963, 7.4691769135847945], [0.23445650471092086, 46.94415237066312], [0.020585815703440133, 49.043280528230234], [0.0, 50.0], [136.0, 4.0], [67.5900214044101, 8.765011260464451], [133.25730599381507, 4.004767081993994], [136.0, 4.0]]",0.003170,45.28
BNH,MGPSO,24,100,0.438397,0.369190,6293.430463,0.631960,0.335780,86.0000,100.0000,"[[136.0, 4.0], [0.0, 50.0], [45.4803893015649, 13.703813145231358], [10.483100226307736, 29.726534442238766], [64.88608234989081, 9.262796238251703], [6.416565726078323, 33.69363329609661], [35.76926450504955, 16.669228506147796], [21.717341017661145, 22.49524743533117], [57.54687448563763, 10.74880003657421], [98.797884826586, 5.076912976963122], [3.344229702266288, 37.91619160147542], [4.795863073550046, 35.733108667651145], [124.13630934351774, 4.093607231842945], [37.41943570796663, 16.110370683358802], [13.13819521058831, 27.7051298688779], [29.568480638608456, 18.942183095692215], [40.639724408019724, 15.1015133712085], [43.81558058969798, 14.153270792489439], [62.96131876944198, 9.635077765439485], [14.130183825023172, 26.994847123634273], [9.017962182682266, 31.02123269307004], [5.302843305208, 35.05152580212548], [32.648711409368985, 17.781952799529687], [48.76865112274392, 12.812288663333929], [47.066172764834434, 13.25584582116582], [66.7719333722967, 8.91342443854455], [68.78257649733307, 8.567608696918295], [3.802428836058799, 37.163888728266016], [39.029306277170264, 15.58577182369656], [31.103790928161345, 18.34419403875195], [42.237207974520516, 14.616350677834596], [76.8875087688474, 7.250206619325217], [61.096674866221576, 10.005463290541972], [4.2942846393731315, 36.44706867355502], [131.2146835251502, 4.014665069232361], [34.21678465666195, 17.2137292083752], [54.00513594358715, 11.538778912324688], [74.81248869801594, 7.553287223891509], [72.76149410409904, 7.874744675504834], [59.29346457497529, 10.375960881681287], [83.3922943603366, 6.427042823873574], [20.597705804680977, 23.06800949122612], [5.845777081574722, 34.36728412107505], [18.431066654059634, 24.25780719233151], [52.237945684397964, 11.979468310127093], [81.19572592734099, 6.685048216381899], [79.00580034248941, 6.962046178838149], [50.485349197499445, 12.37999337307533], [16.270140427755273, 25.54582177888536], [110.04470470809986, 4.486559761506552], [101.0079045270954, 4.938236374993842], [112.3717522172032, 4.397471408090464], [107.7420541228481, 4.585172881890763], [2.929739939842892, 38.64457993946762], [70.76042267379667, 8.211120495195377], [25.45588032229754, 20.730692422915077], [96.58993260253689, 5.227715486073039], [17.399166522310047, 24.91391332970875], [105.46514150080381, 4.69341005419514], [133.59488195030627, 4.003659512235553], [11.327390352835298, 29.05946801225884], [117.0609384392969, 4.248310448100087], [55.75978072439402, 11.143916811280523], [114.70195329913155, 4.318427641298812], [103.22485011176099, 4.810831656505174], [85.58839963288821, 6.187584279315635], [1.2912338394135023, 42.29843207391656], [8.369286902100276, 31.651336046631947], [7.019437696972252, 33.02659592787782], [94.3851372601381, 5.391200471343611], [7.770747455323743, 32.32368648720728], [28.223819822607368, 19.5316211532435], [128.84653603525913, 4.033180309246152], [15.261068121346824, 26.25205095275023], [2.551844777984314, 39.36776365062923], [121.77874053919248, 4.136278624966539], [0.0893658913670143, 47.90851964478459], [0.18579193140387495, 46.99905995021758], [87.78005320298671, 5.965834181780279], [92.16850463322925, 5.5693011269498385], [9.767947850265202, 30.343601981467184], [26.753403550048297, 20.12324713510714], [22.906267925143474, 21.886596733568496], [0.49385071807289993, 45.185501315392884], [24.19976335123942, 21.30992094419527], [12.213700756321707, 28.35923630924355], [1.5823086058687674, 41.6461953234556], [119.41530774722011, 4.1878363783981865], [89.97664633242235, 5.759761379610244], [19.481984777445437, 23.669252878206176], [0.6770470380596458, 44.35098615672736], [1.8301240966566497, 40.89732846289866], [0.8661891973334084, 43.719349108884714], [126.48771445595405, 4.059413316762575], [2.189502677322414, 40.118407317485094], [0.024962694086189112, 48.93612963151659], [0.3386735841383967, 46.02884381631246], [1.230251719936651, 43.09450272727531], [0.0, 50.0], [136.0, 4.0]]",0.003248,45.00
BNH,MGPSO,25,100,0.420924,0.288049,5216.846653,0.623175,0.330541,89.0000,100.0000,"[[0.0, 50.0], [74.43580334910268, 7.610643081406689], [40.43148895131446, 15.146028517770208], [39.03737208938931, 15.584556925233198], [25.84536663027913, 20.514317414617782], [43.33236962499996, 14.321542944915493], [8.158083638742456, 31.899497064401455], [44.749086734297975, 13.888771524787218], [55.95368332509596, 11.100555998486131], [41.84549118833341, 14.723562723823184], [47.641437828237585, 13.132966891376501], [105.08746708650024, 4.71243129467824], [4.933516210169008, 35.52928812570075], [36.25297295627559, 16.534360722167094], [11.389373634150342, 28.98445123198864], [8.873845658514657, 31.154456983849872], [7.4049774319322665, 32.61011569028453], [46.1810427868773, 13.497820105614167], [57.798527746539534, 10.710987559415557], [26.986864211832383, 20.013379424457153], [33.35969282908131, 17.501804243235053], [22.19198270040735, 22.237746630465832], [9.671763770288505, 30.428250640353557], [32.0143320212033, 17.997470253201378], [20.968521583215892, 22.864128942824596], [29.439922437144283, 19.015550711289258], [61.439522496175044, 9.964585748272206], [98.07548694076641, 5.124872528216432], [6.749859755816683, 33.33513544139957], [102.71848069016457, 4.838929467631239], [63.21168260175537, 9.584878924073045], [67.00469735460074, 8.879800319248343], [50.81184566587491, 12.302890769494951], [52.46971220646388, 11.899322985419143], [37.60276757100578, 16.049509443768265], [59.57133288981887, 10.31711371399712], [24.613247566927072, 21.07291395035147], [49.2094159556637, 12.699276795053688], [30.84554714780262, 18.530048899556732], [54.186248934440655, 11.500010663624836], [6.089620056569449, 34.07620717142015], [65.1336099666185, 9.230145607750025], [93.49017525508785, 5.461405854364885], [0.8479830262611634, 43.70103881951462], [16.535510874868237, 25.49465358410105], [5.500934176062255, 34.790936656847705], [1.941130923303771, 40.6482714594942], [2.26165357805027, 39.95855361156109], [70.68909548385611, 8.223549160097466], [95.77960658126287, 5.286265294151288], [18.66005632776968, 24.12093455889692], [89.12130226270467, 5.838144558392633], [82.49345577397833, 6.530309015115721], [84.61944024137719, 6.291039184909119], [1.0734529349471866, 42.945566012933], [17.755835866039714, 24.812194947744562], [76.37329822498572, 7.323331549878881], [112.27633691346465, 4.400921651534329], [34.80158163839232, 17.00762653054405], [0.4449703241456572, 45.39486367445318], [130.65658120579187, 4.018338389188852], [12.365040959212884, 28.270235113241952], [91.23298240386472, 5.648797810443], [100.37860601700946, 4.976511586937698], [0.6349405230982056, 44.524351652393094], [80.41029171448388, 6.78204933036254], [107.44014945650709, 4.598899939624374], [133.30381436306095, 4.0046056866727975], [1.6171736786721977, 41.44388189187981], [2.6030758525782023, 39.243602619650375], [14.950715689122468, 26.74078396218667], [13.662672032941948, 27.41485313478854], [28.21828460842248, 19.49441425591555], [1.3358564687690708, 42.21344987488488], [3.042127104595842, 38.53171611282835], [86.87585343200733, 6.055307687274761], [114.6444377766726, 4.320259831008785], [78.32562639684738, 7.052332528141446], [119.84200842118103, 4.17786117524923], [3.485140101532984, 37.67132804004531], [4.403000795156819, 36.26442519729246], [15.594091199208844, 25.980244584109172], [10.529716254878927, 29.689360842808032], [3.9494662898857755, 36.9664269202526], [125.26243794637428, 4.0762091023872], [68.8662859844985, 8.552008886301628], [117.15977727916594, 4.24558360749867], [122.71688990320641, 4.118270514097037], [72.54387899695158, 7.9102030108441514], [19.852865908840386, 23.500513852181992], [23.39920764108698, 21.64618535541772], [127.81251825413476, 4.043705059023421], [109.8186479699499, 4.495772350775977], [0.016460479818779315, 49.20663260085378], [0.05013474538482231, 48.449552514891586], [0.29357819493254445, 46.28678953033602], [136.0, 4.0], [0.15702484147199322, 47.2372829033627], [0.0, 50.0], [136.0, 4.0]]",0.003160,44.11
BNH,MGPSO,26,100,0.422294,0.323054,6470.868361,0.561037,0.295393,88.0000,100.0000,"[[136.0, 4.0], [0.0, 50.0], [16.744693123797482, 25.288306609491965], [35.735636988045115, 16.66834887024418], [7.760654099358344, 32.24777755323559], [69.83942207743071, 8.374024743260396], [56.059932921831795, 11.072018819980467], [50.62144053531014, 12.351534517063381], [54.1808385207882, 11.503969882143167], [7.022027014206881, 33.0181304582007], [17.80923028402222, 24.61362190821354], [42.19866023701806, 14.619952732251619], [14.49996081353126, 26.721731533497348], [24.59995584227052, 21.09828841929572], [27.070320194984507, 19.978646619460783], [63.241496103471746, 9.60002312631567], [45.61304557295098, 13.647796947515605], [22.251514829716683, 22.257159183130845], [9.225632171850155, 30.834546509373226], [89.854168080635, 5.7708424463215175], [76.63917137093105, 7.285362898445504], [64.90138773495467, 9.274773406673845], [52.37004851675836, 11.921930938310108], [10.007363542841777, 30.133084669526397], [23.361162405034634, 21.667246080075437], [82.10363355066082, 6.576080129387956], [43.94385740558445, 14.133642248823973], [66.55938035704821, 8.962760240542558], [98.26496118800449, 5.112165352832019], [19.972361192414297, 23.410305987220003], [100.487290985176, 4.969833074181859], [78.4420116227667, 7.036735997807541], [6.324175554344086, 33.799384884015694], [116.24877950936602, 4.2713533164358815], [59.64483329132155, 10.302204931598938], [68.17820760629448, 8.659200472386539], [29.604730685354546, 18.92751573013129], [8.477170805815174, 31.534275983867197], [32.5803974557831, 17.810530667492138], [28.416220920287394, 19.47185283483575], [2.226910601990989, 40.008615171446706], [10.828413601322538, 29.48802008879848], [85.9288165822179, 6.152041188734597], [80.26748323221383, 6.799964116788251], [47.23780566662714, 13.211861682229411], [40.59069041620049, 15.104535250115806], [83.99290935300097, 6.359769898216568], [104.93302173431776, 4.7202991023574485], [1.5733697938740547, 41.56899801243226], [57.89480602679119, 10.691256421121633], [107.1656724311072, 4.611543632173153], [31.00813063488811, 18.37949267324353], [3.970390038327482, 36.907393542619296], [61.42863838260392, 9.937841752410643], [15.575329439992895, 25.98779978945047], [87.87667024264843, 5.956437088422005], [13.478079823982235, 27.41062038789856], [18.937602540252342, 23.997449972052017], [11.63084639780601, 28.80515482012717], [93.98516726307689, 5.422295682227865], [37.33008879991958, 16.15515916086267], [91.87454347434866, 5.593997584602175], [0.5740531578155477, 44.786304577819855], [21.06629149720711, 22.82381585140665], [5.696539051028349, 34.58609975848928], [5.078522283167117, 35.34003715157182], [0.788538415709686, 43.92694266589608], [96.10977663092123, 5.262196631459682], [130.81578608812907, 4.017247597138759], [1.8825781483704596, 40.781693189131474], [1.0112212174492394, 43.14232731655741], [25.8706176095341, 20.50465861676311], [118.58080178032905, 4.2082106184198205], [73.1628144522465, 7.810048086873176], [4.511615963486671, 36.12526796608781], [113.96260150165826, 4.342433678231241], [71.4877754562718, 8.086135390790023], [3.0238991923004814, 38.46730405240932], [12.563332867760678, 28.116340529536735], [102.6988916962196, 4.8400282098111065], [38.99676161354543, 15.642667145683298], [48.904029808160026, 12.777044604774286], [74.88258468281634, 7.542695354936727], [1.2760489203467684, 42.33401951108374], [111.69329566543186, 4.422376896370038], [0.025945262440992226, 48.873580873045825], [0.1045696289209049, 47.78990241113678], [34.132840798318604, 17.221810724525646], [133.39644190398081, 4.004292636636222], [3.4794396463328345, 37.68007590290394], [109.42891376293288, 4.51189212424106], [120.92477307150565, 4.153874261800969], [123.34938244656432, 4.106899849118035], [2.6144859454662144, 39.22358038672254], [0.3703395347345407, 45.795346802937836], [0.22005205717853227, 46.76380763732312], [125.8123921523739, 4.068397935535608], [128.34365420208997, 4.03811073861184], [136.0, 4.0], [0.0, 50.0]]",0.003156,45.52
BNH,MGPSO,27,100,0.412167,0.287083,4800.084983,0.622886,0.325736,92.0000,100.0000,"[[0.0, 50.0], [136.0, 4.0], [45.213810205088066, 13.758195702248504], [16.237635342725156, 25.625633943311946], [18.097609025451423, 24.4431964276185], [29.306698716789704, 19.055867968056848], [32.1029556484732, 17.97631811463308], [5.093797488659158, 35.317004718997595], [4.534702002759159, 36.07981674472677], [39.324299527807355, 15.51200111824685], [11.586901481056055, 28.83097219326323], [37.932796976384125, 15.963695493320603], [19.119235549309593, 23.86268305016461], [63.16663894848783, 9.593178858322235], [35.005912279345516, 16.91574486183596], [8.440173935285424, 31.59780772573697], [4.011620814450311, 36.84248635140382], [9.140632994217096, 30.912184370711493], [113.9599824472185, 4.342520472444022], [36.473385909249174, 16.428272582379325], [23.48556583642317, 21.60863711167943], [52.83484835852609, 11.823860553646492], [10.780913220760286, 29.506778184607892], [54.42654775827539, 11.444961996454182], [64.85084270788937, 9.270683309480056], [43.67930110734349, 14.1872015113678], [25.669910697171044, 20.59946188336866], [83.93324236431363, 6.366391908043652], [7.70739418743527, 32.30595987974489], [12.481642571888148, 28.178932592707056], [42.179078971804145, 14.626579204290856], [130.40910619463858, 4.02010229857112], [33.584990550954736, 17.454113497743226], [20.19610537924145, 23.30823213815944], [24.580661723684894, 21.098406686411302], [6.341944311576951, 33.78557106822592], [5.7010408302655975, 34.54187111259546], [111.2806492762803, 4.437951311480714], [3.5170965290162988, 37.618813792409114], [87.86150142123091, 5.957910358021779], [28.00257171792163, 19.587069749454308], [13.350069085218502, 27.50601194500345], [66.70274780715577, 8.970656809612699], [59.63453206222186, 10.308729051274465], [21.28488127939391, 22.709571536578448], [94.16201097466777, 5.408491593365753], [15.203721167965757, 26.230963525081645], [51.26226453409544, 12.192242852684025], [3.0768363859314505, 38.387597009954604], [14.265145726173126, 26.873551683977063], [96.42398700362907, 5.2395629668471875], [17.097682178514304, 25.036191870992727], [49.76755477497588, 12.558478438036246], [85.88218405702645, 6.156885747645035], [91.98758853973777, 5.584469874818797], [98.7764907643206, 5.078314367785584], [30.659877140063934, 18.513913859400652], [79.93104569757594, 6.842511841154597], [7.0171858087312735, 33.04300264527015], [116.66258031222338, 4.259470582719633], [101.15187508087257, 4.929613042787741], [122.12013197268371, 4.129566408048179], [1.9486916759342754, 40.626369051128215], [70.24477074689995, 8.301676821412062], [22.354054525019997, 22.166592963021312], [89.90895178356678, 5.76588010408517], [2.315758186993298, 39.86431919188877], [124.87026797299832, 4.082052788724792], [57.97047235006815, 10.684397636781023], [81.89554906420953, 6.6007603568749795], [75.96360324323535, 7.382514564736676], [103.58928009815604, 4.790970120249272], [68.43805833347196, 8.632305128493394], [9.93707455059738, 30.19429042143645], [72.12636989248536, 7.978984477938393], [61.47000800880585, 9.947615204080677], [1.6596764027675754, 41.34833996191712], [119.37258181028416, 4.188851621025425], [106.09430326573654, 4.662405483494164], [26.813598446898737, 20.096332598691276], [48.18795792094218, 12.961478298398069], [46.76340834114552, 13.337168866928357], [40.646695039729195, 15.080266860748017], [127.62993378989188, 4.045720580364773], [2.7395616822378015, 39.12415305611384], [1.0555240308747484, 42.999893263541324], [56.2233546564413, 11.053047322695754], [77.930482794615, 7.105745156604066], [0.6338158116497892, 44.58681347905405], [0.4214297886453103, 45.684930865468374], [133.18981821912251, 4.005006294645863], [0.9751420570820499, 43.850490841525215], [108.66063936574018, 4.544554682152], [0.18618786156859768, 47.62872951970445], [0.03420588773931799, 48.70783892072123], [74.04565149294521, 7.670834290407636], [1.348054883908838, 42.127221107363724], [0.29085584690853866, 46.672173735113645], [0.0, 50.0], [136.0, 4.0]]",0.003091,44.92
BNH,MGPSO,28,100,0.423926,0.318216,6325.521670,0.595793,0.321761,88.0000,99.0000,"[[0.0, 50.0], [30.514227732072207, 18.611758835532132], [9.134064429406518, 30.923467174878773], [17.37905671864981, 24.899548601835576], [54.26395326747255, 11.477888532571388], [37.3798316209897, 16.11504442112051], [40.207684313246, 15.214684777351515], [15.468739116755257, 26.058383651556547], [26.67501585250982, 20.182178104811975], [16.40373183160024, 25.47712666761263], [38.801376936837634, 15.656704836518397], [33.21321620153415, 17.57974729021896], [24.160123616481684, 21.286361443953446], [56.06279002439548, 11.082239580034534], [52.64458076652785, 11.874811198948258], [114.4159389135679, 4.327597422750185], [102.4288957306024, 4.855262099322133], [104.74490503507604, 4.729952597513576], [43.36042952963567, 14.30600911849831], [31.851935629012587, 18.075262142976992], [91.65031820264534, 5.6130091098890516], [11.738591171506442, 28.788695939562746], [12.555061398193546, 28.08815857900795], [59.568943923619074, 10.351510208728907], [41.734581275929514, 14.752935311572479], [97.96352145692458, 5.132424647281141], [51.00610622003362, 12.25102232676484], [44.89420608431345, 13.847550248186163], [14.462973663840122, 26.728272697272907], [107.09254290174215, 4.614938746158142], [93.69467046266186, 5.445163675060505], [47.87830608394537, 13.051193704853993], [29.078189929451526, 19.147004629530457], [20.7099327489979, 22.998510323967896], [46.38501037800438, 13.448713301801916], [9.961800551672203, 30.18324944982544], [25.386066675281533, 20.719882706843485], [0.8050678845586603, 43.90436936972243], [67.07453804299507, 8.858575412551843], [109.50691518264897, 4.508641836174253], [0.5964526848626037, 44.71233001942214], [75.42202947332257, 7.462024974160604], [116.94864312878966, 4.251428841728318], [69.14572521531474, 8.500269170211975], [57.81628700855319, 10.694420132608752], [18.402037319856777, 24.26732913731974], [1.5870747699369183, 41.51164092137934], [73.36375850277588, 7.777988809887637], [95.80082659316787, 5.284709563304211], [130.37693347072064, 4.020337736713768], [13.511271016665694, 27.391617076725414], [89.63296298403837, 5.790976039303832], [119.52217730758538, 4.185310082069079], [6.46630286588884, 33.76377121237421], [10.825162217193043, 29.442175356943437], [71.23118602251776, 8.129864459023766], [127.60581405076786, 4.04599038392059], [27.941240838827213, 19.609631016554427], [100.19290030253777, 4.987989085772323], [81.29675032651494, 6.6727573272862974], [65.13592794101066, 9.218234082979249], [19.534353064077866, 23.640725677446774], [85.61448866074416, 6.184845688445625], [34.57376261199596, 17.078447910086865], [5.715457501375273, 34.54398588880045], [1.061233726602093, 43.13738607560711], [4.462461419869692, 36.219738040874276], [21.8201116875902, 22.42654572628703], [2.243411639412628, 39.9786957942274], [122.13643584647926, 4.129250421139579], [83.42614941810456, 6.423214316332251], [49.478169176636705, 12.640539519949172], [61.3075389032865, 9.967323279265479], [8.508152080961885, 31.533761525650498], [111.9493063395536, 4.41287697862441], [63.49144251099661, 9.640151022588825], [2.5752654001027526, 39.29757196077748], [3.0382160882943365, 38.52368258647377], [79.46191941719289, 6.902652526688381], [5.027059061042573, 35.42015030358186], [35.930892231992786, 16.597834216933627], [1.9113875660959334, 40.718329326772675], [133.28096788937734, 4.004684617342927], [22.98539198461911, 21.846009289883693], [1.413196174118381, 42.30133615124517], [77.43058549136222, 7.179363824000962], [3.6982467680946773, 37.81959549231914], [0.443744418615135, 45.49382746332718], [7.881160139136014, 32.21184231372049], [87.59182470731815, 5.984231534529433], [124.82757194922344, 4.0827028220564845], [0.1855967270995003, 47.01104589612207], [4.000448937172358, 36.94156936460958], [0.2953535464084068, 46.2415781375086], [7.038040767954113, 33.00111783939978], [0.05655130788915347, 48.34667036091837], [0.0, 50.0], [136.0, 4.0], [62.680083906615515, 9.775427517324193]]",0.003206,44.89
BNH,MGPSO,29,100,0.408647,0.200168,6470.518701,0.645616,0.336900,88.0000,100.0000,"[[31.559134464134395, 18.190150543328294], [0.0, 50.0], [136.0, 4.0], [64.46587385730184, 9.3425661259636], [17.078573662624866, 25.054864445466066], [57.35949008263444, 10.7959656405557], [52.34008319119927, 11.928853675894413], [44.563533309232014, 13.963215832219301], [50.71181533437599, 12.326894181795955], [75.75927505029271, 7.412340648120099], [46.15646908624769, 13.550096884726226], [20.185369499684988, 23.27850731194141], [55.64911092190306, 11.164156352405495], [36.888592436324544, 16.280978637541374], [60.91743006963289, 10.040446222996552], [66.34106930028744, 8.99633837437834], [97.63638149609866, 5.154674764334519], [43.06080367025041, 14.408085821225555], [16.01366556003054, 25.7138297703396], [5.698797142846238, 34.65775865343808], [18.105650661069674, 24.438579892095113], [77.67841168628706, 7.140193197148728], [23.67851116545579, 21.51938618924425], [19.156701245803582, 23.868092229493627], [22.51799279079335, 22.14983783825042], [26.11694939123431, 20.44194854707058], [14.044359043842036, 27.139735781008522], [62.69309910224817, 9.697772386419572], [73.86083127388886, 7.69962994567383], [32.90667239330197, 17.670756380791005], [92.79948511870352, 5.517154711365841], [90.46006894898731, 5.716484424617505], [79.60554921219178, 6.884138321571696], [34.23374569934333, 17.23158742848953], [47.66528772189958, 13.117028055102232], [59.09069393464378, 10.425222175786212], [68.21401995057654, 8.656527599862727], [53.99441597880886, 11.543268340937], [14.985751568620062, 26.38215794895529], [12.91408907800573, 27.821504121832472], [40.018515097741314, 15.302026917865096], [28.710247151609167, 19.32086564083697], [118.0564353487024, 4.221605222145], [6.866390591968118, 33.19604545181019], [10.361096333942285, 29.830803782697654], [130.84568138696997, 4.017046599108678], [35.51637049723113, 16.762824296344267], [38.46569445521837, 15.805402930861767], [6.226731130003509, 33.91253273555718], [107.7158866772967, 4.5863552299445995], [102.62422120179386, 4.844224539689319], [49.15879709343338, 12.712163350608904], [105.16006434689243, 4.708750970419699], [115.46460401378424, 4.294690399774948], [27.35308110505365, 19.863273887277902], [88.15798655658004, 5.929253439818575], [100.11232773483387, 4.992994905317399], [11.193586632287168, 29.174079759995095], [1.4950992477660634, 41.72847459867481], [5.129076414797272, 35.33074550524812], [9.600174441046171, 30.500857632792957], [30.09693132144436, 18.745023435221402], [4.572688489687758, 36.02315113996456], [8.949019153088418, 31.16287296891783], [24.867121078182734, 20.962801175646383], [1.2273760098016475, 42.473405853501774], [7.545971634322439, 32.47352172255874], [120.59081955734801, 4.16107108196097], [11.966636378511048, 28.533493111212607], [8.22004416371158, 31.790600986037155], [95.20333225253269, 5.328982232775176], [85.89912359230013, 6.155125041774518], [71.95020713148578, 8.008305990371184], [81.62204282986303, 6.6334650077072705], [21.2651990295931, 22.709272380195408], [4.024314909020632, 36.834227788079474], [70.08422775552528, 8.330207449903924], [125.71832470801284, 4.069702400761384], [112.8721629008169, 4.379654891320897], [83.75974076065484, 6.385723883633054], [128.29801378419387, 4.038575802202067], [0.8178522564437263, 43.81602218782585], [0.4389959977101726, 45.43495544561366], [133.41222104411202, 4.004240421127336], [110.27623839251444, 4.477227891726746], [0.27952094088213875, 46.35070732774953], [3.0715816350635285, 38.59226307445411], [0.02186006568660202, 48.963804798052315], [1.0073801512850227, 43.18249068398487], [0.635289724734875, 44.59576445153898], [2.158226772417081, 40.156450938014025], [0.07700213126109073, 48.06514248271955], [41.390521303779366, 14.856618732208625], [2.5563555701065894, 39.33510404545018], [123.14105756343979, 4.11057704229815], [1.842144422135334, 40.88760443765831], [0.17550651453891059, 47.20808728246861], [3.6022821964656524, 37.50835696243374], [0.0, 50.0], [136.0, 4.0]]",0.003230,46.39
BNH,MGPSO,30,100,0.421425,0.288919,5923.744463,0.575022,0.296120,87.0000,100.0000,"[[0.0, 50.0], [47.92705039173684, 13.031010352133134], [17.66196498145932, 24.700006048788737], [29.810071302955542, 18.85245302711787], [38.360442749626756, 15.813007916528978], [27.164355556696535, 19.94339902449404], [41.421142228979356, 14.846432410103318], [25.89236550389554, 20.496646876476248], [57.74578456338752, 10.70360866672936], [104.82914057224446, 4.72562034635712], [36.79681050101682, 16.309543845475204], [39.86907060265743, 15.335286760933586], [52.932391215983, 11.788078745414904], [74.201105333339, 7.646754959007925], [88.26015985100011, 5.919445538601975], [120.57076107101074, 4.161509043525001], [44.658785281636185, 13.910780367499907], [46.31988241336769, 13.470265051409125], [106.94873425523107, 4.621647755975799], [20.10364422098992, 23.38449431531982], [51.305837649099274, 12.186358066987053], [8.4164332996731, 31.615874467288684], [49.65040124836787, 12.612383552611075], [61.04376468029153, 10.024575700430649], [102.74093523915951, 4.837671079817998], [12.601023692162823, 28.063014301505923], [43.13665803820264, 14.373546921704843], [70.3665677859295, 8.280139176268808], [11.766044493861862, 28.691417441061155], [72.2784425387636, 7.95381638202192], [23.635038235182275, 21.54119073974714], [9.207791236442308, 30.84802870305724], [100.66780798247801, 4.958803573167241], [82.02227336718171, 6.585709347696664], [80.03797452596335, 6.828936626686295], [28.534483051292, 19.397226383352148], [64.65492125198001, 9.307365588153388], [66.59656639301579, 8.992060048940132], [86.17178062895874, 6.126924548989971], [59.37647716684833, 10.366990763489548], [96.54938327153852, 5.230603705643171], [14.3864034604434, 26.780534447757383], [32.45170978073484, 17.832558483496854], [56.12626535086386, 11.061337334413784], [24.726372599067, 21.02042635572046], [113.59559989594561, 4.3547176408037345], [94.49995828271773, 5.382356854456256], [109.10779772451374, 4.525400416936639], [84.08789040096795, 6.349256236735092], [31.15592779184204, 18.354281652050524], [10.900004051890356, 29.39519018336705], [125.51939032840403, 4.072503985043047], [68.40370498568254, 8.621824337459234], [10.022164257091571, 30.14008402435283], [13.476565607247093, 27.42005491492902], [62.822903731460826, 9.662344442074252], [133.29766796735007, 4.004626854573635], [22.384962875295443, 22.151283473413756], [118.20391395074894, 4.217791430425052], [18.895241162048904, 23.997455463339634], [33.942383745426255, 17.320540501330637], [7.084313455950836, 32.97534452120571], [6.5588464995879345, 33.764271229946395], [76.1020161670719, 7.362427688122274], [7.7442103646516545, 32.28808281475189], [115.8854203526168, 4.282032998695067], [4.572977750124729, 36.08399286354574], [111.32498893990183, 4.436262230973604], [1.4352799905873312, 41.97280939575356], [4.102447578509236, 36.86200463202411], [15.524266641694933, 26.102954656269617], [90.32923083937584, 5.7281251658721555], [78.0502200688357, 7.089484500663264], [123.03781943053251, 4.112424022184311], [3.684954716246368, 37.6731323922905], [98.5750326180156, 5.091567122269162], [128.09254621380063, 4.040705859028103], [35.43047212490175, 16.838821864588816], [54.559676467707305, 11.411981664755874], [0.32320882218446517, 46.0609516782586], [5.12761345477003, 35.282625903025426], [21.217344779332233, 22.771785810572403], [1.0466496024585819, 43.70611566594205], [5.793535331699486, 34.46861732242539], [2.2056533506001608, 40.08062975878455], [0.6791659423375691, 44.35675422767574], [3.0342768690339668, 38.449600596126885], [130.6643624157441, 4.018284277302935], [2.564509886910315, 39.32504524889249], [92.41098698867458, 5.549122758039919], [16.529124709749507, 25.388483119926363], [0.24671858640016087, 46.807298644771194], [0.5248769977701571, 45.231208364935895], [1.132950215946963, 42.7708308156993], [0.014757277637433168, 49.21586070818584], [1.8623397534063182, 41.127741825708625], [136.0, 4.0], [0.0997805981694011, 47.842653502278196], [0.0, 50.0], [136.0, 4.0]]",0.003221,44.38
