problem_name,solver_name,run_id,final_archive_size           [archive solutions at the last iteration],final_igd                    [IGD of the final archive],final_gd                     [GD of the final archive],final_hypervolume            [hypervolume of the final archive],final_spacing                [spacing of the final archive],final_spread                 [spread of the final archive],final_feasibility_pct        [% feasible in population at the last iteration],final_front_feasibility_pct  [% of returned front members satisfying all constraints],final_feasible_front         [objective vectors of FEASIBLE front members only; for honest cross-algorithm HV],p_red                        [mean relative error distance across all iterations; 0=ideal],run_time_s
CONSTR,MGPSO_feasarch,1,100,0.026221,0.011257,3.736809,0.045131,0.603775,46.0000,100.0000,"[[0.6206765602472737, 2.2939944385572466], [1.0, 1.0], [0.6540890277771707, 1.736026455886746], [0.4806959623028846, 5.601000472717962], [0.4861650742078775, 5.405758658984131], [0.5507226309214267, 3.7346854581046967], [0.5390071601445128, 3.9975546053814073], [0.4434695815277724, 6.860282784493424], [0.5365068101534225, 4.082827426920329], [0.42242655324821865, 7.722252808837874], [0.6324128073529758, 2.072180794646722], [0.3940551039828466, 8.89729183524133], [0.6577912177866256, 1.657712133438021], [0.6159728368419803, 2.388407293641172], [0.4162177645915405, 7.828714761234048], [0.43703571461872376, 7.084305971231933], [0.6261249311253259, 2.208322516961988], [0.6624393540766073, 1.5670862409851796], [0.5071284893755763, 4.814183678375387], [0.45690562007725444, 6.333420162502676], [0.5736471287584187, 3.219757645013285], [0.40193609008149656, 8.57195670880637], [0.4992357331109757, 5.036553574179976], [0.5048265367523618, 4.969359297035157], [0.4744263874450009, 5.844765718571074], [0.596963861300283, 2.7603823459839067], [0.5680935353918539, 3.344555476366828], [0.5177904240089402, 4.667508779797612], [0.8274920908820782, 1.208470764879498], [0.605948605420654, 2.5589204139148864], [0.4099700012435231, 8.116060930107503], [0.5335296237760881, 4.206577034940701], [0.9022919178796792, 1.1082887701686697], [0.8369291358184553, 1.1948442911144124], [0.4397493047077926, 6.946899516899289], [0.6398715474227229, 1.9559407468762107], [0.9508797800650792, 1.0516576553258488], [0.8647865932910921, 1.15635465183882], [0.5218730142562458, 4.536434137326389], [0.556552132359005, 3.6090054807203407], [0.9902842081276063, 1.0098111146200786], [0.7184036125314408, 1.3919751829703322], [0.5239497518450658, 4.361704613578252], [0.8556753403790988, 1.1686675457504239], [0.52744129169331, 4.304448984662324], [0.5925144685848472, 2.8629458698291685], [0.7281446968061025, 1.3733534067972342], [0.7911677447639957, 1.2639544605023032], [0.39796094407334814, 8.71474172401368], [0.6042430942124037, 2.6681650615865737], [0.5622218359107453, 3.5229713035559063], [0.8832426192219427, 1.1321917423786796], [0.5450771690874887, 3.8686530497027105], [0.4127618487604129, 7.972436824292914], [0.5815969714101983, 3.1055948139614653], [0.47634417328274015, 5.700504631865398], [0.7649336667885769, 1.3073028988229827], [0.6694506599877252, 1.4937620645834235], [0.451362979080721, 6.638591519216424], [0.6990264416191263, 1.4305610495702294], [0.42666595934204943, 7.5494031856733], [0.5655890533601471, 3.4336938200980605], [0.9410437761375487, 1.0626498207176218], [0.43352397542369525, 7.280498737057377], [0.7086664658213745, 1.4111010584379178], [0.8001079705953127, 1.249831318710598], [0.7376756179460329, 1.3556093975077788], [0.45402848891886893, 6.4194133352712335], [0.7737741975639904, 1.2923666919215162], [0.4842157637957339, 5.510548480488562], [0.7467091441286203, 1.3392095273815885], [0.586883478787014, 2.978862613132417], [0.6792683080317623, 1.4721723186196998], [0.9215799841114196, 1.0850930111770953], [0.4097856585443243, 8.371936115641333], [0.8463959112705072, 1.1814801875624859], [0.6105814744075865, 2.4777849018724285], [0.6891223387597298, 1.4511211489672244], [0.8740038276923854, 1.1441597488654938], [0.8091676279787615, 1.2358378726765467], [0.49466176281703267, 5.169925976737777], [0.46428630359924444, 6.106245555386449], [0.9706824042610165, 1.0302030773508284], [0.7824690696573888, 1.2780057880599154], [0.40561873872047016, 8.431995715869474], [0.509905446510495, 4.73445810927544], [0.818291906331307, 1.222057791678956], [0.9804955746247026, 1.0198924155091296], [0.49140838275369886, 5.247357819418433], [0.7558483310035398, 1.3230167468548883], [0.9313136815646557, 1.0737520770874402], [0.46070427530385616, 6.247852399187252], [0.4472311864344764, 6.767724013164953], [0.6465725541138712, 1.832131845300272], [0.46840968408553535, 5.968088171697374], [0.42940938409584833, 7.383256389677891], [0.8927584113771937, 1.1201238624650676], [0.9118866663153657, 1.0966275053024641], [0.9608068125291597, 1.0407919541782504], [1.0, 1.0]]",0.010142,40.77
CONSTR,MGPSO_feasarch,2,100,0.028104,0.010804,5.962968,0.041802,0.637217,50.0000,100.0000,"[[0.46113768507239933, 6.306590302282015], [0.4283785983026372, 7.4289376793621935], [1.0, 1.0], [0.463458882238718, 6.1113389946673875], [0.5157294607337778, 4.616443959557129], [0.43649773466392316, 7.148432260145196], [0.40793685152764786, 8.184761954273366], [0.5666221858142508, 3.4550404897719376], [0.4495082695450603, 6.6313229068323025], [0.47876624038511156, 5.692016713401035], [0.4337776184993302, 7.277344727859086], [0.5303753250981362, 4.339115850959653], [0.6421811394180954, 1.9398714996891948], [0.39331628990089196, 8.815489523342507], [0.589468625785889, 2.934763549759834], [0.6470943383210617, 1.8231587969938878], [0.5833494776151704, 3.0258378212961508], [0.5307744902999001, 4.223682951252724], [0.6023707399960612, 2.650043956929218], [0.6222414701329262, 2.2581599388569757], [0.4813127313785788, 5.5548024367124595], [0.5023903741441011, 4.952814888884867], [0.5235389805396289, 4.400962820118188], [0.48484279443313927, 5.462059649832453], [0.4577950248700541, 6.465919196820027], [0.5802394937845761, 3.0742492851793415], [0.5441337597811773, 3.9000653208245777], [0.637243665848909, 2.010272543746144], [0.5512070343594647, 3.7902428236762598], [0.4156093599590097, 7.916536778102612], [0.559707277668265, 3.5653510943437414], [0.46945255772182426, 6.054985404451589], [0.4910420763906054, 5.303475484498163], [0.5343858443598979, 4.13578556272144], [0.6179209833520869, 2.3361898486210615], [0.575251200147136, 3.1809056299631804], [0.44053697489792726, 6.903738588891498], [0.39904163499015843, 8.709278605432926], [0.5416288551842627, 3.9546111567741815], [0.40541819387091027, 8.28288053737815], [0.6874359415046987, 1.454680995891986], [0.5395340274280493, 4.087125231262966], [0.6081154513949908, 2.5462938376037374], [0.9893497707547491, 1.0107648776601283], [0.59806158823153, 2.7374451021182282], [0.41866385581213006, 7.726328212426444], [0.553428175669457, 3.6609242266556645], [0.8783929213555798, 1.1384426896983073], [0.6551413040142264, 1.6933646613223345], [0.5211388557598786, 4.537198304890826], [0.4234785840716371, 7.541826109755513], [0.9787384166649875, 1.0217234584573276], [0.9077280392405799, 1.1016515484490446], [0.4018680839836791, 8.433135829576413], [0.6968164393306224, 1.435098174435469], [0.7060025623162337, 1.4164254542068908], [0.5063478710035259, 4.838241996793001], [0.8004786413067595, 1.2492525701466903], [0.8095844143349074, 1.2352016445641725], [0.42113404239483154, 7.625166705367934], [0.7245744915470381, 1.3801203487924356], [0.9273159977593884, 1.078381050705728], [0.8583985062770254, 1.1649600886855183], [0.677042954373966, 1.4770111608718521], [0.8684716345951335, 1.1514480843881363], [0.9373504983954106, 1.0668367933999447], [0.570354749390988, 3.325192617598997], [0.7436411255163251, 1.3447346652670396], [0.47485897762447626, 5.74288867849039], [0.6271512875357529, 2.163350942611539], [0.8980239714986544, 1.113556020482576], [0.4535188222160517, 6.500552217200819], [0.6667645129797225, 1.4997798781027984], [0.5006088237511095, 5.070312595205967], [0.947560216636927, 1.055341900643731], [0.8882879455629966, 1.1257610834358451], [0.7633532127464215, 1.3100095516755101], [0.41392422817409685, 7.957365757872433], [0.7340338805040076, 1.3623349365200592], [0.9175728431886261, 1.0898317309881733], [0.7729813253738864, 1.293692314644608], [0.4729831936405293, 5.8849414183179505], [0.8480596038016739, 1.179162402639165], [0.6301482656549928, 2.117631516792698], [0.8381199976494627, 1.1931465694704046], [0.49420083288653144, 5.1872272759574605], [0.5914601215465647, 2.8618388790794786], [0.7533379232490555, 1.327425540568993], [0.8282810649621515, 1.207319643418017], [0.9579128779928864, 1.0439362733021178], [0.6126331113798571, 2.4363490367409577], [0.9683153965433812, 1.0327213669943947], [0.5124416808351682, 4.740996442800905], [0.7820811116319618, 1.278639753763275], [0.6614014480342085, 1.594347862969752], [0.4439852581856909, 6.770715337779888], [0.8188736721446924, 1.2211895851785342], [0.7152594598339929, 1.3980940569903033], [0.7913660636688282, 1.263637709410902], [1.0, 1.0]]",0.011794,40.94
CONSTR,MGPSO_feasarch,3,100,0.029452,0.009972,5.555095,0.044112,0.657475,47.0000,100.0000,"[[0.4189663650212775, 7.916640100837557], [1.0, 1.0], [0.40043469890339195, 8.513132555325], [0.4286019722112402, 7.476383326203484], [0.49707433142644064, 5.181866982875652], [0.6058703171111488, 2.560729026731866], [0.5454855913682823, 3.8533355436127446], [0.5067056390262026, 4.8503436728756695], [0.42263176941112274, 7.568781023543858], [0.45960913662081704, 6.297590208827023], [0.5559724092847631, 3.630709709071184], [0.5777774393654828, 3.191601562965068], [0.6427298904099709, 1.8912584979828626], [0.4486265062860527, 6.700132926097824], [0.6216538295987573, 2.3678330783927652], [0.6117771392993356, 2.452065981408996], [0.6015315987878506, 2.6467316127430673], [0.5595442653067342, 3.510538255866028], [0.5131068734856188, 4.660773969283602], [0.4159054642346092, 8.087178293149185], [0.5923243812643574, 2.8265978859338734], [0.3965095142587876, 8.720465744723443], [0.44180090459734545, 6.878899699732173], [0.45943811997864503, 6.4294516935675095], [0.4880194474006762, 5.363045584650122], [0.4656985659337449, 6.041698802737036], [0.7141122664430093, 1.4003400403426711], [0.5031996970717709, 4.915010091486708], [0.9632278131965885, 1.0381760018757957], [0.5691616111377364, 3.3046816529139407], [0.6340918549413406, 2.0606861989162386], [0.5010771762844903, 5.02061207660287], [0.6257999742525804, 2.187784418424395], [0.6667557074795278, 1.499799684925388], [0.7888756810299387, 1.2676268568634568], [0.5224461989299563, 4.409878737696461], [0.954092170035846, 1.0481167662893924], [0.7239415061694843, 1.3813270705960694], [0.5268772740759514, 4.34530930300832], [0.5427879666956416, 4.0569281434593085], [0.6396029250397219, 2.005895702746236], [0.5524545120957823, 3.7280624527391875], [0.45039532661135667, 6.550782594852754], [0.47525985189511033, 5.778128642767495], [0.405527527281124, 8.376210150790588], [0.7337838102885964, 1.3627992141264347], [0.4323413461945473, 7.304890738028986], [0.4538978534274912, 6.468899013902268], [0.5331581153111851, 4.237529678787217], [0.935927110146553, 1.0684592733331701], [0.7046914455359159, 1.4190607908394612], [0.4708334267390863, 5.92223234942704], [0.7709626192105518, 1.2970797482035865], [0.5826630308612193, 3.015870618584671], [0.694773381609451, 1.4393182388241297], [0.6566454954497121, 1.6685971069425756], [0.5353939384536386, 4.121185542451486], [0.8069224487479699, 1.2392764652310906], [0.6854640374648959, 1.4588657396212592], [0.7527009276092259, 1.3285489140770164], [0.6760195198182286, 1.4792472268683674], [0.5796149642417109, 3.098918365214463], [0.7431529345148776, 1.3456180465098875], [0.7978018886389562, 1.2534440119037475], [0.4449491847734911, 6.824419096858665], [0.9814748730353399, 1.0188747847485577], [0.917886152757299, 1.0894597298325437], [0.8244054629899844, 1.2129953583436515], [0.8999564573599317, 1.1111648700577705], [0.9724038959987901, 1.028379261040357], [0.44125532105275433, 7.061504106655449], [0.6466044703245355, 1.8278775673765177], [0.7617942968135603, 1.3126903209735339], [0.41355657836150234, 8.159826065160576], [0.4804275979023229, 5.648236264731249], [0.8617005219454043, 1.1604959896535354], [0.9449676664019748, 1.0582372662628388], [0.6627484306969822, 1.5824695241275986], [0.4354376424691633, 7.130682071140927], [0.41954639015727946, 7.731798208566219], [0.9269125697872749, 1.0788504035817517], [0.8522856800766281, 1.173315501335293], [0.8713673384006839, 1.1476216240046473], [0.597445625313678, 2.7352253404983804], [0.8906355097168764, 1.1227937681463984], [0.5174344715325102, 4.558219286184653], [0.3936108778845385, 8.836634237125551], [0.8157111696317798, 1.2259241226908908], [0.49558241318245566, 5.281269974240245], [0.5906306351827694, 2.9820470539137562], [0.9089187315306329, 1.100208374313053], [0.9906902897454413, 1.009397195421135], [0.7799010946556226, 1.2822138689798421], [0.4074074496507879, 8.262883882251657], [0.833312555509755, 1.20002992081198], [0.8426077658336373, 1.1867918153004988], [0.4833599335794809, 5.488403344910695], [0.8810178170102992, 1.1350508249577316], [1.0, 1.0], [0.6520010774268938, 1.7469267343276884]]",0.012116,39.37
CONSTR,MGPSO_feasarch,4,100,0.026682,0.010677,3.477841,0.044927,0.609658,46.0000,100.0000,"[[1.0, 1.0], [0.4825960074309717, 5.657973938551435], [0.5270912430295172, 4.291268319143191], [0.599002713797482, 2.710367618725367], [0.6497814203909832, 1.777803868410605], [0.5566457374823833, 3.64841318785134], [0.49554010072002835, 5.177606267081767], [0.4601244162338395, 6.225575768783695], [0.5656809005953253, 3.4225268039767758], [0.47286459000385894, 5.8503949088782585], [0.5009479606130032, 5.081842344080959], [0.45629309380272076, 6.343770762951917], [0.6046430583670392, 2.597304316149642], [0.6275555765795189, 2.16031995783273], [0.5470266016732102, 3.8516391819238374], [0.404626242387748, 8.51154867666334], [0.4775004001915986, 5.714809637535561], [0.443761665826122, 6.793577989294607], [0.6333674334604722, 2.0738163640612712], [0.6618939882058283, 1.5826333697021482], [0.5792799362833738, 3.1307084650739574], [0.39684734384461096, 8.651516441823913], [0.5740841293533355, 3.215863007625792], [0.7399840592801086, 1.3513804621316399], [0.66688195454439, 1.4995157586520607], [0.4169417690077821, 7.833165643059766], [0.429816298633947, 7.3273383374135665], [0.6103295615631669, 2.4710802727325127], [0.8940500090846636, 1.1185056650508947], [0.4248610428323859, 7.53311682336551], [0.4890270761099091, 5.317645535880291], [0.583155307152958, 3.004440343994786], [0.4710107591626139, 5.988481145740332], [0.6248543068889558, 2.3170160073300683], [0.46646834860565434, 6.103140161888712], [0.8754405721764951, 1.1422819912422255], [0.5957527897356569, 2.7663336315031994], [0.5409744152621361, 3.9446038260071195], [0.5158608771746844, 4.652807080435147], [0.45223538941772023, 6.496446971481572], [0.8286970721084238, 1.2067135671853364], [0.4128003390495262, 7.966815920796804], [0.6378207316996201, 1.9802588334747933], [0.6460914940421467, 1.8629734426279718], [0.5073979905391067, 4.840213604434883], [0.6168047523186055, 2.37437517631093], [0.44046465680846236, 6.948969815997258], [0.5124048497460143, 4.738213868510906], [0.5235991675553437, 4.427141123568572], [0.8847344474083128, 1.1302826547890603], [0.40693955777183405, 8.255470852084102], [0.5011440603942262, 4.97265026709047], [0.5514037703831266, 3.7303797674130856], [0.4217078023167054, 7.633759008629359], [0.8380921604761089, 1.193186199751485], [0.3928036972013874, 8.994539608487214], [0.9033835282828229, 1.1069495609476392], [0.7223732116597197, 1.384325974245926], [0.5182641648049715, 4.510359763914644], [0.9324865065056316, 1.0724015768843307], [0.7045272111072042, 1.4193915923111666], [0.6858394307956186, 1.4580672313342127], [0.45021460039292754, 6.548183510593703], [0.8474815360137035, 1.179966710193708], [0.9225961119870786, 1.0838979126480488], [0.44867848583025577, 6.7164324407604346], [0.8568978007402664, 1.1670003110477223], [0.676340079729624, 1.4785461189876008], [0.7311942342964461, 1.3676256637365287], [0.5351130121202101, 4.100125875849428], [0.5309284805704693, 4.2056067749272685], [0.8661616006705526, 1.1545189710855737], [0.48644806768879034, 5.499130145796612], [0.6553508936630191, 1.707098883089079], [0.41843804970456633, 7.740988393998021], [0.9714103340722137, 1.0294310909869948], [0.9129102996661234, 1.0953978724588032], [0.713549389898622, 1.401444685058277], [0.9422085241672837, 1.0613361844542766], [0.7495867511478425, 1.3340684029816423], [0.5600745701040686, 3.5349139110138217], [0.9517216494514332, 1.0507273850252268], [0.39552704044757836, 8.839483743162564], [0.9809852537453291, 1.019383315072346], [0.4359793027809144, 7.234482162878703], [0.7790046874328846, 1.283689323225228], [0.9615616827461563, 1.039974884548297], [0.7594071109023094, 1.3168167451208403], [0.7998430979859918, 1.2502452074888237], [0.9904946596109636, 1.0095965589484044], [0.6953377904556031, 1.4381499376652238], [0.7893823334697638, 1.2668132508165684], [0.4288424563392227, 7.403916324696171], [0.7693815083558367, 1.2997453007897128], [0.5692450868634806, 3.300213119479826], [0.5902479316172368, 2.888782549495777], [0.8094699092197959, 1.2353763723766407], [0.818922304356584, 1.221117064073235], [0.40933717703582645, 8.107626181488595], [1.0, 1.0]]",0.014220,40.24
CONSTR,MGPSO_feasarch,5,100,0.025708,0.010823,5.557518,0.042306,0.584431,53.0000,100.0000,"[[1.0, 1.0], [0.504941833946194, 4.880338201718637], [0.4793058851890207, 5.626466182931138], [0.5824296500162816, 3.084915090892517], [0.45629231996137565, 6.4330080983507445], [0.41002557676715656, 8.100533860567493], [0.5993582927231424, 2.7696146631539316], [0.5463402595916852, 3.8614182064674085], [0.6098291180444477, 2.4975037171825796], [0.5428307824026735, 3.9880957745473125], [0.5722560832974503, 3.265506849449165], [0.6554368348122166, 1.699330015187145], [0.401041207372278, 8.520010359774584], [0.6617936635003341, 1.586833083958442], [0.405857077817801, 8.249123111489162], [0.44316857928170206, 6.916677585867121], [0.6198816501078916, 2.3057357969075527], [0.5131775027895003, 4.690956990506435], [0.6491071240559652, 1.7878350695472964], [0.44803350437429124, 6.794538361029959], [0.3967915149881175, 8.670311649193723], [0.5020999317468435, 4.9803871018233], [0.6032203920581041, 2.6319287585632862], [0.5310419837666618, 4.193471932863773], [0.6441790958785915, 1.896301251467456], [0.6382367132394042, 1.997623921485238], [0.684551213943411, 1.460811082693757], [0.43263579597132024, 7.304663212860769], [0.4371865208544459, 7.017828848972199], [0.46438056624962576, 6.0738574716088], [0.5196254154762343, 4.488089951073299], [0.42725304950803633, 7.614669162934144], [0.5921372313582196, 2.8560197568563606], [0.4636778543435949, 6.151572484551693], [0.6758325355751388, 1.479656493822086], [0.4188130278687327, 7.7743397458048245], [0.5679376410834982, 3.3362404109335815], [0.4488110045499466, 6.616254324280557], [0.586465539830058, 2.9511501433103335], [0.624550204832849, 2.223901836117681], [0.47167499883675207, 5.854646612536203], [0.5517644176982178, 3.725873679197928], [0.6933377030485809, 1.4422986022583744], [0.39342781681447436, 8.862417317532705], [0.46935064529776627, 5.960363375931683], [0.5598816580730689, 3.5504230092039237], [0.702160829422773, 1.4241751434953618], [0.7662532420719668, 1.3050515744585647], [0.4987962029126003, 5.073352182101758], [0.3909383418837635, 8.93273459190501], [0.5783688238129766, 3.1925772030983603], [0.8343706032630154, 1.198508188195089], [0.5557933688550672, 3.6334167622116476], [0.49022953533674674, 5.322633684619928], [0.5094551119083432, 4.752469891835229], [0.6138851489977197, 2.404214981908427], [0.4530269026947152, 6.530798029476594], [0.711008376644992, 1.4064531907748568], [0.47663399432676273, 5.757135672485938], [0.5267395418710586, 4.2960535041141386], [0.5222767319734651, 4.415664605313509], [0.7760634378027096, 1.2885544548153542], [0.48397660798360825, 5.524789328289184], [0.8246062783099033, 1.2126999591242262], [0.4950658775343323, 5.190021096739846], [0.6307338769576636, 2.107412503790842], [0.4369264254206885, 7.094241251502142], [0.413993942389997, 7.9186664722289875], [0.8148779183529673, 1.227177688188191], [0.5360970512960852, 4.116084235369888], [0.9023118084154631, 1.1082643390826123], [0.7955875719699089, 1.2569326561046663], [0.8440096913530034, 1.1848205183484728], [0.7289606457653389, 1.3718161684161916], [0.7859339408527432, 1.2723715671510432], [0.4866906195925583, 5.458607825493445], [0.4296796444872978, 7.4407473621373], [0.45962356102044777, 6.26778143998522], [0.7378616693343552, 1.3552675813911392], [0.8051655440535898, 1.2419806180049882], [0.7474114583588475, 1.3379511229273657], [0.8637809751099581, 1.1577008857745466], [0.8926847112147329, 1.1202163400325702], [0.756792550810219, 1.3213660717582436], [0.8736024612309505, 1.1446854197170517], [0.8831742081730466, 1.1322794424314335], [0.9757391311225289, 1.0248640933868876], [0.9528845735941119, 1.0494450510707471], [0.6666692528565671, 1.4999941810952973], [0.9642448745247132, 1.0370809598473738], [0.9121882184168201, 1.0962649810754899], [0.9877471675360154, 1.0124048267276229], [0.7200934140578207, 1.3887087153941169], [0.4233487064431199, 7.680614547719277], [0.9325893910834913, 1.0722832680288057], [0.9222053075994047, 1.0843572377642272], [0.8539025601240332, 1.171093807067103], [0.9428055604389883, 1.060664088080241], [0.5627738408635355, 3.4584364192038346], [1.0, 1.0]]",0.012806,41.45
CONSTR,MGPSO_feasarch,6,100,0.025244,0.010696,6.094922,0.042712,0.592775,53.0000,100.0000,"[[1.0, 1.0], [0.48736745022321826, 5.362976618071163], [0.6644991826064452, 1.5413696504587737], [0.41244298717922856, 8.035033941990756], [0.533169770115036, 4.200448822390455], [0.4758604164434564, 5.728439947317419], [0.5507481379469852, 3.760765376719029], [0.4670546242056366, 6.016771766582285], [0.4194783740322803, 7.774263982849908], [0.4158468129357681, 7.882725948366386], [0.42895865273169764, 7.390934708979356], [0.45582887757842583, 6.370634166938146], [0.5197309898023399, 4.521180788556003], [0.5117828204499486, 4.680809530328321], [0.6241467755598865, 2.2261515501673856], [0.40344779998456715, 8.358497109481391], [0.4495283508071721, 6.572422779923285], [0.503724272200635, 5.039718387682283], [0.5988851635235353, 2.721736597676559], [0.4247057330403829, 7.497783081785032], [0.5446575835191725, 4.048554738628863], [0.5455403349548396, 3.9007460283653894], [0.5628420610979707, 3.4921768320810473], [0.565509917955354, 3.39752792142188], [0.43903705695265793, 6.976578208251667], [0.43486824994505535, 7.1582221621643], [0.6554172196395731, 1.7005218474958883], [0.5060056119819556, 4.870273057407723], [0.5232720583605961, 4.410838238204057], [0.6379052341889968, 1.977408852701147], [0.528415145809414, 4.326385703960426], [0.4460294125930522, 6.730547721090936], [0.5847262720520501, 3.010809410636033], [0.6508563952736252, 1.800181220477458], [0.47439896238656737, 5.832095882443979], [0.5791775870831672, 3.092955150779444], [0.6314828825858536, 2.129857869669875], [0.392138615866394, 8.894894278198407], [0.6105149943163622, 2.508320141327931], [0.7194475945435785, 1.3899553040196144], [0.5385106696040904, 4.091151283549781], [0.6435858975139955, 1.8798242843332185], [0.4233221905618004, 7.626969137217522], [0.5186220518665885, 4.620770839372066], [0.6124740456660339, 2.4342712244679072], [0.7097048901563339, 1.4090363669041648], [0.4436520796397854, 6.8257341977246915], [0.47071707116678063, 5.926887401287979], [0.7390939530146398, 1.3530079578126277], [0.6714000687052561, 1.4894249295035429], [0.5573167016392372, 3.617573437505774], [0.4080611463912305, 8.155754321721972], [0.7987561487466875, 1.2519465440974447], [0.40304991891796593, 8.548315472047946], [0.7001043494809859, 1.4283585021880498], [0.495998324458139, 5.139218268280726], [0.39766765601059784, 8.611440120823538], [0.4317716961333697, 7.273688075213381], [0.9582512891824233, 1.0435676020359925], [0.6809554627992622, 1.468524822297796], [0.6210008472965383, 2.3396044991469296], [0.5719182175300205, 3.3088538981362854], [0.8881563430142843, 1.1259278930623107], [0.8082188562754692, 1.2372886282415132], [0.5923989251827648, 2.9041736942104133], [0.9478960502880256, 1.0549679995988401], [0.4608870133470924, 6.274074195864276], [0.917517357102321, 1.0898976376405276], [0.3947316033342493, 8.862993423519155], [0.5954957987326682, 2.8253388113931925], [0.8782600828751655, 1.138614881284703], [0.6030577746598113, 2.6092097479468173], [0.7292797970214249, 1.371215827017654], [0.48594745943964085, 5.4701855088108635], [0.7491238846025644, 1.334892693390138], [0.989485241864084, 1.010626493141128], [0.4659356945456039, 6.151436020429795], [0.7591711712073341, 1.3172259931968546], [0.690552723218284, 1.4481153522059165], [0.9277058166800498, 1.0779279185492951], [0.6598153961955132, 1.6310278568126002], [0.9790397195984437, 1.021409019452401], [0.8477225846371349, 1.179631188460134], [0.7789700222367749, 1.283746449097679], [0.9076946132917799, 1.10169211688221], [0.48239153181750877, 5.54330082764086], [0.937849267928049, 1.066269425372862], [0.5096133957863895, 4.745831677728501], [0.8579373989077536, 1.1655862085894697], [0.8980560983318707, 1.1135161844092913], [0.5771237651856611, 3.215277650460816], [0.8178134323231557, 1.2227727749094417], [0.7889363496558437, 1.2675293772890908], [0.7687701166713985, 1.3007789693098046], [0.49288753799626045, 5.272469149549332], [0.8680269340645719, 1.1520379849476086], [0.8275808216738759, 1.2083411961835786], [0.9686031874361347, 1.032414525340322], [0.8373892140689383, 1.194187819951637], [1.0, 1.0]]",0.010514,40.48
CONSTR,MGPSO_feasarch,7,100,0.026351,0.010012,4.394582,0.048308,0.636051,49.0000,100.0000,"[[0.5243152279776165, 4.418509251209171], [1.0, 1.0], [0.4369136049716417, 7.143169307711685], [0.3942913541998943, 8.88144436348497], [0.46053400507943487, 6.322253144366003], [0.4784196782095408, 5.714730710849272], [0.6374418286084732, 1.9951499270954673], [0.6157029612057757, 2.3691429043967127], [0.568735571742319, 3.353223207909632], [0.48723266927652364, 5.386739062549185], [0.4761563462474363, 5.85992983175154], [0.6069636931679885, 2.6128534930895473], [0.49400814287332767, 5.18568141645111], [0.41686522951998606, 7.863122930834617], [0.594541848904995, 2.783336015469738], [0.44757369597260543, 6.674107367934542], [0.4804114200465325, 5.574349420045393], [0.49737276538569697, 5.09060321588253], [0.5579527261825119, 3.5728946556387378], [0.4192468261542954, 7.785140078603653], [0.4019772659578039, 8.413994169208264], [0.588425899118087, 2.90759982671607], [0.39635483033216423, 8.744719439621997], [0.6471791925815481, 1.8484714226325083], [0.4253641884745839, 7.4917978246429975], [0.6424560980631617, 1.9383783227388223], [0.6012717726172058, 2.6780425981290388], [0.6611945063518069, 1.6101382357667882], [0.5458444507080099, 3.832280216072878], [0.4117705609956869, 8.017068726496138], [0.5077650297832706, 4.791663045653531], [0.9910769992612308, 1.0090033375261664], [0.6668783474620601, 1.4995238693919235], [0.7240689733791721, 1.381083897757806], [0.46797797145371806, 5.967150845839264], [0.5508414095726502, 3.7279000567134886], [0.5287675081062108, 4.303056954597023], [0.5342761633157649, 4.173800165435681], [0.5754879403087607, 3.193133182876145], [0.5180667241462195, 4.526523655725254], [0.8095128871694424, 1.2353107848555918], [0.7336585694744966, 1.3630318537903507], [0.676260031740226, 1.4787211325008978], [0.8921584739338878, 1.1208770966335109], [0.6856216930146082, 1.4585302801652944], [0.43892423994355934, 6.955723006132489], [0.5138453356495403, 4.649413329100965], [0.42266579162383067, 7.628755801955921], [0.6108848765107266, 2.4671241988555885], [0.5630859672588163, 3.4506434060473214], [0.40751993537152414, 8.283747655294942], [0.743328362385423, 1.345300476347881], [0.45420889942924947, 6.527779999246838], [0.39978449489068824, 8.59135401327752], [0.9821765159754237, 1.0181469254606188], [0.9552772388882196, 1.046816525393016], [0.5750093800844026, 3.3179710538958105], [0.8002804757568851, 1.2495619102218196], [0.580738488889073, 3.0635427344687076], [0.8832087524154643, 1.1322351564849493], [0.4297750566045656, 7.30909388970716], [0.5554425377733122, 3.662489268618398], [0.4638757539749391, 6.1491001538382575], [0.3910036237849684, 8.989558094596044], [0.9280844951744829, 1.077488100705741], [0.6220931581669489, 2.287952791271018], [0.5402517047551408, 4.0049505532129475], [0.6597960986227612, 1.6853812569969333], [0.9642628049565098, 1.0370616753646347], [0.8651495656220752, 1.1558695048074863], [0.44361910653857706, 6.802791327506542], [0.7911912503157821, 1.2639169095978724], [0.9462447339344194, 1.0568090517577517], [0.8741932437820904, 1.1439118377003488], [0.6951962956560384, 1.4384426474199297], [0.9100219960736126, 1.098874537444817], [0.8558893674687289, 1.168375304109075], [0.7143785839551786, 1.3998179991111572], [0.8466495298434384, 1.1811262686048134], [0.6289071032470561, 2.147355030685964], [0.7723783875158499, 1.294702203173026], [0.5053043719745183, 4.940125761382917], [0.9011104132238577, 1.1097419198856553], [0.8187030139132873, 1.2214441415332504], [0.76262271636566, 1.311264375608401], [0.43492916528142955, 7.220421244816446], [0.6514893573434024, 1.7495780576657358], [0.4836599979158912, 5.481433517414041], [0.45543904828797116, 6.415544674053373], [0.6328089611656507, 2.0794116268739136], [0.7530946964086812, 1.327854258924871], [0.7047629619497013, 1.4189167904532554], [0.8279937824553952, 1.2077385376427883], [0.7819766624631255, 1.2788105425680214], [0.8373091632348926, 1.1943019901234109], [0.49142654944130626, 5.2652070617654765], [0.9732065793752604, 1.0275310722230622], [0.9371466427676841, 1.0670688602657643], [1.0, 1.0], [0.9190510632436679, 1.0880788239019425]]",0.010162,41.50
CONSTR,MGPSO_feasarch,8,100,0.026093,0.009653,5.616586,0.047937,0.639412,45.0000,100.0000,"[[1.0, 1.0], [0.5773665875714008, 3.162290327459336], [0.5330619306280678, 4.1415158455344185], [0.539444601420235, 3.983259939704215], [0.5082000675138264, 4.821985644509307], [0.45936216850697076, 6.292124128303165], [0.6385816613644113, 2.0152091639268526], [0.41776691978715147, 7.856317372836585], [0.6661826212574679, 1.5080177242438062], [0.8308725961001696, 1.2035539560380932], [0.5730215581295124, 3.307341709613695], [0.4904172039554761, 5.31213991859768], [0.4670415485754274, 6.0329512792072855], [0.42073550392737835, 7.657171818133674], [0.474104039408362, 5.771467046330894], [0.5824915708989606, 3.040557631971932], [0.4873899332757633, 5.453428426072911], [0.6122507675725101, 2.4697359926524607], [0.49715515190696186, 5.135165540536442], [0.5270537516637828, 4.282155974843247], [0.8936688837586548, 1.1189826771120535], [0.7144045720205512, 1.3997670775982003], [0.47980633029757336, 5.662590565054998], [0.44296518372649807, 6.810048047624873], [0.42539120626447, 7.474679873191387], [0.566420478676684, 3.3649306321503403], [0.6051356325182063, 2.5785136915251328], [0.390744007707834, 8.969269674789498], [0.6552790651901396, 1.6839471305388811], [0.7414825958808893, 1.3486493217173752], [0.6420209679144567, 1.9082215391849051], [0.7775997256507092, 1.2860086841764022], [0.4405036766939534, 6.985298102753193], [0.5929164714252568, 2.8371092139587506], [0.4353681048897005, 7.117245474183401], [0.5553951508944612, 3.610844765151494], [0.5625302801808985, 3.446702332305216], [0.5607510824217509, 3.5624877529433543], [0.8663435151405902, 1.1542765456468156], [0.8395349619974637, 1.1911356230129473], [0.4238695773244342, 7.5640027878010825], [0.41393866660410394, 8.01697015234987], [0.617541070884869, 2.3613126790060908], [0.6634695051632493, 1.6253558399555659], [0.4008807560101698, 8.536717741884924], [0.9120583069736511, 1.0964211304846867], [0.4305671501009093, 7.347128590677664], [0.9028654897144066, 1.1075846971582874], [0.4350491606351977, 7.254691571944763], [0.7687038334138117, 1.3008911319708172], [0.39516533202208093, 8.788811882461113], [0.9703884601346101, 1.0305151401545751], [0.9605196711022295, 1.0411030925087308], [0.63240882200014, 2.095889647630165], [0.45791918294726086, 6.491253172238104], [0.4062231747297883, 8.361714216126138], [0.54639771960223, 3.8254973779572294], [0.6229973877980812, 2.2565700060370957], [0.4654877184495928, 6.1915565831488975], [0.8220267681400684, 1.2165053970962731], [0.5042832990826941, 4.884038727212091], [0.9310668501729087, 1.0740367351864044], [0.8845923047727164, 1.1304642767121245], [0.7325881718334359, 1.3650234039369173], [0.7865831899242727, 1.2713213463108382], [0.7595727287151217, 1.3165296254008227], [0.9506537102979885, 1.051907744289499], [0.8483712939800848, 1.1787291803669568], [0.44855828673125187, 6.689950033697717], [0.8572926070831108, 1.1664628759630191], [0.9901497946428992, 1.0099481971418813], [0.44982258195748004, 6.587842531433584], [0.7505338191709929, 1.3323849964609944], [0.9215540364385696, 1.0851235635238408], [0.9802965486765274, 1.0200994804583101], [0.40852488965320866, 8.162902633088954], [0.6486942463074354, 1.8022304721573155], [0.7234838770553996, 1.3822008087727249], [0.9408770535349269, 1.0628381213495908], [0.5226987179920711, 4.420205410989254], [0.8131427254762936, 1.2297964043326537], [0.46888345030526235, 5.933614985299509], [0.5888147686499706, 2.939683883340725], [0.48324283278721847, 5.490881241127488], [0.6955861332225195, 1.4376364798521621], [0.5187772277462765, 4.546581939074621], [0.5507273194562403, 3.718934745309448], [0.494304443454358, 5.194778361696518], [0.626835586664847, 2.1700926085653576], [0.685675346955914, 1.4584161504997142], [0.7049072641411549, 1.4186263227381835], [0.5987523735589261, 2.6957039347777316], [0.8754692856908419, 1.1422445268435542], [0.5024806797705896, 5.046780956997199], [0.7954031427900465, 1.2572240995833714], [0.6757865899967002, 1.4797570931451642], [0.8042799477827609, 1.2433481684540317], [0.5137701412105466, 4.6519590671727356], [0.3984310139270374, 8.680634980653881], [1.0, 1.0]]",0.011563,40.58
CONSTR,MGPSO_feasarch,9,100,0.028419,0.010166,4.462375,0.043792,0.676792,48.0000,100.0000,"[[1.0, 1.0], [0.4568323641980493, 6.325862306432511], [0.5629077744006611, 3.4491852180474085], [0.6018966350011238, 2.6370590021145115], [0.6139068839932195, 2.4509024411278024], [0.5000797945689726, 5.037952531853184], [0.43152437573971203, 7.306434471198425], [0.4715097449239524, 5.862687147164327], [0.44244059636543454, 6.871489626650471], [0.4263134207427741, 7.425448404729244], [0.5695497366967972, 3.3134613255551733], [0.4191579817928318, 7.77736332385062], [0.6227345074454864, 2.25043540718976], [0.5233712723987268, 4.446427108954111], [0.5264915782774644, 4.301105405973461], [0.6625738894007522, 1.5790184975141832], [0.4707535970917246, 6.043364622616414], [0.5984091359538003, 2.7547552250839322], [0.6533439724005776, 1.7545486560896242], [0.45006708225323466, 6.800128518926722], [0.5436149809432351, 3.90718216911741], [0.5082184156990202, 4.823447773651989], [0.43941793783993377, 6.983454391877554], [0.4348331192672539, 7.176613324307907], [0.4847827230199957, 5.469844093921773], [0.6571553976908608, 1.664091243572509], [0.6667170938097927, 1.499886547509594], [0.41192462472381375, 8.042652527671526], [0.6085753435544946, 2.5617944187005457], [0.4755353108948283, 5.736472522807943], [0.5482035078125445, 3.771144062691587], [0.9543561096359704, 1.0478268959596644], [0.7353516431674162, 1.3598936091210063], [0.4372486991170953, 7.056502762348426], [0.4508256360028624, 6.5541799225429935], [0.4080285135978667, 8.17430392984162], [0.4901399674488397, 5.334435539809887], [0.5780922767124635, 3.1334973668932036], [0.5376243176736606, 4.025033672050519], [0.8609465032385158, 1.1615123544127584], [0.5037782968339255, 4.935894539654065], [0.5137931161835716, 4.643440709956763], [0.7267172161097882, 1.37605106612601], [0.4259100719200578, 7.688460287214284], [0.6500734051032552, 1.8559944599881981], [0.5327380506243486, 4.204826950528336], [0.5203742395238499, 4.5586228428051], [0.40562382834670585, 8.420337191971576], [0.8701551770411636, 1.1492203073483453], [0.4836359201232309, 5.694456439184292], [0.7810082103912936, 1.280396270737012], [0.8986955780877237, 1.1127238459633189], [0.39616572529679017, 8.75130439707086], [0.6283686034092022, 2.1484426053601537], [0.8165596550455766, 1.2246502675229338], [0.582677555095763, 3.029703910431183], [0.4008346730979082, 8.528675976760676], [0.3945939903787148, 8.815279223734237], [0.7096176984904139, 1.409209497067679], [0.8891203875240475, 1.124707085825263], [0.7986797105982932, 1.2520663624356967], [0.619246882915499, 2.319612469193478], [0.4935348062187579, 5.203545164771263], [0.46411708278000147, 6.090176668613527], [0.6749246874487196, 1.4816467949632965], [0.834282491455346, 1.1986347672903594], [0.851800947944732, 1.1739831969110273], [0.587573556315895, 2.9485169053827076], [0.8430423269812548, 1.1861800623709788], [0.8254576124170742, 1.2114492433740327], [0.5744321205879572, 3.23337516111852], [0.8075228462311089, 1.238355056661524], [0.7717038856949884, 1.2958338276337829], [0.6917513302628376, 1.4456061828172275], [0.6410927450294628, 1.921085962460365], [0.558954374440996, 3.536580985550716], [0.6354368501187655, 2.0460375153701804], [0.9907721876901588, 1.0093137579198246], [0.5551637865762755, 3.7245849997159897], [0.7007215691947639, 1.42710035478022], [0.4160772654852978, 7.946901881751476], [0.9360572210583548, 1.068310758683479], [0.7531512294034878, 1.3277545876039023], [0.9633880591360395, 1.0380033160228224], [0.5937485164921725, 2.809775318550325], [0.39112843563857996, 8.957280853333685], [0.6832077295955739, 1.4636836743517991], [0.9450847563916196, 1.0581061573969825], [0.9082370579237418, 1.1010341312058232], [0.7898508024574274, 1.2660618902819936], [0.9269300842157748, 1.0788300186049584], [0.7443779320961857, 1.3434036084116256], [0.8796079466629683, 1.1368701292362942], [0.9175360190217854, 1.0898754700291027], [0.9816056940336584, 1.0187389968071139], [0.7624179125414635, 1.311616612818781], [0.9725361250648736, 1.0282394393661154], [0.45075554359930914, 6.609990414983601], [0.7180598168623843, 1.3926416386444993], [1.0, 1.0]]",0.011790,41.35
CONSTR,MGPSO_feasarch,10,100,0.027101,0.008530,3.766950,0.047473,0.673439,53.0000,100.0000,"[[1.0, 1.0], [0.42360575976617054, 7.622498776621456], [0.579764530797647, 3.197104345984216], [0.42851888848033665, 7.371681082121342], [0.532499819629557, 4.155188535415457], [0.6370011429967678, 2.0867641753108583], [0.5294557578931393, 4.32291706035762], [0.4188069231041993, 7.77845564918371], [0.6181572787077466, 2.3415169263464763], [0.6246899504069797, 2.210483687970205], [0.6130466316973718, 2.4957966389331445], [0.3955185159587082, 8.779810894257942], [0.5005067843383749, 5.006426553789471], [0.40056776629101626, 8.491519719694995], [0.4806626713538545, 5.566681868544344], [0.40838182240750276, 8.181605305509981], [0.4428269199931058, 7.045920311018057], [0.47517320697180404, 5.732086358510309], [0.44373082258721375, 6.798941891132946], [0.4642033927527356, 6.118369366858805], [0.49544912459691903, 5.181960083395567], [0.6305278161816823, 2.132488650400219], [0.5057945462057524, 4.909451253135317], [0.8563565300700706, 1.1677379279377667], [0.432958586138218, 7.231643736384386], [0.5426266107634949, 3.912374565008417], [0.5548639382003925, 3.6989290703598994], [0.5492584992672005, 3.806537019460384], [0.49135260697965233, 5.279717419354853], [0.4612734895521614, 6.355262051672265], [0.5680884461004534, 3.343486715462415], [0.6045191637687927, 2.6080287419671913], [0.5640575654543117, 3.481157138608911], [0.9171853625533907, 1.0902921490330573], [0.43440761106815445, 7.114753939370182], [0.5864844823902187, 2.939189964842012], [0.4857554957497361, 5.4876895364977125], [0.8026212754850253, 1.2459176333142907], [0.9633457918816851, 1.0380488589115222], [0.7335848925109116, 1.363168748714554], [0.7165680794817548, 1.3955408127071922], [0.49628672346707375, 5.106166638752475], [0.7759052676374283, 1.2888171297572484], [0.39833074962303644, 8.651068574566187], [0.5944475922854426, 2.8328370729120675], [0.7847332211871005, 1.2743184218545711], [0.6624849766505281, 1.5920446887954995], [0.5591480035240641, 3.594415220128395], [0.407277969169235, 8.353986273295984], [0.42732489763086967, 7.401077697362064], [0.4891852527700596, 5.420674102902298], [0.638973088311285, 1.9572384572965522], [0.4121227547719538, 8.017251158020747], [0.4519086734296041, 6.568613854013344], [0.9263742389135546, 1.079477340791334], [0.6489458637788115, 1.7995898371226984], [0.5106216084808067, 4.747664581459889], [0.7672070440833234, 1.3034291169664936], [0.45489349058297607, 6.406714462521639], [0.6561788251942607, 1.6782195541528728], [0.8206134026678364, 1.2186006184507503], [0.5148132990646128, 4.625897597065975], [0.4683095565381001, 5.984872845499876], [0.741849678498341, 1.3479819820427896], [0.6884162059267559, 1.4526096152164016], [0.8116079727949668, 1.2321219523709952], [0.8912154944757696, 1.1220630769982511], [0.9908794665101361, 1.0092044832879485], [0.6978764347765716, 1.432918422471386], [0.5713459592871262, 3.285529103950852], [0.5256181736019423, 4.418969357460198], [0.9540579205852784, 1.0481543923313774], [0.9085762742942133, 1.1006230608176568], [0.5983075725853916, 2.7010397598149236], [0.9355714391607797, 1.068865463547085], [0.6468919811072024, 1.9001619393279958], [0.5197001362471753, 4.486051795051198], [0.678420811209951, 1.4740113856715547], [0.4721953119697477, 5.862749218124766], [0.5826634247325158, 3.057171127236145], [0.4487184474769216, 6.7110726006082615], [0.538874021823504, 4.029520082132951], [0.8998942103260392, 1.11124173100046], [0.7936619515006037, 1.25998228604668], [0.7073985442937668, 1.4136302768312206], [0.882498833698568, 1.133145973472829], [0.7251209694499946, 1.3790802392027106], [0.8738149186636314, 1.1444071034279772], [0.7501008301414147, 1.3331541038442425], [0.8474939127915553, 1.179949477992244], [0.758609153494179, 1.3182018637581245], [0.9817334823979604, 1.0186063915813712], [0.9447880044774126, 1.0584385018236198], [0.9725624020147707, 1.0282116581192007], [0.8295814418876641, 1.2054271582119271], [0.667731908637435, 1.4976070292051593], [0.838524888029018, 1.1925704463591233], [0.8650512279128861, 1.1560009022965096], [0.3942031088604001, 8.902145796360813], [1.0, 1.0]]",0.013598,40.70
CONSTR,MGPSO_feasarch,11,100,0.028932,0.010246,4.035979,0.048548,0.711358,51.0000,100.0000,"[[0.633340056705283, 2.093242477381937], [1.0, 1.0], [0.6512024441911285, 1.7958702701261395], [0.438697844039681, 6.9567796296912], [0.41429580608659056, 7.951570322640135], [0.6413626081970641, 1.943350185750606], [0.5600861872578697, 3.5152928743762093], [0.4442363297268609, 6.8474318113604475], [0.578157951220423, 3.1181006828811566], [0.5045722949914723, 4.903655835547229], [0.5938567141249941, 2.813136255326452], [0.42104611156379257, 7.636901602558547], [0.5096233474753709, 4.737368306370325], [0.49073415207427673, 5.338571169838197], [0.5991855984275809, 2.7056041020002324], [0.5651334342139746, 3.515183779633509], [0.49980124274496146, 5.013088133676036], [0.46612215548348235, 6.184198201124126], [0.39625040587132604, 8.915479681154443], [0.47906560242709373, 5.688251753676324], [0.6263608333215614, 2.297530839892764], [0.49902829106682567, 5.202109503285391], [0.4018842762430313, 8.500223245021504], [0.4569706854881891, 6.3263126377979395], [0.470693760660805, 5.941479566244738], [0.6162042648640572, 2.4362629019833517], [0.8532648867196341, 1.1719690046598392], [0.4053682798094067, 8.301156969774333], [0.5299166949117042, 4.275103952666342], [0.5760041186708653, 3.3111024809797773], [0.45312170434455945, 6.555977034468875], [0.5290264936157567, 4.383890578112164], [0.3998089152647091, 8.654933140901354], [0.5509364704592501, 3.735403593293103], [0.5485102208481225, 3.8101238714987433], [0.5147540343616733, 4.615144544742034], [0.6083575191474562, 2.507970876140099], [0.3897693551214826, 8.980379271623493], [0.6918919098547414, 1.4453124624768978], [0.6301323394124101, 2.196025251975473], [0.4476561075644493, 6.6894369394226665], [0.9000658154914924, 1.1110298633594224], [0.6741029619538356, 1.4834529091840465], [0.7267069229054901, 1.3760705567546276], [0.8346263795181665, 1.19814089817926], [0.555389141504786, 3.6501870258706304], [0.5402418073135669, 4.011686853748429], [0.4676771067414974, 6.011268199561041], [0.8254353135377406, 1.211481970300121], [0.5481697348843668, 3.964830702195332], [0.3978761534234101, 8.709034299764424], [0.9095370784563104, 1.0994603998962038], [0.4272925898020902, 7.383477401572244], [0.6453268328829693, 1.8517508720197355], [0.4343885960954128, 7.287156262009032], [0.590463944901628, 2.969370695468176], [0.5849330117198266, 2.9925197059339617], [0.4779252248668556, 5.832446725281514], [0.408856103566206, 8.127553351648478], [0.959266044500411, 1.0424636686903719], [0.5228993268206468, 4.431349845509948], [0.6561725636712685, 1.7294098995025278], [0.8810756925147767, 1.134976266506443], [0.4127030481527023, 8.023828935359447], [0.619031384464263, 2.3206721570647044], [0.416696785368446, 7.802611339869258], [0.8159157522330575, 1.2256167346483107], [0.6664435562145326, 1.5236345745712243], [0.5368556667890588, 4.176145539138223], [0.8624908774974647, 1.1594325529581495], [0.45731278875643405, 6.325571365270988], [0.700736707068787, 1.4270695254185337], [0.4377542461375601, 7.119974411086431], [0.9191914031765507, 1.087912698643819], [0.4838142991242823, 5.485383115740332], [0.8063369856937366, 1.240176275852762], [0.6365592101991866, 2.0333491955217418], [0.7452008588985352, 1.3419200851138011], [0.5688937041327369, 3.3127489634109164], [0.7870372919813902, 1.2705878237134987], [0.7558357220676324, 1.323038817567979], [0.8439275156110279, 1.1849358878599558], [0.6612711933259964, 1.6255515125239213], [0.7661491846422468, 1.305228824940863], [0.7093574707549074, 1.4097264654671038], [0.7357647152156754, 1.3591301394588744], [0.7969444336493727, 1.2547926276626264], [0.9390721733850705, 1.0648808774679193], [0.6832134023146844, 1.4636715213900406], [0.77686947604971, 1.2872175195824174], [0.9291396745719287, 1.0762644491106441], [0.89055441467983, 1.1228960111994029], [0.6049702654224913, 2.599860645162373], [0.9491770259373332, 1.053544252203616], [0.9897149143895385, 1.01039196788987], [0.9792826027768202, 1.021155688015323], [0.7180228424095316, 1.392713352466912], [0.871768822102108, 1.1470930992791029], [0.9690835858670386, 1.0319027322140644], [1.0, 1.0]]",0.013674,40.14
CONSTR,MGPSO_feasarch,12,100,0.024987,0.009619,3.199087,0.045922,0.599614,47.0000,100.0000,"[[0.4867395653716945, 5.476611435054198], [1.0, 1.0], [0.572289925893536, 3.264069159176131], [0.6002391890462301, 2.6729230641167256], [0.5360269778522162, 4.069957268463623], [0.41308848117574204, 8.10494852524087], [0.46195737764571704, 6.2063972644915815], [0.4194597616624496, 7.805084508476067], [0.6387772193365575, 1.9965412468190602], [0.4660375863014834, 6.101756236087385], [0.4412682973275717, 6.866512141643006], [0.49218750253511545, 5.235129758383895], [0.6475248876506732, 1.820543653309479], [0.4046227351242925, 8.435098006910465], [0.4809867001496996, 5.580773225008014], [0.4566668658328549, 6.344409686873865], [0.47627335095632306, 5.716865524573233], [0.606896433363161, 2.5679681601481876], [0.4333369900506912, 7.333041256050666], [0.5582006924935048, 3.6257111088541385], [0.6280137775911052, 2.159012009397876], [0.4957979874645526, 5.142315125919565], [0.5450815633274668, 3.8751620080817943], [0.5498737831799255, 3.7847572644484213], [0.6223101929784647, 2.2580478700416413], [0.4538991591968292, 6.457165519166589], [0.6421205004319188, 1.902374846003097], [0.47057585948550285, 5.983149375955688], [0.5957302886094991, 2.7787302859573817], [0.3936722530766624, 8.945467133819065], [0.5025497397955434, 4.932057432036435], [0.5685064871208764, 3.4076453000977724], [0.4521268820017471, 6.565078613211095], [0.9194833643163919, 1.0875672565794268], [0.43606690444106116, 7.164402482055882], [0.4402087532380272, 7.046923876633868], [0.49913636622954727, 5.044900151706937], [0.4896472854621585, 5.332167266481617], [0.41714004952775297, 7.996585506844328], [0.4071170007562712, 8.244152385084336], [0.7927076436475166, 1.2614991264606217], [0.5917966899068708, 2.874014121643894], [0.47190521347197756, 5.872220062783075], [0.882685685013323, 1.1329061034731818], [0.775657309992415, 1.2892291313670192], [0.6176483190236095, 2.3694036977440414], [0.4249923773304113, 7.5045715850831405], [0.5276098304716748, 4.301772281121156], [0.515614253210618, 4.587515756234764], [0.5111459553771505, 4.7468351353427956], [0.6336375707647804, 2.0722438081707653], [0.521805201928916, 4.443986645598012], [0.9103604863611916, 1.0984659538520911], [0.5317208918586684, 4.165392343534631], [0.8457357090139213, 1.18240248028068], [0.8366590388694936, 1.195230020285462], [0.6533825445858378, 1.714359254932194], [0.8100173079866284, 1.2345415216936424], [0.8548615079843946, 1.1697801230491884], [0.6597099342808431, 1.6163644735990734], [0.4239658947424718, 7.714548327075888], [0.7492197781009786, 1.3347218389437947], [0.9012588415431312, 1.109559156488057], [0.582222254269182, 3.0242567686501487], [0.5523333794708593, 3.674639287977707], [0.5630336431734009, 3.5179900029327427], [0.7842089829879129, 1.2751702947725774], [0.7581498924939121, 1.3190003848850114], [0.39513867477695347, 8.774585014287515], [0.9286404238370884, 1.0768430646902682], [0.6997003304363281, 1.4291832610346307], [0.5893193347511425, 2.947649538231102], [0.44940123700231477, 6.737823683261291], [0.6166657776661126, 2.482229099009866], [0.5062053418445166, 4.830403438644239], [0.6666868717195864, 1.4999545400087129], [0.8013762053172108, 1.2478533719430407], [0.8188273327135789, 1.2212586952685351], [0.7294549411924498, 1.3708865942635011], [0.677579235661929, 1.4758421559702863], [0.8276228914172519, 1.208279773759717], [0.7669533425675603, 1.3038602800168522], [0.9381124603462989, 1.0659702778394562], [0.5774422242917404, 3.133088045240517], [0.6885576632836372, 1.4523111909482453], [0.8919533139254102, 1.1211349118700906], [0.9682182345612986, 1.0328250019512406], [0.7100406240785543, 1.408370121495142], [0.7199882697361399, 1.3889115170813522], [0.7395330406751475, 1.3522046277838546], [0.864082235440882, 1.1572972559605608], [0.9892929201509881, 1.0108229621691598], [0.3966559615755336, 8.657211378065242], [0.8733422634869302, 1.1450264596234845], [0.5397229358857748, 3.9885847128760092], [0.4268330428650627, 7.455293165947657], [0.958109267647367, 1.0437222911489996], [0.9482054240832644, 1.0546237920615265], [0.978632286977559, 1.0218342612509075], [1.0, 1.0]]",0.012005,40.87
CONSTR,MGPSO_feasarch,13,100,0.028095,0.009443,3.945187,0.049014,0.655094,48.0000,100.0000,"[[1.0, 1.0], [0.651236730684245, 1.798951641061907], [0.6559741391161762, 1.7007186778319898], [0.6603087309299907, 1.6033885304182218], [0.4526391862217985, 6.555205952314191], [0.45847292243794735, 6.304293979308971], [0.5837479356917911, 3.051504771950575], [0.6260739300727931, 2.23307137222364], [0.4091409680980199, 8.163382768659304], [0.5062553021170078, 4.852013981025695], [0.5703689559182481, 3.2989082715117455], [0.6305810983287915, 2.127441179274808], [0.440971334986731, 6.894673732731888], [0.578115169525832, 3.1894461873242426], [0.4553426645332852, 6.396124787695458], [0.6455408482166423, 1.8983133008537632], [0.4395331944103596, 7.047591805608551], [0.5549474915371759, 3.6199986195709455], [0.4055279614299745, 8.321364381569094], [0.6207303666479422, 2.314462439022159], [0.4993481380758392, 5.087506680294495], [0.543706224993487, 3.896018285135017], [0.48367858723219787, 5.57734409103259], [0.5323645632008003, 4.330354116350709], [0.540979284289905, 4.082772157266409], [0.7128972659807824, 1.402726658832434], [0.39587684248893495, 8.734805077303538], [0.7215975792377743, 1.385813961649238], [0.5034653597594975, 5.00103944901846], [0.747428143796136, 1.3379212547724908], [0.738703606680294, 1.353722915329955], [0.48519586721941654, 5.464539194009602], [0.475138591873096, 5.758712075830363], [0.4938158587329542, 5.214986804652663], [0.463881564744655, 6.1657323223693], [0.47219739419528817, 5.9661865951803605], [0.7300829777165629, 1.3697073216631355], [0.39210923209408355, 8.919301114501424], [0.8015477306163671, 1.2475863405302499], [0.8297437849479891, 1.205191311029444], [0.42887328212284714, 7.465145360280066], [0.5185175504717323, 4.5536319825178], [0.42464976612816413, 7.4999499629695165], [0.5326953988200748, 4.145170306461083], [0.44404664785846215, 6.794825941760589], [0.6057888393791552, 2.5740784839940187], [0.5895235115013455, 2.943517892848238], [0.43589401701086955, 7.145209459165444], [0.8109051644112658, 1.2331898277229756], [0.5223349543838075, 4.426664678363188], [0.7649969466938051, 1.3071947598246512], [0.7740417481581415, 1.2919199802588603], [0.8203275359089763, 1.2190252749372052], [0.4460303128002451, 6.701268318784962], [0.6411551034889814, 1.958295470961884], [0.7562368588978423, 1.3223370273930102], [0.567235436569954, 3.4527559099309384], [0.5997755775677545, 2.6861347861952716], [0.4911836906116064, 5.357000821235209], [0.6353631210669037, 2.0422006736600635], [0.9025673632943298, 1.1079505427163303], [0.6151235673244517, 2.386598693303414], [0.4799574676112904, 5.64562505968935], [0.9392600701772609, 1.0646678505254419], [0.5128101370127808, 4.67992576106127], [0.6669246748796162, 1.4994197061017511], [0.5085318719683622, 4.765614108493976], [0.8936750797294483, 1.1189749190530642], [0.4011481055582786, 8.495708380505583], [0.5950153555791915, 2.766313783347735], [0.8758703740325877, 1.141721457475389], [0.5607619632444814, 3.510323260891788], [0.8847696953671788, 1.1302376259451345], [0.41810526632740197, 7.78549849522054], [0.8668339069382174, 1.1536235396376504], [0.5929928215831201, 2.8486195975911497], [0.6856517040413987, 1.4584664401849445], [0.78311816546315, 1.2769464993939734], [0.5508443292175103, 3.7488295005627634], [0.42214183138119743, 7.65021131519501], [0.7923034650450649, 1.262142656340802], [0.6131586267397489, 2.4828591599963103], [0.8575879849749312, 1.16606111270231], [0.9591039795118436, 1.0426398194166302], [0.9690748416670057, 1.0319120433255669], [0.9206703354305733, 1.0861651141744741], [0.839110082240412, 1.191738749378406], [0.7039446174626202, 1.4205662990996597], [0.41406274719111513, 7.95629989914239], [0.4671210709093636, 6.034121774793407], [0.6948989372234183, 1.4390581801659714], [0.9116079956459908, 1.096962734833597], [0.9491899622548183, 1.0535298936626778], [0.67629410090147, 1.4786466400742582], [0.9300139243068326, 1.0752527181196025], [0.43349990313308717, 7.148076717101106], [0.98952916763027, 1.010581630852586], [0.848444189240871, 1.1786279082124784], [0.9793695712041338, 1.0210650089633693], [1.0, 1.0]]",0.011594,42.10
CONSTR,MGPSO_feasarch,14,100,0.025928,0.009209,5.697690,0.043641,0.624274,51.0000,100.0000,"[[1.0, 1.0], [0.5555413125890519, 3.721563472365031], [0.4248681723311579, 7.476490345185418], [0.4350824990692611, 7.13911614580842], [0.5892624507187021, 2.9940235606169825], [0.6068114656349357, 2.574661356419064], [0.45998728066628436, 6.245540858811479], [0.6148937641441035, 2.427182768749097], [0.5576876077647006, 3.587342876462064], [0.4126565140503306, 8.087403021699949], [0.44797106645118134, 6.690252298619333], [0.579258334005913, 3.1225175468898527], [0.4651178987910456, 6.12108118626136], [0.5841143311937821, 3.058969802367835], [0.6499993742518749, 1.7724134637198594], [0.5648388616846334, 3.436209370234349], [0.40055141297190744, 8.69039299383054], [0.4293290261230049, 7.378517588167754], [0.4317121737176384, 7.227053107498484], [0.421784274319034, 7.610114037080466], [0.5745474086711859, 3.2146740879523], [0.6311630287688855, 2.09601370539399], [0.40196366383479054, 8.44236284469452], [0.4522216139712565, 6.5189469603193695], [0.6559817549072909, 1.6964863279358045], [0.5955922108861945, 2.789781383212382], [0.6093223158471204, 2.509855171407473], [0.6177344163824938, 2.33536100731666], [0.5366229408726297, 4.1125105688607535], [0.4085785327142223, 8.172526059693274], [0.5901395118201811, 2.871891565075651], [0.5049178598139072, 4.869618309738142], [0.4682001506254079, 5.9956631566598215], [0.6244894082761642, 2.231298682050139], [0.5046510328803158, 5.037196007916644], [0.684648709660129, 1.4606030594820176], [0.567753894417191, 3.3346696461036434], [0.6385645329626455, 1.978948137565473], [0.48116034993019374, 5.5778351138883515], [0.6001490912976015, 2.668314210518745], [0.4423707779228177, 6.842898811637124], [0.4853710980541519, 5.4291746103209775], [0.5258358179393405, 4.347558205767846], [0.5428081881154607, 3.9043402171015584], [0.43963167216514065, 6.930074995291672], [0.6439953015554255, 1.8754286354834477], [0.45604237747514587, 6.370536729682842], [0.5217474028153637, 4.549887964501639], [0.5152812769951273, 4.588127544214346], [0.5481055891851839, 3.810851971551123], [0.6758004915335406, 1.4797266538394773], [0.7020416987392949, 1.4244168142658329], [0.41956070035285475, 7.73886821095195], [0.5396159834251834, 4.058808323987873], [0.4065475993414933, 8.313807818924097], [0.9192372792658481, 1.0878584045227728], [0.8992543117173486, 1.112032477320295], [0.47566750982617567, 5.740628487169266], [0.8893673582617014, 1.1243947629858304], [0.8425438417922633, 1.186881857533722], [0.824116138164964, 1.213421208115972], [0.8703391478441103, 1.148977387122099], [0.815033756254698, 1.2269430466233353], [0.9092678618084523, 1.0997859288802858], [0.9392010690669645, 1.0647347335256285], [0.8517499548510208, 1.174053481664005], [0.7387900402629091, 1.3535645386396054], [0.7872905122105026, 1.270179158125843], [0.693371512023828, 1.4422282754034386], [0.7293498998075553, 1.3710840301258118], [0.9291994447929056, 1.0761952190176718], [0.5104706167633488, 4.7139914022006595], [0.3994149341747679, 8.80183934195695], [0.7199907460583785, 1.388906740085959], [0.7109364782381473, 1.4065954281572581], [0.9596945015905387, 1.0419982591779586], [0.491297809566993, 5.353763433465142], [0.7681580476784785, 1.3018154311110748], [0.41517835797709113, 7.941345704623301], [0.5339718161939646, 4.270657664415881], [0.7778509680754999, 1.2855933090552352], [0.662287719180174, 1.6087704902301148], [0.8059949556198727, 1.2407025540636571], [0.7487476361710581, 1.3355634818612516], [0.7967658990391139, 1.2550737942047758], [0.8798361608544839, 1.1365752449056137], [0.9494825018294223, 1.0532052966465868], [0.8610239988585546, 1.1614078136331665], [0.8334247325519201, 1.199868399559048], [0.41944552223649484, 7.866030087909035], [0.9697833391213064, 1.031158156321877], [0.4934815021827962, 5.185619788166331], [0.4725399717968438, 5.940073554861108], [0.990028738906719, 1.0100716885292564], [0.39138198745735997, 8.920356128720789], [0.666756740601688, 1.4997973610249369], [0.7583820014384643, 1.3185966941505016], [0.9798336465099151, 1.0205814053864304], [0.4970875578897825, 5.109946643168433], [1.0, 1.0]]",0.012634,40.91
CONSTR,MGPSO_feasarch,15,100,0.026761,0.009919,5.526748,0.047114,0.658135,54.0000,100.0000,"[[0.48626535669814563, 5.526110368072551], [1.0, 1.0], [0.3964907982062476, 8.668865120900838], [0.5027539474006373, 5.016851750037214], [0.6490042714198905, 1.8218274048273473], [0.4660905527765608, 6.107322470264527], [0.5859903589014227, 3.003213668396503], [0.5401309971707658, 3.9671529976283137], [0.394408590428151, 8.766898609526187], [0.6106085694699853, 2.5212857243769915], [0.5465408448798124, 3.8638964881425255], [0.49818988834075845, 5.172611078802004], [0.6176304019400557, 2.383824579979576], [0.5303555827894348, 4.278804901752649], [0.4238344354576156, 7.613038575734867], [0.4566934688153367, 6.3688583835601875], [0.44402706818431764, 6.775056038996709], [0.46228044538699853, 6.239728286894711], [0.5539519452042543, 3.7203040360458024], [0.6298322809921171, 2.138183825383231], [0.5922173711100356, 2.919731771989212], [0.5262249057715662, 4.431974899131057], [0.49134001483560674, 5.250725408949657], [0.4059380818226035, 8.30011474267868], [0.7763641987689932, 1.2880552730092458], [0.9177868339729738, 1.0895776262894692], [0.5062668923417989, 4.854309000431121], [0.6426356147776475, 1.933390715893633], [0.6612767541439516, 1.606947718875957], [0.4809493054201385, 5.628218966126012], [0.4485020854656066, 6.661958228199701], [0.555719052079901, 3.631297441844521], [0.6241584914206391, 2.230085694357489], [0.44151841129562974, 7.0142079702511495], [0.4009183627612816, 8.534120346545697], [0.4165097244542971, 7.867407943059148], [0.6666780456107598, 1.499974397812779], [0.40275186404792374, 8.404802807768876], [0.8642572780676308, 1.157062862387312], [0.8731139634084832, 1.1453258588331081], [0.4204407794540038, 7.70455074530739], [0.8028381894723033, 1.2455810063760033], [0.7586391382933195, 1.3181497625467367], [0.7851513095624133, 1.2736398549183188], [0.42903896563663246, 7.346428038208531], [0.7940583664279939, 1.2593532695819547], [0.5352398590310325, 4.121159094710935], [0.47655194447423904, 5.694452663601337], [0.5608983847171666, 3.5526372772268466], [0.7124336996277276, 1.403639385001771], [0.703186788231517, 1.422097253156526], [0.5106300248787906, 4.8102321195426585], [0.4144095379623903, 7.969708768020422], [0.4266094900803661, 7.501704404868686], [0.8998560277635391, 1.111288883050941], [0.5779780756313639, 3.1204698691440984], [0.5753917291598368, 3.238880812391207], [0.4329747597542026, 7.235376546583074], [0.8200676283122618, 1.2194116259143744], [0.7674758071520076, 1.3029726679083948], [0.635371216850896, 2.018216936646152], [0.5694330156755528, 3.3286898354705388], [0.8820375245076457, 1.1337386133976568], [0.515232911332141, 4.659725241416204], [0.9633049520448383, 1.038092867556912], [0.4095753585935522, 8.114942968771269], [0.4363770199592135, 7.084118162730302], [0.7217907180351467, 1.3854431416383304], [0.4680494703880411, 5.969227748582242], [0.4886228674350903, 5.388630507205645], [0.9088137925108359, 1.1003354133053354], [0.9724180008761408, 1.0283643444475605], [0.8114749231151838, 1.2323239714680083], [0.9267482552143805, 1.079041686211402], [0.6846934281542255, 1.460507665008218], [0.9540502605550497, 1.0481628079198024], [0.3911197157066141, 8.968477421602742], [0.9908453073120166, 1.009239275415068], [0.8553206488319545, 1.1691521786193553], [0.45246502827482354, 6.502870536525432], [0.8909355131860885, 1.1224156913712915], [0.9448566742285318, 1.058361577237619], [0.7405231329197446, 1.350396706794542], [0.6012584433578207, 2.6422556335674514], [0.3895885176825814, 8.994456785639326], [0.9357128976164271, 1.0687038754593783], [0.5197341374917857, 4.481564292922543], [0.9816349675832984, 1.0187086167701571], [0.6940349564779789, 1.4408496152336516], [0.6558825006407056, 1.711358926148055], [0.5652001301116303, 3.448449434117133], [0.675615570599239, 1.480131665871832], [0.47367677816905857, 5.8610397243540815], [0.5951641433523325, 2.7626742037275007], [0.8376353683152813, 1.193836886342657], [0.7496222010994422, 1.3340053143214519], [0.7311881016421069, 1.3676371343491416], [0.8287290660020568, 1.2066669808314872], [0.8465130913133518, 1.1813166391183811], [1.0, 1.0]]",0.011438,39.06
CONSTR,MGPSO_feasarch,16,100,0.030570,0.010142,5.690020,0.056223,0.686805,48.0000,100.0000,"[[1.0, 1.0], [0.506445078948527, 4.914934472993443], [0.47854635709494686, 5.729966939922712], [0.44800727499879134, 6.668680346161538], [0.49539248892872145, 5.1626311455671035], [0.5179508466483715, 4.516847529983765], [0.47042472152430687, 5.891517124393023], [0.48975639728336723, 5.319115960978458], [0.5148370860918987, 4.6256466259941735], [0.46613477007863663, 6.10229419841451], [0.6366223273840209, 2.0223089912135412], [0.48099092571620816, 5.629104880389905], [0.6306652381188074, 2.1318930017600475], [0.5830164143092919, 3.018396873124354], [0.46365578965546317, 6.298568817624136], [0.4543840345455369, 6.505812099848752], [0.4448467233351958, 6.931516255914265], [0.5614775298235445, 3.4880223305289753], [0.6584265883280109, 1.6652704764893882], [0.5976187156543323, 2.7158121113332556], [0.5789460007266815, 3.11887438746826], [0.39607057452432093, 8.84006640235908], [0.446615602101595, 6.762333909559637], [0.4168046870932923, 7.850315763345884], [0.6413213692088381, 1.9222564183056932], [0.6523167218414284, 1.7328042469329306], [0.3993006690873191, 8.746978226981529], [0.44031149560101623, 7.032379480063776], [0.42784249886438747, 7.381780668886077], [0.5647716603001023, 3.4156329512612236], [0.66367981544645, 1.5504144560846218], [0.9479085497481998, 1.0549540884145814], [0.4586531293731781, 6.352616031097748], [0.8867103733303814, 1.1277639577443037], [0.9130641488805715, 1.0952133004302194], [0.42326152381134585, 7.605848488635995], [0.5768640964444659, 3.2414849406636037], [0.6024713718623094, 2.6470086067461573], [0.5880643337857441, 2.9113536982137163], [0.6084075898441842, 2.5704011173744394], [0.5344338993389001, 4.135642260047543], [0.4752390759061935, 5.8011654494471525], [0.9391039575449763, 1.0648448363631853], [0.6477182773640122, 1.8384375072189576], [0.5342050569422235, 4.2352052456326215], [0.9217325268248675, 1.084913433015914], [0.9741708327988787, 1.0265140017864338], [0.6186229167289586, 2.335789209123506], [0.5440998605349319, 3.8872095384767635], [0.40819972972100194, 8.169152987236039], [0.9654954421115463, 1.0357376704057681], [0.800323119242153, 1.2494953300198628], [0.5233599221862055, 4.401821172427037], [0.7914064714408373, 1.2635731903725738], [0.6133711559304902, 2.4283706719956264], [0.5386770630603718, 4.009923499688223], [0.8778435145225382, 1.1391551950394065], [0.9828018894011789, 1.0174990613920165], [0.6988999993779103, 1.4308198610532241], [0.8954945474062261, 1.1167013834941495], [0.7178507365606448, 1.393047257694802], [0.7736634231158886, 1.2925517351880909], [0.3893539990241306, 8.99516129445928], [0.5275845974466261, 4.278494151117609], [0.5576706394002433, 3.6671824183189856], [0.5722683949227458, 3.2884804610605527], [0.4847854820735137, 5.523459368033141], [0.7824735227408842, 1.2779985148854034], [0.5000756870913794, 5.028950954370445], [0.9913982815502327, 1.0086763499693756], [0.5112641625858425, 4.711718275083136], [0.624036422065209, 2.2414919179489337], [0.7649429162626876, 1.3072870912848507], [0.4333456408467224, 7.1657402964045165], [0.6711720481738397, 1.4899309390503563], [0.8688016820483816, 1.1510106629194028], [0.49391428304013923, 5.174648262154358], [0.7467144823068537, 1.3391999535226125], [0.5493936971400502, 3.7468489085280465], [0.5922723975554689, 2.839125666677763], [0.7369387287685149, 1.356964915755048], [0.9304083056476063, 1.0747969401497923], [0.680818539152992, 1.4688201664486142], [0.8096246834705472, 1.2351402080694818], [0.5604030768182835, 3.5778736478838313], [0.42128107404519616, 7.677825257430246], [0.7272967865661966, 1.3749545144030177], [0.9567139769061923, 1.0452444765506461], [0.8592173720339914, 1.1638498388745788], [0.4000082484873495, 8.511044295998197], [0.7083728402993346, 1.4116859697464312], [0.849457459441475, 1.177221989029925], [0.8265105632003478, 1.20990589173825], [0.689927420843196, 1.4494278235496834], [0.7556000311282466, 1.323451507150973], [0.8189391740228943, 1.2210919097784472], [0.8339454050841466, 1.1991192635674972], [0.9043119697303186, 1.105813074992491], [0.8417947101517402, 1.1879380898220921], [1.0, 1.0]]",0.012713,36.50
CONSTR,MGPSO_feasarch,17,100,0.026539,0.011078,5.387946,0.048362,0.630536,51.0000,100.0000,"[[1.0, 1.0], [0.4434147230060845, 6.80795213053123], [0.6329382008292308, 2.0984608134472045], [0.5706474982815243, 3.3141959984822043], [0.4289817942515386, 7.319521391125492], [0.5523894404184087, 3.6953269459174547], [0.5263404280469595, 4.300998166423834], [0.5917286965034995, 2.830888583552665], [0.39939550714171074, 8.725736022287593], [0.458588499048342, 6.454841687010626], [0.6612334269976999, 1.5876480033882276], [0.4514299104686805, 6.546203413880497], [0.4354586751079736, 7.151943164697445], [0.6167632138295289, 2.359298671354981], [0.5624257917743174, 3.501115534030928], [0.5325079497477316, 4.230348177950181], [0.41299975840662295, 8.085434266534664], [0.4621600673409103, 6.151799054089556], [0.62817841552111, 2.196553117753068], [0.62355423869724, 2.267832337210817], [0.4110420001503844, 8.213882159085308], [0.5986959172814349, 2.718510227574084], [0.4055438568046467, 8.31434948711395], [0.6667436743644526, 1.4998267526920461], [0.5664390475052281, 3.4340210755753007], [0.47848041629669597, 5.657173974027508], [0.60773756137169, 2.535154049887474], [0.4005635884738699, 8.514121038733114], [0.44049909084192507, 6.915731721840792], [0.5139213436192233, 4.642283145096188], [0.509208231467832, 4.75882088162862], [0.391074331928958, 8.999122990468344], [0.5043567209093096, 4.8930812581379906], [0.41487065933107903, 7.878032933332578], [0.9511353910066822, 1.0513750297332534], [0.4941295769511826, 5.207160297132955], [0.5792780960389611, 3.1141361681362607], [0.7928096846991978, 1.2613367612675077], [0.9608575085067457, 1.0407370407648528], [0.5003773544273291, 5.031518021469582], [0.7657812363543212, 1.3058559710351896], [0.6127914388247457, 2.432225906419142], [0.5750982251778876, 3.2199366651668875], [0.46989744288652674, 5.946670210219064], [0.4748387402089149, 5.785539502630157], [0.4029123883872655, 8.429264883167201], [0.6536240846907948, 1.7112822139276263], [0.4382456946245413, 7.058002195622559], [0.5477196431030191, 3.8062031437067025], [0.42193485316826623, 7.640385791712863], [0.4469875151707856, 6.690490722695592], [0.5187481841747725, 4.523523267824346], [0.5563103190090315, 3.5974727572737297], [0.7001212546253409, 1.42832401300991], [0.6749593640795495, 1.4815706740563745], [0.7289067885793306, 1.3719175286445628], [0.426896028366709, 7.505982570445621], [0.4650935056577891, 6.093619961758957], [0.7837645951461727, 1.2758933054554464], [0.8115537193175567, 1.2322043214106757], [0.7381367141078028, 1.3547625810873198], [0.6039509407113339, 2.6024877298967914], [0.5428215212458396, 3.914445635323299], [0.8927664045089405, 1.120113833752562], [0.4888483477774761, 5.365323169494326], [0.6377926600446098, 2.0072361620452845], [0.6916848855034394, 1.445745050901546], [0.8618921822547233, 1.1602379283496742], [0.7472657051910301, 1.3382120884891422], [0.9415554075888052, 1.0620723878171583], [0.6836701467934728, 1.4626936757296878], [0.5859856577034557, 2.9461866725057937], [0.8515082725688868, 1.1743867114562885], [0.7192736347534537, 1.3902914713991583], [0.4611083138203235, 6.291241646428207], [0.9223663527178043, 1.0841679090455152], [0.802151401342755, 1.2466474512493002], [0.8413506051440426, 1.1885651402470865], [0.774811976791808, 1.2906357025359974], [0.8311703624686878, 1.203122783432587], [0.9320522345848486, 1.0729012418981179], [0.7565652495545936, 1.3217630608711168], [0.3937042969839726, 8.780186329403046], [0.4840713113528916, 5.50893116064165], [0.7095375645084149, 1.4093686508237582], [0.8823744016393693, 1.1333057692313981], [0.8722406627701941, 1.1464725765295651], [0.8212589409743052, 1.2176427556619893], [0.5357106211914293, 4.10779602112791], [0.9901986260466965, 1.009898391792801], [0.9706672268774804, 1.03021918563881], [0.49491620984424367, 5.162119622991324], [0.6515784588700896, 1.8252188696920524], [0.5424714982239309, 4.049345389754009], [0.643285634712745, 1.8883206858251194], [0.9025155389599636, 1.1080141635593057], [0.9122074642160822, 1.0962418520214188], [0.5203450987845446, 4.462549501659874], [0.9803985558263604, 1.0199933425617074], [1.0, 1.0]]",0.011370,35.73
CONSTR,MGPSO_feasarch,18,100,0.027811,0.008961,2.903601,0.042244,0.642022,50.0000,100.0000,"[[1.0, 1.0], [0.6592115002049301, 1.6456484737271069], [0.5480922017024124, 3.7837852574050617], [0.5298106425616809, 4.370014980320997], [0.4155001330205736, 7.895850452356709], [0.5039082868119236, 5.005601479613211], [0.5144668240329366, 4.622737677178538], [0.5974802826778549, 2.7498867557051545], [0.6172877630943253, 2.366409478699756], [0.3982379282225563, 8.909319344405375], [0.5668468882931734, 3.3721117427496665], [0.5439737707880226, 3.8740942168744246], [0.5083469136074781, 4.843480820341429], [0.41379754778106304, 8.33265087731466], [0.5536154531050331, 3.7141365428966044], [0.4721931524156272, 5.849626811733646], [0.44829999273934995, 6.6899916352229045], [0.426038957019218, 7.587521221191283], [0.5335968069596788, 4.242421774925796], [0.5339464790497473, 4.172034205627029], [0.5561506596532393, 3.5871520114353577], [0.40560371154033015, 8.37287500246293], [0.6344888431613939, 2.102567469327748], [0.5208294306408696, 4.45820892574219], [0.5729593455048839, 3.2841449268347898], [0.4663651524512962, 6.077263104616432], [0.480686501073439, 5.619169013967369], [0.42772258417729836, 7.3965734921601385], [0.6103472477667593, 2.485118083932925], [0.41496002578780244, 8.1640656541186], [0.4314593093798317, 7.35028616798924], [0.5610878214914563, 3.4797142988834904], [0.6224117625110654, 2.250897026531612], [0.4534917770341605, 6.569619571475229], [0.8084144467705432, 1.236989274492562], [0.42069745102701106, 7.7834249819068475], [0.6393872309339683, 2.0100271601752024], [0.7039609884918465, 1.4205332629900163], [0.9297470260435488, 1.0755613860421864], [0.4696863471260902, 5.966078098273455], [0.9693119892169224, 1.031659580325494], [0.6455012992332273, 1.9001627303237965], [0.6284722119357166, 2.199535012903713], [0.6635033147522967, 1.5844917450945932], [0.4383374931446591, 6.972445591271579], [0.9394916098260582, 1.0644054609334346], [0.4764776031746405, 5.732873095448304], [0.7222351866031844, 1.384590530272], [0.40304544092226946, 8.560018170517075], [0.8726068355368148, 1.1459914812434568], [0.6042026350157403, 2.6217066180413986], [0.4629927537984091, 6.153542876118066], [0.5114205626272863, 4.6976140860209075], [0.4969605130965932, 5.090490596030211], [0.39250459600051113, 8.962474632754436], [0.4437088464758424, 6.86636473979936], [0.5864232939730831, 2.949513058071977], [0.49440479022013684, 5.24707306842217], [0.3982380483051989, 8.65112461159669], [0.592706675325162, 2.8790443189833663], [0.6541596773759705, 1.7485682180200652], [0.731735807744183, 1.3666134544964115], [0.4877687811494122, 5.374549347674818], [0.8360909865167925, 1.1960420769108668], [0.5825815412302214, 3.0501723181358447], [0.9795268519884477, 1.0209010584753155], [0.881598113209104, 1.1343036980420722], [0.4230428570601467, 7.673460680231356], [0.8177616711329576, 1.2228501717554976], [0.7805756308757352, 1.2811058409267664], [0.6770012619613945, 1.4771021210548707], [0.4538927206009979, 6.440471113440914], [0.5382981609275668, 4.021409258766035], [0.9592818777804681, 1.0424464624660097], [0.7132132552240762, 1.402105180568779], [0.9494025321363422, 1.0532940098124697], [0.8451520955377358, 1.183218979494739], [0.7710989068608824, 1.2968504962235858], [0.7612287529764905, 1.313665565166695], [0.5801800619749975, 3.1562382580502693], [0.7992367689957007, 1.2511936872681333], [0.8635389872638537, 1.1580253060357202], [0.6858634083942673, 1.4580162576994513], [0.9199137356863569, 1.0870584503816436], [0.9101559077316341, 1.0987128595278612], [0.9004463656140558, 1.1105603156252999], [0.694957350721223, 1.4389372224960357], [0.667717751296576, 1.4976387823420862], [0.7512400020740149, 1.3311325238794678], [0.9897421942899098, 1.0103641188273778], [0.891085741045611, 1.1222264636695765], [0.8543353991806762, 1.170500486060883], [0.8269950380148509, 1.2091970979661941], [0.7414269873276126, 1.348750473198155], [0.43689899134363386, 7.196213848966304], [0.6488983140355385, 1.8369201908785162], [0.45880675333259446, 6.362543059471218], [0.7901073045745323, 1.2656508732551126], [0.4874601490747092, 5.570265092863314], [1.0, 1.0]]",0.012437,35.65
CONSTR,MGPSO_feasarch,19,100,0.025501,0.010286,5.005480,0.050218,0.638713,46.0000,100.0000,"[[1.0, 1.0], [0.508115451836981, 4.818594848443499], [0.5406713011504308, 3.9656699357001726], [0.39153629844786125, 8.912921160305585], [0.4070812396283481, 8.279100122218036], [0.4149714657408375, 7.894406067514535], [0.4854356190240421, 5.494496143778941], [0.49905719977142626, 5.211543836812998], [0.47026349171383625, 5.890023820406852], [0.41722413796168345, 7.7822938018480565], [0.44504104274833056, 6.775515937614952], [0.5129693663204666, 4.667300526363764], [0.43970076324041313, 6.923177044629293], [0.42900379576257186, 7.37275597720863], [0.608472368807719, 2.5174512732310372], [0.49074707671872697, 5.293244907450362], [0.5701549410259178, 3.2804171151527295], [0.6146344029272666, 2.3963288971407763], [0.554832098484488, 3.6284091210757556], [0.5334334263408765, 4.2594520164414895], [0.535042254667556, 4.101591883536516], [0.6664433469765927, 1.523484045913901], [0.5810699714061544, 3.100449020755944], [0.5617356795303963, 3.532421691183383], [0.6934666757834103, 1.442030359815486], [0.39528514062528397, 8.727031580562441], [0.5647426466557648, 3.460989726747889], [0.46758603827431555, 6.074551515779065], [0.6841049027715664, 1.461764118264061], [0.4100858860276206, 8.077644573715249], [0.5509368213104902, 3.74095779603772], [0.5033862184586793, 4.934142902015672], [0.4754452256694953, 5.735361924594522], [0.40434276307703115, 8.442658701109204], [0.627416620363699, 2.229629707808407], [0.5868777849472092, 2.9688391173212367], [0.5024560377265305, 5.088363094097912], [0.4837110877747095, 5.590166798008707], [0.4255641373579685, 7.562002705970092], [0.48686176997503683, 5.395644409992361], [0.5231034019269034, 4.392562603814579], [0.40085996113406286, 8.599347902860828], [0.45016286688492896, 6.626758725789012], [0.42115344462795057, 7.700171199335863], [0.6496244148689324, 1.798100179701955], [0.6015577179037126, 2.6519367666301994], [0.7432830042157499, 1.345382572086545], [0.9730196618086159, 1.0277284614590767], [0.518404736051149, 4.51883491758295], [0.6744610911694393, 1.4826652168564876], [0.5295886158101317, 4.307813336594045], [0.8304734663290314, 1.204132390189818], [0.5677129258061288, 3.3771367634260474], [0.8575197190167437, 1.1661539412138862], [0.9910581466166487, 1.0090225315375063], [0.7328891254410975, 1.364462870694307], [0.5763632993904342, 3.2051260222988653], [0.6598850788764686, 1.635083146587495], [0.4595567130126929, 6.294485743061624], [0.4645940726170503, 6.14258381597718], [0.9366186822041427, 1.067670354008637], [0.4371131945113166, 7.05492563329247], [0.7733310512009026, 1.2931072642784796], [0.763527256407342, 1.3097109390768098], [0.4544570115924307, 6.455669094435145], [0.9639288384506189, 1.037420979755477], [0.7126781612161758, 1.4031579111299177], [0.6431200244958244, 1.8880292838303834], [0.8211192539939944, 1.2178498983380481], [0.8023541547229185, 1.2463324257918695], [0.8118410344552142, 1.231768237326227], [0.9820274902194625, 1.0183014324543207], [0.8485420607513026, 1.178491964340101], [0.9275545771173446, 1.0781036767753347], [0.918595126960373, 1.0886188818669171], [0.6384581753944907, 2.002493810702549], [0.7031653582933176, 1.4221405935399638], [0.7227856897861944, 1.3835359694182763], [0.6526555290935914, 1.7326515316627444], [0.9010073944093653, 1.1098688048565095], [0.909836250393862, 1.0990988758329938], [0.8923642432977852, 1.1206186347230145], [0.7829829967568919, 1.2771669425032095], [0.6189003125085026, 2.3156213852336687], [0.9548489247847587, 1.0472860931643393], [0.43462686278230395, 7.1626553109107105], [0.8836972398500968, 1.1316092830273317], [0.5900458400674577, 2.878167060650934], [0.5468203093421651, 3.891714304858436], [0.7927999116814668, 1.2613523100413546], [0.8663224915041378, 1.1543045572599262], [0.6328039295524515, 2.0645227733541387], [0.431699136028877, 7.224118542085667], [0.47610715854658314, 5.710320579790403], [0.8749219858216812, 1.1429590480125515], [0.7533934475060096, 1.327327710786897], [0.5987168635227393, 2.782256579340291], [0.9457158330012523, 1.0574000826722711], [0.8395235826430053, 1.1911517683062334], [1.0, 1.0]]",0.010594,36.05
CONSTR,MGPSO_feasarch,20,100,0.025456,0.009009,5.627578,0.046892,0.625247,49.0000,100.0000,"[[1.0, 1.0], [0.5485898000482841, 3.7951449556045547], [0.46167204970123027, 6.203921501672703], [0.613296295944523, 2.4179035566695233], [0.4569639165169649, 6.359332643031876], [0.5819355335310493, 3.0585685227325174], [0.6257852218287551, 2.2110826614756194], [0.42902526199223157, 7.335606893774916], [0.4830140415677135, 5.632897024059153], [0.44777198064968593, 6.74715812246439], [0.6098143603935073, 2.577462508181002], [0.41087235420780205, 8.10037268052981], [0.46482546475841036, 6.063523821734126], [0.49863824671669865, 5.111825053937184], [0.5765797371339529, 3.1561997377218884], [0.40823714091449226, 8.25032044162473], [0.42182862309218716, 7.676121248947472], [0.6538013254725777, 1.710602647423843], [0.5222434912840315, 4.4493903448539465], [0.45108751503178446, 6.663103000565632], [0.48386350242390164, 5.517490431941203], [0.8587593059195504, 1.1644706416650827], [0.7812590480105903, 1.2799851759111334], [0.5185221982806455, 4.619477109158514], [0.5109011340079332, 4.727988565245859], [0.5986979674811742, 2.7707622271454255], [0.4144667757515844, 7.918784156129257], [0.7640206221812158, 1.3088651941685587], [0.47414636653963255, 5.851997672992497], [0.45257621957525546, 6.5240736396314825], [0.5685780037335577, 3.4540894922312964], [0.8155381222376581, 1.226184249065168], [0.6307346883392158, 2.1195339784965332], [0.6931183549327616, 1.4427550401504061], [0.572015467632118, 3.2768659844529346], [0.6445744537918858, 1.8996139322999028], [0.43362968579294403, 7.182604713979875], [0.8329224253975224, 1.2005919993362382], [0.8415659408346063, 1.1882610161341247], [0.4388563259894612, 7.069645999624908], [0.5082918228978752, 4.85373924750436], [0.48689802866411935, 5.3849106934463915], [0.7725530827712839, 1.2944094358057883], [0.3988647206847175, 8.641696469019793], [0.5304503043072452, 4.231656236029201], [0.7208089901573448, 1.3873300883521318], [0.7115060364681367, 1.4054694531671523], [0.49374425023074064, 5.222418056457527], [0.7898377696465597, 1.2660827810848863], [0.6606026445931578, 1.617826308500474], [0.8069653061042943, 1.239210648135048], [0.8939003070418396, 1.1186929818933313], [0.7469609726125102, 1.3387580297568709], [0.9031303726299542, 1.107259848971702], [0.8847482463189315, 1.1302650264191911], [0.39537259625471194, 8.761332423106237], [0.7299207161527672, 1.3700118079546424], [0.4394365819489662, 6.983928604786954], [0.6657016428680852, 1.53837225372548], [0.5480090517114731, 3.9207268728465556], [0.7385041293742278, 1.3540885693453752], [0.7022246334432307, 1.4240457431643803], [0.5268326203362433, 4.33766939627411], [0.867205231228072, 1.1531295753184905], [0.9216276434169837, 1.0850368987332526], [0.47790728230109003, 5.729347116140809], [0.4205177233263205, 7.8734508094707625], [0.5540226345375927, 3.6386106915918583], [0.824171704005598, 1.213339398986704], [0.6197121455824068, 2.303547150043198], [0.4701415108216407, 5.976658967906375], [0.5407575511613261, 4.034168367924763], [0.5878790336852231, 2.950765670576001], [0.44226938889410106, 6.832908873733757], [0.426365955170968, 7.510190977367268], [0.3912030593627881, 8.894005109771678], [0.5028901906487763, 5.003670119798582], [0.7554974872993631, 1.3236311394954432], [0.40306764590939387, 8.459695549649801], [0.930931199273765, 1.0741932387485957], [0.8759408834241982, 1.1416295539155954], [0.40492720859607423, 8.362361534583929], [0.6028570010684658, 2.653104226824674], [0.8502194923472315, 1.1761668710267559], [0.798393572988154, 1.2525150925968653], [0.6497781385811361, 1.7996389684995067], [0.6735818472879556, 1.484600578276126], [0.9795603499844734, 1.0208661467523166], [0.9595892785916899, 1.0421125186680051], [0.969579665844817, 1.031374764990226], [0.5914757324860711, 2.8491320256456927], [0.9405686678074843, 1.0631865957549418], [0.9501254608155487, 1.0524925825497204], [0.5338341833329696, 4.116786076079011], [0.9898863261257469, 1.0102170053341744], [0.6832708161909461, 1.4635485320077553], [0.9123913682605578, 1.0960208905817084], [0.5606800138616067, 3.569143382187732], [0.6367483164199493, 2.003135046708244], [1.0, 1.0]]",0.011837,35.77
CONSTR,MGPSO_feasarch,21,100,0.027439,0.009932,4.621853,0.046589,0.659305,50.0000,100.0000,"[[0.4524428111949288, 6.5561676157786914], [1.0, 1.0], [0.4763477795368716, 5.763849850363751], [0.46754794406766903, 6.017716335046344], [0.613606900345649, 2.433569853396364], [0.4737048586125158, 5.904742699758155], [0.4258076568093974, 7.482612181307507], [0.3969159851216799, 8.889688813275837], [0.5416959072229941, 3.968043383939021], [0.659802011601987, 1.6176289898769882], [0.5531085685197437, 3.752788366611052], [0.5879183830211534, 2.939372725526994], [0.579805276588793, 3.0807378119544353], [0.5566473796150677, 3.6140353198248687], [0.520289319347905, 4.504390926462527], [0.6067758935987493, 2.5782178003736824], [0.5111662800389264, 4.77324525178936], [0.4551267598036645, 6.397548698285723], [0.7467220099386397, 1.3391864531784363], [0.5836481900214887, 3.011183178206031], [0.44049588779647353, 6.955946127049806], [0.5021880346098953, 4.944121146702911], [0.5451190485089144, 3.8444654630275674], [0.655800732160352, 1.6971739341533991], [0.43794782039307467, 7.084926920903568], [0.48110343001063927, 5.715447639671423], [0.5698160829652669, 3.3440296051576803], [0.7380057146890087, 1.355003057695013], [0.4332901449658566, 7.34781728184239], [0.4181834118882245, 7.783578253440415], [0.8063709784514101, 1.2401239959310582], [0.6360667068274795, 2.018666634510265], [0.8407559601315746, 1.1894057817247046], [0.459264190086435, 6.266156289445882], [0.4119857760560106, 8.081028643068024], [0.5624399910858219, 3.5476770638641195], [0.7110165920273432, 1.4064369400278967], [0.7895104807948067, 1.2666076313430212], [0.530461897490762, 4.207261806299511], [0.5745060378039826, 3.205078905875372], [0.8148066754146169, 1.227284986946317], [0.6657882499506216, 1.515155888962043], [0.7809463029420045, 1.2804977707593592], [0.7979435094306312, 1.2532215478681508], [0.6021410350095616, 2.657165711794473], [0.6439964447680312, 1.905619019806935], [0.40676607416243293, 8.232650114568868], [0.41405096617918635, 7.923277836949708], [0.5250845362566201, 4.478431049714731], [0.8320091002244565, 1.2019099307089591], [0.7201007961030935, 1.3886944791779325], [0.6237945200866772, 2.2228609288742938], [0.4867818908765683, 5.417094430339936], [0.3993137372584513, 8.70867642760547], [0.6295192174207831, 2.128655609156125], [0.4502984839662944, 6.658618839996951], [0.5158706327636866, 4.610741055285613], [0.5356841671419322, 4.0969218658674595], [0.7019104051149738, 1.424683254034678], [0.5642874277577334, 3.4621773827498687], [0.7291879082573764, 1.37138862106177], [0.9910046864784071, 1.0090769636554981], [0.6740318742052939, 1.4836093636952012], [0.49676534099539726, 5.160806436429817], [0.5941292700049918, 2.7969148724594977], [0.4665645811813532, 6.194537724573086], [0.7552784082636566, 1.324015077167299], [0.48961932771400674, 5.317007908954173], [0.6925768756744728, 1.4438830332389314], [0.973144380159397, 1.027596747603068], [0.6832969973102511, 1.4634924548716404], [0.401950840055815, 8.45488168942187], [0.508580395285088, 4.840141519319632], [0.9463972785876318, 1.05663871042863], [0.44377990952568075, 6.829302439822918], [0.772340090601884, 1.2947664017035563], [0.9642881605767204, 1.0370344061902834], [0.9553554492133822, 1.046730827592366], [0.8233567394210461, 1.2145403712893184], [0.878095615798875, 1.138828143550425], [0.40373970408003995, 8.385710255756964], [0.9076664247238493, 1.1017263311290186], [0.8685463009234681, 1.1513490978394196], [0.6474454985599969, 1.822890675992396], [0.9368328295311703, 1.067426298991295], [0.4355034812186958, 7.198989530987854], [0.4459372006716934, 6.751083188537964], [0.8591977071017616, 1.1638764765483274], [0.9175094451406053, 1.0899070361578167], [0.8501162291808805, 1.1763097393912103], [0.389964312009737, 8.962150239245819], [0.7638247561605599, 1.3092008237944501], [0.9820615966066714, 1.0182660674801982], [0.8978195803705323, 1.1138095246121693], [0.4215140454297143, 7.629624729009266], [0.9273305723690883, 1.0783641020755523], [0.8880254407600312, 1.1260938640948546], [0.48514488366506126, 5.519886331807624], [0.620008326220479, 2.349350923050747], [1.0, 1.0]]",0.011544,34.98
CONSTR,MGPSO_feasarch,22,100,0.026343,0.010774,5.891831,0.043581,0.624437,50.0000,100.0000,"[[1.0, 1.0], [0.48151032765333335, 5.550490043350126], [0.4657181183843084, 6.089441807005507], [0.5396925470578806, 3.992899572026927], [0.4226544776146905, 7.613996713214815], [0.5428770114745161, 3.9067630941740323], [0.4359996635662583, 7.091164722092676], [0.4982515833332265, 5.108376551891087], [0.5602663564379942, 3.5577801389795787], [0.6032268930057872, 2.6213192376889385], [0.6483141275085416, 1.8318017050980226], [0.59096104487981, 2.8654575833538964], [0.6208012703155863, 2.2781406483514917], [0.5530331499612621, 3.6630764797811657], [0.5363025494728173, 4.1499871754418205], [0.5777010120075872, 3.2031132825939217], [0.6284184204178548, 2.167023170127927], [0.638470113308992, 1.9637714879895518], [0.5085145957869136, 4.780858913596976], [0.41276547102773475, 8.190538847097612], [0.6155559650459324, 2.3940658329985753], [0.6667766556639938, 1.49975256557861], [0.5205775215243338, 4.5865608989360815], [0.6616095005790331, 1.5995300445136695], [0.6517906684975902, 1.7460699360366394], [0.4626160042347399, 6.157372511334903], [0.39420862776624954, 8.759853593274231], [0.5485799703663213, 3.7879980340032082], [0.5035794384130806, 4.901317187948381], [0.5688238662066867, 3.400171339607091], [0.4039079988433504, 8.38768224377107], [0.4336196554575381, 7.2122717121359585], [0.530871249293515, 4.210485126278525], [0.4592456696013507, 6.33066288082873], [0.5975086498034372, 2.75253294918501], [0.6569677206135605, 1.6883770023456435], [0.47124771257090114, 5.918318068920641], [0.9208358243285213, 1.0859699129638072], [0.40005423227263104, 8.50605160150043], [0.5793469888986557, 3.086202689444209], [0.4554962232615226, 6.406799404313997], [0.413818808490605, 8.070024905630934], [0.5143403703629486, 4.6752961098641], [0.4811765733925425, 5.7055038453633085], [0.5641196845789114, 3.4367522906667642], [0.399288027791818, 8.645705859214678], [0.4151181989487909, 7.895461393166658], [0.44542397417125407, 6.781328453920679], [0.5846779306074718, 2.9845758112726295], [0.4400690773643875, 6.9099791918979685], [0.45305822059227085, 6.583929187249813], [0.4081643474362655, 8.263045256774113], [0.503055088895807, 5.014046616530535], [0.6442217529755446, 1.8901584154783722], [0.4502331930568413, 6.613682657773732], [0.3919040698421551, 8.930692830906532], [0.49226005308932086, 5.247571529632357], [0.486421082731129, 5.450188323938014], [0.4309887075191979, 7.309060821805764], [0.47470871896145017, 5.796821933946222], [0.6748938375556475, 1.481714522126669], [0.7192507891922533, 1.3903356312240396], [0.6832534398411152, 1.4635857526491802], [0.8516553280193029, 1.1741839299305539], [0.9496821094906296, 1.052983930103052], [0.7808358996847852, 1.2806788217648406], [0.7097059504559844, 1.4090342618058964], [0.940075378878573, 1.0637444852485254], [0.8116574821043374, 1.232046795659861], [0.8013529810276737, 1.2478895364157463], [0.9111831532408866, 1.0974741976332756], [0.9304674131816026, 1.0747286641459484], [0.7389880418140015, 1.353201869877745], [0.9594844280297079, 1.042226398664427], [0.9899255871377552, 1.0101769395529756], [0.791088739716855, 1.264080690060028], [0.8416365416280241, 1.1881613387004855], [0.7597771063652341, 1.3161754830755428], [0.9013201719189736, 1.109483656480172], [0.525825927039645, 4.359560605686001], [0.5717935379579638, 3.274494010227206], [0.5211089310967252, 4.471212682238725], [0.6917270264382517, 1.4456569741810816], [0.8817117219590543, 1.1341575427602615], [0.8716709581499319, 1.1474601446091763], [0.6334319958757377, 2.0851167600379403], [0.9695581565855701, 1.0313976456261633], [0.8616164449850373, 1.1606092314282208], [0.8916228145439249, 1.1215504849004019], [0.8219551781425452, 1.2166113513145578], [0.6084803333212894, 2.533779892222211], [0.427007643125763, 7.490904166262114], [0.7493625571678969, 1.3344675290147263], [0.7005222069464736, 1.4275064945605775], [0.8317378165426561, 1.202301951541378], [0.9796639554305244, 1.0207581839229134], [0.7291009427335913, 1.371552197218038], [0.7702232184176616, 1.2983249220328483], [0.4892800748121996, 5.424417307171431], [1.0, 1.0]]",0.011438,34.70
CONSTR,MGPSO_feasarch,23,100,0.025644,0.010886,3.699469,0.046466,0.623859,49.0000,100.0000,"[[0.4287333914634671, 7.5623966349635605], [1.0, 1.0], [0.6197800301398957, 2.3220308230824314], [0.5502020376489878, 3.893981586649613], [0.48797019888103954, 5.393980350559172], [0.47658181599502264, 5.737957571128383], [0.6667554443340237, 1.4998002768448804], [0.6488783074777468, 1.8327203928265134], [0.6370628615317558, 1.9919303809019575], [0.4432657130250027, 6.864143375759833], [0.5508848467820531, 3.753413043561368], [0.6538138024605865, 1.7212596229226689], [0.6033126759886015, 2.619592148471473], [0.6239219587609393, 2.2320588359304367], [0.40013289613897113, 8.532125148147143], [0.5449471975977433, 3.953721859660965], [0.566476446307401, 3.4279375466907656], [0.4389757826659793, 6.968094528298201], [0.4846592623660099, 5.489490616660157], [0.43114515196604697, 7.237299144613924], [0.514839826187882, 4.695479911825469], [0.40338946462487724, 8.355032011050843], [0.5755305969426514, 3.31470271119357], [0.394148989635116, 8.804956562960106], [0.6121265375812329, 2.5301400654174295], [0.45399272246270456, 6.472132346167988], [0.6608574637426557, 1.613894614680343], [0.38971460409073994, 8.966305157235732], [0.49169107440772036, 5.299837926112186], [0.7026181826636515, 1.423248109248985], [0.8557848932135033, 1.168517939414616], [0.4459367618249874, 6.725523147260067], [0.5577746835413413, 3.5514206769775165], [0.8468214988345522, 1.18088641039022], [0.4582613294055703, 6.368052972364354], [0.8378530229085195, 1.1935267554786688], [0.6432622701931738, 1.9069915352294584], [0.5371669483574409, 4.085345211327051], [0.5554768118232445, 3.678366585336722], [0.4147375783679558, 7.948798747572846], [0.5320393144487964, 4.203838198652894], [0.4113591696781117, 8.209984327085861], [0.6843873204349203, 1.461160910118135], [0.4303799680451592, 7.407171462660021], [0.5213155363644338, 4.477697590688669], [0.483933498067574, 5.668509021273379], [0.63085243954302, 2.1077042992152863], [0.4513544687798638, 6.542477232181114], [0.49814814334646984, 5.0550084325146365], [0.4192570817283522, 7.820379434890037], [0.6163834636595723, 2.4274018207926145], [0.6934831310155269, 1.4419961427693477], [0.43528389446665494, 7.1156860944560565], [0.5895348799293934, 2.9034505221449916], [0.5872316048882478, 3.062104047489046], [0.8196395652035824, 1.2200484730768453], [0.5041324179987006, 4.952993225263261], [0.989564427606008, 1.0105456219957685], [0.42056697194306736, 7.659967445591426], [0.5805941439833396, 3.179654587287626], [0.4660559397160444, 6.136671219030474], [0.5989633443254614, 2.7136940667918243], [0.4136732155358466, 8.047963540365847], [0.7291446545483181, 1.3714699734299884], [0.7640063430658673, 1.3088896565794441], [0.7114839500590652, 1.4055130827856104], [0.9014369108343427, 1.109339974856843], [0.7205198671310389, 1.3878867823336964], [0.5105058013984525, 4.802834099177408], [0.8101850983425655, 1.2342858465870923], [0.7378286631168418, 1.3553282082803024], [0.6754487759784238, 1.4804971680516354], [0.4609244195419141, 6.211852065388031], [0.45063858858958705, 6.667824629443421], [0.8921533684631464, 1.1208835110073438], [0.8006561789103734, 1.2489755607218531], [0.5268335677593405, 4.349405717712029], [0.7821029736930007, 1.278604012049864], [0.9107759340709121, 1.097964891902975], [0.882968463160867, 1.1325432806741267], [0.7730091879449084, 1.293645684417491], [0.7552044130255451, 1.3241448047075628], [0.9691829008818114, 1.031796990114198], [0.5933877277988658, 2.8016475224700024], [0.5174266338944553, 4.546153997911752], [0.7914068891480053, 1.2635725234544737], [0.4958249842743055, 5.20313651046918], [0.8648622833165968, 1.1562534513184846], [0.9296781491404242, 1.0756410709712765], [0.7465186606110237, 1.339551243342668], [0.9591096588758583, 1.0426336454291034], [0.9201910008031864, 1.0867309060044628], [0.47097944921255186, 5.86390797097101], [0.8287115093199644, 1.206692544695794], [0.9394165547151199, 1.0644905020896211], [0.4703584665474454, 6.018068851024794], [0.9794460605383395, 1.0209852694188828], [0.9492639268849745, 1.0534478048497184], [0.8739313380888964, 1.1442546529877153], [1.0, 1.0]]",0.012380,33.87
CONSTR,MGPSO_feasarch,24,100,0.024899,0.010637,4.358308,0.042875,0.571408,49.0000,100.0000,"[[0.49436484276825876, 5.196355764224988], [0.4387905825910325, 7.076104557550162], [0.4122250095527651, 8.130293334108053], [1.0, 1.0], [0.5833486260015701, 3.002334447769675], [0.46485116543704186, 6.248708987469387], [0.5409703589112691, 3.9443785716953785], [0.5273673610005967, 4.3305104509967745], [0.3915345567276997, 8.931721105145362], [0.432672113366128, 7.196959004050706], [0.522700670190126, 4.464754541830278], [0.48146110013646376, 5.672530185127429], [0.4543296837266322, 6.497505753364844], [0.42586173667568705, 7.62165724452744], [0.40642479285094923, 8.436869671895968], [0.5191638161277653, 4.580017246098508], [0.41470077508970965, 8.057234497639902], [0.6025183109593398, 2.6251175907158975], [0.5885454750353131, 2.9120669123152245], [0.5578134557183727, 3.5769254050658135], [0.4750115724762523, 5.7440088758423755], [0.44076034219342475, 6.936850565936464], [0.4169583092626606, 7.912417971135532], [0.4182853204665577, 7.804908454223229], [0.3974992595399146, 8.664800057873283], [0.6075168308840497, 2.5520484466317956], [0.6477930079928912, 1.825686724347107], [0.638463852280543, 1.9753538101578068], [0.4727511584721862, 5.87855966222398], [0.4046791367386572, 8.552464389517782], [0.6433002045071845, 1.8985158379642662], [0.5138599860570952, 4.669653823713578], [0.6607196751550669, 1.6059085973485108], [0.5306292117540996, 4.192409627214615], [0.5792894744727379, 3.1214494886488886], [0.4474505795032052, 6.700259855229599], [0.7694064492260422, 1.2997031685995295], [0.4856078240345042, 5.4255369990509665], [0.5747805480805633, 3.2143029456390404], [0.5709674193309499, 3.32513307922339], [0.4828061020438257, 5.547769118972483], [0.5644722441802881, 3.4420019405237814], [0.5479399928884543, 3.8109278756376836], [0.4655096215466955, 6.050083082373349], [0.7269050179841429, 1.375695552045033], [0.6576888715156683, 1.7448075352518113], [0.5987081083338421, 2.722339118170055], [0.4198642831428612, 7.693812529605228], [0.7589028274361225, 1.3176917568991016], [0.6867048362048699, 1.4562297325974596], [0.98976703875935, 1.0103387573438258], [0.6315682286054968, 2.1648679776098168], [0.5376648929082746, 4.071232186169397], [0.6113170211005676, 2.471400979864506], [0.4573895687451019, 6.309559692695983], [0.4447421216374627, 6.816928393347348], [0.3964553777822152, 8.812781354387798], [0.5053102933827254, 4.863439608193619], [0.7799468805690304, 1.28213859804199], [0.858565559553105, 1.1647334194496615], [0.6333490673850974, 2.0649306177953624], [0.6767999604998329, 1.477541457392338], [0.49950870703179406, 5.016399354056898], [0.4074723315408425, 8.250462817218521], [0.7481625966946008, 1.3366078502427448], [0.4262640188661746, 7.440952573699306], [0.8491898714469963, 1.1775929431377077], [0.9795209647386491, 1.0209071944333676], [0.49032688714115996, 5.304203785116297], [0.46770621893355113, 6.0000664617672275], [0.8002444015903375, 1.2496182391437982], [0.7902444027414623, 1.2654312976224416], [0.8396169415088685, 1.1910193215050051], [0.6194057601699462, 2.3747078076009895], [0.5122365010664942, 4.750257575185993], [0.9498889043632432, 1.0527546910028902], [0.7065900487241138, 1.4152477830754837], [0.452928583422739, 6.659091178757023], [0.696611578148763, 1.4355202115036447], [0.9094893029155733, 1.099518154632797], [0.5935890873328521, 2.8117265520934147], [0.7165589986236484, 1.3955584982126792], [0.8103502664397801, 1.234034270628963], [0.877823796286172, 1.1391807834678456], [0.8680473460191631, 1.1520108950116228], [0.8201790480039279, 1.2192459712713983], [0.9695256241469581, 1.0314322541808578], [0.4299925640849871, 7.314874746277868], [0.7375435507508885, 1.3558521377916006], [0.9197757610034911, 1.0872215189808687], [0.6231006157192833, 2.2405294700878615], [0.9301388413924471, 1.0751083123278333], [0.8883126705505091, 1.1257297493913663], [0.9595935012089187, 1.0421079329322012], [0.9398859309010608, 1.0639588987583934], [0.5535640707425489, 3.6888110782861934], [0.830039108820601, 1.2047625098302848], [0.8989102825730813, 1.1124580721643933], [0.6657299551843703, 1.5163823678469763], [1.0, 1.0]]",0.010167,32.71
CONSTR,MGPSO_feasarch,25,100,0.029489,0.011185,5.443802,0.048440,0.702526,54.0000,100.0000,"[[1.0, 1.0], [0.45413730307873845, 6.44190104118324], [0.4943156404489182, 5.379489500261268], [0.6263134371555557, 2.1974946791659686], [0.45171536727449, 6.611633240106803], [0.6347802320111742, 2.028405239121638], [0.5786834615400092, 3.207734026295706], [0.5842389312186715, 3.011047338942936], [0.5953337305234815, 2.7671830380605593], [0.5643259135421189, 3.460300884918118], [0.5895213560135122, 2.9232891206118614], [0.5244532284873586, 4.440223954449053], [0.423755638498226, 7.734413221383685], [0.44349535145802726, 6.865320003395117], [0.6219638855416934, 2.2940528746638216], [0.5415532498589795, 4.080122614059776], [0.5683013450267483, 3.3193983499924724], [0.5089520844682665, 4.768501599737187], [0.5039286903801827, 4.901280166276658], [0.48406176392961, 5.482577333476276], [0.5020127388420581, 5.055077143794795], [0.6581451662625688, 1.6593918439529767], [0.5477194923573774, 3.8149879536492417], [0.47791193159881995, 5.875536736396916], [0.5557669378839539, 3.7321072048753887], [0.39243261014453834, 8.857464887469872], [0.9216478393922228, 1.0850131224301967], [0.773869890278268, 1.2922068845971255], [0.930499739847839, 1.0746913267955627], [0.3986671053190688, 8.615417106754066], [0.6430608048735599, 1.914205767200063], [0.49698167517482, 5.115698039929884], [0.527820235985229, 4.268141641552622], [0.406811824598984, 8.378331124901397], [0.4355362068234367, 7.162426754078126], [0.6001669778128422, 2.672364213660672], [0.9828587710379376, 1.0174401749947866], [0.630559845584831, 2.1184637574345317], [0.5579671094349201, 3.57929699336621], [0.6634991859221675, 1.5737783118498934], [0.46917179144327154, 5.969378588583785], [0.9914272104860116, 1.008646917719543], [0.47971019301799367, 5.627206762416061], [0.4287572686970955, 7.5309980201737785], [0.7904598040326282, 1.2650864660016572], [0.7821460687506212, 1.2785335629153936], [0.439247831931464, 7.016006732579825], [0.43352130153226126, 7.27804567343792], [0.5473886600754945, 3.9529883885934036], [0.5720304302261541, 3.2656759995348934], [0.6935409236228188, 1.4418759815590183], [0.4032720058857994, 8.486093871607206], [0.702590469991341, 1.4233042472271569], [0.4184577267578535, 7.78632260761765], [0.6509004136449243, 1.7705915306945879], [0.6135951639727975, 2.432198259626022], [0.5128064245006162, 4.651393789751102], [0.6216922579991735, 2.3915430492759064], [0.7119676401848329, 1.4045582180397853], [0.9035092244647926, 1.1067955621508625], [0.9125838673946017, 1.0957896975047001], [0.8851852354592159, 1.1297070488090784], [0.41821074421847626, 7.952166502351944], [0.5335102596902014, 4.145195454541831], [0.7213358941237356, 1.3863167050833927], [0.44761919653100357, 6.7131520283325905], [0.6755413894559045, 1.480294199005958], [0.3955623648001904, 8.705642949756342], [0.40869164618429754, 8.184502249694242], [0.4112257268015359, 8.085634378098574], [0.5810713059569446, 3.065867029874605], [0.6843251807645713, 1.4612935898146213], [0.610172707531382, 2.542850446506198], [0.7304665728707012, 1.368988037426606], [0.7397283985551396, 1.351847518566586], [0.9393278571564871, 1.0645910183342995], [0.757274852714946, 1.3205245049599195], [0.9655606907315006, 1.035667679514178], [0.9742244728985279, 1.026457482662886], [0.9481627339195935, 1.0546712755373937], [0.8267338661749293, 1.2095790929996924], [0.8173021007338801, 1.223537782543407], [0.7484876923636935, 1.3360273124091606], [0.7990773717575705, 1.251443271132181], [0.7655263806106977, 1.3062907109775255], [0.5189157001977942, 4.491377770098706], [0.4624671611562857, 6.16250607697598], [0.8496298838528767, 1.1769830828751329], [0.8084034226450794, 1.2370061432051098], [0.8577303664961362, 1.165867548895396], [0.5934515609110392, 2.8401474426260855], [0.8943681787247044, 1.1181077589611002], [0.8669155433603084, 1.1535149042591095], [0.8381191119941918, 1.1931478302894614], [0.8761163044465003, 1.141400970310403], [0.6674380139251632, 1.4982664743937186], [0.6499849214975325, 1.7812040918122614], [0.4305350487403026, 7.32388265062422], [0.9568565910581953, 1.0450886886760031], [1.0, 1.0]]",0.011828,33.60
CONSTR,MGPSO_feasarch,26,100,0.025829,0.012197,5.012143,0.045807,0.622355,48.0000,100.0000,"[[1.0, 1.0], [0.5092150400381639, 4.773521281185964], [0.6201801880559836, 2.3205650869010905], [0.39218791809646036, 8.989502018357806], [0.4687098489458921, 5.9910102594214445], [0.4112834284374696, 8.123937724406478], [0.5312240098299881, 4.193033323447356], [0.6494793744959441, 1.8316475960664045], [0.42563449822330335, 7.490807516490472], [0.4538927910216227, 6.459148386173244], [0.5847786829567874, 2.9827970659783425], [0.4205405129042905, 7.6489487490181185], [0.46722091349205486, 6.147681721945537], [0.5265325611913938, 4.347888138991305], [0.654692810735916, 1.7041323581157346], [0.4376739854509655, 7.093829604821258], [0.5701091296336063, 3.298753543138374], [0.5455527054464103, 3.848911639930641], [0.5044825006570199, 4.981630830190222], [0.41660779917126156, 7.914046116150058], [0.4061965581939007, 8.249292094906886], [0.3970027890427904, 8.708044640132476], [0.4927026167519013, 5.307826869151252], [0.5492029110226895, 3.756305764605873], [0.4948443387992607, 5.15466300657129], [0.6643157796990927, 1.5398690318909927], [0.6043337304006394, 2.644422077096479], [0.4718049748412129, 5.84152618982005], [0.49926187035652864, 5.04443763764578], [0.3938493302994268, 8.822238039237142], [0.3993742680081407, 8.555258350366417], [0.563757608732725, 3.5560564607910083], [0.6085945128765032, 2.5297347784943973], [0.5428811557282927, 4.0075353844860135], [0.5994519072889148, 2.7250567501871465], [0.46040920446974315, 6.2140596917168684], [0.5063110714111884, 4.859215821070872], [0.680731008690344, 1.4690090318111062], [0.7173622316829762, 1.3939958863654394], [0.4565226224332399, 6.341253088545939], [0.797894955490071, 1.253297809591734], [0.4289598116478389, 7.419642307011892], [0.6415694212777776, 1.9154117958271235], [0.48800299554468485, 5.399687378833838], [0.628243287288789, 2.209413052656529], [0.5658877791266186, 3.4053180854198803], [0.48290063664108274, 5.49732552563388], [0.8433110436420393, 1.1858020922876358], [0.47889719384884427, 5.7099832626541405], [0.7265375633597078, 1.3763913256951608], [0.6636204174210416, 1.645189983948681], [0.4455536064226593, 6.8348408222862975], [0.8995461835889175, 1.1116716609371875], [0.43258761020291014, 7.222930690429257], [0.6992380260935906, 1.4301692550261909], [0.5147618053360122, 4.629902946939651], [0.4030856067761392, 8.395175875147359], [0.5587051660770359, 3.7013130174264357], [0.8343239713987123, 1.198575174968949], [0.7713608856168563, 1.296410044437632], [0.6325158285108001, 2.100788075221099], [0.8163008922654437, 1.2250384747525442], [0.41858923542823806, 7.735576213075436], [0.6713046287270847, 1.4896366823750065], [0.9398106864738562, 1.0640440829120303], [0.8252529516473384, 1.2117496799058256], [0.7536696598866627, 1.3268412584770637], [0.8071009237104504, 1.2390024228974277], [0.9097084058029974, 1.0992533361470949], [0.7887866046572893, 1.2677700078774516], [0.7447504672074707, 1.342731618215182], [0.4140701450231207, 7.972835282851649], [0.7355956978222344, 1.3594424259964364], [0.9697906654553557, 1.0311503663839245], [0.8522172973089586, 1.1734096493437696], [0.6141394813372263, 2.415711031012154], [0.5921490589969616, 2.829176624827413], [0.4516745830127295, 6.59444337239198], [0.9898609686275037, 1.0102428842977358], [0.8614000673666464, 1.160900768277233], [0.9497781189356553, 1.0528774879764808], [0.5803755974657736, 3.1250682081773444], [0.6899077996822534, 1.4494690456617014], [0.9197155792552889, 1.0872926615092449], [0.8707919137391664, 1.1483799794442464], [0.9297509542683117, 1.0755568417641177], [0.44651032892929365, 6.718639314023184], [0.5196396136092587, 4.483484210876181], [0.4441467915173398, 6.990679741507509], [0.9597690461405893, 1.0419173279459124], [0.7624619848144499, 1.3115407979892355], [0.5346394702068795, 4.111479626633766], [0.580112805968516, 3.23067981585614], [0.9797926496943472, 1.0206241088989152], [0.7082384088168927, 1.4119539233554037], [0.7801477698291761, 1.2818084453653742], [0.88016597893882, 1.13614934447439], [0.639402606652199, 2.0254066054360926], [0.8896113911921264, 1.1240863256707483], [1.0, 1.0]]",0.011307,33.54
CONSTR,MGPSO_feasarch,27,100,0.027848,0.011320,3.978333,0.044087,0.665117,50.0000,100.0000,"[[1.0, 1.0], [0.40067584114012145, 8.574957892302578], [0.4395287656502705, 7.092188310793788], [0.42886040589670105, 7.461556476204786], [0.5107842443557502, 4.744415068688244], [0.5765194650567707, 3.144207364965317], [0.6014223773002596, 2.6978716382364536], [0.5219410719747355, 4.418440370764331], [0.5550713875733464, 3.624502247181022], [0.44227676591507203, 6.883207047587225], [0.44834507496748355, 6.621720869772191], [0.5363801052958272, 4.102813819849025], [0.9058001081565634, 1.1039963353892144], [0.4868537324567131, 5.399009783759084], [0.5959133862399678, 2.795428609059334], [0.4106825440842572, 8.125360568698325], [0.40556596858783184, 8.499147179318957], [0.42019047394666165, 7.7603979190403996], [0.6430595853556302, 1.8858697014990713], [0.7280997771606617, 1.3734381349485583], [0.5015422448341107, 5.142770635267523], [0.5676384557502269, 3.3576001010900267], [0.5611347404459147, 3.4826581948591673], [0.4849567345824777, 5.5680863197777315], [0.5733975626947222, 3.261771568522274], [0.7370038303552797, 1.356845051290901], [0.6268057616396097, 2.1718603404097223], [0.6218418779522864, 2.296787137008924], [0.5499054861322217, 3.7476316046437947], [0.546834812978332, 3.896609799131025], [0.6654730519099884, 1.5284977422781687], [0.4170202840436474, 7.870070954662413], [0.615770490003298, 2.3911407017683963], [0.4911023736898893, 5.263137069844038], [0.5184530715079336, 4.56595014398177], [0.4229348835551372, 7.5610600449124306], [0.453539358952484, 6.481619426807672], [0.47178838451964283, 5.849160146204933], [0.6729406803812413, 1.4860150814979258], [0.5051930018387223, 4.908793637062135], [0.7457617035542115, 1.3409109038907725], [0.6821274735393529, 1.46600164747991], [0.780763408427214, 1.2807977284878407], [0.896806865380102, 1.115067288848375], [0.7989209465004804, 1.2516882982982331], [0.45694037521612707, 6.3318084211177315], [0.5293012587936753, 4.315527714108277], [0.5844247034926433, 2.9853958984648368], [0.6911249885603173, 1.4469162836712073], [0.6115055316752814, 2.495308358996617], [0.8173411794237271, 1.223479282794803], [0.4308462733391651, 7.298094973830954], [0.8439114115781992, 1.1849584995300626], [0.40918970598174575, 8.229027154274455], [0.7631068101823499, 1.3104325458202144], [0.8526941255475813, 1.1727534763509977], [0.41334190048895086, 8.001018639405197], [0.8614594989623741, 1.160820678400433], [0.9901943900438004, 1.0099027120884474], [0.9709448977607839, 1.0299245634909084], [0.5167071473733313, 4.682889134654423], [0.590295035148998, 2.9155175108435523], [0.4357551099653272, 7.179851625755957], [0.4704436874669039, 6.0550801617874095], [0.7003804336936765, 1.4277954550017702], [0.9614731549350766, 1.0400706404200386], [0.9239798782930146, 1.082274650663851], [0.8879135602530435, 1.1262357562317367], [0.6602208387228766, 1.6142384699221584], [0.6350029141065157, 2.0286562812173385], [0.6548533435350228, 1.6997414794576884], [0.46651262305285535, 6.121385891839588], [0.9332388103779024, 1.0715370909135933], [0.9425961220901513, 1.0608997603157533], [0.48087850489587747, 5.590172450967906], [0.8791411075200212, 1.1374738269501594], [0.835122171905334, 1.1974295901143381], [0.980537733605353, 1.0198485644433957], [0.44470706885033384, 6.744656882242219], [0.8262439308787639, 1.2102963333557382], [0.808132281741171, 1.2374211779356692], [0.46470667157125894, 6.252417728510712], [0.7719743348591965, 1.2953798524693103], [0.608452023818711, 2.582564954931626], [0.3926582874591814, 8.864642167885943], [0.8703386865325824, 1.1489779961223907], [0.9149143739683838, 1.0929984580552194], [0.7899161749859338, 1.2659571124971674], [0.4762177625644074, 5.769186464952864], [0.5002229999559593, 5.166221294816516], [0.3972864435349661, 8.714481800618394], [0.5335460797457671, 4.182988824961301], [0.5078416364807958, 4.863232507663248], [0.5397270782908935, 3.9916871104495435], [0.718793921350061, 1.3912193332433431], [0.7095777415221944, 1.4092888509365984], [0.7544644841385124, 1.3254434383904141], [0.6518942109731249, 1.8089822090544558], [0.9520951401906846, 1.0503152025329328], [1.0, 1.0]]",0.011687,32.46
CONSTR,MGPSO_feasarch,28,100,0.028340,0.009084,3.957683,0.046811,0.657442,49.0000,100.0000,"[[1.0, 1.0], [0.4740668115881326, 5.80929743716871], [0.569223652038219, 3.347672970934512], [0.43076768915961183, 7.375843977175314], [0.4964916431631341, 5.199094813878229], [0.512649057964716, 4.71662854428107], [0.5039008899763258, 4.903696456465864], [0.5166653846603612, 4.56727623150446], [0.6468756546427854, 1.829108677942187], [0.5769026032330549, 3.2326585513240427], [0.44437559775580854, 6.755871563072424], [0.5996371947683992, 2.676548118512397], [0.500950341359012, 5.068191010728256], [0.6565153745964853, 1.6627213823155218], [0.5524643109492596, 3.738364534595747], [0.6076968984645296, 2.5566378731663804], [0.40105525484856686, 8.531491779749388], [0.5439975538570186, 3.8867054522528046], [0.44089512202794645, 6.951882721945168], [0.4481518658218888, 6.6569917619500565], [0.46826732569693585, 6.025205361926384], [0.3951759698972708, 8.765183001209447], [0.5603359176666196, 3.5535958013886946], [0.45656051113229884, 6.565754614070359], [0.555512329548969, 3.6161986262613848], [0.4869402632205164, 5.404954806628935], [0.6331564373974097, 2.100709466297084], [0.6631610941711756, 1.5836108604714563], [0.7228760290477427, 1.3833630661640801], [0.5468704577781025, 3.800603794088664], [0.42084396290687553, 7.659594131763859], [0.4044624122552094, 8.310119030883396], [0.5960430961785269, 2.7635031758197486], [0.42785831954393205, 7.6472114860128935], [0.6764172694920966, 1.4783773938102924], [0.4374847835295027, 7.048538103710912], [0.8948453892812614, 1.1175114851999166], [0.39640508594686114, 8.667428072523405], [0.5372344173902949, 4.055930836379165], [0.7324239398592248, 1.3653294841676045], [0.4824221753520629, 5.569514343104883], [0.6285784181723815, 2.188949553937043], [0.5229333168708936, 4.418540411834086], [0.5315142954993561, 4.202433742317868], [0.851391905023388, 1.1745472256663394], [0.7995142769637087, 1.2507594033188123], [0.8083155241532354, 1.2371406587143887], [0.9214283668922921, 1.08527155873517], [0.7806243915053426, 1.2810258184113583], [0.8773548141173051, 1.13978972236687], [0.4640535666827024, 6.156863367904188], [0.74202253050021, 1.3476679735396753], [0.5269039081557569, 4.29479400612687], [0.4086691484003261, 8.157165935841864], [0.8344083180120457, 1.1984540163531348], [0.5403156598498065, 4.031339649587998], [0.5633281554067491, 3.443035036579525], [0.8428641546556196, 1.1864308079498096], [0.7040156003230349, 1.4204230695188484], [0.4572393834558537, 6.312901646644355], [0.417524450611241, 7.802498067704472], [0.713408795296192, 1.401720873913282], [0.9035864093291738, 1.1067010190452113], [0.4154919852063287, 7.996166018148849], [0.6947559977383604, 1.4393542527956587], [0.9124938859079239, 1.095897753884683], [0.591370686233316, 2.8471928925078362], [0.8860543175158853, 1.1285989811590438], [0.4920577634424107, 5.256704620099979], [0.6143740834261506, 2.423308010652396], [0.9799214371241093, 1.020489972068391], [0.47053301471922443, 5.909108897438154], [0.6426902021422563, 1.9462515226945822], [0.39216845956407054, 8.869710726506524], [0.6377454352410505, 2.0180180989522416], [0.6543560746042897, 1.7371072278196988], [0.4781636434170226, 5.644293010991475], [0.6855472932766634, 1.4586885686914006], [0.8684385061479813, 1.1514920088419025], [0.989947395748746, 1.010154685283707], [0.581822776909649, 3.1378764183183754], [0.50676644404195, 4.8139046053279495], [0.6672819389258563, 1.4986169138786072], [0.6184446651538673, 2.3508115161944394], [0.8258294568379466, 1.2109037667764266], [0.5859860502128204, 2.968871426039612], [0.7900402549196491, 1.265758287344111], [0.9309244691003162, 1.0742010046920791], [0.9502315492607142, 1.0523750771882978], [0.770872474272764, 1.2972314272129037], [0.9601482191081688, 1.0415058634685042], [0.6227470017057817, 2.2567894698526794], [0.43291158280066055, 7.204700024389745], [0.9404839129898528, 1.0632824083305605], [0.8170915739821406, 1.2238530317066485], [0.9699713244561603, 1.030958312670404], [0.859902166888562, 1.1629229911332388], [0.7516098392375968, 1.330477526763567], [0.76133061752128, 1.3134897992882166], [1.0, 1.0]]",0.011967,33.19
CONSTR,MGPSO_feasarch,29,100,0.026711,0.011473,4.058051,0.046594,0.630383,50.0000,100.0000,"[[1.0, 1.0], [0.5260946615309227, 4.3276004157559305], [0.5331073260275943, 4.199265506285122], [0.49540928231573306, 5.180802823945198], [0.5477591136812616, 3.82346844156336], [0.6666782429085869, 1.4999739539079533], [0.5011949814002782, 5.007382491169934], [0.6538935703571498, 1.713667815178411], [0.5569572604267168, 3.646577076202457], [0.6005735079125737, 2.696738949644174], [0.5864612314212007, 2.973527331406812], [0.511265686975225, 4.761556514294184], [0.6473657452144601, 1.8597031280294605], [0.45936880994908313, 6.3806156863200085], [0.5364570477416529, 4.115398464903793], [0.4449719255611047, 6.788119509483812], [0.6127435072744538, 2.4305042404937036], [0.42623954143894205, 7.527435313257586], [0.5430765983321996, 3.9198989142225176], [0.5394648930356944, 4.013375576730496], [0.47957746533521506, 5.664498813729331], [0.46378830920207526, 6.114219035249187], [0.475827787326338, 5.833380895969482], [0.3993639306125001, 8.568620497026348], [0.5136823498738443, 4.636669395163708], [0.4059952022497379, 8.394934583828555], [0.4164124373047863, 7.820849043357592], [0.41042147595394507, 8.103318052682454], [0.59463582864696, 2.8018681002946684], [0.4492200384392946, 6.619887059461577], [0.4688869750339847, 6.000266562258575], [0.6249735896501457, 2.2185644395247652], [0.5055767716713152, 4.849204761216333], [0.4997559300859483, 5.172215749238429], [0.686218367611122, 1.457262071665644], [0.7236756272248197, 1.3818345711528797], [0.44423641588570917, 6.961791428212615], [0.5749344925613924, 3.205081244270171], [0.5515252449819172, 3.737085115505953], [0.8462908718005127, 1.1816268298776116], [0.39222477029108976, 8.88619107994645], [0.4272120053795675, 7.504068665351322], [0.8558078697842738, 1.168486567261964], [0.5917729946812749, 2.887918271725311], [0.39750281215697697, 8.721446360658453], [0.7498041887871315, 1.3336815330647596], [0.38994312583364643, 8.997021550559182], [0.7055596057827793, 1.417314698579655], [0.5213797426510294, 4.482233826586702], [0.48031764542099753, 5.583604846532977], [0.40107518850283214, 8.462521277516538], [0.6764556359274392, 1.4782935448959231], [0.920783855566699, 1.0860312047766598], [0.45392717436018576, 6.450807332152002], [0.4856444062624698, 5.447185236353762], [0.42311532342371544, 7.727057363680103], [0.4133548053843602, 7.950499272016696], [0.4702800371019053, 5.925526199046448], [0.6958453829279676, 1.437100862539628], [0.9025371529947863, 1.10798762874394], [0.4095697304952396, 8.219824370843666], [0.8367618313445605, 1.1950831915852786], [0.9116223930053126, 1.0969454103725296], [0.8839651610720577, 1.1312663032864523], [0.4338001224640532, 7.161247637103051], [0.4611029530465608, 6.227242967078435], [0.7147835666768279, 1.399024888959326], [0.7972721880012221, 1.2542767890938484], [0.5613320204865677, 3.4740816693862855], [0.6105037438205035, 2.5465964051460293], [0.5686774848051566, 3.360230154193384], [0.8932306744534402, 1.1195316379074096], [0.4316399727073024, 7.311047657697669], [0.43599109650081774, 7.0988708517951515], [0.8652627466019163, 1.155718310914491], [0.4897994712339415, 5.32600589331672], [0.5804390980393916, 3.0701036237935284], [0.6315208666162765, 2.1283985713315894], [0.6189064403024056, 2.338494121966666], [0.6623470034799377, 1.5946455003708888], [0.8073076357953854, 1.2386851748463494], [0.6390081864472381, 2.058999678121446], [0.7684019432013162, 1.3014022268525247], [0.7876788638465788, 1.2695529179449663], [0.8269962444114668, 1.2091953340267605], [0.7779763251059046, 1.28538615858763], [0.9490963703183489, 1.0536337839587109], [0.740999773707964, 1.34952807744596], [0.9896460475294867, 1.01046227840384], [0.9396266958538763, 1.064252436007323], [0.9590037271831465, 1.0427488148948811], [0.6418111988356282, 1.9280208351813384], [0.9793433942325304, 1.021092301116359], [0.8171511990659059, 1.2237637308041773], [0.7588676812310597, 1.3177527844877615], [0.7323391092800846, 1.3654876372545985], [0.9691808396227539, 1.0317991845456234], [0.9301048442009296, 1.075147609686001], [0.8746098850829171, 1.1433669079845756], [1.0, 1.0]]",0.010367,34.21
CONSTR,MGPSO_feasarch,30,100,0.024984,0.009713,4.972571,0.043910,0.589586,51.0000,100.0000,"[[1.0, 1.0], [0.5608645500587086, 3.544238286179464], [0.531308123831419, 4.180981120716381], [0.5754926848658595, 3.17095947961696], [0.6355268803705081, 2.0622580128293992], [0.4787313910894293, 5.627263536731535], [0.6034540098145844, 2.6161027707189506], [0.43636288984592203, 7.096936929791228], [0.6231823460977151, 2.2456853559790573], [0.4294774590196471, 7.4252437544922305], [0.6509176633460645, 1.8308319761919005], [0.5800959520022354, 3.0728414754233015], [0.5445834033148876, 3.8626192860764146], [0.4455547455262465, 6.714422888625536], [0.6570818763349779, 1.7032054090510653], [0.41545995501886956, 7.873866876718042], [0.3890025432193549, 8.999403505167276], [0.6616081158732983, 1.5858282684464298], [0.44166369023503027, 6.863587114896375], [0.39110099283505756, 8.922751009746198], [0.6295404405635997, 2.164303515843463], [0.5700808776974026, 3.3034622831234457], [0.48688939469522385, 5.3891854697030634], [0.46619737468480105, 6.126355431945057], [0.6194415975489449, 2.3485518332456774], [0.6757483372309708, 1.4798408592431356], [0.5021608062467338, 5.035490535684159], [0.3964408154608291, 8.782685957624498], [0.4249566175442072, 7.494406427343991], [0.46861267977506094, 6.036866681508801], [0.4083607850840809, 8.161115495847145], [0.47122857425949194, 5.915002201459174], [0.4529422312115102, 6.526463391931508], [0.6112064572427566, 2.5306152317691715], [0.5492354582991643, 3.780333619737488], [0.5055177898884597, 4.86804915853005], [0.7625849004373362, 1.3113294000792675], [0.5270622434887821, 4.351234810097674], [0.3988303085403191, 8.60896349553428], [0.5348226425862869, 4.093639931131597], [0.43417419554466397, 7.2997361921552715], [0.45743336356786274, 6.313870573603596], [0.6942335661794156, 1.44043740999634], [0.5857423884995796, 2.990277776115296], [0.5433791175891827, 3.9941898609213253], [0.5940386895863996, 2.787262953838748], [0.46081734416815645, 6.205136930892894], [0.4013647909175937, 8.458975828700076], [0.7035319689172206, 1.4213995158444073], [0.5197065040469105, 4.499787105968277], [0.5550382594137759, 3.6665704593749076], [0.9806076063985123, 1.019775895551851], [0.48449143405084655, 5.478774686426511], [0.5886895427480797, 2.89189876731171], [0.7925549512244694, 1.2617421649502478], [0.8022210430860864, 1.246539228331723], [0.6408805767594399, 1.9330399792899413], [0.6667004801919407, 1.4999239234267592], [0.49054607454911486, 5.299813458628133], [0.9710448646843433, 1.0298185350324356], [0.7321636503049396, 1.365814868825445], [0.4481865457858732, 6.629860525300809], [0.7726707435001554, 1.294212325770296], [0.7225904471057192, 1.3839097984278972], [0.684984946718775, 1.459886096461265], [0.8409901823863623, 1.1890745230371624], [0.7827330682238774, 1.2775747449499346], [0.9226384105236238, 1.0838482211384102], [0.4785689767294886, 5.778577679088395], [0.9323932002354123, 1.0725088940454717], [0.9903084365298113, 1.0097864090748832], [0.7130888854312543, 1.4023497216552894], [0.8715166977100361, 1.1474249462202637], [0.6032383395874374, 2.7211283862501174], [0.9128185945858429, 1.0955079201182492], [0.8214655417408565, 1.2173365152734121], [0.43985111385172726, 6.997974435966525], [0.6161689847085121, 2.4311892202655496], [0.45367028814726823, 6.434887261906332], [0.42085145207370245, 7.64712787320973], [0.5165992931317471, 4.630700407978939], [0.9026019274605143, 1.1079081149466596], [0.4195055040538314, 7.859504787966507], [0.4967970414711251, 5.11201663870535], [0.861225684993177, 1.1611358293475913], [0.8922624848950129, 1.1207464360867574], [0.7421221274608601, 1.3474871089229723], [0.9517746483153723, 1.0506688760516851], [0.5121372243121489, 4.752454040436641], [0.8311805008032875, 1.2031081083273227], [0.8509968876500704, 1.1750924292583307], [0.7522268323708206, 1.329386239584493], [0.41027049941081584, 8.095884803967405], [0.9615009927960081, 1.0400405277711033], [0.4077662400770491, 8.334342854856214], [0.5657912993227348, 3.4317894830286226], [0.8117814532213229, 1.2318586437664787], [0.881793428632111, 1.1340524521159767], [0.9420855548671228, 1.0614747193964202], [1.0, 1.0]]",0.011517,33.40
