problem_name,solver_name,run_id,final_archive_size           [archive solutions at the last iteration],final_igd                    [IGD of the final archive],final_gd                     [GD of the final archive],final_hypervolume            [hypervolume of the final archive],final_spacing                [spacing of the final archive],final_spread                 [spread of the final archive],final_feasibility_pct        [% feasible in population at the last iteration],final_front_feasibility_pct  [% of returned front members satisfying all constraints],final_feasible_front         [objective vectors of FEASIBLE front members only; for honest cross-algorithm HV],p_red                        [mean relative error distance across all iterations; 0=ideal],run_time_s
OSY,CCPSO_strict,1,100,,,15621.097776,5.603665,,10.0000,100.0000,"[[-229.23894751607548, 27.127640127673573], [-75.89452571706687, 4.65670282587404], [-190.25456382499263, 24.49483087854336], [-181.8212502985418, 23.59949408472137], [-163.8940456377924, 22.346041819645794], [-92.28520756215408, 5.33724266571696], [-98.5890600756123, 5.43581422481613], [-121.82166995325798, 18.807042411988235], [-172.02469939517553, 22.840446452250056], [-209.54487902948762, 25.93184005356371], [-222.7049917006216, 26.755136733074615], [-88.29060232523383, 5.065332434673447], [-183.85340689275503, 24.026802084235804], [-51.38429646376209, 4.066860265641941], [-45.75926001653211, 4.0364420925904465], [-48.15308597212392, 4.048684005031838], [-115.9742953692226, 18.341580259612737], [-111.8647243508338, 17.946914329192463], [-189.0548157269348, 24.323122882619177], [-72.65804700527596, 4.587943876829709], [-178.0411187415528, 23.453734664192055], [-68.57997057574835, 4.455462990260287], [-116.28691951883769, 18.43248762905562], [-134.38902137577963, 19.86153358588679], [-262.96276240423947, 74.05410389293293], [-240.64050963214868, 55.788778473130165], [-157.929697136456, 21.838407333223795], [-193.143978486764, 24.929966820012563], [-108.73517598854787, 17.724360376251106], [-173.25172053820214, 23.078670715050094], [-150.6813222819543, 21.17431721615876], [-188.63621639662009, 24.09538337075335], [-46.430545780686316, 4.0477805959653335], [-154.51191971801023, 21.46920834423635], [-151.50823350907015, 21.32437736905457], [-190.99609081367052, 24.593078533561744], [-206.6506390710873, 25.50009328543671], [-138.94897641041769, 20.28764426072697], [-81.93888011913285, 4.978943838178875], [-120.2339625571554, 18.73614827268523], [-216.5672869526483, 26.429313568380493], [-148.0445353862522, 20.960166675988948], [-52.74631794690101, 4.114801766862849], [-144.05614331782547, 20.675772644407093], [-142.12298595303372, 20.495072323374963], [-163.0247000665672, 22.259037014273922], [-59.74173472017151, 4.21280059614036], [-107.67427215992699, 5.6743142030384295], [-110.4478180847087, 17.869830747008344], [-182.42427778875972, 23.79948387963379], [-220.67037445433584, 26.70137205693416], [-138.11443208289307, 20.190354040318653], [-219.57309975730232, 26.635154760886962], [-143.0798990148677, 20.606945451442023], [-144.66635087973708, 20.734268954456866], [-198.58658749610976, 24.946443073872768], [-224.39230896515207, 26.76027489898971], [-108.06794368869637, 17.67336380144889], [-160.44157079514972, 22.023208032042625], [-68.36808363613028, 4.408452137625671], [-118.82221928332055, 18.595399737275596], [-182.802945425234, 24.024253072541434], [-58.76980670487709, 4.194634339813339], [-43.4106843571152, 4.01091659196482], [-82.9172170638383, 5.03194696199945], [-80.06083611994453, 4.74011689427728], [-136.003438091651, 20.029647783860753], [-69.68259068240434, 4.497169370704004], [-224.76213312716794, 26.879651480522188], [-202.54188209980586, 25.145621483296853], [-127.21396392740968, 19.24458891672235], [-89.12070863554146, 5.237333458203638], [-227.39339257264533, 26.970879980683506], [-199.28539530664068, 24.984267822588123], [-90.52483814686634, 5.23973904985591], [-165.86384134898302, 22.43568268243688], [-114.65250159385417, 18.249322995054165], [-157.64277605409967, 21.75363625520699], [-124.89951979690927, 19.05010975323292], [-146.7115543339285, 20.85550043846235], [-180.5386431387767, 23.569646134607165], [-128.00284805890615, 19.466466620541368], [-113.64590896987175, 18.144049380034794], [-140.13774406847256, 20.397076545753357], [-164.97605844425772, 22.418189195582475], [-212.88952378517828, 26.335350576210406], [-97.0684962305085, 5.412451355151854], [-160.8408357104496, 22.229200988434595], [-55.72905519949266, 4.128472975472081], [-209.02700889664325, 25.659171881296114], [-131.9156521696105, 19.80798257318084], [-131.72621489103614, 19.687305118205554], [-123.41771604761455, 18.935772982090775], [-122.03902277088856, 18.855524024116605], [-109.48364772988711, 17.76003749481781], [-129.58336832376193, 19.562683085380833], [-62.16626707169263, 4.2623798684327525], [-132.80712425816995, 19.84064676129104], [-44.05554214732058, 4.016430838108962], [-147.1924463017974, 20.930789625358017]]",,11.41
OSY,CCPSO_strict,2,100,,,8474.947649,3.721407,,7.0000,100.0000,"[[-133.56009313987056, 19.91884088612776], [-136.23238854342102, 20.09146750639895], [-117.76511181850184, 18.561252506264886], [-69.51203246269249, 4.504843349763792], [-127.0547964668019, 19.29010948431285], [-200.12149815682795, 25.015663356896454], [-74.08646668597545, 4.665358847071177], [-62.494320029461264, 4.283768338652512], [-121.45170874916545, 18.79010513060115], [-136.46512293753995, 20.110506124710835], [-122.65855927260337, 18.930459517671544], [-98.00708466257915, 5.395129464542636], [-106.97722603428211, 5.677312887562311], [-187.40563268280744, 24.1402169191642], [-189.9378845772275, 24.356790484636537], [-96.83772942059493, 5.392052555031468], [-63.085519753424286, 4.296649212040018], [-167.79050640952303, 22.507474934282158], [-43.85738377701084, 4.017856449444635], [-132.2854687990873, 19.685236813855262], [-153.94368639151622, 21.442003449556], [-41.64908409886951, 4.009068288138079], [-147.6732021973992, 21.191706652140688], [-213.44853273370848, 26.069582459896598], [-189.57898662490493, 24.165958558331756], [-115.17315564723924, 18.326870710929374], [-45.32533472836793, 4.026242952495846], [-140.29214340636256, 20.36535348356565], [-223.57921896754956, 26.838623692881082], [-92.35658078419067, 5.388651273986603], [-151.4861628473613, 21.364464129800076], [-144.20720257519326, 20.77630017736854], [-200.82711879079412, 25.176665278980046], [-79.41963439331973, 4.80959493562858], [-229.39569092599535, 27.222460006413204], [-229.73118698944083, 27.22393563647464], [-150.2698248203944, 21.207008501047536], [-235.5297340651047, 27.57499444048774], [-171.45994650244134, 22.865537900615898], [-56.70148173661466, 4.158104268107931], [-125.03629070179764, 19.28747196814206], [-215.86977642607863, 26.26357142402188], [-204.86306082213417, 25.587227352093045], [-164.28966617440435, 22.4468413788381], [-142.96271601672169, 20.593320630829705], [-198.28889377827653, 24.924062189678914], [-86.34609114015595, 5.030083536603984], [-57.5646388493919, 4.16212921311136], [-225.78027518070508, 26.964812149876657], [-227.34719198073998, 27.103149367307335], [-196.74776350208165, 24.702646346995405], [-123.20414014898813, 18.973741613427972], [-80.60376397484423, 4.819642608768103], [-81.09045055262013, 4.959760497304014], [-58.237541609446566, 4.233334124763362], [-132.8652637791766, 19.816462962055017], [-160.04623863625935, 22.080949097833013], [-159.63438541059185, 22.06217817196], [-67.04765893234702, 4.392208088554116], [-142.48664028642202, 20.567701873443877], [-146.47639718730193, 20.854511132066587], [-146.38578072637287, 20.838218110016342], [-242.41647139478232, 57.38339474429131], [-176.0086298140172, 23.13622342414639], [-114.7648480745399, 5.993327070495992], [-116.13111351326756, 18.43415195904252], [-217.50292264780325, 26.614096977116514], [-120.10414428648753, 18.68215807839951], [-203.71493146535863, 25.48732735273616], [-208.77214758490203, 25.655365032306815], [-210.88893014047625, 26.019716426873252], [-171.04531618965603, 22.748443695342726], [-138.3725291382803, 20.173060440612673], [-207.35782427218285, 25.61813124429087], [-156.75833958105102, 21.804316661174965], [-168.84355890131783, 22.63578816996013], [-129.90455634114977, 19.53999333932401], [-54.60701829200843, 4.1296902231136485], [-53.07814965025636, 4.124703015185031], [-50.523266918214965, 4.066862772838725], [-131.31444521601725, 19.63630478921732], [-124.52921483094406, 19.24547485553619], [-179.2418459525383, 23.599029920823277], [-76.43518659211294, 4.675625182223473], [-72.66611623111301, 4.599937558727208], [-60.74782116277745, 4.260933472875532], [-70.97128239376363, 4.505464284377167], [-48.93377030085615, 4.040916915120238], [-161.97109931350377, 22.138588269627288], [-104.89709828815037, 5.602709561322062], [-140.86820278402706, 20.378331836249302], [-55.40042860028349, 4.1364336770128896], [-155.96043805845784, 21.581411674002958], [-117.2844284954984, 18.472301751962977], [-210.68332892779569, 25.743417631869427], [-176.66179866678826, 23.26466840302522], [-182.9701054165775, 23.697060198933723], [-158.46149943746892, 21.86357784973993], [-184.86122596311208, 23.87623768652992], [-163.56831213992416, 22.403460639904008]]",,10.44
OSY,CCPSO_strict,3,100,,,8906.013152,4.322214,,13.0000,100.0000,"[[-139.40753304746073, 20.25293657425648], [-158.9510650513683, 22.01881003773785], [-129.071209650315, 19.43061917666726], [-60.855233127891346, 4.223877647113222], [-77.95404117536029, 4.654526351287373], [-196.23279213201164, 24.908854622136364], [-174.47795090782168, 23.16353711270196], [-149.18488172386714, 21.102393017772613], [-130.86966901880015, 19.544610458008933], [-146.57599587963915, 20.823601340359854], [-210.38179362410733, 25.83001406366138], [-217.38263316268365, 26.28143983708964], [-167.51869228627947, 22.52694863978897], [-127.8024158261054, 19.346040644425237], [-137.62774800199455, 20.148361442501113], [-158.4261720372656, 21.86135154730375], [-41.21271321093666, 4.0053354149696485], [-123.06324536126665, 18.89889448455961], [-47.096241076537694, 4.029118328065223], [-163.36097492369038, 22.156660732042315], [-183.1100247162014, 23.800536219169203], [-184.60396176034905, 23.938176816943106], [-182.86078386525026, 23.688249497509847], [-177.8361547340968, 23.429100649219635], [-220.59850163406404, 26.591156104698012], [-64.83083037282108, 4.360258319382737], [-79.00505796016725, 4.826154506490065], [-144.86513557766298, 20.768703476760283], [-205.64220916135446, 25.383304239544948], [-118.2339476524275, 18.543700595240104], [-43.94084069967765, 4.0179882269423315], [-116.59485220368524, 18.40175524409492], [-231.55195928553064, 27.328960026951147], [-121.87557865067934, 18.809407372119576], [-114.18040278371069, 18.167857835236862], [-86.19239815464128, 5.047228170855764], [-70.36301459074451, 4.631502087219012], [-224.73379041999178, 26.807877226343262], [-234.1965833796404, 27.550867948353506], [-57.49452411620738, 4.15756676141657], [-131.48122499707915, 19.741503794515744], [-212.0748873359163, 25.97802543003912], [-186.45640127098173, 23.996453660061675], [-215.86522767786929, 26.250176999999596], [-156.9376487253343, 21.701446238654448], [-170.88106588849232, 22.759643224265382], [-82.58579009248264, 4.983904336105466], [-97.90553108988443, 5.363175847271588], [-120.05228872423938, 18.723448690899858], [-95.01571332100593, 5.331427341186158], [-149.3665879585849, 21.191669088600122], [-154.87058455514907, 21.68241002950251], [-91.05725730891558, 5.267675918743326], [-141.74694643011125, 20.61907761812017], [-126.75372434713071, 19.222412882989325], [-68.93336740533553, 4.4165401729782445], [-107.57210416976119, 17.656983039361634], [-180.6262774238007, 23.55385810042886], [-176.33191124172407, 23.231112335357082], [-230.89296825512022, 27.27677756758695], [-227.020792317794, 27.075727875090255], [-208.05758769611603, 25.64634169919146], [-57.39183868799557, 4.155563439527784], [-201.96277044346857, 25.20349841373148], [-115.68110780020486, 18.33483936369633], [-153.18792883263234, 21.42404776050388], [-99.35824273003789, 5.61654924234042], [-172.01008310733042, 22.919389125811712], [-123.78166244186366, 19.091721775785707], [-135.28294868944027, 19.95078626950562], [-144.12601387534795, 20.63627226417656], [-112.68052680197256, 18.10930591762222], [-61.297079775825644, 4.2781999101742585], [-133.63895462576403, 19.775644307817057], [-109.5480792654596, 17.78733788802155], [-168.33946695860467, 22.707916850138755], [-81.03658803326735, 4.88812670877126], [-125.049469996648, 19.212452099858613], [-54.53939669956992, 4.1213437221161655], [-154.17325359063318, 21.440556704387536], [-147.29806292919977, 20.96180072427353], [-151.79405435694568, 21.26535570160751], [-179.24323221878555, 23.45990832647019], [-90.01535009503296, 5.058327793593914], [-199.91322004183166, 24.953231656560142], [-255.8886295209211, 52.45347875114872], [-140.45157227806476, 20.354538890052638], [-165.5570296817534, 22.456837535691697], [-100.97507907371556, 5.7082097755193235], [-191.80613831313633, 24.747091569540864], [-53.382583046477095, 4.098184761091211], [-236.94409319942267, 27.711703324199192], [-191.6701331422101, 24.391005963960925], [-111.45772061229009, 17.958121615564608], [-51.659434164711826, 4.076186257146318], [-196.02514491708106, 24.818266956864562], [-106.89526936039572, 5.758200869268698], [-211.47271790814014, 25.838285683350243], [-118.69028196164575, 18.657469587914797], [-115.28012937654782, 18.24014862565962]]",,10.15
OSY,CCPSO_strict,4,100,,,13776.790034,1.380414,,15.0000,100.0000,"[[-104.34949872913846, 5.661113472986097], [-122.02921768487533, 19.11950689127612], [-48.20600713067283, 4.0417062712815355], [-119.40815225483762, 18.591033484320896], [-151.24338624530813, 21.27684143635178], [-196.72785262956637, 24.902181682851637], [-118.01874222220589, 18.520434697674805], [-46.46540783637991, 4.026707176385215], [-169.96959973501222, 22.783589425747046], [-224.7863483006972, 26.819864912361624], [-188.88814929286252, 24.327733269017337], [-134.63618279606527, 19.87721343184872], [-231.76307536206644, 27.297693041234638], [-220.53214075655825, 26.54490136675972], [-45.60146282389458, 4.024167178633722], [-105.68435945924466, 5.860008781468286], [-54.811521542521014, 4.141896126826733], [-151.91221052481401, 21.355934758350728], [-200.981199239046, 25.07857697540679], [-207.99092203685757, 25.744157309597373], [-178.01781134048858, 23.390484273821215], [-119.95557882582399, 18.71262108708055], [-190.88665454823646, 24.390271234732708], [-163.25694763742854, 22.184044367650092], [-49.33639965776578, 4.073468856717482], [-70.32361416625307, 4.517627948971253], [-212.59639675917114, 25.928261812643793], [-143.5760732006268, 20.689308505942076], [-62.463247400745985, 4.365256305576816], [-96.28672668876305, 5.2810694805955585], [-60.959266841591884, 4.271487685080234], [-210.83343960193181, 25.811047354590308], [-181.38774874919795, 23.546821073179864], [-86.27206077451268, 5.033463950711684], [-182.2431667558656, 23.732699509092946], [-73.12793278006586, 4.524047191498275], [-128.11858409549177, 19.391833521941948], [-146.09803780980565, 20.892699385817743], [-179.25832448352432, 23.42908264082589], [-114.37207172517986, 18.18144469383433], [-136.71227334742417, 20.038589622107597], [-158.95542201194706, 21.839135993021976], [-100.53883762745699, 5.501367404371056], [-135.53078360803698, 19.92692044435701], [-67.7338534126753, 4.445943394936635], [-69.5770389149248, 4.504170143814257], [-211.46100062047628, 25.86259373658587], [-116.8526037402123, 18.414591931358128], [-125.83723639562486, 19.289192875018593], [-80.99861321079787, 5.0128282131086435], [-194.48976591288184, 24.56185090041362], [-57.855087228451346, 4.174023579957772], [-121.61218448564684, 18.82380144271139], [-51.74304034061454, 4.120905726067924], [-113.42966087175255, 18.12450522198337], [-77.62252406203264, 4.669429228663997], [-140.73249365358143, 20.405777257442743], [-196.20652945298994, 24.709247267484592], [-204.24549216933184, 25.33214572789929], [-187.13926418048277, 24.14304120900264], [-93.13835410430585, 5.166411199321266], [-147.0707435544988, 20.972721893030894], [-144.29764318470393, 20.74395887281171], [-171.04638461470464, 22.820301136478555], [-185.07278095377447, 23.85433248594049], [-43.60890133633607, 4.017111780774485], [-130.4781413579492, 19.518700060515354], [-175.00066548064638, 23.085727830643684], [-115.33837277590473, 18.364909789121626], [-206.89903975848836, 25.54261502706523], [-156.98907870617984, 21.710682398303515], [-155.82617679036477, 21.622392390827812], [-97.79528413237654, 5.333773758269965], [-131.79683517615746, 19.66891522024876], [-111.31477614510095, 5.869429751533535], [-74.83909212754816, 4.593440155905265], [-133.26242113416384, 19.746159906822538], [-100.5349050768449, 5.4437822705863494], [-138.83743058518166, 20.250534389319192], [-195.53310294857232, 24.656047352116385], [-160.0918842992459, 22.028111944415198], [-128.64351167716094, 19.518120807009197], [-219.13447959832382, 26.474914110338826], [-58.66909278889233, 4.207882200055722], [-112.61666095891701, 18.102812406378767], [-218.07026397891673, 26.37677673168928], [-198.2987049907424, 24.932827966008336], [-41.638901306672125, 4.004527228630147], [-111.6965296596238, 6.112564756023901], [-51.32535982867727, 4.074567871274187], [-77.87273815633296, 4.907711268663331], [-175.2229308273753, 23.35806547114642], [-165.12175307378897, 22.307671415863815], [-241.59415419576314, 27.97585137100985], [-132.86686514866776, 19.716417591033863], [-125.11765136204953, 19.151987835003375], [-172.4756413320127, 23.0056366661438], [-166.77048140901158, 22.64144724019774], [-142.51350891879997, 20.54311929428483], [-63.03379184255223, 4.405668268399294]]",,10.55
OSY,CCPSO_strict,5,100,,,14576.212410,4.075386,,16.0000,100.0000,"[[-51.34324067241143, 4.076992881070517], [-163.4480477601359, 22.27146036343334], [-97.6956886689212, 5.3289559395932935], [-168.97403713210653, 22.70580632972648], [-64.62187476651903, 4.331724407760012], [-67.42741546145085, 4.3708338312047985], [-154.28198985919232, 21.46664180513639], [-214.2221070063486, 26.0802193325681], [-229.7027831864227, 27.30776347328732], [-53.192464531489115, 4.107773041238299], [-153.02443397735686, 21.340507817380427], [-83.11053712710856, 4.811919594999301], [-75.08475974574705, 4.610271528149044], [-248.2601433711617, 56.60474761366063], [-86.08107505451004, 4.975386624036988], [-47.95402525669927, 4.044387009772947], [-129.93114941330782, 19.536871689638872], [-236.57788118342106, 27.671961920866526], [-178.63026217938625, 23.33706490135185], [-46.01103056502583, 4.014869478216106], [-217.58049163050575, 26.260202037636205], [-74.5424402332781, 4.606229297592087], [-142.41284949376728, 20.5357235924674], [-129.05953852333568, 19.408180500232007], [-208.1413579912487, 25.58062210061042], [-165.0297921962077, 22.38495578564166], [-192.44933499988164, 24.414613930937367], [-132.32118139662342, 19.675508549323443], [-100.31535464091853, 5.4354237311674884], [-137.8187837762876, 20.253868795339947], [-176.20421096459958, 23.177917022160283], [-133.92802631628058, 19.92422733983141], [-147.96798288891543, 20.978898791714144], [-80.05049244869909, 4.718629538824169], [-192.94482689481174, 24.67953184762801], [-61.351238737168025, 4.2537400100284835], [-151.32945142998625, 21.227532095843827], [-179.6495050115768, 23.455304340736312], [-155.12647202400362, 21.615912132208713], [-59.33331052487345, 4.2016012208393505], [-156.87502469814189, 21.656627845944964], [-121.62330783020009, 18.80065222383416], [-189.11446761476424, 24.199945856498925], [-215.01830456403005, 26.143845724350854], [-146.0445014057992, 20.81689281068065], [-120.24469974496112, 18.7028344960698], [-116.57707640563214, 18.40027235933286], [-117.69624190930236, 18.513990919150128], [-124.36817281943175, 19.021755943159707], [-70.24742084511945, 4.549531777984469], [-199.95255576787082, 25.044221149810877], [-131.1741025892755, 19.63383154141398], [-50.61830110008165, 4.0755524870594595], [-119.3195124842305, 18.688036603055913], [-221.23310706793254, 26.5623472833868], [-133.53655896576402, 19.877838103057442], [-159.6755134172546, 21.918685797609342], [-169.85715958710702, 22.842297865552435], [-208.89629583706179, 26.03000204340601], [-204.25472936088042, 25.26506621609775], [-180.81570064044968, 23.618567586089462], [-135.7502047185128, 19.964948522172104], [-87.23942227474363, 5.267756220946353], [-172.65698274402766, 22.88835224882186], [-41.13042610098964, 4.001724556051024], [-210.73712322759664, 26.03971973925727], [-125.65979551906229, 19.16313673048682], [-43.84769725825147, 4.0061685180251025], [-76.7093760870058, 4.664285533682314], [-230.64819981122704, 27.352892666021756], [-140.38946794806373, 20.335498404745323], [-56.095369516862526, 4.138825472403871], [-123.16423909728022, 18.902575276181008], [-221.8165157071833, 26.77568824729805], [-115.91430404631788, 18.313264948837826], [-56.79449851780048, 4.169528734174401], [-168.40472041024958, 22.543509505899532], [-139.44446715932693, 20.28465353716677], [-143.88018063007516, 20.615507144097034], [-68.0188887555426, 4.457598601495403], [-227.57360360187465, 27.014185029849454], [-107.4307442860682, 5.972797573682923], [-114.3500388626047, 5.993643090376017], [-176.5261231025823, 23.33035615363612], [-227.93931136298602, 27.136505596679065], [-101.1251186627441, 5.443107920200518], [-160.19282882110616, 22.157391505495404], [-84.16028271123717, 4.879179632413603], [-223.66844148282723, 26.810172790506847], [-201.82803124039737, 25.261817743363782], [-185.3979190823432, 23.908397786745358], [-137.36731675586537, 20.096710340621033], [-201.16059984227223, 25.212522295302662], [-167.36381431852593, 22.47848915179872], [-195.96201425829182, 24.885156919726008], [-187.0661601828563, 23.99978253472631], [-127.03063799711457, 19.35949942808142], [-146.46529075910547, 20.870819617669422], [-90.12445163419385, 5.270577519037744], [-198.19288089123322, 24.893963521491866]]",,10.52
OSY,CCPSO_strict,6,100,,,974.177982,8.462677,,15.0000,100.0000,"[[-225.0933360716439, 52.916658956161136], [-200.73615130547685, 25.143784195305546], [-60.245076443273156, 4.267811375354284], [-216.19669120601756, 26.30834339764752], [-126.48459493404373, 19.322363413379986], [-211.5871047610129, 25.826636982482906], [-175.47080905991277, 23.38099230130351], [-163.51184172499964, 22.39735355667805], [-262.8049834810604, 96.535124381284], [-140.11754105767835, 20.308494892479764], [-121.30917147337091, 18.75570879221892], [-108.4437159677229, 17.699722956183898], [-59.469543860714126, 4.257631636467184], [-75.17719809303404, 4.713534496409499], [-83.91226996484406, 5.043530924686706], [-194.06758047033475, 24.802420734822203], [-214.88238491349907, 26.223083451721067], [-144.41408466957824, 20.846371815791535], [-114.3776761407041, 18.225253095833686], [-45.76814238614131, 4.019428848753603], [-154.8392184700786, 21.635353651886557], [-162.68050061826392, 22.215447888086654], [-56.76811188929878, 4.1531146446480385], [-117.69510246162606, 18.565403935355747], [-111.50690916772362, 17.98549309530985], [-103.10336538115483, 6.392518733999084], [-49.117810431154176, 4.047893101656739], [-186.3804039459298, 23.99176855021017], [-146.62353501060852, 20.944382393154026], [-114.56327780980244, 18.333122983574334], [-137.83311855868135, 20.300412987666004], [-213.03112048379822, 26.0042706413522], [-203.11201257091358, 25.506408941198885], [-159.13987437788325, 21.851228348574494], [-42.58567511838646, 4.00184004623581], [-110.84680778513533, 17.98252864446823], [-128.86749937252728, 19.420999221947543], [-187.27873238881062, 24.167658631325995], [-132.16067113674177, 19.760333595708563], [-148.73481466380474, 21.165574892734867], [-80.45535709498884, 4.8393724376248475], [-150.81444385340114, 21.169411349300002], [-122.15559600715302, 19.03871467352571], [-51.76758626087975, 4.086515524908439], [-102.90094885012816, 5.577035966067308], [-211.94986166748055, 25.938283692528064], [-153.07798439982773, 21.508229827752324], [-189.3098052627219, 24.223969567404012], [-105.7861750989275, 17.503488531702242], [-110.14041252397136, 17.82889327275217], [-106.72893350038308, 17.60978490902758], [-199.31318580146646, 24.97601403136352], [-190.80825808539447, 24.360640872392082], [-169.49187129857273, 22.749259618858353], [-119.4186734048728, 18.633954481330857], [-210.06868364976415, 25.712075162216273], [-55.34180473822563, 4.129196033246381], [-52.59788125985728, 4.093390521688436], [-116.59182778311498, 18.351344522081366], [-135.40531696988035, 20.067761221906384], [-151.33669037489068, 21.29605216616133], [-176.92069335373398, 23.478576008863765], [-222.72840836298835, 26.79992817180988], [-184.58230005512368, 23.84803839153183], [-105.07869112138827, 17.419380178473233], [-168.1834564826375, 22.667766104766933], [-191.1561699363902, 24.45237954833925], [-69.94094090489594, 4.557625913040225], [-221.65087807937746, 26.60519946927], [-177.6061447353029, 23.631471475290056], [-108.44373393852688, 17.707776678435536], [-66.48833231277976, 4.426167246198843], [-134.35983316648597, 19.988026042473468], [-90.16740299888272, 5.046571059126367], [-55.045093347789766, 4.118335744787064], [-143.258306838829, 20.680839470268133], [-173.4100918239903, 23.182441350556466], [-120.30332085138947, 18.72394655200833], [-49.922799252145595, 4.080374707907137], [-124.52363776229215, 19.07855057140613], [-73.7356001501664, 4.64048301156136], [-61.737827736795715, 4.319720484694194], [-113.39371840812358, 18.113150412087204], [-133.6651848790276, 19.775255156840636], [-92.2834623302591, 5.216455336021504], [-171.65361398820698, 22.82713955414855], [-184.20079156340046, 23.786464820855137], [-104.02941579811542, 17.319556025888694], [-131.12523483287322, 19.597689121690355], [-152.49956441977685, 21.345586871928248], [-166.30135409815898, 22.608968082494126], [-58.34545647932917, 4.183704575753025], [-161.35306057774528, 22.12105326627282], [-63.46876241575982, 4.320876282039506], [-69.59837087688001, 4.436524162123919], [-43.45369070023466, 4.017608612898632], [-201.73102858200733, 25.220175308831887], [-92.98812679932641, 5.520139207512443], [-129.92922404425875, 19.5426490072896], [-47.373307624720134, 4.037763453642029]]",,9.32
OSY,CCPSO_strict,7,99,,,5506.024069,3.981678,,9.0000,100.0000,"[[-130.0826009245407, 19.553976032608862], [-160.23398621778162, 22.02712034652254], [-71.28329180065217, 4.585475140167482], [-136.75510312526802, 20.224187065568238], [-191.17006062024532, 24.425281062714006], [-193.8741434051303, 24.589923309160206], [-234.807153157619, 59.548600550014044], [-163.99971996625786, 22.471246260934183], [-164.37551769786126, 22.47286882686276], [-171.24203525992755, 22.913414480767074], [-50.789858680877124, 4.171140345419824], [-160.06205324734034, 21.944077394200193], [-154.63729420757215, 21.648607576642654], [-44.70659262291636, 4.02452515625209], [-186.1266903231033, 24.204674915286677], [-145.38524830619878, 20.84283076671845], [-203.40579787482358, 25.214421011812284], [-217.10974572753526, 26.301316306399745], [-63.460632305208534, 4.299527110332322], [-168.2628453655921, 22.583092366652004], [-152.0292736268942, 21.437558532823658], [-40.805502002891885, 4.010212801511298], [-128.67357284326857, 19.472514599525567], [-136.0726819461827, 19.985312507201765], [-184.95337515408588, 24.067670031013712], [-183.28261320286768, 23.86636377091508], [-140.1982591754961, 20.354939019792802], [-170.58365615585424, 22.722575386901067], [-169.71737891619762, 22.71678002222384], [-134.35931324853203, 19.866123819362286], [-208.2095424711715, 25.638690694866806], [-138.33873849316944, 20.311507388110996], [-82.41551423387293, 5.051014137971867], [-61.56194473250291, 4.245286834428746], [-228.9524036676262, 27.14591338892156], [-154.09392677360484, 21.537613241867465], [-118.51013524733622, 18.601249680524127], [-211.05108309929736, 25.956430237363907], [-148.94199249600786, 21.222408067041776], [-119.37996403294747, 18.628217192823772], [-126.11091905920074, 19.249025400888716], [-44.29512554425771, 4.0161244889267955], [-158.5675745043293, 21.83951608485968], [-48.848460549452135, 4.037864794595541], [-143.72388588618736, 20.632620406701967], [-111.50949560339866, 18.107888684260487], [-142.788664363885, 20.605155963533978], [-184.72493067260712, 24.0052188032381], [-220.81123684428326, 26.784248919482764], [-113.17398835168794, 18.139356057528328], [-103.13087801187744, 5.975067689931711], [-110.9425480757382, 17.921543267062248], [-144.53614417747923, 20.725002941917726], [-181.8463149776976, 23.587205167264933], [-125.18168164213724, 19.08708610881329], [-185.79616321028644, 24.14214397241791], [-156.13077646094635, 21.740869160170945], [-62.15001203985984, 4.267396697259571], [-48.20906173623676, 4.037713163923733], [-116.34883551304354, 18.337630441492845], [-113.88491013229356, 18.200674161439963], [-151.78593054170517, 21.29115589605152], [-98.99243822658885, 5.481459417025026], [-91.07958816752021, 5.167129848008088], [-107.1001210109148, 17.558651597008325], [-122.26668720305827, 18.935938992043504], [-121.00805333690214, 18.906075907121284], [-176.50803828020483, 23.1731456499699], [-72.2757947498443, 4.666126246019601], [-199.40709012343638, 25.056820204024916], [-78.11229858884273, 4.829951031000057], [-67.07251269200806, 4.578915411414471], [-126.61007003555802, 19.30306293021112], [-192.6340167587929, 24.46979569136901], [-105.00493180844795, 17.359208862701166], [-107.3820296561073, 17.715012748908322], [-105.92097426152434, 17.471485777055953], [-176.95882257696684, 23.564059263952206], [-49.750662919225995, 4.086819220553908], [-109.99930469484966, 17.84520578439391], [-205.24545586211735, 25.345052596402038], [-134.53641390106714, 19.96862272844209], [-119.5919798123875, 18.776657301833815], [-159.54740806325466, 21.905566322931932], [-219.41361260712713, 26.53280498254535], [-57.41844554039176, 4.213373883364887], [-117.2414212911162, 18.52721986996998], [-195.4666985622086, 24.711735132751585], [-125.43968570720514, 19.247435559556877], [-109.43511255144077, 17.766281207234275], [-74.986711727096, 4.802278416536645], [-162.5023502387914, 22.173777187124877], [-122.97630802845939, 19.065402343126095], [-50.54604726160166, 4.104091048892348], [-199.67611134993686, 25.121311173963228], [-154.09863810894973, 21.577704671661106], [-57.343169404963696, 4.184028736880185], [-169.02491313364848, 22.692750936789153], [-131.98351586966078, 19.646525804161584]]",,10.09
OSY,CCPSO_strict,8,100,,,20157.592887,2.524232,,8.0000,100.0000,"[[-162.76210195815935, 22.163351912851475], [-236.79753009399013, 27.630914789946694], [-159.48040929710723, 21.943025980695918], [-151.87201933150916, 21.31348461361991], [-134.8393159349506, 19.88947962481137], [-213.72749061053398, 25.96551638130944], [-235.13145357022253, 27.61157688117694], [-70.61707562751958, 4.519936710234686], [-187.220124162994, 24.1332076132069], [-166.2503427204051, 22.425038678523336], [-116.10221305182394, 18.37014042501493], [-136.0456465776656, 20.023333477559518], [-65.67496498184173, 4.367005878046573], [-175.90990758295905, 23.294711163356244], [-192.33202047606102, 24.41242398314244], [-140.11093046495785, 20.366258707232795], [-170.4877944241208, 22.71115923958586], [-148.89618058775102, 21.025290185001058], [-210.65453540683188, 25.81634466805933], [-46.05949721187429, 4.024757187097758], [-132.62542980968573, 19.84134476178492], [-185.43125866406177, 23.91465244308245], [-112.90149119178288, 18.026667264226337], [-194.70381006368643, 24.612764000355625], [-40.582659875516754, 4.002763717045056], [-203.51192545125767, 25.35617402247234], [-197.1723733692206, 24.81946453987072], [-175.49271490896444, 23.137054059283763], [-143.47687485447764, 20.57858253394347], [-209.1060067361053, 25.691530895244963], [-138.8546982459264, 20.288653609659725], [-118.54059174973003, 18.513376051727853], [-130.12667058334, 19.592681099115893], [-236.80122713035078, 50.47552067517802], [-179.55991816339295, 23.449767536063014], [-231.80853763134556, 27.30916773200366], [-205.12771350274963, 25.590422752267926], [-85.74882170567606, 5.065303265567197], [-150.61195273165046, 21.188346188786596], [-123.50969524976087, 18.99385260250266], [-194.16463697497895, 24.54362779363175], [-129.13555715854676, 19.502729595214213], [-131.30231540158383, 19.66790760135178], [-186.82264910834513, 23.98713621261595], [-126.54909089670873, 19.19729862716085], [-227.29805800803183, 26.973484549252515], [-123.59181414969477, 19.066756619694857], [-126.7079709352301, 19.350960765436703], [-154.51292867596658, 21.58810830513082], [-171.84586053582984, 22.87063586138885], [-178.09952034429617, 23.297363793791497], [-221.09238773568308, 26.690591855316807], [-211.03328491742096, 25.87548527718152], [-146.29737518687642, 20.878006357067125], [-145.096724501721, 20.751344203081416], [-43.35439701600356, 4.004806000553852], [-164.65087991466135, 22.322214142325933], [-183.29108692682794, 23.726598295236805], [-59.276837268324634, 4.26014212225919], [-80.39195222043358, 4.843592836591651], [-89.37207653691112, 5.155178176030133], [-156.72730611654438, 21.67710260685633], [-41.67513372812241, 4.004029115411462], [-188.68623790531424, 24.34559587997121], [-198.6786077836373, 24.995482207993994], [-220.20666737798953, 26.66827658969634], [-228.8733158758447, 27.104088738573054], [-69.01445964236865, 4.422341495213664], [-111.24758894367494, 5.842169497891185], [-215.26332328110496, 26.133532462696067], [-75.61003429204078, 4.642623319387049], [-137.6935742308441, 20.115368380755182], [-233.79859144548632, 27.475537491478615], [-121.92887564824399, 18.835346934210346], [-63.6062624965839, 4.3597079690914615], [-48.269086170011136, 4.031050192327261], [-167.35319185436785, 22.493794412873353], [-91.39594161097409, 5.211407070071838], [-72.23141988135845, 4.55692066887752], [-113.96489472100382, 18.191900657720602], [-93.94424552979251, 5.670227578652238], [-117.11365519093228, 18.42355753154471], [-78.2123360814503, 4.771596277997823], [-92.85435872665754, 5.21952284037622], [-50.13433615921307, 4.057138747223343], [-57.44150420607983, 4.246556873758007], [-52.04126780903515, 4.072859014588056], [-60.54699651203861, 4.320268362973898], [-224.56843838545797, 26.91630436255083], [-202.11115973806568, 25.175054644747433], [-160.89619271927307, 22.07913490162657], [-195.8997727479566, 24.812267788427658], [-200.33970051751908, 25.099881522541157], [-120.2626730100688, 18.671920114811297], [-55.80900211846959, 4.137979906049998], [-158.7459630206454, 21.83924982799698], [-114.9367522126508, 18.294003288518642], [-216.81680832816372, 26.326309525911466], [-152.8976714756954, 21.40688725965261], [-74.21590353888222, 4.586386584387278]]",,11.05
OSY,CCPSO_strict,9,100,,,15740.934416,0.994834,,11.0000,100.0000,"[[-81.87273178591202, 4.863051509025892], [-53.045158417203716, 4.120080119026836], [-85.84876091784537, 4.932291338630368], [-90.45345648761909, 5.190864663639658], [-163.01845161039108, 22.124759273068197], [-116.01159756614837, 18.331872253106262], [-229.79744521287975, 27.22312912126831], [-65.34721052808099, 4.468520674402616], [-164.79202687450513, 22.31256386613832], [-172.81487105556442, 23.026648006428367], [-127.97605432932697, 19.442535161113046], [-234.00844989284732, 27.57503639390664], [-51.19401218053939, 4.069446385633617], [-196.14956954791228, 24.790656127552634], [-159.7742018461078, 21.96514086210234], [-108.76239363121316, 5.941384437301352], [-99.58266247730324, 5.467995043026897], [-203.56200840483535, 25.364902822155724], [-155.40797044938287, 21.545817388743384], [-155.44841343660764, 21.672929198512627], [-146.7390546929851, 20.92099449788824], [-215.36243377373827, 26.077399414570838], [-117.90496482054017, 18.46928993540199], [-113.52068962031215, 18.221402804694712], [-212.90546376040453, 26.02266495005494], [-97.91363168316482, 5.331373147832848], [-121.7698271415893, 18.799380671045697], [-139.12771967054607, 20.35707593613565], [-189.94429320966728, 24.23042709304297], [-124.29707500563721, 19.042978330434803], [-238.54434363401708, 27.805097917047206], [-114.74126836887952, 18.294391719924246], [-129.34415606400995, 19.495757133000026], [-227.7292121345296, 27.054188065733193], [-119.4209157773443, 18.770930733415017], [-57.32688075102892, 4.170108038387407], [-44.55328539081112, 4.009049465324223], [-110.87390534264594, 17.900653903171413], [-173.57624445088314, 23.13280590295424], [-180.93920602100323, 23.66180385655875], [-172.32753747670063, 22.928888517514277], [-185.77660503449627, 24.078656954320202], [-118.93555740779337, 18.550884777945964], [-176.8709494565646, 23.368594036250407], [-116.88779684270793, 18.385179534451954], [-181.9106578909165, 23.744412518764648], [-226.74454616592604, 26.991666692059294], [-139.2633195575906, 20.535848898795713], [-102.52820462174805, 5.61869453866727], [-58.91833009957103, 4.189700300161473], [-60.34812681552442, 4.237786251559573], [-126.49203409334528, 19.192356058542497], [-143.52731134372303, 20.64280533499457], [-108.20443681911583, 5.7154775551403], [-148.74285095370317, 21.219759198987436], [-165.71169271226617, 22.490397533080266], [-138.1379417043791, 20.179803952461324], [-193.28012758997093, 24.62725608646356], [-141.79827319908023, 20.586406659948914], [-183.08799480120317, 23.773062142966797], [-169.8638167835888, 22.679201319481756], [-192.32087955173964, 24.37243104763736], [-127.71979727321298, 19.30920835413993], [-75.81057963084429, 4.600234974583868], [-109.5935316225857, 17.74056075170789], [-55.634980562337105, 4.151993155577847], [-82.7920842427427, 4.879032334629633], [-197.2044603166064, 24.928727334837742], [-79.14158941935702, 4.791109872350296], [-145.58766005812228, 20.753519850267107], [-89.94023881147659, 5.1845864850400325], [-167.66051360968706, 22.53822635382973], [-48.22224810376833, 4.03777432854042], [-206.69780648692404, 25.73224878698248], [-133.5726399433682, 19.93450037861239], [-200.84431562886266, 25.192197915400815], [-164.06648149783376, 22.230466572287305], [-136.17025420002517, 19.98226114755535], [-62.66117839908654, 4.262017182154403], [-130.40420144161806, 19.589696681810292], [-184.9420281295836, 23.86271479391002], [-122.7364764248687, 19.01471945841804], [-210.96897330022182, 25.789708641459676], [-64.11147637679717, 4.328204039923914], [-219.80081316071042, 26.807002564820905], [-136.47262063745256, 20.093421383205392], [-132.99218814600815, 19.780343988166482], [-70.10395817010559, 4.496761545689891], [-112.85193825586887, 18.033537881722477], [-144.30270761767505, 20.68509958854785], [-48.96107453070778, 4.051334525482107], [-125.94600373524658, 19.139961055829453], [-150.90437485785074, 21.225877915909898], [-148.21276286422983, 21.043029940340574], [-152.74841678366187, 21.32433278496609], [-188.20756197935307, 24.196701154970718], [-178.5258471695392, 23.472639592095405], [-160.24119476533937, 22.117979820550474], [-204.7442869510848, 25.43747187971286], [-154.47620965684123, 21.460073455086786]]",,10.16
OSY,CCPSO_strict,10,98,,,8499.669882,7.247056,,11.0000,100.0000,"[[-138.09876119748003, 20.344236214298743], [-228.20272773151973, 27.22625712538075], [-42.78568241090987, 4.00480993249283], [-169.9382822327679, 22.708697679963997], [-41.4435577700376, 4.001829316531564], [-182.60870490115457, 23.88292776701862], [-166.02410986742112, 22.479561700599717], [-156.45756900126895, 21.730251090780914], [-231.02656052738223, 27.355188400305952], [-114.87749530344387, 18.286784132549055], [-160.61468157617642, 21.950712811459205], [-210.52956419787444, 25.842184126509824], [-179.28831915813976, 23.691383357589316], [-139.98795340162488, 20.370993367315357], [-212.2602199772095, 25.89331158955127], [-147.06536981407814, 20.911437441285013], [-56.46252899944785, 4.215345619675439], [-149.38789896233064, 21.184105455050343], [-154.61447091243284, 21.49411682730865], [-46.88029266959086, 4.022733932131494], [-102.40133566061883, 5.551297756164335], [-161.17093404057567, 22.03329028840009], [-162.40767012875148, 22.14905858901565], [-115.91792169967364, 18.318642810931628], [-127.79197803890784, 19.294893154369813], [-68.7702404000593, 4.407077241947027], [-117.7081965739878, 18.513311865063503], [-223.3225236022195, 26.882897130501004], [-126.07480706236815, 19.197498408969647], [-192.75689236926183, 24.442098964428176], [-200.0504516877854, 25.031131519969215], [-124.6417777340855, 19.09258010277643], [-74.53315945884137, 4.569384122610759], [-49.771444421537694, 4.046735669303166], [-121.3325824941554, 18.751173515391063], [-119.48234625451823, 18.738901444821824], [-130.9358916505841, 19.799066483700305], [-193.76036791030734, 24.78715366639091], [-47.61877422298889, 4.038398003424139], [-189.39281570862943, 24.252065571431768], [-233.43543462071918, 27.44246740332087], [-129.6934941491274, 19.489554487667547], [-114.067390553334, 18.205688084177712], [-134.14892382197942, 19.833943213152015], [-143.80075345620713, 20.63147513279675], [-76.32243197583142, 4.71946808104032], [-135.21160496758006, 19.915995945190087], [-112.61231514398946, 18.13380645536033], [-156.04515057418328, 21.62481476045638], [-173.18413031024053, 22.94674359569738], [-191.09623933458067, 24.413610049964507], [-210.23090963474664, 25.836465410428627], [-97.47197407946956, 5.526233699627567], [-93.29022357544082, 5.261525716917619], [-202.92412860425, 25.170163597629326], [-204.13992258252617, 25.306905438690634], [-118.80943405407726, 18.686259679517168], [-89.05117061973458, 5.2118063650835555], [-61.52103434260438, 4.304382356614223], [-44.9279094817697, 4.012918323556087], [-152.751827515582, 21.39551829663549], [-53.74059879080606, 4.105271682779602], [-181.18525653644846, 23.70533240293818], [-60.67714224584876, 4.224757260600766], [-215.1007096100263, 26.086239674961575], [-116.82605158349692, 18.370409664733963], [-123.08067657374362, 18.92941646993909], [-158.31088059093267, 21.834961277309255], [-170.54226142433927, 22.9265399740971], [-52.42811879057683, 4.084918978209902], [-168.3381431368163, 22.54988955460461], [-185.88643057982736, 23.92215620230934], [-84.13074749672214, 5.009438047263972], [-234.78212144574547, 27.500330933625612], [-55.72892889641577, 4.134980669423446], [-164.30403495895112, 22.321422149068088], [-151.46004826220627, 21.359824767700857], [-208.07201471206244, 25.59023112748956], [-85.21643897267415, 5.072825291200574], [-167.34216636303537, 22.519909044860967], [-146.55971531551515, 20.845206168206946], [-148.35552416456372, 21.16996144000453], [-176.5140490206935, 23.293119601331117], [-66.80920767880363, 4.390283962156662], [-128.99333826925465, 19.4436861312192], [-255.18751257253425, 79.22172566254238], [-112.14447732952938, 5.9781372921504055], [-138.00246345773382, 20.142592780278704], [-147.55350588940385, 20.977802891182336], [-227.13047005277485, 26.934137183478402], [-83.96376910543069, 4.898009046083546], [-60.95619385657373, 4.293021881981576], [-131.2645049231319, 19.83109050052356], [-70.76031986200479, 4.474493231254179], [-221.0076879521804, 26.749142608642586], [-141.49664991739007, 20.425204025938694], [-118.3829861376311, 18.611423250502725], [-135.91660158228206, 20.139542125882603]]",,10.58
OSY,CCPSO_strict,11,100,,,7688.396407,0.765468,,10.0000,100.0000,"[[-142.1009638390521, 20.679506735935334], [-157.8395900772797, 21.743135564436685], [-118.10794777867275, 18.558019814032804], [-76.47051022251324, 4.6912111109296895], [-165.09066360055516, 22.365841313979235], [-122.01676324631902, 18.952299364174237], [-125.04558525846893, 19.08704717529737], [-47.20901720662003, 4.026645477224794], [-130.58406607803386, 19.76990507831936], [-86.97272516931844, 4.997160381894932], [-70.42604610641627, 4.496293608321113], [-111.07687118901018, 6.133428348074148], [-189.88936049347024, 24.23510226341153], [-132.26809096748957, 19.78264331326595], [-49.66600956162248, 4.047820383183026], [-175.72497100608751, 23.265986241336986], [-86.99164969108185, 5.122311109712148], [-140.73755908886136, 20.41902112186904], [-83.77993345157772, 4.9684796730548], [-45.131721345065685, 4.023759795780906], [-186.02902333111822, 23.918294325834417], [-137.79345332578487, 20.14044043388506], [-52.04335525767126, 4.111536184674531], [-195.15121515416115, 24.59126880436057], [-55.87615015716414, 4.15401454148118], [-151.75939052358646, 21.270436277622743], [-128.0362302958902, 19.366685996244183], [-90.23184813360506, 5.159394886770155], [-75.45237314888338, 4.611358260616808], [-139.51808667692018, 20.253040348293588], [-146.9472354178992, 20.971767854235363], [-143.85953017731504, 20.68820070252293], [-110.84145667470487, 5.86335779793802], [-112.70179437995357, 18.03863671698715], [-94.17540679184152, 5.189731808759671], [-129.21615915006652, 19.454706155930026], [-111.80583541441932, 17.946068550736257], [-179.48254171853665, 23.437833838814377], [-180.8050582247689, 23.719480386468327], [-136.62259438891573, 20.100488551096777], [-66.49706858531094, 4.412277839203082], [-229.04099875499287, 27.397868128129048], [-106.3852939415837, 5.753340220883462], [-168.75964220301518, 22.630465381566363], [-119.50747138923822, 18.698855731708278], [-207.88882236782516, 25.532941114518614], [-73.71437842211614, 4.5341406047056285], [-59.42102617973689, 4.20262993906258], [-134.53950197235827, 19.918109744874375], [-104.53197189073887, 5.575756864696921], [-155.7023147232464, 21.7260509023956], [-214.56472013397104, 26.057731484482254], [-53.99085927382956, 4.142206417904214], [-116.74414756736824, 18.357283489525695], [-169.53191037514608, 22.74102589090565], [-162.89588881326128, 22.170545774196253], [-150.61834912642877, 21.160346238443182], [-172.6014082127959, 23.162197351982204], [-206.7031058616452, 25.502319535019918], [-147.26331062201, 21.137897579375064], [-197.49366723765573, 24.91691374108266], [-41.24155761615556, 4.0050762053893845], [-180.05020284084173, 23.50287402468294], [-77.508986927031, 4.817633378765341], [-197.98608422177122, 25.033199562216005], [-201.5336309495823, 25.432418123132766], [-171.49488125365224, 22.8547831775685], [-81.94866478364342, 4.917067972901446], [-60.968828733176636, 4.243702975100927], [-68.12055195624471, 4.492584816921678], [-208.81440558237978, 25.72005141993978], [-186.4379147127262, 24.22868200178445], [-43.03248385852305, 4.008421805850208], [-175.48348494294962, 23.162557072070783], [-158.9571998204846, 22.002888755164008], [-196.50101802513672, 24.71148985669853], [-181.41281623664955, 23.898533681160128], [-200.59095496170107, 25.082841184632144], [-223.91082398306924, 27.04579681643271], [-165.96206254453054, 22.584932991351096], [-130.38139811186494, 19.570903362252345], [-222.3856646395508, 26.89574124404715], [-119.95358696737712, 18.91989124347353], [-221.6225788543751, 26.705048620668258], [-62.37349872684357, 4.289947424665349], [-154.34354745068103, 21.61963443487859], [-126.50012022452573, 19.20282158910261], [-177.6497871835206, 23.420329841422145], [-57.86046978073277, 4.191163185959627], [-153.78183512681386, 21.412995280188362], [-216.5954895427676, 26.33709963216781], [-220.23611291529295, 26.560886595938747], [-117.28025837884789, 18.424372881950863], [-114.31193024950144, 18.159686912543723], [-65.23780320187623, 4.352176484860769], [-145.115669229095, 20.76366127053918], [-145.74712422754317, 20.859130629222545], [-190.88193516042284, 24.28585201782626], [-192.3075169416759, 24.47042327082132], [-80.34179231020599, 4.824954186091501]]",,9.60
OSY,CCPSO_strict,12,100,,,13000.991627,0.970763,,15.0000,100.0000,"[[-201.89362272990923, 25.095761897427785], [-185.38698901787401, 23.992786626765554], [-131.75387566459835, 19.834391010889007], [-193.42883601783717, 24.449685237373377], [-231.6708060981654, 27.41778003300564], [-86.43260231488499, 5.024243987697282], [-144.87331095678908, 20.84367566257645], [-45.52318612492906, 4.01777435435498], [-114.6609406511354, 18.182114643176728], [-216.32485855493965, 26.199347701263456], [-163.90338125149597, 22.488388119511683], [-62.82869584349682, 4.2649008412581555], [-214.04818749673007, 26.17468530889582], [-111.23897942787097, 6.844675491038886], [-80.97447751853431, 4.752301655356105], [-140.2634042386817, 20.37564719777955], [-49.37912683720279, 4.051838955584413], [-200.18682507801168, 25.05752263345261], [-167.35144918504508, 22.534514029701608], [-107.30817657367291, 5.810400793374418], [-176.84094654885055, 23.266088386960227], [-195.13562073514106, 24.68420184831641], [-101.79044255463185, 5.5707482829384185], [-60.43783622827409, 4.22922075712083], [-81.18988961804803, 4.766780177721551], [-128.83676904760262, 19.374763507127458], [-89.38299273553167, 5.0301519528967695], [-161.7500219770227, 22.06560188719611], [-203.4839181617807, 25.445283838634644], [-111.76695098570285, 18.03603173273445], [-182.85597301990123, 23.705592665943772], [-152.5727053749946, 21.45254079649715], [-151.10799749055434, 21.42785144990363], [-148.37741400722547, 20.981795569811528], [-138.46454785574, 20.252732418223108], [-163.34466952252703, 22.18165234754552], [-197.30788470895916, 24.821353254239053], [-194.38792612173543, 24.619252700601336], [-191.09472515291645, 24.29852441556623], [-120.60627669727285, 18.710565540781847], [-118.52364601726512, 18.537307861008212], [-121.9480768580302, 18.810653143358856], [-178.35194271824136, 23.464826779221625], [-209.586344172378, 26.101000481326686], [-122.80454827931047, 18.93136072697615], [-236.52425949878125, 27.712135440634945], [-192.45778786759158, 24.39412403260845], [-47.12656196819807, 4.029767805419535], [-68.8143836260551, 4.4156311785805125], [-130.7607052609365, 19.594447618728292], [-187.4646353733926, 24.055414928467368], [-171.05433518956136, 22.77071383864448], [-127.24180218071004, 19.285105050298075], [-55.56738876562916, 4.134359230487293], [-198.78561171478137, 24.889896509303732], [-175.35589305565793, 23.147694752609596], [-149.75874377890523, 21.152838140616733], [-155.46324226170253, 21.62793728350334], [-225.49466734731797, 26.86162867408764], [-97.80870478915605, 5.355141355508017], [-135.64825601958555, 20.073829455832715], [-63.813425835136684, 4.3384595960854995], [-71.68607598397736, 4.490457899747442], [-209.25412954186746, 25.801332544945588], [-174.12484135257722, 23.02751218371229], [-57.76380805985097, 4.1676550770913], [-140.46394656870825, 20.645163675354727], [-154.31342318644025, 21.545177961449966], [-221.66070228096342, 26.857413825066313], [-66.3381940477459, 4.389358928152818], [-102.32366076578772, 5.656274841210754], [-189.76946778540773, 24.274205556207544], [-181.20443988588073, 23.691611241208573], [-129.78888926195668, 19.489053023776883], [-158.3518440504535, 21.887899649775374], [-40.90045160158738, 4.002762299298194], [-113.2969186913275, 18.116601235332592], [-133.77981933209233, 19.95515397609041], [-92.02247847492738, 5.147627548042939], [-117.38054794499068, 18.44738789573646], [-157.3174566325806, 21.67937588685021], [-76.73441700325935, 4.662718711566239], [-116.17467337419663, 18.368957588173963], [-180.19025619157006, 23.48209719986655], [-168.29767576491847, 22.577095024389294], [-203.29680659945393, 25.195975268072115], [-177.51631303768292, 23.379106613086826], [-160.3393798979989, 21.94949078048885], [-142.7043801555724, 20.743207810959817], [-124.72287985200818, 19.043923048380293], [-53.638370042655495, 4.109249534542736], [-98.21481464822472, 5.442579970937851], [-119.67235376722061, 18.632691842153665], [-126.24476640028861, 19.218125760065938], [-136.2027069683796, 20.205385974544836], [-76.86863614620324, 4.742762889899089], [-217.23482292496175, 26.454934280508795], [-73.47802416016407, 4.5421421474097805], [-229.7071940881673, 27.32711418885371], [-226.91975578252334, 27.201590348539952]]",,10.00
OSY,CCPSO_strict,13,100,,,21723.518436,6.544599,,12.0000,100.0000,"[[-243.7025325038211, 86.71233280773649], [-199.78018150144962, 25.002539536566303], [-142.1740989435056, 20.542937692186324], [-112.94261299926995, 18.070968413822577], [-91.46243368855, 5.1007526148865], [-140.62933462171137, 20.42594921393404], [-147.77802322574595, 20.964220432048236], [-169.1631070740582, 22.638923966944272], [-123.10761400810627, 18.920682796485423], [-136.8996287770854, 20.14349567801787], [-74.33043340788623, 4.702427528031513], [-237.2430558286232, 27.7009571409], [-204.94106588979002, 25.642949021440636], [-73.03090338827636, 4.552928371653406], [-120.04161049033287, 18.791796254875635], [-172.32504455753346, 23.03701159013073], [-163.9481340128088, 22.33566993581769], [-192.33146449761966, 24.561033470657247], [-118.88471694658246, 18.63382315517043], [-124.52095827495621, 19.076015426105556], [-55.48399043991863, 4.158573081209858], [-156.94214509260377, 21.705100325460332], [-85.72518204186373, 4.969365957816137], [-112.1437642993943, 17.972586612681432], [-158.99518862241402, 21.989468302632424], [-64.94070347420478, 4.3648588951807605], [-150.48878978497305, 21.14548079180885], [-169.90805216210876, 22.746129320557973], [-177.58754026621992, 23.296264997324272], [-115.92692610465485, 18.294274236415987], [-58.35671739635813, 4.19889253602186], [-200.9834393684243, 25.22178777221328], [-195.55149707032874, 24.95876317336515], [-69.37217657140232, 4.426718860099207], [-223.3069466569159, 26.692114100151088], [-46.98353366603203, 4.034925224818109], [-114.82575022634185, 18.28045094711597], [-152.31773981036687, 21.387084128225084], [-138.0134654359005, 20.1629778502838], [-106.81906727803837, 17.525439837629857], [-110.92135078620066, 17.923260721844365], [-97.20587873395304, 5.321432041099099], [-203.64931333849773, 25.317483574198217], [-151.72977257838758, 21.23831884326412], [-113.80004105173198, 18.138842733117446], [-162.6858550757278, 22.107783468145236], [-126.98766730403148, 19.243233005409653], [-117.04061843311104, 18.43665018642995], [-144.58211010458027, 20.848237755132097], [-80.3970898134849, 4.760388603314696], [-211.0709419348773, 25.76081776917532], [-52.37604110139729, 4.105464469433276], [-49.6651595929779, 4.078832726389495], [-204.12305336121935, 25.394446209944967], [-154.62338704508568, 21.55416081015123], [-207.2873703266413, 25.75832065003004], [-134.4317260135334, 19.906954026088304], [-187.48668050660197, 24.178230465892696], [-45.48533386464254, 4.0247536963016906], [-43.27969292542297, 4.0200895581378635], [-47.944628603433856, 4.041991486342585], [-64.0530232792463, 4.29656068110808], [-62.24266766309365, 4.266357326865209], [-107.850824732001, 17.830556800989037], [-121.5027041699951, 18.845203904474072], [-149.0678071462756, 21.02267425364646], [-41.59177843081226, 4.000304412684601], [-54.35181174780044, 4.142541989069992], [-219.44931171122437, 26.41429175726366], [-61.08099025099358, 4.240106630490137], [-175.66894225119603, 23.20398676727985], [-127.87693154168778, 19.351943212788868], [-185.29853515752583, 23.93788870057009], [-166.7597235000406, 22.540610987171558], [-140.5787869884534, 20.33900457094129], [-171.25934148061162, 22.869299944493843], [-125.89960016382125, 19.222843084186813], [-132.7310831704499, 19.74835870541361], [-156.01975033440888, 21.64097177595976], [-221.08252982933791, 26.60252303624144], [-215.03124411042074, 26.174455956488867], [-227.9089704665308, 27.018139210970805], [-165.35225590957097, 22.504313903984457], [-117.61495543725987, 18.488707139964166], [-110.25098884327186, 17.851817638586354], [-143.33927178515245, 20.646260235541543], [-70.96543509370821, 4.467110739473428], [-214.24450278602103, 26.152869224762192], [-186.14983411948185, 24.070837202969606], [-213.39771038212947, 26.007670551269676], [-106.17067324656858, 5.798758970062635], [-146.6152162754392, 20.94749169745658], [-132.7738612176657, 19.787200857697453], [-128.83913170870397, 19.580960408548112], [-103.66405339079202, 5.6860541520939485], [-179.4133237471408, 23.64984697000689], [-163.02802978863554, 22.21545949288855], [-182.29324642789254, 23.706127770229212], [-136.3240785423449, 20.000655209691136], [-107.35023970312066, 17.549357907509204]]",,9.87
OSY,CCPSO_strict,14,100,,,16033.756718,1.160486,,13.0000,100.0000,"[[-63.97194683472626, 4.351560618286541], [-60.81173917394811, 4.265556104170811], [-57.5813485822412, 4.206318907662356], [-118.07815286388228, 18.49376702097694], [-129.0376676325768, 19.413508495824022], [-83.6181148199423, 4.852414289952082], [-45.20422520801463, 4.008340152606392], [-119.42744520830841, 18.717736483122007], [-211.84177126119235, 26.027216797858532], [-133.06751384265516, 19.733056303262675], [-126.36332963244293, 19.402785179827365], [-108.69353788103058, 17.66311058515105], [-208.802409243327, 25.67571887611605], [-120.93127121378866, 18.785198104125286], [-156.93899772111624, 21.794317366508157], [-168.71131952154965, 22.70321646554811], [-46.32146551660374, 4.046525404690963], [-124.12103031013046, 19.107102469980088], [-172.54884131376278, 22.973572763723464], [-76.40244574757567, 4.7069890394890725], [-196.97600078553725, 24.86686157215669], [-212.74682151781926, 26.18174752986683], [-107.96596897326604, 6.099116851363513], [-223.6231480425504, 26.69190430705725], [-203.52109104017006, 25.481082167142738], [-114.84377684530298, 18.357519018701627], [-72.97526163321842, 4.527724525554777], [-144.93033382060725, 20.76539115501346], [-113.91257020345485, 18.265501778283973], [-56.647958551414845, 4.161302689041719], [-151.346096938127, 21.39461100145548], [-149.32988057362712, 21.109521155969837], [-136.420716468639, 20.02511485139559], [-183.20829016751918, 23.736528491029283], [-202.80592667824104, 25.412463375875163], [-108.93663738876099, 17.792946153056356], [-110.02181790528867, 17.867431091535433], [-179.1810128251013, 23.390784023260288], [-64.36206826961234, 4.377619609360535], [-111.5632989291741, 17.92620431048602], [-218.81924664762275, 26.647250625210965], [-159.9118368250349, 22.17088520149888], [-138.6128815837672, 20.320381017047378], [-117.43299934147745, 18.473719711788117], [-207.58130700361605, 25.572092942342522], [-110.21427126499087, 17.906955398963838], [-123.08530188043808, 18.90757257779272], [-136.71630553074107, 20.102957240133165], [-188.3861514330963, 24.16530364504086], [-146.87679354418756, 20.910360095014127], [-123.95764551998408, 19.00465684793012], [-200.19080162507976, 25.21188286424025], [-170.20247457202072, 22.806591423560747], [-141.8032927125031, 20.58061380802865], [-130.47193349294105, 19.62824306862288], [-211.6692222871193, 26.00208799152582], [-159.22164300074792, 22.08422948619477], [-185.01149324161653, 24.048987482629066], [-141.67460071424574, 20.49128710061023], [-133.8585469401268, 19.99090562613259], [-79.59904559844674, 4.742765506674115], [-144.48053081252425, 20.6619696226698], [-163.42848076816745, 22.28913059500124], [-126.31128182471498, 19.18753019873128], [-191.17508107574855, 24.61469976581046], [-129.7622698404076, 19.458388957693927], [-156.6553263823592, 21.77018055006633], [-146.42423510625986, 20.847270364881524], [-95.73315462135014, 5.242447740072059], [-50.945022046856536, 4.09621591385519], [-189.97717651204314, 24.364915803963935], [-112.88948019784935, 18.07559136993756], [-234.38398037970111, 27.515729361490617], [-211.4032942096787, 25.872902313188536], [-58.56580591503244, 4.223831593317504], [-171.569953676829, 22.838084528123435], [-114.89343104779876, 18.463523482000685], [-87.62512754408799, 5.180067374989781], [-53.73679755752394, 4.1258546582852045], [-177.806850538502, 23.29646556436654], [-235.58540186223664, 27.606629200210346], [-86.90877262947063, 4.957567481626942], [-178.83751645162602, 23.345878638960933], [-103.63908274989552, 5.622844972863204], [-84.5192989018385, 4.866768232333213], [-155.49758816214137, 21.55799356027014], [-168.16542931797235, 22.573563963700984], [-225.65101704344886, 27.004891240529194], [-50.1644372642271, 4.071360851643047], [-150.04846832818635, 21.167479924538814], [-118.97153988644277, 18.556181100819867], [-199.89197224730253, 25.070585565854305], [-140.66295887710555, 20.38545368369426], [-154.29015966750745, 21.462518920690933], [-137.8042331653365, 20.29945563981816], [-166.7577221229362, 22.420245201844832], [-215.56527829427773, 26.34450078495556], [-75.1648861186278, 4.646608037884542], [-61.2554372543995, 4.28086007471639], [-56.30051269960364, 4.14939913209915]]",,9.34
OSY,CCPSO_strict,15,100,,,14738.767028,1.295092,,10.0000,100.0000,"[[-147.90526581855414, 21.01395164409265], [-212.32547557728557, 25.99595005112669], [-151.28031731791324, 21.406014086350662], [-40.327486338134456, 4.007644756260729], [-51.848656473590836, 4.100747492670312], [-179.0813416345468, 23.46315518339437], [-124.36534450658066, 19.051336807558997], [-183.17588768928215, 23.77272018033401], [-130.03673350796714, 19.550532045117247], [-122.35483826276278, 18.84935897896601], [-173.1231246996, 22.93096876168038], [-132.36673575124505, 19.847162315664658], [-214.34125087883416, 26.289544967607338], [-149.52063370144725, 21.159918056590964], [-107.70096160246432, 5.750822661975633], [-167.04457982160085, 22.448192907157683], [-127.99878173424004, 19.3803784544936], [-48.6947697818966, 4.0453618473382], [-145.19395808938305, 20.79082452340609], [-197.743828494909, 24.775634437610258], [-62.11718748793995, 4.272821758582252], [-149.26318821134626, 21.06299393790865], [-170.20459917506403, 22.788150701487087], [-224.33323582224276, 26.792042637352587], [-188.3697771324673, 24.121861991355807], [-57.54213986152415, 4.192042188757996], [-141.5352581296971, 20.505095937008022], [-71.76995319764302, 4.482498276177031], [-142.86674291842112, 20.637282395607215], [-63.75396718206365, 4.3626814693916955], [-79.98586904805424, 4.773251437137976], [-140.4929688338066, 20.403506283535755], [-98.2847092409885, 5.411785437754007], [-163.828247356508, 22.206223687100323], [-92.43185431206645, 5.203087452908089], [-78.79733403721794, 4.697918061991072], [-186.15527447337433, 24.003187924079278], [-136.8939971855865, 20.141109065817673], [-116.29978142460021, 18.32056683718851], [-71.77614391482791, 4.518411350436422], [-86.47360929485819, 5.006099530930011], [-177.8701103713918, 23.40960872767639], [-200.25995577125678, 25.064878203148062], [-153.48305737575163, 21.543481586769513], [-156.90734063497894, 21.773575470741346], [-47.04970318486961, 4.035216528831347], [-68.40944006016198, 4.424240681250393], [-95.70023969441822, 5.275616306846257], [-121.18872885484397, 18.78315299384042], [-131.59387886113458, 19.715549142793698], [-190.75865689352676, 24.402309605644092], [-39.30509374613138, 4.0067307374897485], [-215.4523605902078, 26.354026645689988], [-164.5460868941387, 22.287523518981757], [-203.29073306739062, 25.363205558135757], [-50.08303173584813, 4.0559841153228415], [-66.09192933153886, 4.365939557887438], [-54.201581994563256, 4.133045540553585], [-179.94482182330304, 23.578617610330006], [-229.63642011247006, 27.166760967170827], [-238.73961285566529, 27.818587572517856], [-227.49873838509578, 26.983047450649824], [-146.66295217809332, 20.830617803714535], [-84.90211723594432, 4.87129499071774], [-119.11547590270054, 18.695165249826065], [-174.75065736058033, 23.40192198852029], [-195.06186696398413, 24.59223371986104], [-158.99500018544725, 21.830827247366862], [-135.78743307371684, 19.96055008003552], [-126.0647972699071, 19.14702073385982], [-113.27140124245284, 5.986499051795034], [-117.70319969333782, 18.44227425287585], [-188.08845752225528, 24.114178534953272], [-58.79420669197619, 4.194523662844448], [-144.05873152918136, 20.672443804529262], [-127.27029778860164, 19.250766577841162], [-128.89637888523134, 19.498047562419615], [-139.29902431543397, 20.296069082652778], [-115.05584633580632, 18.216829739371416], [-81.43844027137382, 4.819499183162568], [-173.85458783793771, 23.07239855846919], [-193.10883346003058, 24.5874875040839], [-172.31830058140034, 22.89850951575235], [-198.62130279791316, 24.90873722237191], [-151.01844987442547, 21.22353758521574], [-45.34120599647301, 4.01028897852521], [-214.31105045460802, 26.033528866490332], [-155.44600266915728, 21.58906013987566], [-156.86423913859892, 21.69140902781561], [-209.08704045517862, 25.78086087618009], [-55.814794685508204, 4.153135544500581], [-122.58061195405253, 18.96631276102608], [-138.16562188826774, 20.237088534022032], [-75.94488744009752, 4.642496275330238], [-207.47090251042962, 25.74005531004389], [-75.66952841855621, 4.607056023144615], [-174.06664795485042, 23.35370969718644], [-161.7920905673959, 22.041639980916205], [-212.19070920684138, 25.86095183752259], [-134.38609864229483, 19.874473173202432]]",,9.61
OSY,CCPSO_strict,16,100,,,16095.519283,1.821250,,5.0000,100.0000,"[[-131.8164270458072, 19.62196888011807], [-167.3776471684634, 22.634744574098], [-171.2184716993544, 22.793283831217177], [-182.49006325237744, 23.685445812977846], [-174.37431261387812, 23.082728997470568], [-224.25018926042392, 26.811145121627327], [-154.36642387845683, 21.603091197264497], [-193.02640319211022, 24.552641811753407], [-143.4531406727877, 20.675367834809148], [-47.89386510531165, 4.029717553144607], [-189.12371871425037, 24.24094035186901], [-116.98026202310403, 18.662524699654416], [-73.33342338324955, 4.6262810139326715], [-139.97548010834305, 20.509781348103548], [-116.64144782986983, 18.377388258972157], [-217.66418272591508, 26.46817419037997], [-148.29107410825554, 21.032749543036708], [-141.58597651192315, 20.564637913394996], [-202.03470696977817, 25.16871102248224], [-151.55016700168395, 21.444841445943155], [-70.56818309491112, 4.579926783078325], [-144.57007568700868, 20.807477561043513], [-230.0653786665813, 27.296618873856787], [-180.57567771711987, 23.615340631337514], [-80.14003419609416, 4.8130334305619735], [-176.46275352988692, 23.2818757534929], [-139.38083132568994, 20.43310773350356], [-123.21204248647584, 18.942410119052056], [-221.93624119667788, 26.592797914831692], [-124.65244470605406, 19.117228543562476], [-83.67438235360449, 4.955291041519926], [-209.17104641527266, 25.797101638137583], [-146.99612312279905, 20.89449007941016], [-63.5874214049312, 4.302311288037963], [-125.75926412160639, 19.22831691282371], [-49.997314814103866, 4.13310421836029], [-173.0590089730342, 22.910235981871736], [-42.17364980044195, 4.00560358304835], [-68.68489199804694, 4.462130677083911], [-133.92335552197432, 19.978807166830457], [-60.6924224663336, 4.283832460197615], [-148.98706691682742, 21.094590738710984], [-145.7891516827587, 20.830797682861], [-92.9204396536494, 5.425318813782346], [-105.28991536084038, 5.716910732469213], [-183.86610817270403, 23.755054361916024], [-53.37583857180313, 4.145953543302013], [-229.77017728172368, 27.226918213435543], [-190.6479069986594, 24.321796513934668], [-237.5848863150576, 37.33416429164817], [-224.78551824346232, 26.989975083505076], [-205.2319387266274, 25.464715573540555], [-110.59336480732591, 5.92839725014747], [-137.19787959421717, 20.171537096135413], [-135.38245858135073, 20.080422076594356], [-164.59959941438805, 22.28641657265887], [-68.88526057075718, 4.548206916529791], [-138.7231877407729, 20.257532597049305], [-87.45206661663626, 4.999962939143091], [-207.96047541889968, 25.54150293038617], [-115.85349522615863, 18.31505259176119], [-213.59427209730165, 25.973670533457216], [-49.059627072887444, 4.103338320524951], [-223.52189671513975, 26.779968080593683], [-199.85339368914458, 25.130732279604874], [-114.99899272969745, 18.20887911298105], [-216.880749373805, 26.21932526394071], [-156.82024754617314, 21.652559153797434], [-186.91349086728133, 24.22583715201326], [-80.7333442731973, 4.909350843065699], [-89.51509539028694, 5.02843677669072], [-158.94577060244882, 21.804550768557604], [-45.55469283452287, 4.0191860305311105], [-59.27185132665957, 4.190612007553963], [-184.56528330578013, 23.920844725991415], [-177.56501369298422, 23.4252706048164], [-194.35436754985054, 24.57610015708751], [-154.77583674578068, 21.61924343899585], [-133.79709809465353, 19.817743921570024], [-159.22907670295433, 21.92564868982956], [-121.8975902979682, 18.815313818939064], [-128.59917716405738, 19.375484627806618], [-54.515032262243636, 4.175670764905266], [-200.5707133906658, 25.162062833096293], [-119.87327259580006, 18.7291477472637], [-150.47189853066223, 21.19827354063231], [-196.59559552967687, 24.75766755751174], [-198.63363082347223, 24.91599032215321], [-73.00212618022962, 4.6186305651071375], [-42.3808641750975, 4.017007716343114], [-220.84748118790958, 26.49638631465772], [-179.75719548193223, 23.459866051265262], [-65.70396184302507, 4.383431057504501], [-113.18609605302287, 18.125429844347295], [-169.43938625111423, 22.79018105277887], [-127.22417763621273, 19.261513059982025], [-157.72150923488243, 21.72894383048621], [-186.13430889380504, 23.955866142997376], [-112.1760073834475, 5.962754998882925], [-191.28755907315647, 24.504208761509833]]",,9.32
OSY,CCPSO_strict,17,100,,,9781.585112,10.246795,,11.0000,100.0000,"[[-232.47620624544828, 129.07555691913427], [-209.49182065265416, 25.679506054470426], [-112.54200319672921, 18.04104981003738], [-61.508449463788075, 4.313672564632613], [-199.3425431463807, 25.141024855474242], [-118.81502131814558, 18.673196040591602], [-117.08997337925626, 18.492982921048718], [-125.31228579226722, 19.105335404511173], [-188.9372811637391, 24.315469513063103], [-73.36333991029343, 4.555153407187307], [-103.47079810726649, 5.655767062909908], [-59.28655549002803, 4.27992716927727], [-231.0483992245366, 27.22230080496647], [-52.69776431970997, 4.086485181258704], [-55.14378919164073, 4.119307446967232], [-111.73176377883749, 17.945121891445176], [-196.29710413777107, 24.759007170925777], [-144.10195040368325, 20.728499291303027], [-114.88898722503652, 18.216017636152245], [-44.000463712628815, 4.00713448284311], [-219.93051427073607, 26.4529399750359], [-163.55617969762716, 22.18663123574742], [-154.28210292526947, 21.478113112256803], [-85.60329378341774, 5.0076997369783545], [-134.6058212340276, 19.911882668960754], [-159.53099629566128, 21.867151760521185], [-142.13424368737515, 20.591235657084695], [-68.16455020963241, 4.398856723544268], [-206.17718353320768, 25.471790025934478], [-227.43648683229497, 27.013979364141935], [-67.70457343740803, 4.391334614519911], [-120.6794014819476, 18.70575740348533], [-202.17321271349022, 25.18857078922962], [-126.53482254255941, 19.260614595376268], [-208.29969190096583, 25.629656744795078], [-175.08401227225986, 23.081522074416714], [-142.53078557100997, 20.66844647432858], [-148.27714401421133, 20.98239265689097], [-137.12382061732, 20.22776428781489], [-47.229842176841174, 4.024761527675354], [-134.82337191463438, 19.987872582710185], [-112.93563224338538, 18.128839193196423], [-165.46786179827495, 22.430878195488944], [-203.98493835023635, 25.26370579430458], [-64.97635499576909, 4.32257077258555], [-122.00645525206403, 18.897292133154455], [-147.3209535425172, 20.953335869703388], [-171.91706328527204, 23.064617725952598], [-128.87687571201025, 19.382077763451488], [-186.16524909971957, 24.028970833316563], [-184.334559659037, 23.818877488165164], [-132.77530478766113, 19.806241624491502], [-146.06513010133824, 20.866472816572532], [-136.8047057490371, 20.136082790737426], [-123.85338219896396, 18.976301813824403], [-153.98569923488452, 21.453094568314462], [-70.89245721130254, 4.46348173008596], [-48.72193917594907, 4.060297239245107], [-141.2018376328021, 20.40343083886794], [-183.44010505788737, 23.724689456448765], [-168.66011817302547, 22.58743809916693], [-127.64208489209948, 19.361122760994274], [-169.01665192200832, 22.59424393408125], [-95.70689517792871, 5.263943339203799], [-106.04112036401206, 5.871347167437905], [-115.55532241066639, 18.492818232402655], [-53.71126868349421, 4.105718126508265], [-187.14646246399116, 24.150436669361945], [-191.4252276646178, 24.319882198957117], [-176.91831478822246, 23.219638883938302], [-133.38408536228002, 19.86262820082469], [-207.35920431678528, 25.574986212307135], [-139.8387065159069, 20.292291254782977], [-177.40385524668906, 23.557801731014635], [-195.85265858730762, 24.654411830268884], [-152.25401191173424, 21.349352841631962], [-212.63994910993307, 26.441179977876732], [-48.03071476305667, 4.034512827960029], [-221.4866852273491, 26.689994812196105], [-83.01893097306697, 4.81496077364223], [-151.14255505350758, 21.189529966833817], [-104.7034037698636, 5.82138792439366], [-121.23999811503853, 18.776554993697044], [-118.24560913067918, 18.49567206331212], [-156.49565904272808, 21.842509286092856], [-89.33215462029526, 5.059090637382452], [-155.70671437845047, 21.5586489756203], [-171.61920187510967, 22.80832121890925], [-110.98764125888334, 17.870677343914597], [-49.471986750947856, 4.061057247527007], [-128.60123799148909, 19.36460765260132], [-220.85346352699324, 26.619508131210868], [-98.70963734040009, 5.48019166508209], [-149.0783918928221, 21.118702962963216], [-110.54869245082642, 5.960352389813547], [-161.0158864244841, 22.060644102610407], [-131.94710009542496, 19.664729616922923], [-126.77007130964745, 19.33580476942797], [-184.63137812269187, 23.931503894398826], [-159.60672755047375, 22.031505940445747]]",,9.36
OSY,CCPSO_strict,18,100,,,8405.136052,1.156086,,11.0000,100.0000,"[[-170.8385003550056, 22.797054757721305], [-163.21685206208343, 22.23712461188907], [-149.02059501924887, 21.23600687919814], [-188.1497341340498, 24.13285727445786], [-52.468470660106966, 4.087327636924024], [-167.97971900234572, 22.51859811778173], [-71.07880422896558, 4.493015314493913], [-182.0121490847076, 23.600333709706305], [-228.94833658668466, 27.467314915684508], [-100.10492148115083, 5.394239551022743], [-207.73283147901105, 25.53130143884987], [-47.225023754354474, 4.033314741895678], [-189.81049794177224, 24.23178408389653], [-217.5767864491241, 26.360569406725528], [-209.21393162613012, 25.932951421302633], [-72.4504250737642, 4.732928346251864], [-197.56321182376743, 24.824790842344125], [-122.45465168834268, 18.848936304389316], [-214.93244934827322, 26.215621466971104], [-218.63744407174084, 26.409334945335043], [-88.60835302813656, 5.133715540372531], [-144.77957756336411, 20.72481009521914], [-233.7500762699104, 27.517709136125152], [-145.52519536092868, 20.834470291184896], [-191.54257314490712, 24.429938320098607], [-194.92747234750973, 24.737541085880245], [-183.33386221063128, 23.985748095112776], [-111.40172900963496, 18.021222287117524], [-119.33936390322859, 18.645729802300284], [-69.85931318344358, 4.431743340827742], [-56.84455854153365, 4.146001920002696], [-176.33192977187414, 23.302018522738145], [-62.19255227650743, 4.305829911649968], [-159.95603216954117, 21.943051138332194], [-116.67625191233414, 18.40372360000898], [-179.39744988184057, 23.49984033515553], [-59.95294215023286, 4.3015851486778125], [-87.28610375512434, 4.9877108710827756], [-111.3972132999663, 6.106793742935431], [-171.39487943987112, 22.893083270488525], [-124.572981150644, 19.058478959985845], [-223.8152495190921, 26.75224868699118], [-178.70324702955037, 23.356156416578266], [-211.4979767709369, 25.998419100102645], [-168.0107923661284, 22.604414917743057], [-104.35244498675911, 5.635984187846695], [-156.68533167053786, 21.659460661263054], [-142.87496839653795, 20.578386058240106], [-57.986322647310836, 4.1782485671083425], [-193.68871409228404, 24.573889460238476], [-213.71076103715123, 26.082109044130444], [-117.80212537659602, 18.515958041249558], [-126.1203256737813, 19.255861229707946], [-128.31358476665042, 19.567778923307753], [-74.10985000539218, 4.7582915715541985], [-195.54481545821577, 24.823484193022047], [-83.50438676458944, 4.835065266831536], [-131.02858309036156, 19.856498133472513], [-154.76999118947032, 21.613729538688506], [-46.02784344475377, 4.02934143736964], [-65.50400637748027, 4.371090324851653], [-156.8964058371775, 21.926453592011914], [-169.61388829544018, 22.676906938150026], [-130.2881434578942, 19.582674264584313], [-76.17095456803162, 4.815378424483843], [-172.66534011928192, 22.933946378646365], [-120.64172527550173, 18.82062926387888], [-54.2096373032022, 4.117156007367722], [-97.24587854092435, 5.383736521523483], [-101.80090541965318, 5.549762788116841], [-175.04701005983685, 23.14574045678545], [-200.16631834474694, 25.184894070215606], [-147.43397834020732, 20.99686851762443], [-221.1487223451246, 26.690701210288974], [-152.4165376915199, 21.328212775215267], [-64.35343381211736, 4.3105441142914955], [-113.60970133884436, 18.116918788106783], [-140.2224623357754, 20.366711869384865], [-135.1688696617909, 19.89937594341807], [-153.38448699063062, 21.59555862312113], [-147.24592348694048, 20.931753051736685], [-127.61687875435426, 19.436338038912204], [-164.57762158984846, 22.35333966539975], [-59.39211724882948, 4.196996973030349], [-96.05731278714276, 5.2791522919757465], [-115.3954057718088, 18.246669141325455], [-150.55587619565142, 21.294781605760132], [-48.595150401792644, 4.0754189180529075], [-205.47958891136062, 25.353384546671048], [-240.07941989897543, 27.88250497766968], [-113.04243564913685, 18.056399927784792], [-165.25238935748416, 22.361050341616767], [-132.966149515694, 19.87050563464017], [-138.8646914495439, 20.239626514481653], [-190.8005529767226, 24.266655940473846], [-137.42466595395777, 20.13794515722391], [-43.31941082767199, 4.004025471646727], [-219.09150535432087, 26.657775263566954], [-143.44845798550836, 20.589713623261364], [-127.56093869932432, 19.27759371931315]]",,9.18
OSY,CCPSO_strict,19,100,,,7250.349714,1.259065,,3.0000,100.0000,"[[-205.66313846663726, 25.366406423844417], [-143.81412469950007, 20.61127710142758], [-68.14129391320796, 4.417200723326257], [-118.34902708537464, 18.642913276226516], [-189.54348419513144, 24.245269366975812], [-81.19008613112243, 4.849050805173205], [-236.22203826722765, 27.66130160947459], [-158.42894659267125, 21.813450752675635], [-141.23039815358308, 20.51787339471936], [-101.65927903083309, 5.603496072723832], [-132.39196427378644, 19.74341738877117], [-139.57263182118322, 20.35868670145702], [-112.09106430532148, 6.116848244983785], [-177.28923049409866, 23.313207659185835], [-198.71398266310328, 24.92709931114317], [-174.46879313657737, 23.17194723618389], [-224.6822978891044, 26.825359867876312], [-184.12547020610128, 24.177467644301093], [-45.137723580336, 4.047528010767938], [-117.79242119199404, 18.5446956744391], [-128.04286144866484, 19.35339438743544], [-56.04139463686282, 4.155637115301571], [-163.10294305453425, 22.202529421396004], [-150.56032109215693, 21.215617234453727], [-147.6535698316836, 20.93489651288702], [-152.2592385286828, 21.302552659097156], [-159.7102640475415, 21.90518317040558], [-200.94530195980312, 25.071142283944784], [-145.3471514345421, 20.769146701567017], [-219.35931627915275, 26.495929149006123], [-200.73048730496416, 25.027212596108885], [-62.41455461007535, 4.299654504534141], [-206.89852529676466, 25.54562942056897], [-91.44015996827096, 5.2018523359034035], [-95.51530014443338, 5.2559600896006735], [-192.65728980185062, 24.422534982593586], [-50.620521890663206, 4.137114970563606], [-140.93811412267075, 20.473952464217188], [-50.17236206776028, 4.074266030402754], [-209.51517994913965, 25.68895279833921], [-121.31861188101718, 18.750367985265193], [-84.37569939687336, 4.874467799872994], [-164.68998147720785, 22.400076279829758], [-221.6472199401922, 26.80974768066256], [-104.5232548258136, 5.8984935298105565], [-220.8062497398303, 26.60186688651731], [-168.35262185240813, 22.907039284109842], [-59.714928276673675, 4.237786516320174], [-177.9124511788469, 23.49417504407535], [-216.6554076965644, 26.2386030770975], [-183.2508121456216, 23.763712697501546], [-163.46194668668392, 22.3040700624133], [-153.50130021164546, 21.69239270684025], [-43.34439203045135, 4.009908396207652], [-82.27976326604728, 4.87298912787433], [-115.50839955309041, 18.2841054314157], [-167.65012083159775, 22.84249798512258], [-99.1687948823508, 5.382332055763289], [-116.46834057106463, 18.500363052205874], [-48.21472195468852, 4.056416229379995], [-211.45510831077485, 26.009641035313507], [-166.35871506128112, 22.50659788399413], [-201.4331253382859, 25.31228968564188], [-174.45433237721093, 23.07270947668223], [-130.51146130364793, 19.55185539324999], [-71.01209599825424, 4.565811934216738], [-227.137204842678, 27.183044651516617], [-89.79699085388296, 5.094612562444236], [-119.76667044909098, 18.64293334103285], [-138.38268217648022, 20.27502053943394], [-57.208478810997335, 4.161053883643456], [-72.82487959704382, 4.6181264670862205], [-195.61723968288, 24.65688295029356], [-113.16186960536542, 18.097200246572005], [-181.9637608428291, 23.639807822008013], [-133.79683931309611, 19.875934202340865], [-136.29724680260145, 20.015068178456445], [-125.76797655652196, 19.134562480975386], [-160.47350520093065, 22.17032537662996], [-129.28664028012597, 19.510385320808275], [-75.24635080371601, 4.719071721487023], [-88.15034938591016, 5.055077104121534], [-60.937782762860905, 4.289240966236946], [-113.7594096986736, 18.132235360802], [-148.99970182703095, 21.064110189599567], [-64.66191780781682, 4.306847478691333], [-122.67509925175051, 18.937421609188156], [-183.862137962113, 23.796648614496494], [-135.1014752224088, 19.984306904077773], [-78.72492759886241, 4.848279841415609], [-172.84928408316875, 23.013954334105232], [-218.97584248706434, 26.363828145889215], [-195.83601063725447, 24.90661576218114], [-155.78043348050534, 21.719037638612697], [-192.84043441376733, 24.630606327533844], [-149.96513648243248, 21.212136398566237], [-69.62472726514208, 4.4684964301373755], [-66.08636965420109, 4.371565252266109], [-102.4437908709661, 5.827657239934938], [-123.90229173855082, 19.110601218137884]]",,10.10
OSY,CCPSO_strict,20,100,,,11610.929147,2.987304,,17.0000,100.0000,"[[-158.04736382875927, 21.900824864821335], [-49.71060671529471, 4.049933984672474], [-113.38284352171107, 18.265237390093677], [-115.71639916327192, 18.28103069733719], [-251.26112809628577, 47.999334282430986], [-117.81187805114878, 18.69772804125667], [-173.1881592898073, 23.036540797862298], [-166.42176655558083, 22.512429274773467], [-148.1366990857189, 21.02843087019454], [-76.23822943536072, 4.671745513026062], [-227.65678802596153, 33.32157128661733], [-210.46874965708227, 25.723612115601853], [-96.1292017529259, 5.721642969584742], [-92.69612717831257, 5.305750198971479], [-133.66685234694688, 19.775449772480123], [-116.90394777231313, 18.528168959282546], [-51.41470619273679, 4.103436119157145], [-132.60956596987216, 19.687219668452148], [-222.1998013531989, 26.696361628009967], [-44.4806250735504, 4.022368127959734], [-83.06441519191705, 4.970490587539254], [-162.42851343979146, 22.225173401941646], [-193.54429031062048, 24.53114926314384], [-137.02657775680484, 20.12295808886405], [-78.40383416419925, 4.774339934599431], [-139.05460649929216, 20.236888188368614], [-111.57193726965701, 18.0762027510342], [-183.0416913635773, 23.78070879892433], [-135.17935601192136, 19.95064751689197], [-180.57713631525704, 23.574685762659882], [-38.35994214490564, 4.0190349451923515], [-204.5238359153994, 25.359416428405016], [-61.71621790040183, 4.305133312930776], [-141.451305363417, 20.40976323912416], [-63.907797922425665, 4.34873642749574], [-181.66107346243024, 23.606188173943373], [-119.4872809694216, 18.71345841988663], [-183.44511076148746, 23.986014568494927], [-184.125831972764, 24.07453668234262], [-71.1593330712756, 4.573016017789883], [-215.97268365596895, 26.215221972682073], [-164.00624502250497, 22.490556110464798], [-153.22503233854417, 21.418652673259384], [-73.8105992131136, 4.594888216495168], [-169.93796241485336, 22.77680138054865], [-112.97671369542022, 18.136489625208487], [-229.49997711446807, 43.59575391056268], [-86.40297031560345, 5.039464485675053], [-124.15377782107021, 19.021593720285836], [-146.04617262414723, 20.968481110939667], [-220.1920436383687, 26.51438812310021], [-174.72672571316102, 23.16747022311874], [-135.80484357265422, 19.973552102095947], [-60.02034849963934, 4.221122093972961], [-131.34065406655446, 19.585139305619922], [-187.62819137808054, 24.08539011269241], [-53.27546578619521, 4.1312168442874295], [-46.01325405130089, 4.044852230983266], [-196.14070484420606, 24.680016403776733], [-225.18749896911783, 26.854117099670955], [-95.28251537780459, 5.485246172787624], [-201.78505012055302, 25.26544761182837], [-156.72803987028774, 21.64237412686312], [-149.21158598384991, 21.24555898435954], [-93.69706929112658, 5.358551644239359], [-227.29915584494756, 26.94581947966141], [-161.32806887163292, 21.99782087521891], [-175.88777024886087, 23.355503858654703], [-134.07023158033203, 19.86498594026018], [-163.44527240531482, 22.349830940539096], [-120.6755569744079, 18.84277928604283], [-153.91440457764787, 21.564023019010417], [-168.62392024396135, 22.590401176505225], [-126.88141713436742, 19.31940204964467], [-199.10380883126587, 24.933872799443726], [-76.65313105309798, 4.701864760766314], [-82.5129745692508, 4.809511574397473], [-109.93820982412576, 6.218681986935223], [-69.44915185390008, 4.4599933549148165], [-122.71347862172478, 18.866526640397208], [-144.01260506349092, 20.639852900184238], [-125.44990814000194, 19.15483894039928], [-101.21331919472185, 5.830633179691304], [-55.3178609786949, 4.220424270177167], [-176.25878777736514, 23.49064531857549], [-130.36137893078353, 19.501180842332115], [-116.56613903086357, 18.429474627411928], [-210.8827864430703, 25.85509117963049], [-53.738106482107185, 4.1416122681650664], [-89.99562059113399, 5.079009344819175], [-63.74600716029682, 4.308611270588553], [-211.07684387633833, 26.090617023214882], [-189.64586129552646, 24.17260815659939], [-151.08673790379584, 21.304119806928778], [-215.09497334181427, 26.208612306375592], [-140.57948731777068, 20.407900285524935], [-128.83046182748797, 19.376035240799702], [-111.38232021346087, 17.975184608864538], [-70.60403996396401, 4.532642257860368], [-218.9524336487142, 26.34489213697411]]",,9.59
OSY,CCPSO_strict,21,88,,,7201.775539,4.404814,,14.0000,100.0000,"[[-227.89084440656328, 26.990149216586236], [-159.70817034717626, 21.92916588860109], [-150.52213483754585, 21.277485818522717], [-234.5655205645609, 40.194175533146634], [-178.02564145489, 23.356643949567488], [-48.012628878274256, 4.030796266972195], [-171.93015933163443, 22.951628829136446], [-129.22527880066266, 19.455127085465993], [-141.42063788614695, 20.43773505720588], [-51.904111943142496, 4.101521777960624], [-147.87136102268423, 21.23800619104119], [-145.61753016430433, 20.837173123524483], [-213.46757366953864, 25.97754102986595], [-146.5501144154562, 20.87354008715039], [-123.74024661262084, 18.949901865050734], [-170.21641905446927, 22.73195913256093], [-142.39940238682254, 20.556173458869246], [-113.49077374785735, 18.125944807543743], [-124.42929219779617, 19.133870533877946], [-144.42294647603387, 20.725269728999915], [-131.56838317009056, 19.666614144795933], [-184.44200343087388, 23.796552837676682], [-108.262848723531, 6.003064280327681], [-141.90528116867978, 20.552769364292363], [-66.94419092377782, 4.362523627842887], [-145.2596387230169, 20.805166842323406], [-90.1972033586689, 5.1575756611209425], [-69.83373208292844, 4.438459231342781], [-129.76392669179984, 19.508753901432623], [-64.32440803757768, 4.301724128111983], [-170.6114526237547, 22.92776176051623], [-120.24112762290079, 18.87597847926789], [-186.29705836561396, 23.962860630651452], [-157.03978620219937, 21.674305191990502], [-111.84579416463039, 18.1067640394109], [-208.1951666036685, 25.569114147654847], [-101.86690173838288, 5.572460323521723], [-58.90061582016854, 4.256736905656174], [-47.536630436070055, 4.023732651657051], [-125.98605742178565, 19.290287404204015], [-57.244202239514756, 4.2230427364439596], [-86.53437153146842, 5.1174828550560285], [-92.92188054677659, 5.1792031690372315], [-129.19111725526216, 19.4380707034477], [-83.13472448859667, 4.812045354261324], [-49.24609270138634, 4.049736400545965], [-133.86653451647902, 19.81490431014131], [-174.59944270391793, 23.15105280321012], [-78.84831292414648, 4.807482108266349], [-71.99741202296354, 4.577052582755428], [-152.13856215424116, 21.323914552861773], [-70.1079618830254, 4.5341354704889545], [-143.42014359977279, 20.610796905187357], [-121.98417579388665, 18.893429376605706], [-202.97674334802872, 25.192759928018543], [-248.37280519772114, 62.25660851860288], [-179.15894833007067, 23.438249084309263], [-109.03204546973178, 6.217402773267343], [-165.9088918317789, 22.37903553372673], [-154.24340490580852, 21.433675565696014], [-175.2627084997816, 23.160856774874112], [-126.30671932620727, 19.308678862956093], [-215.19820227645658, 26.36283595335012], [-74.08710307974508, 4.59913439432137], [-137.9473061238914, 20.203158043255073], [-96.5720342829817, 5.433575195058433], [-93.91524338853573, 5.205310318693439], [-54.70341316734793, 4.116627606750507], [-114.95627040026541, 18.361929007535473], [-48.21052416161068, 4.042444485699948], [-192.0066391198386, 24.487249928159056], [-74.58676830593787, 4.673308000096497], [-113.66263712528239, 18.132562741438832], [-131.33393914433367, 19.601911486440475], [-131.97888456745466, 19.814653051681315], [-56.49215063932184, 4.159548614529192], [-45.636190532212126, 4.0198599656360265], [-195.80592263978994, 24.739472332714417], [-109.19731168427606, 17.939631291202396], [-162.78746039605338, 22.123908762979912], [-173.2033785682062, 23.07649569724795], [-218.4361367370974, 26.687881482744693], [-170.1466710122758, 22.688806033300676], [-165.7513792834733, 22.374667972203685], [-135.9750701236515, 20.03102941483953], [-110.38437826533159, 17.947647904905637], [-44.77193103650334, 4.008233570602374], [-119.05013928545281, 18.562909667142822]]",,8.73
OSY,CCPSO_strict,22,79,,,18697.820782,5.212788,,9.0000,100.0000,"[[-109.22418903453132, 10.15127446629539], [-64.3014234804003, 4.364250022421908], [-53.240670873614626, 4.117602432427776], [-128.70018318031404, 19.409361502001197], [-75.50181338568183, 4.6715911900538245], [-50.696103045547574, 4.079012416801929], [-113.04522127221192, 18.278503470289863], [-100.94909616400984, 5.531880385779517], [-151.0574731924972, 21.377728490072304], [-236.6987179998708, 53.31122638279474], [-143.1998933736644, 20.615917979104555], [-144.5822110480482, 20.973762498817887], [-123.6380205963718, 18.99847658238305], [-215.77227797012202, 26.84118077446185], [-101.42532980989405, 5.646315508321948], [-176.3479500578378, 23.163919281563796], [-176.70028046012754, 23.2377131072947], [-135.0264657789794, 20.15818676208598], [-78.41961109853878, 4.809036547574548], [-74.93276608677701, 4.579409906054181], [-250.7293463418694, 83.32680975959697], [-180.3847156386039, 23.57953538570405], [-77.57457792223767, 4.7332606422605865], [-63.72035467697121, 4.3189998516993775], [-71.77687346825076, 4.515179306689396], [-150.58164529204277, 21.157324178504386], [-152.65646431777162, 21.4350264244589], [-123.63053581826371, 18.96163983484251], [-83.09833431003149, 4.954272889594543], [-53.86588909430252, 4.185990705784927], [-108.99129746459246, 5.80536918891301], [-131.7350110196459, 19.788390242243214], [-67.7599294217436, 4.421747836331954], [-112.04354083772705, 17.95410968750324], [-199.14453563270487, 25.523199243713186], [-104.01143107592047, 5.691533667103289], [-230.7325354025099, 49.079976543752075], [-112.69804636645105, 18.079348749602897], [-87.70895774004241, 4.9632305259419685], [-47.95722951311174, 4.036241649445541], [-99.81025630338031, 5.388895834801318], [-75.23124223160099, 4.656520339728398], [-60.03983573504669, 4.211820298352231], [-134.90161410837374, 20.118692435634138], [-198.3452550590322, 24.900763524246756], [-92.55415151961688, 5.281115726609313], [-130.66461519117308, 19.59259113906878], [-215.39984301336384, 26.251278714151447], [-49.541558664704034, 4.0609517707357226], [-208.96751223165722, 25.62579656529774], [-60.842774291160964, 4.296289230326639], [-195.89666112514232, 24.84564630297698], [-45.2909214701574, 4.010120319560889], [-148.81126230912622, 21.06800024809082], [-139.02399657881247, 20.266669873550388], [-224.49964709417947, 26.87100553837951], [-144.1355839860531, 20.634392705752266], [-48.28859154494529, 4.049182078614725], [-118.09560283815048, 18.480744876575788], [-159.84409884976654, 21.919068573819192], [-46.36230178518643, 4.016322392265943], [-191.55862048553848, 24.761219956219552], [-170.33451805815176, 22.761932521120297], [-133.17442326820498, 19.82363695153944], [-145.22929653814327, 21.006911813570735], [-163.4768894924447, 22.408504899553574], [-162.7396125912033, 22.332086830069965], [-132.99366396144825, 19.79225685200299], [-142.30552325129398, 20.497138846470786], [-142.75197027131514, 20.56237503361231], [-58.58872215249954, 4.197839455544147], [-171.4934432408718, 22.80872167983583], [-125.62290627744979, 19.13953227968691], [-182.13149953851612, 23.63522804800737], [-214.92480824774367, 26.08952023949552], [-129.53941751634915, 19.46147160034894], [-124.35483219985962, 19.05609314636984], [-155.31746646763867, 21.55937777576538], [-185.69600053492522, 24.004445711206987]]",,8.61
OSY,CCPSO_strict,23,100,,,17006.251606,0.637463,,17.0000,100.0000,"[[-89.33735047796146, 5.048718046761069], [-160.04558173770863, 21.91169656028577], [-92.70227297781726, 5.549882722805451], [-237.67267531956065, 27.760449915298697], [-195.27641345101543, 24.758612266173895], [-91.86469950945722, 5.487831377310938], [-112.12713088450138, 18.061210325836246], [-117.02537386112992, 18.42571843901127], [-79.14279152274652, 4.713101066075454], [-62.64193499415422, 4.2855515189994495], [-113.09604780853408, 18.147295917299527], [-167.16365406220496, 22.451418318307425], [-222.26904560369954, 26.688448901353407], [-193.27890079612428, 24.46216497910563], [-205.36381668378309, 25.643020193392484], [-141.04156356925722, 20.440766491708477], [-161.97690405860348, 22.104334567045004], [-131.34272074698453, 19.609588255122635], [-132.1121346661377, 19.832596272190006], [-64.22109139572188, 4.320367763790389], [-195.98438167208937, 24.92565895710476], [-122.80778406283218, 18.993657604726693], [-49.00789012405029, 4.08086666654562], [-70.58879410417711, 4.452905135917008], [-186.64317514568268, 23.957061797240023], [-58.07602751070283, 4.262978253087924], [-119.9655431840602, 18.664637685207722], [-90.15014534841984, 5.334965484566879], [-126.91926669750772, 19.308535684417162], [-154.68956538544762, 21.471904427200876], [-90.5795416802371, 5.446626403266129], [-151.13074449564152, 21.21014797106376], [-168.95844294371213, 22.598291586010227], [-109.78483296388245, 17.783564703242632], [-155.73065031834577, 21.584144532826183], [-189.1751510096982, 24.13035449052428], [-105.36554150322445, 5.794021587096227], [-133.8776256907342, 19.898984076386043], [-109.26802058848999, 6.193416340386557], [-231.65364936600653, 27.312749453173424], [-120.67344647454827, 18.78019357575151], [-59.407120064164204, 4.278478296046278], [-118.62970393236957, 18.56044436735831], [-238.6409307831944, 27.77713742131504], [-44.16844972007395, 4.015974388171052], [-215.16318012083593, 26.354016615004575], [-103.31917128524992, 5.739059643845321], [-80.06494846834921, 4.801798185858351], [-175.13432844982296, 23.13542228624408], [-207.51249698690518, 25.685357841263507], [-180.43175222256255, 23.661957877346715], [-153.47417031071237, 21.454730841239716], [-142.6863385720704, 20.57531641700421], [-165.73732475624138, 22.357566918899046], [-139.84388796588354, 20.292652589378566], [-130.19906345474328, 19.493990982356866], [-46.98417801002887, 4.026210935569127], [-229.35280904207855, 27.094230365906082], [-102.36988844585917, 5.65648408793352], [-40.55178561166271, 4.0022934971107444], [-56.846502738312246, 4.230096146625343], [-235.02019912542266, 27.597809656550513], [-72.89106989257584, 4.634585190831514], [-179.18973337693228, 23.525434148186747], [-114.7109145165231, 18.214116709938466], [-136.29759759817978, 20.010404706061554], [-65.84083737478807, 4.393884247833138], [-221.2113407092208, 26.58568908614948], [-146.98099874735166, 20.95522572631336], [-152.12023854139485, 21.337750658188487], [-232.5164938326853, 27.401790376448947], [-212.62097221466647, 25.88128851018275], [-115.79837337353722, 18.363879358846397], [-225.81462442222207, 27.066367855510325], [-138.94733247104824, 20.26605774676599], [-204.12826428899422, 25.5480558271234], [-200.8914737875995, 25.292308080678065], [-107.10888958187773, 5.794603931065192], [-184.5249292089526, 23.809416758457864], [-150.06675374888567, 21.114207868911063], [-122.52230009097799, 18.873739669211083], [-164.06809780300972, 22.33186981294713], [-128.60898824657522, 19.441451837553895], [-167.71215669694888, 22.584892060149283], [-148.316917103373, 20.979242918181356], [-146.3213799556158, 20.854454019979755], [-54.626607707609516, 4.113673449612681], [-181.26077220819803, 23.757708947775335], [-110.98666402643083, 17.958567993877093], [-212.51569029651608, 25.869097561397336], [-177.74341740395207, 23.281263604677793], [-171.81304114498255, 22.961420767749207], [-125.64965709138775, 19.13402339704584], [-138.0518021764073, 20.1606804653732], [-157.09647471700941, 21.669821044987778], [-201.88263244341547, 25.383038182754486], [-225.324997893596, 26.946125741035406], [-42.725135981182035, 4.009422384697019], [-178.54953667182127, 23.45723049659084], [-144.21507342928396, 20.789476804857603]]",,9.56
OSY,CCPSO_strict,24,74,,,8997.337716,3.861220,,7.0000,100.0000,"[[-194.987199870589, 24.67580513176641], [-66.9683743924506, 4.420612365965603], [-238.80360096141635, 65.29567981456539], [-115.9586389076726, 18.616716624571986], [-163.48958111492087, 22.640563581696252], [-141.7719268243505, 20.746226285353742], [-122.86885894534659, 18.95535275665489], [-121.82668939132483, 18.83150899307767], [-47.89404597105341, 4.033000320723632], [-255.56725346220352, 72.15085619861438], [-116.4202958518544, 18.679548479013324], [-148.95236725930346, 21.077724858001687], [-79.06766169833809, 4.769506630981269], [-169.72716448245615, 22.727543390925582], [-143.41130989823512, 20.758263003458037], [-107.27592032070758, 17.585403071855055], [-178.69988942091834, 23.351100389416004], [-136.82885791450215, 20.05669920939088], [-118.8341096681689, 18.735992119151632], [-80.09231552260725, 4.950814948570617], [-163.45640009220367, 22.63930068053233], [-180.1294695497695, 23.745976312703583], [-126.94420292590023, 19.50589658368998], [-208.70724981066726, 25.777679079091413], [-78.84250199237688, 4.738729326616156], [-154.99115604595613, 21.58549215005064], [-179.2058113803908, 23.689099374981378], [-132.43026172492162, 19.736264443818754], [-63.67232329035574, 4.290765744151157], [-125.87878078534794, 19.235690401659074], [-58.697207489137256, 4.183328417493172], [-73.79511292731527, 4.590085840929262], [-114.70162587660272, 18.33069049316772], [-158.95802907755416, 22.006754964849023], [-110.40132310399542, 17.825218139329625], [-103.08692419140604, 17.231209701344767], [-104.9890098077872, 17.491936281981914], [-158.1383845358287, 21.9126409211124], [-104.31603641889414, 17.34190256815083], [-104.84666443575524, 17.34666047895641], [-105.40564412837423, 17.54347918943271], [-108.04760356741538, 17.614734142977873], [-192.14004050567814, 24.46252815910373], [-102.9403444078826, 5.917670770911064], [-160.74387506659914, 22.084727670603954], [-112.13556577911422, 17.972003075923215], [-213.16019256616568, 26.069197243744107], [-86.55865507984149, 5.042107972262814], [-60.366282443064726, 4.245118740367456], [-115.37869998896139, 18.336263585150906], [-210.90947992344908, 25.83181090590759], [-141.48775737319156, 20.737683938998618], [-156.53872628315617, 21.872321047634927], [-190.8026775661491, 24.266356338452752], [-52.928833691466195, 4.121269236408924], [-97.64981429941562, 5.708081126791287], [-153.79073015457362, 21.402639593044835], [-64.98738329635862, 4.316754579462922], [-126.62472224860913, 19.239537929640893], [-42.94011716287619, 4.004667197772077], [-192.26257545283232, 24.66968653910072], [-74.5574323722493, 4.60657798944567], [-131.66518100593396, 19.71150911283819], [-138.244287983958, 20.160346809116344], [-128.54191208233058, 19.623801416828837], [-187.20009431593965, 23.98794085214001], [-171.2874383282163, 22.988386687804866], [-127.33426784648809, 19.579650927817656], [-214.3244522955327, 26.257711099438172], [-140.24866296771802, 20.592027314525442], [-162.36784508669967, 22.58978480881378], [-197.05588000579087, 24.920346372116686], [-42.5450771579144, 4.004093109575377], [-185.26636677802097, 23.971228578100536]]",,8.36
OSY,CCPSO_strict,25,100,,,13581.684140,1.244698,,7.0000,100.0000,"[[-166.23492906049995, 22.60871903232582], [-125.23541425164565, 19.080106387375764], [-204.16090646583754, 25.33329170300104], [-148.4763833187718, 21.021380190084564], [-125.98468313506436, 19.341000420250925], [-116.84871120090632, 18.46011814393733], [-159.58341846486468, 21.88419751588969], [-45.38807093326869, 4.0160918135700285], [-186.07335378817086, 24.034167116756425], [-229.49038132044242, 27.205249697641342], [-125.74763673962833, 19.231750499155225], [-116.37057636283824, 18.344685051065895], [-127.9438637893627, 19.403042011116924], [-191.0799343122786, 24.319373228535856], [-205.11737460089117, 25.532957165940214], [-170.34236648954484, 23.06930577646322], [-68.26789433163182, 4.4841234287621115], [-138.43720279011012, 20.17463686565325], [-150.48524068145076, 21.211624698709315], [-230.9617552051828, 27.22032210229591], [-151.985289853161, 21.278812483696615], [-149.85584253822012, 21.120598373770616], [-193.6267807595487, 24.65022387942075], [-153.2512668056509, 21.38623990992453], [-179.8229812318762, 23.51080200388269], [-87.4267493442092, 5.23085705501085], [-128.61299890664247, 19.546266180109782], [-46.99199842209789, 4.0272267023489245], [-129.90019917472986, 19.574238773996573], [-141.9172248152933, 20.54240507605258], [-51.15303343473348, 4.067724772448029], [-58.61538018983689, 4.22977846282736], [-182.40256995750607, 23.623110136509965], [-79.86415613386623, 4.714352181221821], [-53.058640881943575, 4.096435244572154], [-236.69784678433425, 27.641491367472028], [-145.79937882268254, 20.85534244674417], [-175.4041951826529, 23.088195405337387], [-41.669214301454296, 4.000265165820682], [-143.98329216245486, 20.65680189728674], [-193.60898529083153, 24.588726278192375], [-155.18108047712133, 21.51010713611812], [-99.48524080424116, 5.400553497193206], [-120.15431323598295, 18.716787687192692], [-191.90521517285904, 24.362280112844413], [-44.042431354748, 4.007613805571465], [-147.24718498250908, 20.935010899563185], [-115.12320835546691, 18.223358774554555], [-164.29216484975083, 22.459329947215732], [-203.53997289516622, 25.209055120099837], [-223.96970918793787, 26.736853346647006], [-131.10966431851904, 19.654297112508246], [-118.60941920133067, 18.68474736617047], [-114.17610296491486, 18.149151632937137], [-55.84654777610019, 4.19028737021751], [-161.23220136798068, 22.036303810835637], [-234.82461225116623, 27.495628098405923], [-65.64657645851608, 4.418811508323798], [-211.45991076521042, 25.873578106726214], [-59.67582047806397, 4.231278849275263], [-137.912914169256, 20.123960033339575], [-140.03505807957242, 20.312000661566348], [-216.62491185015168, 26.1929435463273], [-156.295360502223, 21.711773156942975], [-111.88292789294027, 6.106272064738684], [-229.13639560393625, 27.07652157192844], [-214.69450627937766, 26.094563398946445], [-184.12305668667173, 23.8485526034525], [-141.03246491756067, 20.51141648466373], [-123.60663260267759, 18.971586882357677], [-100.02360731637076, 5.484246802469604], [-162.50155645457886, 22.171648152053617], [-108.62422117446393, 5.747942769079886], [-54.18570020262811, 4.157352982179395], [-159.1243582494414, 21.851519148657903], [-188.18369431804342, 24.25795921495648], [-208.33372167279896, 25.64008289023582], [-105.66370685966075, 5.735512727565707], [-135.56860802577148, 19.96314543935233], [-163.75993358113104, 22.433725966541495], [-122.52705128102332, 18.86177363295894], [-100.98919267970294, 5.577727423737104], [-102.42100340112998, 5.729316948017731], [-132.7638587593837, 19.713213027175517], [-186.0094367868964, 23.937812474584938], [-132.96338544023286, 19.944443988864357], [-121.94361334879505, 18.83230205436434], [-163.3207957956245, 22.261859578892217], [-66.6373673182695, 4.453845006868527], [-153.74669129277535, 21.413815926033223], [-126.83459080288307, 19.37010069092957], [-86.2619531338138, 4.953741954073752], [-118.19650827976454, 18.605328967695023], [-74.14300931817067, 4.567760848115631], [-63.73256632521876, 4.285397338640451], [-92.35399025543616, 5.3599520824763225], [-197.50831201614528, 24.89938052816818], [-112.41739177093875, 18.09287641952553], [-161.9972210356855, 22.090301610754594], [-212.4558800114012, 25.91955125601933]]",,10.18
OSY,CCPSO_strict,26,100,,,10600.337616,1.058823,,12.0000,100.0000,"[[-56.364309911275626, 4.167730984067938], [-130.4646220219509, 19.667893984309146], [-146.30343921189714, 20.997657156469025], [-173.37861480021726, 23.204702577986456], [-109.55011774556706, 17.82433288982533], [-48.88978259934488, 4.037575756782698], [-226.3449484064248, 27.100199812831416], [-61.153430820079926, 4.26669511086925], [-141.764460626015, 20.533227059657822], [-117.85846684768794, 18.634724548604822], [-192.37922457414044, 24.400532379353674], [-179.1814416038829, 23.569750139754348], [-144.82515733036055, 20.748774160030514], [-63.95909685406928, 4.2942337615264385], [-59.33405917572417, 4.253972672086627], [-170.6356836752833, 22.75080061073092], [-54.33821436906578, 4.109413538293302], [-215.8312276660793, 26.184570185744143], [-166.272374460129, 22.384888149803793], [-128.52597201198563, 19.406032342838156], [-177.04527420923824, 23.331346577814724], [-136.14968488936498, 20.183430239777785], [-206.27047176095843, 25.4619222336956], [-174.7861314695098, 23.330665948445926], [-116.98387744162531, 18.48747388676863], [-217.51770141998742, 26.38784264807421], [-223.42884686981608, 26.922595617303905], [-154.93751072160222, 21.59982171945165], [-151.13812276711602, 21.19333468561856], [-141.1641260897743, 20.389138885824433], [-194.02504426928488, 24.6316215899472], [-127.22208483824592, 19.33354557806175], [-210.84187840297372, 25.903000407073307], [-132.07100242397289, 19.754767881201754], [-133.2800430704489, 19.83035690463695], [-168.51844848655452, 22.67510785314612], [-66.60663250146825, 4.36525998087399], [-135.52286768495037, 19.943366957703997], [-208.21917736587827, 25.591384955733798], [-70.91431876415552, 4.518969340886006], [-112.46233680982478, 18.094332730126688], [-92.89444989915887, 5.277479615772059], [-108.83902643408656, 17.711173145436767], [-146.88051527871733, 21.0605753893216], [-125.087221095479, 19.17260256650536], [-113.22496909155157, 18.137748326730748], [-126.95069756508181, 19.230847769314252], [-209.5297327349038, 25.874154733834363], [-154.7943400828682, 21.52106768305252], [-172.19924102996308, 22.84385919170345], [-123.6311596354592, 19.039246378087718], [-161.92360155927213, 22.09408140381481], [-107.6171233877926, 17.627963667950887], [-199.41416846482343, 24.957165465806366], [-184.03987688576908, 23.76429949606973], [-229.5866332039394, 27.346786925982933], [-90.7356848465766, 5.207645556670746], [-137.73072278991282, 20.192646532019243], [-178.70734708140841, 23.414934445283603], [-157.27061341105264, 21.71055055756235], [-196.48540897997205, 24.736430259922212], [-116.54354953942823, 18.359635120125194], [-162.13684791702232, 22.2333829468334], [-159.15906365992444, 21.83220489453222], [-121.92430781708138, 18.839935330997175], [-45.5324460271341, 4.033607913022466], [-123.28118174691664, 18.93137418915726], [-75.65823696518659, 4.660748783097487], [-234.39622409188007, 27.50530890770166], [-70.1326116506408, 4.471037136097035], [-184.8870831566524, 23.872159620403565], [-68.45153290316249, 4.40947061847682], [-106.81738100825417, 5.662440830876328], [-203.20876146365526, 25.36593449208758], [-164.99431203062468, 22.32012009989552], [-114.74970538639646, 18.307039015440505], [-120.06805310836218, 18.767226970594425], [-49.684207158295926, 4.079725473089912], [-119.86474168855055, 18.708742264722325], [-97.44808869789227, 5.295157693113342], [-148.88545269087427, 21.115843093512453], [-186.4824788781069, 24.14649841015819], [-192.65392527012003, 24.54480241725029], [-143.8821948133904, 20.606686183521404], [-44.84483404954446, 4.00731627039843], [-80.28368313360252, 4.834520400180603], [-129.29749980820174, 19.489972394533694], [-99.47057207873576, 5.414608455960516], [-232.79932962677108, 27.486352844954087], [-204.08753302863826, 25.45556859028829], [-224.04646876314135, 27.02411075577146], [-151.19033508081654, 21.255163903810946], [-188.15819957827563, 24.337577535903964], [-194.7527625015212, 24.664309606912905], [-160.15320667890128, 21.960379532874217], [-145.63281321713518, 20.879530953167723], [-110.86749662698557, 17.95795576906904], [-114.1027949262626, 18.265097473871645], [-172.85735665211024, 23.057877748614043], [-221.30645506052272, 26.653423985604693]]",,10.06
OSY,CCPSO_strict,27,98,,,15603.477838,3.452353,,10.0000,100.0000,"[[-132.6404482130949, 19.78470253748721], [-170.7787271109878, 22.897516940961097], [-153.86555795900728, 21.47853744530518], [-188.0845694450752, 24.09071070778625], [-247.5329836043523, 151.3116849571858], [-105.8995790306513, 17.479383385758773], [-52.859932672387345, 4.167228169900357], [-60.30212998901472, 4.23210359257447], [-155.0077878641039, 21.525317343322513], [-123.01347135289826, 18.932879586319967], [-101.16155773057802, 5.484118339434355], [-122.11183226681236, 18.842595362458], [-52.44322769037798, 4.1028111912434655], [-206.14512548838056, 25.54211764490553], [-44.16055023332356, 4.051353691158125], [-211.13674279824318, 25.812309634681203], [-158.80480944370717, 21.942686605712122], [-151.81793843880348, 21.26420044373253], [-177.6892591210917, 23.378162595453123], [-148.3226944953646, 21.002550644866133], [-232.13627571755606, 27.38719303519071], [-227.94508279063237, 27.053459469763695], [-247.8199297405943, 162.70106609352317], [-101.34815618750484, 17.12122212131035], [-194.01368577184556, 24.691445719499992], [-54.244388937222645, 4.194763275171526], [-144.21822462358884, 20.716549800742428], [-127.80209191798374, 19.31535199344029], [-159.6221308211503, 21.963879106631303], [-101.7515377373556, 17.284052353008878], [-180.0785205642669, 23.508903018905716], [-118.51903382700252, 18.54525474829284], [-168.69621200948166, 22.60155690759264], [-120.97282995664601, 18.768222753969805], [-107.34981618293911, 17.569138425999242], [-191.38320297653505, 24.616197230924147], [-133.46371413917097, 19.8365098297472], [-109.14528457077859, 17.715128804436276], [-176.53039694558873, 23.240365861597045], [-67.06764412801579, 4.702710501485942], [-134.88609194974669, 19.897403442802965], [-140.30073802922198, 20.3647458934532], [-201.20184897622607, 25.100720340388204], [-157.88445601454063, 21.73686776854945], [-195.51040328699725, 24.818854324034813], [-182.1938053604655, 23.702430536539737], [-240.03562922814044, 70.89777082493676], [-218.5563670336344, 26.40653639145953], [-120.48176963612309, 18.695364954816313], [-142.41012399682054, 20.57610271804185], [-167.1465011989949, 22.494899352140838], [-185.44769005462612, 24.042625445440375], [-113.01230281311551, 18.1070842712626], [-65.12419519139769, 4.356948913065672], [-230.05968848505955, 27.25893767878782], [-117.26214657764031, 18.502476348299645], [-66.7673263696328, 4.4780904562565915], [-184.42811643106373, 23.911216569184802], [-104.22889064035982, 17.31973125714589], [-160.9197636895949, 22.02019387634921], [-125.07083440788026, 19.214840073191212], [-118.69315704787907, 18.69364260107791], [-43.457133866193885, 4.006669807898425], [-104.52126726784012, 17.440311063205726], [-88.48529887649079, 5.082303645467545], [-216.89469684153536, 26.23247451399706], [-205.88828260020836, 25.486187145049975], [-229.57874119100086, 27.203891287389332], [-131.2643136403117, 19.642327874123577], [-202.9376273254508, 25.20953826689071], [-137.05092787592065, 20.120997748498617], [-222.08122548409384, 26.73492451909579], [-188.45369011770995, 24.298549092659282], [-111.00715498523063, 17.881790356796653], [-146.61010034918516, 20.972827941090898], [-114.96155346450453, 18.347414256763138], [-143.94017341181, 20.621108875424454], [-116.22562002642331, 18.374052356843944], [-128.8354857889084, 19.438896712712655], [-145.4318311002509, 20.79521647478667], [-50.309874269255204, 4.069028041579559], [-198.7296415521677, 24.982156037682415], [-113.64924853128235, 18.178285930203646], [-110.50015218954935, 17.870389090752695], [-234.00643716252705, 53.087118530611], [-48.82377996984375, 4.053452100517383], [-81.69614092836983, 5.050549333770903], [-111.91419564399452, 18.084044023705236], [-138.38875432192265, 20.326808012108874], [-108.63966393640584, 17.695673294142207], [-240.27185109737948, 83.28122923107708], [-129.6580346839379, 19.561254530875157], [-135.22372668068235, 19.918813726706865], [-124.97865844716607, 19.121841723627718], [-173.42962468990237, 23.02818151291023], [-76.17828182980244, 4.752205220797883], [-149.74948171703252, 21.23189070781383], [-165.6213343639222, 22.350433902898217]]",,9.38
OSY,CCPSO_strict,28,100,,,17026.481665,3.398007,,10.0000,100.0000,"[[-96.05011074621792, 5.875160370377756], [-112.31347353621376, 6.018820029567329], [-227.46443840336863, 49.40789075110435], [-114.87427707363274, 18.362687138508992], [-45.000496364134555, 4.010198625128643], [-211.70598697784123, 26.0704501734899], [-122.70161001228759, 19.082854837456757], [-88.11936100910604, 5.1970111820317655], [-132.18323383569032, 19.668663265538513], [-151.39242513741766, 21.26967792949004], [-243.64439621399987, 62.59280315334942], [-248.60952568796557, 81.41508237571165], [-137.4687499106272, 20.229034057307363], [-201.38915448336405, 25.057544025788363], [-134.73221939748407, 20.018121104853844], [-162.7872229967316, 22.219046140998813], [-188.7052509107274, 24.293554079542524], [-133.4184909481133, 19.97218596242636], [-120.33307754909684, 18.842078722509516], [-152.57064277950596, 21.342424506708074], [-216.20221221073723, 26.38160593036105], [-67.99040043873447, 4.400196636728899], [-52.83361758805311, 4.10363957317251], [-93.30927999954605, 5.345164163133999], [-121.87750810611821, 19.051343770378562], [-94.7526401711645, 5.390482274163288], [-147.20328383101395, 20.90898690219491], [-196.40343874891195, 24.97355363858279], [-152.27512050356302, 21.30630437242314], [-55.45530963235646, 4.172461756680107], [-192.369924823043, 24.394310703563864], [-49.60210887661916, 4.055529568189718], [-117.48647685734839, 18.5319537685345], [-204.16531820177556, 25.656745531255016], [-49.96771971199079, 4.09086878391561], [-69.54827816021928, 4.541927072370205], [-162.19788734839383, 22.067781933617216], [-80.3060536074809, 4.931521426226196], [-79.30424965987322, 4.773173335896654], [-47.24656844106654, 4.034581267394262], [-143.48281418463125, 20.585582024377047], [-172.16953370174167, 22.967531743538526], [-124.23978380365214, 19.17713987100081], [-180.09553701078048, 23.459043216113162], [-119.58313584932961, 18.737685318272128], [-164.69582780638302, 22.260308966161652], [-182.3415707625175, 23.642527758721457], [-176.84613700220748, 23.35765767302578], [-196.07442018813637, 24.663618544461976], [-115.81387469645088, 18.419801454516342], [-69.50835917135649, 4.517126934425446], [-53.554276744298036, 4.129083073863164], [-69.37381429974707, 4.47534918313246], [-41.81268575375367, 4.006648857361797], [-129.6110536567946, 19.471642848817233], [-59.2742190623253, 4.191929796626596], [-46.655070179050114, 4.019978233121515], [-185.83112176881443, 23.90828383466607], [-165.3066168044736, 22.34789596546395], [-53.15513506613884, 4.1226912051923446], [-154.17752081053516, 21.598205429800764], [-153.43980862165185, 21.39686140155801], [-75.03381602237373, 4.748112492546303], [-149.08076787788193, 21.105553997355884], [-144.44398710891076, 20.697192353721473], [-127.95001365566368, 19.361983179454054], [-211.81653568187406, 26.18686838783226], [-105.41778936887331, 5.895574595865694], [-216.78973170299494, 26.42692671941827], [-173.95222743170496, 23.090062325548764], [-201.79742249394656, 25.64897945416378], [-141.83321314497385, 20.536337901742932], [-113.8826520868622, 18.267598088509743], [-206.05055639504218, 25.677908478194038], [-128.23275085352336, 19.402755177174463], [-69.76493969964243, 4.581032817205423], [-121.01679713685249, 19.0071968932201], [-127.97777339694706, 19.39194929726964], [-137.18460166463854, 20.21225552172094], [-222.7703526997802, 26.791215008847885], [-160.0925896748741, 21.903306081107946], [-170.84041448400487, 22.924250324130696], [-141.2628147999599, 20.469616566828158], [-136.08917750206462, 20.041446178308515], [-211.21072314344127, 25.835071197076584], [-169.9031551914218, 22.722313066636772], [-133.06360928359078, 19.725839450064843], [-71.90295343446556, 4.597101178625537], [-60.18406156813616, 4.230860915611352], [-187.55911799417177, 24.095297389663738], [-143.8811948762101, 20.612162965729652], [-130.04906247732598, 19.577106830913873], [-147.2488964205899, 21.07229148263252], [-246.46071851614104, 71.36791479686036], [-86.07791906073811, 5.167650555819783], [-59.30299937813357, 4.229407868511402], [-159.13569784599048, 21.84263678636127], [-138.94135408714817, 20.29645778475405], [-63.64085027719896, 4.2875062738553], [-124.10785084514926, 19.13092202042945]]",,8.63
OSY,CCPSO_strict,29,100,,,23821.802612,1.188645,,13.0000,100.0000,"[[-222.14540792466337, 26.606219050277538], [-163.80607879046173, 22.25409303684375], [-136.48600657546612, 20.027974375905888], [-42.902518478957404, 4.0087987550265805], [-130.2194991300488, 19.57909792575118], [-175.3858853706139, 23.107088132614948], [-152.92667156527546, 21.3994855550788], [-241.15014239878013, 28.290808525889833], [-224.93505612505152, 26.876914691767727], [-154.9127351005894, 21.525625631447642], [-159.9769080020628, 21.91413627435712], [-48.338787412962034, 4.043747825779773], [-203.27913835605375, 25.49363177709993], [-41.15283403850868, 4.005136876686507], [-162.5551795310823, 22.12143884870657], [-74.73141261163173, 4.814192871465769], [-71.94236057779088, 4.522876030911295], [-127.18659591347732, 19.25583615510015], [-83.57019406351039, 4.859310538986999], [-177.16591195554065, 23.44480503047333], [-63.269233616271386, 4.304370980313623], [-85.44981309474699, 4.923388429137725], [-138.0018768938201, 20.351426213717488], [-198.11121990260833, 24.85620349244985], [-215.39203927357838, 26.252672782082257], [-229.76874752421068, 27.14643468995095], [-108.59700123384218, 5.84871327880163], [-59.68491454384119, 4.2566944045519595], [-201.7279362715632, 25.203342903310375], [-53.790660411048414, 4.126073994134187], [-197.14507092469375, 24.83750987002368], [-123.22165508430075, 18.96218203370085], [-143.1421815001027, 20.56931662398612], [-218.65920390593885, 26.370379157593593], [-148.54399587262753, 21.032499820855026], [-172.88307362278405, 23.10574892901219], [-163.8282420161199, 22.352314101471684], [-111.81943960734128, 17.9728813516227], [-139.4673339482216, 20.464637985862584], [-125.05649047773082, 19.163939601533002], [-106.98533888908423, 5.8426043167157165], [-206.05982955828537, 25.744458178552286], [-184.05306017256783, 23.823591207415227], [-79.28472318685822, 4.830478669011287], [-185.73636366878037, 24.120816964996717], [-132.78859593467678, 19.703111637076102], [-143.2856039807085, 20.7002004621637], [-179.38672818827368, 23.447062126093023], [-210.25879289663925, 25.81085954071849], [-192.40980752911892, 24.5624527710386], [-66.51274120163788, 4.39397339720038], [-90.7411966325302, 5.080831998945286], [-169.5837316653755, 22.905455228426366], [-167.755538438981, 22.6756736234765], [-64.8691645356001, 4.342739636447946], [-44.79716749914409, 4.018266776701252], [-113.30531257008077, 18.139323807989364], [-192.26292155496085, 24.39278666952772], [-91.31347080882658, 5.344890961255124], [-145.17914475435902, 20.935428593439443], [-121.78138595020089, 18.800566569000605], [-195.00840127330122, 24.596967062999404], [-181.35289091937614, 23.62028135458736], [-161.4813380205955, 22.03080851447733], [-49.82223874789025, 4.101485278603807], [-61.47902974897251, 4.289374839425336], [-91.95909102514015, 5.3928445722697225], [-199.81204481920534, 25.086897041913314], [-116.18524926513713, 18.334842893057115], [-114.76784511627213, 18.25851824460954], [-117.46562008942838, 18.534184438790717], [-55.10470753757731, 4.171375983022858], [-166.28888393098265, 22.472793523446], [-231.97860114017078, 27.3030253756555], [-127.60984784276332, 19.32214583368734], [-146.66137178882872, 20.953092522583415], [-158.54747434212203, 21.822514910347355], [-58.18084139429409, 4.215559744170283], [-228.34912525193354, 27.0209118562516], [-105.77401725382362, 5.649008928790595], [-73.42607615393452, 4.636627625541216], [-103.34336108848693, 5.550984876015068], [-135.2725890602664, 19.924458412657724], [-157.37122166654964, 21.74633160857266], [-149.64605208084336, 21.145822492363244], [-119.9177533143556, 18.744728115170386], [-205.71596545697187, 25.723943670689277], [-133.9243337676989, 19.899887351405845], [-175.96952865285763, 23.232861466597633], [-46.48810315992462, 4.0370536957382885], [-151.24947675629141, 21.275512994236227], [-182.12542801482462, 23.821191729070964], [-69.03955671577896, 4.4533867979520085], [-128.35413326426888, 19.53369274379566], [-171.17320978096896, 23.000525580315365], [-137.8247002918859, 20.163113024851256], [-188.75030843656603, 24.129335488917327], [-169.01193849936183, 22.866156168653596], [-111.0085627695734, 5.853743592495953], [-113.29314452391013, 18.108488867585724]]",,9.99
OSY,CCPSO_strict,30,100,,,31976.784679,3.333639,,9.0000,100.0000,"[[-158.77445290373302, 22.043817048177694], [-128.3493168380441, 19.52504816947689], [-137.21309171910687, 20.245227920640634], [-73.9726108128184, 4.547443105009075], [-99.01530819549325, 5.612227370941138], [-151.75261322109452, 21.517503230388723], [-111.51851109950934, 7.177768279186624], [-132.35665828052083, 19.700701382705073], [-211.0568866439615, 25.943171919255697], [-149.35295747917195, 21.420575140243383], [-175.13234943231083, 23.266267944438344], [-123.44923241856537, 18.947296831273867], [-246.52692048277135, 74.00379602318567], [-145.81141048664384, 20.79597880396248], [-182.86911319961135, 23.785174345917003], [-44.77144647491461, 4.020954917714487], [-244.673875619053, 45.600120994874146], [-54.26101417301486, 4.106047632202886], [-187.44807682297827, 24.115194474388318], [-219.32731649962258, 26.72585573846027], [-231.36058936238695, 27.322710322503656], [-121.22777449430909, 18.892171594368786], [-141.12978677511958, 20.742323207047704], [-63.75221651925788, 4.296876972190408], [-252.78054077482975, 77.3702024976117], [-192.84335468492932, 24.596613573825156], [-177.38646188273725, 23.30338144498986], [-70.32139742161087, 4.453998185968125], [-192.45102645221334, 24.431048649423943], [-153.2767720399932, 21.534748542323367], [-116.19347507206453, 18.36261006307578], [-95.36804399203832, 5.440964817411302], [-158.76528437400643, 21.954277397319554], [-218.93999767990374, 26.44175368404852], [-209.7782890479627, 25.69995391172014], [-117.4177973767076, 18.455361404788494], [-88.36724881906561, 5.027514847547634], [-42.18146441995041, 4.000167649012131], [-197.57967071946703, 24.78743159611114], [-127.64607949463324, 19.343951949672487], [-214.91818770749924, 26.059119845786118], [-102.67896335746435, 5.728542325965685], [-81.8615684850453, 4.827429918404167], [-52.43020401659355, 4.083806208565614], [-46.55348899729116, 4.038215402138487], [-78.577001294438, 4.815086707188845], [-112.47663454784, 18.132647193030827], [-180.4553514419781, 23.575349091391146], [-168.2545129376414, 22.550000460938293], [-57.607691745031886, 4.169100944222144], [-66.72426861015967, 4.357380751297373], [-199.62458397381118, 25.104716323861744], [-133.61965908457478, 19.840934800456616], [-64.17739979749418, 4.303011501108552], [-163.94324692798122, 22.200647760816725], [-138.90971384210033, 20.28899762138835], [-82.94173378747966, 4.871084777379496], [-186.64636392578765, 24.113125210575923], [-159.92145850769435, 22.100443703380325], [-170.42553447970224, 22.71049201410071], [-111.15299702266257, 5.99622911352118], [-118.72537723554385, 18.577322138989874], [-48.99729162217572, 4.074008628876994], [-134.91869965384416, 19.995550187741166], [-54.567599145327286, 4.141832649652812], [-139.37355554061435, 20.34732364991499], [-205.9962135314931, 25.569990640408637], [-93.05979921285116, 5.246869528489577], [-156.24703223766016, 21.597141439767075], [-135.81717923347748, 20.134589058749484], [-146.60056487601602, 20.970187809658817], [-135.44704916557413, 20.000290577299584], [-125.38803122538565, 19.26275484268305], [-148.87827239271093, 21.35575784718905], [-221.28768450296658, 26.726570063691778], [-45.02249657817242, 4.021176035988685], [-119.61446882374084, 18.637051529863804], [-189.65059622503236, 24.241034134249883], [-201.26044022558696, 25.181567947210002], [-91.39187659960513, 5.139533236048714], [-124.54486469727797, 19.044958516288006], [-130.98829668008352, 19.60603563969936], [-90.30901379987145, 5.113389799883237], [-146.31794451259034, 20.931107721745438], [-62.76392013568762, 4.265308368689555], [-185.179115906964, 23.980703093435483], [-169.51481799967146, 22.68267192181448], [-165.1565059305, 22.407070770539], [-148.5765603007709, 21.122395947988032], [-67.08369306975491, 4.374354389062903], [-172.22826149248132, 22.967334187668346], [-194.92814704939028, 24.608683204395373], [-125.69952579940238, 19.28867804550646], [-48.11743512340906, 4.038347629108241], [-116.8767065455062, 18.419241866551456], [-52.89314194213439, 4.106005707132075], [-112.80928748529998, 18.21990596419832], [-140.26411195517562, 20.367049721270252], [-222.60245686463844, 26.792285913785257], [-134.13829004588408, 19.888250309535838]]",,9.42
