problem_name,solver_name,run_id,final_archive_size           [archive solutions at the last iteration],final_igd                    [IGD of the final archive],final_gd                     [GD of the final archive],final_hypervolume            [hypervolume of the final archive],final_spacing                [spacing of the final archive],final_spread                 [spread of the final archive],final_feasibility_pct        [% feasible in population at the last iteration],final_front_feasibility_pct  [% of returned front members satisfying all constraints],final_feasible_front         [objective vectors of FEASIBLE front members only; for honest cross-algorithm HV],p_red                        [mean relative error distance across all iterations; 0=ideal],run_time_s
TNK,CCPSO_strict,1,100,0.004323,0.007491,0.797639,0.003675,0.774802,23.0000,100.0000,"[[0.7799399265420852, 0.5601624632275651], [0.9377496744300176, 0.1689995138636743], [0.47253487367766794, 0.8876106631737527], [0.8951319342228, 0.4669382946247325], [0.4605700977515194, 0.9101837373143224], [0.9645452187343244, 0.12968602748313757], [0.9410605767919604, 0.16028354702849945], [0.11899491205454077, 0.9758393405107308], [0.9535342291568276, 0.14473998061926338], [0.8343535992166355, 0.49186895321071944], [0.71450283479975, 0.7622752688382027], [0.5405184986802489, 0.782456055723149], [0.7830308175462439, 0.5505982881182764], [0.7911732163497476, 0.5322370674217319], [0.5132104541203785, 0.805538565767067], [0.5713121583305647, 0.7782739999990904], [1.0103409185700227, 0.08361199261085239], [0.9063646978815864, 0.46042359974542557], [0.7688809773878256, 0.6915264440631788], [0.9900200845396437, 0.10467230323454596], [0.8861130063863811, 0.4745208356736992], [0.4566109183863628, 0.9184527476828581], [0.4668569843927938, 0.9040376303179007], [0.9334452552620023, 0.17665056049610256], [1.0161147611157268, 0.0768404054902025], [0.7863906380467414, 0.5395816028563184], [0.7730686725562688, 0.6850307811783095], [0.9949174714597082, 0.09839686780035867], [0.11075140185258328, 0.9826847454968268], [0.14174879514763072, 0.9554566849875277], [0.5440492684491047, 0.781999921690887], [0.7785390762818748, 0.5714207943443995], [0.5280996683010919, 0.7901613971202901], [0.9826466233586603, 0.11088318772484732], [0.19282906707356215, 0.9297442772694778], [0.08746418943244566, 1.0056399214901288], [0.7559657078690936, 0.7265928634224411], [0.5750952893342666, 0.7756336296575497], [0.7733011829667005, 0.5976289613092396], [0.7944866445998167, 0.5245121437650213], [0.4669019643067462, 0.8921648046576776], [0.7457056364575186, 0.7388565577282029], [0.04187337468331835, 1.038573373376313], [0.5219923910892379, 0.8038922431193314], [0.7018531609296002, 0.7677828475292297], [0.9313525034519482, 0.18516856838802437], [0.4915155994435063, 0.8379618589611733], [0.9282565931160381, 0.45530874576752817], [0.9583885495495396, 0.1368970202190882], [0.13114979928544804, 0.9639839541018813], [0.498727736897999, 0.8219835590384641], [0.06701339044484017, 1.0225355448994715], [0.1674978153752786, 0.9382246447994058], [0.8170518686540171, 0.5017079029879687], [0.8010890647109346, 0.5142976404187961], [0.18010511615606956, 0.9319075869006223], [1.000424720267153, 0.09481372193610284], [0.48035738374289505, 0.8680033224799791], [0.07362407886074565, 1.0173929784781983], [0.16089585559840147, 0.9402983308314111], [0.4517557148181429, 0.9266607426187436], [0.929150132537943, 0.19619083979105575], [0.7318098454364268, 0.7539370794998334], [0.6275821678287659, 0.7751931522259877], [0.6912063407006661, 0.7726592530791968], [1.0061316094711754, 0.08970683229046675], [0.49815866362999506, 0.8332874745415668], [0.8460379131047364, 0.4898097588316046], [1.0258008031491606, 0.06280312344915212], [0.15611985023083053, 0.9462362676742752], [0.48946521800753073, 0.8449022463472158], [0.4769724395556766, 0.8763180150982977], [0.05456392694581892, 1.0322426490480234], [0.6644047850280957, 0.7730975814441714], [0.739318189470856, 0.7463682595426435], [1.03133422830698, 0.055901338437155876], [0.12503146005658725, 0.9686252701059979], [0.9482750753408811, 0.15192978941034266], [0.8819612095933309, 0.47813073523739136], [0.9150382578293678, 0.45634876768212285], [0.06036512050766031, 1.0283524062414313], [0.7779637674562743, 0.5799396866332605], [0.8269997355411609, 0.49734165082612913], [0.14625512387214654, 0.9499901019876347], [0.10506667799284194, 0.9891278997783318], [0.9770498987853107, 0.11854398507164607], [0.9712186481269827, 0.1254450566065724], [0.13593184592897775, 0.9589920693070174], [1.0207931013635392, 0.06942082088295096], [0.08241889685021599, 1.0125951960682702], [0.6295472924484498, 0.7734377945242366], [0.8603950630134782, 0.4809501103268373], [0.09187195568004736, 1.0011736233731572], [0.7681206990226486, 0.7086857146151191], [1.034752905671116, 0.04922278810315313], [0.7748721525130388, 0.5949910763639732], [0.048116266026762826, 1.0354509991153122], [1.0384686888249781, 0.041848781568693746], [0.09897042164976123, 0.9948280415508247], [0.7629578725923313, 0.7119670747736799]]",0.029031,19.61
TNK,CCPSO_strict,2,100,0.004700,0.005244,0.776009,0.003937,0.784671,24.0000,100.0000,"[[0.8360053090316931, 0.49181082285914823], [0.47322827851232974, 0.8844472649762677], [0.12320955381846145, 0.9703985673860982], [0.9384058847285671, 0.16602105513433818], [0.9296349753590328, 0.1923118251470229], [0.16132556283245875, 0.9402390327331915], [0.13084967771843287, 0.9631705785471423], [0.1716296757309248, 0.936864166369084], [0.7747189915902588, 0.5968564106289298], [0.7673459488365234, 0.7182351664252584], [0.054859188813468976, 1.0310378242103986], [0.46421077169363323, 0.9007003844880643], [0.9135000981403265, 0.46328444430237864], [0.8187298125501384, 0.5111148209005683], [0.8789302010594218, 0.4777489933616883], [0.5398278515473459, 0.7823729105553829], [0.8548396005991411, 0.4858045920539258], [0.10664584874867677, 0.9876604997696754], [0.502458015135367, 0.8197676940351794], [0.9570014584858587, 0.13853431076848857], [0.6109070067996729, 0.7751183932796648], [0.061305762911074875, 1.0271187471188383], [1.014969610854917, 0.07774194768680359], [0.0670545093403147, 1.0229317013698893], [0.8316805682526069, 0.5007969516148211], [0.19322348970576103, 0.9293594912298963], [0.4629068254182487, 0.9068279129508663], [0.82053032550123, 0.5063609247295913], [0.9790952902929925, 0.11513283407543518], [0.15505084138574465, 0.943449486515215], [0.7925318655376794, 0.5247081663798794], [0.7860436263944401, 0.5319892180339241], [0.8954176960225474, 0.468309171931978], [0.7180589843400738, 0.7589474872487872], [0.9201049811080831, 0.4581120969335877], [0.09406632956887277, 0.9993595053081994], [1.0186150339082685, 0.07217772207054549], [0.10269163331699274, 0.993690478766927], [0.7698987922272591, 0.7091064812334454], [0.5224338006300195, 0.8047766187149257], [0.14994299860169172, 0.9495459686066119], [0.04843839051769029, 1.0349735869308836], [0.4532058490349865, 0.9219054014529655], [0.7735567432783576, 0.6973389661161803], [0.4973358825280113, 0.8242183915383028], [0.5687514509722569, 0.7776300031074643], [0.4956936015720816, 0.8328831170173765], [0.077790145936807, 1.0138134800125846], [0.04170772236547606, 1.0384464758289325], [0.7583544003523882, 0.721350328693308], [0.9082452093128446, 0.46518679223931625], [1.0396498588627558, 0.04307832984258325], [0.45564738150430806, 0.9154744731509874], [0.9501737327978897, 0.14708587255225417], [0.5758363059375582, 0.7756138084379219], [0.9843236801948768, 0.10970945386005206], [0.5066461542379966, 0.8097656599751504], [0.08303080111691653, 1.0100761880427165], [0.9434190573112056, 0.15667232065332504], [0.9334094193015474, 0.1764326116533541], [0.46770760152349006, 0.8907076761867633], [0.1406703329569134, 0.9566886604455873], [0.7557650457345295, 0.7378968953703344], [0.9294319753837782, 0.4495955036493882], [0.8832981586455795, 0.4713239246799025], [1.0337014427252118, 0.051057492031260164], [0.528323284836598, 0.7926043964714774], [0.07248673881943891, 1.0189537453960344], [0.48593451472333893, 0.8548444028584454], [0.7735756995620786, 0.6109603611874299], [1.0232883046460357, 0.06618109376127562], [1.0048807065918828, 0.09090977147053043], [0.8046012220188389, 0.5134565175254853], [1.0280805621802527, 0.059533219056639546], [0.7014319565323308, 0.7663509648628133], [0.9978923407611499, 0.09602318371725602], [0.7169844606428315, 0.7607069460315287], [0.9694374674708331, 0.12448952133518289], [0.1181487534444505, 0.9759824353265412], [0.5492277245216614, 0.7794448009884399], [0.678657025488739, 0.770969598840006], [0.9318425964108114, 0.18402548090989243], [0.7799579520774003, 0.5472797161277367], [0.4477970187643987, 0.9283350984394698], [0.9639859936547925, 0.1312180742235946], [0.8001569842688174, 0.5230161203716315], [0.47935414413588107, 0.8634105885485792], [0.7382430723792571, 0.7518258342918716], [0.48897661066726406, 0.8411790272212719], [0.7411406848398323, 0.7451120183811806], [0.9909712947071585, 0.10461834661562898], [0.8671045338104411, 0.4786132467827235], [0.7458970385644716, 0.7386193272061131], [0.5342985696220365, 0.7854244363310291], [0.6942330217804416, 0.769143152530268], [0.08896691590528671, 1.0042380849381338], [0.9747969034319186, 0.12082494548625959], [1.0093143048851887, 0.083362525481817], [0.11404453541830029, 0.9812407159912823], [0.18255408029369932, 0.9345139199228317]]",0.024865,19.80
TNK,CCPSO_strict,3,100,0.004532,0.005124,0.637884,0.005480,0.779625,29.0000,100.0000,"[[0.9439037003865407, 0.15770979219347295], [0.7581355728949078, 0.7194627459235801], [0.7778972175707902, 0.5655652163110477], [0.47450348639658735, 0.8783703130526326], [0.7703211245040951, 0.6820592934277555], [0.5136317992838509, 0.8092351603205745], [0.9894759652001156, 0.10652921221976594], [0.10523005946299901, 0.9888413203330662], [0.5380243147939023, 0.7868524319370155], [0.5594651123486895, 0.7785865906105187], [0.08800038330395113, 1.0063810370417772], [0.8934282973612905, 0.4679127539528696], [0.09354950107017423, 1.0003839062909679], [1.005263845135502, 0.08789630126343653], [0.4630547722611077, 0.9017097297705177], [0.9844285852021184, 0.11061603706740214], [1.027265546084276, 0.061133034885160226], [0.8481439121873919, 0.4858710532028236], [0.5482611518134569, 0.780470217695771], [0.11036261163641198, 0.9841116507163725], [0.9703921972997225, 0.1252648543883204], [0.9486992086380551, 0.15045768432288262], [0.7761961898418374, 0.5667319608053969], [0.5072822535078436, 0.811852769302029], [0.07532047095851072, 1.016320652919126], [0.7815892160938129, 0.5418513796731346], [0.8146869026274178, 0.5090138648462529], [0.9065312577161794, 0.46023638362242053], [0.16027122946810796, 0.9420545986672677], [0.12713586444482072, 0.9668919931775224], [0.725956507339274, 0.7590284028081155], [0.7913736490430707, 0.5256948119276186], [0.4859426076730044, 0.8570359247004504], [0.9305233700899225, 0.18816323324682657], [0.4713635082684493, 0.8856097029409629], [0.059258322881906564, 1.0281061830273515], [0.9372693759660475, 0.1661806184088737], [0.459996793600507, 0.9222843851661342], [0.8715564451917049, 0.4790229495857318], [0.8218302891757965, 0.5035341891650216], [0.7150475871612993, 0.7649967348945916], [0.5279408601452884, 0.7910909284133201], [0.08147174091843093, 1.0116374126783492], [0.9153386945608413, 0.45636381618679156], [1.0329399815333693, 0.052871889580449055], [0.8838921499504764, 0.47223897348206], [0.4682020852815608, 0.8934813466624464], [0.9527444744812325, 0.14247217281750704], [0.7263451727816058, 0.757320192456221], [0.8343733822455348, 0.49314906808788017], [1.0218182047588544, 0.06952876320544833], [0.4474228056211972, 0.9288593765857431], [0.9590206970704704, 0.13973050424730507], [0.7450276243803814, 0.7399178493697564], [0.9338349259116308, 0.17809003356811398], [1.0386663568917218, 0.042621697371237874], [0.45138805400137816, 0.9249063568597173], [0.9971006392113597, 0.10217998750041338], [1.0158366816405144, 0.07543762231040983], [0.14636065667597387, 0.9503991117753734], [0.90137587929626, 0.465242945515044], [0.12265809357342042, 0.9735805006460866], [0.9297232675161858, 0.2006137467425905], [1.0011317394048649, 0.09566626853980265], [0.4772580349393264, 0.8684219095335205], [0.18266442175983788, 0.9321315960182988], [0.6667243551584352, 0.7718713706932122], [0.19746741918401348, 0.9294106203360969], [0.1390391234569285, 0.9564501386641853], [0.8042870487703646, 0.5132132888151953], [0.6434781704433167, 0.7730168726110127], [0.7531799798280281, 0.7333950506970754], [0.04206383717921348, 1.038374847312514], [0.5251068709935037, 0.7993133114528883], [1.009906024626473, 0.08288865590804739], [0.4905871557583163, 0.8386247930440924], [0.7383631125398566, 0.7471251073749409], [0.6912035339904181, 0.7705229513916182], [0.8659887841769294, 0.479435089930357], [0.5461436333136909, 0.782532715765808], [0.7718239276160132, 0.6651845292069143], [0.9794186645730596, 0.11867975452783877], [0.5976448556137853, 0.7742766943369703], [0.17150333689294547, 0.935275034014627], [0.7738751077885905, 0.5801637939697808], [0.7995699123312141, 0.5181912789001312], [0.1699120532118475, 0.9378097061927088], [0.9631338611720979, 0.13243815049654334], [0.5033363482745782, 0.8176231940177028], [0.7900507526756786, 0.5336032429175899], [0.05060688328693914, 1.033915868100739], [0.15154241318409095, 0.9469775325562665], [0.13303614045112194, 0.9628217433001538], [0.8461987577232489, 0.48878740533833426], [0.11581737375743868, 0.9782458677034609], [0.49982216371900184, 0.8209780423972177], [0.06929717852186996, 1.0228461603880752], [0.46087548426560626, 0.90588739553768], [0.4799831878939232, 0.8629174784938549], [0.10029586400514177, 0.9941581336682406]]",0.022610,19.69
TNK,CCPSO_strict,4,100,0.004456,0.006688,0.914038,0.005378,0.723535,20.0000,100.0000,"[[0.7891431934943105, 0.5335573870831172], [0.7970828722661717, 0.5238058644090452], [0.7481107573731309, 0.7350483098897251], [0.736828583458613, 0.7463090979003948], [0.8077947711170819, 0.5136796170201423], [0.767655124083714, 0.7238882471815664], [0.5291164803549457, 0.7892641686783823], [0.5473985551437628, 0.783250227546254], [0.48859588093335743, 0.8506452874419328], [0.09871812121110196, 0.9982035641555554], [0.5118950999076689, 0.8116432649954746], [0.8038794432869821, 0.5202447956431828], [0.8732669128833708, 0.4759470809659748], [0.1666639340710783, 0.9380019738415878], [0.9420343551798265, 0.1581174385477845], [0.1490727886988948, 0.9486884860792348], [0.9575382709185062, 0.13712475762710902], [0.11806948890378702, 0.9766878769842087], [0.9311437299505511, 0.18543844058305484], [0.1254895418724628, 0.9681304567632764], [0.9271258401127229, 0.45045602449167177], [0.9101903790921371, 0.4617736165276336], [0.9754590440869424, 0.11884565179525342], [1.013447102051004, 0.0782487770858809], [0.5181215618659695, 0.7988309727614289], [0.7170810737890977, 0.7588494330208568], [0.9160486424920387, 0.4569077363587805], [0.4510300321368591, 0.9233097504773897], [0.4631655498824962, 0.9053826204972405], [0.7588467681560505, 0.726404899227381], [0.930021277503864, 0.19593505801287178], [0.950947899326372, 0.1456447806153025], [0.9299863849858081, 0.21142348023060997], [0.07205083555475185, 1.0204138794554152], [0.82448075563555, 0.4989265022057707], [0.17453901921626608, 0.9358888742962841], [0.7736018728422502, 0.5977103437131681], [0.45919903231058695, 0.910344354606516], [0.9339676777519589, 0.17535757917268457], [0.7690362265488055, 0.6898142729508444], [0.4960450932552981, 0.8294287256884045], [0.9373524818306809, 0.1655655119703227], [0.11252148359807995, 0.9813889265889709], [0.20352776983766402, 0.9293280071056031], [0.07707855782900716, 1.0150844201937204], [0.8368728628579565, 0.4918569847267019], [0.8164528128979391, 0.502689736089898], [0.06468831973662487, 1.0245951814610772], [0.6396641491818108, 0.7741534084318686], [0.6808196206483333, 0.7721965808449173], [1.03848118607599, 0.04275778660558072], [0.48717936601128886, 0.8534861981585672], [0.5262472186238853, 0.7939124320881448], [0.8671511386718451, 0.47998270263095394], [0.9832481779416136, 0.11054781139102925], [0.7107185971705443, 0.7642536399182209], [1.0242514172244515, 0.06522637495709674], [1.0027832937533816, 0.09115760005671832], [0.9643123792225958, 0.12951242266104712], [1.0292611255201867, 0.058531783418991824], [0.659180205219551, 0.7730716644466841], [0.042174578642339616, 1.0386341395932381], [1.0081141880784332, 0.08542073960440733], [0.09165025316690385, 1.0028049740424305], [0.49167692565119936, 0.8354037576454508], [0.13364312016811777, 0.9616224231531709], [0.5825823038483213, 0.7741652823470992], [0.546619736361192, 0.78686530747536], [1.0336042959309832, 0.05090457679895559], [0.4811484012587461, 0.8657776118654504], [0.14066821589651052, 0.9558644343425149], [0.0563349266241855, 1.030427768451544], [1.0188016560706712, 0.07230079168233729], [0.04893131879886023, 1.0346594691438868], [0.1895262850613488, 0.9316691059758846], [0.4529614671731103, 0.9230507052219549], [0.7760935857481988, 0.5722621424040361], [0.4699941296301222, 0.8888752690468869], [0.5608037568003507, 0.7778433208811826], [0.1554397676443293, 0.9441106972727237], [0.5807726674626337, 0.7753410751487122], [0.990783936703644, 0.1040958785914056], [0.8468187595612388, 0.48638214218687237], [0.9705434572393699, 0.12307285443531937], [0.8951940021799607, 0.4708675091169876], [0.902489275637324, 0.46542250284967757], [0.9976064257506306, 0.09856827642737834], [0.775468715769608, 0.5873478225693822], [0.8581239932790617, 0.4834031836635996], [0.9482526860329488, 0.15047793499534368], [0.4773999627833533, 0.8699340823793636], [0.8894152032015449, 0.47538650375315644], [0.784261248458593, 0.5356126514015457], [0.08482806181723263, 1.0079343133983774], [0.5015426120295879, 0.8196008678864564], [0.7803375121003902, 0.5628164386139209], [0.47361252039233837, 0.8792573925132039], [0.7814055762639157, 0.5551905925561357], [0.10747724656484309, 0.9905107374607208], [0.7728706592990163, 0.6535305282270373]]",0.023288,19.17
TNK,CCPSO_strict,5,100,0.004135,0.005925,0.772014,0.003917,0.670531,25.0000,100.0000,"[[0.8542869906546088, 0.4919692953960923], [0.7598204184079096, 0.7285818726711794], [0.04281813292412957, 1.0382132635929222], [0.5313318262676036, 0.792851144537569], [0.6949529955368186, 0.768408183289857], [0.9341934456344869, 0.17573230021581931], [0.7751754595386929, 0.5832353201708409], [0.47819618805807296, 0.8692751595269295], [0.986033848702752, 0.10737389331153505], [0.8157233849457917, 0.5032433762192456], [1.0075975998971975, 0.08596231129715545], [0.17342840172606722, 0.9347913152159688], [0.7827966132328275, 0.5450822155251197], [0.6002589894615497, 0.7742281925388712], [0.760523456688854, 0.7143706773312737], [0.7313306152694434, 0.7505981125892873], [0.8702971884758262, 0.47916017894338553], [0.9379213199847495, 0.1662972677009967], [0.688766445035891, 0.7711774406908607], [0.4876340471226269, 0.84518819489835], [0.810853770116625, 0.5112319147964206], [0.549096505572888, 0.7804735006906837], [0.6642191637754701, 0.7726347618158966], [0.49507172857407344, 0.8407655243316768], [0.4692239922567648, 0.8875973340029403], [0.8431507478912519, 0.4930621309802416], [0.20174168565358447, 0.9296461679177982], [0.7840378911120897, 0.5379146479030322], [0.4496170051078232, 0.925807901029932], [0.9748248276517908, 0.11862850360310831], [0.8260115545599662, 0.49681964407761214], [0.7498081985521093, 0.7339471212976336], [0.15077914257337516, 0.9489485967808166], [0.714974088836533, 0.7637418936761997], [0.7719399316224799, 0.6966089783618419], [0.9473861384027785, 0.14968942337431632], [0.8617184283152948, 0.48098656563043773], [0.1670419354577739, 0.937108293078994], [0.7668977866673727, 0.7025996532880937], [0.7739443276464113, 0.6010153762799731], [1.0146571915709357, 0.07768856597512117], [0.5081667936647414, 0.8110313620512243], [0.46514451479798563, 0.8965961271826235], [0.5679789290329085, 0.7749944880547839], [0.5661379814484325, 0.7789008884880172], [0.9097886111215723, 0.46113673335212785], [0.7777233481050292, 0.570114477964419], [0.13356305252306747, 0.9617163913055496], [0.9190672562783007, 0.4549994063725211], [0.1059869716007708, 0.9882495504306279], [0.932204665865149, 0.18642648159392083], [0.4748268283170334, 0.879351066062309], [0.0866584335364872, 1.0060443414737215], [0.9292322110075522, 0.20217544838975843], [0.4813329301544945, 0.8598696886969355], [0.4475428131348981, 0.9296293020200347], [0.7719769439990606, 0.664830920493977], [0.9593153971315007, 0.13564749589659855], [0.9425490781561179, 0.1567337967566378], [0.6459386999160448, 0.7728951511134632], [0.4953114942507179, 0.8284781222871064], [0.08176686898433674, 1.011915292993284], [0.9268955372134047, 0.4487980217484794], [0.9535712318450715, 0.1441781404892845], [0.9932419584360359, 0.10111721436309701], [0.5819809140087965, 0.7744958096944728], [0.06012822996901007, 1.0291517001551105], [0.4569854259770514, 0.9156315578085525], [0.7981674487403358, 0.5171518178675341], [1.0006120700267458, 0.09463491300193523], [0.5062242437383242, 0.8215414256300402], [0.8915753759709268, 0.468877364400184], [0.7928738815314136, 0.5335411626545326], [0.11381913148817896, 0.9808652007490422], [0.7244493820448337, 0.7596841255561586], [0.8373665385423805, 0.49581158851050394], [0.5154088375076787, 0.8006040471651781], [0.15729705020314044, 0.942868523499343], [0.8765472866337851, 0.47405469426363656], [0.1275899733955005, 0.9694116968060235], [0.981215483012545, 0.1128933286484134], [0.46450754394009963, 0.9065627764976774], [1.0239236094087616, 0.06768285644491022], [0.7408182256379856, 0.7458299053709628], [0.19034705376576114, 0.9337955032481551], [0.781971667958444, 0.55832320435938], [0.09867664808149605, 0.998355485705347], [0.07439083255050576, 1.0170044309474964], [1.0343004128127444, 0.05140345490568017], [0.14201697488688708, 0.9555358396725592], [1.0295110553129836, 0.06103560785341567], [0.05186251199455067, 1.0335398321654814], [0.6026906493518965, 0.7740595985011682], [0.5241161745817094, 0.7965590690658901], [1.0383164521290202, 0.04222551162444827], [0.1197593608316081, 0.9742040953656457], [0.5416201996929916, 0.7861463036892455], [0.9664115268949798, 0.13034322315327102], [0.06957573940030826, 1.0242169611545875], [0.7972984198366331, 0.5180799179293774]]",0.021711,19.30
TNK,CCPSO_strict,6,100,0.004362,0.007654,0.713449,0.004122,0.692069,24.0000,100.0000,"[[0.5215750788314164, 0.793020994182928], [0.7836600580636304, 0.5485831536397363], [0.754713791227021, 0.7254945577433286], [0.06214262527856774, 1.0261591967618693], [0.46470845523335824, 0.8970550227178802], [0.1919740300843277, 0.9301759593324157], [0.7103830053515258, 0.7623490020515228], [0.7722910091170964, 0.6621521633898606], [0.8133795697992847, 0.5091372806474396], [0.7745307807489401, 0.6029263707682702], [0.04190838169525474, 1.038513409629065], [0.8795002152907825, 0.4758662051551419], [0.9294705114425417, 0.20279509977869128], [0.7225236103243422, 0.7607831828928111], [0.7912953236468182, 0.5239410231255852], [0.7738360137416678, 0.6185570762623696], [0.9650020320946815, 0.1292274996798123], [0.7396652374349318, 0.7590796335466661], [0.46063968278798845, 0.9097448846068474], [0.512027467902723, 0.8022295737000669], [0.4713674728442989, 0.8864425253080065], [0.9074143051167279, 0.46460227593444264], [0.06911565648312223, 1.022052153838736], [0.20210282312397498, 0.9295514893742298], [0.08186777878236873, 1.0127760486289055], [0.7871650278222798, 0.5345636673795903], [0.11825028522831676, 0.9811880489365654], [1.023132544865283, 0.06807014360025582], [0.7642582848303586, 0.7102816147462117], [0.4756072307960505, 0.8791682131546151], [1.0384133724380415, 0.041738584651715725], [0.09507543559405411, 1.0033783022989538], [0.7764978421523114, 0.5628407853707469], [0.9843648154574848, 0.1089862720528813], [0.049215719441333475, 1.0347800172751795], [0.4773518292469386, 0.8699446000431217], [0.5315465155101484, 0.7866254955626429], [0.16445514719083715, 0.9380254617146725], [0.48907086033683034, 0.855485166491755], [0.766750944506533, 0.6952088881020267], [0.8595267214330052, 0.4844371732573062], [0.8241554875712677, 0.5013237539007531], [0.9545581633923522, 0.14119504612400385], [0.7950014846887428, 0.522022728452824], [0.07540429930756451, 1.0161156975355252], [0.6783932335761577, 0.7711032905039268], [0.14159771585413894, 0.9537988539462531], [0.17362595300538902, 0.935980881494228], [0.1814358083336331, 0.9320547987871924], [0.9302489614036751, 0.19052047528368643], [0.7435323396411766, 0.7397870034118215], [0.9800681274887338, 0.11669652974574389], [0.6449180667897811, 0.773895258499122], [0.9498934440041713, 0.14736080786049302], [0.05587728090461766, 1.0307918203683732], [0.9917511180625447, 0.102831626671536], [0.4975726156611068, 0.8340358148627653], [0.11013162214056549, 0.9847102221765281], [0.9719632043580864, 0.12155351012284589], [1.0027679016487236, 0.09123328746043116], [0.9969711836615447, 0.09674805902837813], [0.4858010586276027, 0.8672384982972781], [1.0288116621878558, 0.05939372129224137], [0.9386871697800975, 0.16637957385976393], [0.9239674834933477, 0.4512710147720236], [0.8474413915836462, 0.4914579356165755], [0.7504797763541584, 0.7326269342130769], [1.0167708199739005, 0.07447409224190821], [0.49890906140289554, 0.8226977875695637], [0.4902599429496603, 0.8454036561789338], [0.5443256356917345, 0.7819238875151379], [0.5615029473535171, 0.7800151448101557], [0.45856246068739936, 0.9209705486960941], [0.15778421169625878, 0.9426248687377339], [0.1505785767267232, 0.9484929386868607], [0.582302791550617, 0.7755592068421026], [0.5065672993041446, 0.8108808330004249], [0.6399339412759334, 0.7743615320229348], [1.0336860357215572, 0.05056294190391101], [0.9341662995188285, 0.17772138858177], [0.5794414193917856, 0.7791149740463187], [0.1290363841888426, 0.9657777510500573], [0.8343390756037384, 0.49505916860616217], [0.942901802899896, 0.15699160758615274], [0.8681829244539522, 0.4776345872494359], [0.1369735653651235, 0.9595635024154344], [0.691754808597377, 0.769591743278436], [0.8043720600083004, 0.5102573840014566], [0.4535253361590385, 0.9235096991757589], [0.8935167701290438, 0.4717309235607332], [0.9599750029054229, 0.13455218878842864], [0.9188506807679319, 0.46439122880460126], [0.10128418213588852, 0.99537748621957], [0.7749529003538173, 0.5993658820516152], [0.8975918326512446, 0.46624435309349077], [0.6698819345634535, 0.7711306008699019], [1.0106830797075976, 0.0871879149642095], [0.7833097021727886, 0.5617572677368601], [0.0865278992716267, 1.0063916004711644], [0.12154458838650356, 0.9723546046844753]]",0.018342,19.65
TNK,CCPSO_strict,7,100,0.004022,0.004617,0.786379,0.002636,0.728712,25.0000,100.0000,"[[0.5608493879976777, 0.7821845144977189], [0.9364536302997095, 0.16739239894716518], [0.11233720520652372, 0.9817129269840809], [0.8453832700501227, 0.4890383946529376], [0.5636083407050823, 0.7767322489642523], [0.8813161238089375, 0.4753100635751038], [0.9626777189052667, 0.13201517754969455], [0.4499827098655481, 0.925001556460452], [0.13419228515344522, 0.9605481344078819], [0.7869130304783739, 0.5352381516618786], [0.1395718228994641, 0.9560854632950835], [0.7750821680370231, 0.581802758338443], [0.8115627835927979, 0.5098042542776244], [0.7220077444845941, 0.7590586606765366], [0.6888078358612804, 0.7707945946114023], [0.5260864009623599, 0.7900015580597602], [0.7368127857909375, 0.7514680820095367], [0.10219082247790996, 0.9918779097655991], [0.8007198605104844, 0.517568995607872], [0.9466059604193673, 0.15314845305346692], [0.12463164232654014, 0.9717485017253379], [0.8650631464798257, 0.4798634250493575], [0.9968333604769961, 0.09657703451437652], [0.4955650397303963, 0.8302199671457786], [0.9695328937387712, 0.1259431837221971], [0.4927711576227115, 0.841581954315583], [0.990810502963045, 0.10256649367005241], [0.7101879872448259, 0.7624528176473806], [0.45805180653762523, 0.915717357362744], [0.12971517728061938, 0.9652941039058488], [0.9298368648070467, 0.19270001657496352], [0.7692094435923693, 0.7098661919474588], [0.8511561601128631, 0.4852580226847709], [0.764421974466895, 0.7181203652284585], [0.14730022136538212, 0.9516822737652954], [0.9571563495754841, 0.1385913476872589], [0.1083934083100188, 0.9874591668364346], [0.5072740078534651, 0.815100715516132], [0.4852191744339596, 0.854524082035478], [0.6989788133917645, 0.7700965310729213], [0.9884781855918332, 0.11083776458486354], [0.7918418160559032, 0.5261871608169351], [0.06655116329387126, 1.024884853641809], [1.0347060347158696, 0.04902682843820419], [0.07832605866883852, 1.0143891100542788], [0.9419252226679871, 0.1600449038130334], [0.8390433162929747, 0.5001552066978001], [0.9805454975715827, 0.11321062534413658], [1.0207718778578825, 0.07077165342603939], [0.4705886791904074, 0.897961387331673], [1.0267448493855968, 0.06449072409679284], [0.7772015072731122, 0.5645724087938107], [0.9254134917867204, 0.4510483537875625], [0.7732555082808256, 0.6633133109511553], [0.5019326760251666, 0.8249954334797976], [0.09672937275456461, 0.9988987861137205], [0.5144900754355072, 0.7999818174724013], [0.7739213078351762, 0.5935720139521059], [0.6756284075252736, 0.7736499502660539], [0.09028212276925894, 1.003038615226198], [0.7556197172775628, 0.7345849757958367], [0.8893160830266841, 0.4714370860665655], [0.4899550978915601, 0.8495450323299509], [0.9524613956703176, 0.14699977470677653], [0.9148798402638916, 0.4556157547357389], [0.9118365186879389, 0.4628698232020777], [0.8759723637171173, 0.4765372891156481], [1.0384906421075102, 0.04173874161215437], [0.46429858013781417, 0.9006539528850916], [0.7708742116292033, 0.6744291446003499], [0.5383194108899028, 0.7886489277215648], [1.0095706776608202, 0.08371579383653938], [0.4809852519034818, 0.8676897622964403], [1.003231975004688, 0.0903896461239597], [0.11810356256047161, 0.9752821835368513], [0.04192134138562124, 1.0386109893994901], [0.08486210842204153, 1.0097907701980506], [0.18118562463638538, 0.9313435306457412], [0.17307603145370518, 0.9359818735737493], [0.897305596490795, 0.4661934354113593], [0.5917515258449575, 0.7746802979395726], [0.16348488609281744, 0.9385706490703944], [0.9755699198163341, 0.11815075137177396], [0.0709111924451038, 1.0196874363909953], [0.8214943851119082, 0.5014913217014982], [0.47721949633542393, 0.8750900033428352], [0.05079847264235648, 1.034981418621546], [0.74319181758754, 0.7404705882690223], [0.782502029470165, 0.5551470822445568], [0.5095467675480078, 0.8053575139654385], [0.9328210035286097, 0.1768244759739297], [0.4726030886980699, 0.884108575416418], [1.015310866349026, 0.077045246336422], [1.0304148579009789, 0.05652637190197084], [0.19352955907047592, 0.9296437114085357], [0.7738946775725905, 0.6489241514594581], [0.5793129294460171, 0.7759636460352696], [0.05669546578003361, 1.0300447419103171], [0.15676416632451334, 0.9447523379988076], [0.5415577149456727, 0.7826455002749586]]",0.022489,19.87
TNK,CCPSO_strict,8,100,0.004758,0.008059,0.684381,0.004421,0.724873,28.0000,100.0000,"[[0.7584656501275433, 0.7305928040849934], [0.13711174785149075, 0.9579648977752032], [1.0392167621916717, 0.04278995295458124], [0.8394906986926679, 0.4935205960512047], [0.48167275991597364, 0.8582061834636631], [0.18517354250308218, 0.9317212569280956], [0.9902882682302738, 0.103576430072439], [0.1782422519554695, 0.9336917369965745], [0.7666966926592499, 0.7083357505180469], [0.8795339900392516, 0.4753491455799171], [1.0215405723697661, 0.06828574783169655], [0.770794648440547, 0.6909913144206266], [0.6794935923699524, 0.7706984851242964], [0.14249689676267863, 0.9538868289680762], [0.7486853398812698, 0.7343387029729231], [0.471887203534992, 0.88338161746241], [0.07292256322336287, 1.0191547238573437], [0.9529058921356037, 0.14451958264788328], [0.04240249400493933, 1.0389214861139844], [0.08356995063320219, 1.0097460059083567], [0.9382896139387968, 0.16413333241213807], [0.9966455419302568, 0.09974371819932204], [0.44810513660700246, 0.9275005772193199], [0.554121923448425, 0.7784193192651567], [0.6652881009961462, 0.7730151674112794], [0.8049202121067104, 0.5194731171186833], [0.7794786663342934, 0.5481990528136513], [0.7755139859878261, 0.6031002921868815], [0.130790075562649, 0.9643321037246343], [0.47832833927056595, 0.8829411243190178], [0.9450920215117258, 0.15680348703136215], [0.12307431255224544, 0.9714680517140352], [0.5352236893463376, 0.7850713189202213], [0.7776548994935946, 0.5673809228858848], [0.984228831545032, 0.10930774937899136], [0.8112747105144411, 0.5126059173720563], [0.16468572284515665, 0.9396831041486672], [0.06757276949699104, 1.0233432247389498], [0.92988462666955, 0.19061747437949644], [0.09048911961058483, 1.0041272289437206], [0.14869829521204483, 0.9502610159018922], [0.4680582135091334, 0.8976186860610387], [0.9585685652380304, 0.1401343901546487], [0.5076841983992474, 0.8079228660701138], [0.07879589943849086, 1.0140931265857558], [0.9478319211909187, 0.14913961181774457], [0.7137897939718922, 0.761688577216465], [0.5439670020727989, 0.7804980809042608], [0.74636894099186, 0.7477753977961819], [0.7912289685238811, 0.525386363446751], [0.5677066350241209, 0.7771544058978392], [0.5165182675590413, 0.7993589795041749], [0.17022287979581502, 0.9360132172449659], [1.011414052740588, 0.08064326415521185], [0.45740402231378596, 0.9195699572939943], [0.6263041759081402, 0.7739535637138093], [0.10130261917864647, 0.9923228303544971], [0.7703761074869644, 0.6980236406811318], [1.0348759958806182, 0.049145406012889636], [1.028057059369997, 0.06214466977728589], [0.9646137639419381, 0.12978638036917142], [0.9253210156967242, 0.45271930466306076], [0.46127834299930537, 0.9054640776139306], [0.8948842778971462, 0.4694588964440928], [0.7214954865994121, 0.7613669083661515], [0.8242456251812071, 0.5017744153981019], [0.10939461827876608, 0.9842460832723301], [0.20380205581185018, 0.9294576604931327], [0.4925757117519055, 0.8441695823188846], [0.5981508381103511, 0.7742757491027552], [0.9052050820089699, 0.464746790593185], [0.7865676092919146, 0.5380406140893503], [0.8710986249203583, 0.48601661711810373], [0.1564646878464531, 0.9460088764842902], [0.8872349136165125, 0.4707052059856831], [0.7617989423730995, 0.7162038524631562], [0.9337011397174647, 0.1755984020821346], [0.11509185344594305, 0.979901964371645], [0.09584174874691628, 0.9981439442254962], [1.0174619277341028, 0.07437844725885942], [0.773689874481522, 0.6337475788855064], [0.8387641956573137, 0.5004410162989862], [0.4982650805179243, 0.8281930733296443], [0.774409870319415, 0.6125616866010631], [0.9133783100740223, 0.4583895043528702], [0.8171260546319249, 0.511138538364639], [0.7027520689248608, 0.7671100478885173], [0.9781918934184792, 0.11653660018192966], [0.5318949907304017, 0.7957401180005135], [1.0006130115482366, 0.09406263152975314], [0.060568765398197624, 1.0290453803702209], [0.8475670327351752, 0.48627091607478484], [0.05153577708772935, 1.0332138359005303], [0.7362101353307982, 0.7484616757243174], [1.031161781686732, 0.0548448350265474], [0.970300985366654, 0.12326316019097247], [0.9303596280105042, 0.19034441083521683], [0.19159250838085645, 0.930845974964493], [0.4869264014634238, 0.8501543446393551], [1.0067197873998752, 0.08780840423002625]]",0.027151,19.35
TNK,CCPSO_strict,9,100,0.004052,0.005235,0.839371,0.003161,0.731752,21.0000,100.0000,"[[0.7582221645168609, 0.7264908294431468], [0.49221487831570543, 0.841749662256745], [0.1472354203231636, 0.9501629586592466], [0.9617597638046926, 0.13590787795000414], [0.7713994570428135, 0.6787048177005761], [0.7394786284518491, 0.7550138100140643], [0.9339957332484928, 0.17701980064675332], [0.10992115726624763, 0.984394881594153], [0.08864380431172235, 1.0043879947521133], [0.8171757707935401, 0.505468379522399], [0.4847875078054034, 0.8526229971025546], [0.9564489687568082, 0.14403465579638297], [0.6484421506837617, 0.773762028397563], [0.13674662592738787, 0.961877201831155], [0.07100105633179796, 1.0196397100520318], [0.47767302769548603, 0.8713805527636205], [0.8977221499662675, 0.46524429639157555], [0.9707686196299673, 0.12338790744971354], [0.6631904940432304, 0.7733695055215728], [0.7171277372480134, 0.7597828734836458], [0.4604536660256744, 0.9106315193373687], [0.948995304190154, 0.14755723526625794], [0.6795756725631359, 0.7717410639702844], [0.04331568342805677, 1.0396657984860371], [0.794092919547987, 0.5261736960900628], [0.1826836119618488, 0.932910857126912], [0.49858444208651553, 0.8263481848095281], [0.7866225238511408, 0.5425317570808728], [0.5265293501831936, 0.7921204320346695], [0.88894366358923, 0.47016900004818096], [0.8285892177284292, 0.5004615243245301], [0.910389446426716, 0.458129085512107], [0.162354179480953, 0.9402580606912809], [0.8360531915203534, 0.49304000833523853], [0.5674299461747118, 0.7770203932876022], [0.9284708550939148, 0.4517796062605011], [0.14053843636575614, 0.9543876417898348], [0.46679614412937853, 0.9032796759239016], [0.5225962075148146, 0.7987437509338349], [0.8012893303431099, 0.5165220403395253], [0.8595099041102618, 0.4808987242296816], [0.98192216023176, 0.1115368371720461], [1.0189781106645497, 0.07262684291489051], [1.0384506900017245, 0.041668367317883453], [0.45598548721342924, 0.920252838595199], [0.8484808618854143, 0.48717978443063514], [0.15514552537287446, 0.9446284713263737], [0.7758485532771386, 0.5688343666057352], [0.4943049283025762, 0.8333106801176384], [0.2086468246746625, 0.9301772415927084], [0.19037224916894446, 0.9304292261209715], [0.1155559407132429, 0.9779867531568025], [0.9755215567525743, 0.1183303480749377], [1.0341035346920036, 0.05071800314615586], [0.4684722051688829, 0.8901222211221138], [0.5463304246963401, 0.7800715080142919], [0.9940326485601192, 0.1010014404175832], [0.9983282617838171, 0.09487590493565456], [0.7022317939280681, 0.7646459629006026], [0.9378034932732201, 0.16496981665862898], [0.7814132640010995, 0.5543777650130712], [1.0068007401234, 0.09206462867222087], [0.9242998903635998, 0.45444381793037514], [0.7749488324704294, 0.578974671470298], [0.5176122600368597, 0.8058030346135363], [1.0087490407016912, 0.08454300449548195], [0.1295965630556284, 0.9671472827146267], [0.5362392492366137, 0.7855776385916896], [0.4748897243260237, 0.8867247393821773], [0.0787495190684721, 1.015578883944281], [0.0839628551001268, 1.0103972118857043], [0.5013027529407326, 0.8174273577462786], [0.9448259470115978, 0.15683677270145457], [0.5749421276968498, 0.7751000447393857], [0.930044721391567, 0.1919331779251554], [0.8784791429895351, 0.47475258239017853], [0.8649724747338821, 0.47937858109615433], [0.049205899047856494, 1.0345805566448085], [0.9653491191927792, 0.12850929623295693], [0.7741425227921491, 0.5950532872526672], [0.7915954010860666, 0.5338957157849873], [0.1201180029644333, 0.9733622497083381], [0.7702710770050369, 0.6993553469799797], [0.811968094165664, 0.5092559969386676], [0.17116990869622, 0.935770694683675], [0.5088706537983667, 0.8079323803006008], [0.09543562071330085, 0.9980331988176473], [0.7313513879953475, 0.7596520815223997], [1.0155700827149923, 0.07928461921575261], [0.9887182906965799, 0.10593747579668912], [0.6925279732919405, 0.7673665648411482], [0.06320101444862743, 1.0264337076879941], [0.10106090422552716, 0.9925280507388146], [1.024757152636495, 0.06549419449969868], [0.750414240934349, 0.7430711634966675], [0.7652269611094504, 0.7037574509171345], [0.4798338248254972, 0.8668523735085716], [1.0297207348237474, 0.058112713486326906], [0.05663567887179645, 1.030375068433178], [0.740010184287458, 0.7449680664692979]]",0.028702,19.48
TNK,CCPSO_strict,10,100,0.004217,0.007196,0.714153,0.004736,0.693354,21.0000,100.0000,"[[0.8813655119739519, 0.4719799139054043], [0.6641602758184694, 0.7725773184296024], [0.9635808473701625, 0.1306549108703809], [0.5021556738450897, 0.8251692400421058], [0.8406096253141521, 0.4893571827854444], [0.7012703368181088, 0.7684154130281802], [0.715180967012512, 0.7600393502686982], [0.10453134081885435, 0.9898629287482855], [0.817075429767387, 0.5013400478102278], [0.761244719693906, 0.7125053916664759], [0.5520697966551416, 0.7845360138799324], [0.4688322968454195, 0.8954393869745183], [0.9458737033022311, 0.15930687082794798], [0.8067071316140866, 0.5088342139395402], [0.7309487813741883, 0.7528773214751993], [0.7739001189616322, 0.6738066295753816], [0.7536037860846113, 0.7284995286032121], [0.17049395430800657, 0.9354114162349856], [0.9503357926931493, 0.14601779496389455], [0.9378966929034932, 0.16443376092884235], [0.1424704700015001, 0.9533183471681435], [0.746133061353059, 0.7387358365478867], [0.8521324024235843, 0.4858051263304263], [0.8949377410815935, 0.46874408383016286], [0.5024823788797842, 0.8183193043305533], [0.7449677711631755, 0.7411349086355857], [1.0213791676168116, 0.06878892344469648], [0.11428333837736886, 0.9805103246907687], [0.9294543851603547, 0.20325537454027387], [0.1376090622015204, 0.9577443662588725], [0.056999578932489386, 1.0297088929220994], [1.0035665676317935, 0.08982725677953285], [0.48548945856854137, 0.8491272790195192], [0.9057281754782429, 0.46058084095441176], [0.15022677421789427, 0.948053922260408], [0.9327543698969152, 0.17647587918125304], [0.4929468230039633, 0.8335961931614387], [0.9701270756777551, 0.1274746257850327], [0.12449319221178826, 0.9700887584530999], [0.08963200099786277, 1.0036261570591531], [0.5569926408074699, 0.778139551040782], [0.7918313059166547, 0.529865378402542], [0.45954744811264603, 0.9177146942603355], [0.8020641002392032, 0.5178069737955604], [0.4794346296267459, 0.871633417745524], [0.049970330766854795, 1.0340873475377457], [0.09712796454500044, 0.9965257424445725], [0.07291986967844843, 1.0187225410587373], [0.5353562628918762, 0.7924875297949789], [1.0167026526092677, 0.07441356525870224], [0.15878509644069913, 0.941061583944291], [0.9910432455844754, 0.10258923270282067], [0.601958984787524, 0.7733490992108225], [0.9248928221058605, 0.45036819113509236], [0.9855530394285801, 0.10876566033024587], [0.06357795694104629, 1.0253117505022462], [0.5731732502687263, 0.7773277150442589], [0.5096004542391792, 0.8118383262061288], [0.7804236365619653, 0.5439213648921531], [1.026130598900567, 0.06286356318549002], [0.9745884976934814, 0.11936686713280156], [0.7797897955995893, 0.5585066236526282], [0.04238140472280377, 1.0388415708186531], [0.7742795021520754, 0.6577761572141534], [0.8580933070298198, 0.4833685293460611], [0.9974423100822276, 0.09649669235540281], [0.08304146781332006, 1.0111164020401675], [0.5747579491468967, 0.7751720233356378], [1.0349785218885554, 0.04916030801082705], [0.4628517326677011, 0.9040072555812988], [0.5233860757616298, 0.7936106245057604], [0.1958524305132304, 0.929738520646973], [0.9277303784802395, 0.44902895250719155], [0.11970338932275812, 0.9754383462840455], [0.48904498237908767, 0.8404552983894751], [0.5128057235461172, 0.8012664837904016], [0.7759958626121297, 0.5661328118135007], [0.9567627929217907, 0.13904676293454815], [0.7696831661966647, 0.6869069115468034], [0.1301175703254248, 0.964406399006302], [0.7755008917836478, 0.6236658011246392], [1.030556135951583, 0.05661133799575635], [1.0379864700377164, 0.043124505075596606], [0.48153511047305264, 0.8597648076697174], [1.0110821813882795, 0.08398765683051683], [0.5417232259692252, 0.789029179369571], [0.8332386963495412, 0.495344423195167], [0.4521087798225661, 0.9263966905601483], [0.6210372567874483, 0.7732382018044939], [0.7378571035117989, 0.7514987907171586], [0.1741258994238123, 0.9341374557529141], [0.7847352590426924, 0.5369576651774813], [0.18883531994229658, 0.9324408953824097], [0.47147184135314435, 0.8920931344376111], [0.9799507417006081, 0.11337157996290192], [0.6840967816003933, 0.7714571218861745], [0.9140349597037536, 0.4591621554988724], [0.8677758394853851, 0.4787285898007725], [0.930141759560562, 0.1910164644401338], [0.47320464166510723, 0.8798902994538256]]",0.023435,19.44
TNK,CCPSO_strict,11,100,0.004372,0.005977,0.736932,0.003554,0.696809,23.0000,100.0000,"[[0.8382991504149238, 0.4903686696872788], [0.5153430323523573, 0.8012028326214892], [0.45380240204897665, 0.922044450629834], [0.9112929570324988, 0.4636855919486601], [0.47881759150086234, 0.8687038315043889], [0.9399292809216793, 0.1617945764841435], [0.7851915194112855, 0.53309837470835], [0.4823827901020681, 0.8587819409701936], [0.4688098495715061, 0.8904040999513941], [0.9602039331913136, 0.13392701575317803], [0.06449073452897974, 1.0246539096350091], [0.97485433658827, 0.11886986429154957], [0.09604907326125295, 0.9973956019071213], [1.012337544748838, 0.08179733532050482], [0.8788295437827462, 0.47621035811271023], [0.1968010513248358, 0.9296603419042414], [0.7647165729880262, 0.7280275848999342], [0.18134038416944054, 0.933045617959295], [0.10380590968382597, 0.9903649609592342], [0.5818206558271034, 0.7753965650142275], [0.5975259003648946, 0.7745923582608338], [1.0385875294364373, 0.04220466400109998], [0.5686697468213658, 0.7779241864489314], [0.8665949230695231, 0.4818214444998547], [0.9369520797141295, 0.17021552119222766], [0.7680300044515463, 0.6941855053207896], [0.503088693623565, 0.8229196965532988], [0.6736869552752717, 0.7722686675306982], [0.45888401717770266, 0.9115631679151041], [0.05763950791292485, 1.0305063163332977], [0.50908987640669, 0.8118926542347864], [0.8500848392142295, 0.48638452456870207], [0.9338564607738883, 0.1910620519410279], [0.9557892278956212, 0.14143301724551727], [0.08536762197445558, 1.0076507740917886], [0.9967988598805104, 0.09768723096408258], [0.7754586412296958, 0.6054636770149682], [0.7430507106848038, 0.742075967376133], [0.46398214529918613, 0.9019163210205586], [0.5330507831944964, 0.7952968380689265], [0.15939794647541983, 0.9448241440007435], [0.7757987191678508, 0.5847156662787616], [0.5250785306833269, 0.7980850430877653], [0.5372580892044095, 0.7855594753857172], [0.12664238853784754, 0.9695803987258522], [0.9848504006746225, 0.11265199314940566], [0.6564936708198323, 0.7738242184131625], [0.8947886546246289, 0.46658950097369695], [0.7762469633360312, 0.5666361221302593], [0.738257611663927, 0.7512463657553167], [0.09079210501851556, 1.0021260625143924], [0.1407219611952431, 0.9570777136496502], [1.025807700907363, 0.06608848134948915], [0.9907259658253547, 0.10359796488409728], [0.6889187427278829, 0.7696946135344243], [0.07786755277484524, 1.0138734701400467], [1.0203599875329203, 0.07408886071392767], [0.92371037500393, 0.45041118266106717], [0.042990425781687554, 1.0384382273246255], [0.8886648984116561, 0.47276227012516303], [0.07089888293333022, 1.0202232355676555], [0.7495685068675673, 0.7349128278854854], [0.7516851297082581, 0.7306687010622386], [0.7712834015270613, 0.6870563695799671], [0.16465427175711517, 0.9379224720584306], [0.9339352167486724, 0.1768062215754611], [0.8063712614414511, 0.5097755982097754], [0.17162377513330843, 0.9349982491612336], [0.9494388655098323, 0.149644945757347], [1.0297200637198476, 0.05763386013066236], [0.7990132333266193, 0.5291565588037207], [0.050163248256683786, 1.0345883277622094], [1.007721181426182, 0.08740586041260977], [0.7737568265572281, 0.6619074814053815], [0.9714849805290829, 0.12870716040230804], [0.8568442311477685, 0.4837927082229072], [0.918456184484923, 0.45878110350637746], [0.765098065371447, 0.7054054803823879], [0.8255653055150141, 0.4963940302396156], [0.450661270813546, 0.929629216578736], [0.11132972767169601, 0.9850538939321442], [0.49967514478984776, 0.832998993944331], [0.9292069105068097, 0.19529737429159755], [0.4780560173090755, 0.8840096925458056], [0.7202434965974952, 0.7588961875667777], [0.13268950997809548, 0.9624555223386468], [0.11938339668110517, 0.9782521039255767], [0.14748553730440803, 0.9510686195294846], [0.489996159482723, 0.8502393612685154], [0.9470111431989301, 0.15542230512428787], [1.0344262925997503, 0.0506794723949774], [0.8136490423659043, 0.5059434754183354], [1.0015992280502137, 0.09211830605886373], [0.7059897741137746, 0.7675464319773296], [0.8003860570356031, 0.5152282356737081], [0.49330823483064207, 0.8397048001281759], [0.7366399912337909, 0.7553118702432925], [0.782185961169576, 0.559419280445456], [0.7739900005417593, 0.6160437751681583], [0.9937485199770225, 0.1033248149287685]]",0.027376,19.49
TNK,CCPSO_strict,12,100,0.004209,0.007908,0.778679,0.004453,0.725097,23.0000,100.0000,"[[0.8345788420175059, 0.49579290761684325], [0.7729792911740027, 0.6408629536784543], [1.0146546798361316, 0.07837485608640266], [0.8267998141895577, 0.5000515510538057], [0.8930647245122278, 0.4738979001422332], [0.6682865908287012, 0.7729420385747701], [0.47858492904785516, 0.8700633563200418], [0.9934204719781955, 0.10139478305705157], [0.9073500826261405, 0.46346373258270346], [0.17328059676390345, 0.9339414768469423], [0.15596578351416557, 0.9436365299668354], [0.8103564253770112, 0.5065951832036104], [0.6983159986806302, 0.7667240972242096], [0.7714770135341206, 0.6751448083869631], [0.4798994890259433, 0.8617050265350896], [0.45196244770417116, 0.92873942637641], [0.16501659236219035, 0.9403979914290563], [0.4582277900876307, 0.9177004376218139], [0.49469113616448024, 0.8433200558590704], [0.5057877353340882, 0.8155261276637061], [0.8066523419605258, 0.5137923340802562], [0.8972945107369306, 0.46961970015226845], [0.09982586654409249, 0.994669543857725], [0.12308472689109279, 0.9710384848090974], [0.5187170983215446, 0.7986279596586755], [1.0053614066926635, 0.08935705901686529], [0.7706711748980244, 0.6789637284425118], [0.9347814347904302, 0.17668500249610355], [0.10494162970961891, 0.988390681021846], [0.7470321322278655, 0.7389272467602834], [0.1181207883822934, 0.9756335048774027], [0.9781618460001107, 0.11545886703609021], [1.0101879109573881, 0.08404843434455671], [0.47502788883553565, 0.8892861851188852], [0.8627100913340024, 0.48663027874359055], [0.9417316693586602, 0.16061652979407204], [0.7817728505736604, 0.5461867584347593], [0.8732083260256001, 0.4766614276735518], [1.0348406917371629, 0.048705989045621664], [0.4623147227692492, 0.9053197430201791], [0.5324142502208405, 0.7879663264861371], [0.19422179138104645, 0.9292690042406255], [0.9874566845745014, 0.10827222856043857], [0.4957796675872064, 0.8298311275119927], [1.0383389989246408, 0.04200297838529358], [0.7850914051233621, 0.5382027479319834], [0.9518223244159243, 0.14398999113714062], [0.48665929378201844, 0.8516635029801025], [0.6466254616106344, 0.7732767236097032], [0.11295978731136802, 0.9826658004498826], [0.9481893910234316, 0.15256036989469648], [0.6295036989388983, 0.7736411668734855], [0.7383814792973444, 0.7498690137357338], [0.9641704771060422, 0.1301018361585422], [0.5130388112825152, 0.8043984406117405], [0.0630578367821153, 1.0257554423938198], [0.18634872245328574, 0.9324920738262281], [0.938356475574799, 0.16855749354780414], [0.05607208761732256, 1.0302145136733687], [0.9991095661942494, 0.09632561649616796], [0.049519654945050076, 1.0346922333154154], [0.5288571820313069, 0.7983016343130935], [0.06883336268447389, 1.021182353532252], [1.031225212290147, 0.05533337688460398], [0.7262215357793218, 0.758008769763558], [0.7921420470865181, 0.5273677559361022], [0.8681112672674375, 0.48116964591901046], [0.7738109458756013, 0.6150590842070373], [0.7781929220916612, 0.5680392575476366], [0.041995770640377086, 1.0385241911413208], [0.7743783213363133, 0.5826489753094684], [0.08842819649443473, 1.004400572000578], [0.765887237450766, 0.6999892657633674], [0.13042977099934355, 0.9660683888630068], [1.0269436831082754, 0.062003515047513814], [0.5558109824708368, 0.7811569654344541], [0.13691138146100984, 0.9601911330273857], [0.7657171878280533, 0.7032423405975509], [0.5483713001056578, 0.784646332053247], [0.09412283639248868, 0.9989600432074531], [0.9307927248491038, 0.18777207484291158], [0.7994290164249062, 0.5217845434134547], [0.8195840393866017, 0.5060591376003217], [0.08375281593361293, 1.0122218226433821], [0.9294348794879925, 0.19627958499345607], [0.9696531580514338, 0.12422564398448277], [0.5678070389851835, 0.7785286949821151], [0.5034170312338608, 0.823495108984803], [0.7525599388403905, 0.7318292316200914], [0.07538755407166285, 1.01615400949442], [0.7591554563718258, 0.7220522642482248], [0.9599993649058836, 0.13797619378557624], [0.581501157670311, 0.7745185118139378], [0.14254961162790636, 0.9564753027860492], [0.8451524964579193, 0.48773599277496726], [1.0218344239969772, 0.07043196877360784], [0.46766279079731093, 0.8946333384211707], [0.15176572957601073, 0.9503790366391872], [0.9148336716720848, 0.45587052696472524], [0.7379812619997212, 0.7565051649553847]]",0.028076,19.59
TNK,CCPSO_strict,13,100,0.005217,0.005576,0.653634,0.004280,0.784956,21.0000,100.0000,"[[0.825178313575613, 0.5017991813714976], [0.809274056097538, 0.516063668735583], [0.714415583101303, 0.761769861113925], [0.9477188649807894, 0.1508569599144544], [0.790492717069244, 0.5263718700717712], [0.7638814807645092, 0.7087442492218177], [0.864191707326693, 0.4789782545820233], [0.8703345304637212, 0.4780007953807401], [1.0335480230275789, 0.0508011808649079], [0.6086848124220189, 0.7733573154670298], [0.1221342057464276, 0.9730456922153615], [0.0808925704642407, 1.0113834740811654], [0.9304646236004369, 0.18810266099671963], [0.9223935529630598, 0.4521006305985413], [0.4786279088649643, 0.8721756653991019], [0.5648210441352506, 0.7794964620142393], [0.9793057207041677, 0.11424545854120681], [0.04190594414214146, 1.0384498915782552], [0.7807305089785446, 0.5596938196150163], [0.47338373676547857, 0.8868105211598767], [0.775905483034453, 0.5708369150433977], [0.9747017850348263, 0.12011687569434047], [0.8485538832747394, 0.4880916975718837], [0.7997251280287876, 0.5251732318346528], [0.16573238439125096, 0.937457458717183], [0.7679167883496205, 0.7002456395107093], [0.4605719037926661, 0.9065521666512851], [0.9917471430308095, 0.10343635573889862], [0.45709397062064583, 0.9158988396925584], [0.13618989007168772, 0.9608926139063307], [0.8048696146465344, 0.5191244772916429], [0.5735720901613778, 0.774946225407258], [0.4876418508379336, 0.8477520794912402], [0.7823119305630255, 0.5454440965163636], [1.0104572959589289, 0.08421771651218721], [0.9696689990322291, 0.12919855898941973], [0.8161710209233638, 0.510271456230071], [0.191510454132184, 0.9311766411180182], [0.5897011421627534, 0.7744579079738145], [0.062246962022861306, 1.026012803308976], [0.11544800461681701, 0.9786340006052905], [0.9860104095016762, 0.1089215814382456], [0.12673552752916284, 0.9686167377422799], [0.9056928909084349, 0.4606446436163912], [0.0753516812208788, 1.0159010421829022], [0.8280855795490321, 0.49596571019943203], [0.7434316393438121, 0.7459723026030375], [0.7347493177988467, 0.7479634466513831], [0.5084468746960692, 0.8139237840956589], [0.04788872844160717, 1.0353101158555407], [0.9018843271478628, 0.4643817325584862], [1.0144557026904826, 0.07804897654972877], [0.0689554479405659, 1.0216680649321805], [0.7156142360685411, 0.7611826884689061], [0.8778233500263508, 0.4747964710827255], [0.4667590847171178, 0.9007102043520775], [0.8917300926836558, 0.4696354630689415], [0.8427004939589273, 0.4936979619182449], [0.5170016333063783, 0.8014279101838839], [0.7846093847080264, 0.5377736643609115], [0.1727426165615881, 0.9344512092462327], [1.0381542894726041, 0.04263940634292415], [0.4474823723583797, 0.9290097421148984], [0.9972845235886186, 0.09652251203608954], [0.15947481528292634, 0.9414996951366434], [0.5357513260860507, 0.7871350120993343], [0.9418520192005672, 0.15871998554435843], [0.09300861134766117, 1.0000784825321771], [0.1451665588538804, 0.9534173487779218], [0.15296966603394094, 0.9483550760542309], [0.10278521920426077, 0.9942207813511664], [0.7739457811321142, 0.5849329861144725], [0.08702527241228383, 1.0060085320975836], [0.45278203144703466, 0.9224287553987383], [0.92958146994467, 0.20177963785771602], [0.5609381984770545, 0.7820275659769294], [0.2075984135569849, 0.9295472506801918], [0.6971166626704453, 0.7662642581521354], [0.5152453239319206, 0.8033220330746543], [0.10910250951828161, 0.9842074939539243], [0.8897579333756365, 0.4713964871080707], [0.20170111838884972, 0.9310686001836689], [1.0198626409541056, 0.07120160717754534], [0.9324914129248676, 0.17863652201929442], [1.0044224033544038, 0.08969898821109576], [1.029390610721006, 0.05794189281999393], [0.4936446003201922, 0.830814784199407], [0.1815037638985153, 0.9317044104696549], [0.9368202788964027, 0.16797259722737584], [0.95245633773151, 0.144221498863411], [0.1320434757208645, 0.9646405427590231], [0.6828688749653474, 0.7696263929894664], [0.057973143531346624, 1.0323167042156045], [1.025591308720698, 0.06540156200451377], [0.4675574279414584, 0.8935024111521114], [0.5278450397409766, 0.7959056734213742], [0.6578528755555253, 0.772429252146109], [0.9629344038804901, 0.13576049590803596], [0.5001018687366301, 0.8219698416044832], [0.9587610087353012, 0.13943299099071238]]",0.023026,19.45
TNK,CCPSO_strict,14,100,0.004763,0.006269,0.672360,0.003371,0.772051,23.0000,100.0000,"[[0.8884558509900804, 0.469557904328769], [0.04372922442603547, 1.0392476511919655], [0.9275273971533002, 0.4546243951078023], [0.7015346067684765, 0.7663661003772485], [0.7744764587906154, 0.5749409527546221], [0.9914060319051752, 0.10525548236466778], [0.19509404651550588, 0.9293409092207637], [0.8041463406873263, 0.512415028676245], [0.8826012869561284, 0.4751314898078969], [0.15967709780637512, 0.9412786857369467], [0.5564695451528119, 0.7794238249971288], [1.0082678833401564, 0.08427506286555203], [0.8494007609028534, 0.4860898952048498], [0.1231507483931932, 0.9718311896905695], [0.7590602033182818, 0.7178280537783385], [0.9787764371455603, 0.11577466230268213], [0.4544632324919857, 0.9265518523177385], [0.5091845181106264, 0.8120751916795949], [0.08390971533741125, 1.0108615672525683], [0.786784745504713, 0.5408099420212956], [0.8147154949148672, 0.5063330197359095], [0.4813057698484815, 0.8674247134806479], [0.7732968879579866, 0.6056127973834591], [0.7765149452240144, 0.56494642493216], [0.13031677786042137, 0.9641357069174601], [0.7686549998298099, 0.7018547782987775], [0.9104655301966721, 0.4590169826725299], [0.7714472688310687, 0.6677649219844384], [0.4654236419184469, 0.8965650858781753], [0.7720386638249803, 0.6666233292369753], [0.7793085854005615, 0.556142151299587], [0.4869909863096914, 0.8518821788836928], [0.6093632343685113, 0.7746360472585921], [0.11657359833802172, 0.9768672219925799], [0.7531993992503221, 0.7280982569934251], [0.9230208631017978, 0.4557586302131086], [0.9608780453690382, 0.1364405875928967], [0.5481567437096571, 0.7816540509173955], [0.7989775411598166, 0.5188350640596033], [0.746036796718607, 0.748870734181958], [1.0386243590734747, 0.04214088351298567], [0.4678059516324561, 0.8924422758467376], [0.17724362771929303, 0.9328718939232425], [0.0517183653197434, 1.0352228306100584], [0.500157441487441, 0.8194054665301592], [0.9854615527957001, 0.10945548216619055], [0.10154059324974533, 0.992169877788434], [0.5175369671184002, 0.802415491471955], [0.13909158573125413, 0.9580658934654379], [0.995699089455201, 0.09813328041076226], [0.7859083821514137, 0.5479782577341693], [1.0353266373170946, 0.04832968965407561], [0.07719938775728251, 1.0143846531975231], [0.5213410010023626, 0.7942076763579691], [0.15340570485787758, 0.9449636667813138], [0.09466673053636153, 0.998724453406497], [0.7735054763646269, 0.5912011520193082], [0.7925723139111864, 0.529623825657224], [0.4959432072076635, 0.8263259027534907], [0.5326289682785288, 0.7931320346700353], [1.026734312266076, 0.0642263830118951], [0.749232088163037, 0.7333256972330365], [0.9374889645253268, 0.16529451882305007], [0.5353667954019341, 0.78413365507372], [0.6963419738619576, 0.7695915171745878], [0.9303318189357596, 0.1870070119185443], [0.9434719506062045, 0.15811293076262178], [0.057423942357601204, 1.0293875036732445], [0.5128309651126569, 0.8064118392210242], [0.7651256640464692, 0.7107020702800332], [0.4760346852041387, 0.8857378378325407], [0.45632529782628173, 0.9141321939376092], [0.8281603276685009, 0.5020463817935679], [0.9734355901910626, 0.12202606875890612], [0.484190553091323, 0.8636799411802721], [0.1697251706090104, 0.9359858315230154], [0.8654465019796874, 0.4783915714716176], [0.9467792070701683, 0.15025637589659557], [0.9332945125668218, 0.17696338763152264], [0.08971755793948623, 1.0070010750691232], [1.0144919326427373, 0.07797915682557893], [0.1839044068564782, 0.9314361664670867], [1.0307375157431005, 0.056017809738407864], [0.9650355902568262, 0.12874667630123382], [0.14527533964380118, 0.9515170213527587], [0.956039561086935, 0.1448966151375933], [0.8570249230951258, 0.4834336098749756], [0.11217549743782954, 0.981737531972773], [0.8982535295020846, 0.4649872168690057], [0.06606881493157779, 1.0250673634027265], [0.07163759669141449, 1.0203400438639176], [0.47908442215538855, 0.8770955575571271], [0.49182921199618723, 0.8347118470091315], [0.7246002337191029, 0.7559215933322276], [1.019951831732471, 0.07316957900262036], [0.10884920633910021, 0.9887543307528286], [0.9300461132002, 0.20377886425975017], [1.002219090139095, 0.09080712655246795], [0.8356055244953539, 0.4918717489865923], [0.6215214895558944, 0.773874802673592]]",0.023865,19.23
TNK,CCPSO_strict,15,100,0.004338,0.006977,0.698357,0.004335,0.701857,23.0000,100.0000,"[[0.5307211889610784, 0.7900727727034873], [0.7866475218170332, 0.5312919663578144], [0.557761014429288, 0.7768882360700848], [0.8735487189400261, 0.478650116733746], [0.5940883726013301, 0.7750090628386371], [0.5017646442288644, 0.8233539803544649], [0.14855557927177604, 0.949901871038681], [0.799086156741097, 0.5251856092790181], [0.18285248917511004, 0.9332308744284988], [0.46772510722368726, 0.9007071001873128], [0.8679572923312822, 0.48365631093469963], [0.9297753719326792, 0.20443255637614405], [0.8484749405702616, 0.48672211523112924], [0.9703595205627586, 0.1232680159292473], [0.12585614578865253, 0.9680149841446853], [0.7792312172188527, 0.5758272423491464], [1.0384596889378126, 0.04184446300235103], [0.985805531104289, 0.11094223818025842], [0.9668429007688402, 0.1282092586983884], [0.9308815740899918, 0.194276145630884], [0.8934756292080661, 0.4688528811568299], [0.7135476566868051, 0.7608918691555523], [0.15515411828295067, 0.9446008466890531], [0.8034210716438905, 0.518026580183808], [0.7500037644175073, 0.7392169829435049], [0.4973242976516816, 0.8339043992993208], [0.9357044531303786, 0.17297386863022982], [0.11101308561133898, 0.982482377312441], [0.7049799551273946, 0.7665931392368921], [0.49243159692315286, 0.8368018483802362], [0.7304128097062972, 0.7526766791449742], [0.8235934224334635, 0.4997935425336139], [0.9767147910844519, 0.1178086656105729], [0.7696430912218397, 0.691875661734402], [0.4832999965641288, 0.8560007409615145], [1.0089144133223669, 0.08370286438164257], [1.0203656820543323, 0.07293892879810715], [0.9966788942052829, 0.09654850347846194], [0.5200452148759058, 0.79769214578498], [0.0584675104700893, 1.0293447337374058], [0.8885836714899814, 0.4715871563056043], [0.9049760557826174, 0.467265202439312], [0.042650208442931735, 1.0389098792747014], [0.739698627905559, 0.7472185651421708], [0.16921263639889905, 0.9355491213810103], [0.06430764642149764, 1.0247485693546778], [0.9324972041104188, 0.18368690776117955], [1.0029130848957823, 0.09051438805729467], [0.9398655690729072, 0.161419076888466], [0.6568070156423453, 0.7722532141866861], [0.8408553616689141, 0.4946019273691811], [0.4560405175338824, 0.9143658515791404], [0.4732176956757058, 0.882161536625532], [0.09846580386522044, 0.9957662556180994], [1.0153369058717037, 0.07757438750117629], [0.7616763274558338, 0.7218460625945841], [0.7734967622522209, 0.6568855320214826], [0.8526465308683322, 0.484720231638068], [0.4525390001226006, 0.9247061971733294], [0.8091401820491557, 0.5144859960396435], [0.478000465953689, 0.8675477967810457], [0.6809297503710554, 0.7700951840775052], [0.7640025835017058, 0.7070231125512066], [0.753882962847773, 0.7295390207729344], [0.9606715633041576, 0.13472429798499258], [1.0341107966395122, 0.05101067683373937], [0.0703608036929167, 1.0201175503293525], [0.2091472326393224, 0.9300297318705203], [0.16498378221793317, 0.9401829623333875], [0.18914979057050788, 0.9304535913999237], [0.9227615102229193, 0.4511175456965506], [0.5738076205452007, 0.7751609017037273], [0.783687874072972, 0.5676156372524812], [0.7710633025661371, 0.6773498412595137], [0.08604994416039873, 1.006875151344725], [0.5390569662742514, 0.7825410760178568], [0.6220910978131211, 0.7747960410636899], [0.0923411554382354, 1.0018078307746996], [0.9915050502881754, 0.10645701830219637], [0.13453508737359615, 0.9634737672167537], [0.9482054814914257, 0.15175727970859682], [0.6519270878092747, 0.7726921239027267], [0.4904566316194082, 0.8470952293012259], [0.508700970469641, 0.8098445234706735], [1.0257712593194095, 0.06548952686749718], [0.9142660608957611, 0.4592399722592774], [1.0298742841520367, 0.05709609391859304], [0.831268605274697, 0.4967326254233354], [0.07778130921884951, 1.01445744328603], [0.46135280552054114, 0.909235165146185], [0.6813047207102205, 0.7700009792096617], [0.14019005508552054, 0.9574195367597327], [0.773804727678185, 0.5848123688538424], [0.9553297470956107, 0.14277222679106483], [0.10522035585956546, 0.9884924797627599], [0.1170210730622695, 0.9787179461293403], [0.8133308279574127, 0.5088019916398334], [0.5339440260862754, 0.7871048402599011], [0.050463416365404835, 1.0347864208257953], [0.5564746967311682, 0.7793703491168098]]",0.022422,19.18
TNK,CCPSO_strict,16,100,0.004610,0.007453,0.629739,0.003454,0.718567,19.0000,100.0000,"[[0.7581436759886248, 0.7184256141764743], [0.8592037240703765, 0.482548234744897], [0.9109389431847204, 0.4578500253260121], [0.9348111561302227, 0.17523947653334504], [0.9069224449670055, 0.46425592155062145], [0.8794637165338306, 0.4729592234065711], [0.4633370038218294, 0.9032939844213311], [0.159523665808205, 0.9414536474958569], [0.5019348485330049, 0.8166254051615177], [0.6110925017076729, 0.7749953044091843], [0.0799825718583951, 1.011969647906526], [0.7753223564787787, 0.5933673305663234], [0.9518622248628313, 0.14441622219560268], [0.4509112601305185, 0.9274527961026434], [0.8245470961343435, 0.49976158721278263], [0.10779345898104223, 0.9862220350085501], [0.7736597711516088, 0.6212184799013556], [0.7429299876254429, 0.7406331317833132], [0.10200775075716784, 0.9930183498785439], [0.6978068806831962, 0.7715819209710307], [0.9560301416216398, 0.1387675975745212], [0.8975145787711407, 0.4671664780961313], [0.5090344156015896, 0.8084690252916015], [0.18526511868617862, 0.9320037217221326], [0.5224724353965059, 0.8020359832280516], [0.4943810989207859, 0.8319334873018975], [0.12038794772335529, 0.9733322438912992], [0.9975451792895261, 0.09632575732422763], [0.16702547397431164, 0.93656545544025], [0.15190873020683823, 0.9496208739468284], [0.7997974223211175, 0.5253000817285857], [0.7572387523998115, 0.7365069055768922], [0.7894393090277777, 0.5330244857137781], [0.1776396052874532, 0.9350259513405395], [0.7363496039837676, 0.7479831988258167], [0.19467579279546482, 0.930235125509567], [1.0304125270589737, 0.05639808131405968], [0.9295808731158961, 0.19639043702235282], [0.7758723415027131, 0.5648022977803563], [0.7675960601800838, 0.6996313985471608], [0.9210944758738577, 0.4521080859662306], [0.7675594360775783, 0.7080850504979208], [0.8135308060004464, 0.5056767978231808], [0.5437624548931195, 0.7805059176032967], [0.7738561081530884, 0.5972694286169499], [0.8354743515080912, 0.4930643305121257], [1.0346479392965586, 0.049719098708930334], [0.1137145769339346, 0.9814183861654503], [1.0185631666991535, 0.07240206434508005], [0.9858944258250302, 0.10769868165760677], [0.4700556309357333, 0.8983799054624562], [0.06721165879174519, 1.0237096281820457], [0.927301667940767, 0.4488897852689989], [0.09519928500229483, 0.9997203237696805], [0.4760975562445724, 0.8744967445104025], [0.9320204673037711, 0.1856125420655029], [0.8464818184743615, 0.48920936423717754], [0.5942261832001463, 0.7762534341800145], [0.6888070652070578, 0.77230726107624], [0.5303613065742288, 0.7921064928247598], [0.0419488722989864, 1.0383330603715042], [0.12804276072104595, 0.9694180328816804], [0.7817372916752694, 0.5417026509031801], [0.9719890661513465, 0.12222797355678262], [0.4868591654252486, 0.855095629519089], [1.0385529783096528, 0.0422733731400444], [0.9421752188548889, 0.15842208804113153], [0.5632469806274241, 0.7770743238915416], [0.8723939105890283, 0.47811326891858863], [0.7106784448249202, 0.7632194483627002], [0.8071465626122487, 0.5207208124287157], [0.4981227590939006, 0.8262401697142314], [0.9791850561365042, 0.11531895133041986], [0.9387144252156967, 0.16866407225832641], [0.44854710486503024, 0.9301040407404315], [0.8906757287359205, 0.4695592711255024], [0.1346013064182398, 0.9598877095766452], [0.7731621174728971, 0.6465013593285042], [0.7258531934836909, 0.7547348256120583], [0.9469280188024088, 0.1515032760297471], [0.7252174467657599, 0.7611348983372308], [0.4738157753024905, 0.882353814718227], [0.05055786246587604, 1.0336717900080465], [0.05876377429754277, 1.02863741304599], [0.45790189967397443, 0.9143393853417013], [1.02520562445019, 0.06432341817658119], [0.07446434403998745, 1.01896230556657], [0.9632781340665341, 0.13232610162777686], [0.8124613534385074, 0.512600468480947], [0.08703142445588807, 1.0062226668800627], [1.0155028821623895, 0.08064847136024991], [0.5567624410121259, 0.7796674016711833], [0.992058681909725, 0.10283229859726724], [0.4808427080656526, 0.8608098545189149], [0.5347836631799536, 0.787114058627021], [1.006430660517266, 0.08626329809887621], [0.14220202857328368, 0.9537054757045742], [0.6198754273088454, 0.7744798160047702], [0.7805976103259745, 0.5608122028250442], [0.4874984354945276, 0.8465264568686248]]",0.024421,19.57
TNK,CCPSO_strict,17,100,0.003897,0.008202,0.768697,0.004226,0.680978,24.0000,100.0000,"[[0.7186337410357742, 0.7606209045096359], [0.7302253980307745, 0.7519863550063766], [0.8075377911246417, 0.5113842149237329], [0.4820671964568814, 0.8662791987733802], [0.7812511463034939, 0.5689952437834892], [0.7514743353495067, 0.7368619804212952], [0.5867801705347016, 0.7742892646711466], [0.14202621317767114, 0.9570475093303847], [0.7626646387246668, 0.7139487001488496], [0.5521964855723663, 0.7798658080630817], [0.9303289009946774, 0.197938903078539], [0.7354067620070353, 0.7499119018497115], [0.8802433680768085, 0.4727001948493574], [0.48527983779486195, 0.8493542388804383], [0.824675570551741, 0.4975755694571144], [0.7758657299804465, 0.5855400218912102], [0.13412717672017832, 0.9620966132657859], [0.8009053991613331, 0.5197365961197103], [0.11940287367669464, 0.9748807260515382], [0.8908562517836811, 0.46905008058317843], [0.8191950417416499, 0.5004259035466836], [0.9841490363430805, 0.11209525094107647], [0.5656080819349103, 0.7785665158329169], [0.9356415491259689, 0.17329083966310443], [0.9898924491129606, 0.10656140257661106], [0.17338669952185792, 0.9343855231756761], [1.0114130634086682, 0.08155988160988846], [0.46789819566715163, 0.8908990280722755], [0.9324848784201333, 0.18255255176868085], [0.7733000032216716, 0.6338603826163767], [0.04221768061622943, 1.038448374345182], [1.0384773998739385, 0.042160425276680444], [0.5206848916274481, 0.8008446296741986], [0.6338304944150881, 0.7734278064375792], [0.9940556200330529, 0.09981473373479913], [0.7747119116511118, 0.6196650482100747], [0.1288539981385493, 0.9679962989694563], [0.49632336289424317, 0.834180396873631], [0.7819069760598728, 0.5507350814966192], [0.7707552760971481, 0.676599023047609], [0.09568609071438838, 0.998141357106088], [0.5797184982801178, 0.7780093051241219], [0.46145430535741033, 0.9082897470847988], [0.7032692274878344, 0.7650798690359346], [1.0174566307390953, 0.07595215806207557], [0.7661900094742916, 0.6994510700444178], [1.0058502997668606, 0.0877986786933806], [0.9232203295664528, 0.45413712660942274], [0.090018500747926, 1.0031965364321593], [0.9392740360146898, 0.16507740572199064], [0.5427750326438392, 0.786317601650027], [0.8719931253677239, 0.4796293504583102], [0.7905843858220236, 0.5337171172792454], [1.0228758022555666, 0.0672888803446544], [0.07856724729832865, 1.0136360483418987], [0.7749626498825211, 0.606379783457093], [0.7612369769049043, 0.7300669022848463], [0.7869284934814373, 0.5409722638153345], [0.8631923960339114, 0.4804150748086584], [0.9661480661167633, 0.12858024190210438], [0.9117663087095396, 0.4575666433237179], [0.8401130789391885, 0.4913492804479712], [0.05036621965302279, 1.0337891180310206], [0.16677184698801112, 0.9382733145185796], [0.9611007017695097, 0.13637776373587532], [0.4733052736496772, 0.8782770670566545], [0.45947632771830904, 0.9150162804855169], [0.14910428814550847, 0.9512896332026792], [0.05737493493878216, 1.0296663480832065], [0.6730119084178351, 0.7732632867056415], [1.002492562081862, 0.09511145035071102], [0.5329552280769083, 0.7877866899132329], [0.9781793292263765, 0.11783547362927987], [0.1890689611351084, 0.93003733433253], [1.0281573303176847, 0.059470309964780865], [0.5001203339173712, 0.8231986551620883], [0.4902692561857863, 0.8424338722217967], [0.07193356683347586, 1.0191892747545472], [0.954580368066318, 0.14224440453226883], [0.9296231718539714, 0.2000794264731511], [0.4781499059653398, 0.8704672123843337], [0.7686426835145306, 0.6884778590501275], [0.08484686448735446, 1.0089672820988753], [0.5126980925857603, 0.8015539835831681], [0.4505593807308217, 0.9238493545877513], [0.9069570713051491, 0.46702368183423504], [0.7766806372489948, 0.5764347733550006], [0.6937902871023071, 0.771060494232371], [1.0339014112581917, 0.05181167660031256], [0.11145728774911813, 0.983754929044104], [0.9710080726992854, 0.12492733472785623], [0.5090629035436162, 0.8120981666781247], [0.19405389160911363, 0.9295727077459384], [0.10373033826720379, 0.9916346232403868], [0.8517808538496402, 0.48421505431411105], [0.9488789363351517, 0.15066393370604725], [0.9463998136397238, 0.15858828794554003], [0.15691621936330918, 0.9422175839909094], [0.742806204314342, 0.74363086795513], [0.06565529821548312, 1.0244579357004353]]",0.023910,19.77
TNK,CCPSO_strict,18,100,0.004343,0.006020,0.866913,0.004848,0.739750,24.0000,100.0000,"[[0.7320740835933506, 0.7629931272702544], [0.8312631672917125, 0.49378790899429137], [0.45041781417426385, 0.9279924008929245], [0.4987437674739107, 0.8393699291476602], [0.8848204709462871, 0.4740926155971486], [0.5800001679293632, 0.7756677360585545], [0.5222733619847173, 0.7970431470119053], [0.9770752902500771, 0.11661504205359537], [0.6996682125505731, 0.7676386157564499], [1.0184297818791774, 0.07239593414376631], [0.18935656462845774, 0.9297714882184271], [0.8156233108567623, 0.5057401653153801], [0.9291094826284421, 0.1977417240631393], [0.7745356023909188, 0.5959412847937778], [0.7873047164809357, 0.5304434351854961], [0.4778980331929845, 0.8688340722807305], [0.14123919297164056, 0.9577157087093868], [0.07794337083518006, 1.0161403354784453], [0.1468134474695898, 0.9504953316705246], [0.7622145891658756, 0.728568276594873], [0.9500904742488768, 0.1506665253708199], [0.8014169021241231, 0.5265253992547075], [0.7711403745615095, 0.7025429158334562], [0.7792305321410019, 0.5657194957630831], [0.6215454806361347, 0.7738243966614113], [0.6825959445617985, 0.7709358136629709], [0.46882479788592957, 0.8894765338009645], [0.4536639449025203, 0.9226708823209241], [0.5362743339102138, 0.7886927262718886], [0.4857952389976091, 0.8570981172642589], [0.5299113975798531, 0.7914100868094163], [0.46127047871467874, 0.9092499031079738], [0.11831796071139054, 0.9758277090331714], [1.012416193657232, 0.07998036674009826], [0.9999052142799696, 0.09394857823895839], [0.8417699806263935, 0.49044822688273393], [0.973073702452925, 0.12229425103157644], [1.0070385940263689, 0.08728220933486103], [0.9832922549699923, 0.11172143179691041], [0.8559794548787608, 0.48769812797391854], [0.9120039260285954, 0.46001205734485007], [0.46547881851745354, 0.8989799290097475], [0.7388302588741832, 0.7491610350269582], [0.4612035917980518, 0.9161102205293711], [0.7683308358333425, 0.7191804341514164], [0.1667421808001186, 0.9375840820496317], [0.863116275807857, 0.48258455874216644], [0.15909550053963628, 0.94253317433615], [0.12438683812424495, 0.9692917195186571], [0.47925490880814914, 0.8634491970025595], [0.4881424589868071, 0.844805771909358], [0.8294254042505479, 0.5051829752069044], [0.5189128723191158, 0.801974828267793], [1.0250916273104376, 0.06514911698933126], [0.20965127349222112, 0.9297588783500907], [0.11378483157102151, 0.9823724912590207], [1.034251869258703, 0.05018914405099627], [0.9943448004572326, 0.10106038542940654], [0.7574150273147644, 0.734986705727095], [0.1534014682741117, 0.9473292914226276], [0.89172714650644, 0.47069103332087514], [0.5007858644458374, 0.8256861409835422], [0.9881735903232871, 0.10646748949606596], [0.7751435996736324, 0.5758704813115041], [0.09377390191991145, 1.0014096658617437], [0.5824874038983671, 0.7749011461384159], [0.0650276708980054, 1.025987126370898], [0.7205331720565895, 0.7639571389280939], [0.9217641337732508, 0.45450788124252894], [0.5523784990004924, 0.7786486741928788], [0.8034365486896423, 0.5117005750702603], [0.9243805346594266, 0.4516952765551482], [0.9684930745452842, 0.12737650099527648], [1.0297166558750346, 0.05703886040704587], [0.049094656678699736, 1.034887099722198], [0.5065940935448154, 0.8108098213735994], [0.8763742155263003, 0.47556720928017615], [0.5103257324079729, 0.8059867562325191], [1.0386599504655667, 0.04196345835182996], [0.8674652723866193, 0.4787769079470435], [0.5610442903867503, 0.777087431392192], [0.9549839039056617, 0.1425376245776197], [0.9332705602566636, 0.18614894627151202], [0.9448988364982011, 0.1605506161080551], [0.08497576953503405, 1.0097033703758542], [0.05624608155272984, 1.0303788333975852], [0.6792082514637133, 0.7722511415362745], [0.93644425904523, 0.17135207624900634], [0.47641281610440583, 0.8807395241750693], [0.17932116679752713, 0.9335453710922518], [0.7700106792626207, 0.7135628487694061], [0.0703812403865515, 1.0213655839257207], [0.9612709577589713, 0.13482988670799392], [0.1323412065030458, 0.9631872897319336], [0.04209588187637646, 1.038632409910614], [0.771577094618667, 0.6740341337975033], [0.1042376213726729, 0.9894138453421024], [0.9010037229519327, 0.4634373324639057], [0.10104139412610855, 0.9942144482988708], [0.7821932577988842, 0.5401611240753155]]",0.027582,19.58
TNK,CCPSO_strict,19,100,0.004625,0.007072,0.827802,0.003625,0.732333,24.0000,100.0000,"[[0.772289851103211, 0.6683319337316218], [0.5173187694773977, 0.8044526616382914], [0.5894440343130033, 0.7739273984328063], [0.04855570588898679, 1.0350028497786106], [0.9334270610625031, 0.17646213129876276], [0.8338612474289171, 0.503276264293953], [0.8086985717195535, 0.5106681125721314], [0.7152770192082969, 0.7612145068895091], [0.8680032119423778, 0.48591511797683995], [0.09903622556903514, 0.9967047453635652], [0.9710899808988125, 0.12502457388168653], [0.793693731332586, 0.5322395420177441], [0.8559798116380322, 0.48863577957677695], [0.4895641586768372, 0.8528417780723162], [0.931345001791292, 0.18739670482115167], [0.4545740625635367, 0.9216895307810455], [0.16450200664756887, 0.9406649819117466], [0.49141019732835156, 0.8392549269087444], [1.039596979708445, 0.04347783390247244], [0.9522928242523528, 0.14314170007166888], [0.9809880195857583, 0.11252470526425248], [0.9307854020345983, 0.19674064754370663], [0.7656063028201237, 0.7161530821313037], [0.7694196636442587, 0.6877004749387539], [0.04171027075975016, 1.0384550516524509], [0.9761618016989977, 0.1191120439921187], [0.7966498240021582, 0.5208489788802002], [0.8833005015372689, 0.47168750388479636], [0.9297815428837122, 0.20783461335111092], [0.9249420008205796, 0.45752579799812954], [0.7771479915126481, 0.571512275609456], [0.5603939718685162, 0.776505103373736], [0.7752048794241073, 0.6170692708649319], [0.7840577690139869, 0.5356175615965559], [0.18032604742955347, 0.9317652480798797], [0.45905633741926183, 0.91381883001987], [0.9109373179859361, 0.45960522396368386], [0.7691718387527837, 0.7071369795849013], [0.2020606633118543, 0.9296241310927766], [0.7357332479923143, 0.7520773496945882], [0.5229513818248784, 0.7951865985399319], [1.0076632286428469, 0.08610237123395253], [0.1295595947572446, 0.9647501969985857], [0.7089794492733887, 0.7667680888048586], [0.8354432344980617, 0.4921130614113367], [0.17286841277768802, 0.9363477592522917], [0.7428736466074172, 0.7493419437329011], [0.10547527741702947, 0.9904692102904437], [1.002315301474617, 0.09237183665369982], [0.6962056235359566, 0.7710012053171482], [0.9030579108407618, 0.4651457952395017], [0.9884065845760862, 0.10758075571653622], [0.5551134844093939, 0.7796701239422399], [0.9368718292702232, 0.1680693523912915], [0.9594201213016967, 0.13563519971274968], [0.4726667643997229, 0.8791120621676466], [0.07099503593010159, 1.020300126999284], [0.899463865887627, 0.4689605525557694], [0.48180339678835515, 0.8710488948856887], [0.9650677239661493, 0.12991305217481303], [0.19575371759465768, 0.930560689599043], [0.7308200906628652, 0.7604883080302817], [0.12248441323886158, 0.9713614393218031], [0.8492036671420363, 0.4902944751372995], [0.7732300876464792, 0.6370898353315566], [1.0196094012529422, 0.07144841388043455], [0.1543404718739838, 0.9441683456072114], [0.07634992053771114, 1.0151909310970055], [0.9417585673803452, 0.16145861903795206], [0.49609619550202827, 0.8277765790153516], [0.7570387568799016, 0.7231643852591356], [0.9461596496887161, 0.15211882250024777], [0.8241487127184031, 0.508615964485968], [0.484872584566168, 0.8586092200576452], [0.7825058180336355, 0.5507787318280009], [0.46756563113569977, 0.8913532820866744], [0.06400046512227506, 1.024886887516687], [0.754943226043389, 0.7326635998227893], [1.0341609698668652, 0.04997627051502669], [0.508593003903314, 0.8118883693270855], [1.0245396196772654, 0.06468335889315804], [0.4497286579070382, 0.9279797956111402], [0.09238954493858316, 1.0007233028522633], [0.13906025729395613, 0.957389205156767], [0.14610545808621964, 0.95124592054584], [0.5300620361656181, 0.7903708039737428], [0.05611256409769913, 1.030325974372616], [0.9254481731905525, 0.45311763094292357], [0.5039522665659235, 0.8192915210318634], [1.0296444057261935, 0.05810704451385762], [1.0127716707651702, 0.0791246417977309], [0.8044818386880072, 0.5167731347930127], [0.11340662102962537, 0.9800881633523382], [0.08714908693465087, 1.0064824462059594], [0.5453082282254395, 0.7811657181650731], [0.9949975772020315, 0.09848758525616316], [0.7817381815415709, 0.5594130170213722], [0.6935968066848569, 0.7712906201296219], [0.7704770910906638, 0.6770914616405495], [0.8725575412910935, 0.47919632238627946]]",0.030203,19.37
TNK,CCPSO_strict,20,100,0.004307,0.005703,0.901798,0.004245,0.755783,20.0000,100.0000,"[[0.5287751986108575, 0.7883576304530787], [0.5049242631688287, 0.8199389116644907], [0.13211459485248433, 0.9645621813437772], [0.1957016873539622, 0.9298412853542496], [0.7397965042243343, 0.7518550633478601], [0.1526978147479915, 0.947423971570631], [0.7665913769683458, 0.6956672490792604], [1.0164447855635255, 0.07503737033120889], [0.7329495591506774, 0.7576123470910097], [0.9811218675026381, 0.11378855609169002], [0.9714491927539628, 0.12649897983334085], [0.4835296955431179, 0.8582386532337738], [0.042273035968899274, 1.0384379731643087], [0.9908878605569194, 0.1029968698039649], [1.0125575013590018, 0.0795281560441253], [0.7773136226048515, 0.5606697249728444], [0.540110670122752, 0.7881228169044645], [0.7573989046146207, 0.7297650722396323], [0.49297152435755137, 0.8403347894696638], [0.8532858260450888, 0.48659952285557184], [0.9579197858038916, 0.13655575358017907], [0.45056476015790314, 0.925516009653895], [0.7767199599219129, 0.5925913062442109], [0.08203255384611687, 1.011017989414078], [0.4625731748467135, 0.9023337124241552], [0.12590891935112755, 0.971297604373486], [0.9405481093592352, 0.16039479828503167], [0.8961749538944583, 0.4677869853923906], [0.1722869014538602, 0.9364721665424639], [0.6943939481709531, 0.7677188451650484], [0.07590233154907633, 1.0172284835508465], [0.6875818437631857, 0.7724787870469243], [0.830821312756788, 0.4974071799934579], [0.14297654894147865, 0.9523724154585278], [0.9849753492443019, 0.10860920236453514], [0.4786734486033166, 0.8682944055960544], [0.712970640182471, 0.7618616481894243], [1.038390429968964, 0.041973645403363256], [0.46983139893768033, 0.891492354311665], [1.0261448898425989, 0.06309572245933678], [0.5208528281995395, 0.7936082917447758], [0.5142229691473044, 0.8047890567239356], [0.7054233726051264, 0.7650317749110392], [0.8600230853432664, 0.4817182673933327], [0.7613710856928286, 0.7114913812180521], [0.9371039184543327, 0.16997467129033203], [0.7734126039765459, 0.6625531742996622], [0.819998775820534, 0.4999199288777572], [0.9477634305502561, 0.15196767430147534], [0.7954377993873453, 0.5265122605665337], [1.0072209341458636, 0.0859252259038662], [0.4755922527139775, 0.8788590161196304], [0.4563895444428228, 0.9141594530728906], [0.7816119712503138, 0.5463574435849168], [0.8033343993548697, 0.5154040764636776], [0.5499982822964569, 0.7851442663702413], [0.9304839350834461, 0.19049148613266897], [0.49720291681895246, 0.828142766368448], [0.9106565345824634, 0.46056415597522654], [0.9022597787514315, 0.46396706047932373], [0.16229509309469686, 0.9399555088306202], [0.8126089826849872, 0.5092197312794535], [0.9655669920460946, 0.13151622013618705], [0.5894446072656383, 0.777241913870208], [1.0311766757458967, 0.055519020832476604], [0.773729323619767, 0.5925970234908882], [0.9959882587955001, 0.0987883836285615], [0.06858759280596793, 1.021710998235228], [0.5638294813363711, 0.7799743844239648], [0.7697367762237834, 0.6850772035088397], [0.9519735124967353, 0.14377562459078325], [0.921939653121503, 0.45373529956712344], [0.7716771318913177, 0.6756772015979309], [0.7886745684815271, 0.536294029296378], [0.7439940515728236, 0.7474531035285626], [0.09000163633947994, 1.0039552221794832], [0.4888132074463881, 0.849293540553027], [1.0218571814355901, 0.06988209965240882], [0.9759143901021642, 0.11965565957081274], [0.13760768714573685, 0.9580252995768527], [0.5057796343787996, 0.8132998520753274], [0.09658291334647791, 0.9975777375777862], [0.8844783988221954, 0.4799743567596927], [0.10237564896963126, 0.9913562437319883], [0.7786771150155727, 0.5592931492658251], [0.841114638698905, 0.4907193261102724], [0.803088021938541, 0.523109643963299], [0.75945448672274, 0.7234933659068059], [1.0349011664438297, 0.04859637224290367], [0.6256614134909562, 0.7733899860449729], [0.11728502911208298, 0.982111105447363], [0.1819832524295354, 0.9318224948806633], [0.10853050512376593, 0.9856736239304402], [0.9337636855882445, 0.17566881676089152], [0.05143713107557375, 1.0333017847471813], [0.8921231589314641, 0.477026458658414], [0.061712330483643135, 1.030935535214594], [0.577826593140656, 0.777407846549244], [1.0029852241926065, 0.09312764547453538], [0.11990652620351122, 0.9739275806651693]]",0.023146,19.55
TNK,CCPSO_strict,21,100,0.004417,0.008558,0.771177,0.003723,0.634050,23.0000,100.0000,"[[0.7760874650059761, 0.5674772267520145], [0.4613125815770141, 0.9220422555139232], [0.4987222158027527, 0.8362909015619294], [0.6445477290234205, 0.7731678767957985], [1.0384787408482274, 0.04321925131268157], [0.9827006631280663, 0.11185530061959455], [0.47055152958209656, 0.8995039169861838], [0.11097719013624743, 0.9827203228135551], [0.8151348330586242, 0.5039777808698472], [0.965872591054547, 0.12856126321394346], [0.7731777972968593, 0.6630914648150749], [0.7297794312767532, 0.7535786279110315], [0.9527529031042419, 0.14331079773690505], [0.945593576647626, 0.15247441277904053], [0.484585350833365, 0.8558382554853559], [1.0220193579860029, 0.06847473666769785], [0.17193444309157524, 0.9352768762191684], [0.7080951228631176, 0.7641989893065487], [0.2032795207253304, 0.9292147186705153], [0.16401305382234446, 0.9392425911265238], [0.7617933398091439, 0.7154235016311976], [0.18958064840917088, 0.9300239864875275], [0.990955648736529, 0.10355663663171874], [0.4740644156618953, 0.8852242041907237], [0.04973724229516649, 1.0347663614395255], [0.11742607532572105, 0.977591899273716], [0.8103487656536562, 0.5069183659930578], [0.5966975440379056, 0.7751332085867715], [0.9592917695103804, 0.13522732702116064], [0.15555456691672015, 0.9441691793738307], [0.47689701203426493, 0.8694308778711202], [0.7848975503612261, 0.5558011831336738], [0.6113674362200144, 0.7750115841832713], [1.0278210137691224, 0.062104215795483295], [0.06826749558177868, 1.0220195800436558], [0.7395511442060732, 0.7437085690162912], [0.5373023002368987, 0.7894463781756125], [0.8863904463443544, 0.47028819942277234], [0.9774539380214128, 0.11842563267647592], [0.8729523708774269, 0.48082258989165316], [0.7739501802303412, 0.5917561403874638], [0.46249997807939236, 0.9077621626426853], [0.5791639270588169, 0.7778983240299573], [0.13891909964129612, 0.9569189216700845], [0.509333258083429, 0.8130793054278714], [0.9283859470110749, 0.448085950130719], [0.8301042032377359, 0.49405488248214874], [0.785000362989474, 0.5447838901258649], [0.10028061053675001, 0.9950099366391485], [0.77346759004786, 0.6565240674995307], [0.07554501882793371, 1.0170947603027112], [0.7728516086595364, 0.6781320834180293], [0.7854805093730528, 0.5330294516838892], [0.8964163556376445, 0.4650958922485017], [0.8004283562366158, 0.5194378477973931], [0.13155723016453308, 0.9635906265694025], [0.5301373001441546, 0.7948374801098541], [0.5194620976862776, 0.7979747418815013], [0.7222606491306001, 0.7636941468781383], [0.9092655065201058, 0.4628690733652031], [0.48201811302001873, 0.8677583885802658], [0.08381186560128084, 1.0097052930580732], [0.939037669594612, 0.16608227598812106], [0.8760294009384033, 0.47417767713996317], [0.059258280902019254, 1.0283855807613458], [0.14762238621717721, 0.9489835787462699], [0.10565916590174346, 0.9892231070405577], [0.7695416054890081, 0.695067390922532], [0.04276928229058082, 1.0392212705101682], [0.5459478160661847, 0.7804020722702021], [0.9726346979424938, 0.12454715434008239], [1.0326536544948195, 0.0524696114432885], [0.6287580630411038, 0.7737094215131485], [0.6658400662694386, 0.7721237552091841], [0.9975609560959718, 0.095692024448222], [0.8399794879400093, 0.4931383084590776], [0.9209222878901162, 0.4537295230573314], [0.758994965558611, 0.7223989969461073], [0.929474421577704, 0.2040792178069765], [0.9156598213559672, 0.45962498398435736], [1.0111054285534489, 0.08359245105347926], [1.0046692763228107, 0.08849085348014282], [0.7583129433271607, 0.7354356285275061], [0.09208196258790582, 1.0017229370505734], [0.5006480445236008, 0.8217492975277002], [0.9347162032638332, 0.17254096804376406], [0.7037876216534753, 0.7683617768944286], [0.7737784336883065, 0.6171709411583447], [0.8517252403290556, 0.4897149403779737], [1.016702804030611, 0.07508770641964294], [0.12336349732635678, 0.970477969573327], [0.8554381077289912, 0.4835383174291679], [0.7486576175150691, 0.737623602506264], [0.18578028930736318, 0.9324510583045394], [0.9305490768018798, 0.18709779211564748], [0.6847701009015078, 0.7707365548851322], [0.7947256114352519, 0.5229387897913412], [0.5142601198106928, 0.8072326115438255], [0.4911716062674394, 0.8466900567022344], [0.7653598876963892, 0.6999569372908965]]",0.025193,18.80
TNK,CCPSO_strict,22,100,0.004124,0.005449,0.758494,0.004160,0.744339,18.0000,100.0000,"[[0.4904669830307967, 0.8374882554692433], [0.47513956707266863, 0.8848668027539263], [0.8702884850727055, 0.4839087053729916], [0.7440686063192226, 0.7441055449321248], [0.9299214078563651, 0.19215691167586607], [0.1177806200379955, 0.9762314622504805], [0.503137781276174, 0.8154107181170219], [0.4821150939743453, 0.8628242376665989], [0.11190523546750485, 0.9826910782462733], [0.726411414528743, 0.7571380030654806], [0.5728653283075475, 0.7758066260043945], [0.7958393326268212, 0.5300994129941481], [0.457293097998443, 0.9136186815106694], [1.0385039601178436, 0.041999900317795005], [0.6374529873708666, 0.7733511029897895], [0.06304829657122121, 1.0257643824421983], [0.7774857203862088, 0.5620617668362968], [0.09733773986909061, 0.9962163007517127], [0.7859503329669555, 0.5551948475454414], [0.7097090017119281, 0.7620045148182919], [0.9333019130931874, 0.18525153317261306], [0.9907418783127941, 0.10322706357338718], [0.7746662687693906, 0.5838633374621476], [0.929337777202365, 0.4470286769232025], [0.953502194569338, 0.14434654568517413], [0.4792265817481343, 0.8823007769508571], [0.5870565648197629, 0.7745353529400382], [0.8891007153834537, 0.46998872591933505], [0.5623928133984767, 0.7792964887677671], [0.8416347133736273, 0.4891858183940173], [0.7732523001818694, 0.5970737972929171], [0.8719711892754718, 0.4783907117460704], [0.8352254191328946, 0.49277872843999165], [0.19313311809209197, 0.9294858460337673], [0.9479999583624887, 0.15124265612376575], [0.55231911151788, 0.7814208992662331], [0.7566347116267411, 0.7238997727669632], [0.5168385790667855, 0.7986898844774307], [0.854947634480063, 0.4853143221453858], [0.13515035904249498, 0.9605713075047604], [0.9660693055708293, 0.12890058913498365], [0.7880307843658267, 0.5322623186119098], [0.960249342036906, 0.13535803134627292], [1.0077308555423048, 0.08599290610389995], [0.8792012248178362, 0.4729472428839402], [0.7682226528255196, 0.6906463333487154], [1.035309075645492, 0.04788794856574487], [0.1426132777022202, 0.9560487578837962], [0.9128798417940642, 0.461188021902475], [0.5409497541662601, 0.7819361687408434], [0.46448400224718495, 0.9028796171818837], [0.05729952566184873, 1.030580747360425], [0.6634538445775566, 0.7732680021936629], [0.1658807962718022, 0.938456231547663], [0.8250425544634048, 0.498792999554455], [1.028033721619047, 0.059441254268819514], [0.9347798095561463, 0.17828996966306385], [0.44727534793511303, 0.928536223513709], [1.0023100059175098, 0.09172082689491087], [0.49726205568050746, 0.8327248366378741], [0.7971046368357009, 0.5185638559268559], [0.15847067948840277, 0.9418028983010276], [0.4888216454585627, 0.851943855811838], [0.8088639422834106, 0.5066698053926266], [0.9222638165220537, 0.4525773158644695], [1.0318629204367644, 0.053756778527077075], [0.9963708697199626, 0.09714571856472659], [0.5072323081459033, 0.808222405579026], [0.17318211418750207, 0.9341251473484142], [0.739278724420737, 0.746621046779922], [0.9365283092224062, 0.16801411320734064], [0.9024581241031425, 0.4669820304092316], [0.5286670336537174, 0.7921000963125774], [0.5115255805011231, 0.8045987785426085], [0.049732306961958364, 1.0350994906800277], [0.9817264754813667, 0.11871103124622213], [0.0932468649197288, 1.0031426172780844], [0.9845370079983037, 0.10996037217937416], [0.7660465423855001, 0.7087790431411325], [0.7614609633145744, 0.7110626223585751], [0.7502588283247964, 0.7358976672935185], [0.6980362678251124, 0.7674695271663352], [1.0167149883187343, 0.07936714307946258], [1.0201744211085628, 0.0734680738607908], [0.9732265326053918, 0.12315762729790855], [0.8221215175909669, 0.5022352017143732], [0.6956225375858949, 0.768712308463199], [0.9426251676979647, 0.15910191588091993], [0.1832941000536097, 0.9314836802536357], [0.7299189484167145, 0.7568179036570855], [0.12341853809283365, 0.9717736429878485], [0.10701036481018214, 0.9903339919935179], [0.06894904876286695, 1.022091289168773], [0.041672977134328416, 1.0384458095691727], [0.07707100316231652, 1.0151710777452225], [1.0269420931299078, 0.06793024467818506], [0.08616277463024409, 1.0074749967127867], [0.4737536302293575, 0.8958768735453131], [0.12796256612225443, 0.9676299268822915], [0.1498661218550748, 0.9473298905683016]]",0.023499,18.90
TNK,CCPSO_strict,23,100,0.004502,0.006005,0.944011,0.005097,0.744009,22.0000,100.0000,"[[0.48638335821468714, 0.8528777765402222], [0.6472525691816948, 0.773428051892984], [0.5913366125565567, 0.7737445602607105], [0.11971075308195414, 0.9738919511733798], [0.7701552068926358, 0.6851145976222001], [0.13524720313007121, 0.9627124524602265], [0.150787449658937, 0.946999844770025], [0.79588683363471, 0.5204715825986012], [0.9400990276036998, 0.16103897846245374], [0.7737210771028573, 0.5832731979994878], [0.9730650507632377, 0.1207881623895971], [0.7655134808817113, 0.708203487985713], [1.0005584017734752, 0.09352527042033398], [0.47643882936570714, 0.8782317703220262], [0.46804680986540803, 0.8916717691854932], [0.8619964427215858, 0.481985509292901], [1.0211807304989913, 0.06917322858422986], [0.09838771810654508, 0.9957721189650778], [0.8459466171036122, 0.48972030526662946], [0.5184063149802854, 0.8148648193173629], [0.9302082119273967, 0.1912567184973633], [0.6162121745277167, 0.7737293237114402], [0.5510508956701301, 0.7786064821026862], [0.9292370797561456, 0.20471475444455092], [0.9478759172841865, 0.15024861328085148], [0.7340939899303167, 0.7575727136701603], [0.5416479344285142, 0.7849172413377435], [1.006524132102579, 0.0867793211973697], [0.46754009778774863, 0.9081762717501585], [0.7370645233204074, 0.7571549504580584], [0.5315663915869603, 0.7863135706319491], [0.6833608924867145, 0.7707321110684116], [0.7539105590642952, 0.7341159013190954], [0.5229058196215857, 0.8010178409456923], [0.7769654226470014, 0.563283210984638], [0.795707742978629, 0.5354926587570445], [0.17543258284890018, 0.9336345527869037], [1.0323315898579184, 0.05315510219185336], [0.7060813354301861, 0.7641822027317976], [0.042418214873483295, 1.0382236925517236], [0.8083280811309421, 0.5102518752286951], [0.9135413027255652, 0.45851427428305364], [0.1452496391628414, 0.9517225365477868], [0.47863498031933227, 0.8651438983901616], [0.9644648292131881, 0.12969437629583744], [0.9441124925920268, 0.1539541954041366], [0.11032549047523016, 0.9848566918041493], [0.7756660015445578, 0.5776279721672088], [0.11494100191048241, 0.9798715783739766], [0.1583216856357454, 0.9431575916069759], [0.9243138709777909, 0.4516974168003721], [0.8223413698549945, 0.5019034635643504], [0.50718114157363, 0.815949289952224], [0.07151642934698853, 1.019105539660461], [1.0264338976105645, 0.06166762887341952], [0.14030141793379905, 0.9554399456433533], [0.18810608901613377, 0.9322316067233221], [0.5010972277954568, 0.8193198278825577], [0.9329516907766433, 0.17890372393506498], [1.0179373207901747, 0.07624291555590523], [0.45238306597345923, 0.9259518110540218], [0.9232164267444011, 0.45340739494272025], [0.10458684534442672, 0.9909607902336112], [0.5234369803624558, 0.7922062191498283], [0.8852575993936873, 0.4706769885872373], [0.7452186424683492, 0.7390860227976748], [0.06533080137111982, 1.0241358340321165], [0.897690019840675, 0.4661359499995273], [0.7673582303402589, 0.7066413144479802], [0.5718116175067267, 0.7773129587437453], [0.9530360569295353, 0.14283549915250598], [0.8354693744326799, 0.49259925870859467], [0.19111147035277254, 0.9295796472212484], [0.1667932436442918, 0.9395805598814289], [0.875944382599886, 0.4747336669754526], [0.08484186601887124, 1.0087320863934597], [0.9979933376580334, 0.10090739564836997], [0.9891879036476654, 0.10555670259462516], [0.8224828890183928, 0.49902101687813794], [0.0508255015078455, 1.0337636543046815], [0.8319820577555049, 0.49369899769844516], [0.7791236506814203, 0.5513442131554758], [0.45801502833713303, 0.9161855559558805], [0.12644262088129413, 0.9698894584740252], [0.6743509785235513, 0.7710874633359064], [1.0384708597755177, 0.042568455766460435], [0.8001719582805302, 0.5156652557027948], [0.4959144878444007, 0.8272351612493553], [0.492277718892684, 0.8388148411994876], [0.05766447658159558, 1.0292628216635584], [0.519764717690118, 0.8095881357574858], [0.8531354115005527, 0.48426498957146236], [0.9366099309718381, 0.16909268139810116], [0.09195405197932988, 1.004009315978555], [0.9834003617138624, 0.11294736424971324], [1.0114217013452993, 0.08101907274148407], [0.7565226331129378, 0.7267808012977726], [0.7835630478414862, 0.5372856222214948], [0.07761144605177184, 1.0141276518157725], [0.9612948671782129, 0.13498757503832576]]",0.027344,19.95
TNK,CCPSO_strict,24,100,0.004392,0.007174,0.705065,0.003146,0.721952,19.0000,100.0000,"[[0.7535618281918852, 0.7377794189210989], [0.8085316989990694, 0.5148475237145732], [0.9949471393249065, 0.09973831908733839], [0.7304023475012059, 0.7540731270729613], [1.0065939259160985, 0.08814343692170394], [0.48255128609092146, 0.8574095934322163], [0.786456219329452, 0.537059356608671], [0.855630704565802, 0.48390598345344876], [0.9175765186789289, 0.4555530557865983], [0.5566215084626653, 0.7780093296140224], [0.7713932385116216, 0.6746337968974687], [1.010328211448578, 0.08224966478634196], [1.0204931705707825, 0.06992505965371831], [0.08936026312685282, 1.004685262977691], [0.9519397128211591, 0.1434872532500347], [0.7753283355466755, 0.6071042238678417], [0.449663821587402, 0.9251029815603178], [0.5840852424621146, 0.774770580445609], [0.08169030163967499, 1.0111939994583095], [0.7182234713860065, 0.7686793828250931], [0.9290917179806688, 0.19704885311029702], [0.9761985116622688, 0.11903728347469036], [0.8404379243000728, 0.48998638494807134], [0.8257658926742306, 0.5006683602323359], [0.5024223025142309, 0.8252353812525071], [0.7361159103706415, 0.7513152163537233], [0.5206288118735148, 0.8027192672627537], [0.8133455321216015, 0.5080043980348186], [0.8486624543516044, 0.486328596221221], [0.7741023195065123, 0.6324365130095282], [1.0006112451319937, 0.09297551498669626], [0.5735522524764666, 0.7773240579500109], [0.9888965005460204, 0.10474350669425922], [0.7796605502257821, 0.5497883736420737], [0.7732330782648983, 0.6415441751277224], [0.7907228854566228, 0.5276111231927123], [0.49464563642834586, 0.8334632914511363], [0.17507575331130742, 0.9337597195489232], [0.10461541181300167, 0.9888601987636898], [0.11878679692134851, 0.9747604479233246], [0.7210861446604657, 0.757676375780279], [0.4703290542125385, 0.8917462604600147], [0.7697729777406276, 0.6951500535421984], [0.8851606195446736, 0.4724754301376339], [0.9453855627961978, 0.15221852748586648], [0.7764961587244036, 0.5646778696315491], [0.11307493179132241, 0.9825428131784315], [0.16677374253955274, 0.93764664456004], [0.7651923189954839, 0.7092422792509947], [0.06161514183817757, 1.0267377298058191], [1.0349433311325216, 0.04914082588523431], [0.1523310953591392, 0.9466882604284089], [0.4902033227046407, 0.846510856352662], [0.761851228222445, 0.7138446186909952], [0.12488299269026515, 0.968641195688885], [0.9363175054532981, 0.17049174877421983], [0.4801164432724997, 0.8744375873840018], [0.502683400988529, 0.8158743703913794], [0.1602055248959043, 0.9424122294028581], [0.5484678029430107, 0.7840254511067593], [0.4617032747911702, 0.9067367403037832], [0.9732641589365029, 0.12456450260881913], [0.8358793779873014, 0.4988338832933362], [1.0386093537247447, 0.04202440359938241], [0.1316781854963695, 0.9631564287251208], [1.0257126613268401, 0.0631562401233319], [1.015193315988541, 0.07648533644548687], [0.9577686713660389, 0.13787045041185986], [0.7980481565516, 0.5162716368779963], [0.04260322840818881, 1.0390311060768995], [0.9643699050062888, 0.13009295406525526], [0.9043475081188334, 0.46377634571373794], [0.9824408458942462, 0.11205490562304056], [0.7594165674637543, 0.7259265412516642], [0.19958226738803095, 0.9290907466950821], [0.7413820194740496, 0.7448283197064202], [0.09605749214557063, 0.9973619209379474], [0.9403921921233354, 0.16076527903971266], [0.6684445560831581, 0.7719959462536017], [0.4570855019572007, 0.9183898013067936], [0.06867795656048253, 1.0221973295099087], [0.14583987108133695, 0.9510918800511007], [0.8977256747308914, 0.46926553913253766], [1.0303152801083177, 0.05621259831877476], [0.04987309975803547, 1.0347748621295796], [0.18584772455478346, 0.931866662493724], [0.9325127566935234, 0.18401183560245257], [0.8805460151604176, 0.475675319098398], [0.058029930969850076, 1.0325608286009744], [0.5275018162127157, 0.794105376726808], [0.912283879077819, 0.46316990525454005], [0.13804503159506254, 0.9576460040261143], [0.47522531775053134, 0.8798897260125285], [0.5124662817239759, 0.8076381310394789], [0.4658041808041885, 0.8951337940745547], [0.5333539361252168, 0.785694848706304], [0.07660150022871955, 1.0152849141728597], [0.6847744317414792, 0.7701773274935576], [0.8673394154615777, 0.478392337729894], [0.7719979619924149, 0.6663340142499705]]",0.021847,19.79
TNK,CCPSO_strict,25,100,0.004057,0.008489,0.591393,0.003954,0.700072,26.0000,100.0000,"[[0.8617072407644382, 0.4798791717637103], [0.7665362618115148, 0.7021962998630933], [0.8418819479792741, 0.49142884606609993], [0.7520419804654852, 0.735371596054208], [0.70539959402469, 0.7680136626670938], [0.4786012584920162, 0.8730551022912222], [0.7851671631751914, 0.5342000548122771], [0.9813433858445507, 0.11237900686996237], [0.8715182784353516, 0.4766112025615633], [0.9311273831425377, 0.18248593306121147], [0.48738051642124364, 0.8517274915090707], [0.9304848785198921, 0.20367364023483575], [0.04190954079283872, 1.0385030650278315], [0.9489070413699805, 0.14761795513681242], [0.1405878940229698, 0.9569391634052185], [0.9190008746469919, 0.4537714521547605], [0.49809083796887244, 0.82986887582054], [0.164544899262744, 0.9378878600696954], [0.9022263935593924, 0.4635305331586942], [0.507483389654219, 0.8109955284433448], [0.9970213331514872, 0.09632255074873287], [0.8062630809664524, 0.5130534031181748], [0.1479655881065678, 0.9484240966617956], [0.7726265933470264, 0.6778711323306497], [0.7583268823625331, 0.7180763755645604], [0.8834433132506769, 0.4733324411997796], [0.9440658306530986, 0.15567901676506707], [0.7772023185160827, 0.5708225201722512], [0.06280325623503429, 1.026080369793011], [0.4730437397374138, 0.8791053608561813], [0.9864891441140683, 0.10747839103230133], [0.10619387674542016, 0.9887521830602695], [0.1178944640306401, 0.978067220789586], [0.5453102737050872, 0.7893275856612054], [0.9918050474336171, 0.1030520154365957], [0.9761182242709159, 0.1189536567639281], [0.5635477083655727, 0.7784522318815673], [0.49739399425469505, 0.8479686064999348], [0.17317038003812246, 0.9350496591792409], [0.12317763608397708, 0.9709703213843635], [0.503772451214703, 0.8203956029981404], [0.45369281691498486, 0.9207702105762517], [0.18308662657541264, 0.9325548433528723], [0.11212476266783657, 0.9829329875937776], [0.8200905200014531, 0.5012257263753999], [1.0210587084107206, 0.07047551479070442], [0.15839978801642002, 0.9429799392249173], [0.4657871633839083, 0.8955571634206958], [0.6869237213034997, 0.7711827037541286], [0.7637826497980625, 0.7096834918709434], [0.52035023819777, 0.7989192287137811], [1.0253409540359932, 0.06332606770247312], [0.605325516163816, 0.7745923122880446], [0.850931773329307, 0.48681570650073686], [1.0340694228712577, 0.05049032984718152], [1.0016571294251835, 0.09150766933072389], [0.5286153253862378, 0.79123204863057], [0.5526369457310552, 0.7849436310986154], [0.8292551943177568, 0.4959653368427172], [0.6803975989979338, 0.7730140161160032], [0.5938640735791403, 0.7751110783397472], [0.754446062271003, 0.725907190327886], [0.9408044897352258, 0.16313549222812146], [0.9375050354130671, 0.17218091925558737], [0.08980454833228402, 1.0036650119399462], [0.04935670243388113, 1.0349714242074677], [0.07458828499349371, 1.0178327133364304], [0.5115159335525321, 0.8046807657107052], [0.09998402319272372, 0.9947474992567757], [0.9629939288518392, 0.13327351823904393], [0.08003700268942418, 1.013028502001061], [1.0388137147031304, 0.042820373463069154], [0.06862636882350705, 1.0215554494104706], [0.19639931378444875, 0.9298532624151485], [0.9308354745538382, 0.1981390500221693], [0.6295366175048213, 0.7731644395792017], [0.9687069225935246, 0.12488042612652903], [0.7786688608383501, 0.5600188918873105], [0.05575494419044241, 1.0308010380410462], [0.7920799040126646, 0.5320482496294854], [0.45937592306355424, 0.9084250207846578], [0.20001605024810754, 0.9297998428584624], [0.7274487361296685, 0.7534737492818917], [0.7743091394848141, 0.5889305569066834], [1.0300800931817793, 0.05691189181164509], [0.7727988509428696, 0.6446097913196536], [0.9558735379098171, 0.13933582211831197], [0.7976983963611017, 0.5187091775505688], [1.0101275507503285, 0.08797153408881597], [0.8973170626406142, 0.4692287569779478], [0.771707299870012, 0.6855728107922253], [1.0151774855682005, 0.07715511854394845], [0.780204869694721, 0.5482522229405227], [0.71919317576093, 0.7610975922572708], [0.4698389993964992, 0.8867431301981811], [0.13334757398633917, 0.9653304969048091], [0.7435574275285769, 0.7432637819349494], [0.9296105767022289, 0.44849515827818587], [0.48177916153961203, 0.859348806215666], [0.6275736287174545, 0.7732516909576939]]",0.026169,20.24
TNK,CCPSO_strict,26,100,0.004904,0.008154,0.800809,0.004769,0.719826,26.0000,100.0000,"[[0.6590745380930502, 0.77218451656179], [0.8959459639902194, 0.4705253692527511], [1.0053982291587436, 0.08745527805897707], [0.7698392402660956, 0.6886226681161208], [0.4892412788771879, 0.8467286864711907], [0.7772204684192532, 0.580869272321473], [0.7734253612197888, 0.6443763616015435], [0.978772699761631, 0.11508695253973289], [0.11941222557811734, 0.9762157716540545], [0.9100609926708491, 0.4654475056455229], [0.7868289869451476, 0.5328134616692413], [0.7206786822167592, 0.7620745352808065], [0.910389371324118, 0.4582290346982751], [0.5171460866969857, 0.798825667910593], [0.15050917285849297, 0.9490265831452483], [0.7387428968575118, 0.7470053940731356], [0.49116244584946234, 0.8369356229460577], [0.8483796892233757, 0.4867020839015872], [0.7624674571872465, 0.7090871375892369], [0.9695350508838841, 0.12934667669308453], [0.8367498269563144, 0.4916558517347063], [0.7756835649834702, 0.5822894506571072], [0.04355224649175893, 1.0386500659270013], [0.0828659178468043, 1.0103150559908618], [0.11363757434378818, 0.9803883149560049], [0.6012805835671755, 0.7745812905540054], [0.47879469364184674, 0.8691660151721641], [0.07548268046037876, 1.0158287186380424], [0.7738862448899635, 0.6186590847795113], [0.08809335931044301, 1.005151025395821], [0.7811966388451783, 0.5431213570990518], [0.7468369746004144, 0.7419162596561796], [0.18654658040013833, 0.9304649651103416], [0.8625550288728814, 0.4830487210953818], [0.5046728386511152, 0.8143600081880054], [0.8282635370331062, 0.49649882384764676], [0.7671608888099124, 0.7053339951173186], [0.635216987581879, 0.7730999281979982], [0.47488946283210703, 0.8777246059386974], [0.5169234661147196, 0.8060835427114035], [0.14206240636345246, 0.9554055239740024], [0.9403091042475357, 0.1654428626742832], [0.7361006962712174, 0.7541715936617752], [0.0939644233990356, 1.00160733590196], [0.7676320865728122, 0.6931250366343459], [0.791984427111962, 0.523835209735098], [1.0109008601006988, 0.08247596604045593], [0.12518228826293049, 0.971747914454656], [0.9722006301525045, 0.12198874938512397], [0.6923520650177462, 0.7721624617084667], [1.0152271342400099, 0.07828278353470683], [0.09900027134905079, 0.9965072611036255], [0.9294853122383361, 0.20778432990924128], [0.9439478981485373, 0.15490188508226482], [0.9308359363232546, 0.18639604059297785], [0.7710964153431342, 0.6729354675112541], [0.731301533892201, 0.7587942203382376], [0.16052962647700808, 0.9437646679795174], [1.0196609160928303, 0.07070432390348583], [0.5685204053532996, 0.7780192182663064], [0.10891872137137419, 0.9850264834793478], [0.4636628365656249, 0.9046575253682428], [0.9963480183063673, 0.09737010986919294], [0.1694587278291936, 0.9374983831777967], [0.06303785363882448, 1.0258813351169467], [0.930540841197534, 0.20110821362658668], [0.45050000222776787, 0.9238114585346413], [0.5273878240057908, 0.7900827600063924], [0.9240339673250517, 0.4552384094534344], [0.7746529741278294, 0.6046998877285112], [0.8214331736798889, 0.505172583463608], [0.4561275811787262, 0.9170989692519227], [0.9915004570105236, 0.10212286986727503], [0.9862710800576904, 0.10804243109822673], [0.1043229322786486, 0.9910599289466202], [0.8855473308586479, 0.47205714132268983], [0.17838852392357568, 0.9345020002936182], [0.9496826243428418, 0.1465214173856435], [0.7963897392654329, 0.5221926859238347], [0.19498843992044812, 0.9296345940364821], [0.9346688171744719, 0.1735495245118147], [0.4993698862909926, 0.832767539107178], [0.05025256402750184, 1.0340978056461212], [1.0340204547131036, 0.05073405976904022], [0.9583430738183191, 0.13601557087167454], [0.8039102439831233, 0.5154235665613293], [0.06997449450071591, 1.0212813716962272], [0.5441625348023358, 0.78968662114165], [0.5503533282747213, 0.7798349232624504], [0.9563625395384356, 0.13887452694036648], [0.4697395409873498, 0.8863487864393256], [0.8110802600141233, 0.5089927908971784], [0.878634635111232, 0.4828378357953832], [1.030845143676613, 0.056760393970901095], [0.055857684038086775, 1.0304484590183145], [0.1318841309723407, 0.9620342758935987], [1.0271623180286684, 0.06449383389764729], [0.7020372084305995, 0.7656510027114437], [0.5575946292628862, 0.7793191497754289], [1.0384701911403105, 0.04171898719080546]]",0.028688,19.11
TNK,CCPSO_strict,27,100,0.004320,0.007094,0.620437,0.005828,0.730598,14.0000,100.0000,"[[0.809163795152884, 0.5073829926032137], [0.1596175263684267, 0.9408007459493689], [0.9541956896803542, 0.14357666227337773], [0.0696119296759625, 1.0210781719505508], [0.5598846000187302, 0.7799305840194115], [0.8855022251454687, 0.47643841282720134], [0.9884142921623953, 0.10539341766308116], [0.11387265798635221, 0.9795705532333463], [0.06264330699414551, 1.0257291118231708], [0.936862256147322, 0.1784115661468778], [0.7777135076691366, 0.5569195097115978], [0.12422602917843595, 0.9692563484373997], [0.4765247294677935, 0.8786836893783714], [0.16960511513132565, 0.9368221864949029], [0.9291660637978372, 0.19881464917819772], [0.11925752137121809, 0.9760482791616525], [0.7385596777792522, 0.747308740158358], [0.9768012623291494, 0.11692182231268394], [0.5211123902492398, 0.7997135767921842], [0.8631028365450671, 0.47959807838000423], [0.1788836123803037, 0.9328026853288914], [0.5016277169569566, 0.8272169859416875], [0.531025837837701, 0.7922060653884371], [0.992968023385248, 0.1004780547271007], [0.6838704904252655, 0.7697299947528149], [0.4877887234573104, 0.8455018206916874], [0.18882720962402538, 0.9304457411154697], [0.8702747864166366, 0.477025450148592], [0.057191707303903536, 1.0300565453319055], [0.7760813580759272, 0.5756531217066594], [0.9375851040327081, 0.16718597374868194], [0.7676347894243369, 0.6940637617936696], [0.9982034266440283, 0.09609859918156514], [0.1401222917720756, 0.9558082469655289], [1.0278568689256773, 0.06140547015573503], [0.9106082957659865, 0.45817902931896876], [0.9189762868305982, 0.4534976653643147], [0.45819000389721276, 0.9212515900818219], [0.8550079895052614, 0.48365376481955247], [0.7034237483046328, 0.7659564635613965], [0.9285117357610008, 0.45335971210527626], [1.032658325976118, 0.05314619914133597], [0.5436791527734303, 0.7831961991455482], [1.0045393873976425, 0.08885202847101926], [0.08068401611286405, 1.01153303156864], [0.149094764204713, 0.9524778990285303], [0.9598921699777909, 0.1349694332172285], [0.48351341590615304, 0.8588740281797209], [0.6934286242539447, 0.7671726305793718], [0.5696989916294105, 0.7750930790502988], [0.0947546703880909, 0.9993540081755518], [0.10158789458357323, 0.992557701526507], [0.4736713780960483, 0.8873457527427949], [0.7432840444517533, 0.7407730645103032], [0.610818604988965, 0.7746356971825377], [0.9016774717865177, 0.4641404194033194], [0.7930215829344998, 0.5235951185929286], [0.051511186678864784, 1.034587897429616], [0.6282813725286103, 0.7742049983222734], [0.15445291923598226, 0.9474334413188868], [0.9671198489038619, 0.1309377768674344], [0.7730124932955059, 0.6457037623664746], [0.13100936056623752, 0.9651248415594238], [0.8502351029267547, 0.48738843321980413], [0.7997462474866589, 0.5149534046907116], [0.9301080054096006, 0.18818805687820206], [0.8352115833744438, 0.4973917812047159], [0.0769201873525801, 1.0175575260888878], [0.9731432753267906, 0.1241505242377579], [0.19885188748034452, 0.9295295760104461], [0.7310965242605081, 0.7554399277944976], [0.8913402868661908, 0.4714750562042943], [0.8209177758356728, 0.5013597860933428], [0.5076472874896576, 0.8091879976278853], [0.499793262676712, 0.8396510189427981], [0.46499816474444833, 0.900899928759036], [0.45652886378310187, 0.926452439653707], [0.48126638664890214, 0.8754237872602317], [0.45972938429797683, 0.90929632298901], [0.08750033536850703, 1.0052221608909022], [0.9422616790312764, 0.15833494911715587], [0.9481421654089577, 0.15028289830879937], [0.7186319883331547, 0.759189426422954], [0.04284742584720992, 1.0389211908828684], [0.7737564721040846, 0.5898158519398164], [0.7867556027056891, 0.5359990017272687], [1.023227991132944, 0.06855947425475446], [0.5340122250701322, 0.7858065420329752], [1.0114129226325554, 0.0850832304177727], [1.0154724783389404, 0.07729550206647005], [0.7836542987290918, 0.5472375943474516], [0.9819076977912576, 0.1124145965293481], [0.4682454763792071, 0.8977287333213171], [0.5068118950174847, 0.8157201634765225], [0.7579921994380595, 0.7250549515649055], [0.7536656164637205, 0.7329777767649626], [0.7093162546905144, 0.7639445288072367], [0.107705498393488, 0.9858186774982948], [1.0375905727239099, 0.04363731937193361], [0.5923770773430728, 0.7750126126831047]]",0.026089,18.92
TNK,CCPSO_strict,28,100,0.004262,0.006549,0.743338,0.003464,0.731675,22.0000,100.0000,"[[0.9301370430648854, 0.19142955481669915], [0.08614703803091188, 1.0064845428542248], [0.6798543822436236, 0.7720492538348405], [0.09203817644063642, 1.0011084316034415], [0.9483225538966407, 0.1533033350162635], [0.7535567125729774, 0.738119059701511], [0.5820790434349045, 0.7750461972792533], [0.5697867124913434, 0.7789792927266118], [0.634906087352543, 0.773460299511198], [0.8497856964818784, 0.4860432766729015], [0.1549866747220811, 0.9460625143500689], [0.48937440456713177, 0.8436381312167117], [0.10478451735366509, 0.988780574329508], [0.7445494450270789, 0.7398894505478979], [0.8102046291880087, 0.5077785671668225], [0.5887302070910486, 0.773677479538107], [0.982937551884891, 0.11177864123395712], [1.038550543243952, 0.04219063181295246], [0.7399111961215252, 0.7477134991911623], [0.18610220303323308, 0.9304411990433211], [0.47746341486695154, 0.8852329664289511], [0.716186547903981, 0.7597795467368605], [0.9525976791138342, 0.14278096544735872], [0.8904124327515633, 0.46968767793073796], [0.9409456796172663, 0.16181598389140517], [0.5429247337364338, 0.7824695142101236], [0.5160120957795462, 0.8041092157880827], [0.9798601174232306, 0.11840386181871373], [0.5006122099630657, 0.8192653307127791], [0.9324309479497831, 0.17751482195123755], [0.7893984958543665, 0.5264343102797746], [0.7682520166839778, 0.6935899494761358], [0.7604691354757627, 0.7320441331512497], [1.0147242870658972, 0.07714124653451677], [0.7760442801414533, 0.5665768559949427], [0.9165781800603771, 0.45503547909006253], [0.8789852340216869, 0.47487107527851613], [0.48469231700150195, 0.857169589745657], [0.5543145127013769, 0.7793045444665675], [0.1277146867185152, 0.9665490031551973], [0.04181291489878062, 1.0385690911585685], [1.0338483042604867, 0.05050546221148956], [0.45864776647754635, 0.9116283228263825], [0.07374186899712477, 1.0173618695793922], [0.8604629935592681, 0.48203907224383286], [0.1781707579814005, 0.9340949059627961], [0.11702456175965241, 0.9766970385917502], [0.492231457480272, 0.8357097889754517], [0.08034077983737971, 1.011766825660239], [0.9371095995552227, 0.16986847859783616], [0.8024348870619693, 0.5146540432451252], [0.7632870785687853, 0.7172446133721828], [0.09857956958323597, 0.9951836347766219], [0.5337591923058465, 0.7854368618098502], [1.024238536124767, 0.06547848965970438], [0.8393491161919562, 0.49216113544267903], [0.7842762942039466, 0.5380465491505662], [0.7648730700364844, 0.7024196347072013], [0.5083398195808186, 0.8095883125966978], [0.8963600458980046, 0.4657926672801207], [0.1619593553074159, 0.9403237539698582], [0.13483301291893734, 0.9599010081548384], [0.6931658240541818, 0.7693026373356926], [0.97228241407763, 0.12232610444642658], [0.12260774491582643, 0.9720634334086332], [0.8199666497551594, 0.5004700235710631], [0.7992953964373176, 0.5165106633245551], [0.0508823904648293, 1.0338036527614776], [1.004717363552752, 0.09439777494622081], [0.4627662941941164, 0.90151428896673], [0.14714767665370723, 0.9518460960016755], [0.4692733596022267, 0.8945422714011998], [0.48287173429902175, 0.8757034661653138], [0.9670329761498122, 0.12952512395669907], [0.7732196026874167, 0.6081650688424494], [0.17113058419695953, 0.938754500741934], [0.9999030124571843, 0.09985054346234037], [1.0191254050370748, 0.07254437886013843], [1.0290454611918212, 0.05833614474253722], [0.11197643252393907, 0.983251377157039], [0.4541496351684566, 0.9185097549309369], [0.7318791898236713, 0.7546182724609969], [0.5238559887898189, 0.7926467123439599], [0.872299166320091, 0.47882451420989924], [0.6513250380339864, 0.7727076574615392], [0.49606910179279495, 0.8318484311582888], [0.9045475182099887, 0.46399739755294667], [0.1418558934629274, 0.9580034545336564], [1.0089917340444698, 0.08636087022945357], [0.7742347028985759, 0.5810366472669345], [0.9067891965220958, 0.4599260300155046], [0.9919116098800227, 0.1046349128372468], [0.06774033861042864, 1.0231072526953537], [0.7788993247530309, 0.5486923335646401], [0.058179793002906585, 1.031348922361904], [0.9608635047672895, 0.1392316950511422], [0.06397605018708083, 1.027175705317137], [0.929835754271783, 0.1969650922331197], [0.82802824202115, 0.49611942956087535], [0.2018689296366645, 0.9298801059937121]]",0.021594,19.59
TNK,CCPSO_strict,29,100,0.004045,0.007958,0.661770,0.003933,0.669987,22.0000,100.0000,"[[0.8830124950530224, 0.4744195776692878], [0.5913125173495003, 0.7742129212843714], [0.18439564945461098, 0.9314023778378029], [0.8909087485808341, 0.4680485185394452], [0.5525501887485971, 0.7878083566054572], [0.07982238118483373, 1.0131527870458628], [0.12997596676675546, 0.9645285293401427], [0.7684410072879659, 0.6900500028799232], [0.9806807747118838, 0.11277820840983532], [0.13722628751558627, 0.9575866435753202], [0.47966945091285407, 0.8675693400063816], [0.7493031981610709, 0.7440430921450056], [0.6232635375731148, 0.7740473709673706], [0.8498980643151683, 0.48675784927992405], [0.9565708365166059, 0.14004036897385932], [0.11663767726030937, 0.977653295662454], [1.0053103125040255, 0.08923343254226744], [0.7760787276214184, 0.5611178882395429], [0.042116969877560376, 1.0384922620131607], [0.7267397878194062, 0.7543470047560898], [0.5077379966454169, 0.8195344345727037], [0.17420198077655158, 0.9339397998182482], [0.9029533951286824, 0.464981303790326], [0.9493593331051706, 0.14955650309072432], [0.7667558002840986, 0.7035406735342853], [0.6533063776676505, 0.7734114020905095], [0.19718973965243902, 0.930110977528569], [0.821283373705977, 0.5000333586253805], [0.14407324987440567, 0.9515730724815935], [0.9337554177002129, 0.17622328608381244], [0.7906907330551874, 0.5266735123208465], [0.4761759689334416, 0.8778991693907667], [0.4518445538438395, 0.9269880753076719], [0.7391153896897332, 0.7453032195515696], [0.08664899465590868, 1.0087543657932647], [0.5377364384981985, 0.789224203015453], [0.8489746337360056, 0.4932762333640276], [0.46288490902349, 0.9029967969667594], [0.20650731751292262, 0.9299503384281811], [0.7707703189188644, 0.6801711667410605], [0.5115975079917877, 0.8127614064344605], [0.4991231569890419, 0.8299157095647758], [0.9109164695058393, 0.46028343683654244], [0.16469825133173333, 0.9379435554396915], [0.9871710373010816, 0.10627967256682337], [0.9385398891064193, 0.16411797502807765], [1.0384888648449708, 0.042796227276175616], [0.7201271152860059, 0.7592188339528995], [0.9258176170899985, 0.45149938310583226], [0.15079130643288924, 0.9477982771557738], [0.4888775408968819, 0.8431389510452435], [0.7794393428009998, 0.5497938088900484], [0.5169834232519387, 0.7980791474359298], [0.12164581168903776, 0.9717397434151043], [0.8736803790292331, 0.48006426303153193], [0.06581753596926712, 1.0236373621021229], [0.5316025206286079, 0.7933051279182204], [0.5755593986445159, 0.7755639025309179], [0.6388748607471099, 0.7738489384277633], [0.862910176384502, 0.48391364354975397], [0.8127550995392483, 0.5089671645253143], [0.5589006807542798, 0.7770901750617456], [0.7730725021508827, 0.6474531719245443], [0.7830419521548782, 0.5401121632682371], [0.8090764322177603, 0.5140301242868031], [0.05010629307161957, 1.0352693646580784], [0.7091394218598212, 0.7629089965939224], [0.6838155567175909, 0.7691088716870331], [0.09214066441281514, 1.0026213303492006], [0.0736509419258573, 1.0181358767878868], [0.9437747181800981, 0.15795521619228609], [0.7978706834523879, 0.5178656916636362], [0.056763275480077924, 1.0298131094764056], [0.48470895113212664, 0.8550183524002166], [0.46873805696543536, 0.8921741931469427], [0.7748681528244692, 0.5794023877539669], [0.4565967236363989, 0.9202741326765005], [0.7645033449741738, 0.7168763739410832], [0.9294197006896076, 0.20542173487237436], [0.9986814257411623, 0.09513172067949653], [1.0175855825426154, 0.07721786012277633], [0.4720948830153961, 0.8810824127761472], [0.9679535469418912, 0.13114999939164665], [0.9609141525429303, 0.13405355285742143], [0.7576364922314742, 0.722294632123861], [0.9310544989729043, 0.18733729210707997], [0.15960041274278808, 0.9446137801840927], [0.9927017249680353, 0.1013205588428924], [0.7735637313753452, 0.5853659704072418], [1.0273929740410008, 0.06151765328220843], [0.0999479542004414, 0.9965015603822867], [1.0337298267932347, 0.05149769895265181], [0.9743347710818054, 0.11911525426435139], [0.9232576937193041, 0.4571236853521109], [0.10881047100784494, 0.9857966818338231], [0.9309455277510911, 0.1959948483908], [0.7523867660512498, 0.7355708470956045], [1.01114088714496, 0.08304360644454561], [1.021313738370937, 0.06868900177545488], [0.8289466312696069, 0.4957850795139387]]",0.019863,19.36
TNK,CCPSO_strict,30,100,0.004285,0.006295,0.510785,0.004149,0.681978,15.0000,100.0000,"[[0.774129947621221, 0.6498249875433358], [0.824085251745968, 0.500408714904405], [1.0136597035803199, 0.08028703353048504], [0.9301682099005971, 0.18692201245122728], [1.0012582716923781, 0.09347931854941066], [0.133808968703179, 0.9637716850971684], [0.45775183107768114, 0.9178005260379081], [0.4821970070277224, 0.8619992141912471], [0.08024643488954157, 1.012517492267766], [0.45145745721985586, 0.9264205972213], [0.5052167768698871, 0.8170377099384903], [0.9335729412231057, 0.17553157050645912], [0.04270411201204449, 1.039293492988668], [0.7727410631226528, 0.6810427548664019], [0.18904909512222529, 0.9301900233116812], [0.7670675223017744, 0.7012234418612004], [0.5840808274578619, 0.7738248083636898], [0.9495113550899058, 0.14678101419321274], [0.9180687871998339, 0.45545321776627856], [0.6813190281991388, 0.7704896195875385], [0.47354316477845626, 0.8781053062467937], [0.8330150562036928, 0.49303804937886314], [0.16058361179089578, 0.9424046748092652], [0.48852317307779003, 0.8522330164769705], [0.10186575962520124, 0.9934834890721217], [0.06719149466480029, 1.023133822440083], [0.9635354025998981, 0.13048779287351397], [1.0072198449555831, 0.08555348262756446], [0.6171259525785362, 0.773204973523943], [0.7966601331594947, 0.5205433862537754], [0.4972416048724635, 0.8335933632668637], [1.0339112837946758, 0.050200438048180876], [0.7735351182541752, 0.6659826981332987], [0.9369250511698207, 0.16937468615163045], [0.9407615907421903, 0.16047966697700874], [0.974128456231709, 0.12076075631958605], [0.18009989293165143, 0.933013324004237], [0.11627726912830821, 0.9772103858109913], [0.47807279322709223, 0.8661222358826863], [0.7617385643041525, 0.715060596603879], [0.8626945299292805, 0.48404609459342607], [0.92939615935009, 0.20423480437779673], [0.5374938904363452, 0.7854211156513635], [0.8501412570146115, 0.48527207532805905], [0.7024820570886342, 0.7663574708104396], [0.49959132634207765, 0.8219032993524882], [0.552731397995249, 0.7796350518553768], [0.9710268302766819, 0.12686195835627684], [1.0390114356041587, 0.04315584663017159], [0.7821425762048412, 0.5402397438731289], [0.5453917892915625, 0.7799459844423671], [0.7420538066468586, 0.7414081649137799], [0.470283042882409, 0.8940032459101923], [0.9440754102025279, 0.15452241303465114], [0.671405640059644, 0.7713861540249208], [0.1401710045710858, 0.9558006631724231], [0.9153995567746097, 0.4641373023141966], [0.8931316739566971, 0.47589947006106104], [0.9560207975661651, 0.1400195383304589], [0.7746557391340416, 0.6042250123431813], [0.8058952825763543, 0.5101285267885112], [0.1974909099795482, 0.929137956667574], [0.9949513218661988, 0.09843942551866146], [0.7299887467165158, 0.7534403495666163], [0.49118251104101884, 0.8409102478416512], [0.1254051181572327, 0.9681771117260713], [0.7761477232879808, 0.569046256120916], [0.4614178532119919, 0.9098254834443882], [0.46704935108552925, 0.9013822286415615], [0.05275135243559176, 1.03485171494014], [0.7219370101305858, 0.7604857837760366], [0.07364390975242115, 1.0186661361869744], [0.7705500626319459, 0.689075832735154], [1.0286696709634051, 0.05855300898765769], [1.0184210538762641, 0.07267550405534613], [0.7369132098115858, 0.749785789474953], [0.9264383360181152, 0.44967953116987963], [0.838520110006056, 0.49017611528528526], [0.5693532088152673, 0.7779263874910821], [0.872794616283676, 0.47617111805242485], [0.09391472085507246, 0.9993663853878307], [0.5202943098137561, 0.7943427627539168], [0.8146748734715207, 0.5071594250095064], [0.7536986641957579, 0.7346678343178006], [0.06002881647176969, 1.0281941720054197], [0.8951190160988576, 0.46697569000975336], [0.16855078999027542, 0.9360043229883983], [0.5924730789513497, 0.7735952665216359], [0.08768688969522356, 1.0074950561566165], [1.0249217623860059, 0.06537395282905024], [0.7807209751288089, 0.5537696900965989], [0.989442565879493, 0.10625795776466318], [0.9821307177076055, 0.11401202356032801], [0.5200635421931732, 0.8142909412721351], [0.11304303808436769, 0.9867039139662525], [0.7877797899966927, 0.5314742153251393], [0.1543787377618793, 0.9476901003563081], [0.5299237344603882, 0.7906769377215483], [0.14734276765254473, 0.9502358077284488], [0.758551589122402, 0.7337597662716032]]",0.021420,19.63
