problem_name,solver_name,run_id,final_archive_size           [archive solutions at the last iteration],final_igd                    [IGD of the final archive],final_gd                     [GD of the final archive],final_hypervolume            [hypervolume of the final archive],final_spacing                [spacing of the final archive],final_spread                 [spread of the final archive],final_feasibility_pct        [% feasible in population at the last iteration],final_front_feasibility_pct  [% of returned front members satisfying all constraints],final_feasible_front         [objective vectors of FEASIBLE front members only; for honest cross-algorithm HV],p_red                        [mean relative error distance across all iterations; 0=ideal],run_time_s
ZDT6,MGPSO,1,100,0.003305,0.952305,7.528404,0.245689,1.343854,100.0000,100.0000,"[[1.0, 0.0], [0.43701416918995717, 0.8090186159272115], [0.7089949318150532, 0.49732618666056805], [0.44602667435852195, 0.801060205760677], [0.3711859188153894, 0.8622210136731752], [0.6239475450332435, 0.6106894610469886], [0.32469918980688073, 0.8945704361387552], [0.6811463106087536, 0.5360397035440834], [0.5944358427990113, 0.6466460287958291], [0.6448410754659859, 0.5841799873918707], [0.5677332291017418, 0.6776789805737091], [0.7248461982085079, 0.47459798894267247], [0.68745263519953, 0.5274088743572218], [0.6671677346463706, 0.55488721384683], [0.5770746072556333, 0.6669848976607566], [0.496119213138249, 0.7538657263550846], [0.46264065190940984, 0.7859636272008363], [0.5160148157910713, 0.7337287098841068], [0.875516372559205, 0.23347108138077133], [0.5872360450702716, 0.655153827370226], [0.5293125184644547, 0.7198282577968163], [0.7559699916117025, 0.4285093717826024], [0.3431860280522685, 0.8822233501497075], [0.5428496899497182, 0.7053142141214949], [0.39628680705208474, 0.8429567665564638], [0.6743615263905685, 0.5452365317241826], [0.5609317926476465, 0.6853555239970978], [0.5358206871040758, 0.7128961912713161], [0.6523758809135484, 0.5744057100022717], [0.28077531960509405, 3.3831560593205645], [0.6098487013034695, 0.6280845615184717], [0.7759351133170557, 0.39792469992164803], [0.334604573256549, 0.8880397795558027], [0.280775319592963, 7.321733751402961], [0.5036834441166942, 0.746302988122745], [0.6016692344617705, 0.6379941323021872], [0.7632055486290819, 0.4175172905417822], [0.45418148768943256, 0.7937191762402138], [0.6599056653845501, 0.5645245127933742], [0.8607054104137193, 0.2591861964845511], [0.701301429944513, 0.5081763043577813], [0.3161090432315463, 0.9000750727872364], [0.7320572690585243, 0.46409215481857535], [0.489516383635171, 0.7603737101527441], [0.890352331570075, 0.20727272566773125], [0.7693472822071882, 0.4081047593604131], [0.405623161961864, 0.8354698504800595], [0.748231650485373, 0.4401493972119346], [0.29470112974496654, 0.9131512441270404], [0.8177586371700905, 0.3312708113337164], [0.7825057326716507, 0.3876847783360031], [0.8391242089313815, 0.29587056198528316], [0.3617565870220445, 0.869132171746162], [0.8681267807855584, 0.24635589248290302], [0.7400656964329049, 0.4523027649632795], [0.6377823081126721, 0.5932337274584726], [0.8321723585689427, 0.30748916563380313], [0.6943430867545453, 0.5178876778761701], [0.8534428086091143, 0.27163537243338676], [0.9441893595973396, 0.10850645322316566], [0.7887376543300484, 0.37789291264193314], [0.8977221841881835, 0.1940948800163972], [0.523408655002688, 0.7260433798682772], [0.9381546339592706, 0.11986588278074706], [0.4723593104130772, 0.7768766818660822], [0.8250235874859808, 0.3193360800917622], [0.8829223450321624, 0.2204481326429072], [0.415924556165585, 0.8270067635784611], [0.28077533744059946, 0.9211652098851175], [0.28773533932585016, 0.9172083745030378], [0.6184100765011132, 0.6175689772818873], [0.9317842802057421, 0.13177805516146712], [0.3791011776078236, 0.8562822971363614], [0.9684129031489943, 0.06217644901453656], [0.8463101777293399, 0.28375908307173303], [0.9746868850934497, 0.049985476026828346], [0.9184950997152908, 0.15636675179899806], [0.9622878467961438, 0.07400209990844131], [0.9563205970369941, 0.08545091568280705], [0.9047453803823382, 0.1814357966768182], [0.9809900850212213, 0.037658453090057], [0.3520168578155589, 0.8760841318136606], [0.7961655728828105, 0.3661203805561861], [0.28077531888352825, 7.528423159804826], [0.8036788932486424, 0.35410023654663725], [0.42626711210393897, 0.818296349138568], [0.9936592730092012, 0.012641249162825718], [0.6308356657496217, 0.6020463628182315], [0.3090072297504215, 0.9045145319619702], [0.9116482606020005, 0.16889744894134684], [0.9873253631576555, 0.02518862726560367], [0.3019467708207576, 0.9088281475909169], [0.9250202543394105, 0.14433752906185238], [0.9502548435905458, 0.09701573223270732], [0.3885220297766603, 0.8490506323782239], [0.4813937002579688, 0.7682601053519409], [0.8105397419403375, 0.34302532673529107], [0.7170069410088344, 0.48590104654515376], [0.5525030724334457, 0.6947403549516027], [1.0, 0.0]]",0.093862,78.60
ZDT6,MGPSO,2,100,0.003222,1.379252,7.803667,0.263977,1.312789,100.0000,100.0000,"[[1.0, 0.0], [0.4054186226621026, 0.8356357403987636], [0.7275566102377082, 0.4706613788994155], [0.6389275397438492, 0.591771598956872], [0.563375282323417, 0.6826082912670102], [0.584471623184072, 0.6583929216925761], [0.5555349222268674, 0.6913809501863883], [0.4690312538552708, 0.7800096829069525], [0.4355592744946618, 0.8102881184016839], [0.4246880594675658, 0.8196400521456733], [0.7720094647351288, 0.40400138635938], [0.6765097190129037, 0.542334600081082], [0.4464640184720787, 0.8006698802097634], [0.41496867530604054, 0.8278009985147499], [0.7210956201982661, 0.48002110653087793], [0.7148745943156556, 0.48895431440202686], [0.3620179490815709, 0.8689430045427731], [0.2807753188789768, 7.625410274981747], [0.5014743867709708, 0.7485234394126787], [0.5697174416688198, 0.675422036658335], [0.2807753271000404, 6.890630465185101], [0.48418773720760167, 0.7655622351377824], [0.8390826751791585, 0.29594026421418684], [0.6533836529123518, 0.5730898021069114], [0.477168585155228, 0.772310141340958], [0.5768032045931641, 0.6672980631710564], [0.3250941913485791, 0.8943137667514134], [0.6135983447963318, 0.623497071263202], [0.37945803908701103, 0.8560115965722404], [0.28077546270342957, 3.505986899402576], [0.5910441283669937, 0.6506668383229006], [0.707778524339893, 0.49904956048324356], [0.3177965573802547, 0.8990053481172585], [0.2809510485238995, 0.9210665083333215], [0.8585670468682256, 0.2628626260319741], [0.5479119728338051, 0.6997924700253676], [0.6244662715595115, 0.6100418756845625], [0.8000140989900949, 0.35997744141706667], [0.819892098939552, 0.327776946096496], [0.7645340828687364, 0.4154876361320602], [0.2807753197679689, 7.173780255614855], [0.5215721337330901, 0.7279625093131116], [0.31007777835082184, 0.9038517713730186], [0.33478046385724214, 0.8879220410195298], [0.7584195767798999, 0.4247997455569975], [0.3899675821327715, 0.8479252848855201], [0.49278443839516095, 0.7571634972755659], [0.793413797486398, 0.3704945459582131], [0.4558814430692092, 0.7921721098651353], [0.3719697183318782, 0.8616385286441032], [0.8779447411570943, 0.2292130314746027], [0.7793995638705687, 0.39253631983836723], [0.2887888356710221, 0.9166010083917754], [0.5138987366933336, 0.7359080884249958], [0.8064450006940981, 0.3496464608554961], [0.8328935950341535, 0.3062882593510835], [0.3984545088764915, 0.8412340043559939], [0.6691813494655113, 0.5521963215275172], [0.2807753317502837, 6.353872146346215], [0.7014758135435678, 0.5079316830133898], [0.8454731769491246, 0.2851751070595543], [0.969590872843726, 0.05989353929814156], [0.6317653663969702, 0.600872521821302], [0.350203076806028, 0.8773578049955912], [0.734610444807668, 0.4603474943794802], [0.8521996347585394, 0.27375578251741195], [0.3434650462720791, 0.8820317619893185], [0.9249644160569875, 0.1444408290283561], [0.604803124201087, 0.6342131809566046], [0.6460831910787774, 0.582576510205464], [0.9383889025291041, 0.11942626761022357], [0.8263153344301979, 0.3172029680855102], [0.2807753282611247, 6.782545868743308], [0.9315736353384667, 0.1321705619422735], [0.8129877676988763, 0.339050889571998], [0.29967040708054016, 0.9101976471201834], [0.7861762549231144, 0.38192689619506626], [0.918022901238861, 0.1572339528009845], [0.8651431664786402, 0.2515273014953119], [0.9635196978233814, 0.07162979190633978], [0.6854718593384356, 0.5301283300551081], [0.9113107557409136, 0.16951270647092498], [0.7414306714779646, 0.4502805593917345], [0.9757225921207878, 0.047965423225090675], [0.8912163702880003, 0.20573338133068197], [0.6950243967418437, 0.5169410879336362], [0.9818024732549437, 0.0360639035104755], [0.5331401739667686, 0.7157615549026837], [0.8846162134509071, 0.21745415489977915], [0.9878779641730954, 0.02409712790122054], [0.7505143148948448, 0.4367282631379218], [0.8978494829575533, 0.19386630595285426], [0.6612430514698473, 0.5627576268828449], [0.9447826478663688, 0.10738574829061298], [0.8715626195736235, 0.24037860016196333], [0.9511166135066177, 0.09537718751170321], [0.9045962789192411, 0.18170557216546257], [0.9573822729059693, 0.08341918352540001], [0.9939470464918274, 0.012069268770173114], [1.0, 0.0]]",0.109226,79.55
ZDT6,MGPSO,3,100,0.003539,1.345834,8.282852,0.048039,1.340743,100.0000,100.0000,"[[1.0, 0.0], [0.3243606471384747, 0.8947901705879099], [0.5992249856206904, 0.6409294166078834], [0.5900544760770924, 0.6518357152613881], [0.3873628611533133, 0.8499500137991189], [0.37962022681798047, 0.855888483390665], [0.468634562428498, 0.7803816468974503], [0.3491635886345159, 0.8780847883718665], [0.6874088436233758, 0.5274690817083731], [0.7637519540170804, 0.4166829527350915], [0.6166945963094355, 0.6196877748827424], [0.49377828094980414, 0.7561830092622563], [0.4361465292536876, 0.8097762050199623], [0.5710962873836543, 0.6738490305366066], [0.4028327090792262, 0.8377258084958915], [0.7089355462539308, 0.49741039125764064], [0.6948059324038782, 0.5172447162963774], [0.2807753290108673, 7.210442915260723], [0.46049164382891594, 0.7879474459637428], [0.39522135643499434, 0.8438000794176832], [0.2896518586970145, 0.9161018007533648], [0.2807753188263693, 7.746534226690226], [0.28077532186179077, 7.6174579291756395], [0.9392856553186963, 0.11774245771252712], [0.6340697194412226, 0.5979555908877292], [0.625453528271187, 0.6088078839731235], [0.6611950954204476, 0.5628210457919451], [0.5546999751902211, 0.6923079375239681], [0.35648205562594326, 0.8729205440167018], [0.2807753337299118, 0.9211652119688567], [0.7554609610166598, 0.42927873637978475], [0.9253391686167418, 0.14374742302367705], [0.8404142491447378, 0.2937038898344865], [0.3159075130827821, 0.9002024431778519], [0.8632394892627556, 0.2548175841773769], [0.9735824855286075, 0.052137143871938796], [0.8980419222969909, 0.19352070579712544], [0.3072267597449123, 0.9056117180966419], [0.33268171715581885, 0.8893228750702558], [0.6737361903417685, 0.5460795458237604], [0.6800171253636487, 0.5375767092121597], [0.6674220601108274, 0.5545477936774191], [0.4442075831482538, 0.8026796230735872], [0.7873566552720145, 0.3800694973988662], [0.8913781914849039, 0.20544491974510193], [0.363879375404063, 0.8675918001555489], [0.8844852135229697, 0.21768590705922664], [0.9668664765468882, 0.06516921652980578], [0.8559099924583964, 0.26741808480986784], [0.6549903837438651, 0.5709875972030644], [0.5087571505967889, 0.7411661617166363], [0.8012869599788384, 0.35793920776787147], [0.48584430926195854, 0.7639553071577704], [0.8776184682204862, 0.2297858242383275], [0.8087197844924524, 0.34597231017048136], [0.9115508204640173, 0.16907510171137696], [0.816233643866576, 0.33376263862029154], [0.5471225749804146, 0.7006568879468006], [0.8320394807398741, 0.30771030249012066], [0.5629558569325395, 0.6830807031453501], [0.7017761700832181, 0.5075102071033302], [0.7240842353298411, 0.4757020201467993], [0.716589307274959, 0.4864997646991944], [0.3411338968741022, 0.8836276644034894], [0.9184385015345303, 0.15647071889900654], [0.5235573231824999, 0.7258877293419753], [0.7472746511629641, 0.44158059572927033], [0.2983027002232427, 0.9110154990395222], [0.4523048094700286, 0.7954203593302811], [0.9868266041722107, 0.026173253297942956], [0.771912693723971, 0.404150793267803], [0.501398880958388, 0.7485991621736763], [0.5158440492340548, 0.7339049168698141], [0.9047827400423967, 0.18136819332137288], [0.9600569049046112, 0.07829073934497843], [0.4774542028089952, 0.7720374842200268], [0.9531361408983728, 0.09153149691335716], [0.9322937380514544, 0.1308283859900461], [0.3717546003455703, 0.8617985171219054], [0.8481443398908004, 0.2806511787111985], [0.9802121878544315, 0.03918406678162867], [0.9462293476132274, 0.10465002171544602], [0.6079473393722052, 0.6304000325502568], [0.5316111373250965, 0.7173895986719174], [0.7796346403333263, 0.392169827592325], [0.42750651367503645, 0.8172381807654159], [0.5392803741212423, 0.709176678087653], [0.7940663107074655, 0.3694586941994349], [0.6482459740868536, 0.5797771570801864], [0.5805280411809642, 0.6629871934025927], [0.6411578419247279, 0.5889166217384256], [0.4190847402084673, 0.8243679805244015], [0.7321839396271252, 0.4639066785521022], [0.7396897830123029, 0.4528590249072122], [0.823914400376971, 0.32116506085145646], [0.9934259541649112, 0.013104873591535782], [0.8704218979351516, 0.24236571959496855], [0.2807753188154287, 8.00217188928939], [0.41082769880925063, 0.8312206018910957], [1.0, 0.0]]",0.077312,79.37
ZDT6,MGPSO,4,100,0.003537,0.711008,7.578588,0.192589,1.299580,100.0000,100.0000,"[[1.0, 0.0], [0.6246766694810568, 0.6097790586060545], [0.909868675633392, 0.17213899310113723], [0.9515960490783529, 0.09446495937846888], [0.49900691401753905, 0.7509920997626924], [0.5603794857873539, 0.6859748319087009], [0.6072456115345264, 0.6312527672720591], [0.2807753188258312, 5.654765921499195], [0.839664515713097, 0.2949635010522903], [0.28077566153411315, 0.9211650278900811], [0.9235566729693171, 0.1470430718138459], [0.5986627349081569, 0.6416029298322858], [0.8464734313835977, 0.2834827299616778], [0.33093519916877157, 0.8904818939511255], [0.6511072171660921, 0.5760593917542274], [0.9030519358783013, 0.1844972011064523], [0.8892441583266739, 0.20924482688188528], [0.8186208728368338, 0.3298598665558603], [0.9862937411167919, 0.027224656233842626], [0.8675276227460549, 0.24739582377257863], [0.5533838099575452, 0.6937663588768714], [0.37315678817587783, 0.860754011438263], [0.6589331332757891, 0.5658071258713513], [0.6334718040634173, 0.5987134734566395], [0.3648826312309784, 0.8668606654259579], [0.28077531947364553, 3.5769016851315154], [0.7689290052712991, 0.4087481848524904], [0.4033101774762643, 0.8373409007440642], [0.39592791128736504, 0.8432410890636244], [0.3395307095087463, 0.8847188973004874], [0.3564803593212279, 0.8729217534182082], [0.7555716050602599, 0.42911154962666265], [0.97246681602067, 0.054308291738620396], [0.5071402670390628, 0.7428087495475482], [0.6983014423940745, 0.512375095550355], [0.7125577149664795, 0.4922615028417494], [0.31374199655394963, 0.9015659595983414], [0.4908327776182938, 0.7590831844155106], [0.6750416695552544, 0.5443187443640548], [0.6422655116731569, 0.5874950125152179], [0.3482580797150836, 0.8787163099131625], [0.8603055713895548, 0.25987432383609166], [0.3223880314093762, 0.8960659572039871], [0.7485352276865078, 0.43969501291230795], [0.7054624414165916, 0.502322743750542], [0.7267323561547288, 0.47186008251779643], [0.8961681103407256, 0.196882718008333], [0.8257586219467405, 0.31812269828062], [0.6668998130999126, 0.5552446392873016], [0.7196825937533505, 0.4820569642484498], [0.8326771516117113, 0.30664876118380713], [0.9446615899553102, 0.10761448046310529], [0.5823187647756782, 0.6609048561901283], [0.4097519252715137, 0.8321033597362879], [0.28077531934936695, 5.513540462461142], [0.7751030857516403, 0.39921520645828534], [0.5457946335870911, 0.7021082179475329], [0.5229709632988413, 0.726501371546282], [0.6906222367684939, 0.5230409260808824], [0.8747526477120311, 0.23480780532079126], [0.6828262326475314, 0.5337483360083793], [0.38081208158811175, 0.8549821585165294], [0.965550382100742, 0.06771245962511119], [0.48312326291017216, 0.7665919128350287], [0.2970444468916348, 0.9117645965708427], [0.7338451332540802, 0.4614713203993013], [0.9376135029236075, 0.1208809191353224], [0.9167433488930697, 0.1595816322603194], [0.9931569227041549, 0.013639326884813285], [0.41687903342998045, 0.8262118714864852], [0.5307616109795801, 0.7182921123103609], [0.7960281818341775, 0.36633913372577376], [0.930584509795511, 0.13401247012864848], [0.574859548427281, 0.6695364995819826], [0.9793641708843415, 0.040845820788026455], [0.42420194191123906, 0.8200527124787338], [0.4399427903860694, 0.806450341187319], [0.7619627647756786, 0.41941274509540394], [0.5380243611211357, 0.7105297868401937], [0.9585745105643693, 0.08113490769627996], [0.7888557701493403, 0.3777065739020913], [0.4481955223008798, 0.7991207737894416], [0.4749683978912378, 0.7744050210046308], [0.2889340943816403, 0.9165170891038614], [0.4571448817910534, 0.7910185570522439], [0.8110053968950219, 0.34227024620714797], [0.5677059740780344, 0.6777099269961102], [0.30522168499069, 0.906839723011444], [0.7412525177863486, 0.450544704875399], [0.6159442619913486, 0.6206126661199329], [0.8820088641508822, 0.2220603635592706], [0.5903125467027172, 0.6515310972053523], [0.5151496834888544, 0.7346208036013331], [0.8536351366632301, 0.27130705345394845], [0.388308628431838, 0.8492164090853848], [0.7824050220384386, 0.3878423814890304], [0.46523844160915295, 0.7835531924490868], [0.4312895111849858, 0.813989357541816], [0.8037264440634571, 0.35402380311311066], [1.0, 0.0]]",0.075719,80.30
ZDT6,MGPSO,5,100,0.003370,1.082646,8.445114,0.191503,1.297947,100.0000,100.0000,"[[1.0, 0.0], [0.6972580034771269, 0.5138312765870909], [0.7649284695044257, 0.4148844365416169], [0.28077533509364405, 5.098448373251975], [0.43086123203763005, 0.8143585987270155], [0.8892163406831616, 0.20929429946204747], [0.3728786486153509, 0.8609615134067896], [0.5345842527382594, 0.7142196767242768], [0.554713890017359, 0.6922925002218092], [0.5996706012221806, 0.6403951700298285], [0.5633478264959606, 0.6826392263822771], [0.5022880889018599, 0.7477066757473172], [0.6235110486609567, 0.611233972197714], [0.28077623057481815, 2.5103127332657036], [0.4866052315510677, 0.7632153486271318], [0.46169288591445223, 0.7868396790959846], [0.3186914066901432, 0.8984357873018578], [0.8027794365305263, 0.3555451762837307], [0.8753703365731005, 0.23372677384789675], [0.7571484942773541, 0.4267261576135355], [0.4707829575676533, 0.7783634068638532], [0.39930479206507996, 0.8405556830338632], [0.36256892341584535, 0.8685437757730748], [0.7189456336338989, 0.4831171758787517], [0.9227951860368631, 0.14844904462719133], [0.7948947347694322, 0.36814236063583405], [0.39138031570188114, 0.8468214484810959], [0.478963191921149, 0.7705942607847046], [0.3279119155379946, 0.8924737756482031], [0.6909439466361182, 0.5225964626069051], [0.7872828973801016, 0.3801856394927924], [0.8473666817939897, 0.2819697065854435], [0.6077361566914757, 0.6306567638498741], [0.2807753357633104, 4.997007533409333], [0.28077532013123896, 5.741592027310494], [0.7332199319286783, 0.46238853142250436], [0.7719702793047512, 0.4040618878701445], [0.6703879780808547, 0.5505799588446635], [0.5445393502926046, 0.7034768959829081], [0.5198931651619944, 0.7297110968178433], [0.861283040444415, 0.2581915242428243], [0.33746923871415446, 0.8861145129216891], [0.8184271089468195, 0.33017706734095087], [0.35344655521996216, 0.8750755326031423], [0.8106263941932719, 0.34288484903721417], [0.6776362032587415, 0.5408091760330775], [0.929331188904169, 0.13634354132996374], [0.41579104007788026, 0.8271178109909546], [0.5723646151914151, 0.6723987472767833], [0.8682795606418714, 0.24609060457155874], [0.7412272054337794, 0.45058222992482977], [0.9554109124366545, 0.08718998839695924], [0.5107569567382592, 0.7391273311434721], [0.4939163843689123, 0.7560466052519409], [0.9094778877066041, 0.17284997177273365], [0.9358212620176658, 0.12423856555566326], [0.28077755649395664, 0.921163963769283], [0.8543874416921892, 0.27002209947867606], [0.6489082382745772, 0.5789180982993845], [0.6562032416392487, 0.5693973056621418], [0.6844147703191279, 0.5315764221690154], [0.28077532478413647, 5.6223514418537155], [0.28077531964008884, 6.861039953400887], [0.7493040274659014, 0.4385434744233797], [0.71147109887804, 0.49380887546127417], [0.4517753413600708, 0.7958990409389914], [0.8337419184122601, 0.3048744134822442], [0.9488524479227365, 0.09967903207103068], [0.9618947822984475, 0.07475842778702235], [0.5817263407002005, 0.6615944645355543], [0.5905594060225209, 0.6512395879583273], [0.44123213609091405, 0.8053142020806491], [0.8259716116069583, 0.31777089681940396], [0.30932475895703393, 0.9043181934961728], [0.7261931884121331, 0.47264345310382017], [0.9028313162446144, 0.18489561440801705], [0.6631735696486847, 0.5602008165194212], [0.2896910425388176, 0.9160790998727729], [0.3448904567515043, 0.8810505728417387], [0.2993231216369576, 0.910405668853507], [0.5270260710569283, 0.7222435204262976], [0.9683130906650219, 0.062369758446753076], [0.9161466396056661, 0.16067533473924578], [0.640553802251205, 0.5896908264215242], [0.8407460307342838, 0.29314611180454675], [0.9423441630241627, 0.11198747841429035], [0.7042956411952843, 0.5039676497933233], [0.6157698783078547, 0.6208274569687298], [0.9811055418526098, 0.037431915746096944], [0.6321801131293701, 0.6003483045637369], [0.9747015496394605, 0.04995688913043428], [0.7795724101109535, 0.3922668573937994], [0.9874190749814419, 0.02500357036279366], [0.9937362688308562, 0.012488228010128277], [0.8823615811462557, 0.22143804011707957], [0.8961845021742824, 0.19685333806263372], [0.3818469499390763, 0.8541929068222245], [0.4076876811258767, 0.8337907546582055], [0.42432133798044025, 0.819951402134489], [1.0, 0.0]]",0.079419,80.29
ZDT6,MGPSO,6,100,0.003698,0.594455,8.114420,0.152849,1.258704,100.0000,100.0000,"[[1.0, 0.0], [0.7469963244993449, 0.4419964911844694], [0.6533443723342597, 0.5731411311391523], [0.4833852884013812, 0.7663386629571136], [0.3385980761346351, 0.8853513428379238], [0.5575254662636071, 0.6891653544675476], [0.45791599815713935, 0.7903129386317508], [0.739927969883622, 0.4525065993839018], [0.3787770404758557, 0.856527953608352], [0.5251145798192278, 0.7242546780612757], [0.6846777307281147, 0.5312164050449992], [0.4098637788262921, 0.8320116828062323], [0.37075914506155183, 0.8625376563532272], [0.8410448278575346, 0.29264359753408986], [0.4484480784533169, 0.7988943209315277], [0.8040846290598124, 0.3534479093097439], [0.7327012369545076, 0.4631488973653345], [0.6104671209581007, 0.6273298942291277], [0.4995023844905565, 0.7504973678882483], [0.7821844162180778, 0.3881875390255849], [0.69276939306292, 0.5200705680352335], [0.5737461495188919, 0.6708153559122454], [0.3226629904175826, 0.895888594614783], [0.5164938518697995, 0.7332341009806976], [0.28963000058818134, 0.9161144627592901], [0.7894988408181587, 0.37669158034678374], [0.6189506040256073, 0.6169001497763358], [0.5655223196464205, 0.6801845059817317], [0.35477956799082777, 0.8741314581362416], [0.5496135138797743, 0.6979249853607271], [0.7008997618505128, 0.5087395238378944], [0.3629273244059218, 0.8682837571995587], [0.8337126184704025, 0.30492326980322515], [0.8115595388360481, 0.3413711149242209], [0.6452269257701262, 0.5836822142612321], [0.7611289366238994, 0.4206827418337722], [0.2807753188244668, 4.868685593654435], [0.44000925442898475, 0.8063918560168489], [0.6690477529252217, 0.5523751043057115], [0.3306926198530956, 0.890642391174696], [0.5412970064756857, 0.7069975507804616], [0.28077531894805385, 4.800488955505809], [0.9575026554407889, 0.0831886648238378], [0.775059156566703, 0.39928330382211097], [0.533230131289015, 0.7156656270854999], [0.3144088487261206, 0.9011470758427154], [0.7968477758546837, 0.36503362211544377], [0.9786593496754805, 0.0422258772927655], [0.9148431934658929, 0.16306193136912683], [0.9645051672310846, 0.06972978238453753], [0.9290791418409059, 0.13681194819616582], [0.29799197190347926, 0.911200784681076], [0.4319569116328976, 0.8134132264925691], [0.4665275961839397, 0.7823520019988349], [0.6768887290831167, 0.541821648440243], [0.7090977500515805, 0.4971803808717863], [0.8481760043240376, 0.2805974656889101], [0.7171535744757513, 0.485690750616653], [0.8864982244393265, 0.2141208980659216], [0.985776167858841, 0.028245346881538014], [0.4749983124958077, 0.774376603126135], [0.8631373709963897, 0.2549938787894408], [0.85563380168749, 0.2678907974098129], [0.7681216013810637, 0.4099892054917903], [0.72495776854713, 0.4744362338231659], [0.2807753810219904, 1.577370961392384], [0.2807755366417246, 0.9211650980235515], [0.9077287372568071, 0.17602853955816244], [0.2807753200647718, 2.987958538651733], [0.5952149667340152, 0.6457191433758251], [0.878894177490762, 0.2275450247728369], [0.9716310631176207, 0.05593307718492213], [0.5802482811089762, 0.6633119322700786], [0.950458174248268, 0.09662925900464914], [0.6261670406765631, 0.6079148371703553], [0.8190550939279829, 0.3291487531106231], [0.6332728714089677, 0.5989654703374411], [0.893512777702926, 0.20163491608160145], [0.9928670240875443, 0.014215072479543678], [0.34687669124799203, 0.8796765610688452], [0.9219926998661622, 0.14992946139350505], [0.6401217780472179, 0.5902441092696682], [0.9362574929354794, 0.1234219069221707], [0.401255866429166, 0.8389937296561794], [0.5872752234966334, 0.6551078118669793], [0.393936349733064, 0.844814152358989], [0.6608728658630252, 0.5632470551659919], [0.42450682974634646, 0.8197939514987065], [0.3061840331831309, 0.9062513378237114], [0.38632063867002686, 0.8507563641375826], [0.9006816143647983, 0.18877262954522067], [0.8263883155160182, 0.3170823519785979], [0.7541720814268073, 0.43122447159635724], [0.9433626351585611, 0.11006693858669547], [0.6036981516504161, 0.6355485416938713], [0.8710364469285092, 0.24129550812215828], [0.5080333639642198, 0.7419021010991985], [0.4169574166107186, 0.8261465127333156], [0.49133399603300265, 0.7585909043422413], [1.0, 0.0]]",0.071617,79.99
ZDT6,MGPSO,7,100,0.003843,1.028427,7.322870,0.131086,1.285532,100.0000,100.0000,"[[1.0, 0.0], [0.6887390139350273, 0.5256385706838063], [0.2807755587766253, 0.9211650855936738], [0.5622715882809033, 0.6838506610120704], [0.7039928421685246, 0.5043940781754828], [0.8428685171786301, 0.2895726627490973], [0.7261378102263661, 0.47272388055965786], [0.2807753188185548, 6.3339990395055], [0.6366888376876018, 0.5946273239640107], [0.5906204138996565, 0.6511675266849986], [0.280775456644763, 3.5962780547558015], [0.6577796218237622, 0.5673259691133885], [0.5544628888868013, 0.6925709048473027], [0.2807753189111821, 6.261442090223935], [0.680760803567549, 0.536564728326065], [0.3277498664559233, 0.8925800250381244], [0.33611783264177764, 0.887024802580194], [0.43694471351550934, 0.8090793173308495], [0.5209812035458385, 0.7285785855519296], [0.7404044725833008, 0.45180121697864417], [0.3923326186932308, 0.846075116309312], [0.6129453981640782, 0.6242979388694796], [0.5840083626385427, 0.6589342323682483], [0.36006480822401965, 0.8703533338785999], [0.28077532004550354, 4.663302875521012], [0.4009563987021084, 0.8392339663398358], [0.3031589873212409, 0.9080946284063597], [0.835638376380275, 0.30170850392053783], [0.8575186569998865, 0.264661752897111], [0.6510239372101548, 0.5761678331793884], [0.6964798994203092, 0.514915749703476], [0.8500879122730456, 0.2773505414072548], [0.280775517681476, 3.0842133259579945], [0.48067158023990164, 0.7689548319496757], [0.9038010777434337, 0.18314361186980777], [0.42798333852700865, 0.8168302619432759], [0.8960785596247096, 0.1970432149809057], [0.8725880746391933, 0.23859005199746564], [0.3848071495795843, 0.8519234576324355], [0.7720836713417643, 0.40388680444742253], [0.8804005581925236, 0.2248948571342928], [0.7890116595713619, 0.3774606010604453], [0.4549124453998128, 0.7930546670203623], [0.41958842274518304, 0.8239455554982096], [0.6051941385291263, 0.6337400546899887], [0.5771274366561713, 0.666923921858677], [0.9191562336285521, 0.15515181818177448], [0.9114159512012762, 0.16932096389587303], [0.4968018516843957, 0.7531879201629557], [0.29543834392889656, 0.912716184936551], [0.926607146077821, 0.14139919683751567], [0.81344977545398, 0.33829946281386947], [0.288056415737703, 0.9170235013523476], [0.8211015721680877, 0.32579220818309473], [0.5294829001119384, 0.7196478584890511], [0.7971430760455911, 0.364562916312573], [0.9414953887969514, 0.11358643287407733], [0.5463729632687291, 0.7014765850089479], [0.8056184773555379, 0.3509788689433446], [0.7334003490321941, 0.4621239280394559], [0.7116145595822996, 0.4936047185904898], [0.7805356339677556, 0.3907641241065538], [0.6438962254538916, 0.5853976508462313], [0.9341157976032809, 0.12742767666798638], [0.36813174055963027, 0.8644790215925371], [0.6725473898223561, 0.5476800084431358], [0.5134387212789961, 0.7363806794913893], [0.7556508861266752, 0.4289917382959706], [0.6209508018069385, 0.6144201017353201], [0.31132857519153523, 0.9030745182692086], [0.505317916203895, 0.7446538035633534], [0.2807753189694602, 5.622769695822847], [0.46338498155159147, 0.7852743588724312], [0.6289885350332134, 0.6043734227967721], [0.44593273824485546, 0.8011439929614452], [0.7640634731965248, 0.41620700892686346], [0.948292620698271, 0.10074110552920512], [0.5697675336053194, 0.6753649576493113], [0.3442323343150928, 0.8815041000119822], [0.6654470527793812, 0.5571802199472354], [0.8651054731916976, 0.251592520253769], [0.4103330558124225, 0.8316267833076394], [0.4722754213323985, 0.7769559264053054], [0.3767987971085588, 0.8580226664975431], [0.7188508802861693, 0.4832534119117995], [0.7481808528453842, 0.4402254114355536], [0.9620262077888667, 0.07450557552737225], [0.9762885896427348, 0.04686058973339979], [0.4888800987663594, 0.7609962490301947], [0.9552232094501237, 0.08754862012780507], [0.5976832151225961, 0.6427747743607164], [0.35200438217570273, 0.8760929149291018], [0.9840359288443113, 0.03167329074351344], [0.9919983068599753, 0.015939359186942337], [0.8882136179404244, 0.21107656890518178], [0.3194481276209218, 0.8979528937594873], [0.9690903332046281, 0.06086392608934288], [0.8284249799768799, 0.3137120525503061], [0.5379791052272782, 0.7105784823388571], [1.0, 0.0]]",0.064599,79.92
ZDT6,MGPSO,8,100,0.003430,1.012385,8.552390,0.141474,1.316625,100.0000,100.0000,"[[1.0, 0.0], [0.7128844209678822, 0.4917958023412874], [0.6050798501262175, 0.6338783749712342], [0.351680619332177, 0.8763207419861364], [0.49487828698263003, 0.7550954810731376], [0.619605687846989, 0.6160887915876596], [0.7263651458653535, 0.4723936748720037], [0.3588788922935231, 0.8712059406661739], [0.7330560323560014, 0.4626288534264771], [0.2969433979572008, 0.9118246184096315], [0.28077537968258437, 6.2161676570168645], [0.6273293667262922, 0.6064578656427891], [0.5971758698693974, 0.6433809804457284], [0.383302374744967, 0.8530792895148689], [0.48647269841895757, 0.763344313692978], [0.4145622545042751, 0.8281381371403327], [0.6993486669082659, 0.5109114420936314], [0.2886396184899557, 0.9166871706379729], [0.37525013251431005, 0.8591873380479927], [0.8795128083369845, 0.22645721997119073], [0.7858241717607115, 0.38248037107659183], [0.2807754283302034, 0.9211651588459908], [0.42289414618504007, 0.821160541122426], [0.7610950099659333, 0.4207343858049559], [0.5882988059801868, 0.6539045148822865], [0.5789351751334659, 0.6648340629931832], [0.45111867674958006, 0.7964919394877079], [0.7198747052662207, 0.481780408717872], [0.5683816849332333, 0.6769422602324587], [0.7923685177906976, 0.37215213201417296], [0.7468603749141361, 0.442199580383116], [0.5592053712903624, 0.6872893527200079], [0.43136445929931955, 0.8139247032534057], [0.5182337581024037, 0.7314337719630594], [0.5262581398795412, 0.7230523702105253], [0.6921718273621624, 0.5208981614061248], [0.47058285605314776, 0.7785517755888625], [0.3054326111572101, 0.9067109200416885], [0.5100561036389328, 0.7398427711406702], [0.6354155349865171, 0.5962470978977982], [0.6775276569090504, 0.5409562741233321], [0.4790089851818927, 0.7705503921150133], [0.7993300369981254, 0.3610714919525754], [0.7538691313173804, 0.43168133284677823], [0.7399093070772282, 0.4525342173004959], [0.2807754164465385, 4.7899923728531775], [0.34471562602745165, 0.8811711371725021], [0.4608589736501625, 0.7876090064061189], [0.6518667010705812, 0.5750698040353575], [0.44099962024967365, 0.8055193349396437], [0.7061303492095004, 0.501379929925269], [0.5336735290185, 0.7151925644249403], [0.3292915622537582, 0.8915670670284793], [0.6436468334979443, 0.5857187537280696], [0.3368192720782214, 0.8865527779566971], [0.8570871535043292, 0.26540161129784645], [0.8275532273570496, 0.3151556558909313], [0.8991170154663882, 0.19158859249881455], [0.4061960659460231, 0.835004756009974], [0.6112228218722058, 0.6264066620225779], [0.2807753357888172, 6.385256618286096], [0.7695764834224909, 0.40775203616307265], [0.5499857008266036, 0.6975157288862697], [0.8646163511390039, 0.25243856534307463], [0.6603450073518418, 0.5639444712654961], [0.8925657469453286, 0.2033263873799276], [0.777590567232398, 0.39535290975119763], [0.3216305274001945, 0.8965538038442727], [0.8493924235526242, 0.2785325108113994], [0.6686376832137478, 0.5529236485865519], [0.31330266143221464, 0.9018414423394912], [0.3670493134714454, 0.8652748014801406], [0.8422529061137127, 0.29061004214300545], [0.3990263038731714, 0.8407780088173155], [0.6847568976442767, 0.5311079911285855], [0.9189950285680171, 0.1554481374672695], [0.872078828016063, 0.23947851772613005], [0.28077537220267357, 6.364214440694037], [0.8063892805017291, 0.3497363282919037], [0.39102391342914156, 0.8471002991265593], [0.5415241490194651, 0.7067515960287442], [0.5030987031070608, 0.7468916949319935], [0.8858553005630285, 0.2152603864643864], [0.93258019861436, 0.13029417315240077], [0.9058850458412412, 0.1793722837212124], [0.834993948852123, 0.3027851053803382], [0.9538276501624241, 0.09021281378562829], [0.8135910223595275, 0.33806964833597875], [0.9257978358705233, 0.14289836709745551], [0.9396942094512025, 0.11697479272387956], [0.9938084074943336, 0.01234484919357648], [0.9876141336406985, 0.024618323033132494], [0.9466648807795047, 0.10382560349872616], [0.8206233062178568, 0.3265773892920736], [0.9610069058947189, 0.07646572682265884], [0.91245561836765, 0.16742474450930944], [0.9680162705843536, 0.06294449988395956], [0.9812756974703227, 0.037098005554131674], [1.0, 0.0], [0.9746721782091357, 0.050014145025058965]]",0.089034,80.58
ZDT6,MGPSO,9,100,0.003233,0.819034,7.851833,0.021038,1.340570,100.0000,100.0000,"[[1.0, 0.0], [0.711930689787202, 0.49315469293911884], [0.4388678796217391, 0.8073949842363187], [0.6836224971119209, 0.5326602814424617], [0.3537563830582464, 0.8748564214455472], [0.7973861796577735, 0.36417528049078096], [0.7546508490861612, 0.43050209597353595], [0.7844507062782975, 0.38463708941948027], [0.5419363681189644, 0.7063049729100264], [0.2807753188732487, 6.793341122643148], [0.495288257999538, 0.754689541487783], [0.33257059082821083, 0.8893968021161748], [0.8043926506021879, 0.35295246365718647], [0.6074470693068399, 0.6310080579905313], [0.42978077781036783, 0.8152884830247152], [0.37108197319220027, 0.8622981691717831], [0.3259514713703574, 0.8937556383114991], [0.3385600339362823, 0.8853771034210633], [0.406721338460874, 0.8345777528405952], [0.7767057260546337, 0.3967282151139443], [0.2954568833345137, 0.9127052300902556], [0.5520773677517948, 0.6952105800162495], [0.6470351638265271, 0.5813454967719791], [0.5168457793655775, 0.7328704403519888], [0.7364986577280038, 0.45756972716484867], [0.5864155735375287, 0.6561167751126513], [0.3624709726648663, 0.8686147939753858], [0.5961204538435853, 0.6446404045093179], [0.39106637506549946, 0.8470670902931301], [0.6768253073612052, 0.5419075033154102], [0.6388986916938314, 0.5918084617519106], [0.6166420123044372, 0.6197526286611343], [0.9333877427202375, 0.1287873217396197], [0.4141883346647808, 0.8284480234276156], [0.9453692367244778, 0.10627700625497827], [0.7210967694759093, 0.48001944905140737], [0.8452441393158983, 0.2855623449521264], [0.477698502537505, 0.7718041406734253], [0.7907053623100749, 0.37478503001409313], [0.4562397178627601, 0.7918453198445091], [0.7619558601757633, 0.4194232671438126], [0.8769653488628104, 0.23093177689392919], [0.6236945818608659, 0.6110050685573997], [0.6614598722557334, 0.5624708373954288], [0.8650710294886413, 0.2516521139394622], [0.8330085365221493, 0.30609677808122693], [0.3087368314606871, 0.9046815688996153], [0.44756327860378586, 0.7996871116454299], [0.397923841337659, 0.8416566164950816], [0.3165208979495153, 0.8998145211612325], [0.8581731103276857, 0.2635389127105058], [0.3022969139958397, 0.9086165757885919], [0.5045293203627064, 0.7454501648943457], [0.2807753197034216, 0.9211652198454414], [0.6692780797173254, 0.5520668520098894], [0.5625113038774312, 0.6835810330101122], [0.7035406772094663, 0.5050305155116455], [0.5255151101787356, 0.7238338689738313], [0.5763512803691642, 0.6678192016168252], [0.9219979105839113, 0.14991985287890186], [0.46282692504987233, 0.7857912374488798], [0.7445531095272668, 0.44564066709327776], [0.6309554739712036, 0.6018951898657738], [0.9393896883786077, 0.11754701336794227], [0.7693503076078418, 0.4081001041837191], [0.48257032060896266, 0.7671258856673631], [0.8391412792738213, 0.2958419134186946], [0.8193738146545104, 0.32862655185851597], [0.3802475169261119, 0.8554118258715262], [0.8708293051393485, 0.2416563213105194], [0.9277322370326144, 0.13931289637046096], [0.8825122361014579, 0.22117215313120464], [0.34553441768214177, 0.8806059661970632], [0.6541119865762735, 0.5721375090172411], [0.8882046643399105, 0.2110924742448269], [0.8118613538286941, 0.34088114215944], [0.7287123726079012, 0.4689782780081633], [0.8260461059004729, 0.3176478309266647], [0.6894848719926655, 0.5246106112932576], [0.2881834439688844, 0.9169503026222329], [0.5338325095457453, 0.7150228517520917], [0.6968070187465911, 0.5144599786254878], [0.8519627807292314, 0.2741594202521156], [0.2807753189445089, 6.630439335488081], [0.4214352304113498, 0.8223923465681325], [0.8952183371729738, 0.1985841287892557], [0.9573403647143045, 0.08349942608868244], [0.9875738978275863, 0.024697796329628097], [0.9753699141177732, 0.048653530633887776], [0.4702060290998621, 0.7789062901981396], [0.9814837357599646, 0.03668967643866394], [0.9161905169490843, 0.16059493665256974], [0.9513494618859976, 0.09493420136922293], [0.9025013309780052, 0.18549134758292907], [0.9937902058680695, 0.012381026720699961], [0.9693692500472603, 0.06032325706281216], [0.9633824462402921, 0.07189426227607065], [0.909364668545973, 0.17305589960027268], [0.5100221511360732, 0.7398774053505326], [1.0, 0.0]]",0.098498,80.23
ZDT6,MGPSO,10,100,0.003803,1.485398,8.892112,0.082337,1.316229,100.0000,100.0000,"[[1.0, 0.0], [0.5585087557418434, 0.6880679697596979], [0.5657399437713977, 0.6799383160215358], [0.42116053314807855, 0.8226238053184263], [0.39613787343646756, 0.8430747852292332], [0.28077542395061805, 0.9211651613053506], [0.8205000997302492, 0.32677958634265114], [0.46033532730756344, 0.7880913864326384], [0.6292398204700524, 0.6040572483348161], [0.4045124988653518, 0.8363696382617087], [0.2807753652098597, 5.1325417834148315], [0.8050129999716149, 0.35195406987670075], [0.28077531881958695, 7.488961482643895], [0.4824689380939189, 0.7672237237745263], [0.3709109360221913, 0.862425077539142], [0.9220455632643687, 0.1498319792644931], [0.8127812212795805, 0.3393866863352736], [0.827784482317006, 0.3147728508351665], [0.3878240889151383, 0.8495924760571429], [0.3793544133802508, 0.8560902290489258], [0.5274460668803651, 0.7218006465324334], [0.7474584999166161, 0.4413057909024021], [0.3216195921511791, 0.8965608379445092], [0.5506638191319444, 0.6967693582990212], [0.5352971249437632, 0.7134569880269411], [0.4128779070309956, 0.8295318338857045], [0.542984061156849, 0.7051683093296153], [0.8574920852299268, 0.26470732376803197], [0.5962578352499575, 0.6444765939030346], [0.928674190945368, 0.13756424707196624], [0.9353678878196033, 0.12508691443589393], [0.6127896977419018, 0.6244887863413886], [0.5728456593739101, 0.6718478505364702], [0.29750874493216883, 0.9114885466888857], [0.7646752506348413, 0.4152717610665426], [0.6480711600287321, 0.5800037715390135], [0.44483601761852753, 0.802120917429289], [0.28077531894544006, 7.4506349185555445], [0.8799141825334023, 0.22575103137657448], [0.8945538066913526, 0.1997734869340101], [0.511215233878265, 0.7386589846507909], [0.7051915477460318, 0.5027048809875563], [0.8350373704613614, 0.3027125899329751], [0.664981040825914, 0.557800215342084], [0.6807911074697709, 0.5365234679900829], [0.6727576489370697, 0.5473971457966664], [0.6386111867702817, 0.5921757521318524], [0.6212048713769992, 0.6141045077774858], [0.6889173857183948, 0.5253928356549324], [0.588999549195985, 0.6530795310469265], [0.2807753191362614, 6.968340578015855], [0.7303659486721502, 0.46656558102023005], [0.60440794373141, 0.6346910375543686], [0.2807753219928676, 6.95150608956886], [0.797187653773804, 0.3644918446706177], [0.8723862975764021, 0.23894214780093725], [0.5815651861326065, 0.6617819342785467], [0.7135174831948435, 0.4908928011752962], [0.46756355652718695, 0.7813843206076481], [0.781572062100028, 0.3891451117447099], [0.756084873490966, 0.42833566407814994], [0.5191770375455438, 0.730455203685433], [0.3458825695253521, 0.88036524809854], [0.6571078815325538, 0.5682092320277992], [0.2891536294799515, 0.916390178558571], [0.33761776195098514, 0.8860142468152079], [0.7892187668832522, 0.37713373799927885], [0.9781384244758442, 0.04324522256391328], [0.3057843483556869, 0.9064959323006879], [0.35417417944290563, 0.8745606506159445], [0.7221037095926192, 0.47856623259257836], [0.9493785714382371, 0.09868032809389216], [0.9565433210176894, 0.08502487501644973], [0.8649556508016059, 0.2518517221463704], [0.9853869722292081, 0.029012514960953806], [0.8426208705967426, 0.2899900684347875], [0.2807753774610212, 5.0731819016085575], [0.4750922082243988, 0.7742873936844645], [0.43717865172746473, 0.8088748264737561], [0.9016327925799439, 0.18705830734449191], [0.942329455926392, 0.11201519649347014], [0.9708363996835437, 0.05747668504949455], [0.3294461405508057, 0.8914652404761788], [0.45247661411365014, 0.795264913680247], [0.9926867984706608, 0.014572920142069679], [0.7389246081794071, 0.45399042342690976], [0.8873170165096211, 0.21266851221246474], [0.9153568469535006, 0.1621218427353457], [0.503086586410137, 0.7469038865741957], [0.9084911106484516, 0.17464390187274292], [0.2807753228828759, 6.113050420115766], [0.4940953881573408, 0.7558697474016467], [0.6969965673895945, 0.5141957850471225], [0.3625227786492232, 0.8685772349604464], [0.8499989855792014, 0.27750172451432853], [0.42938605774260263, 0.8156276134162663], [0.9637490149299301, 0.0711878362215893], [0.773119161414833, 0.40228676225322546], [0.31337968750439804, 0.9017931714596459], [1.0, 0.0]]",0.076465,76.01
ZDT6,MGPSO,11,100,0.003388,1.116150,8.297207,0.216863,1.358179,100.0000,100.0000,"[[1.0, 0.0], [0.751769552777669, 0.43484253951646357], [0.5382039099586101, 0.7103365513052643], [0.6654023790928463, 0.5572396738975801], [0.517778666855769, 0.7319052521490625], [0.5762811111393233, 0.6679000809440269], [0.8092142244101072, 0.3451723390123488], [0.3237831116122457, 0.895164496634692], [0.40181217963909577, 0.838546972293679], [0.8022186754943617, 0.35644519668807206], [0.4724540626181404, 0.7767871587156143], [0.46366239751665794, 0.7850171811291047], [0.5102352783997615, 0.7396599606763179], [0.7044766975638914, 0.5037125825894735], [0.28953675092341946, 0.9161684698647098], [0.28077532118820736, 5.745642206333599], [0.45018946371986646, 0.797329446755619], [0.45736105133225124, 0.7908208687242578], [0.5042411323665466, 0.7457408804297029], [0.8232388461829572, 0.3222778021353534], [0.3912986797106579, 0.846885343256696], [0.3153698529926815, 0.9005418558233744], [0.7359060450623714, 0.45844229284065896], [0.6093910549051651, 0.62864254220157], [0.6267376707367218, 0.6071998920795085], [0.28077532036536346, 7.597010690017308], [0.7192777178185072, 0.48263956464979985], [0.30719723318756087, 0.9056298599219074], [0.8762963372693651, 0.23210472928829518], [0.7437148979874277, 0.44688815051154995], [0.8385042090875015, 0.29691069134254366], [0.786622472730212, 0.3812250853958068], [0.5680381527983362, 0.6773326569654541], [0.9422657568216157, 0.1121352435213877], [0.5932395451318846, 0.6480668420917146], [0.8831640792014311, 0.22002120920828827], [0.5250677383209688, 0.7243038701745026], [0.6182691663687572, 0.617743237917682], [0.9356473611061105, 0.12456401565517172], [0.7796020432944881, 0.3922206540910591], [0.49809602009538634, 0.7519003547651365], [0.8692517505594743, 0.2444013941492894], [0.9681196058762206, 0.06274442871807129], [0.672978628490194, 0.5470997655954575], [0.5853415862859017, 0.6573752273643043], [0.4368897195810252, 0.8091273729244132], [0.7947324418852922, 0.36840034581504055], [0.38338984233147166, 0.8530122287970493], [0.5529778941005761, 0.6942154486360921], [0.8306758219811232, 0.30997767877598525], [0.3473501931684927, 0.8793478433058108], [0.3317134052224624, 0.8899662167957184], [0.681140715036678, 0.5360473263193231], [0.40980129094736395, 0.832062901937874], [0.8162390574869316, 0.3337538010328456], [0.8540808947168745, 0.2705458252796231], [0.3395911262374114, 0.8846778669808065], [0.2807753300857748, 0.9211652140152242], [0.7594435057659995, 0.42324556154984827], [0.8965352691769469, 0.19622451112181927], [0.7659749298777921, 0.4132824067987114], [0.3745640698474544, 0.8597017575793113], [0.4438156422785964, 0.803027675668837], [0.6897659645206662, 0.524222914188875], [0.2985627127555671, 0.9108603065520368], [0.8898488346787261, 0.20816905142091313], [0.5316890256942266, 0.717306779956324], [0.846276387671147, 0.28381627567027456], [0.921980962278854, 0.14995110519535848], [0.5609518280659276, 0.685333046589494], [0.697129846881547, 0.5140099765869108], [0.9616815994871629, 0.07516850120781193], [0.4281007125717239, 0.8167297798955823], [0.9487846840289993, 0.099807623351992], [0.861738935774576, 0.25740600657010104], [0.9809042674023455, 0.03782681819186795], [0.7726671648759245, 0.40298545232260097], [0.9154717537261879, 0.16191146812949786], [0.9091177287510455, 0.17350495527054055], [0.4193935425540668, 0.8241090564639502], [0.9552345615489719, 0.08752693242234344], [0.6579304316291337, 0.5671275471363019], [0.650117135053824, 0.577347710709408], [0.6426464877633544, 0.5870054917654248], [0.9936365724298017, 0.012686361929955314], [0.9287620522558543, 0.1374010502894938], [0.9872798840441922, 0.025278430561686438], [0.4804078578949168, 0.7692082900728174], [0.2807753188691212, 8.453248317089525], [0.7116581334899902, 0.4935427010375433], [0.36516538562370204, 0.866654241142293], [0.6345809707544654, 0.5973069915563203], [0.6009702133793324, 0.6388348026307997], [0.7276485339115035, 0.4705276110964395], [0.9028399391183726, 0.1848800443327333], [0.3563356508507215, 0.8730249039327926], [0.5462966330573742, 0.7015599887101767], [0.4899324106381696, 0.759966233006272], [0.9745117688243656, 0.05032681242280612], [1.0, 0.0]]",0.097260,75.31
ZDT6,MGPSO,12,100,0.003466,0.938213,8.609126,0.133852,1.323653,100.0000,100.0000,"[[1.0, 0.0], [0.4894668588636061, 0.7604221940741948], [0.6736022220303737, 0.5462600464757432], [0.2807753205586283, 3.7293985797884073], [0.5866348697031246, 0.655859529648398], [0.5116572549226295, 0.7382068534850393], [0.5956440124308997, 0.6452082104552181], [0.7034873383637567, 0.5051055647618774], [0.3745444688574464, 0.8597164408482934], [0.33454925386535517, 0.8880767967381341], [0.6812547451586535, 0.5358919721988181], [0.6224362964921026, 0.6125730568091954], [0.860721163757071, 0.2591590782606734], [0.29899448071379986, 0.9106023005026852], [0.4808901409800501, 0.7687446723081875], [0.5193083055942795, 0.7303188837407983], [0.8539245004215943, 0.2708129475797306], [0.8471222962773481, 0.2823838151497928], [0.3081126866420837, 0.9050665723301972], [0.7605009203913254, 0.4216383500839469], [0.4542915448729232, 0.7936191922569727], [0.39837409605701535, 0.8412980795907559], [0.8129050445947503, 0.339185388472407], [0.28990551262033437, 0.9159547937523411], [0.463636119938313, 0.7850415482885462], [0.7317930261358601, 0.46447896689892043], [0.3425021399082623, 0.8826922841582612], [0.7676489751477449, 0.4107150509546169], [0.5268115842388338, 0.7224695547117701], [0.3664727987027392, 0.8656976878109817], [0.8812071300378262, 0.2234739939704976], [0.6045106805346226, 0.6345668371195674], [0.7977807467350035, 0.3635458801389402], [0.2807753189497182, 4.697216199908289], [0.5587023994089828, 0.6878516288946455], [0.8883117913902537, 0.2109021612770383], [0.819968785768562, 0.32765119036523005], [0.6657084867680433, 0.5568322106450019], [0.3257404191949774, 0.8938931793026804], [0.35854923366536007, 0.871442447037983], [0.3902383953320473, 0.8477139948086687], [0.9253872353542183, 0.14365846464347665], [0.8337711441620215, 0.3048256791627536], [0.9177959103853255, 0.15765066687997153], [0.7105598242404839, 0.49510473617533257], [0.902890562872193, 0.1847886314763344], [0.7246362336744704, 0.4749023288460783], [0.7826405747819906, 0.3874737307049154], [0.6315439824457421, 0.6011521982365722], [0.7532223523754422, 0.43265608788200516], [0.3825518694549479, 0.8536540671765245], [0.6577894813819447, 0.5673129981832723], [0.8268741583769933, 0.316279126208339], [0.8404493170762991, 0.2936449454259824], [0.9873468510355737, 0.025146195750136546], [0.9744181333995348, 0.050509301302166465], [0.7749573256496244, 0.399441143421982], [0.6961633230891118, 0.515356627585525], [0.8742995181450947, 0.23560035257125533], [0.9936728095987435, 0.012614347464139253], [0.9103310791886419, 0.17129732626324268], [0.49670427768859493, 0.7532848605258512], [0.31694751757388373, 0.8995442711037527], [0.9469448895173679, 0.10329537621693996], [0.7388676908283645, 0.45407453544996046], [0.5344041521769911, 0.7144122021359913], [0.9399089033506494, 0.11657125340217966], [0.717684639736018, 0.484928757886982], [0.3505799738089005, 0.8770936819641506], [0.5418624295722999, 0.7063851074180043], [0.6403528175241202, 0.5899482690889208], [0.2807753638251709, 0.9211651950688429], [0.7903056036826466, 0.37541705278780757], [0.9540717844987839, 0.08974703002330597], [0.8675379481883884, 0.24737790845308116], [0.6133564706639683, 0.6237938398946407], [0.41433382527535756, 0.8283274812326895], [0.6492070048316074, 0.5785302648775732], [0.6887317402077904, 0.5256485900303487], [0.9326737710194002, 0.13011963685245143], [0.8053210100733166, 0.3514580707344931], [0.7460326493222396, 0.4434352861452403], [0.47237947088465193, 0.7768576354867363], [0.4222739442572325, 0.8216847160014397], [0.5749007048950101, 0.6694891795112206], [0.4062892123083446, 0.8349290759618649], [0.5805232502909925, 0.6629927558715817], [0.9609352921352855, 0.07660336432887349], [0.5042783976204981, 0.7457032976933029], [0.9809155725822847, 0.03780463946556856], [0.28077531882343243, 6.670347172959658], [0.4443747663565629, 0.8025310670255501], [0.8954442081051734, 0.19817967017089888], [0.42925517148508663, 0.8157399977533089], [0.9676895724885188, 0.06357689129698763], [0.5502179984885998, 0.6972601541391992], [0.5674399312663534, 0.6780119244044361], [0.28077531883536044, 6.650234740748214], [0.4365112149668141, 0.8094579592081959], [1.0, 0.0]]",0.067499,73.73
ZDT6,MGPSO,13,100,0.003518,0.476490,8.269773,0.050636,1.262595,100.0000,100.0000,"[[1.0, 0.0], [0.5091354062072262, 0.7407811381462028], [0.7294066286255596, 0.46796597011709495], [0.7657966143992385, 0.413555545374664], [0.9268490929749161, 0.14095075885157526], [0.7059219981482872, 0.5016741325303297], [0.6592734349445069, 0.5653585379764711], [0.46856034132926505, 0.7804512065334026], [0.5804347169443554, 0.663095539365726], [0.45213936099258667, 0.7955699982412154], [0.5599273542175359, 0.68648135799895], [0.786314939891404, 0.3817088153035777], [0.7591356850450546, 0.4237130116911757], [0.5384298260249539, 0.7100933224467378], [0.7518197201362452, 0.4347671084142579], [0.5668951395232675, 0.678629900784895], [0.9198783057548225, 0.15382390260163725], [0.8467709620109121, 0.2829789378951145], [0.5529783763780681, 0.6942149152582756], [0.3785463269581131, 0.8567026783465214], [0.3691054419785007, 0.8637611727018557], [0.5164900792544593, 0.7332379980317223], [0.7444389244617934, 0.4458106877461683], [0.46035815021505944, 0.7880703735305687], [0.5238541312296308, 0.7255768491936487], [0.6411495483581849, 0.5889272566400955], [0.8986387725973953, 0.19244835638464686], [0.5736414904390148, 0.6709354404469057], [0.4773755347037717, 0.772112598866288], [0.9537945723711231, 0.09027591371538646], [0.6988382526333383, 0.5116250966563824], [0.545825643284882, 0.7020743671326447], [0.44406680420279954, 0.8028046734051125], [0.2807753188293559, 4.4727194574647635], [0.39687437453612573, 0.842490730836559], [0.7368127498845022, 0.457106971607638], [0.3879232676680481, 0.8495155384017439], [0.7933745407553807, 0.3705568380811888], [0.5878380518963396, 0.6544464247427163], [0.30776223938088954, 0.90528240401126], [0.9604747973284533, 0.07748816369686651], [0.683751810520036, 0.5324834616105728], [0.35023283228396473, 0.8773369631903523], [0.35983021602218557, 0.8705222156374273], [0.986825117420846, 0.026176187627333536], [0.8911977643386053, 0.2057665448378717], [0.9934186949354509, 0.013119296552745574], [0.8336879856419022, 0.3049643425963475], [0.8270514414709315, 0.31598591316085445], [0.3232914980076941, 0.8954826073159411], [0.5310360603858745, 0.7180007025698498], [0.9335063289475292, 0.12856593381490744], [0.8206674142839947, 0.32650499513242226], [0.9470885238508776, 0.10302332798996561], [0.3156129089676748, 0.9003884916929622], [0.6914164065064783, 0.5219433528136683], [0.3309412739913786, 0.8904778731689633], [0.3404101141867806, 0.884120954159343], [0.4283662839301512, 0.8165023267918731], [0.49399151405315345, 0.7559723840434731], [0.8139049413559182, 0.33755874643641937], [0.7725439830686756, 0.403175794224386], [0.40567942345671315, 0.8354242053838288], [0.6676680022474264, 0.5542194387749306], [0.2807753279621573, 4.097261081627972], [0.9736728459673865, 0.05196118902577007], [0.29006501662975026, 0.9158622861275827], [0.8402562143069074, 0.2939694943186244], [0.7793907264558881, 0.392550095514563], [0.2807753289205963, 0.9211652146695309], [0.8684835126414168, 0.24573638827002608], [0.8071317989651072, 0.34853825909934977], [0.6126968670165072, 0.6246025491481566], [0.420940396275706, 0.8228091827832515], [0.6196594537355675, 0.6160221613961381], [0.9128263597395502, 0.16674803696464136], [0.8610976386704539, 0.25851085667616847], [0.6759113765216966, 0.5431438110885453], [0.9403702152010188, 0.11570385836278951], [0.7215574994719846, 0.479354774955737], [0.713832328248539, 0.49044340714726997], [0.8002903602943401, 0.3595353392199553], [0.6261863449346894, 0.6078906614173343], [0.5014510603702745, 0.7485468340535273], [0.9670915218371157, 0.0647339883907716], [0.43658700399681816, 0.8093917879410824], [0.853781416302839, 0.2710572931759183], [0.6502406627574497, 0.5771870804967525], [0.9057227671503938, 0.1796662690654336], [0.5925070665414556, 0.6489353760984391], [0.8758868484573331, 0.23282222869948077], [0.6054023782305351, 0.6334879604328121], [0.5990391603252042, 0.6411520843968743], [0.6331603041536439, 0.5991080292440651], [0.29907977978325395, 0.9105512853248003], [0.41331324695864846, 0.8291721598884992], [0.48563748947809593, 0.7641562288134123], [0.883565903834011, 0.2193112935819872], [0.9802596045649915, 0.03909110765808643], [1.0, 0.0]]",0.089811,73.24
ZDT6,MGPSO,14,100,0.003645,1.101662,6.352321,0.148597,1.305212,100.0000,100.0000,"[[0.5889856781869194, 0.6530958708906947], [0.3857416717743163, 0.8512033626567557], [0.39347167914093917, 0.8451800377140098], [0.37008563622227775, 0.8630366218619518], [0.28077532645671155, 4.335820123238301], [0.847592683805902, 0.28158664235870823], [0.4012516325476132, 0.8389971273778751], [0.8401850621612346, 0.29408906132112245], [0.28077531936570477, 6.894313563047256], [0.47615360759801284, 0.7732777419713976], [0.7479541888608294, 0.44056453136553875], [0.4247463200219763, 0.8195905636277889], [0.6138726110841032, 0.6231604173607854], [0.46792219152580594, 0.781048822677687], [0.3624422271889054, 0.8686356319503459], [0.6223444867739032, 0.6126873397821271], [0.6054767804325422, 0.6333978683570431], [0.6465045051467304, 0.5820319248249812], [0.7555004378309677, 0.42921908843721623], [0.6860270105103401, 0.5293669408502457], [0.6781920328233499, 0.5400555666149323], [0.7099934020243313, 0.4959093690819163], [0.6384019100621283, 0.5924430012290263], [0.4420494952262187, 0.8045922437702453], [0.4845843984349947, 0.7651779607933944], [0.6543153305280468, 0.5718714482359728], [0.37794851708535115, 0.8571549184329841], [0.5468549136311573, 0.7009497034374594], [0.3547833620249058, 0.8741287660303046], [0.49315502667752575, 0.7567981196626888], [0.8769535030068486, 0.23095255356401723], [0.8625299695303046, 0.25604205166205185], [0.8329437921341105, 0.30620463914524765], [0.2807758033187008, 0.9211649482707382], [0.7707953605750797, 0.40587451211593284], [0.280775359239687, 3.589925147719944], [0.40904664385031186, 0.8326808431547961], [0.7329019462010377, 0.46285473725473125], [0.5644166650301391, 0.6814338282362558], [0.8027531961528636, 0.35558730606636213], [0.7176174014126082, 0.4850252651898155], [0.7631946090952223, 0.41753398864799085], [0.8550416828941756, 0.2689037205134961], [0.28895584158693666, 0.9165045216127852], [0.28077531882804707, 7.214707054066029], [0.9380984387934135, 0.11997131913336023], [0.8912591941350924, 0.20565704886966574], [0.9318276155845521, 0.13169729483400827], [0.30529354550754995, 0.9067958510714296], [0.33953350686459005, 0.8847169977162334], [0.41687480172600533, 0.8262153996859037], [0.7785577055903589, 0.39384789906587614], [0.9444033462222756, 0.10810231964416861], [0.2807753909613109, 1.6145734608093594], [0.7020819259173297, 0.5070809693002132], [0.898527999320723, 0.19264743443669874], [0.5176950707183581, 0.7319918137539143], [0.9786566821080818, 0.04223109856520102], [0.28077532075145417, 6.099085940296097], [0.5271422024810679, 0.7221210983634088], [0.29704302998180465, 0.9117654383392287], [0.8258050191366185, 0.3180460703687691], [0.3469773345264011, 0.8796067293249539], [0.5972431615866034, 0.6433006059380384], [0.43330943360564367, 0.8122429347483563], [0.31391088936269895, 0.9014599535395194], [0.6699934697537027, 0.5511087504873944], [0.7865310692727103, 0.3813688770687269], [0.7252844798213554, 0.47396242333026595], [0.8107831556669282, 0.34263067448677775], [0.459259549379167, 0.7890806663040444], [0.5096853210245129, 0.7402208735321392], [0.8182802261790123, 0.33041747144442446], [0.7405444967587766, 0.45159384832029026], [0.9928599792424905, 0.01422906161860138], [0.5728830476450978, 0.6718050137208647], [0.9256869615535956, 0.1431036492096719], [0.6940037450260002, 0.5183588018898866], [0.5809793306950535, 0.6624630173051277], [0.9129744024355657, 0.1664777404974217], [0.537013381236001, 0.7116166283734775], [0.8842631987758773, 0.2180785952906532], [0.4506114443644762, 0.7969493262077606], [0.8697640991657657, 0.2435104118023641], [0.32246782134344887, 0.8960145041980095], [0.33101857848416627, 0.8904267006983219], [0.5556249847963813, 0.691280876270021], [0.98576070054318, 0.028275841264619017], [0.9716768792928109, 0.055844042247784276], [0.9647907912576249, 0.06917872910448608], [0.9510911296690432, 0.09542566306486322], [0.6620980692262391, 0.5616261467268862], [0.5011987428263849, 0.7487998201892513], [0.9577992699414686, 0.08262055849958982], [0.630558086907726, 0.6023964990352687], [0.9057747448062236, 0.17957211167122056], [0.9193547705801408, 0.1547868058115367], [1.0, 0.0], [0.7946564887737312, 0.36852106484980485], [1.0, 0.0]]",0.060098,74.30
ZDT6,MGPSO,15,100,0.003298,0.937392,8.169641,0.020490,1.321794,100.0000,100.0000,"[[1.0, 0.0], [0.4202242481800299, 0.8234115812415286], [0.6535584825245078, 0.5728613099202626], [0.28077533622477346, 6.176594229225802], [0.6684796214695691, 0.5531349956799017], [0.6759827066348507, 0.5430473803306213], [0.5560074317186969, 0.6908557358735785], [0.5400318414281925, 0.7083656102436755], [0.5640852618984719, 0.6818078173089324], [0.6610237736389154, 0.563047570684168], [0.646129325530348, 0.5825168946896977], [0.5719941298119204, 0.6728227154607039], [0.9182765726479997, 0.15676813612584295], [0.7073264765489503, 0.49968925557284727], [0.28077538031459204, 0.9211651858091963], [0.8738442857960257, 0.23639616418163378], [0.4708528109178549, 0.7782976304507547], [0.3545442041632716, 0.8742984072942324], [0.3310344522335993, 0.8904161914344009], [0.6385419147883306, 0.5922642230584524], [0.798886544773694, 0.3617802885795486], [0.7913981281089812, 0.37368900282560047], [0.881119746863875, 0.2236279916865409], [0.45361662405617864, 0.7942319583798755], [0.3791479055120015, 0.8562468657458624], [0.6835676391967143, 0.5327352826430307], [0.32305187186260964, 0.895637488086064], [0.9029640037177837, 0.1846560079899502], [0.7305955590357738, 0.4662301291172052], [0.5478995380513656, 0.6998060962031002], [0.306491974876153, 0.9060626693365156], [0.5249236522896715, 0.724455159266872], [0.7529914776830435, 0.43300383453670654], [0.44470630781257825, 0.8022362997917044], [0.3388584903182801, 0.8851749235392161], [0.3710217337567927, 0.8623428730801036], [0.2980265991954234, 0.9111801461720105], [0.8882659890777233, 0.21098353264777403], [0.5327831230692635, 0.7161421437725621], [0.7456177225431109, 0.44405421182962457], [0.6312180013076275, 0.6015638348252039], [0.7756798804529506, 0.3983207230604964], [0.6989727052748742, 0.5114371572807239], [0.28077532170203157, 6.364283801242779], [0.47927168516686547, 0.7702986517973129], [0.7150279672344384, 0.4887350060725869], [0.837067959974712, 0.299317230383774], [0.4622837517691276, 0.7862937328502596], [0.4363047344929851, 0.8096381786590058], [0.8665313868882223, 0.24912335553757403], [0.8063276449299396, 0.3498357290217373], [0.7835583536337684, 0.3860363064507384], [0.39572628603858373, 0.8434007065381091], [0.9262144039364347, 0.1421268779406749], [0.895585506278454, 0.1979266009439652], [0.7678389072410635, 0.41042341252684944], [0.9341283865285404, 0.12740415748158596], [0.7228883086580444, 0.47743249320551184], [0.4119518963950113, 0.8302956350565539], [0.5161415570124059, 0.7335978931248093], [0.9718617353435269, 0.05548476737506847], [0.9790187130179481, 0.04152235956068062], [0.4280398705536391, 0.8167818692164239], [0.3875018772013017, 0.8498422951654673], [0.9419708349929268, 0.11269094602272833], [0.9496339002529973, 0.0981954554902803], [0.9106505177410442, 0.17071563453796812], [0.31482809235778564, 0.9008832722623576], [0.4977353411894292, 0.7522595301310425], [0.7606114999819801, 0.4214701460951623], [0.2893357957739624, 0.9162847972838479], [0.3468013700116208, 0.8797288097580629], [0.9644071820572457, 0.06991878719640243], [0.5956192771215729, 0.6452376767211749], [0.6238491650489444, 0.610812219267735], [0.8140949754287033, 0.3372493709817389], [0.6049578822515369, 0.6340259607017356], [0.5071813973996613, 0.7427670301317268], [0.8218668805138394, 0.32453483071445044], [0.3628682778921696, 0.8683266128995712], [0.48874595018602085, 0.7611273961767636], [0.8591531227484804, 0.26185591167153455], [0.829516384393443, 0.3119025680228297], [0.579772714429903, 0.6638635996025821], [0.5876402217456262, 0.6546789697867512], [0.6911101197046813, 0.5223668024417811], [0.9570404901695689, 0.08407350017599124], [0.7380588620242625, 0.4552691161874506], [0.844646679490777, 0.2865719868252047], [0.8520430388315092, 0.2740226599787673], [0.4041203427994364, 0.8366867485356659], [0.6142635279238523, 0.6226803182625427], [0.28077531882652706, 6.454650938692795], [0.9848018128716177, 0.030165389364775197], [0.8269190723030264, 0.31620484786150216], [0.3779655341162014, 0.8571420550202546], [0.9956071367905093, 0.008766429171804146], [0.9912241065286207, 0.017474770636537573], [0.9582528292833841, 0.08175151517038959], [1.0, 0.0]]",0.073389,72.66
ZDT6,MGPSO,16,100,0.003842,1.176042,8.118817,0.110511,1.279260,100.0000,100.0000,"[[1.0, 0.0], [0.6898017149082796, 0.5241735941095966], [0.6971706010961791, 0.5139531529671924], [0.4840291262458023, 0.7657158049457252], [0.6371035193101542, 0.5940991056826159], [0.6824423124067418, 0.534272490236939], [0.2807753188222961, 6.527119725823479], [0.28077532268465666, 5.560884564038294], [0.5168381300457033, 0.7328783473308607], [0.5606591447894926, 0.6856613233639147], [0.41973741081784777, 0.8238205059599293], [0.3296881116914909, 0.891305749009299], [0.5696586757747044, 0.6754889931146102], [0.3953470974341685, 0.8437006725503781], [0.6290382189313815, 0.6043109191236354], [0.4443558627426504, 0.8025478672462348], [0.2807753401037648, 3.400497960915855], [0.8378759094867666, 0.2979639603017237], [0.28077533217486483, 4.352603403121087], [0.8453331813030545, 0.28541181258805726], [0.5871130590420688, 0.6552982559022642], [0.6124309939250223, 0.6249282776800094], [0.7203535808569894, 0.48109071854651286], [0.4676236321092213, 0.7813281386929797], [0.6676527107718353, 0.55423985779902], [0.40347470700038257, 0.8372081608109554], [0.7281683270796337, 0.4697708874380475], [0.2807753259122, 4.46245535958046], [0.859440478937032, 0.26136206316448507], [0.47584305893082746, 0.773573383267353], [0.604050947093131, 0.6351224533158915], [0.7681072174947046, 0.4100113024325426], [0.3218357405151079, 0.8964217561270922], [0.866493236441661, 0.24918947120085577], [0.37979590187388, 0.8557550729198061], [0.6599970048475955, 0.564403953592203], [0.3138447217991016, 0.9015014905988445], [0.7596345144158145, 0.42295540450824964], [0.2807753189825637, 6.240461771610279], [0.5520088506654702, 0.6952862287869865], [0.3720876567213818, 0.8615507757155911], [0.8955975577360756, 0.19790501457717669], [0.9025895442404135, 0.18533211462788268], [0.508746577952844, 0.741176919421271], [0.6750084127128062, 0.5443636427669378], [0.3548677210139759, 0.874068900582347], [0.5336491097845153, 0.7152186276261943], [0.5955185481537868, 0.6453576588048059], [0.5427764925329857, 0.7053936791535897], [0.7434913126040996, 0.44722066808223304], [0.3463333753318013, 0.8800531931312816], [0.4601220126041643, 0.7882877335170932], [0.4280511742544245, 0.8167721922194083], [0.2807753190790787, 6.077767169058894], [0.28077535011395593, 0.9211652027683854], [0.8737311607757393, 0.23659385868947913], [0.8523973765464784, 0.27341871245668115], [0.41165004855540854, 0.8305442375243298], [0.3055000978975292, 0.9066696901846001], [0.36361430438043174, 0.8677846376499347], [0.8136037667371625, 0.3380489107511009], [0.8217383086324375, 0.32474615212590097], [0.99227214991633, 0.015395980500424455], [0.7512560951319549, 0.4356142795270871], [0.9768312481189956, 0.04580071269828534], [0.9611235963963007, 0.07624143245024084], [0.5005807295774802, 0.7494189331756775], [0.8884350331389148, 0.21068319189145535], [0.3379894351673618, 0.8857631417152477], [0.5784634074111189, 0.665380086286318], [0.9379920588775408, 0.12017089748267207], [0.8809963892792791, 0.2238453620768729], [0.29736661176166257, 0.9115730982093886], [0.6523895629776155, 0.5743878581178758], [0.7759741531566935, 0.3978641136327524], [0.829867051230104, 0.311320677282652], [0.3875909123611364, 0.8497732846550619], [0.704721479390374, 0.5033676364858427], [0.6204640424876589, 0.6150243719798727], [0.4360204960551537, 0.8098861270198177], [0.9533489375249696, 0.09112580332001152], [0.452354503585082, 0.7953754030862941], [0.7358970232513544, 0.4584555711697955], [0.7908660832860316, 0.37453083830781175], [0.9235896167702207, 0.14698221979423687], [0.9457142239092952, 0.10562460669563956], [0.9166923857177611, 0.15967506996707947], [0.8058801931853369, 0.3505571142315641], [0.9845574590209649, 0.030646609886180953], [0.7124731870765599, 0.49238195769696924], [0.9307876489503292, 0.1336343525615188], [0.49222610180106374, 0.7577134647057289], [0.79836414643687, 0.3626146896841279], [0.28904446460573985, 0.9164532974807812], [0.6446672738362311, 0.5844041060445617], [0.5253566240567142, 0.7240004175597322], [0.9096832880464396, 0.17247631544901842], [0.968969122659656, 0.061098839332176635], [0.7831104914111924, 0.38673795824172075], [1.0, 0.0]]",0.073463,67.84
ZDT6,MGPSO,17,100,0.003341,0.626607,7.518105,0.197117,1.303116,100.0000,100.0000,"[[1.0, 0.0], [0.8018151569122466, 0.3570924541457894], [0.5678033523439889, 0.677599353066928], [0.6018455291907749, 0.637781958993076], [0.5928495267490081, 0.648529438633477], [0.5844127950315319, 0.6584616850034327], [0.5034307848054255, 0.7465574449101934], [0.3895472337251785, 0.8482529526970611], [0.839953608640895, 0.2944779353311383], [0.5191716244603173, 0.7304608243552353], [0.7704537919554183, 0.406400954461517], [0.3810278317523752, 0.8548177914300836], [0.7940781513765186, 0.3694398895064508], [0.9108414630385078, 0.1703678292098707], [0.4371827387041699, 0.8088712529791215], [0.4460182269842258, 0.8010677411978476], [0.6495493484749963, 0.5780856438957078], [0.8768584143917755, 0.2311193211103414], [0.5338842162358162, 0.7149676436542682], [0.6715053404382747, 0.5490805777628768], [0.3983406000033025, 0.8413247663890089], [0.4706159332579871, 0.7785206433637138], [0.7546135847976845, 0.4305583376387878], [0.37251233902868663, 0.8612345572713769], [0.717434901604009, 0.48528716196044586], [0.28077531890979746, 4.099883913971288], [0.9174204562313918, 0.15833970648818496], [0.4953053416448421, 0.7546726185380863], [0.6643384598304771, 0.5586544107900695], [0.4787747906387977, 0.7707746998487754], [0.4137113017682451, 0.8288429587892241], [0.486996669162743, 0.7628342442243938], [0.5506199020347948, 0.6968177234831929], [0.3043012350936486, 0.90740075832048], [0.2965461348894256, 0.9120603898821426], [0.9042078953245638, 0.18240808203272263], [0.9305097538519627, 0.1341515979863599], [0.7099460365580235, 0.49597662517555363], [0.9239624719432908, 0.14629335044044345], [0.7251199440087971, 0.47420106680067897], [0.962773312760405, 0.0730675482363553], [0.288838702444253, 0.9165722039703202], [0.6571300743984456, 0.5681800653210933], [0.5113097991721056, 0.738562289270581], [0.7398023407762769, 0.45269249658194144], [0.33414307215214656, 0.8883484073327254], [0.6421320815152807, 0.587666389888853], [0.8975570273759411, 0.1943913826080641], [0.7023653341977721, 0.5066829373172519], [0.6867614541008842, 0.5283587051612392], [0.5591891686960009, 0.6873074736130755], [0.9565093370101178, 0.08508988821246499], [0.8095355456051212, 0.34465220040181876], [0.45439817395074156, 0.7935222995102316], [0.8472655449992506, 0.2821410962571229], [0.862048881731672, 0.2568717255051737], [0.8323953036631866, 0.3071180584394714], [0.28077573288861757, 0.9211649878208596], [0.7324870599542529, 0.4634627069995747], [0.7471078401508808, 0.4418298751850859], [0.5422472701561971, 0.7059678980081522], [0.3415856076796524, 0.8833192726261225], [0.786246756127494, 0.38181603847899304], [0.981369928361052, 0.03691306370862368], [0.28077531882183215, 5.76780615676651], [0.40626260231702904, 0.8349506979585954], [0.8694440294508923, 0.24406707965219598], [0.5265707283527361, 0.722723268042069], [0.634541060784782, 0.5973576421781236], [0.8546794836400893, 0.26952298024471033], [0.28077540070579987, 3.301547626895202], [0.4624780092909305, 0.786114090922298], [0.6267295555300894, 0.6072100642250566], [0.32695319474340356, 0.893101608447082], [0.8841226074450332, 0.21832721500459562], [0.617433440922402, 0.6187759460307227], [0.824865036163523, 0.3195976721149498], [0.3489791724198201, 0.8782135372171774], [0.7625677165444189, 0.41849047768423075], [0.36433825964992683, 0.8672576325552626], [0.35648702495794804, 0.8729170010366314], [0.7783498333146059, 0.3941715369791251], [0.6946003292592087, 0.5175303825929989], [0.4293918503719846, 0.8156226388341232], [0.9501237350804412, 0.09726488803679156], [0.9371367720281674, 0.12177467051262669], [0.6791585891112236, 0.5387436108364521], [0.4216314318600798, 0.8222269356676188], [0.9437251278003733, 0.10938288315816902], [0.9751656384678025, 0.049051977551683223], [0.8172471899649831, 0.33210703049433876], [0.576105608067272, 0.6681023283534389], [0.6106743997511253, 0.6270767774886028], [0.9689828046264978, 0.06107232433816645], [0.9938071992731672, 0.012347250672823384], [0.9876018850411457, 0.02464251666317574], [0.3196029750764259, 0.8978539383222975], [0.8908329631529561, 0.20641663176012393], [0.3119209353704091, 0.9027053300776491], [1.0, 0.0]]",0.062080,70.49
ZDT6,MGPSO,18,100,0.003377,1.179398,8.199859,0.162109,1.274243,100.0000,100.0000,"[[1.0, 0.0], [0.6111978036667887, 0.6264372447928936], [0.2807753188185119, 6.380973058395549], [0.4272191495587291, 0.8174837982503163], [0.34757929524121567, 0.8791886335196198], [0.7306798557884124, 0.46610694834502475], [0.35834971158491336, 0.8715854842070094], [0.3996425629003989, 0.8402858219184007], [0.3681355769368079, 0.8644761969934036], [0.38083271680211817, 0.8549664418131177], [0.28077545906386236, 4.167289575586218], [0.526609284267419, 0.7226826617233566], [0.7573508703148781, 0.4264196592332966], [0.32375844866502324, 0.8951804669180176], [0.7644356671549253, 0.41563811078140434], [0.7095153496891611, 0.4965879685554675], [0.2807753950297468, 4.9364347354691045], [0.8781266115760427, 0.22889365404197792], [0.6445610528013538, 0.5845410492116104], [0.6504710354626464, 0.5768874320241526], [0.409120282864734, 0.8326205941486801], [0.39120808952268826, 0.8469562306920083], [0.5866191418909446, 0.6558779823671319], [0.8222516160588138, 0.32390227988866904], [0.5490393864970365, 0.6985557520749577], [0.41915497754398023, 0.8243091048001054], [0.3362223989539649, 0.8869544984416409], [0.49437334023860846, 0.7555950004613211], [0.7502119358633185, 0.4371820512882121], [0.2808334584740816, 0.9211325686014863], [0.8913973318179376, 0.20541079682786167], [0.803001792127335, 0.35518812184028825], [0.5406124207214247, 0.7077382105617214], [0.4658115198144378, 0.7830196280081636], [0.3100756919260278, 0.9038530652765951], [0.7025808908032434, 0.5063800918781209], [0.80945920093204, 0.3447758020264632], [0.8359795382058879, 0.30113821170107047], [0.7769736712361706, 0.39631191420578715], [0.28077532210764145, 5.782763769315738], [0.9491276753958979, 0.09915665579757904], [0.9551555934641784, 0.08767779227409311], [0.770454649897988, 0.40639963245056876], [0.5743820273869142, 0.6700852866148981], [0.784289970242695, 0.38488924257671264], [0.2807753216921346, 6.372478709377029], [0.6858550292862773, 0.5296028788027197], [0.48292933389137116, 0.7667792584672366], [0.47006958025000367, 0.7790345897235853], [0.5943582971581252, 0.6467382145992938], [0.43368664573631255, 0.8119158933099861], [0.6209852512176733, 0.614377317770123], [0.7169444602452854, 0.48599064092359645], [0.5339611187175493, 0.7148855236979033], [0.8158871622763102, 0.3343281384327099], [0.6583477926168908, 0.5665781839564674], [0.31674769076734444, 0.8996709003935548], [0.7370613403785131, 0.4567405805194297], [0.857052398611071, 0.2654611860350099], [0.7947407251669711, 0.3683871797610768], [0.5148186334831273, 0.7349617746185655], [0.6762961787805761, 0.5426234785667909], [0.849628234979464, 0.27813186232568066], [0.8428362517454812, 0.2896270527436279], [0.8291914873351163, 0.3124414773309777], [0.563424060014832, 0.6825533285964029], [0.5585722194550291, 0.6879970756530829], [0.6671486253830483, 0.5549127116495091], [0.8641574200931587, 0.25323195329793613], [0.280794269704147, 2.4061171841282385], [0.3004716753114629, 0.9097167723355228], [0.9097394402274827, 0.17237415089458652], [0.4539539704943871, 0.7939257926723811], [0.6300273186011494, 0.6030655778162459], [0.60375074768214, 0.635485034673257], [0.2902888309875058, 0.9157323946039073], [0.4449388607949837, 0.8020294101544622], [0.5024473613369431, 0.7475466490855434], [0.6952118358784635, 0.5166805032544963], [0.9933845083250045, 0.01318721861988914], [0.884662678605382, 0.2173719450827507], [0.9737001382464818, 0.051908040778782194], [0.9673725312519814, 0.06419038577913427], [0.7235292880265232, 0.4765053693678325], [0.2807776380926368, 3.9219880362604957], [0.9802278113343639, 0.03915343788664272], [0.9301359353808724, 0.1348471417131496], [0.8979477514911499, 0.19368983559198805], [0.9232746716279112, 0.14756388073037274], [0.7436668391339474, 0.4469596323725237], [0.28077533639097874, 5.170979012078999], [0.943202785698889, 0.11036850504985563], [0.9039311456700942, 0.18290848388755088], [0.8709888711344078, 0.24137838636000997], [0.9867801772228658, 0.026264881840009524], [0.6370337418418731, 0.5941880117549417], [0.9611768488065159, 0.07613906531837611], [0.9372498060635629, 0.12156280103381378], [0.9163909625157054, 0.16022760381953904], [1.0, 0.0]]",0.156394,67.78
ZDT6,MGPSO,19,100,0.003695,1.466867,7.839845,0.110150,1.329437,100.0000,100.0000,"[[1.0, 0.0], [0.4638266169153018, 0.7848648694409058], [0.5354890610999448, 0.7132514654422997], [0.5611473768459723, 0.6851136214588844], [0.28077550088535763, 0.9211651181025765], [0.34786565664642455, 0.8789894849259519], [0.5193250984586211, 0.7303014421109435], [0.5109023102056987, 0.7389788294264801], [0.47133661894724066, 0.7778417916393836], [0.41779715565118203, 0.8254455367297819], [0.4563229117762191, 0.791769400188073], [0.7163128995925707, 0.48689582987728375], [0.5852179646336059, 0.6575199338700997], [0.7315599422703121, 0.46482005086545763], [0.6938181838802104, 0.5186163277171665], [0.7394280888605999, 0.4532461014039608], [0.2807753188177978, 7.9534038973961225], [0.4408677773183708, 0.8056356029223595], [0.33175818878784125, 0.889936504172211], [0.35569416128185705, 0.8734816636299962], [0.5025923108584487, 0.7474009690659644], [0.298306479487335, 0.9110132442958722], [0.5523669085977567, 0.6948907982861574], [0.611140099393888, 0.6265077789128286], [0.7548906155348467, 0.4301401585774203], [0.7087130330944311, 0.4977258367220918], [0.6204692435702166, 0.6150179177834032], [0.7238752632660523, 0.4760046032315034], [0.5439071176324035, 0.7041650473888108], [0.401441960787677, 0.8388443521189451], [0.48658340583441073, 0.7632365891665851], [0.6707464029071118, 0.5500992629871704], [0.4944403537982529, 0.7555287365358585], [0.4330747390093186, 0.8124462704320106], [0.6469986692936828, 0.5813927219322037], [0.2807753833442823, 6.068892770810028], [0.280775318816183, 8.24918130408093], [0.9354494707254908, 0.12493428771939918], [0.7471435769543234, 0.44177647541589893], [0.6553997697500882, 0.5704511418115314], [0.4789857122637884, 0.7705726874471513], [0.42521941769447313, 0.8191884468155732], [0.3154403020447204, 0.9004974158459356], [0.6784890595372102, 0.5396525960883121], [0.569520507268434, 0.6756463918007056], [0.5936035098803158, 0.6476348730577698], [0.9051409117227674, 0.18071992992567731], [0.6861089541269334, 0.5292545030668456], [0.602053790367344, 0.6375312335043142], [0.9278811182517923, 0.13903663039180336], [0.7012481557277992, 0.5082510240883603], [0.7887425000669833, 0.3778852685880848], [0.30678570698258856, 0.9058825299911933], [0.9577238307542747, 0.08276506400535744], [0.8130649233972016, 0.3389254303411027], [0.37321280803612944, 0.8607121999177871], [0.9202431702558588, 0.15315250759744647], [0.5776340780338344, 0.6663388718940022], [0.392258923947828, 0.8461329365832921], [0.8204190282854041, 0.32691261802723326], [0.638282270065336, 0.5925957437202415], [0.28077531920337206, 7.1869126593081605], [0.40957636580635703, 0.8322472005728572], [0.6630341806740602, 0.5603856752578777], [0.9428778063361897, 0.11098144231865481], [0.8052468714237543, 0.35157747606225576], [0.32342950103307533, 0.8953933578614959], [0.9502780333131426, 0.09697165940250574], [0.5274387199837596, 0.7218083966618933], [0.4486479843041864, 0.7987149861797905], [0.8538884832787812, 0.27087445812386257], [0.9792994039049577, 0.04097267751139444], [0.3639265993003985, 0.8675574303216472], [0.9127733520587977, 0.16684480777134614], [0.7801275031252536, 0.3914010788675575], [0.8477816199853825, 0.2812663248149605], [0.8413320139919536, 0.29216044223224324], [0.7713527659513159, 0.40501491045925453], [0.2807754487235574, 5.327233940774692], [0.8342790135547062, 0.30397852754218624], [0.9649375312073728, 0.06889556086742044], [0.8604607866683498, 0.2596072346060846], [0.9721629657426837, 0.05489916803838968], [0.629215499046339, 0.6040878557598666], [0.993123658043566, 0.013705399834166299], [0.2894765462342549, 0.9162033291802872], [0.7968611688368303, 0.36501227760000055], [0.827237210359753, 0.3156785977962139], [0.7633919306260228, 0.4172327602550735], [0.9862125458620536, 0.02738481438428675], [0.8674626670922724, 0.2475085212011614], [0.38291635944176106, 0.853375061671868], [0.28077532158292284, 6.101813730672344], [0.8877092808073553, 0.21197223276848798], [0.3398068790964117, 0.8845312849187567], [0.8990470365942685, 0.19171442599106392], [0.8749071776055344, 0.23453743057431797], [0.8821188749916252, 0.22186629038350947], [0.8934488207030122, 0.20174920478439673], [1.0, 0.0]]",0.081306,68.45
ZDT6,MGPSO,20,100,0.003697,1.385086,8.165049,0.086864,1.315358,100.0000,100.0000,"[[1.0, 0.0], [0.36872441502219866, 0.8640423057665374], [0.5113802921846466, 0.7384901967651454], [0.35267198967157865, 0.87562246770109], [0.8695350400102904, 0.24390881419430277], [0.49519097118106525, 0.7547859020607535], [0.7090349634624451, 0.4972694205878091], [0.7553613270605538, 0.4294292655813191], [0.6025315047090172, 0.6369557858330877], [0.36075740570215165, 0.8698540942310532], [0.5276489026629533, 0.7215866355185813], [0.28077532152084494, 5.796821356232179], [0.7702633408767711, 0.4066943857013552], [0.2807753885193731, 0.9211651812017951], [0.5610720254214715, 0.6851981822894476], [0.44552040759661693, 0.8015115664149444], [0.4872147276893196, 0.7626218091226221], [0.5939410457207533, 0.647234034208138], [0.39909903458632945, 0.8407199605922598], [0.32818957388282066, 0.8922916035946126], [0.6186344533942446, 0.6172914130736042], [0.6940396408731109, 0.5183089768967233], [0.7169495152364405, 0.485983392602233], [0.931008893855501, 0.13322243956195645], [0.7406198683582846, 0.4514822105929571], [0.41431590619432035, 0.8283423298743792], [0.2807753189972889, 6.571086910688507], [0.3917712445782402, 0.8465152919216167], [0.8969230957211896, 0.1955289603619178], [0.37655465535495014, 0.8582065915305147], [0.38399517880446, 0.8525477026549309], [0.4533647298348221, 0.7944604217417988], [0.5777893276748749, 0.6661594928250161], [0.34472200943072484, 0.8811667362140433], [0.280775319642138, 6.517915608558414], [0.5696874239475885, 0.6754562389959605], [0.6364901553493203, 0.594880282143398], [0.5195555766229092, 0.7300620028000364], [0.8008039221956419, 0.35871307819607634], [0.5357355717911937, 0.7129873971175628], [0.5858750294665177, 0.656750449847607], [0.6868558511303076, 0.5282290397680608], [0.9175569616334963, 0.15808922215790655], [0.6108752488416227, 0.6268314303526856], [0.8830983011429371, 0.22013739051845838], [0.4379919996291465, 0.8081630082608617], [0.7014631147313555, 0.5079494986713853], [0.9647557693345714, 0.06924630553565925], [0.9243698582376363, 0.1455403651817322], [0.9107545453120829, 0.17052615819338113], [0.6445526402902326, 0.5845518938948899], [0.8253453912702223, 0.31880498510900357], [0.8900139494564232, 0.20787516977297937], [0.4620200077569635, 0.7865375124322553], [0.7931372287044176, 0.37093333644307636], [0.28077536614936327, 5.169873119626669], [0.3362054664873845, 0.8869658843040003], [0.725127699992393, 0.4741898187037421], [0.8173469911531764, 0.33194389605284935], [0.40641892157031323, 0.8348236601896236], [0.28077531884182005, 7.446517879013771], [0.8408057210211971, 0.2930457394980248], [0.5526100620668508, 0.6946221193024713], [0.3193657849289645, 0.8980054954167064], [0.9510484107678905, 0.09550692037586983], [0.4302069471977207, 0.8149219825828176], [0.47898720414759055, 0.7705712582628744], [0.785302260604615, 0.3833003594892813], [0.8625533028511666, 0.2560017997405437], [0.6626657528364125, 0.5608741000177506], [0.9443141240671642, 0.10827083508726443], [0.6275312727563376, 0.606204501712811], [0.9858109005534385, 0.028176868350018647], [0.2807753188248938, 7.568810251745594], [0.8763199425183087, 0.23206335834470815], [0.9787566502731266, 0.04203541954612844], [0.8331645050423269, 0.30583690753757453], [0.9928944889275478, 0.014160533857303537], [0.7628922361823949, 0.417995435972625], [0.7480173729129648, 0.44047000982038664], [0.31096472062497293, 0.9033009425266325], [0.8091549400918547, 0.34526828292494693], [0.671343476648881, 0.5492979363609933], [0.9578013889675455, 0.08261649929184056], [0.9717403916682893, 0.05572061120035976], [0.9038546014553399, 0.1830468594280087], [0.855356117887499, 0.26836591159242695], [0.8479455432149015, 0.28098835574198566], [0.29233729999255176, 0.9145389030330648], [0.733101015910202, 0.46256290047142967], [0.5034394024115514, 0.7465487680995], [0.6793953325221501, 0.538421982147117], [0.5439814965387122, 0.7040841314235031], [0.9376101694049958, 0.12088717022833517], [0.653865511209975, 0.5724598932501179], [0.3024199920240429, 0.9085421484241778], [0.7776182927299751, 0.3953097908117188], [0.42224936860473994, 0.8217054707128985], [0.4707599408670756, 0.7783850780748275], [1.0, 0.0]]",0.079791,67.72
ZDT6,MGPSO,21,100,0.003589,0.813714,5.120779,0.049004,1.277860,100.0000,100.0000,"[[1.0, 0.0], [0.4147709632676625, 0.8279650480300154], [0.5860095426104039, 0.6565928159695451], [0.42386003897334046, 0.8203426673615183], [0.3879944003636242, 0.8494603452864717], [0.48913153150956123, 0.7607503448831111], [0.9059636818669343, 0.1792298071381082], [0.6011031467556742, 0.6386750069604263], [0.5301758174930793, 0.7189136025455451], [0.2807753188846468, 4.890867885070152], [0.4417714134900049, 0.8048380182230431], [0.28077532293280694, 0.921165218031978], [0.7579689324589618, 0.42548309742702184], [0.5935756425316189, 0.6476679565931758], [0.5783682670088784, 0.6654901477171467], [0.794798524693695, 0.36829530514472586], [0.43311878932612136, 0.8124081143326749], [0.7652933306874832, 0.41432611800525854], [0.3219810141724623, 0.8963282265124727], [0.7726453347124812, 0.40301918674703785], [0.6882682431892815, 0.52628682541714], [0.46622473106289153, 0.7826345001453345], [0.31303567275496336, 0.9020086675828475], [0.8927809819452179, 0.20294211827693243], [0.816662655083302, 0.3330621077922916], [0.4740384723540686, 0.7752875267282209], [0.2807753188451396, 5.148593026064156], [0.7028141473867693, 0.5060522742330085], [0.8093211920053137, 0.3449992081710981], [0.608803936754625, 0.6293577665920707], [0.3797506640620997, 0.8557894331443943], [0.743467884591122, 0.4472555045816021], [0.8662238350599543, 0.24965626757402515], [0.6166209181695401, 0.6197786432757533], [0.5055519230586818, 0.7444172530916686], [0.9519745535770415, 0.09374444934179249], [0.8859987302547223, 0.21500624998701978], [0.280775322743706, 4.525296275599594], [0.5139821808143765, 0.7358223178052976], [0.6955326300892839, 0.5162343604810833], [0.3720123570328534, 0.8616068062148607], [0.45817495661911534, 0.7900757091270718], [0.40567100811021306, 0.8354310331788435], [0.8020522226236813, 0.35671223218441284], [0.2967831655099793, 0.9119197526698762], [0.5222336339649352, 0.7272720315557781], [0.6241198131251888, 0.6104744588645794], [0.3647134545024865, 0.8669840961048627], [0.8727496799422607, 0.23830799616068143], [0.9586292874269008, 0.08102988928739241], [0.4498994163959462, 0.797590515126587], [0.5709104508400652, 0.6740612571215935], [0.8240446335932259, 0.32095044184620614], [0.5551427029759, 0.6918165793326116], [0.7506013732295352, 0.43659757850593595], [0.6631303103605792, 0.5602581914810818], [0.3966754814052659, 0.8426485624519006], [0.33982710700485397, 0.8845175373447115], [0.9256642082256161, 0.14314577361004321], [0.9930120788247089, 0.013927011308230153], [0.49743182430077915, 0.7525615801727987], [0.9387852816718915, 0.11868219491622745], [0.9322077544462262, 0.13098870255032447], [0.6801302604329247, 0.5374228288434421], [0.6551192626871962, 0.5708187516561845], [0.34827221093757676, 0.8787064670886521], [0.8314570251973739, 0.3086792152499336], [0.8793213539480981, 0.22679395649088363], [0.3563067426931965, 0.8730455051113643], [0.481499814453499, 0.7681579286812461], [0.7799877320894579, 0.39161913778994395], [0.5629043624131018, 0.6831386787762993], [0.5465610060329888, 0.7012710666842071], [0.9124897279544636, 0.16736249637758904], [0.28077531883312123, 5.347176957676336], [0.9860073628385648, 0.02778948042813878], [0.8528432873665197, 0.27265832719386784], [0.6396178324308723, 0.5908890284364325], [0.7105933713051822, 0.4950570606571355], [0.8459487705339421, 0.28437067763211177], [0.8594233339436038, 0.2613915330732608], [0.9191687169476789, 0.15512886978475782], [0.8387319520762522, 0.2965287125663594], [0.7271952106913298, 0.47118712554759257], [0.2887621903850961, 0.9166163974040015], [0.736087774292193, 0.45817478853756555], [0.5383461381631094, 0.7101834355248664], [0.9454016950046567, 0.10621563508232212], [0.6320418893015787, 0.6005230501680909], [0.7874018134619731, 0.3799983841567961], [0.6716998444640827, 0.548819318946927], [0.9791227281375613, 0.0413186832444592], [0.9654774270765331, 0.06785333780567782], [0.647465714971095, 0.5807881479369688], [0.30485686716114613, 0.9070622905446913], [0.7191766116952594, 0.48278500119052614], [0.3309663325434311, 0.8904612867227509], [0.972299868898253, 0.0546329649404399], [1.0, 0.0], [0.8993675086787939, 0.19113808433289958]]",0.083696,67.40
ZDT6,MGPSO,22,100,0.003474,1.207567,7.511871,0.102057,1.259954,100.0000,100.0000,"[[1.0, 0.0], [0.6360930871869879, 0.595385584432927], [0.7491186053314578, 0.43882131514625156], [0.6661201574418301, 0.5562839358496715], [0.28077535419956456, 4.009019238421232], [0.6065308016346365, 0.6321203866684453], [0.2807753203196698, 5.24482084657541], [0.39225771688215194, 0.8461338835464015], [0.2969720417828493, 0.9118076063993256], [0.4766348307956225, 0.7728192380724282], [0.2807753217163672, 5.131401541030356], [0.3660624169332284, 0.8659983069090033], [0.4105901946114149, 0.8314156920889605], [0.30530139817294166, 0.906791056273647], [0.2807755539535539, 0.921165088302075], [0.2889539712578355, 0.916505602494326], [0.6506295622877019, 0.5766811726773136], [0.32145477717970694, 0.8966668262283449], [0.43954783843047884, 0.8067976977310937], [0.8099073131303992, 0.3440501441378975], [0.3832583124182912, 0.8531130659622834], [0.5495164759796092, 0.6980316426269516], [0.7118780758463272, 0.4932296051293308], [0.3436198047279102, 0.8819254297987529], [0.5588027820065895, 0.6877394508216961], [0.8819959788398897, 0.22208309331026488], [0.43025704199416104, 0.8148788778144347], [0.44865730648726376, 0.7987066213355934], [0.673695225473179, 0.5461347431746426], [0.280775318853524, 6.109892048687472], [0.37429624951296936, 0.8599023176005249], [0.7044614128860616, 0.5037341177545739], [0.4672837886650939, 0.7816458608507959], [0.31348182711432704, 0.9017291440690631], [0.9742395094770468, 0.05085737817392311], [0.6222208717516539, 0.6128411867566119], [0.5394898402684642, 0.7089507122471069], [0.5819730114569283, 0.661307413935754], [0.9548803445940031, 0.08820352750803795], [0.7937966318308018, 0.3698869072940745], [0.49381676505491146, 0.7561450025507024], [0.5985829765887462, 0.6416984201381566], [0.6812654205588851, 0.5358774267507255], [0.7269796087209077, 0.47150064850399587], [0.8540513002495983, 0.27059637654197044], [0.7562266432924325, 0.4281212639746601], [0.8017801180451979, 0.3571486423074285], [0.28077544420975287, 3.3243016624097637], [0.8177115578116062, 0.33134780822131615], [0.6584019283536333, 0.566506900740217], [0.8890409842783652, 0.20960612827335556], [0.696800281110202, 0.5144693682447434], [0.42042113623794286, 0.823246068204397], [0.5026519967823957, 0.7473409701306705], [0.8680853427422718, 0.2464278377160325], [0.5670526420589126, 0.6784513011340068], [0.8611208796726901, 0.25847083059173237], [0.9935740265612366, 0.012810653742891032], [0.4014400654605941, 0.8388458738429939], [0.8470487351797575, 0.282508440230373], [0.8750040340412368, 0.23436794041156206], [0.7706933635131981, 0.40603173943671356], [0.5743540637304649, 0.6701174094763009], [0.7343615211251764, 0.4607131562907171], [0.9483458065140576, 0.10064023126720156], [0.7192542397366865, 0.4826733386208012], [0.9677771916714676, 0.06340730728048749], [0.6144101568722672, 0.622500159132196], [0.9806821198687667, 0.03826257976970182], [0.28077531881687035, 6.206371067872291], [0.45814786743850355, 0.7901005315615514], [0.8325810907809861, 0.30680872727394337], [0.4849232510957845, 0.7648494405466948], [0.28077532857534004, 4.905223129939338], [0.9613457175346429, 0.07581441137780254], [0.3573345354052112, 0.8723120298067418], [0.688933397646625, 0.5253707736070773], [0.28077531912085385, 5.754040433328953], [0.32953064269783405, 0.8914095555231525], [0.9039154142720296, 0.18293692384142513], [0.7859593479768001, 0.3822679033278832], [0.9113977736113087, 0.16935409825634973], [0.987143322945921, 0.02554805996328513], [0.6427341035797106, 0.5868928720955858], [0.8398910049392713, 0.29458309982210096], [0.7781281893446341, 0.3945165209472412], [0.9180309153608697, 0.15721923844168373], [0.6292175646024483, 0.6040852563957638], [0.5302859327603908, 0.7187968295164422], [0.7414737646115476, 0.4502166563927793], [0.5902376741552571, 0.6516194880077926], [0.8965850670193083, 0.19613521759798247], [0.5210914186263514, 0.7284637334339765], [0.9417558397338933, 0.1130959383271094], [0.9258370038660174, 0.14282584227239603], [0.5126623993957544, 0.737177264245788], [0.8252183950555301, 0.31901460046197505], [0.9340878083593436, 0.12747996627443825], [0.7634449931536902, 0.4171517424285619], [1.0, 0.0]]",0.080175,68.98
ZDT6,MGPSO,23,100,0.003551,0.610848,2.833752,0.096507,1.308302,100.0000,100.0000,"[[1.0, 0.0], [0.5109884150956675, 0.7388908396380178], [0.5185174608315424, 0.7311396428128099], [0.4164057709527391, 0.826606233917255], [0.8247615654216307, 0.31976836020326116], [0.36353988470614773, 0.8678387522278408], [0.6089398538620827, 0.6291922543784254], [0.45184555806385707, 0.7958355916579616], [0.6168609676059613, 0.6194825466442371], [0.6481119657876739, 0.579950879802837], [0.3898899999552532, 0.8479857879348927], [0.8318133304024355, 0.30808658336480854], [0.6246078895737356, 0.6098649842822441], [0.8533940122134465, 0.27171865991823596], [0.5633362919909877, 0.6826522221258446], [0.28077531905062225, 4.875024766347501], [0.6706290936546314, 0.5502566187439676], [0.28077531881812345, 5.5770790848388065], [0.5554779665586391, 0.6914442286678795], [0.407525168364515, 0.8339232371494737], [0.5779240611243806, 0.6660037795735032], [0.3987284704593609, 0.8410156068451385], [0.6323249483108659, 0.6001651597436607], [0.8462403414883388, 0.28387728443769966], [0.4426146072314089, 0.8040923094653857], [0.3151784891519922, 0.9006625199758675], [0.8390144420858644, 0.2960547659713457], [0.42543522257749156, 0.8190048713904402], [0.5707610088047085, 0.6742318708282315], [0.8739329529151778, 0.23624119380895758], [0.7619925857431, 0.41936729927254435], [0.4949419028463856, 0.755032512806799], [0.34721294904156685, 0.8794431680178583], [0.6400142427085875, 0.5903817691301532], [0.5334577813158576, 0.7154227955535626], [0.6782518083689447, 0.5399744844442562], [0.525916302355518, 0.7234120429166994], [0.7965074776135588, 0.36557583810568617], [0.6996324476822968, 0.5105144381500781], [0.9067519946476053, 0.17780082020258925], [0.7059725311268488, 0.5016027852943505], [0.48707866521897936, 0.7627543738884974], [0.5479766838757774, 0.6997215539285064], [0.35536829723363683, 0.8737133733212655], [0.5853474614815171, 0.6573683493371438], [0.5406301799963533, 0.7077190084771106], [0.8177008361590472, 0.331365342544795], [0.592753890665109, 0.648642825101376], [0.8807274432538738, 0.22431917069949459], [0.38095486697916225, 0.8548733893248888], [0.8106409243494653, 0.3428612917698445], [0.7189797809635807, 0.48306807456556144], [0.88744260899234, 0.21244561574486887], [0.9326675343676235, 0.13013127033661787], [0.6008620600730897, 0.6389647847647226], [0.803591899100788, 0.35424005969958894], [0.755122152233469, 0.4297905352062936], [0.7892866191710229, 0.37702663279757664], [0.993042928380351, 0.013865742393777025], [0.7409251002331682, 0.4510299958444697], [0.9585302602184734, 0.0812197402455056], [0.28967391386190244, 0.9160890236279271], [0.9520426716709511, 0.09361475131763752], [0.6858125420793447, 0.529661157126667], [0.9131744402462105, 0.16611244168102013], [0.4340869098203506, 0.8115685547226188], [0.6926685108446123, 0.5202103340843072], [0.28077531994724103, 0.9211652197085244], [0.662998971374084, 0.5604323639569064], [0.9390546524490244, 0.118176359713842], [0.9455402457201382, 0.10595364372350069], [0.9004216349812555, 0.18924087925768274], [0.7259865306219291, 0.47294355735553484], [0.712463625726548, 0.4923955820165814], [0.29836729464810685, 0.9109769574843698], [0.3311399004714177, 0.8903463663157796], [0.37205960254739723, 0.8615716521522728], [0.7480492283282901, 0.4404223519974496], [0.9196072498279599, 0.1543225060638561], [0.33922406141024564, 0.8849270361603379], [0.4786725771698629, 0.7708725638655617], [0.4698145657070163, 0.7792742738495276], [0.5030799228775122, 0.7469105911975563], [0.7755379176489458, 0.39854093828873705], [0.3066462033959174, 0.9059681059428697], [0.9654355371674045, 0.06793422357428514], [0.3233088744504953, 0.8954713717015539], [0.8602988857534353, 0.25988582717139774], [0.9791752404387222, 0.041215848511770625], [0.7686542550082632, 0.4091706362576918], [0.9723312232324318, 0.054571992327322794], [0.8671282790918711, 0.2480885475991702], [0.7823542113981969, 0.38792188790750537], [0.733446228052838, 0.4620566305550644], [0.8939054832176325, 0.20093298707345086], [0.4608506835943098, 0.7876166474306574], [0.9860865082938012, 0.027633398160939127], [0.9261865868193117, 0.14217840639599366], [0.6556144007999618, 0.570169757463707], [1.0, 0.0]]",0.064521,66.13
ZDT6,MGPSO,24,100,0.003139,0.303646,7.631977,0.302043,1.243484,100.0000,100.0000,"[[1.0, 0.0], [0.7061511692177208, 0.5013505262124458], [0.415886031575597, 0.8270388087403016], [0.574071818676358, 0.6704415470016187], [0.5489740866769939, 0.6986274521571605], [0.3871081788823505, 0.8501472578423901], [0.628319752677032, 0.6052142883958733], [0.7584026529943615, 0.4248254159311141], [0.44744477290103424, 0.7997931752035419], [0.43789769733008743, 0.8082456066730072], [0.49667779619078456, 0.7533111667710655], [0.7264566894229869, 0.4722606783925939], [0.8481082236455333, 0.28071244098481807], [0.4029900352830573, 0.8375990314625602], [0.3030879562441282, 0.9081376907797574], [0.4879346775410941, 0.7619197504528685], [0.7909127888703381, 0.374456960401344], [0.5829619225669062, 0.6601553968370966], [0.6002952562433882, 0.6396456053316849], [0.377431688102857, 0.8575453208158277], [0.8606812561072928, 0.2592277753855726], [0.7505948902284229, 0.43660731076298187], [0.7748008078777653, 0.3996837081119623], [0.45824943362896653, 0.7900074565787314], [0.6778003925903624, 0.5405866278043506], [0.28077531888029494, 3.9572304003964383], [0.4107273284926004, 0.8313030616293315], [0.6922136350316999, 0.5208402834762007], [0.3608724696076667, 0.8697710606792637], [0.78340749481299, 0.3862726970708351], [0.5164601750947974, 0.7332688875410512], [0.28077533016919576, 0.9211652139683791], [0.4791186717853898, 0.7704452983466039], [0.35137746162198713, 0.876533879464089], [0.8803540126810487, 0.2249768123563759], [0.536448229633207, 0.7122232969233979], [0.7130453783067516, 0.4915662884753814], [0.4241578617947688, 0.8200901082776898], [0.7419721626695369, 0.4494773098234902], [0.9430776858350868, 0.11060447847993737], [0.5588582088674207, 0.6876775023814985], [0.46577030348186144, 0.7830580243944147], [0.9255175866962831, 0.14341719671588804], [0.8419297468221754, 0.29115430141594767], [0.8870616272397291, 0.21312166947880384], [0.648960007071132, 0.5788509092222363], [0.8236561138901723, 0.3215906060513395], [0.698932993790807, 0.5114926701906197], [0.614362415168825, 0.6225588228279284], [0.5918205676077719, 0.6497484157564146], [0.8737244884933768, 0.23660551820698705], [0.931416217748499, 0.1324638293150806], [0.5272197971770496, 0.7220392854645907], [0.7330849170496876, 0.46258650439425264], [0.960075518867579, 0.07825499807114888], [0.9195160868048867, 0.15449016610702804], [0.2920956239076383, 0.9146801464940075], [0.6215313920426067, 0.6136987287055795], [0.6421649869716032, 0.5876241295077607], [0.47249779923480273, 0.7767458297182681], [0.8940499297474446, 0.20067472311858947], [0.8671342006127821, 0.24807827812763128], [0.5057099518139898, 0.7442574446362922], [0.9372206842032155, 0.12161738910165665], [0.343339539839414, 0.8821179603828595], [0.32405416577464896, 0.8949888976440963], [0.6558007736101077, 0.5699253453323843], [0.36968246725105536, 0.8633348734071724], [0.8545009773486139, 0.2698280797102637], [0.6703395758532218, 0.5506448530449227], [0.43129375183846286, 0.8139856996251025], [0.6063305432555749, 0.6323632723153993], [0.9544523177113339, 0.08902077321546298], [0.7977266564767257, 0.36363218154646404], [0.7196900668489186, 0.4820462076789991], [0.3339717173352651, 0.8884628920201338], [0.6848727230641063, 0.530949353202756], [0.8358498694406714, 0.30135499575601254], [0.8299306775313143, 0.3112150704924136], [0.31170213028758453, 0.9028417819741816], [0.8173290855205301, 0.3319731659621741], [0.8109433486659676, 0.3423708852544268], [0.6630432739513497, 0.5603736168678755], [0.5659977220918788, 0.6796465785868043], [0.907240806976825, 0.1769141181560394], [0.39544611319835377, 0.8436223715563148], [0.9770172396198911, 0.045437313485528374], [0.8046926090742347, 0.352469804901301], [0.9713212602233877, 0.0565350094380499], [0.9487610656698642, 0.09985244026898366], [0.9134016623947524, 0.16569740313450276], [0.766601395717666, 0.4123223000837265], [0.6353340194006459, 0.5963506837922197], [0.9005052614011289, 0.18909027418888458], [0.5414331861609869, 0.706850104923562], [0.965727434874826, 0.0673705215300886], [0.9827576761338438, 0.034187350000006944], [0.9885184746464213, 0.02283122528271253], [0.9942806481826449, 0.011405992649499375], [1.0, 0.0]]",0.167520,69.13
ZDT6,MGPSO,25,100,0.003426,0.530699,8.268674,0.144429,1.269419,100.0000,100.0000,"[[1.0, 0.0], [0.6138953511015578, 0.6231324978958951], [0.5407863240971089, 0.7075501516695366], [0.4212869051624999, 0.8225173435386028], [0.48105023047238693, 0.7685906757624634], [0.4296468634160596, 0.8154035727567418], [0.3757468184093776, 0.8588143284552302], [0.8329029568048465, 0.306272664545744], [0.43827996423787285, 0.8079106729476488], [0.6782863925509142, 0.5399275696802672], [0.39021366406097524, 0.8477332963801083], [0.8783909011338521, 0.2284294248052593], [0.280775318818822, 3.7781389040377436], [0.2983160099499361, 0.9110075582075496], [0.5747833831391881, 0.6696240624670693], [0.6635104375357312, 0.5597538992811425], [0.5242189779331434, 0.7251944631747305], [0.7657213837866464, 0.4136707624118633], [0.9421180651288364, 0.11241355135789743], [0.30700289048927865, 0.905749225231228], [0.39791102464605677, 0.8416668164651252], [0.7506672341775935, 0.436498703532162], [0.7430163164004708, 0.4479267535626754], [0.7070675302690583, 0.5000555076392144], [0.6563429762118012, 0.569213897577435], [0.9280989604230279, 0.13863231966169498], [0.3828695811200994, 0.8534108838529196], [0.6710367673358362, 0.549709656883471], [0.7140380465155205, 0.4901496681282994], [0.28960770784529555, 0.916127375556594], [0.4468761757177212, 0.8003016835759044], [0.8922088512931106, 0.20396336567422813], [0.35442102561048605, 0.8743857366052112], [0.9351175873890547, 0.12555509775567364], [0.8166591682727115, 0.33306780287612314], [0.40582675331121765, 0.8353046462968761], [0.6855864822276949, 0.5299711753866545], [0.7210880635548429, 0.48003200459872686], [0.464172195983112, 0.7845441724762154], [0.7801944832814763, 0.3912965682571501], [0.472604325401507, 0.7766451516117865], [0.7356572824787355, 0.4588083627360019], [0.2807753330399838, 3.0521965173902315], [0.7282850004333774, 0.46960095814375546], [0.5493663179270807, 0.6981966487272417], [0.6423228193383503, 0.587421395757233], [0.2807753720900168, 0.9211651904277126], [0.28077531881648354, 4.8527530243136], [0.4555906408462427, 0.7924371679733099], [0.5989707403854012, 0.6412340521621642], [0.8020242043662765, 0.35675717561064113], [0.8409285078376183, 0.29283924470599676], [0.4979147694731971, 0.752080882340453], [0.7872113750825276, 0.38029825094067604], [0.3317611551184234, 0.8899345359544895], [0.9138147929357883, 0.1649425242117224], [0.5160597499554314, 0.7336823344759377], [0.48936868173485204, 0.7605182933370931], [0.6493665992106256, 0.5783230198296267], [0.33943616809762, 0.8847830877872043], [0.5662630167208138, 0.6793461958942433], [0.41360161297894504, 0.8289337057412149], [0.3153873750551308, 0.9005308036558343], [0.8993730039880571, 0.19112819969749828], [0.346955106517453, 0.8796221540614628], [0.6929868889833579, 0.5197691716971672], [0.5577862581227759, 0.688874490249392], [0.871065817706407, 0.2412443412234685], [0.863606622447668, 0.25418360166453113], [0.3686953754729154, 0.864063720104886], [0.8487148798060402, 0.27968305279581873], [0.8853297356277899, 0.21619125921322757], [0.9489145877092551, 0.09956110523257444], [0.7731414012189946, 0.40225237372112965], [0.6281781527954777, 0.6053922083504615], [0.5826743774128109, 0.6604905699065932], [0.5325436278096486, 0.7163972844793385], [0.9209327494930477, 0.15188287091117547], [0.36155271527080335, 0.8692796340803094], [0.9557101322718262, 0.08661814307296845], [0.7580342785352894, 0.4253840325654833], [0.9622303706897124, 0.07411271372233863], [0.32365472896157366, 0.8952476164208103], [0.5907470054850272, 0.6510179755104732], [0.9688349596199821, 0.0613588210181476], [0.987755959744859, 0.024338163988512518], [0.8248278067411239, 0.3196590892266272], [0.606634127085841, 0.6319950358547998], [0.9939064652780545, 0.01214993827848343], [0.8562666233641681, 0.2668074697125258], [0.9065716353906044, 0.17812786990520513], [0.6352469491136945, 0.5964613136417432], [0.5068731339142348, 0.7430796261159622], [0.6211933418026379, 0.6141188321000711], [0.9752460169162386, 0.04889520648901169], [0.9815903170520671, 0.03648044946962237], [0.7947241328196426, 0.36841355271406706], [0.8092397509465155, 0.34513102548802166], [0.6999226219631736, 0.5101083232641964], [1.0, 0.0]]",0.066294,68.86
ZDT6,MGPSO,26,100,0.003584,1.496422,8.138780,0.244039,1.326049,100.0000,100.0000,"[[1.0, 0.0], [0.4637689690624336, 0.7849183433347675], [0.5824377409657153, 0.6607662778987543], [0.5597028228555575, 0.6867327500875204], [0.7337549951041964, 0.46160360715964077], [0.4337313795636324, 0.8118770903818282], [0.4563509651807056, 0.7917437965786385], [0.28077531963101654, 6.973512659926127], [0.33232022543843276, 0.8895632677645492], [0.6059647806113453, 0.6328066846586442], [0.47145946753460755, 0.7777259704719843], [0.5084364332988516, 0.7414923932943425], [0.5903111462760355, 0.651532750582273], [0.8236280081738806, 0.3216369041515261], [0.28077613758820275, 0.9211647605610507], [0.5013264017534953, 0.748671838904893], [0.7257007885091018, 0.47335836555726785], [0.39735969329566834, 0.8421052741439724], [0.53833379534008, 0.7101967247947449], [0.7179310309735734, 0.484575034765222], [0.7991497599871551, 0.3613596611124724], [0.6311256525826353, 0.6016804106521427], [0.5232382235577515, 0.7262217614081284], [0.567066117948833, 0.6784360178744402], [0.49408700797425964, 0.7558780285510439], [0.5524212014131826, 0.6948308162292158], [0.2807753191164657, 7.951219331450426], [0.7909131254580736, 0.3744564279781416], [0.44134198850304585, 0.8052172491841774], [0.8805697991757532, 0.22459682877957377], [0.4787669753510473, 0.7707821833132097], [0.6957985741715704, 0.5158643441808096], [0.5310386114760847, 0.717997993121552], [0.7105971013912595, 0.49505175949434], [0.8723972755398322, 0.23892299363067815], [0.9804649514501484, 0.0386884789778581], [0.41791924026120997, 0.8253435086194931], [0.5454164782827142, 0.7025208652176815], [0.6566057282662081, 0.5688689176080024], [0.37209346577084934, 0.8615464527306378], [0.3888329679215822, 0.8488089230572938], [0.3098719134496032, 0.9039793972550816], [0.7826446792004673, 0.38746730611919755], [0.2807753285292327, 3.793336438815997], [0.7417010729384272, 0.4498795184019858], [0.831784465849376, 0.30813460237166823], [0.9739388661957232, 0.051443084913389114], [0.8886466989213724, 0.2103070444961478], [0.6651255331172004, 0.55760802519556], [0.7662798908446775, 0.41281512888706906], [0.3024289257297973, 0.9085367448819207], [0.622337661532107, 0.6126958350387486], [0.7743788197847834, 0.4003374434687259], [0.3477433251524643, 0.8790745798119075], [0.5748188151294591, 0.6695833297731647], [0.9934935876028324, 0.012970491392053307], [0.6811500485807804, 0.5360346113184005], [0.3557686939097525, 0.8734286364337488], [0.5981081184046917, 0.6422666786983993], [0.8478135776122303, 0.2812121376163508], [0.7579257034774212, 0.4255486280082562], [0.7032625968161035, 0.5054217199194706], [0.31711221118568567, 0.8994398455169251], [0.8642494590536598, 0.2530728725254564], [0.6887858918397263, 0.5255739952025529], [0.44879074592544266, 0.7985868663716847], [0.8154047991698203, 0.33511501349082495], [0.339528418948993, 0.8847204527259971], [0.8073779780406862, 0.34814080057493324], [0.2807753226078652, 5.561539217647579], [0.9040365937881282, 0.18271783709195888], [0.6479886119386865, 0.5801107587977743], [0.2807753188566061, 8.058569649983312], [0.7497805042258501, 0.43782919548283006], [0.673293653920348, 0.5466756555905866], [0.9869805609674216, 0.0258693722724338], [0.42558452772699973, 0.8188778097593866], [0.8398967985220439, 0.29457336783242116], [0.9109314925193541, 0.17020381593646183], [0.9398743970238577, 0.11663611781903993], [0.5159028899827844, 0.733844208107411], [0.9254178299565915, 0.14360183999843312], [0.8560438740485408, 0.26718888570396604], [0.953855103242651, 0.09016044201795159], [0.946893555624997, 0.10339259431585068], [0.32476280257501244, 0.8945291220636234], [0.614089300099673, 0.6228943315030937], [0.9673989396783684, 0.06413929150916853], [0.48624350123932647, 0.7635672575025211], [0.9180902272851009, 0.1571103345635917], [0.8962048023803391, 0.1968169521904174], [0.28077531883157925, 8.480531843516898], [0.9326686420445375, 0.1301292041467984], [0.3639013500956192, 0.8675758073985855], [0.3803404108497753, 0.8553411718746241], [0.40777593044186133, 0.8337187905522743], [0.6395525041162127, 0.5909725944786818], [0.29199560020568116, 0.914738569460524], [0.9605524829520348, 0.07733892749468096], [1.0, 0.0]]",0.090826,67.97
ZDT6,MGPSO,27,100,0.003620,1.017755,8.014046,0.106549,1.322501,100.0000,100.0000,"[[1.0, 0.0], [0.6222846548509948, 0.6127618083369782], [0.5929596366175669, 0.648398869342363], [0.41992046705764585, 0.8236668013460886], [0.7305302357390469, 0.4663255746710526], [0.6008871143968167, 0.6389346757518668], [0.34813213199895887, 0.8788040186698595], [0.3264005146363139, 0.8934627040451494], [0.7236042423776254, 0.4763969004131027], [0.48202589732579193, 0.7676510343072651], [0.6381261049061921, 0.5927950742372514], [0.6452722749989983, 0.5836236911176171], [0.5637118629323821, 0.6822289355893033], [0.7095133633233242, 0.49659078726562467], [0.28078575199974365, 0.9211593614739384], [0.7927862531467904, 0.3714899568214731], [0.5291921081750228, 0.7199557126452749], [0.28077532570520014, 7.557269130610772], [0.8346077036007145, 0.3034299810903419], [0.49094153992478395, 0.7589764043762818], [0.7635806790272852, 0.41694454661623004], [0.4627876760564277, 0.785827566890291], [0.799235750578444, 0.36122221499731133], [0.8705428595891527, 0.24215512961834085], [0.4095457810859484, 0.8322722531947004], [0.5556657786031844, 0.6912355424893168], [0.785550065708204, 0.38291109426583647], [0.3845306454666, 0.85213618269704], [0.3678349068876744, 0.864697481274936], [0.6136814356130167, 0.6233950955839469], [0.5119108595828497, 0.737947271841148], [0.7781769072976544, 0.3944407009486578], [0.9189604935661803, 0.15551161126460233], [0.9057039825424593, 0.17970029600672854], [0.8273723974564606, 0.3154549159271486], [0.3998286083382536, 0.8401370839542954], [0.2884850689022379, 0.916776365020471], [0.28077533085956163, 6.979565032419456], [0.448417148329293, 0.7989220610842248], [0.43960004331889746, 0.8067518019140235], [0.9457793260604995, 0.10550146639654734], [0.37699864761745483, 0.8578720196946101], [0.45573876739443553, 0.7923021758938006], [0.43026283152349165, 0.8148738958093874], [0.9257252725754674, 0.14303271971507647], [0.892027659373189, 0.20428665491318998], [0.6070342200319755, 0.6315094557101711], [0.5823570406788362, 0.6608602771717883], [0.8773085397955244, 0.23032972600184487], [0.393527073773671, 0.8451364422071317], [0.8201176358167167, 0.3274070634223992], [0.547765144031795, 0.6999533469838268], [0.8635880793993245, 0.254215629119386], [0.5383246707897731, 0.7102065488190824], [0.7564935950065098, 0.42771744071412676], [0.6936603663767045, 0.5188352961181362], [0.505195115530159, 0.7447778952444694], [0.31637292635835146, 0.8999081714674532], [0.5207185470163862, 0.7288521947931437], [0.5732971731928941, 0.6713303512090367], [0.49860900633563177, 0.7513890588009939], [0.8059103239185902, 0.3505085498014331], [0.932458187989911, 0.1305217276505718], [0.8130764253085123, 0.3389067266075312], [0.8989547724448274, 0.1918803170986687], [0.3069159672220175, 0.9058025890641734], [0.8494439214921135, 0.2784450242401002], [0.9123532772589267, 0.16761149747489612], [0.8565410034457874, 0.2663375094160836], [0.28077534871889354, 4.005374219849077], [0.6868598546980866, 0.5282235400041233], [0.7164554432295608, 0.48669159786673355], [0.8845925260613431, 0.2174960628364121], [0.7711727784287621, 0.40529254581046337], [0.6603969152159761, 0.5638759143732228], [0.34025499530436487, 0.8842265381704266], [0.4706821226896085, 0.7784583393804043], [0.2807777084563282, 3.118686624472813], [0.6678763312673206, 0.5539412061329043], [0.6807851779873164, 0.5365315414327779], [0.9587982082133764, 0.08070599592681904], [0.7469508109625764, 0.4420644860023494], [0.6304358061029356, 0.6025506943833419], [0.9716450269044599, 0.055905941691831496], [0.7398156298876388, 0.4526728337739562], [0.28077553602747474, 3.8357048085027294], [0.842009998213636, 0.2910191629082728], [0.33456520214365437, 0.8880661255145756], [0.9653233481336467, 0.0681508335480463], [0.9391741773186335, 0.117951864657868], [0.9785864220077318, 0.0423686146621054], [0.3576246014098041, 0.8721046444664787], [0.6530853376106416, 0.5734795417979943], [0.7011759094208316, 0.5083523440478697], [0.29700125139359546, 0.9117902566706383], [0.9522967987900177, 0.09313080701428456], [0.6751247988859238, 0.5442065059292409], [0.9856308792724676, 0.028531769824582387], [0.9928759375579245, 0.014197372618472426], [1.0, 0.0]]",0.111988,68.83
ZDT6,MGPSO,28,100,0.003547,1.129452,6.731888,0.067981,1.316170,100.0000,100.0000,"[[1.0, 0.0], [0.6369725877034373, 0.5942659225143868], [0.6132293202214844, 0.6239498008206962], [0.48811985272949066, 0.7617390093713403], [0.9735785068941971, 0.05214489091366581], [0.7628649231326652, 0.4180371090537929], [0.7697727919186288, 0.40744984882179947], [0.6052427166926172, 0.6336812538905403], [0.2807754949490888, 0.9211651214360942], [0.8034823062827012, 0.35441618349063153], [0.7268950878204621, 0.4716235313024827], [0.4553999162268756, 0.7926109163005547], [0.9119310011687359, 0.16838184910738696], [0.3779017151330947, 0.8571902936994653], [0.3865401494559536, 0.850586712858569], [0.43023815410307686, 0.8148951307539771], [0.9258789466030561, 0.14274817623721514], [0.28077531888697294, 6.876508684235001], [0.7489548937110286, 0.43906656718630177], [0.9669496005255982, 0.06500847004338606], [0.2807753189026321, 6.849407517962665], [0.7415925335556872, 0.4500405141744569], [0.5133055537409894, 0.7365174084986562], [0.40423278518661376, 0.836595855380273], [0.2972865601700079, 0.9116207011422843], [0.4473022805171031, 0.7999206698441989], [0.9602440872690128, 0.07793129286490053], [0.521351228249005, 0.7281928968032538], [0.7194187182049292, 0.4824367078963767], [0.6290094677908802, 0.6043470894294336], [0.8758574468943776, 0.2328737327196625], [0.3953889148367492, 0.8436676060242179], [0.4212897818130017, 0.8225149197399534], [0.4133908186866848, 0.8291080310255525], [0.7970191542177809, 0.3647604678099732], [0.7036426820101399, 0.5048869760535771], [0.5045904164726823, 0.7453885116039249], [0.4388418626155345, 0.8074178196161284], [0.557196194700475, 0.6895324006113104], [0.8100604488568836, 0.34380206919778433], [0.9189004392868528, 0.15562198267842886], [0.9328714537589731, 0.12975085076162018], [0.8618231101237535, 0.2572609268566207], [0.2807753191047906, 4.830862410670813], [0.8688893668578354, 0.24503126816138998], [0.9467470335978361, 0.1036700543736978], [0.665410243532266, 0.5572292078023304], [0.817832081886359, 0.3311506858374237], [0.48017010293964324, 0.7694366722429324], [0.8831565440971721, 0.22003451861833967], [0.6719968074698939, 0.5484202907502704], [0.7766517706774052, 0.39681202710365115], [0.28077543248422077, 4.647581040637538], [0.8904031284746315, 0.20718226880258883], [0.6876294238372223, 0.5271657754732897], [0.7342497825793091, 0.46087725678223734], [0.9398428486136025, 0.11669541990986909], [0.5477239528586688, 0.6999984714648748], [0.28877055579916144, 0.9166115661034434], [0.9801982434390567, 0.03921140355898778], [0.5816649369292888, 0.6616659011470465], [0.7559359200528583, 0.4285608847738387], [0.36153443251955397, 0.869292854102764], [0.986807907458198, 0.026210153777972534], [0.4722449337273493, 0.7769847225688514], [0.3700632737066456, 0.8630531734535203], [0.5972501758935509, 0.6432922273951225], [0.993406762938947, 0.013143003347162674], [0.8477749319090268, 0.28127766482664507], [0.8331580762947634, 0.30584761990480924], [0.6211826138987115, 0.6141321601899643], [0.8408716661025806, 0.2929348411458702], [0.5384687706241243, 0.7100513830625441], [0.33987485906515535, 0.8844850801754408], [0.9535158655181137, 0.09080749420524248], [0.5299424095625471, 0.7191610425470416], [0.8547785981271245, 0.26935354818382773], [0.7835204530840798, 0.3860956995989183], [0.35436399929978435, 0.8744261560002624], [0.8976319975645815, 0.1942567969482193], [0.3474202423169722, 0.8792991752284163], [0.5894451552158857, 0.6525544089925204], [0.8254082099537463, 0.31870128694095223], [0.49633785096193295, 0.7536487377024901], [0.6796637123828855, 0.5380572380699143], [0.6956407834760858, 0.5160839003647775], [0.5739365673794958, 0.6705968166246414], [0.9048077817862518, 0.18132287801904257], [0.3220940105287059, 0.8962554483815339], [0.46378608664404253, 0.7849024658354047], [0.7902433859699483, 0.37551539093075137], [0.313399279611975, 0.9017808915386951], [0.5650362008782995, 0.6807340916970179], [0.6449816350383926, 0.5839986904632017], [0.30505686749369365, 0.906940307594935], [0.33100699760293184, 0.8904343675378927], [0.28077531906245146, 6.191742964963586], [0.6572684315732409, 0.5679982088572519], [0.711326873910117, 0.4940140784532606], [1.0, 0.0]]",0.073767,66.97
ZDT6,MGPSO,29,100,0.003230,0.591841,8.693581,0.590191,1.352573,100.0000,100.0000,"[[0.3053494787309088, 0.9067616958387623], [1.0, 0.0], [0.5798968700602127, 0.6637196200943687], [0.8228302584060955, 0.32295036585135817], [0.6492909374651379, 0.5784212785256424], [0.44657731202759177, 0.800568704382211], [0.28896332969158434, 0.9165001940935528], [0.4223785394140135, 0.8215963694424846], [0.43044678791921476, 0.8147155627700305], [0.7036621854941228, 0.5048595287056347], [0.31345356351601583, 0.901746863519111], [0.7113198138875932, 0.49402412237091975], [0.2971893217945425, 0.9116785070112998], [0.8297156364243059, 0.311571962673009], [0.6805908555786033, 0.5367960873027847], [0.7493209862727672, 0.43851805953120737], [0.6419395373428999, 0.5879136303959837], [0.7187237944231253, 0.4834361073300252], [0.3893258565805281, 0.8484253773978381], [0.8573896657739857, 0.26488296102397313], [0.9266783194653966, 0.14126729223278844], [0.5559583243462028, 0.6909103415901623], [0.5641049177853457, 0.6817856417303885], [0.3979549905559773, 0.841631825491592], [0.7728588722003082, 0.4026891636612676], [0.539115092799729, 0.7093549167155395], [0.3635296159003525, 0.8678462183633422], [0.8914070191488401, 0.20539352621217932], [0.6041343342692223, 0.6350217061570836], [0.4065787833116846, 0.8346936929607902], [0.438458748286486, 0.8077539260510479], [0.6569474753407105, 0.5684200146434666], [0.9054330447389151, 0.18019100149481782], [0.8090524387864748, 0.3454341512936574], [0.5720320834972639, 0.6727792954497793], [0.5878096566648028, 0.6544798075316067], [0.38085595511761294, 0.8549487414514508], [0.6346405500602843, 0.5972313722191798], [0.7875528649762875, 0.37976048486764147], [0.8713092140992797, 0.24082025342569546], [0.4147666426711495, 0.827968632127303], [0.8159529813574798, 0.3342207322138402], [0.509421574142808, 0.7404896597978636], [0.8643751696541573, 0.25285556608534676], [0.9124986834133165, 0.16734615276896392], [0.8019137680957072, 0.35693430853854424], [0.3215206356627336, 0.8966244808430317], [0.6884053529512169, 0.5260980700281106], [0.46234472220476, 0.7862373578494033], [0.8434036114284753, 0.2886703482294054], [0.3548821316288775, 0.874058672650544], [0.696022797722715, 0.5155522650502445], [0.8504038211041041, 0.276813341051539], [0.9405682037405778, 0.1153314541122229], [0.8364394845303174, 0.300368988718657], [0.898372098550679, 0.19292757254564907], [0.7801750778532353, 0.39132684789669836], [0.5242469598633896, 0.7251651250739934], [0.2807753188773391, 6.839327285381796], [0.5022080422043347, 0.7477870823452892], [0.7415748360274017, 0.45006676257093226], [0.28077535221866956, 0.9211652015864821], [0.6121072997384949, 0.6253246536068484], [0.7947536004738639, 0.36836671453382996], [0.8779681886501836, 0.22917185971831566], [0.32960863132086693, 0.8913581501587848], [0.919605227231922, 0.15432622604772517], [0.5169414959245864, 0.7327714897912508], [0.8846965027721935, 0.21731209798265028], [0.34626037610320526, 0.8801037519408669], [0.4950889536614337, 0.7548869279624267], [0.3723201334336538, 0.8613777182399462], [0.4880788440105701, 0.7617790420293056], [0.7650177164192768, 0.41474789356463493], [0.6646552616331807, 0.5582333831833282], [0.4817331378612941, 0.7679331838863114], [0.5315996967443315, 0.7174017624213348], [0.5959726504424718, 0.6448165999245753], [0.7339284492244569, 0.46134903141898387], [0.9539069957788889, 0.09006144340409472], [0.9336651101844348, 0.12826946202428724], [0.54753176933489, 0.7002089615690048], [0.33795420735728865, 0.8857869537295068], [0.45469000419981564, 0.7932570000807716], [0.6273300318896011, 0.606457031089392], [0.4761138745475326, 0.7733155784633363], [0.9665100587843132, 0.06585830626874345], [0.7571066033370292, 0.4267895911834664], [0.7261974116373704, 0.4726373193311836], [0.9473097882702067, 0.10260416504745606], [0.9725963322506935, 0.05405637449249856], [0.9603662849436093, 0.07769659874361023], [0.4690087467987294, 0.7800307954262853], [0.6197656782848975, 0.615890504020061], [0.9892362370364826, 0.021411667333900097], [0.9946859000352929, 0.010599960270979314], [0.6726714758156626, 0.5475130856239785], [0.9837521293991911, 0.03223174790255712], [0.9780321700052449, 0.04345307443483171], [1.0, 0.0]]",0.065265,70.35
ZDT6,MGPSO,30,100,0.003433,1.107954,8.103400,0.106321,1.282532,100.0000,100.0000,"[[1.0, 0.0], [0.5172907268949201, 0.7324103038685252], [0.2807753190361565, 5.726455302684984], [0.7470547897993339, 0.44190914103787304], [0.610321654036514, 0.6275074786141337], [0.6026286224019877, 0.6368387434618825], [0.34281456086238926, 0.8824781768607273], [0.7264932585467896, 0.47220754528606756], [0.361684385753423, 0.8691844051021691], [0.6794280579989719, 0.5383775140037457], [0.7768382231848171, 0.3965223749990563], [0.673525107029108, 0.5463639302014287], [0.5686549108378798, 0.6766315923799631], [0.369045333694891, 0.8638055416780266], [0.7127556627377898, 0.491979365235214], [0.7399046288443156, 0.45254114021475556], [0.5093586177150655, 0.7405537985593977], [0.33572971330523715, 0.8872855596039833], [0.7195271045612046, 0.4822807458017693], [0.304415608944133, 0.9073311370311727], [0.5298250327198677, 0.7192854347033911], [0.3166586220784874, 0.8997273170633537], [0.5937219643038185, 0.6474942291032153], [0.45626017255512263, 0.7918266549399697], [0.7627138733527288, 0.4182675473952776], [0.44674638194276495, 0.8004176702210491], [0.4185780107195901, 0.8247924489420307], [0.2807753189686185, 6.664998955101114], [0.3272505034570581, 0.892907107987102], [0.8676173189314216, 0.24724018789025193], [0.7000334300739935, 0.5099531967788392], [0.3844092164237407, 0.8522295543284857], [0.28077538084096987, 5.082048016293626], [0.28077537411795717, 5.3897988431857815], [0.5042850674982033, 0.7456965706983325], [0.280776327468066, 4.8350607612320955], [0.5768161413044661, 0.6672831391306262], [0.29665177002278065, 0.9119977273423513], [0.8892250959341306, 0.20927872876093623], [0.40381658316097335, 0.8369321671641967], [0.6263132094201573, 0.6077317637058222], [0.7547833624867035, 0.4303020757132655], [0.790653697019016, 0.374866731390162], [0.4649634010418229, 0.783809035691621], [0.843843775243638, 0.28792768298256466], [0.666598848146835, 0.5556459756493128], [0.8288441398723562, 0.31301739179925414], [0.49479295672304857, 0.7551799299772634], [0.4724451916579335, 0.7767955408792985], [0.8515273453366127, 0.27490118014398124], [0.3528249410614831, 0.8755145609649609], [0.7980094982399183, 0.3631808407188738], [0.7699726134514687, 0.40714217453471513], [0.4094589005290482, 0.832343408777543], [0.3770956130086047, 0.8577988986496646], [0.9158348916667963, 0.16124645120566738], [0.4288824981105537, 0.8160598028144509], [0.5237195293783916, 0.725717854547676], [0.7064324438073413, 0.5009532023363876], [0.8364276174179676, 0.3003888408205021], [0.936127927349969, 0.12366450363545123], [0.44047216533710143, 0.8059842715632451], [0.6404168446728936, 0.5898662650592148], [0.633114870974518, 0.5991655601509194], [0.28078055721833384, 3.514599829562301], [0.8596927864866944, 0.26092831286274276], [0.9497223112454806, 0.09802753152254251], [0.6861201354373999, 0.529239159747364], [0.8961727503048732, 0.19687440161099934], [0.4834094575472482, 0.7663152963538753], [0.90937447472058, 0.17303806472666927], [0.7846561837442662, 0.3843146733118844], [0.9226786262546433, 0.14866415265284438], [0.693167043499116, 0.5195194498066946], [0.3105440705392243, 0.9035623802529293], [0.2892734900214433, 0.9163208479708139], [0.9938987550969328, 0.012165264616767146], [0.6501359006715876, 0.5773233106579436], [0.9027846975641197, 0.18497978984406094], [0.9428897892426156, 0.11095884534201594], [0.9294237402027999, 0.1361715111474382], [0.2808136933063461, 0.9211436696516494], [0.9627914935438986, 0.07303253995950909], [0.8056717062155762, 0.3508931018036824], [0.6586096421755538, 0.5662333392333889], [0.874273373355545, 0.23564606864151583], [0.5573860959604413, 0.6893207400299777], [0.9877929162299295, 0.024265154645971565], [0.6170695427501656, 0.6192251794101016], [0.9690808726066945, 0.06088226234784755], [0.8128071663918146, 0.339344510262109], [0.8818907838902867, 0.2222686452893755], [0.975376659311877, 0.04864037246960262], [0.9563870643640491, 0.08532378311711619], [0.9815992691199159, 0.03646287486324695], [0.8200110027950415, 0.3275819552950705], [0.7330464481107274, 0.4626429049122467], [0.5854279938928837, 0.6572740639665537], [0.28077637062371874, 3.6308372173481294], [1.0, 0.0]]",0.124962,67.74
